qseqid	sseqid	pident	length	mismatch	gapopen	qstart	qend	sstart	send	evalue	bitscore
001bdfba7da69f15678b990c86c6f61e	NR_137408.1	99.504	403	2	0	1	403	307	709	0	734
004579a6a49a18005f5f34f28a698b5a	NR_159118.1	98.821	424	5	0	1	424	327	750	0	756
00d3b7254acaf7d9fd3caf440ff2e2b0	NR_178280.1	99.752	404	1	0	1	404	348	751	0	741
00dbfc72dddaf12b12f628619ea7ade9	NR_173659.1	88.056	427	45	6	1	424	351	774	1.6099999999999995e-141	501
00f9c282e8d6799a64003cc4d23d3a6d	NR_037115.2	99.758	413	1	0	1	413	345	757	0	758
00ffa432ea3445f71c4923b4cd5d954d	NR_114789.1	95.05	404	20	0	1	404	364	767	0	636
0109851da503c8ff6adf4b18b3965b87	NR_181277.1	95.283	424	20	0	1	424	326	749	0	673
0115d3e313fa9f2bd28c26b9572549e1	NR_112935.1	100	424	0	0	1	424	355	778	0	784
0123f1aeb06888dc354614756268c0cf	NR_041343.1	96.462	424	15	0	1	424	357	780	0	701
0151a2367908c9ae105a03982c552738	NR_113411.1	98.585	424	6	0	1	424	358	781	0	750
0181d78369ab5965137bb5a665213b7f	NR_189244.1	95.813	406	17	0	1	406	380	785	0	656
01b180acb593f73fbfdb975888ee125c	NR_179135.1	99.753	405	1	0	1	405	347	751	0	743
01dcab8f49edeb24c78454b80aeb6002	NR_200000.1	98.02	404	8	0	1	404	318	721	0	702
01e70c75e70bec04d75b30eb41bde4ba	NR_118554.1	94.595	407	22	0	1	407	346	752	1.8799999999999993e-180	630
01f896796fa4d6c00fe77dd9d4be483c	NR_169358.1	99.291	423	3	0	1	423	352	774	0	765
021e76d0756722079d7e1308913b1f9b	NR_074535.1	99.291	423	3	0	1	423	351	773	0	765
0228359998ad970a6301704d9f614860	NR_113901.1	99.534	429	2	0	1	429	349	777	0	782
02543512bd7fb7d334515272bf995522	NR_180148.1	88.725	408	44	2	1	407	366	772	1.9899999999999993e-140	497
0263c1dc766f163160e4dd2d047ab8d9	NR_114168.1	99.767	429	1	0	1	429	351	779	0	787
027dcfdb5d69f514cce9b58f328ee270	NR_176506.1	97.897	428	9	0	1	428	332	759	0	741
02adf6fab88633d523e2cc240f21391c	NR_113151.1	99.764	424	1	0	1	424	355	778	0	778
02d983bc534c022f13fa0adfef7732cc	NR_173688.1	88.998	409	38	7	1	407	338	741	5.549999999999998e-141	499
02e0e7cf8aa8041880c82e640ed3c14e	NR_074535.1	100	423	0	0	1	423	351	773	0	782
02f6877bbca22a4ebf86106a387c333a	NR_179559.1	100	405	0	0	1	405	350	754	0	749
0360a498b5585f9028fa802e6b4f7bf5	NR_113355.1	100	429	0	0	1	429	373	801	0	793
036ca3fa03f8d93a402ced6240a337fe	NR_179531.1	94.853	408	17	4	1	406	364	769	0	634
0382b166215f220168799cf0fc935388	NR_074613.1	99.505	404	2	0	1	404	367	770	0	736
043761376a7b4bbf5ed08e472972dd4f	NR_125571.1	100	404	0	0	1	404	332	735	0	747
045cc4608cd3bd0f4f4563d624cbd7bc	NR_159118.1	99.764	424	1	0	1	424	327	750	0	778
04b8458f4bfd4c1c9749a946c7f148ce	NR_179329.1	99.261	406	3	0	1	406	344	749	0	734
04c43ea18290add83ab4cc98afcaafb1	NR_116212.1	100	429	0	0	1	429	260	688	0	793
04c532c72c2c62b39cd42f194b4b4cfa	NR_199417.1	96.049	405	14	2	1	404	359	762	0	658
04d69ed92ad05ceebf776bebcf0eb6f8	NR_044490.1	97.052	407	11	1	1	406	366	772	0	684
0502bdd2da5b672e618cb455903f5cd8	NR_113271.1	96.698	424	14	0	1	424	356	779	0	706
05073e247f22ba778523c1de9e3185c4	NR_117778.1	100	429	0	0	1	429	310	738	0	793
05159ecef60dee0c9275914d41c8fd53	NR_113229.1	99.017	407	4	0	1	407	346	752	0	730
051879b12abb5ef66dcf61c6905f414c	NR_171444.1	97.512	402	10	0	3	404	320	721	0	688
052411c15a522470172ed188dfbc42f3	NR_151982.1	99.754	407	1	0	1	407	265	671	0	747
0540669742e3f136aaffe7f14f43eda9	NR_118512.1	99.506	405	2	0	1	405	328	732	0	737
0546ce7ec5318fa3e638e4a3f9bf3bc0	NR_144736.1	97.277	404	11	0	1	404	377	780	0	686
054c8c3a96b8680d504410f37de9ff73	NR_125628.1	99.766	428	1	0	1	428	353	780	0	785
054cdf3f9e980ce162b6c1cb211c2365	NR_113073.1	100	424	0	0	1	424	346	769	0	784
058f6d08751b179a45da199b9491538b	NR_176530.1	96.324	408	11	4	1	406	375	780	0	667
059e847d26f267fa3730d112f3014b1f	NR_044490.1	97.052	407	12	0	1	407	366	772	0	686
05afb315be392b5159608bff20703ff1	NR_144727.1	98.02	404	8	0	1	404	352	755	0	702
05bed6dd819a5bcc77605fcf7fb8273a	NR_113076.1	98.821	424	5	0	1	424	341	764	0	756
062736daa4941dd184be169b6fbd442c	NR_074376.1	99.292	424	3	0	1	424	368	791	0	767
062e0d5dd97d11cec473f83b8c390474	NR_113039.1	83.721	430	61	9	1	428	352	774	2.1899999999999996e-110	398
064698e7f450e95f28912d6deff9805e	NR_040877.1	97.877	424	9	0	1	424	358	781	0	736
06738978b318182ec5728b8040e7ab0e	NR_118730.1	98.267	404	7	0	1	404	372	775	0	719
06ad8ba89efc8fd273942f3a0411481e	NR_180451.1	99.534	429	2	0	1	429	355	783	0	782
06affd1ccde0bd8a39badb814436905f	NR_197730.1	97.03	404	12	0	1	404	329	732	0	680
06b6c643ab0a69ae353073a10db2db04	NR_114393.1	97.897	428	9	0	1	428	343	770	0	741
06ede6678b683ec8e02acb70831831c5	NR_104907.1	97.037	405	12	0	1	405	332	736	0	682
070345eb607634961e771878eeeb66da	NR_133762.1	94.554	404	22	0	1	404	318	721	8.699999999999998e-179	625
070d726240be0175f44bb39f2c548eac	NR_179531.1	94.608	408	18	4	1	406	364	769	6.759999999999997e-180	628
071b63117b162e716c48e577b58c14bc	NR_173688.1	100	404	0	0	1	404	338	741	0	747
0784072747a2183b31be2d316c03175a	NR_178871.1	89.216	408	40	4	1	407	354	758	3.309999999999999e-143	507
07841b934a00cde8a2d1c933be100187	NR_114783.2	99.534	429	2	0	1	429	365	793	0	782
07c32f3a2b682290d7cebf9c89e32be4	NR_179494.1	100	404	0	0	1	404	369	772	0	747
07cf2cd632e876ec20778d17d4041246	NR_181215.1	99.257	404	3	0	1	404	348	751	0	730
07dbff348e287cd8fa38a9366ae15cbc	NR_102884.1	95.309	405	18	1	1	405	348	751	0	641
07e0ec3db55181faaa710db07ff062d1	NR_181407.1	100	404	0	0	1	404	372	775	0	747
083b6a24f9872a6a27afe308e983fac1	NR_104695.1	100	404	0	0	1	404	348	751	0	747
085e2d69fd7d8cef5e7ebc24ec8d9f8f	NR_114453.1	99.767	430	1	0	1	430	348	777	0	789
089bef110e298194c0e2a75d0164a331	NR_180451.1	99.534	429	2	0	1	429	355	783	0	782
0929f876707c32e6ec0693ce3551b91b	NR_074515.1	99.294	425	1	2	1	424	367	790	0	767
0952f31828fc6dfc573385a49ba9dd5e	NR_176800.1	99.767	430	1	0	1	430	320	749	0	789
095543b7e7badc0745b3138ed17d8d94	NR_178978.1	99.764	424	1	0	1	424	363	786	0	778
0969104a7b3448a6e9e7a419e7a4e727	NR_180640.1	99.767	429	1	0	1	429	356	784	0	787
097bf4070adf98fa06fe9658cb789f24	NR_118670.1	97.525	404	10	0	1	404	374	777	0	699
097ef2b62e1597fd86ecb7d643923c10	NR_179512.1	99.057	424	4	0	1	424	355	778	0	763
09c4fbbc84564f8bc03fbce3fd052a7c	NR_199906.1	97.277	404	11	0	1	404	371	774	0	686
09d256659b42c941e4100a797165e42e	NR_125464.1	89.901	406	39	2	1	404	342	747	1.1699999999999996e-147	521
09d41f7669c94f40a9366704c198a83d	NR_181400.1	96.774	403	13	0	1	403	265	667	0	675
0a088091fa7dc8e6a3b88ed13b8785e7	NR_137408.1	99.256	403	3	0	1	403	307	709	0	728
0a0d21b8b666be285a648228e573eea8	NR_144738.1	100	428	0	0	1	428	343	770	0	791
0a4a4dd029ec707f328aedd7dd65164a	NR_179535.1	98.578	422	6	0	1	422	352	773	0	747
0a6bb00306f9f19b09d7787041d8a463	NR_114783.2	99.534	429	2	0	1	429	365	793	0	782
0a6f17bbbccba051facc315868a83096	NR_117717.1	99.534	429	2	0	1	429	352	780	0	782
0a9d646a84dd1d10d126614c5a681826	NR_028911.1	92.138	407	30	2	1	406	352	757	3.209999999999999e-163	573
0ae1308cf1201de65c4edfcd616e89b2	NR_114326.1	100	404	0	0	1	404	351	754	0	747
0ae95453014aa28f7fddc12e26739d6d	NR_044644.2	97.778	405	9	0	1	405	371	775	0	706
0b0585bb6e51d66d5d2984b5809810ac	NR_118128.1	95.545	404	18	0	1	404	191	594	0	647
0b311fd10d1a4071f1c20a67adaa55ac	NR_040877.1	98.113	424	8	0	1	424	358	781	0	741
0b76c0de45ebe2ad7502a0a5546699ca	NR_044049.1	99.505	404	2	0	1	404	333	736	0	736
0b906a03c24504c8118c6c792b1c7a5a	NR_181885.1	97.525	404	10	0	1	404	352	755	0	693
0bad1e130733f2dcba37f7a3830de7b6	NR_165727.1	95.355	409	17	2	1	408	375	782	0	649
0bbb660ca7322ddb187c4cabf8c8bb3c	NR_118554.1	93.12	407	28	0	1	407	346	752	1.9099999999999993e-170	597
0bc340e85555936301749dd665831c1d	NR_200000.1	98.771	407	5	0	1	407	318	724	0	725
0bda5bf9b20033f3788e84718187d01c	NR_119274.1	99.767	429	1	0	1	429	373	801	0	787
0beb2b2f7bf8d04b5625149b4bd50731	NR_179423.1	96.078	408	14	2	1	407	366	772	0	664
0c08a1eaa6412d93b20ff6d41a0375b9	NR_165727.1	94.866	409	19	2	1	408	375	782	0	638
0c273ab60bc5895127144270bd1dcba5	NR_041313.1	99.764	424	1	0	1	424	357	780	0	778
0c5540651d29cf167fc30a70864a5a5a	NR_181386.1	91.892	407	33	0	1	407	320	726	4.1699999999999987e-162	569
0c6627de89623029e4017945b74e7ab2	NR_044644.2	97.778	405	9	0	1	405	371	775	0	706
0c6ceca9f96a4f46891fb5e6f2e2d919	NR_179587.1	96.543	405	12	2	1	404	345	748	0	669
0c7d9ead0888e2ecdf5de0a87d3bebdf	NR_113065.1	100	424	0	0	1	424	355	778	0	784
0ca6a9c5b1b03d6c643666062c82b499	NR_104907.1	92.365	406	30	1	1	406	332	736	2.4799999999999992e-164	577
0cc7dcfcedc0e5a04b6856443e3b88b0	NR_181398.1	99.752	404	1	0	1	404	316	719	0	741
0ce014e42e99b700bff005beb81114a9	NR_113925.1	99.534	429	2	0	1	429	336	764	0	782
0cf1095b038ed825cc8274ce0d584f4f	NR_179603.1	94.84	407	17	3	1	407	334	736	0	632
0d0da04c733259514823def9e0ff8353	NR_158113.1	97.059	408	11	1	1	408	345	751	0	686
0d5cd0ac9069653f504c284d72fbf5c7	NR_180451.1	99.534	429	2	0	1	429	355	783	0	782
0d750113740b49a2ba4092806a056b3d	NR_146820.1	99.291	423	3	0	1	423	352	774	0	769
0dd5bc758dc1f41270ad6c8585b6c1d1	NR_200000.1	99.263	407	3	0	1	407	318	724	0	736
0e0aa738d93743cdac753a15803290b1	NR_144706.1	99.528	424	2	0	1	424	359	782	0	773
0e1d8013270f217310d5668dd56855a6	NR_042953.1	99.505	404	2	0	1	404	325	728	0	736
0e5671df3717b399d0db5163dd5a3b88	NR_137408.1	99.752	403	1	0	1	403	307	709	0	739
0e73669ec11d890aa9ec12536f73a549	NR_102493.2	98.144	431	4	4	1	429	356	784	0	749
0e99178baf7d64d3cc5b178b69941d13	NR_179587.1	97.297	407	8	1	1	407	345	748	0	688
0eac71801cf37ecfde45d69f1c1f44c4	NR_104846.1	97.772	404	9	0	1	404	305	708	0	697
0eb6af06dbfd10dc54692877cc227e35	NR_026330.1	100	406	0	0	1	406	342	747	0	750
0ec560dddb8926df6e8219674207cde2	NR_113384.1	100	407	0	0	1	407	338	744	0	752
0ee2ffce82aab07d07a308f72c084ad8	NR_180451.1	99.534	429	2	0	1	429	355	783	0	782
0ef455ad8f53c8cf6054d1315cacc3b4	NR_152060.1	99.754	407	1	0	1	407	353	759	0	749
0f026e7e471d95a95a2fce6068f0ef75	NR_179587.1	98.267	404	7	0	1	404	345	748	0	708
0f0ac6d33bcfe3869a70792a80a5eb3e	NR_040877.1	99.528	424	2	0	1	424	358	781	0	774
0f1670c0893a582f95f3b17d38e371f2	NR_181386.1	91.4	407	33	2	2	407	321	726	3.239999999999999e-158	556
0f2e81f5dad62d0919ea12f2063ee38f	NR_044490.1	98.28	407	7	0	1	407	366	772	0	713
0f32cb60574ab9135ec0d8a34f321f58	NR_180619.1	98.526	407	5	1	1	406	364	770	0	717
0f3387720769bd607f04d958aee17991	NR_102861.1	99.057	424	4	0	1	424	351	774	0	761
0f4b183b37d231eadca695f8137bcdb9	NR_118675.1	93.069	404	28	0	1	404	356	759	5.2699999999999985e-171	599
0f781ac46fdb2f186d99c6b8f9a2763e	NR_179559.1	93.35	406	25	2	1	405	350	754	5.289999999999999e-171	599
0f8e06e4cb99a1055f087829360b17ae	NR_180833.1	97.03	404	12	0	1	404	354	757	0	680
0f9295744170f03f0446812dee684099	NR_074613.1	99.505	404	2	0	1	404	367	770	0	736
0fab51ec680e6513e145824b713e8e17	NR_158111.1	95.285	403	19	0	1	403	366	768	0	640
0fdc53867e8dab4b6debd59c857df538	NR_117555.1	100	403	0	0	1	403	351	753	0	745
10136a98ef4175d49a3fe0081dd3c882	NR_179528.1	99.526	422	2	0	1	422	334	755	0	771
106e6b17a6a866f059edb6046bdfd2ed	NR_114783.2	100	429	0	0	1	429	365	793	0	793
106e7b500ae808e8f6f37f04333692db	NR_199906.1	98.267	404	7	0	1	404	371	774	0	708
10870266d619460033529767305550c1	NR_114789.1	94.321	405	21	2	1	404	364	767	4.0499999999999985e-177	619
108ec75ebd3d17a56bfabec9ab334e0e	NR_133038.1	100	404	0	0	1	404	367	770	0	747
1099bbc5a04206a9152453eea35b8c9e	NR_074902.1	99.767	429	1	0	1	429	358	786	0	787
10d07f8c1ac3ca987c212ca51396d38f	NR_118675.1	99.01	404	4	0	1	404	356	759	0	732
10e2c6425056ee25e15aa61ce1aa75b7	NR_200000.1	97.789	407	9	0	1	407	318	724	0	702
10eed5770522d9609881a9786938c7eb	NR_179331.1	100	406	0	0	1	406	346	751	0	750
11117f69239b114ddbcec74dd125a64a	NR_179329.1	98.768	406	5	0	1	406	344	749	0	723
11203ff49f8cf4d5005062063896ae23	NR_178978.1	95.519	424	19	0	1	424	363	786	0	678
112522931224766feb084e42aed77a4f	NR_199417.1	93.827	405	22	2	1	403	359	762	3.139999999999999e-173	606
1140e4711f54c844248e58bf9761db19	NR_044054.1	99.752	404	1	0	1	404	314	717	0	741
116ae6129b3506d8a07aaab015575b27	NR_144605.1	97.022	403	10	2	3	404	386	787	0	676
11b0f9f6747d275941da69d18ea04421	NR_118558.1	100	429	0	0	1	429	319	747	0	793
11ebb8fb1b62a2ce10afa7fc1350d27f	NR_028883.1	99.506	405	1	1	1	404	243	647	0	736
11f82f37a91d00b0a61dcc488bc2a64f	NR_181384.1	90.441	408	33	5	1	406	267	670	5.449999999999998e-151	532
11fb5435de9654fcd1ba0ca103e584a3	NR_180812.1	100	429	0	0	1	429	346	774	0	793
11fd4a39ef9d994dcecf70ed4ffb11b9	NR_170495.1	100	404	0	0	1	404	372	775	0	747
121b72c11e4fef515ec416687443c090	NR_121697.2	100	404	0	0	1	404	357	760	0	747
122022cdad5b766caadf1d8f96bf6372	NR_178670.1	88.837	430	46	2	1	429	312	740	2.6899999999999998e-149	527
1283d63576b75ae3110601e4a01858ac	NR_112945.1	99.528	424	2	0	1	424	344	767	0	773
1287caf94ba9d05a396d95db9d070ff1	NR_173688.1	92.611	406	27	3	1	405	338	741	1.9099999999999994e-165	580
12c00ce5f46a4c3fc10a97bbcb27807a	NR_029355.1	93.382	408	22	5	1	407	349	752	5.309999999999999e-171	599
12d40b111b625efb5969e8b1bc14d1a1	NR_179587.1	96.782	404	13	0	1	404	345	748	0	675
12dcc4f538c84fb96011fa3cea0532f0	NR_179626.1	100	403	0	0	1	403	368	770	0	745
13177281b4a5572d4a4cde1130a8fbda	NR_044490.1	99.263	407	3	0	1	407	366	772	0	736
1334ae95d76eca46a578dcaa7f7bdd2e	NR_179974.1	99.291	423	3	0	1	423	344	766	0	767
134c1378a4c31801b03ca796efe937cb	NR_181396.1	100	406	0	0	1	406	308	713	0	750
13744bc48e9dafd060fb1686e92098f8	NR_151982.1	98.034	407	6	1	1	405	265	671	0	706
138be759f552882e8f13e5ea45e9df9c	NR_156912.1	91.667	408	30	4	1	405	324	730	6.939999999999998e-160	562
138d66c8d6e309f1853d0b4acbfe3b4c	NR_181393.1	97.03	404	12	0	1	404	307	710	0	680
13b193ad1814ec758172934d057bb00d	NR_118643.1	99.752	404	1	0	1	404	271	674	0	741
13c5b14aa3797f976c254b5487aa8434	NR_117425.1	99.534	429	2	0	1	429	340	768	0	782
13e1131f11415e57b66207394272c4f7	NR_044873.1	99.268	410	3	0	1	410	341	750	0	741
13f6eecdfe805718d195b96dfb3a3e2b	NR_041691.1	100	423	0	0	1	423	352	774	0	782
14341471d5faea809b2b02def8df6381	NR_117686.1	99.767	429	1	0	1	429	346	774	0	787
145ad53e82f9cfbd088b58a6f9f3aec9	NR_113030.1	99.764	424	1	0	1	424	354	777	0	778
14b2907fcfa2a31164eafdf541113c49	NR_180451.1	98.834	429	5	0	1	429	355	783	0	765
14c8cb85db0808933eff055c3dfa58e1	NR_152059.1	95.074	406	19	1	1	405	289	694	0	638
14d30b85f6c5f64a0f07964095bc6034	NR_027573.1	100	403	0	0	1	403	320	722	0	745
1542e91c99d9766e4afa866f20f227e2	NR_037007.2	100	429	0	0	1	429	365	793	0	793
1567dbcae818cc3449bdce6f671e225d	NR_165699.1	99.057	424	4	0	1	424	353	776	0	761
1590cbad36947cbb3336355bf37b4ec4	NR_180451.1	99.534	429	2	0	1	429	355	783	0	782
15c71dc60a0b4e35fa5115904e171d76	NR_029160.1	100	404	0	0	1	404	310	713	0	747
15edb25a70ef95e8637944593352e7f3	NR_179296.1	100	424	0	0	1	424	341	764	0	784
15ef070d5440f03cbe8bde11e3b3aa78	NR_041343.1	99.764	424	1	0	1	424	357	780	0	778
15f48de78a112cc3dc6bdbdf52b24a0a	NR_118730.1	98.267	404	7	0	1	404	372	775	0	719
162fefaf71c55dcf892e5935c805cd89	NR_179587.1	98.02	404	8	0	1	404	345	748	0	702
16304af63fa2d9d65426a3d9b5167ac3	NR_116167.1	97.902	429	9	0	1	429	352	780	0	743
164039ed318e81bed8d1716161048ee2	NR_179658.1	98.02	404	8	0	1	404	370	773	0	702
1663fba28594abd9d24c978d270d42f7	NR_147401.1	99.534	429	2	0	1	429	349	777	0	784
169412bd7dc2fdd8dbd1829a218f1af8	NR_113118.1	92.254	426	29	4	1	424	345	768	1.5399999999999995e-171	601
16aabbe883060fbe8f2e1b783db61402	NR_028840.1	96.52	431	11	3	1	429	362	790	0	710
16abbdda1a2783a547c99db42061b8e4	NR_199906.1	96.04	404	16	0	1	404	371	774	0	658
16b353378e83ccd04972306173eb203b	NR_176800.1	99.07	430	4	0	1	430	320	749	0	773
16ce18a02726cb1c25307936703f645c	NR_179603.1	92.176	409	23	8	1	406	334	736	4.159999999999999e-162	569
170c4f5b5852492b8aa95e2b565d52a5	NR_044972.1	93.366	407	27	0	1	407	348	754	3.179999999999999e-173	606
170fca8fee1eea0c2365b78512477d1c	NR_197731.1	87.407	405	49	2	1	404	323	726	2.0099999999999994e-130	464
171e884eb70a3059b5b0b166e79f64a3	NR_113073.1	99.528	424	2	0	1	424	346	769	0	773
172eea8e3cbbc6b7be3a6f3160059bd6	NR_179531.1	93.35	406	27	0	1	406	364	769	1.4699999999999997e-171	601
1732c6423559c700878a86701e1713db	NR_180619.1	99.017	407	4	0	1	407	364	770	0	730
173ae448654ca5335227d3b8525c15a4	NR_041277.1	99.528	424	2	0	1	424	356	779	0	773
1760d7ce641c32eeada6f8b661c1f0da	NR_025569.1	87.209	430	53	2	1	429	331	759	1.2699999999999997e-137	488
1787d385b1ec5fa124d10b5251378775	NR_116204.1	100	429	0	0	1	429	260	688	0	793
17945b9805982ef642a391911fc4227b	NR_113270.1	100	404	0	0	1	404	365	768	0	747
179bc5e9485b412c482c0f90851bda14	NR_145535.1	99.511	409	2	0	1	409	336	744	0	745
17f792e2baec4dac3ba3dce1dd31bae9	NR_041343.1	94.824	425	20	2	1	424	357	780	0	662
1810284faa06deaa4583bfce1c246c61	NR_117387.1	99.764	424	1	0	1	424	337	760	0	778
182ec24a8e7a1de5beb69b5ae380606c	NR_147370.1	100	407	0	0	1	407	366	772	0	752
1871772af86f17e8d2f80f49154dd262	NR_179418.1	99.754	407	1	0	1	407	365	771	0	747
18a5715feac20876684e33c1a8bd8377	NR_181879.1	88.416	423	49	0	1	423	302	724	2.669999999999999e-144	510
18a9028dff6d3759193ec26771449c1c	NR_041750.1	99.767	429	1	0	1	429	341	769	0	787
18bb1c76e2a180d70f0f968573eeb7bd	NR_197730.1	96.782	404	13	0	1	404	329	732	0	675
18c04de540318b689fa42b29b90f0691	NR_179587.1	93.317	404	27	0	1	404	345	748	1.899999999999999e-170	597
18f61689b2e115a2b8e3602b8776fd10	NR_117425.1	99.301	429	3	0	1	429	340	768	0	776
19188e987666c6da27254c91aae9c33c	NR_113260.1	99.767	429	1	0	1	429	337	765	0	787
192582644c16b28a79756a5291aa9ba4	NR_181736.1	97.17	424	12	0	1	424	351	774	0	717
192bef2935cd481c2ce11838a0efb6b5	NR_074634.1	99.752	404	1	0	1	404	367	770	0	741
193955719a27fae9bcfcc02b3c5c05b8	NR_179330.1	90.663	407	37	1	1	407	344	749	3.2699999999999994e-153	540
19419e461246ee15a8c1bcf33aed9b36	NR_074634.1	99.752	404	1	0	1	404	367	770	0	741
1961d2a51913e6cf7fa68e996424d87b	NR_113030.1	99.528	424	2	0	1	424	354	777	0	773
19640a68b60bfbb4db620730004449f5	NR_074399.1	96.049	405	15	1	1	405	350	753	0	658
198b344bcc133e83561e6bed4a551178	NR_116168.1	99.534	429	2	0	1	429	352	780	0	782
19af6e18ddb9f4ad409117e4480de80b	NR_113957.1	99.301	429	3	0	1	429	338	766	0	776
19f97729303020bdcb27d4182b5df95e	NR_118554.1	93.612	407	26	0	1	407	346	752	8.829999999999997e-174	608
1a03eab87b42c9ce0c5101b738299f36	NR_043589.1	100	403	0	0	1	403	360	762	0	745
1a295a0c5ff32e881203429e3fcdbafc	NR_181755.1	100	430	0	0	1	430	371	800	0	795
1a403ee860d2a53774d5c07530c9a96f	NR_113073.1	98.349	424	7	0	1	424	346	769	0	745
1a6e484486bb8aeee8b51c607dd086a0	NR_180622.1	97.03	404	12	0	1	404	352	755	0	680
1acc5befa35af471a143d0c2bf2b874e	NR_113570.1	100	426	0	0	1	426	350	775	0	787
1acf05d01fc27d225d58f4ae1aadaab6	NR_024993.1	93.812	404	25	0	1	404	366	769	8.759999999999998e-174	608
1af89e0412a7ff7bb73ad842ace8022c	NR_179531.1	95.098	408	16	4	1	406	364	769	0	640
1affbd9e9a121bcd5ba6d1d1dd445293	NR_200000.1	100	407	0	0	1	407	318	724	0	752
1b1f1850c1613c9a2b6281ff1cf3512b	NR_112933.1	100	424	0	0	1	424	351	774	0	784
1b5b8d6ca5cb1fc75bf30c995ba4714b	NR_113067.1	99.292	424	3	0	1	424	342	765	0	767
1b9e228c67d6cb4da873dfd894c90049	NR_133025.1	100	424	0	0	1	424	292	715	0	784
1ba1e327f18b42a881ee00f6151c3aea	NR_147396.1	97.03	404	12	0	1	404	345	748	0	680
1bb3dd9fcf58b5e97c993fdea6455e29	NR_027562.1	97.778	405	7	2	1	404	335	738	0	697
1bbde85510d178f71392200a419fd80a	NR_173632.1	96.782	404	13	0	1	404	318	721	0	675
1bcc52cf02b7a5b07c218279d1ca4669	NR_074535.1	99.764	423	1	0	1	423	351	773	0	776
1bd61c9f4c3ed61f7967d403caad00c9	NR_104846.1	96.535	404	14	0	1	404	305	708	0	669
1bf15d3c338943a2bb3f1fed2abb4605	NR_189197.1	99.752	404	1	0	1	404	357	760	0	741
1c0e3048c987b219babf2544a8612655	NR_113899.1	99.767	430	1	0	1	430	347	776	0	789
1c56862a67fdf64c02534b22efea1934	NR_152059.1	100	406	0	0	1	406	289	694	0	750
1c70a75583b5b1a82b50b03197c922de	NR_144746.1	99.528	424	2	0	1	424	356	779	0	774
1caa9245bad0825a31dcce742968f275	NR_178273.1	99.505	404	2	0	1	404	328	731	0	736
1caecd4f3bb39e2b3b2b44973e0a7482	NR_044873.1	99.512	410	2	0	1	410	341	750	0	747
1ce283ec59254794bbda677ae42606e6	NR_074515.1	94.811	424	21	1	1	423	367	790	0	660
1d10e1433c9531aef1ad6166c3851255	NR_169358.1	97.872	423	9	0	1	423	352	774	0	732
1d1586bdaffba3e8dcabd76ebfcb1857	NR_165727.1	96.324	408	14	1	1	407	375	782	0	669
1d2c73917fa75e19031e4371ada743ab	NR_041277.1	100	424	0	0	1	424	356	779	0	784
1d4f5457dddfc98b4c1a95938f0ee813	NR_025651.1	99.509	407	2	0	1	407	367	773	0	741
1d76738851f34483ae79a127b679be71	NR_118554.1	93.643	409	22	4	1	407	346	752	8.829999999999997e-174	608
1d8504e24d8a724b4bc6d927ce903657	NR_181383.1	90.465	409	36	3	1	407	324	731	4.229999999999998e-152	536
1da530b2222a984e488b3f9a99fb2e70	NR_117139.2	95.802	405	15	2	1	404	363	766	0	652
1dadf8bed075bf291c4f8f5405580e0f	NR_151900.1	87.413	429	29	12	1	429	368	771	4.599999999999999e-132	470
1db331ef1773d7b27b8e386278202b7e	NR_113140.1	100	403	0	0	1	403	336	738	0	745
1dd359a604b5e45e96d7cb77af202bcd	NR_180641.1	99.534	429	2	0	1	429	333	761	0	782
1dda20f7f6eb269799a199f17a5d4d04	NR_113152.1	98.118	425	6	2	1	424	354	777	0	739
1ddd036b98f355d7f54facadaa9dff88	NR_113325.1	100	404	0	0	1	404	350	753	0	747
1df4c761c76c1c150f17f477d5312f1f	NR_028961.1	92.822	404	24	5	4	404	346	747	1.9099999999999994e-165	580
1df5350a98f5c9a1d57b17c5ab47a4d8	NR_180309.1	94.349	407	21	2	1	405	306	712	3.1399999999999993e-178	623
1e024a5879ca9b1f391eb91879321d1e	NR_147381.1	100	429	0	0	1	429	349	777	0	793
1e02b505287e7a29cdb413b15012e72e	NR_174324.1	92.822	404	29	0	1	404	363	766	4.1099999999999985e-167	586
1e071a4b82d7450b73c07e1e348a93bc	NR_199906.1	96.782	404	13	0	1	404	371	774	0	675
1e0a21dcd1aa6661df192dd8db297671	NR_028725.2	99.767	429	1	0	1	429	371	799	0	787
1e1059230efb80eb8a963e3869222e3f	NR_148624.1	100	404	0	0	1	404	272	675	0	747
1e1d5c250d57d2d3c6be0c4f4746b80d	NR_199906.1	98.267	404	7	0	1	404	371	774	0	708
1e1e840bfd57d8ae17f13c84e8b7fea3	NR_114789.1	93.086	405	26	2	1	404	364	767	8.819999999999996e-169	592
1e34eb3924a55e6fdbfd3ecaf0ec929b	NR_026413.1	92.093	430	32	2	1	429	337	765	1.2099999999999997e-172	604
1e4c8779e99972189f77d8bfaf469169	NR_199906.1	97.277	404	11	0	1	404	371	774	0	686
1e531ad323a2c6368d26f406ca262879	NR_026151.1	96.078	408	14	2	1	407	321	727	0	664
1e8e44dc519acc44a1738c33724fd187	NR_176530.1	96.552	406	14	0	1	406	375	780	0	673
1ea274c6de0bea8ad6d7e84b1c54ba97	NR_028883.1	99.506	405	1	1	1	404	243	647	0	736
1f0bae1d734af3df68db0c330a18bcda	NR_179975.1	91.509	424	33	3	1	422	356	778	1.9999999999999993e-165	580
1f1720abb615a906f17f01a2c748607d	NR_040877.1	98.349	424	7	0	1	424	358	781	0	747
1f18dbbb225e8763c64350c77cba55f1	NR_113411.1	96.934	424	13	0	1	424	358	781	0	712
1f1c67f4196bb9d46aad2e0137b675bd	NR_144706.1	99.292	424	3	0	1	424	359	782	0	767
1f20f5b9e6a8ae0e3b40b267e1d0f7d1	NR_029164.1	92.541	429	31	1	1	429	366	793	5.579999999999998e-176	616
1f2621b7ff38bc98cca99c7efd652df7	NR_044049.1	97.03	404	12	0	1	404	333	736	0	680
1f2c47b6f46eec4a5d2576df4396fa02	NR_114789.1	94.815	405	19	2	1	404	364	767	1.8699999999999993e-180	630
1f304abdf81861c3bd479ef122b7dddf	NR_197724.1	99.767	429	1	0	1	429	383	811	0	787
1f39f2733a9efe3f1b3910e9ffe771ff	NR_041342.1	99.292	424	3	0	1	424	353	776	0	767
1f638358b834a94a1265f22fd0edc06a	NR_041667.1	99.534	429	2	0	1	429	337	765	0	782
1f671c19e77059eab03e0646c269714f	NR_181843.1	100	429	0	0	1	429	365	793	0	793
1fa8b9068e446fe84a91e893f6850c52	NR_042438.1	99.767	429	1	0	1	429	378	806	0	787
1ffc5b4022c8165bc1cfa5e632f98a15	NR_181885.1	99.01	404	4	0	1	404	352	755	0	726
2008c7789194a8eaf223e25ab62166d4	NR_151894.1	97.525	404	10	0	1	404	352	755	0	691
20482fd9f3d1838fb80180c6fd70a266	NR_113229.1	100	407	0	0	1	407	346	752	0	752
20485a997f1aecd3f3c268afeef3abd2	NR_180451.1	97.436	429	11	0	1	429	355	783	0	732
2076d76d159db134f78b4ad726ed32f8	NR_200000.1	98.526	407	6	0	1	407	318	724	0	719
207f4fe3ae70684b4a87e83f2b677de2	NR_104735.1	99.505	404	2	0	1	404	353	756	0	736
20eb1894dda06072fb685af23b8f8e94	NR_180451.1	99.301	429	3	0	1	429	355	783	0	776
21452096f426658c1ad80b40b503438b	NR_041666.1	98.135	429	8	0	1	429	353	781	0	749
21b3ca8c1d9a4ea47ccdc1debd29818e	NR_152093.1	99.01	404	4	0	1	404	299	702	0	725
21daba3e85901c194e60ef35da54e622	NR_113244.1	99.752	404	1	0	1	404	348	751	0	741
220846ae2d3818fb53a848304a9324e3	NR_115269.1	86.553	409	51	4	1	407	349	755	2.0399999999999995e-125	448
224e85ff3ea61a7b0e22841938bf63c2	NR_146814.2	84.988	433	55	9	1	428	367	794	2.1599999999999995e-120	431
226aa7aa278184e221925b8d37df2930	NR_112945.1	99.764	424	1	0	1	424	344	767	0	778
22adda4ed48b889f98af67bc55badb77	NR_158111.1	96.774	403	13	0	1	403	366	768	0	673
22c3e254d7229f82439edcc61e218ae4	NR_179587.1	98.762	404	5	0	1	404	345	748	0	719
22e5da65b16dd40d0ae2d28746a55951	NR_116747.1	98.762	404	5	0	1	404	318	721	0	719
22ffcd22347a7ebc1120c05b95d9f602	NR_173688.1	92.402	408	26	3	1	407	338	741	2.4899999999999995e-164	577
2306fee7b6fc9aaaef44a4efe1b43c45	NR_043142.1	97.789	407	9	0	1	407	340	746	0	702
230fc3cf1d4d25f23bd311422e0d7866	NR_180969.1	95.755	424	14	3	1	423	346	766	0	680
232e737158792772ce5bb6bec4dfdb63	NR_179531.1	94.608	408	18	4	1	406	364	769	6.759999999999997e-180	628
235f874940a59bc3ffa299b5f45e0309	NR_126194.1	97.872	423	9	0	1	423	352	774	0	737
2360135b8007c55c841d334ba5660d25	NR_027203.1	100	406	0	0	1	406	362	767	0	750
2362641b1f4fdcf62cd4d6534dac54fc	NR_036928.1	100	404	0	0	1	404	350	753	0	747
2370e1321da5bd2101ddc92e4f42d023	NR_113957.1	99.301	429	3	0	1	429	338	766	0	776
239f61c38384f345b4f26862579454ff	NR_147381.1	95.814	430	16	2	1	429	349	777	0	693
24037a522cbb87d80e80992b35cb3a21	NR_165727.1	95.355	409	17	2	1	408	375	782	0	649
2421c854b82ff95728f4426fe0ffefbb	NR_180641.1	99.534	429	2	0	1	429	333	761	0	782
24401404860b6c897ad6121e18bed644	NR_144722.1	99.752	404	1	0	1	404	355	758	0	743
244302eb1874c008719ce609a61ba067	NR_134772.1	98.267	404	7	0	1	404	314	717	0	708
244bee25b63f157f89f1e97e608f5c47	NR_119274.1	100	429	0	0	1	429	373	801	0	793
245549808ca661fc3f32877dfb04e756	NR_112943.1	95.294	425	18	2	1	424	343	766	0	673
24b4edbb8dbe3d62f450ede9ca888b64	NR_181885.1	97.772	404	9	0	1	404	352	755	0	699
24bffc046fef14a7667884096815ed75	NR_074515.1	99.764	424	1	0	1	424	367	790	0	778
24c9fc2feda7b1a99f408699c3bfb317	NR_043142.1	99.754	407	1	0	1	407	340	746	0	747
24d0294d8e80e6af0fcd71de2f7d8da6	NR_178281.1	96.535	404	14	0	1	404	357	760	0	669
2505f62a79c1336f166c5124f4603d15	NR_114402.1	100	403	0	0	1	403	348	750	0	745
25151d97a1f8c370334e95e1d1bcb2d1	NR_041691.1	98.345	423	7	0	1	423	352	774	0	743
251d296666ae0bddd064492e944d332f	NR_117867.1	100	404	0	0	1	404	317	720	0	747
25236924816c0bfabab7a427b55ab46b	NR_179547.1	93.382	408	22	3	1	407	364	767	5.309999999999999e-171	599
252447ea92472ef42ff7cd5307f2d124	NR_179426.1	90.732	410	32	5	1	407	366	772	9.079999999999999e-154	542
254586a92f8c0854f3a56c235a200d38	NR_179581.1	99.752	403	1	0	1	403	348	750	0	739
257d77e49367334dbc7d9a1534edd846	NR_115269.1	86.341	410	50	6	1	407	349	755	9.479999999999999e-124	442
26098408b213831f7ced67987c4f23d2	NR_040867.1	99.287	421	3	0	1	421	349	769	0	761
261943cf5c7cd60956d93cfd6cb22800	NR_028915.1	94.608	408	18	4	1	406	332	737	6.759999999999997e-180	628
26207a351efe75cbfa09a30200441fb0	NR_179330.1	98.768	406	5	0	1	406	344	749	0	723
2632124b8247330f6592c0d274adcd3a	NR_180451.1	99.534	429	2	0	1	429	355	783	0	782
2639ac27c90c1ab602f38e0ad725db74	NR_144607.1	99.257	404	3	0	1	404	299	702	0	730
2674926be4a71b48907a1d4da487b619	NR_113957.1	99.767	429	1	0	1	429	338	766	0	787
269749945c522df7ccb071f311b38584	NR_178281.1	99.257	404	3	0	1	404	357	760	0	730
26c99367bab2465db99aeddfc27ca0fa	NR_044972.1	93.137	408	26	2	1	407	348	754	1.4799999999999995e-171	601
2707d70033023ce5043ec6f45facb420	NR_179638.1	99.505	404	2	0	1	404	365	768	0	736
27256b287a8e05698d76cc605d10795c	NR_113065.1	98.349	424	7	0	1	424	355	778	0	745
2737e2b0d400b0c6546cc18963876abe	NR_117139.2	99.505	404	2	0	1	404	363	766	0	736
274192e55e48fb30a14e8c2ff722563b	NR_144727.1	94.074	405	23	1	1	405	352	755	1.8899999999999993e-175	614
27460422ec4835405cfa8791ee3aae3d	NR_136466.1	100	429	0	0	1	429	351	779	0	793
2760f8d57d6c8db18c55821056248e9c	NR_180431.1	91.822	428	27	8	1	424	367	790	3.339999999999999e-168	590
27662964ebeec6884c84f215d80f7ad6	NR_180563.1	88.148	405	45	3	3	405	310	713	7.189999999999999e-135	479
27802f1ce5c7b1c5d50b87aa5c54609e	NR_074902.1	99.301	429	3	0	1	429	358	786	0	776
2783d18e28ee998d5a228d9f2ee99c6c	NR_042007.1	99.015	406	4	0	1	406	360	765	0	728
278d85130fe62dad321e6a769d1ab310	NR_036800.1	99.752	404	1	0	1	404	343	746	0	741
27cebdfb5b6a19df7d646f65e8c68bad	NR_179410.1	93.154	409	24	4	1	407	366	772	1.9099999999999993e-170	597
27e9e16748a40b07c148ab22ce7c4dc0	NR_144607.1	99.505	404	2	0	1	404	299	702	0	736
283688f952f18b141560d5ca03ac2d3a	NR_179587.1	93.317	404	27	0	1	404	345	748	1.899999999999999e-170	597
2854f4c935c9eefc7e9cf6b7dc5c238e	NR_181879.1	87.383	428	43	9	1	422	302	724	2.0899999999999995e-135	481
28b6e56b37794f22ae2b6c351010e366	NR_041342.1	98.821	424	5	0	1	424	353	776	0	756
28c992789b34eaf2993e1bad72356d90	NR_041343.1	99.528	424	2	0	1	424	357	780	0	773
28eae71e323c695f7633b39d1995be58	NR_114789.1	96.049	405	14	2	1	404	364	767	0	658
28f1f90f174b8f00b5502983f0789424	NR_044289.1	99.752	404	1	0	1	404	345	748	0	741
291b1f42e68573e8cdc2ef22bf978c78	NR_026312.1	98.02	404	8	0	1	404	344	747	0	704
293512d7cf9f0dde7304f461328444b5	NR_179418.1	88.592	412	37	8	1	407	365	771	9.279999999999998e-139	492
2940ac7c087f5c8e56946825d59ae760	NR_180671.1	99.01	404	4	0	1	404	80	483	0	725
296858da2f9c4826a7daf49286345a00	NR_042007.1	99.754	406	1	0	1	406	360	765	0	745
2973278d0e70c9cb2f1f16b5083c0c41	NR_113411.1	98.113	424	8	0	1	424	358	781	0	739
298a2014ae8a9a5840c1be67ff4b4fa6	NR_148574.1	91.111	405	32	3	1	403	348	750	6.949999999999999e-155	545
299038a2ec598b96290cd176cef5f15f	NR_044054.1	99.505	404	2	0	1	404	314	717	0	736
29b4e82e89d782ba6f30da90d3df90ef	NR_147398.1	100	403	0	0	1	403	368	770	0	745
29c92dd089c4362c8266a7d0a44fc1c8	NR_025635.1	99.767	429	1	0	1	429	304	732	0	787
29d6252fcdb01a00f93114f45b93645c	NR_179418.1	90.909	407	36	1	1	406	365	771	6.999999999999999e-155	545
2a231f08891292ebf633fb67c2243110	NR_118692.1	99.752	404	1	0	1	404	330	733	0	743
2a352978570b40d0d1ec86fa2c1784fb	NR_179587.1	95.792	404	17	0	1	404	345	748	0	652
2a59426244a595616a57def8f2bff678	NR_171444.1	97.264	402	11	0	3	404	320	721	0	682
2aa282c745a023e4d652f986b63864b5	NR_040877.1	99.057	424	4	0	1	424	358	781	0	763
2ae46927726eb12178b697413f8f2fc6	NR_044972.1	93.137	408	26	2	1	407	348	754	1.4799999999999995e-171	601
2b11ed52475a7063129d8d49436da863	NR_042200.1	97.297	407	8	1	1	407	335	738	0	688
2b30fd75a83ceae87792934a5e87ad94	NR_180800.1	100	404	0	0	1	404	364	767	0	747
2b84011218e073fc1291a94d6365cf71	NR_199906.1	96.782	404	13	0	1	404	371	774	0	675
2bc3044df4d1da6e21cdc4a5aa7f2d7c	NR_179113.1	100	403	0	0	1	403	299	701	0	745
2bd755314c1ddbc378689c7f8d937435	NR_180451.1	99.068	429	4	0	1	429	355	783	0	771
2bf6119d25a45d0af1f993665679eb8c	NR_147371.1	97.037	405	12	0	1	405	294	698	0	682
2c81f08e3f912309e37a8d840be98615	NR_181389.1	87.685	406	43	7	3	405	314	715	5.589999999999998e-131	466
2c833e7e4412f82414aef56b7e51f3a2	NR_102852.1	94.103	407	21	1	1	407	365	768	5.279999999999998e-176	616
2c8877535f10fcfe9d4587d4d682bb86	NR_113073.1	98.821	424	5	0	1	424	346	769	0	756
2cacf357b689684d68a65b90e46d4bff	NR_113073.1	98.821	424	5	0	1	424	346	769	0	756
2cc22a24b431906b0c3a9997c6c04167	NR_179564.1	99.764	424	1	0	1	424	355	778	0	778
2cd9784d153f6b6fd6e16c54840913d6	NR_113901.1	99.767	429	1	0	1	429	349	777	0	787
2d2510f9b985f63a2f8efc3d38fe05cb	NR_179587.1	97.03	404	12	0	1	404	345	748	0	680
2d27539fd19300149d6603723eaa9382	NR_112902.1	100	426	0	0	1	426	444	869	0	787
2d6041f13dcd901cc219476fd6955354	NR_044972.1	93.366	407	27	0	1	407	348	754	3.179999999999999e-173	606
2d644ec62f05047a39d779173e48e58f	NR_179587.1	98.515	404	6	0	1	404	345	748	0	713
2db6a28b3486fd372e11a38470487c7f	NR_180451.1	99.068	429	4	0	1	429	355	783	0	771
2dc16e2e45d9433b606d8a2582c41e1d	NR_041667.1	99.301	429	3	0	1	429	337	765	0	776
2dc1c07714a9f515a9c1775e4daab065	NR_113925.1	99.767	429	1	0	1	429	336	764	0	787
2dcda372eaf1c72db5b1f9bbddb15718	NR_025651.1	99.509	407	2	0	1	407	367	773	0	741
2de10dd2ae8a30ed0ac7e261c66ca912	NR_074515.1	99.294	425	1	2	1	424	367	790	0	767
2de64c1eb32e6220f6e678232263246e	NR_144738.1	97.196	428	12	0	1	428	343	770	0	725
2dea7effdce398d25eda076ce77ab6a7	NR_151900.1	94.802	404	21	0	1	404	368	771	1.8699999999999993e-180	630
2e294c31958dc79650f9c41f1514bec3	NR_041666.1	99.767	429	1	0	1	429	353	781	0	787
2e36654a139904895c7f9fd4d4d6f776	NR_102852.1	96.078	408	11	3	1	407	365	768	0	660
2e5710169260aca685b84bf6ae97a144	NR_113152.1	99.528	424	2	0	1	424	354	777	0	773
2e8fe88677205416de6a49c1c5475dbf	NR_181390.1	94.828	406	16	4	1	403	321	724	6.709999999999997e-180	628
2e9f1c3013022ced2c0c9567d59fc064	NR_104846.1	96.782	404	13	0	1	404	305	708	0	675
2efa207ebc74e9d0bfc9a90d9bfd264f	NR_118128.1	92.944	411	22	3	1	411	191	594	8.989999999999997e-169	592
2f10bf060a84e2a7786a1724155e6f49	NR_112943.1	99.764	424	1	0	1	424	343	766	0	778
2f3328b2fd7001d2a7295d1450d8ad4c	NR_041342.1	99.528	424	2	0	1	424	353	776	0	773
2f4a2b08eec8d8d5f66dc0d20552881f	NR_074902.1	100	429	0	0	1	429	358	786	0	793
2f4d0b6a956edc35059f9795399306b8	NR_200000.1	98.28	407	7	0	1	407	318	724	0	713
2f60f3c59fadf2458c06998e897ca478	NR_043016.1	85.613	424	61	0	1	424	333	756	7.649999999999998e-125	446
2f7d80f5f144ca8ab1ac723b26433376	NR_174267.1	98.14	430	6	2	1	429	364	792	0	749
30121b464298fbe7cfbaf77a26008ea3	NR_179587.1	98.02	404	8	0	1	404	345	748	0	702
302cf9b37df14478c4216271c8d468bc	NR_151900.1	99.752	404	1	0	1	404	368	771	0	741
303ac3f2fcf0122e9941959cfe9db626	NR_113132.1	99.752	403	1	0	1	403	338	740	0	739
3074bb41aedea5570b07a060bf4b69bf	NR_117694.1	100	429	0	0	1	429	331	759	0	793
3088f5b415c0c006e3baf8f5b2368c1c	NR_113325.1	99.752	404	1	0	1	404	350	753	0	741
30b00af962a215e1d3e266f58c581628	NR_147404.1	99.529	425	2	0	1	425	357	781	0	774
30f3d9bb9ac2bf743346c124e11095af	NR_180641.1	99.767	429	1	0	1	429	333	761	0	787
3126511f267f64bec7056368156a4984	NR_179587.1	95.545	404	18	0	1	404	345	748	0	647
313be8be15b0ae93b73177b1a45d534a	NR_041667.1	99.301	429	3	0	1	429	337	765	0	776
318689603e3337893d1909d3eadb7405	NR_180452.1	99.292	424	3	0	1	424	338	761	0	767
31c1fa566571b66725d72b668c3c1ec4	NR_163638.1	99.752	404	1	0	1	404	345	748	0	741
321d28e26d8dda711e5a392a6e145cc8	NR_113231.1	100	404	0	0	1	404	364	767	0	747
323d6dfb6840c482c07168810455db60	NR_144749.1	94.581	406	21	1	1	406	364	768	2.4299999999999993e-179	627
323f5029c37bb078183d1fe2c8c99bed	NR_178280.1	94.335	406	19	3	1	404	348	751	4.0499999999999985e-177	619
32471d2fd0c331fe4525d5e781d61509	NR_027573.1	98.263	403	7	0	1	403	320	722	0	706
329e0ba19b7106c3475a9e6b51ccf279	NR_028961.1	95.545	404	18	0	1	404	344	747	0	647
32d4d3c314559e9914c1ce9c602560a3	NR_074980.1	100	426	0	0	1	426	370	795	0	787
32d82707df89d6609bb9832e5b3e122a	NR_189244.1	96.059	406	16	0	1	406	380	785	0	662
32e961f9b07d1eb40bd1aceba2f80a3e	NR_181384.1	90.148	406	36	4	1	404	267	670	9.079999999999999e-149	525
32fbb97e33cc9370d8a9403e13fa6806	NR_118675.1	98.762	404	5	0	1	404	356	759	0	726
332c4383ec50e76a011f81df1918fd92	NR_041342.1	98.349	424	7	0	1	424	353	776	0	745
3338e572407b529e052049ac657a45ae	NR_121696.1	99.752	403	1	0	1	403	348	750	0	739
337c09709518b8ad4d8c58b8586b73ec	NR_144736.1	96.287	404	15	0	1	404	377	780	0	664
33a2c0bcbc9b5475663be3ff6673f594	NR_113073.1	98.821	424	5	0	1	424	346	769	0	756
33ab0d3fd75bd0e43884f6ca43c55079	NR_180451.1	99.301	429	3	0	1	429	355	783	0	776
33b05ff4b0fd1aaf25943a4bd1592b0c	NR_102884.1	94.059	404	24	0	1	404	348	751	1.8799999999999994e-175	614
33b5cc859c2f5066c31893a733cf9f0f	NR_041277.1	99.764	424	1	0	1	424	356	779	0	778
33e9e4b0bdc49ff2fc85facd4efb668c	NR_112938.1	99.528	424	2	0	1	424	343	766	0	773
34272e5acf8bda74002ed691482dd980	NR_181430.1	100	429	0	0	1	429	384	812	0	793
3433fcb6b0a2b4fd36f2f1346e8e450a	NR_113411.1	96.698	424	14	0	1	424	358	781	0	706
34694d3c186a1d9cb223ca5a0334862d	NR_181736.1	99.764	424	1	0	1	424	351	774	0	778
34cffe6d7dd466c294ad6e40631296c3	NR_115345.1	85.749	407	57	1	1	407	355	760	7.379999999999999e-120	429
34d85b72a57b158b377ac452b37b7a0e	NR_173697.1	99.754	406	1	0	1	406	366	771	0	745
34e60f4d1f3be0d640d28f87e56ee1ea	NR_144738.1	96.729	428	14	0	1	428	343	770	0	713
350ba14926179628f62de3e64c6a551d	NR_042930.1	91.852	405	31	2	1	405	383	785	1.9299999999999992e-160	564
351ea3d85688070d9ce5186adfcb2a7a	NR_024993.1	98.762	404	5	0	1	404	366	769	0	719
354f58142b6aa7162ee52c06a53c4341	NR_180797.1	96.543	405	12	2	1	404	363	766	0	669
355e5b2b0accf8389d7c44c65e329b6a	NR_121697.2	99.752	404	1	0	1	404	357	760	0	741
3571565136b23151179edd5e9f8c5e71	NR_113411.1	97.877	424	9	0	1	424	358	781	0	734
35c99cd9d28f626178787f562c52c0d2	NR_181384.1	89.024	410	36	9	1	407	267	670	5.549999999999998e-141	499
3606074d4303b991663d6453abea72e8	NR_074902.1	99.767	429	1	0	1	429	358	786	0	787
361d5fcf93ca753fe4872c98a62972b3	NR_117139.2	100	404	0	0	1	404	363	766	0	747
3679dbd7a9620f3f071a90f3a8f1f788	NR_114395.1	98.578	422	5	1	1	422	350	770	0	745
367da03193554afa419233cf58aa75c7	NR_178280.1	99.505	404	2	0	1	404	348	751	0	736
36820592a8e64721e8dc19616305311a	NR_113077.1	97.872	423	9	0	1	423	346	768	0	732
36861ec7ec29bcbfc8c45a2e62b82b9e	NR_181963.1	90.909	429	35	4	1	427	146	572	3.4099999999999987e-163	573
3692813ec414601d068b8cbdf426f75b	NR_115189.1	100	421	0	0	1	421	330	750	0	778
36c31216bf47a62308b2dae350621e7c	NR_074377.1	99.752	404	1	0	1	404	348	751	0	741
371ac70a73c87c0561be94d3f378a807	NR_113355.1	99.301	429	3	0	1	429	373	801	0	776
374cbd5a27b63f95fcdacfe2297fac2d	NR_074515.1	99.529	425	1	1	1	425	367	790	0	773
3759befdcab0e7b69984acc1da57d91b	NR_112553.1	100	405	0	0	1	405	365	769	0	749
377f6330cf4bcd5d903cc2d4994957d8	NR_113206.1	94.353	425	22	2	1	424	353	776	0	651
37a2f260abb7a50f34272b3cb73db811	NR_043680.1	100	404	0	0	1	404	274	677	0	747
386245945964531c07ae4080ebc51f18	NR_144612.1	96.535	404	14	0	1	404	367	770	0	669
38a11a73435631f87bd9273292fc4f77	NR_176530.1	96.798	406	13	0	1	406	375	780	0	678
38ab081ee38e634b89bb6eaaba005e48	NR_026312.1	98.267	404	7	0	1	404	344	747	0	710
38c25fdb2c297d6942a341ad96126bc3	NR_109720.1	100	429	0	0	1	429	331	759	0	793
38db6725460ed04ebc8ce493c06a0623	NR_147398.1	96.526	403	14	0	1	403	368	770	0	667
38f9479d2f37d1036274704b09d2e3c5	NR_044054.1	100	404	0	0	1	404	314	717	0	747
3904ac48bd3ccad768f01a0c5ca55394	NR_044289.1	99.752	404	1	0	1	404	345	748	0	741
390932e97b1d3bfd86d871801e47dacb	NR_165727.1	95.11	409	18	2	1	408	375	782	0	643
391b2917134c8f55ac9b1b624c0b4a07	NR_113132.1	99.752	403	1	0	1	403	338	740	0	739
392a676acb2642e9c29a21884bf95d7f	NR_040877.1	98.821	424	5	0	1	424	358	781	0	758
39588ae5a2fba3ddc3cad7a75d195554	NR_178281.1	99.257	404	3	0	1	404	357	760	0	730
3960f0864976f7a79ea638566f628084	NR_147401.1	99.767	429	1	0	1	429	349	777	0	789
39797773f21ecaa78f5bbf16e245debc	NR_037117.1	99.513	411	2	0	1	411	348	758	0	749
399343c8eb3905300b61a459f4869693	NR_114392.1	98.267	404	7	0	1	404	367	770	0	708
39d8746b4f3ad32960d1aa1ef564f339	NR_028816.1	86.247	429	59	0	1	429	327	755	5.949999999999999e-131	466
39d8bbe21f43b4cf9c8298ce261c4f9f	NR_113231.1	96.782	404	13	0	1	404	364	767	0	675
39fd1f0f8cc3f25735409795f9c46e9e	NR_199999.1	97.543	407	10	0	1	407	318	724	0	697
3a0ced96d018c368959dc101ff9d7294	NR_180451.1	99.301	429	3	0	1	429	355	783	0	776
3a263a05b0c8620eb77269c010472d9f	NR_181387.1	96.296	405	14	1	3	407	321	724	0	664
3a2955a22792a494ee18fee3a71a59a2	NR_041691.1	99.291	423	3	0	1	423	352	774	0	765
3a2f588486a7f35c7bdce27dfd6143ec	NR_144706.1	99.292	424	3	0	1	424	359	782	0	767
3a90aa033371f41fc4b71cadd0a19b4c	NR_041666.1	100	429	0	0	1	429	353	781	0	793
3ab2d5353cc47c616aed3d89188366e1	NR_113027.1	99.505	404	2	0	1	404	346	749	0	736
3ad6ae8560d505fd646b09bafabf8b12	NR_104836.1	99.752	404	1	0	1	404	350	753	0	741
3adb077f92f2de9be0352d3ce1037e9c	NR_180812.1	99.767	429	1	0	1	429	346	774	0	787
3adb5cc5bd1c48a2d21fe761f9ae7662	NR_104846.1	99.752	404	1	0	1	404	305	708	0	741
3b1114794fc9802f5e42a2812bc439e7	NR_025863.1	99.767	429	1	0	1	429	363	791	0	787
3b32ed0e7eeb5c90fe7673da1480c197	NR_165747.1	100	429	0	0	1	429	335	763	0	793
3b3a0345dac06344845ae4bedcd8ba6f	NR_025670.1	99.017	407	4	0	1	407	346	752	0	730
3b3e0ce3a7319453f17b11fc7f8c91b3	NR_117425.1	98.601	429	6	0	1	429	340	768	0	760
3b49a50a1348f7a89462a77b7524eaf9	NR_041342.1	98.821	424	5	0	1	424	353	776	0	756
3b645fd2defcc78633a519c2554fdd22	NR_173688.1	93.812	404	25	0	1	404	338	741	8.759999999999998e-174	608
3b784a4f414f54258c6623e42bf10858	NR_144748.1	100	403	0	0	1	403	352	754	0	745
3b8505db79961409964c56980e5e34b4	NR_074902.1	99.767	429	1	0	1	429	358	786	0	787
3b8abb526ee0c0688eae90531a8e197e	NR_113021.1	100	404	0	0	1	404	348	751	0	747
3b9e1d41eaa8fcfcaa3d8b9fa5eddcd0	NR_113332.1	100	429	0	0	1	429	356	784	0	793
3bc9cdc63432394a6b56c96b141751bf	NR_179325.1	99.531	426	2	0	1	426	317	742	0	776
3bd36b0e67e9a13aaf9125e4756a526b	NR_199906.1	98.02	404	8	0	1	404	371	774	0	702
3beb7f6aebb6b6b5b27faac2a21116ab	NR_144607.1	94.595	407	19	2	1	407	299	702	2.4399999999999993e-179	627
3bee466e34d5904ab15480910983a253	NR_074515.1	99.764	424	1	0	1	424	367	790	0	778
3bf00671fa3b4685b9232c210dc99105	NR_104976.1	98.834	429	5	0	1	429	361	789	0	765
3bfea6ad31de8828638c51c7134f7c21	NR_178273.1	99.505	404	2	0	1	404	328	731	0	736
3c004aabf1ba309d5efb6c50f4e65591	NR_118316.1	99.764	424	1	0	1	424	355	778	0	778
3c04438331924d20c911a9062c36a4d9	NR_179587.1	97.277	404	11	0	1	404	345	748	0	686
3c205cc33a7757d82cd7a48d98b0aa7a	NR_112942.1	100	424	0	0	1	424	340	763	0	784
3c3ddfa520a4b94aadbea2b7a3695c9e	NR_114789.1	96.543	405	12	2	1	404	364	767	0	669
3c4776441601ac1742c81943f06255b8	NR_144612.1	98.762	404	5	0	1	404	367	770	0	719
3c7547ff554d980007c048c84ba0a6a3	NR_178281.1	99.505	404	2	0	1	404	357	760	0	736
3cdff37b011b37819f0f5561dd7aa3e8	NR_027558.1	99.752	403	1	0	1	403	309	711	0	739
3d3bb06df80852d95c8914197448e42c	NR_026419.1	100	429	0	0	1	429	341	769	0	793
3d59ea764f5015e3f1bb427dbdc26a97	NR_189197.1	99.752	404	1	0	1	404	357	760	0	741
3d760e30377c2b06ec3937507813b516	NR_074809.1	99.753	405	1	0	1	405	367	771	0	743
3d7a0d2d69c5bafe9d7e94871583cdc9	NR_179587.1	96.535	404	14	0	1	404	345	748	0	669
3d851ec0c09670864ce9be8aa0a965c3	NR_109014.1	100	404	0	0	1	404	212	615	0	747
3d8e7fe29e348199fb59297c8bb3f9bf	NR_179587.1	97.284	405	10	1	1	405	345	748	0	686
3d8f20610af111502c112a3425c7e727	NR_199906.1	96.543	405	13	1	1	405	371	774	0	669
3dabdb100cde5c3f1823e5ee41619f45	NR_179418.1	92.875	407	28	1	1	406	365	771	3.189999999999999e-168	590
3db7327f1d573164f65b280095de57e3	NR_118730.1	98.02	404	8	0	1	404	372	775	0	713
3e29161ee9c2c81ba80de2c147f82958	NR_180451.1	98.601	429	6	0	1	429	355	783	0	760
3e2f6a1640dbefe88f15f0978243716f	NR_179535.1	98.815	422	4	1	1	421	352	773	0	750
3e49efee1389e4d10974c08737314ae2	NR_042832.1	97.037	405	11	1	1	404	347	751	0	680
3e55ac52d29ad4a5ec7418d0d9ceb5a1	NR_102852.1	96.569	408	9	3	1	407	365	768	0	671
3e7a7ddaabef74895a26e25964240d1c	NR_113393.1	92.807	431	27	4	1	429	374	802	1.1999999999999997e-177	621
3eb3e0e1c8be6d50af62c3a57e80b204	NR_178515.1	99.534	429	2	0	1	429	337	765	0	782
3eb7099bf90d2388ab793d4a13bc2418	NR_126194.1	97.872	423	9	0	1	423	352	774	0	737
3ec9a72eea2934c7e20bf5e3840b3935	NR_041343.1	100	424	0	0	1	424	357	780	0	784
3eda846ce814dd746d931203746b2d75	NR_113411.1	99.292	424	3	0	1	424	358	781	0	767
3edc8b4aaa3dfa2e6c4524e8771d1187	NR_028785.1	100	404	0	0	1	404	368	771	0	747
3f1a0d8ea68007d2c619d03418dcf6d9	NR_041464.1	96.934	424	13	0	1	424	357	780	0	712
3f343829f3f41b46c9bd0fe100c5bb7f	NR_113077.1	99.527	423	2	0	1	423	346	768	0	771
3f4cad42849e43f4aa001fc16f57bd80	NR_041343.1	99.528	424	2	0	1	424	357	780	0	773
3f685af1b51290284e85cca1fafa53e6	NR_044972.1	92.138	407	32	0	1	407	348	754	6.919999999999998e-165	579
3f760ec7bee0cb75b2b406974977f341	NR_113141.1	100	407	0	0	1	407	336	742	0	752
3f7f287a366ee4c301ef9ee422433b7e	NR_041343.1	99.764	424	1	0	1	424	357	780	0	778
3fc0e32f1ecf50426449cb59824a937b	NR_113152.1	99.764	424	1	0	1	424	354	777	0	778
3fc93095b82b79733c28540f9fc72342	NR_165739.1	100	404	0	0	1	404	345	748	0	747
40469692f58f993d1cf7d035e65e7678	NR_179330.1	90.909	407	36	1	1	407	344	749	7.019999999999999e-155	545
406aefa5d63623a422506979c4fa56f9	NR_074515.1	99.764	424	1	0	1	424	367	790	0	778
40a84f710e9b7721e6efc2d062a934dc	NR_180620.1	100	404	0	0	1	404	355	758	0	747
40a8d26e6c1bbcb53ff0d7b9c92e1d08	NR_117792.1	97.277	404	11	0	1	404	267	670	0	686
40abf59356ac6ce163099c58e2109f13	NR_113925.1	99.767	429	1	0	1	429	336	764	0	787
40c2b5ba56fd92e76e103fa8ccdd6369	NR_118554.1	94.595	407	22	0	1	407	346	752	1.8799999999999993e-180	630
40e2b88528648f5d6907860fece4c6d0	NR_041960.1	99.015	406	2	2	1	405	239	643	0	726
40f80939e6303ce27ee4934e5332b44d	NR_178972.1	100	404	0	0	1	404	302	705	0	747
410fb08484aac7a73975723821bc9cb1	NR_044644.2	97.778	405	9	0	1	405	371	775	0	706
415e5431e385e89883448ed1c5dcd61b	NR_179996.1	94.568	405	20	2	1	404	380	783	8.699999999999998e-179	625
4188015ec5ba344df5cffced75c31392	NR_117840.1	100	407	0	0	1	407	359	765	0	752
41a7562b262780a3214fce5e560d1c92	NR_114314.1	100	402	0	0	1	402	364	765	0	743
41ba486f9ea65fe1172f998bee51e22d	NR_118128.1	99.752	404	1	0	1	404	191	594	0	741
41c9da47192f071d961ac5b9174d6d4d	NR_144611.1	97.543	407	10	0	1	407	299	705	0	697
41d6e94b25c896c649a4f8298568b9e7	NR_117506.1	99.756	409	1	0	1	409	328	736	0	750
41f9726ba609beed757aba257910cbc3	NR_113076.1	98.585	424	6	0	1	424	341	764	0	750
4212f7198032635398b40257310ccd2a	NR_199906.1	96.782	404	13	0	1	404	371	774	0	675
4245abf3df15f23c20192b2ca0b69ce9	NR_113901.1	99.767	429	1	0	1	429	349	777	0	787
424a05e60a7ee107a0aeb81cb86ff0c5	NR_178871.1	87.901	405	48	1	1	404	354	758	9.269999999999996e-134	475
4298ac486cb47dafd6ab09f7c656abc6	NR_178972.1	99.752	404	1	0	1	404	302	705	0	741
42aa3d5bc04d73badb13588548386f99	NR_113151.1	97.17	424	12	0	1	424	355	778	0	717
42c854fc6cb11cb2c0ed547f0d7dad97	NR_180800.1	99.752	404	1	0	1	404	364	767	0	741
42ca6b2b765865e0c864a810c83edb99	NR_029355.1	93.857	407	21	4	1	406	349	752	2.449999999999999e-174	610
42eb71340d6e8ea4eef3387f963f42af	NR_179587.1	98.267	404	7	0	1	404	345	748	0	708
430bec0dadc3de6eb3505135c8876705	NR_148574.1	90.864	405	33	4	1	403	348	750	3.2299999999999993e-153	540
435e8a835f06c8f07a220d62b932b77c	NR_179319.1	98.131	428	8	0	1	428	354	781	0	747
43a8f9c11251456eb49f3cd79ae64bdd	NR_179330.1	92.647	408	27	3	1	407	344	749	1.4899999999999995e-166	584
4403610f38b1aee33b1abc719a3d49a3	NR_179535.1	99.052	422	3	1	1	421	352	773	0	756
441a83d91625ca59579668cb1ef02463	NR_029355.1	93.596	406	23	3	1	405	349	752	4.089999999999999e-172	603
441f5ed67f5a5ff4ab04c20c4bc83bed	NR_112985.1	99.068	429	4	0	1	429	339	767	0	771
44304db17296682fccc628d318a66a89	NR_173632.1	97.03	404	12	0	1	404	318	721	0	680
4443fea512237a06091261616b4ab3f4	NR_144727.1	98.02	404	8	0	1	404	352	755	0	702
447c762a85ab4023d30d47528ff6590d	NR_152059.1	95.074	406	17	2	1	403	289	694	0	636
448dbd891a66d6cbc432a90f68113186	NR_117678.1	100	429	0	0	1	429	343	771	0	793
45134371014aa5b7d430bbc3146f56ed	NR_118128.1	94.802	404	21	0	1	404	191	594	1.8699999999999993e-180	630
451db7ef0e0886b425b60ca7b7ef0da9	NR_025242.1	100	429	0	0	1	429	323	751	0	793
454a3ec6eff045b29acca9a5c12292f8	NR_044054.1	99.752	404	1	0	1	404	314	717	0	741
4551ab50ef3b07e22ec5101c233d6708	NR_112945.1	99.764	424	1	0	1	424	344	767	0	778
456c8d0b0a37a1ef113ac69ad513e9bb	NR_114503.1	100	429	0	0	1	429	341	769	0	793
457d8bcebcf3531ba295c479fced9f32	NR_197682.1	100	429	0	0	1	429	348	776	0	793
457f07385b54338151cda6de683c8fdb	NR_112943.1	99.764	424	1	0	1	424	343	766	0	778
4580887b2b9919823d69f37282c7eb68	NR_113332.1	99.767	429	1	0	1	429	356	784	0	787
4580eb801d795ff3867a118e97d606b7	NR_178978.1	92.453	424	32	0	1	424	363	786	3.319999999999999e-173	606
45c044ba33a699aa0f01c25ea40d2aae	NR_126195.1	95.272	423	20	0	1	423	352	774	0	671
45c34fcfca5e6a131d1213c9c0e5c0b0	NR_126195.1	97.636	423	10	0	1	423	352	774	0	726
45c5edd51be1ecc155c9f12c0374f5b2	NR_179638.1	100	404	0	0	1	404	365	768	0	747
45c99bbdcce910edd10a9b0662f6bd93	NR_134781.1	99.512	410	2	0	1	410	348	757	0	747
45d5867b544bb3170ca993f87da2fa80	NR_181384.1	93.12	407	24	3	1	406	267	670	2.469999999999999e-169	593
45fa941134c809f1071d02fc551d8f11	NR_112938.1	99.764	424	1	0	1	424	343	766	0	778
463634206ed746f917509b1dbb1b77fa	NR_158113.1	97.789	407	9	0	1	407	345	751	0	702
46422f7a49a4d3c41e2ab3aa0259212d	NR_180451.1	99.534	429	2	0	1	429	355	783	0	782
46770c35864882eff8347cac975028bb	NR_025651.1	99.754	407	1	0	1	407	367	773	0	747
46a7273880ad0217333edcc79fada495	NR_189197.1	100	404	0	0	1	404	357	760	0	747
46ce5b47e91a563ed858ab982a84fe74	NR_176530.1	99.261	406	3	0	1	406	375	780	0	734
46d700d29630fff9f212d647eeeff644	NR_181880.1	90.61	426	34	6	1	423	311	733	2.609999999999999e-159	560
473139e5c23478d7fa1eee1de4a463bd	NR_179388.1	99.505	404	2	0	1	404	352	755	0	736
47382a0cb05e149623480bdee2a4f04c	NR_113317.1	100	407	0	0	1	407	274	680	0	752
4745dee3b51c9f111d4510b3fdc13cbe	NR_197729.1	97.284	405	9	2	1	404	321	724	0	686
476576716a8f43acf38b8e2ee582774e	NR_044644.2	97.778	405	9	0	1	405	371	775	0	706
47706650dcd4e67a16cee31244cb8aa9	NR_179276.1	99.752	404	1	0	1	404	351	754	0	741
478c8945ebfe3ff0fbbe7cdc86064744	NR_144737.1	93.366	407	22	3	1	403	364	769	1.8899999999999993e-170	597
47a719d44862e521895916824224265f	NR_074802.2	98.789	413	5	0	1	413	358	770	0	736
47b5e9abe66a95ecd624d03e16acdfe5	NR_199906.1	96.287	404	15	0	1	404	371	774	0	664
47cf5581d5de265b03c545ae79537085	NR_179330.1	94.828	406	21	0	1	406	344	749	0	634
47d283a3f15b9959df96af278d4c35d4	NR_117758.1	100	406	0	0	1	406	339	744	0	750
47d815614dc1d727c6dd93a81ef7a191	NR_173689.1	99.756	410	1	0	1	410	339	748	0	752
48030392154b40e1243ca773229db51e	NR_113195.1	87.264	424	37	7	1	407	355	778	1.5599999999999997e-131	468
482beb3e8f3902e0d613d3bc41df1f13	NR_118156.1	97.291	406	11	0	1	406	321	726	0	689
484159eac6d1f0e64391c1278c44b2c7	NR_036777.1	99.01	404	4	0	1	404	350	753	0	726
484287a1569acbbadb541685be0f2a3a	NR_176530.1	96.552	406	14	0	1	406	375	780	0	673
488c67aeb0242da9a5e93c903c2449ce	NR_173688.1	88.564	411	36	10	1	407	338	741	1.1999999999999995e-137	488
4892918742fb353610f9df86e1ffffff	NR_041342.1	98.821	424	5	0	1	424	353	776	0	756
48bde55e98824c345f235c713a8a567d	NR_117387.1	100	424	0	0	1	424	337	760	0	784
48d0c0414a56ca4fdb38dc9a1fdc8aa7	NR_180451.1	98.834	429	5	0	1	429	355	783	0	765
4918aaf879eb3fd679ed6376664bf49c	NR_144743.1	85.437	412	50	9	1	407	369	775	4.439999999999999e-117	420
491ca212992aae9d9d93378d9d8e7123	NR_178367.1	96.314	407	12	2	1	407	345	748	0	665
494bbe4486cb829c96b43c1142efe566	NR_029355.1	93.612	407	22	4	1	406	349	752	1.1399999999999997e-172	604
495205aadc2f823ab82e55a478c1f318	NR_041750.1	99.068	429	3	1	1	428	341	769	0	769
497161eec3f8b4fe55ce85800497f9e0	NR_041750.1	99.533	428	2	0	2	429	342	769	0	780
4982bbaf199abfd1057d12302f1c1321	NR_074902.1	99.767	429	1	0	1	429	358	786	0	787
4988b4a5a4bb1796755d2baed42deb69	NR_179325.1	100	426	0	0	1	426	317	742	0	787
49b05f7b7d3712f33aa6649166280865	NR_181394.1	97.772	404	9	0	1	404	323	726	0	697
49bf70265d6e98aa16b19ce3ad13905c	NR_112945.1	99.528	424	2	0	1	424	344	767	0	773
49d07bea5874e5100baed9cbdbf7a0ba	NR_074249.1	87.775	409	40	10	1	404	319	722	4.3099999999999985e-132	470
49e3acf85706b9d4a0ad50c08595d901	NR_179587.1	97.525	404	10	0	1	404	345	748	0	691
4a171e767e4bcd4c7b3ec2ddbca9e6a2	NR_074928.1	99.531	426	2	0	1	426	362	787	0	776
4a1f35925ea525b0c08ed18437bedbdc	NR_074515.1	99.528	424	2	0	1	424	367	790	0	773
4a25de306e72bf295e782cfde9c38fa6	NR_181387.1	84.521	407	62	1	1	407	319	724	1.6099999999999997e-111	401
4a8a9f963e44bf08225fa5690c51fce9	NR_044048.1	100	404	0	0	1	404	345	748	0	747
4a8d51d033702fc58d6ac38fbea9662f	NR_118670.1	97.525	404	10	0	1	404	374	777	0	699
4a8dd0abd4db4506c354d16532e9a618	NR_180451.1	98.834	429	5	0	1	429	355	783	0	765
4a9220c27b1de86635e31a30b539c5bd	NR_179325.1	99.296	426	3	0	1	426	317	742	0	771
4aacf760511be45df452da47019cb094	NR_112947.1	98.821	424	5	0	1	424	343	766	0	758
4aaf5e8be25de39319a258f244c8bf44	NR_180797.1	97.284	405	9	2	1	404	363	766	0	686
4ad02a66afe31bcab88ddc76acec54d1	NR_114395.1	99.287	421	3	0	1	421	350	770	0	761
4ae1e18267daee7c9dc4044c75929d3b	NR_028961.1	99.505	404	2	0	1	404	344	747	0	736
4aeb1fc9e346ee2c4e799b0e9aa6043d	NR_074376.1	98.585	424	6	0	1	424	368	791	0	750
4b08e31abdee19fe2bcc4b3a7a0f72b7	NR_174228.1	99.767	430	1	0	1	430	292	721	0	789
4b3c271bc2697e682734d20f169dfc64	NR_104907.1	92.118	406	31	1	1	406	332	736	1.1599999999999998e-162	571
4b7c8c40ae5fff5e09a36a3e89be7bac	NR_148574.1	91.379	406	30	5	1	404	348	750	1.4999999999999996e-156	551
4badf67914cd70baeee669dbd38930e1	NR_112935.1	99.764	424	1	0	1	424	355	778	0	778
4bc406548cea31b6c1fd92d6921b6b7d	NR_074784.2	99.764	424	1	0	1	424	362	785	0	778
4bd3179114d708142d3a01b7e428233d	NR_179996.1	100	404	0	0	1	404	380	783	0	747
4bfd753da576fb90bc4e253a4657f7a8	NR_118676.1	97.277	404	11	0	1	404	387	790	0	695
4c16791c0fc90e7cd08b4b495a7de458	NR_148624.1	94.581	406	18	3	1	404	272	675	8.699999999999998e-179	625
4c21b89daa6a490cc5f0c6b6a5e1c84e	NR_146667.2	99.767	429	1	0	1	429	338	766	0	787
4c779dca7970169de84ac706587ca5cb	NR_104907.1	92.118	406	31	1	1	406	332	736	1.1599999999999998e-162	571
4c8a5a633a69861e669eafa76ef3b3ab	NR_173697.1	99.754	406	1	0	1	406	366	771	0	745
4c918d31a9887ea241d1a6a9e3a22a98	NR_180671.1	99.505	404	2	0	1	404	80	483	0	736
4c9511aa985c83888e7545c7c334c810	NR_179587.1	97.525	404	10	0	1	404	345	748	0	691
4cafd4347219528259eaed43cea1626d	NR_041343.1	99.764	424	1	0	1	424	357	780	0	778
4cc4dd9379f5b4afc4f4397ac0baaed7	NR_029164.1	99.766	428	1	0	1	428	366	793	0	787
4ccfd40be948b0466ea73cf00c9ff81b	NR_044972.1	94.595	407	22	0	1	407	348	754	0	634
4cd82d41f37dc45eb565e4bbad4186e3	NR_074399.1	95.802	405	16	1	1	405	350	753	0	652
4d041fdc3fd27f2548c6ddc8a618f931	NR_028840.1	99.767	429	1	0	1	429	362	790	0	787
4d565146e0154c267aa1edb13b5b2b9d	NR_178280.1	99.257	404	3	0	1	404	348	751	0	730
4d5c3530b6d97f381e4ffdeb0652e5fb	NR_179587.1	97.772	404	9	0	1	404	345	748	0	697
4db77868365ec31fae86724098fe5df0	NR_044490.1	98.034	407	8	0	1	407	366	772	0	708
4de7eb891d5252d93a31b68447ee2036	NR_026111.1	100	426	0	0	1	426	356	781	0	787
4e1953e8cd9f24050edebb82b987b5c5	NR_114789.1	94.815	405	19	2	1	404	364	767	1.8699999999999993e-180	630
4e29949fbf33f687665c7ec95d0b1b26	NR_144696.1	100	404	0	0	1	404	350	753	0	747
4e3cc8d4706d363799bc498e3415fe62	NR_113151.1	99.764	424	1	0	1	424	355	778	0	778
4e7c48e9ee5d4bdf231100de56c26417	NR_074634.1	99.752	404	1	0	1	404	367	770	0	741
4e88faeaa5a35366ece1fd5438839b73	NR_113074.1	98.582	423	6	0	1	423	352	774	0	749
4e9d19c2285304eba47da462b8086439	NR_113231.1	99.505	404	2	0	1	404	364	767	0	736
4ea53b74dc530d091b78c37525f41e53	NR_041667.1	93.953	430	24	2	1	429	337	765	0	649
4eb6121af7647368ae581c5fe044f818	NR_074515.1	99.764	424	1	0	1	424	367	790	0	778
4ec7b9e161adf7c121bdb077fe0f619e	NR_041960.1	99.259	405	2	1	1	404	239	643	0	730
4ecf509be6498a812ce040a1e6d79251	NR_179506.1	99.512	410	2	0	1	410	348	757	0	747
4ed8ffe694741c2f2e31bd42797815e8	NR_114168.1	100	429	0	0	1	429	351	779	0	793
4ef2fdae0a9c1520e1bfa9d2967fd837	NR_112932.1	98.821	424	5	0	1	424	345	768	0	756
4fb420c5dcdd0bb4e673f9285c7964a4	NR_112945.1	99.528	424	2	0	1	424	344	767	0	773
4fbdcbc37c760ec4a2914fa27ad52d1d	NR_179506.1	94.634	410	20	2	1	408	348	757	0	634
4fe3b7edddd5d033994e0b4aa1df35f9	NR_179535.1	98.578	422	5	1	1	421	352	773	0	745
5002e9456a350ce6873e9e02b96d0ed1	NR_165727.1	98.775	408	5	0	1	408	375	782	0	726
5005340d97c57a776e5d09a0bdd399be	NR_113105.1	99.528	424	2	0	1	424	346	769	0	773
5019445f268d12d290ec40f8f6668114	NR_179547.1	100	404	0	0	1	404	364	767	0	747
502d938bbf9764e3800706b8caf52b7c	NR_118675.1	98.762	404	5	0	1	404	356	759	0	726
5036e3ad075a6535909f5b4fee1ad120	NR_199999.1	95.332	407	19	0	1	407	318	724	0	647
5047bb5e6cb440bf57db8f605a9df5a6	NR_147398.1	96.278	403	15	0	1	403	368	770	0	662
5056d0bfb6f7526e56b3fc3501fef3e4	NR_113073.1	99.764	424	1	0	1	424	346	769	0	778
5086158c460fb2aae53d7564aed6e280	NR_163638.1	99.752	404	1	0	1	404	345	748	0	741
5097a6bad4577e51f64d37a4a1ee9d31	NR_044644.2	98.519	405	6	0	1	405	371	775	0	723
50b3ef857b7bc1cfa5c98e91ed6b29e1	NR_116777.1	99.068	429	4	0	1	429	325	753	0	771
50cea23fe3409db78b4fcec3e19ca693	NR_189244.1	95.813	406	17	0	1	406	380	785	0	656
50d31f84eb0411c1b9251c8813fcbf56	NR_117758.1	99.754	406	1	0	1	406	339	744	0	745
50ee60eb855226343fc5b4c1dedd835f	NR_113316.1	99.259	405	3	0	1	405	344	748	0	732
50ef97b263e47bea96e5185f3269a26d	NR_180309.1	85.437	412	50	7	1	407	306	712	4.439999999999999e-117	420
50f31ae556c607afe407e6610551f887	NR_156907.1	100	404	0	0	1	404	365	768	0	747
5101d4933b236e18bd1263108d7aa748	NR_102884.1	94.828	406	19	1	1	406	348	751	0	632
51061eb45613a059fe45e3410acf8b80	NR_181532.1	99.528	424	2	0	1	424	339	762	0	773
51111cc86c5c149905fe7fa3a6be0e7b	NR_118128.1	94.581	406	18	3	1	404	191	594	8.699999999999998e-179	625
511cc2adeb2df213cd1d1fcf4f2ee2e7	NR_179548.1	99.505	404	2	0	1	404	365	768	0	737
5126dc2b3c648cf5de72a821bacb6fab	NR_026247.1	100	429	0	0	1	429	336	764	0	793
5151751ae9cfffafdf92dafe5dc06274	NR_157642.1	100	404	0	0	1	404	318	721	0	747
5155edb1b1a27c65cc94f089d19c3d26	NR_179713.1	84.521	407	63	0	1	407	336	742	4.469999999999999e-112	403
516e2002eaebb61e6a46a6648d98755d	NR_173596.1	99.753	405	0	1	1	404	318	722	0	741
5192c8f36670428d3344f1a8b13250bf	NR_199418.1	95.775	426	17	1	1	425	340	765	0	686
51b0b026c8fa34aefe7ae82d28560484	NR_043418.1	100	429	0	0	1	429	341	769	0	793
51d375326846bea220adbdd58e91c1ed	NR_112089.1	99.752	404	1	0	1	404	353	756	0	741
51f3465dfd5658ae3af5330c57e98398	NR_177904.1	87.469	407	43	8	1	403	302	704	7.259999999999997e-130	462
5246737d2975b5de73cbb4b37dbc1898	NR_102493.2	99.767	429	1	0	1	429	356	784	0	787
525ed13cd43a3b00ea63cb7411a00c3e	NR_178280.1	99.752	404	1	0	1	404	348	751	0	741
5291006ef2427233f10df0b5ca786a79	NR_151900.1	100	404	0	0	1	404	368	771	0	747
52a3fd504847a9d2b06c5e7356618e71	NR_117814.1	100	429	0	0	1	429	355	783	0	793
52bb922169e8e528ef78e68c76f75a46	NR_180640.1	92.308	429	33	0	1	429	356	784	2.5999999999999993e-174	610
52c551f01d081ff06127b561ca8ac43b	NR_134781.1	100	410	0	0	1	410	348	757	0	758
52db700c73772c0df959095403d58bbe	NR_041342.1	99.292	424	3	0	1	424	353	776	0	767
530b4bd460ab565e359b82d589c167c4	NR_042778.1	99.767	429	1	0	1	429	362	790	0	787
53139cba3c697e911ea2c4ae575ea3eb	NR_113076.1	96.912	421	13	0	4	424	344	764	0	706
5363c3daef158c91048a9298771fac1a	NR_179548.1	95.545	404	18	0	1	404	365	768	0	649
539b2b92cd9d1d468e24cd59860d8777	NR_118670.1	98.267	404	7	0	1	404	374	777	0	715
53a5427cf7938f0224471099c8cbe91e	NR_041342.1	99.764	424	1	0	1	424	353	776	0	778
53dd93ef15971b8b84ee78fda9fb94ee	NR_169358.1	99.527	423	2	0	1	423	352	774	0	771
53e72ee22b51e1421eb16f7547c201e0	NR_179587.1	96.04	404	16	0	1	404	345	748	0	658
54164e025897739b7a02db3ccbad1562	NR_118128.1	99.752	404	1	0	1	404	191	594	0	741
543da44da370f1ccd33d74e82382f1f7	NR_113244.1	100	404	0	0	1	404	348	751	0	747
547f7f631b685c5f07486e3170f16ea4	NR_028883.1	99.753	405	0	1	1	404	243	647	0	741
54abecd418bde9e4dd4c722a7d118ba4	NR_148620.1	89.242	409	35	8	1	405	212	615	4.259999999999999e-142	503
54f03b8a84e2f31aacc4e178f2d16d23	NR_040877.1	93.632	424	27	0	1	424	358	781	0	636
550f2fe8a5a17c7537d7ed444da4c725	NR_025862.1	98.135	429	8	0	1	429	358	786	0	752
552480dc10f151d45c9053bcf0142bbd	NR_147380.1	99.752	404	1	0	1	404	348	751	0	741
553f1ade5aa540d48f9e45b0bdab83ae	NR_144611.1	94.103	407	24	0	1	407	299	705	4.079999999999999e-177	619
5554ffa15a96e980e761b9eee82aee62	NR_114395.1	99.762	421	1	0	1	421	350	770	0	773
55cc04159654324614ae5737e9338655	NR_044644.2	93.58	405	25	1	1	404	371	775	2.4399999999999993e-174	610
56100a714b99c07596c5a891b508118f	NR_118128.1	92.822	404	29	0	1	404	191	594	4.1099999999999985e-167	586
564b609dcebac634febd9c804006dba1	NR_144605.1	95.274	402	19	0	3	404	386	787	0	638
564ef038f8dc7a2eaa39d5fc32fd16c2	NR_036800.1	99.752	404	1	0	1	404	343	746	0	741
56610d5982723ca3095f17e39f5731b9	NR_180797.1	97.277	404	11	0	1	404	363	766	0	686
567368f90559eec4008b5e0537f9e520	NR_152059.1	95.32	406	16	2	1	403	289	694	0	641
569418df588c6249c6525811063aacf5	NR_113383.1	100	403	0	0	1	403	364	766	0	745
569bfcd74e1ee5a0b544ddd3c3a7a250	NR_113077.1	98.818	423	5	0	1	423	346	768	0	754
56b72e4a13bba199349201277cf782ad	NR_113065.1	99.292	424	3	0	1	424	355	778	0	767
570cf4d545d278ec2a8958734f83b10a	NR_180797.1	98.267	404	7	0	1	404	363	766	0	708
5737181df73dc55ec2f40a162e10bff5	NR_025930.1	99.261	406	2	1	1	405	313	718	0	732
574097957f2034aa4bed63bd2e2437c0	NR_137408.1	99.007	403	4	0	1	403	307	709	0	723
5758229585a8759c0c84a25b1749431a	NR_121687.1	99.301	429	3	0	1	429	351	779	0	776
579df1eb59486517ddbee7d7f4238d0c	NR_042499.1	99.764	424	1	0	1	424	311	734	0	778
57aefa5d0a0056772a9e3e71c4ddec1b	NR_104927.1	100	429	0	0	1	429	355	783	0	793
57be8e85978a6f2ebb69be3cd0d80ea5	NR_181277.1	95.047	424	21	0	1	424	326	749	0	667
57da7ef402ccf6faaa29c3f65d159c9a	NR_133037.1	99.261	406	3	0	1	406	365	770	0	734
584d7a22e38ccbc54e524383cfd7c4c5	NR_041307.1	100	424	0	0	1	424	351	774	0	784
58a358e384971108358661b380db3338	NR_180797.1	96.543	405	12	2	1	404	363	766	0	669
58a650eaff552e9272cd0b15d8b83f33	NR_112945.1	99.764	424	1	0	1	424	344	767	0	778
58b643b504e3a9611140b2e83fbf1987	NR_028975.1	99.513	411	1	1	1	410	346	756	0	747
58d7bbf377ede671a7ba0776106a1437	NR_151900.1	99.505	404	2	0	1	404	368	771	0	736
5900c8ded32e50cc5df190d61de48106	NR_104846.1	94.359	390	22	0	15	404	319	708	5.2699999999999985e-171	599
591d6f1c8bf796af98651ac3023bbd64	NR_112947.1	99.292	424	3	0	1	424	343	766	0	769
593218174901a1f5b1170fcf050f8f7c	NR_146667.2	99.301	429	3	0	1	429	338	766	0	776
594240132af4235cf58f5f0ec61c1b68	NR_074613.1	99.752	404	1	0	1	404	367	770	0	741
599a73cad76351bcc6176f64e183b643	NR_116168.1	100	429	0	0	1	429	352	780	0	793
59ac33c0095389bb6c3fac8f2e1ce55f	NR_179449.1	91.059	425	36	2	1	424	359	782	3.359999999999999e-163	573
59dcb69c86db3d9ceb563e511e4ea6eb	NR_042499.1	99.057	424	4	0	1	424	311	734	0	761
59dfabe350e121d71eca0fb0bd5b54f8	NR_113873.1	100	411	0	0	1	411	329	739	0	760
59feb59f022d18a65bd206dd80eb8654	NR_147375.1	98.762	404	5	0	1	404	364	767	0	719
5a1cd1d1be492a511e8d65bbb6e358a2	NR_179410.1	98.771	407	5	0	1	407	366	772	0	725
5a973c3916fc2a68c1d85a6c23e0d138	NR_036800.1	94.815	405	19	2	1	404	343	746	1.8699999999999993e-180	630
5a9a698bffea3acdb1bf4bd6fa0deac0	NR_113114.1	99.528	424	2	0	1	424	355	778	0	773
5aba7de5c8cdda65c19e9cdbe7437916	NR_165727.1	95.343	408	18	1	1	407	375	782	0	647
5ac8bcf6933fe62859e40b310bbe9dcb	NR_147404.1	99.765	425	1	0	1	425	357	781	0	780
5b2bd78930f5ebbe3ea20c3c496c022a	NR_044972.1	93.137	408	26	2	1	407	348	754	1.4799999999999995e-171	601
5b3284aeaaef679cbcdca407dced0d88	NR_113901.1	99.297	427	3	0	3	429	351	777	0	773
5b4abf6593dfbd1a916b2d8a76b351f0	NR_176530.1	99.507	406	2	0	1	406	375	780	0	739
5b5976adfdc4d0c96741b8f157b67cdf	NR_113073.1	90.867	427	33	5	1	424	346	769	1.5699999999999996e-161	568
5b716abd618c9fcf5c54f1a8cd4d126f	NR_112940.1	99.057	424	4	0	1	424	344	767	0	761
5bd4add303a8707ad9c7c876e6959a64	NR_041691.1	99.054	423	4	0	1	423	352	774	0	760
5be5b25808c45f297db6908b771f4cf7	NR_029188.1	97.669	429	10	0	1	429	341	769	0	737
5be7758a3a88979a2ba2b2d07f64ebfc	NR_200000.1	97.543	407	10	0	1	407	318	724	0	697
5c0591245b7a693648643321b14306c5	NR_126260.1	95.105	429	21	0	1	429	270	698	0	676
5c0644f23e7db04b7c8bd37098828313	NR_116747.1	100	404	0	0	1	404	318	721	0	747
5c1e85eefd4297635ef6bb52271aa444	NR_026309.1	100	429	0	0	1	429	348	776	0	793
5c32d3103fee941d12e42744513dd732	NR_181394.1	99.257	404	3	0	1	404	323	726	0	730
5c6f86a186b94d42f0931c6e0172e89b	NR_118316.1	99.292	424	3	0	1	424	355	778	0	767
5c7c5bec17a917ce57702fda744b98ac	NR_074634.1	99.752	404	1	0	1	404	367	770	0	741
5c95b26a4037e5fbf6a38ec955233239	NR_173688.1	89.731	409	35	6	1	407	338	741	5.509999999999998e-146	516
5c9ca1b103fd1872258e4719e35884f6	NR_137405.1	96.04	404	16	0	1	404	324	727	0	658
5cb35c3c727620925939d4513580b395	NR_179587.1	98.025	405	7	1	1	405	345	748	0	702
5cc8fe3cbd884b7a3262da303f1d1d85	NR_158111.1	95.533	403	18	0	1	403	366	768	0	645
5cf46e7621b33061929e968ee9228b05	NR_181403.1	96.806	407	12	1	1	407	263	668	0	678
5d462cc125363b65280e552266e62510	NR_179442.1	99.057	424	4	0	1	424	360	783	0	767
5d7c0dfab8bb882c78cbd44b8596d470	NR_117686.1	99.534	429	2	0	1	429	346	774	0	782
5d902ac8b2568088a5b1e7e02c786737	NR_152059.1	94.828	406	20	1	1	405	289	694	0	632
5db6cdccd244786329dc87e7f525deb6	NR_028883.1	97.037	405	11	1	1	404	243	647	0	680
5ddc6a86f07a965249e01ebd5c50af01	NR_028961.1	99.505	404	2	0	1	404	344	747	0	736
5dfc4f14c38d169e6ecd180a2525872e	NR_178670.1	98.601	429	6	0	1	429	312	740	0	760
5e06737bb8f62d0ed33c4717b7c5917b	NR_147371.1	96.79	405	13	0	1	405	294	698	0	676
5e0c998e2abfabae9532e5a10cec9426	NR_180833.1	99.752	404	1	0	1	404	354	757	0	741
5e158f701255166154c0d4e5407479d3	NR_200000.1	99.017	407	4	0	1	407	318	724	0	730
5e1d2ecc3f6d7d7d38b5b4064e097ea8	NR_174228.1	100	430	0	0	1	430	292	721	0	795
5e35a14ac04b1e9d275eadd3463ddfe6	NR_074376.1	100	262	0	0	1	262	530	791	9.699999999999998e-137	484
5e584aab02d7b2679cef7c9751bacf96	NR_028961.1	99.752	404	1	0	1	404	344	747	0	741
5e624603b576ef0caf15da36f035c5c6	NR_041667.1	99.301	429	3	0	1	429	337	765	0	776
5e6423f0d35cbec88ac703da2bae6ccd	NR_179564.1	99.764	424	1	0	1	424	355	778	0	778
5e6de258c806e311d5a7a7f4bab1a5da	NR_112902.1	97.887	426	9	0	1	426	444	869	0	737
5e7fffa6783e81b7f69ff4d997836c59	NR_041464.1	99.528	424	2	0	1	424	357	780	0	773
5ea0ba21627088729160ff0df57f2555	NR_179329.1	94.335	406	23	0	1	406	344	749	3.1499999999999995e-178	623
5ea1d3abf5204441b3034753633702d3	NR_180671.1	98.762	404	5	0	1	404	80	483	0	719
5eea5f9c64d1c11673b147ebb47bda03	NR_180451.1	99.534	429	2	0	1	429	355	783	0	782
5f11396a47000d9fc3222b8a42715a4c	NR_041351.1	94.614	427	17	6	1	424	358	781	0	656
5f1771388bfaf2b765c7b9e4a8c500d8	NR_116168.1	99.534	429	2	0	1	429	352	780	0	782
5f370ac909321e883adcb4799b534ce9	NR_179330.1	92.892	408	26	3	1	407	344	749	3.199999999999999e-168	590
5f4aa622f9ca16a20e1e5485b82a6a98	NR_113411.1	99.528	424	2	0	1	424	358	781	0	773
5f69ec287b51a2a29adc0dafa76c6aa5	NR_114395.1	99.526	422	1	1	1	422	350	770	0	767
5f6f9876c881f10eca3669b80cd065ee	NR_134062.1	99.534	429	2	0	1	429	329	757	0	782
5f7613dfbf0c955fe79ad4fe82892d61	NR_074784.2	98.349	424	7	0	1	424	362	785	0	745
5f7d9cca859dd4230e022ca81e50399c	NR_151900.1	95.802	405	15	2	1	404	368	771	0	652
5fd6d183bdf1f40c2909a5ac510e9219	NR_171444.1	100	404	0	0	1	404	318	721	0	747
5fd809f0a152d245084f578cefe62ebe	NR_116211.1	100	429	0	0	1	429	260	688	0	793
5fe20dee7aca3384ca3538a216129b15	NR_115300.1	100	424	0	0	1	424	331	754	0	784
600dcd1101cde937b2b57feafce2a9f6	NR_028840.1	99.767	429	1	0	1	429	362	790	0	787
6064f10669cf7b19a17dfc42ff8d4ec0	NR_074399.1	96.049	405	15	1	1	405	350	753	0	658
606f75c60f1252008aec19a1e12a5548	NR_113344.1	99.767	429	1	0	1	429	331	759	0	789
607b6cd6a8b4af781646b1356deb9f69	NR_043142.1	100	407	0	0	1	407	340	746	0	752
608459a72599587c9db6bb03c0d8fef1	NR_147404.1	99.765	425	1	0	1	425	357	781	0	780
60af9e8dbec7b125bd116e1178903bbd	NR_176800.1	99.767	430	1	0	1	430	320	749	0	789
60d640fee577a285c29b8eb92d8e1197	NR_180823.1	95.792	404	17	0	1	404	374	777	0	652
60f57ad58eb45e488f212cc7c5b00b6a	NR_112947.1	99.764	424	1	0	1	424	343	766	0	778
6105cb3a3aaa02d5ab103acb343ab191	NR_147371.1	98.025	405	8	0	1	405	294	698	0	704
6131259822874cee5e619061a12ddbf0	NR_102852.1	94.84	407	18	1	1	407	365	768	0	632
613e9c23b2630d86e039bb395232389e	NR_029355.1	93.627	408	21	5	1	407	349	752	1.1399999999999997e-172	604
6158849f95f86943b8b2ad811e9f1e03	NR_113132.1	99.504	403	2	0	1	403	338	740	0	734
61602bb79f8ea72c31b206d6eb01f68e	NR_144614.1	100	428	0	0	1	428	305	732	0	791
61683c45b27f9e81624cfbe57901c776	NR_178273.1	99.752	404	1	0	1	404	328	731	0	741
616a331b8db90a841c3a2323d6b37a94	NR_118316.1	99.528	424	2	0	1	424	355	778	0	773
6184f0b1e75cda5265da4646ba5fe76b	NR_178280.1	100	404	0	0	1	404	348	751	0	747
618df19674baa257c0b5dea81476a3da	NR_041278.1	99.764	424	1	0	1	424	356	779	0	778
61a3431e3fed4958091b5f5986d6522e	NR_200000.1	97.052	407	12	0	1	407	318	724	0	686
61ac76dc8ba1bd8f2d98e2a0b58bc82f	NR_044675.2	88.249	417	38	10	1	410	336	748	3.359999999999999e-138	490
61ca5b774895794b5f60b8955b2b7731	NR_025600.1	98.372	430	5	2	1	429	319	747	0	754
61f1f63225aef2e48da88459e5687c02	NR_102884.1	95.32	406	15	3	1	404	348	751	0	641
61fefe70dd4d365c73fbd2e82bf771d0	NR_137405.1	96.04	404	16	0	1	404	324	727	0	658
620c542a75412dacc782a8af9c0c192c	NR_181387.1	85.749	407	57	1	1	407	319	724	7.379999999999999e-120	429
6224ab868a6aca90ced9bfecadcfdaad	NR_179331.1	97.044	406	12	0	1	406	346	751	0	684
626c529bec7b8a4e7988f30813819162	NR_113151.1	96.934	424	13	0	1	424	355	778	0	712
6281fc19586e0299a7667e42dd2dd5ab	NR_041667.1	85.714	434	52	10	1	429	337	765	5.989999999999999e-126	449
628945dfd73e882bc89f8e009b87b481	NR_180641.1	99.767	429	1	0	1	429	333	761	0	787
628a15b855021964fbfb66e35da52a50	NR_026314.1	100	404	0	0	1	404	347	750	0	747
628ce114b5e56e996e72087138876068	NR_113328.1	98.368	429	7	0	1	429	349	777	0	754
6297309bc1966421df9eed8126e5a59f	NR_041342.1	96.226	424	16	0	1	424	353	776	0	695
62975596ec83abe05eb667fabcf4dae7	NR_024785.1	99.756	409	0	1	1	409	309	716	0	749
62a8b5680d99c4b472a635307c1957ed	NR_180797.1	96.543	405	12	2	1	404	363	766	0	669
62a99b1072b9dc115c030ab98c5d62ea	NR_199417.1	100	404	0	0	1	404	359	762	0	747
62abcf57a5a23419f94a351a713aaea5	NR_179388.1	99.505	404	2	0	1	404	352	755	0	736
62aecaad1cb36fe4a0f1c3e21282a1db	NR_159118.1	93.882	425	24	2	1	424	327	750	0	640
62d6bf974690de79584d1111983fad93	NR_181348.1	97.902	429	9	0	1	429	384	812	0	743
62d7223a2fc1ea00c55b532808fbcc86	NR_118128.1	99.505	404	2	0	1	404	191	594	0	736
631cd692a973df0eec61f57fddbc5409	NR_074515.1	99.059	425	2	2	1	424	367	790	0	761
634717ba738ef5af57635f21e5fd04c0	NR_152059.1	95.813	406	17	0	1	406	289	694	0	656
635b4155a590bb5baff6c748633871d6	NR_180811.1	92.558	430	30	2	1	429	346	774	5.579999999999998e-176	616
635d5d5cf80041efe014ef6664afdce7	NR_074141.1	100	405	0	0	1	405	343	747	0	749
63c21faf02f636d4db33eb0cd9578cc8	NR_199906.1	97.03	404	12	0	1	404	371	774	0	680
63fd7de4e72912112a2908e46d6c7e93	NR_180825.1	97.297	407	9	1	1	407	364	768	0	689
63febf70f91ad5c1111a754e145f3070	NR_179548.1	99.505	404	2	0	1	404	365	768	0	737
648b3772825e40058ace2289d9725dc9	NR_113073.1	98.821	424	5	0	1	424	346	769	0	756
64cc2a05c74c1c5767ecc5d806d39ed8	NR_114393.1	96.729	428	14	0	1	428	343	770	0	713
6556ee4c50ae874d0bdbc0fb7563b725	NR_180451.1	98.834	429	5	0	1	429	355	783	0	765
655e73cb70ac0aa4ad52de889845a6b9	NR_126195.1	95.508	423	19	0	1	423	352	774	0	676
65717e9e22dfec9e4aeaed116dbcb945	NR_029137.1	100	409	0	0	1	409	346	754	0	756
65a5464a9a25a9052de69ed4da0ff754	NR_113901.1	99.534	429	2	0	1	429	349	777	0	782
65c6abec5b781c3f471a608a86002fa1	NR_126194.1	97.872	423	9	0	1	423	352	774	0	737
6610c0787d6d49d72720e06d2eff3a73	NR_043142.1	99.509	407	2	0	1	407	340	746	0	741
66636c5394afd1ad71e347cf5fad967c	NR_104907.1	95.062	405	20	0	1	405	332	736	0	638
666cb8f24efa1940c583f4d690653d36	NR_044049.1	99.257	404	3	0	1	404	333	736	0	730
66813f77e7af960c26a41cc0ec74e2ce	NR_112089.1	98.267	404	7	0	1	404	353	756	0	708
66984181d15d18f96effbd49dca72d76	NR_041342.1	98.585	424	6	0	1	424	353	776	0	750
66992d3eec8d121578756ea9c09c4295	NR_041342.1	99.292	424	3	0	1	424	353	776	0	767
669a4006373118da71cd7d5627f12f39	NR_028915.1	99.507	406	1	1	1	405	332	737	0	737
66a9de4d38ba7efb87df88194daed553	NR_181391.1	99.752	404	1	0	1	404	266	669	0	741
66b7b48f89c1b71af8d1cb1fea2fc36a	NR_147405.1	99.301	429	3	0	1	429	355	783	0	776
66d94335fbb7135d16a5548772c0c447	NR_113901.1	99.767	429	1	0	1	429	349	777	0	787
66e036f9ec46567acfb330a27be8276d	NR_102852.1	96.078	408	11	3	1	407	365	768	0	660
6711741219b99438206a7ed575984a3d	NR_036800.1	99.752	404	1	0	1	404	343	746	0	741
6747f80ca1af0a3d7dc5a795468f02bb	NR_147381.1	95.349	430	18	2	1	429	349	777	0	682
67533024dceebf111cd510010d7ddfaa	NR_041342.1	99.057	424	4	0	1	424	353	776	0	761
678bc0ff3dfabcf493705cb3900368aa	NR_044873.1	99.268	410	3	0	1	410	341	750	0	741
67956f93b3d701bdd033ce05b9fc3e95	NR_042499.1	99.528	424	2	0	1	424	311	734	0	773
6795be50887c3d2647b25623e01c3067	NR_180451.1	96.503	429	15	0	1	429	355	783	0	710
67b3118221241f802dd8665722fc5b89	NR_113377.1	99.765	426	1	0	1	426	370	795	0	782
67f42328658ece8d76040693cc26500c	NR_151982.1	99.509	407	2	0	1	407	265	671	0	741
67fd38fd23069a6c1db387fdce0c4bab	NR_176530.1	99.754	406	1	0	1	406	375	780	0	745
6800160e20815c6eae0b11901a2efd5d	NR_042832.1	99.753	405	1	0	1	405	347	751	0	743
6828582a0bd3e765eec9d6f6da2eb247	NR_112933.1	99.764	424	1	0	1	424	351	774	0	778
686c4f8f0868958cc88ef9c3673ac0bd	NR_029164.1	99.299	428	3	0	1	428	366	793	0	776
6872c70b3d58852b07085b9cd71cf845	NR_152059.1	94.089	406	21	2	1	403	289	694	1.8799999999999994e-175	614
6883f1410319c930e7879c353e15f5eb	NR_113132.1	100	403	0	0	1	403	338	740	0	745
6893cefb67db88592ab14a52b937f0db	NR_118558.1	99.301	429	3	0	1	429	319	747	0	776
68a4a42b2f780cc0f51bdd3e246edf16	NR_197729.1	97.778	405	7	2	1	404	321	724	0	697
68c3115fec7c90707427991b1aa9a2f1	NR_104846.1	99.752	404	1	0	1	404	305	708	0	741
68c4f6850434fb4e681e44214164da96	NR_074515.1	99.764	424	1	0	1	424	367	790	0	778
68dc058fdeb8bcad18a14201eeb9d6f6	NR_037007.2	99.767	429	1	0	1	429	365	793	0	787
68fff7cf603231c5e19cf93342f35454	NR_180671.1	98.762	404	5	0	1	404	80	483	0	719
690e20086081804c728c410458f2f636	NR_180797.1	96.79	405	11	2	1	404	363	766	0	675
694591772c9a08407d2219931185fa9f	NR_102944.1	99.528	424	2	0	1	424	351	774	0	773
695986f3c604b2850457bf5224c99ba9	NR_163638.1	99.752	404	1	0	1	404	345	748	0	741
6993a13df280513d5d4d7fe2a5190f9a	NR_147375.1	98.515	404	6	0	1	404	364	767	0	713
69953f6eb8f96acd5ec82ae2dcc8309b	NR_116168.1	99.534	429	2	0	1	429	352	780	0	782
69d4d4edb4d522330aa2784209258257	NR_181400.1	94.789	403	21	0	1	403	265	667	1.8599999999999994e-180	630
69f90d2d0436a0b5d06556be59b5b658	NR_041464.1	99.528	424	2	0	1	424	357	780	0	773
69fd15c2c2ad1d085592c54a565f6a56	NR_179974.1	99.527	423	2	0	1	423	344	766	0	773
6a0a44ff3bbd3ec56b8c3b4ba784d163	NR_025025.1	93.382	408	23	4	1	407	349	753	3.179999999999999e-173	606
6a0d25491dfe9615685573d27acd303a	NR_174324.1	91.605	405	32	2	1	404	363	766	8.949999999999997e-159	558
6a10dff3e643e6a3182e372ba9162ab1	NR_104735.1	100	404	0	0	1	404	353	756	0	747
6a17dcc82036403010238fbb722a513a	NR_180458.1	99.764	424	1	0	1	424	357	780	0	778
6a19966c44f56563f3b6ebbc17e0a19a	NR_074333.1	91.687	409	29	5	1	407	340	745	6.969999999999998e-160	562
6a284917c6f5d70525c25d3f33d24921	NR_112947.1	98.821	424	5	0	1	424	343	766	0	758
6a4b065ed2a9086b24cd62ac33918166	NR_165727.1	99.02	408	4	0	1	408	375	782	0	732
6a5bc8f5ca679e4b5df225d152fa7e3c	NR_137408.1	99.007	403	4	0	1	403	307	709	0	723
6a8e34c34c852052fbb2ef47f31923cf	NR_037117.1	100	411	0	0	1	411	348	758	0	760
6a944d37077f27b658d6feb71f49b177	NR_176530.1	97.783	406	9	0	1	406	375	780	0	701
6a983c8c01ef1ca55988272380a69937	NR_114395.1	99.287	421	3	0	1	421	350	770	0	761
6a9e444379de536dd6b0d27afee5137f	NR_179538.1	100	404	0	0	1	404	363	766	0	747
6aa648be4b6034e62cfe6e0b27c843aa	NR_036928.1	99.752	404	1	0	1	404	350	753	0	741
6ad489db718bb2c54bbd9a9191dd77ec	NR_180563.1	88.395	405	44	3	3	405	310	713	1.5399999999999997e-136	484
6ae924938bfcaa2dd7051a8908a9c423	NR_044972.1	93.382	408	25	2	1	407	348	754	3.179999999999999e-173	606
6af7d2d6e768eb9dbbe8ee24e1f01de5	NR_144749.1	100	405	0	0	1	405	364	768	0	749
6b3403fe756260cbc9684b47e9b9e33d	NR_118554.1	93.873	408	23	2	1	407	346	752	1.8999999999999994e-175	614
6b670d2dc6b808c28f4871e987547009	NR_040877.1	98.585	424	6	0	1	424	358	781	0	752
6b710d7843489fc241a1d8a86025487e	NR_133025.1	99.764	424	1	0	1	424	292	715	0	778
6b7f23e2f0e5f0e8347de4c3712f99a2	NR_104846.1	99.505	404	2	0	1	404	305	708	0	736
6b85c19550eb88d18a41c2910397609b	NR_118086.1	100	404	0	0	1	404	362	765	0	747
6b93870eab8dbc35ab0f969e89ec0df4	NR_041342.1	99.528	424	2	0	1	424	353	776	0	773
6b951bf9a253f84ac676addffbf404b8	NR_151900.1	99.752	404	1	0	1	404	368	771	0	741
6ba1a63b03ed1667ddedc0813b737f0d	NR_113152.1	100	424	0	0	1	424	354	777	0	784
6ba1b72e2472a743e494945580146a4b	NR_074376.1	99.764	424	1	0	1	424	368	791	0	778
6bcb4cc310d7e999e441f0d296c2a183	NR_181430.1	99.767	429	1	0	1	429	384	812	0	787
6bd022bdbe5b490e3db0e198996c21b3	NR_113393.1	92.807	431	27	4	1	429	374	802	1.1999999999999997e-177	621
6bd22ef88f8381f6de86f63b1100fcee	NR_113408.1	96.569	408	12	2	1	407	368	774	0	675
6bd752a4bb996930d2d7afe5ae5f2dfc	NR_179418.1	92.629	407	29	1	1	406	365	771	1.4799999999999995e-166	584
6bdaafca83228d79627eac95b48c632b	NR_044054.1	99.752	404	1	0	1	404	314	717	0	741
6be1d81cbfa12b3eebe7d9639f43e6ad	NR_041343.1	99.764	424	1	0	1	424	357	780	0	778
6bfa08fd03570943038da6dc2820942c	NR_113901.1	99.767	429	1	0	1	429	349	777	0	787
6c04f5781d8928335a39161e871ef4a3	NR_102493.2	100	429	0	0	1	429	356	784	0	793
6c1af65a50e4d00da446c530bce1774a	NR_041313.1	99.764	424	1	0	1	424	357	780	0	778
6c3105c104a54765c78013a5acd667f3	NR_113377.1	96.037	429	11	4	1	426	370	795	0	693
6c47b07a692d8b0a6427d9c5660314af	NR_199906.1	97.525	404	10	0	1	404	371	774	0	691
6c4eeaa1c9ae50977ec8db8c9acd3c27	NR_146667.2	99.534	429	2	0	1	429	338	766	0	782
6c50dd3cf297cf30eaf754d064def0bb	NR_025635.1	100	429	0	0	1	429	304	732	0	793
6c6cbd35cf36d6c32b3c2a15c20ca5e4	NR_044490.1	97.543	407	10	0	1	407	366	772	0	697
6c6cd1b0364d4c234b2defd4bcd0095c	NR_175548.1	87.736	424	34	7	1	406	363	786	7.209999999999998e-135	479
6c8a1b8c9f58044f9115de11757b49eb	NR_180797.1	98.519	405	5	1	1	405	363	766	0	713
6ca0f56758f16c793d35499f8331aa81	NR_147396.1	97.277	404	11	0	1	404	345	748	0	686
6cad774b8909ac9952444b89bc27e780	NR_144749.1	99.506	405	2	0	1	405	364	768	0	737
6cb56e3c5ba19029d6f356eaa22449e3	NR_184601.1	100	429	0	0	1	429	353	781	0	793
6cbc038ba158fc2ae3725fda0e045d37	NR_199945.1	99.505	404	2	0	1	404	352	755	0	736
6ce0ef19739bd344f37ed46b470c7bbb	NR_025930.1	99.261	406	2	1	1	405	313	718	0	732
6ce2cacd13872a92a1748e6b7d1a2b0b	NR_041750.1	99.534	429	2	0	1	429	341	769	0	782
6cea2c57934a730249c1acb10e444051	NR_113901.1	99.767	429	1	0	1	429	349	777	0	787
6cea31e754bddde5d3450a21ee909c89	NR_144749.1	95.332	407	13	6	1	403	364	768	0	641
6cf89558325ff7ce7933633fdfc17a3c	NR_181398.1	96.535	404	14	0	1	404	316	719	0	669
6cf9377cac40b1f3400cf708e908ae0e	NR_181384.1	89.268	410	35	9	1	407	267	670	1.1899999999999997e-142	505
6d1a5d81599f24de069bfd7572a16f76	NR_113260.1	100	429	0	0	1	429	337	765	0	793
6d4bb375fcb2233ba73a6225248efd58	NR_179535.1	95.498	422	19	0	1	422	352	773	0	675
6d54d3c170592a1dbcd3d5593142a4a5	NR_042499.1	98.821	424	5	0	1	424	311	734	0	756
6d557b4fdbfbf09faf3f24fae945cd59	NR_113152.1	99.764	424	1	0	1	424	354	777	0	778
6d6ea119198684e64a143caf3ca5d74d	NR_179330.1	94.581	406	22	0	1	406	344	749	6.759999999999997e-180	628
6d9752ba094537242ec7b55f6444d542	NR_104907.1	97.037	405	12	0	1	405	332	736	0	682
6dd1aebbb7e734fabd5193e3f74de2b1	NR_176530.1	96.059	406	16	0	1	406	375	780	0	662
6e13dbd297361f8167ded1d55f8af012	NR_126194.1	97.872	423	9	0	1	423	352	774	0	737
6e14dca1b8adb79bce21b28ed40c687d	NR_041313.1	99.764	424	1	0	1	424	357	780	0	778
6e34d9f3f1d0d21a52a6677551fb3ff3	NR_147401.1	92.558	430	30	2	1	429	349	777	1.5499999999999994e-176	617
6e3e7d69087e6e868caf14ecf0e14d2a	NR_189245.1	92.91	409	24	5	1	407	380	785	3.199999999999999e-168	590
6e443f6d5850bbbc47c5117a2e0dbbcb	NR_147378.1	99.754	406	0	1	1	406	356	760	0	743
6e6e63b03eb3b2cc405d839d8feac645	NR_178515.1	99.301	429	3	0	1	429	337	765	0	776
6e6fa4dc79ddad9ad39cba2d23dc63ee	NR_041342.1	98.349	424	7	0	1	424	353	776	0	745
6eb30aea4e09d39040d5fcb2fd7fa39e	NR_179587.1	97.525	404	10	0	1	404	345	748	0	691
6ed9ca9d306b83b29552a23c74ad8ba6	NR_044490.1	84.069	408	63	2	1	407	366	772	9.679999999999998e-109	392
6f66ba6136d57699381f1c63c3057277	NR_144736.1	97.284	405	9	2	1	404	377	780	0	686
6f6c4b1de7d890df1a80faa9d8ed34b9	NR_025670.1	97.052	407	12	0	1	407	346	752	0	686
6f8854b3c5402c8a125a81c5f0cbec02	NR_125595.1	100	405	0	0	1	405	215	619	0	749
6fc939f99006232d98b18a2ad5a1d5e8	NR_041342.1	100	424	0	0	1	424	353	776	0	784
6fda566c7b3ed1c8937efa447a2bef65	NR_180451.1	99.068	429	4	0	1	429	355	783	0	771
6fed5456a5b0bf7d94a23cdb1ba83bf0	NR_112553.1	99.259	405	2	1	1	404	365	769	0	730
6ff16c53b14f4e4259733d82dc4a1286	NR_114789.1	100	404	0	0	1	404	364	767	0	747
70116c71309f5d5d8d2e9f55f54c3041	NR_178515.1	99.767	429	1	0	1	429	337	765	0	787
701421f64eeb8d049669187c06479669	NR_173689.1	99.512	410	2	0	1	410	339	748	0	747
702add448b05e3087ea6cecea7dd90b4	NR_024750.1	99.506	405	1	1	1	404	317	721	0	737
7030f9b7ad44c4c58a1b65cea2f2faac	NR_115345.1	86.241	407	55	1	1	407	355	760	3.4099999999999994e-123	440
703339e6f6f8127ed7c582afc4e03420	NR_147371.1	97.284	405	11	0	1	405	294	698	0	688
705225244c39e4aebfd6915bb2785b76	NR_113153.1	100	424	0	0	1	424	351	774	0	784
705ecfcce0a722eb58167c2f6bc56525	NR_043680.1	99.257	404	3	0	1	404	274	677	0	730
7070f164add64fbccbea7b8efbcc6ad4	NR_113077.1	97.636	423	10	0	1	423	346	768	0	726
70ba099b462d5726eb9d59d02cfc9b53	NR_113151.1	99.057	424	4	0	1	424	355	778	0	761
70e69ed4693ad14737da741d6a75f20f	NR_112938.1	99.764	424	1	0	1	424	343	766	0	778
70ea45c905776232cacad512b04e1ad6	NR_113901.1	99.767	429	1	0	1	429	349	777	0	787
70f006d4a3ce8b194a7c5b9437f52c5e	NR_169358.1	98.818	423	5	0	1	423	352	774	0	754
70f4cf65f565a817441428d0d5ba2f46	NR_144706.1	96.934	424	13	0	1	424	359	782	0	712
7104b7d5118f2e18231a77bfefffe8e4	NR_179535.1	98.815	422	5	0	1	422	352	773	0	752
710f2a11bfd68310e64b1e43380d87ca	NR_180148.1	88.971	408	43	2	1	407	366	772	4.289999999999999e-142	503
714d2ab52875c76c750748ada3eda6f3	NR_114783.2	99.767	429	1	0	1	429	365	793	0	787
715d62eee33583e65e47a4ab721248dd	NR_180833.1	100	404	0	0	1	404	354	757	0	747
72185280d220c16533fce1df522d2d2f	NR_180451.1	98.601	429	6	0	1	429	355	783	0	760
721c556069c3df0557d5e9015af5b373	NR_134772.1	100	404	0	0	1	404	314	717	0	747
728accba6ebfa4fbb0bcbb8395eb2c67	NR_041342.1	99.292	424	3	0	1	424	353	776	0	767
72f62e44cbe3e1087304815b4782f061	NR_179587.1	96.782	404	13	0	1	404	345	748	0	675
73160f1f58019dbe475de094c2ef152a	NR_119170.1	99.061	426	4	0	1	426	348	773	0	767
736467dd1f95f06354e1b1069c24448a	NR_144727.1	95.297	404	19	0	1	404	352	755	0	641
7385133efe9db5f988e6118447f90841	NR_113899.1	99.535	430	2	0	1	430	347	776	0	784
73ad0b164e46827d3beea34ffe2fd2c3	NR_180811.1	92.791	430	29	2	1	429	346	774	1.1999999999999997e-177	621
73b01f4896a472541efd79561d5e5583	NR_113325.1	99.505	404	2	0	1	404	350	753	0	736
73d0f373c0a09584fea70661609a5914	NR_146667.2	99.534	429	2	0	1	429	338	766	0	782
73f5e04e3e8d880b54296bf0114725e2	NR_200000.1	97.297	407	11	0	1	407	318	724	0	691
742a7aeb9edacfb870468cdaf80fdafa	NR_144609.1	99.753	405	1	0	1	405	336	740	0	743
745cc14e28d3b077b5177c1f24e48706	NR_114789.1	96.79	405	11	2	1	404	364	767	0	675
74a587bce3c641489a9abdc4bda52ab1	NR_178281.1	96.535	404	14	0	1	404	357	760	0	669
74bb92f57dd833eb05b08f12f38ab670	NR_113067.1	98.585	424	6	0	1	424	342	765	0	750
74d751017ae6327bdf5a590371b75d1d	NR_104516.1	100	407	0	0	1	407	297	703	0	752
750343ad3aab63c9c29e6e3e75ed2164	NR_178280.1	99.752	404	1	0	1	404	348	751	0	741
750572170c40f0ed357da2128460a37b	NR_134062.1	99.767	429	1	0	1	429	329	757	0	787
7565fb16d6fa0d2fc9901c3ad7f7d233	NR_026020.1	99.505	404	2	0	1	404	350	753	0	736
759879eb061c8d6cdb24188632add116	NR_180671.1	98.02	404	8	0	1	404	80	483	0	702
75a46f0e0e88088673f96a193a26c169	NR_041960.1	99.506	405	1	1	1	404	239	643	0	736
75b269299cd58046c01860b040fccada	NR_113901.1	99.767	429	1	0	1	429	349	777	0	787
75c3f162d590ddc3eda86af8a40adf9c	NR_026020.1	99.257	404	3	0	1	404	350	753	0	730
75c997229e5734619638ab700658d3e7	NR_117562.1	100	429	0	0	1	429	326	754	0	793
75e999ea4cd32c7ddfbb38a4139ca97a	NR_147378.1	92.611	406	29	1	1	406	356	760	5.339999999999998e-166	582
75f728a9cb4ce69f632c49e0b524a758	NR_180622.1	99.752	404	1	0	1	404	352	755	0	741
7640ed68ba08e76fcd8c961dea462ef0	NR_117778.1	99.767	429	1	0	1	429	310	738	0	787
76467b3d828c84689a5d5b0697e3d9bf	NR_113094.1	99.528	424	2	0	1	424	358	781	0	773
765d5d55932afde2c60bb600d08044cc	NR_151900.1	99.752	404	1	0	1	404	368	771	0	741
766577db4efbc7badf2399baf3e8b42c	NR_117758.1	99.754	406	1	0	1	406	339	744	0	745
76789e8653d24233824f9e72b5cc3593	NR_027573.1	99.007	403	4	0	1	403	320	722	0	723
769f70473aa8644826fb887c1b01d94c	NR_181394.1	98.02	404	8	0	1	404	323	726	0	702
76b8c256504f7bcc86a9c4b2e3c9365f	NR_180048.1	97.772	404	9	0	1	404	355	758	0	697
76c3589bb8ed952c0e018f6402cc6c9c	NR_042832.1	100	405	0	0	1	405	347	751	0	749
76ea67494eeb36f5485cd4acc8fc5e4f	NR_074634.1	99.752	404	1	0	1	404	367	770	0	741
76fc4961fc0d03b98855a86cb4a76a05	NR_074613.1	99.752	404	1	0	1	404	367	770	0	741
76fdb09986875a34b5ead3dcbe1a410e	NR_118128.1	99.752	404	1	0	1	404	191	594	0	741
770056dea4cffd4f0472e1ccf1598451	NR_041464.1	99.528	424	2	0	1	424	357	780	0	773
771064dd7ba312554180ba91cdb38848	NR_171444.1	99.752	404	1	0	1	404	318	721	0	741
7735884dbb2438790b27f8c1c37d63e6	NR_114789.1	95.545	404	18	0	1	404	364	767	0	647
773b0eada71b3f298557bf4f57828efe	NR_179587.1	96.535	404	14	0	1	404	345	748	0	669
7749d13193bd18c229f0eac480f477da	NR_152093.1	99.257	404	3	0	1	404	299	702	0	730
775859f1e3e6583aef64d1034bd0e4cf	NR_178280.1	92.365	406	29	2	1	406	348	751	2.4799999999999992e-164	577
776d0e50bd59ca5536cacda94df426f7	NR_036777.1	99.257	404	3	0	1	404	350	753	0	732
776f88199100a55c41b14f893e9321f6	NR_179562.1	96.495	428	15	0	1	428	360	787	0	708
777be9a1f6b44b31a8ca66886b53844e	NR_200000.1	92.383	407	31	0	1	407	318	724	1.9299999999999994e-165	580
77c1a8fcd678299c49fdf7cb32c9d431	NR_179331.1	96.798	406	13	0	1	406	346	751	0	678
77c7c1ff6a525bf06c509fe7aff2860e	NR_181390.1	94.074	405	21	2	1	403	321	724	6.759999999999998e-175	612
77da615b8d019c464a9910185fee274b	NR_044873.1	99.512	410	2	0	1	410	341	750	0	747
77f4cf44aac23ea9819120b17a89958d	NR_114395.1	98.815	422	4	1	1	422	350	770	0	750
7817c203d65b04f665a7b4f4c2c75cd7	NR_113067.1	98.821	424	5	0	1	424	342	765	0	756
7832842214fe4b8d0c3dc85879f1c065	NR_147371.1	97.778	405	9	0	1	405	294	698	0	699
783d5459b7b42bd4d7a2ac1d434949b2	NR_178515.1	99.534	429	2	0	1	429	337	765	0	782
786439a250cbbc8bcf448a0095b1118b	NR_113384.1	99.509	407	2	0	1	407	338	744	0	741
7868ac29dd077cb785235bcd6a7ed5b6	NR_074634.1	99.505	404	2	0	1	404	367	770	0	736
78d3c9d0c3e1496d3432eadbcc6e964c	NR_104846.1	96.287	404	15	0	1	404	305	708	0	664
78ec7b7630f41280dc9d8b9893367fb1	NR_041343.1	84.543	427	60	6	1	424	357	780	1.6699999999999998e-116	418
7927a73e04386c28185a6e46a34996c7	NR_148624.1	99.752	404	1	0	1	404	272	675	0	741
794df848f5599a519d14827547009e4b	NR_118316.1	96.934	424	13	0	1	424	355	778	0	712
79740ec5708459d154c2a9e4b87c8f7b	NR_159118.1	98.588	425	4	2	1	424	327	750	0	750
7a0e4ea2fa12a5ec98361396a4dfa25f	NR_179531.1	95.098	408	16	4	1	406	364	769	0	640
7a482be1dc9ddae565dac183757c0384	NR_074629.1	92.138	407	32	0	1	407	358	764	8.959999999999998e-164	575
7a57370ff918d63668b7ff841cadbb0e	NR_181390.1	93.58	405	23	3	1	403	321	724	1.4599999999999996e-171	601
7a7ab9b6136da02222317852ddb51799	NR_041667.1	99.301	429	3	0	1	429	337	765	0	776
7a87f5dbc07c3b1892b284978ad16689	NR_104901.1	89.559	431	33	11	1	421	331	759	4.3799999999999985e-152	536
7aac653d0118775bbbf09d48e6825799	NR_118249.1	99.534	429	2	0	1	429	331	759	0	782
7ab81701607e0347950c2bb439b401e2	NR_181383.1	89.051	411	36	9	1	405	324	731	1.5299999999999996e-141	501
7ac346d9a05cefbd8d59ab27985f2d83	NR_200000.1	97.052	407	12	0	1	407	318	724	0	686
7ae4a49e5d8fc6db4382dd98bbe1037b	NR_159118.1	98.585	424	6	0	1	424	327	750	0	750
7b13456b4eb1049961014726146181a0	NR_199906.1	97.772	404	9	0	1	404	371	774	0	697
7b27573cb44fd8eb9c8ac6ef707982ff	NR_179388.1	91.687	409	25	9	1	405	352	755	8.969999999999996e-159	558
7b4421c7da349157ac894a21a6278c0f	NR_179562.1	97.203	429	10	2	1	428	360	787	0	725
7b650e26b2d5c36c557dbd01a3eac495	NR_147381.1	95.814	430	16	2	1	429	349	777	0	693
7bb03ad30b8b8901eaf3a0710cc6734b	NR_165747.1	99.767	429	1	0	1	429	335	763	0	787
7bc3950478adb12049c314282524ff8f	NR_040877.1	98.349	424	7	0	1	424	358	781	0	747
7bc5585efe68579ce0403b76721cad20	NR_125628.1	100	428	0	0	1	428	353	780	0	791
7bccb6c8ae18ef4517a8fd625c91670f	NR_152059.1	96.059	406	16	0	1	406	289	694	0	662
7bd98e20f0eb9368e90769a32f10d7ff	NR_180451.1	99.767	429	1	0	1	429	355	783	0	787
7be20ab5575e77de265dba897f45b263	NR_179330.1	94.103	407	23	1	1	407	344	749	1.4699999999999993e-176	617
7bfc24f2ac59ed50002560b53349f812	NR_025127.1	95.813	406	17	0	1	406	362	767	0	656
7c26ca1983429d9498096f4514b42e50	NR_044054.1	99.752	404	1	0	1	404	314	717	0	741
7c3eb754b98b9bcbeebc32021c2f4253	NR_179587.1	98.267	404	7	0	1	404	345	748	0	708
7c435146180390b67a87bb81dcf08cb5	NR_144607.1	99.752	404	1	0	1	404	299	702	0	741
7c4d78afd0d86bd02661d6373842e870	NR_152049.1	100	430	0	0	1	430	305	734	0	795
7c690655f66e957e5d89a71bfd5d14e5	NR_113411.1	99.057	424	4	0	1	424	358	781	0	761
7c85677e9d83590f4c53bca3b2ff63ca	NR_176530.1	96.814	408	9	4	1	406	375	780	0	678
7cadf07937bd13fe1b83c023edd83a13	NR_181879.1	87.943	423	51	0	1	423	302	724	5.779999999999998e-141	499
7caf4c4618458bef525e5b76e4f0c33c	NR_042842.1	99.764	424	1	0	1	424	338	761	0	780
7ce98cea781747a0ba923b48fdaed593	NR_118334.1	92.958	426	26	4	1	424	338	761	1.5299999999999994e-176	617
7cf1a9ea09b1180698723912df4fd547	NR_112553.1	99.753	405	1	0	1	405	365	769	0	743
7cfa748279ba3a84362d12e2ec76c26c	NR_041464.1	99.764	424	1	0	1	424	357	780	0	778
7cfc7786fc2aba9105876be2e49802bf	NR_074902.1	99.534	429	2	0	1	429	358	786	0	782
7d143cf7f23ed98c5d29076b35056d3e	NR_118670.1	96.517	402	14	0	3	404	376	777	0	673
7d30353c4a999828dabf4fe396c8994b	NR_146667.2	99.767	429	1	0	1	429	338	766	0	787
7d3dd9153d94037b3bc0260f65e01436	NR_114402.1	99.256	403	3	0	1	403	348	750	0	728
7d505623ac4c8f352b69d9c0cd5ea755	NR_118039.1	97.196	428	12	0	2	429	348	775	0	725
7d5a7b60c5a0bb5e932807c246d59135	NR_151982.1	99.509	407	2	0	1	407	265	671	0	741
7d5de826964ebfce2ada5d2acb979da4	NR_117867.1	99.752	404	1	0	1	404	317	720	0	741
7d7d4645e7fa17b5b39aac780b969d5e	NR_112943.1	95.508	423	19	0	1	423	343	765	0	676
7d980677074282665ebe5c7b4ac3f34a	NR_180451.1	99.301	429	3	0	1	429	355	783	0	776
7da4ad411af3aa3da5c733479faf2b0c	NR_181387.1	90.418	407	38	1	1	407	319	724	1.5199999999999994e-151	534
7df5cbcb58e6cb3729136bd55fce43be	NR_117147.1	100	404	0	0	1	404	363	766	0	747
7dfa970168fb0a3525118bb556e153cd	NR_025651.1	97.059	408	11	1	1	408	367	773	0	686
7e0ee986a31426afc6d9b040f73a0d0e	NR_173697.1	100	406	0	0	1	406	366	771	0	750
7e16aa41d61a8d7bbfa938fe6f9cfb91	NR_044054.1	98.02	404	8	0	1	404	314	717	0	702
7e3483bd8503f62f08155ac1e2c29f8c	NR_144607.1	99.505	404	2	0	1	404	299	702	0	736
7e3e371ef86710a1d15916b6ac9b8bab	NR_074613.1	100	404	0	0	1	404	367	770	0	747
7e4b070768cdca0581ac42e2523b0266	NR_114326.1	99.752	404	1	0	1	404	351	754	0	741
7e709c6d8ee9b84c99ce9e9f226366b4	NR_043680.1	99.505	404	2	0	1	404	274	677	0	736
7ee1a7a51d678c122465ee2c0df558bd	NR_114395.1	99.289	422	0	2	2	422	351	770	0	760
7ee26a2974fabb1e637f44853d723aa5	NR_147402.1	99.767	429	1	0	1	429	349	777	0	789
7eeeefdcbd2f8b8106055222a3dbb441	NR_118670.1	97.525	404	10	0	1	404	374	777	0	699
7ef0eb71190a49b54b0ae43a5ae483ab	NR_113073.1	98.113	424	8	0	1	424	346	769	0	739
7f7f01cfbebe42b824131ee33648d101	NR_180622.1	99.752	404	1	0	1	404	352	755	0	741
7f88c57d3fdd71112f8675c62d16541f	NR_144608.1	96.305	406	13	2	1	404	365	770	0	665
7fc14043e6dc377e54438bef34a02abf	NR_181885.1	98.267	404	7	0	1	404	352	755	0	710
7fd602b7ed9e37fa07a0d71b49f45fdc	NR_144746.1	99.528	424	2	0	1	424	356	779	0	774
7ff17404371e55f7ec75cef29f8923c0	NR_113073.1	99.292	424	3	0	1	424	346	769	0	767
80058e7125a370f5fee80b4ace047d4c	NR_181384.1	87.097	403	51	1	3	405	269	670	1.2099999999999996e-127	455
80363898dc6c7f309b484d137816bdbb	NR_041667.1	99.767	429	1	0	1	429	337	765	0	787
8047c610e0e118619a3e01eab7b44c7e	NR_184601.1	95.824	431	14	4	1	429	353	781	0	693
80b2dc5f9f2347f0844ec560a1b4e963	NR_180463.1	92.272	427	27	6	1	424	357	780	1.5399999999999995e-171	601
80c8b54788abb3ceb03b7e3616f7de37	NR_152059.1	93.842	406	22	2	1	403	289	694	8.739999999999997e-174	608
80f1a10b9ec69d54e6f3a6ee1d88a566	NR_180815.1	98.267	404	7	0	1	404	367	770	0	708
8117fedb97465c95b7dab68eef5d8b89	NR_179418.1	89.487	409	38	5	1	406	365	771	7.099999999999998e-145	512
81c71c7133cd67b662f131561d65629f	NR_025651.1	98.28	407	7	0	1	407	367	773	0	713
81e8283e90ccfdd2e131d2d1adfced3a	NR_181885.1	98.02	404	8	0	1	404	352	755	0	704
81ea1dbbaea74e33c43275a5f516d3a2	NR_179687.1	99.012	405	2	1	1	405	290	692	0	725
820bc0b04bf3fe1f7ff006d29138f3c2	NR_134062.1	99.767	429	1	0	1	429	329	757	0	787
8237559056c8e7c273a40470f9283de6	NR_074634.1	99.752	404	1	0	1	404	367	770	0	741
829b1d05aa0030faef5a438692dd534c	NR_113411.1	98.821	424	5	0	1	424	358	781	0	756
82aeb2674c4ee1359a1ae51302adf982	NR_044289.1	100	404	0	0	1	404	345	748	0	747
82b85263c8200115da4f1de56abc17b8	NR_197724.1	100	429	0	0	1	429	383	811	0	793
82b9e59d66d2c067beaaf6f960670f6d	NR_044054.1	99.752	404	1	0	1	404	314	717	0	741
82e2c96911c810df7149ead9346d0091	NR_074377.1	99.752	404	1	0	1	404	348	751	0	741
82e9e5875ba42d0197474ef695746c8e	NR_179996.1	94.074	405	22	2	1	404	380	783	1.8799999999999994e-175	614
82ebc64a759e38592e2e3da35e84f672	NR_113068.1	88.706	425	28	10	1	406	353	776	1.5399999999999996e-141	501
8302230fee8b0e524dc372e6e97211e1	NR_027558.1	100	403	0	0	1	403	309	711	0	745
830915790fd18a0768931cea777f137d	NR_178273.1	99.752	404	1	0	1	404	328	731	0	741
832d0c255a6efe810970bc09848de955	NR_180451.1	99.534	429	2	0	1	429	355	783	0	782
834d3ecea29e655353a47cfa39ba1ef0	NR_118249.1	100	429	0	0	1	429	331	759	0	793
836121761504ef0300853182b0511603	NR_114315.1	99.752	404	1	0	1	404	353	756	0	743
83a5381789d9b36ee36d3a312617f938	NR_173642.1	100	407	0	0	1	407	366	772	0	752
83f17deb8de2c23b361ce06ea074937e	NR_025930.1	99.015	406	3	1	1	405	313	718	0	726
840c33960ec98e9f04b286c8b42ae5d2	NR_181401.1	98.263	403	7	0	1	403	320	722	0	706
84144fc231899b69b3e6e96447f7157a	NR_113332.1	99.767	429	1	0	1	429	356	784	0	787
843d3a15c080adc659026505ee2da5e4	NR_115189.1	99.762	421	1	0	1	421	330	750	0	773
848e05b04bd4675a0201ce83e2dcf292	NR_189245.1	94.581	406	20	2	1	404	380	785	2.4199999999999993e-179	627
849154d1fef3cbacbdede1343a55ac92	NR_197695.1	100	429	0	0	1	429	361	789	0	793
84929ef9178a9030cf6c2fff8bd78a93	NR_028997.1	99.506	405	2	0	1	405	320	724	0	737
84ada64f560e1e8571b4b37f04bcff4c	NR_113570.1	99.765	426	1	0	1	426	350	775	0	782
84d63f2a4ad8bf7bd655d304b7968ba0	NR_133025.1	99.764	424	1	0	1	424	292	715	0	778
84f473fc367730616e014d5262b7f26c	NR_041960.1	99.506	405	1	1	1	404	239	643	0	736
84f983d5f1d9951f8fc8e5803718ea44	NR_036928.1	99.752	404	1	0	1	404	350	753	0	741
850834d672a21309dbe68dd2133310ef	NR_116168.1	99.534	429	2	0	1	429	352	780	0	782
851d8b0b44c78c7ce24c78b9f14b1d85	NR_112943.1	100	424	0	0	1	424	343	766	0	784
8539585bced657708759cd3767257f99	NR_043142.1	99.509	407	2	0	1	407	340	746	0	741
85af408ecadd71a4fcec98792009f4b7	NR_118730.1	98.267	404	7	0	1	404	372	775	0	719
85b351913d3736538c31031b1525496e	NR_148624.1	99.752	404	1	0	1	404	272	675	0	741
85e223d119cd0c9e51aad2ad8e98f903	NR_121697.2	99.752	404	1	0	1	404	357	760	0	741
85e9587076f16840e5be1f3d299136b7	NR_181384.1	89.024	410	36	9	1	407	267	670	5.549999999999998e-141	499
85ee9f0f5ac25c913b3ccfb50718936d	NR_118316.1	99.528	424	2	0	1	424	355	778	0	773
86594ef9e0e703f214c98c4ca7175228	NR_112985.1	100	429	0	0	1	429	339	767	0	793
866546abf9fb17338a6ff8038a478c75	NR_041691.1	99.527	423	2	0	1	423	352	774	0	771
866d27cf11a6cbad5a70279ac1696336	NR_104846.1	94.554	404	22	0	1	404	305	708	8.699999999999998e-179	625
8675059958b2e265d771f915990da03f	NR_147371.1	97.531	405	10	0	1	405	294	698	0	693
868daa05f005c8f511e80226799c0c01	NR_113328.1	96.288	431	12	4	1	429	349	777	0	704
86b578c062b9dcb750e5e7b3635bd884	NR_116168.1	99.534	429	2	0	1	429	352	780	0	782
86dcd1c7f7126db3c40d20237cd8b94e	NR_179418.1	89.435	407	42	1	1	406	365	771	7.099999999999998e-145	512
86e6eb98707a5b93da858c4950589214	NR_114783.2	90.93	430	37	2	1	429	365	793	2.629999999999999e-164	577
8709c5653002955fa0344a7c5ed31231	NR_041342.1	98.821	424	5	0	1	424	353	776	0	756
87195106131b4003241cc2b2433e3d64	NR_074515.1	99.764	424	1	0	1	424	367	790	0	778
872f2b11fb35b5762c5f26d9ba7fdf07	NR_179535.1	98.815	422	4	1	1	421	352	773	0	750
8774d329333684c3a5cfd8c81ef7141f	NR_041342.1	99.057	424	4	0	1	424	353	776	0	761
87774899672a8363c9290a1fff5fac04	NR_113151.1	96.941	425	11	2	1	424	355	778	0	712
87774a4772aca64db9df964a1bc7b750	NR_114789.1	95.297	404	19	0	1	404	364	767	0	641
8777efffde45876de4471e75310b9412	NR_041667.1	99.301	429	3	0	1	429	337	765	0	776
87980ccf57ef2e7dfef80e34789debba	NR_181397.1	96.535	404	14	0	1	404	320	723	0	669
879d54071b4c92d93366ca37d06cd43a	NR_074376.1	99.292	424	3	0	1	424	368	791	0	767
87bd296c7065dba2bea05c5a3970cc41	NR_113065.1	98.113	424	8	0	1	424	355	778	0	739
881165f5bd0c14767b7b373d1d92711d	NR_026314.1	98.762	404	5	0	1	404	347	750	0	719
885544e1d691ee12f289a504f2bd9258	NR_180451.1	99.068	429	4	0	1	429	355	783	0	771
8888065939143f8692358c3796d2b5fa	NR_113411.1	97.17	424	12	0	1	424	358	781	0	717
8896821afe0d28d24f5ff7bcc06ff336	NR_178978.1	100	424	0	0	1	424	363	786	0	784
88b29218e2c5d84df9a59ae2d1aff494	NR_133762.1	99.505	404	2	0	1	404	318	721	0	736
88c379f3b8f56db3ecebcd8169207010	NR_170426.1	100	429	0	0	1	429	329	757	0	793
88df02084bb7121c163df71fd4ca3196	NR_197729.1	96.552	406	10	2	1	404	321	724	0	669
88dfbde3ff1da02a64d4129272c4d991	NR_144746.1	99.528	424	2	0	1	424	356	779	0	774
89090855a3b0298ec232f5799e15b582	NR_114789.1	93.069	404	28	0	1	404	364	767	8.819999999999996e-169	592
891b7d7d3d626db528a313b1034a77ed	NR_113393.1	92.558	430	30	2	1	429	374	802	5.579999999999998e-176	616
892c24c6a307a34f460505bf47189cdc	NR_181398.1	100	404	0	0	1	404	316	719	0	747
89690b78996688beaa4f26a18cb60734	NR_144750.1	84.272	426	63	4	1	424	358	781	7.759999999999999e-115	412
899f472bcb20419a21a9af29154f02ea	NR_074998.2	100	429	0	0	1	429	365	793	0	793
89a197c1c720a76d47f9df69384d82f4	NR_147378.1	96.543	405	14	0	1	405	356	760	0	671
89a7de600c7bff24706b125cac4f56f1	NR_176530.1	96.569	408	10	4	1	406	375	780	0	673
89f5a4c47a4a60cceb95c3146f68e83b	NR_028961.1	100	404	0	0	1	404	344	747	0	747
89fdfed0daa1852ef44dcff4d1090b31	NR_112945.1	99.764	424	1	0	1	424	344	767	0	778
89feb0ac22fd9f1df337f464f2e6b4d4	NR_147371.1	98.025	405	8	0	1	405	294	698	0	704
8a0f6d2f5fb0017cab7d5df27eba7461	NR_126194.1	95.508	423	19	0	1	423	352	774	0	682
8a1545c1c452f4c8a11a62315c2d08b2	NR_118554.1	96.806	407	13	0	1	407	346	752	0	680
8a2950244650b024368aa8174145ba33	NR_041960.1	99.753	405	0	1	1	404	239	643	0	741
8a44635ab717bb12547af5353b7a371d	NR_180281.1	99.534	429	2	0	1	429	321	749	0	782
8a4bfd9533402310c40e877737166607	NR_173693.1	100	410	0	0	1	410	348	757	0	758
8a5464ddfe0c9d06dfd2bb5e0113ad78	NR_109628.1	88.759	427	42	5	1	424	339	762	1.5999999999999995e-146	518
8a5d534e17cb7ac35f70f3a6c659cf02	NR_036800.1	99.752	404	1	0	1	404	343	746	0	741
8a627a2352d57f70cfe968502ceab41c	NR_042583.1	100	409	0	0	1	409	332	740	0	756
8a62eac5d654cfbf22bd1cc9a292b307	NR_118643.1	100	404	0	0	1	404	271	674	0	747
8a66e4725750e40bd19b1770b6b845de	NR_102884.1	95.062	405	19	1	1	405	348	751	0	636
8a6ac5e505b66e73c70049c2f4ba9baf	NR_112940.1	99.764	424	1	0	1	424	344	767	0	778
8a7068d588f7992aeaa9179b9843b86f	NR_148261.1	99.752	404	1	0	1	404	334	737	0	741
8a746e92db96437101ed2e951b18883f	NR_173688.1	89.487	409	36	7	1	407	338	741	2.559999999999999e-144	510
8a823f94c8651fdc4b3791ab079762eb	NR_029097.1	100	404	0	0	1	404	308	711	0	747
8ab211ae1a2761d07dd16c47b5625e80	NR_179587.1	96.287	404	15	0	1	404	345	748	0	664
8abdf384f59923b598d45153ced549aa	NR_179969.1	98.376	431	3	4	1	429	267	695	0	754
8ac67871377691e5f68c2600870352ec	NR_147378.1	97.037	405	12	0	1	405	356	760	0	682
8af762b5b62e0b78fed89e77da9e569b	NR_159227.1	100	404	0	0	1	404	368	771	0	747
8afef46d7c7f409ac9541df5d6b14bbf	NR_113411.1	98.821	424	5	0	1	424	358	781	0	756
8b2e28db9398944b5fd9583b05c7066e	NR_181386.1	90.172	407	40	0	1	407	320	726	1.9699999999999994e-150	531
8b3fd2fe3fc0f0a1b3d071c6a16bcd89	NR_180671.1	98.515	404	6	0	1	404	80	483	0	713
8b57be8f5753d7bf4f94fbf3a61e96c6	NR_180619.1	100	407	0	0	1	407	364	770	0	752
8b58b1c76cbcbb962d86fd3576628495	NR_025651.1	97.789	407	9	0	1	407	367	773	0	702
8b65644a47b99579c8ef2225393ac122	NR_180800.1	99.752	404	1	0	1	404	364	767	0	741
8b6c2ce081c36e512899b7fddbec33bb	NR_179531.1	94.608	408	18	4	1	406	364	769	6.759999999999997e-180	628
8b915559f026b4139eeb35d8ffa8268d	NR_179326.1	100	407	0	0	1	407	315	721	0	752
8bcecfcbbe56c319b7884ef6b4617200	NR_036800.1	100	404	0	0	1	404	343	746	0	747
8c1fe2c986a4055bea7ee24e21a71647	NR_112943.1	99.764	424	1	0	1	424	343	766	0	778
8c8a7d0009f83c34c4a4c8742fd4fb5b	NR_179539.1	95.285	403	19	0	1	403	368	770	0	640
8cc4113b9818188d670486589fd76a66	NR_041313.1	99.528	424	2	0	1	424	357	780	0	773
8ccae56148c59d8cd0f0a9fe3cad951c	NR_036800.1	99.752	404	1	0	1	404	343	746	0	741
8ce56697a4516608d52610949030646d	NR_113901.1	99.534	429	2	0	1	429	349	777	0	782
8cf144d1a2cb9b742b5e647ae3937887	NR_104907.1	97.284	405	11	0	1	405	332	736	0	688
8cfca84b2f88aaf057c31d4bb0a20473	NR_165727.1	100	408	0	0	1	408	375	782	0	754
8d251dc2378295fa21f972d03c93133f	NR_117139.2	99.505	404	2	0	1	404	363	766	0	736
8d3ce86924a7e5dd5fca3090c3b0475a	NR_179449.1	99.764	424	1	0	1	424	359	782	0	778
8d469f91e9a43ec3ba34e35be5cd9584	NR_179564.1	100	424	0	0	1	424	355	778	0	784
8d9af8cbc731891ea9cf1935f1c5997d	NR_074784.2	97.176	425	10	2	1	424	362	785	0	717
8dd295748f20cec310e4a439c8d1f4e0	NR_102884.1	94.815	405	20	1	1	405	348	751	1.8699999999999993e-180	630
8ddece98888e7b3c2eca2e53523fda6e	NR_113091.1	99.294	425	3	0	1	425	352	776	0	769
8e045e5dd97540e6b31120b478e9752b	NR_178871.1	91.155	407	34	1	1	407	354	758	1.5099999999999995e-156	551
8e08ed7a2b55703c3b2155b37d46a8cb	NR_137333.1	98.144	431	4	4	1	429	331	759	0	749
8e15e417e64f830057c3b959ab2b8f30	NR_177705.1	86.453	406	54	1	1	406	292	696	2.6299999999999994e-124	444
8e167863d14effa07683bd2adf868576	NR_118512.1	99.506	405	2	0	1	405	328	732	0	737
8e23df44889e6b53e17b01510ab68482	NR_152060.1	97.543	407	8	1	1	405	353	759	0	695
8e8274fd6c8cbbba24db7de88c232abf	NR_179535.1	99.052	422	4	0	1	422	352	773	0	758
8e87f46b490518f4ad2519c810015fc0	NR_112938.1	100	424	0	0	1	424	343	766	0	784
8ee60550900daa45846f0cb79a4b1997	NR_171444.1	99.752	404	1	0	1	404	318	721	0	741
8ef91fed97a297fab2918df44f5d70b2	NR_074515.1	99.057	424	4	0	1	424	367	790	0	761
8f03e1b94da378f36162390866966981	NR_118128.1	99.505	404	2	0	1	404	191	594	0	736
8f147764dbcfc97e7d19f817549953ad	NR_181396.1	99.261	406	3	0	1	406	308	713	0	734
8f21759dc2a6f95e20642d30b704a560	NR_044425.1	94.554	404	21	1	1	403	363	766	3.119999999999999e-178	623
8f38580df4b62086e2ede768e81ed03c	NR_159118.1	95.283	424	20	0	1	424	327	750	0	673
8f3d22994a827dcf2604f6bddd03f122	NR_036800.1	99.752	404	1	0	1	404	343	746	0	741
8f57a9812997e62e786d25a017d3e8c5	NR_125595.1	99.754	406	0	1	1	406	215	619	0	743
8fb3ccea945c525ff00db4c13890454c	NR_113151.1	99.764	424	1	0	1	424	355	778	0	778
8fbd83f6287821649aa7a35d55039203	NR_024750.1	95.802	405	16	1	1	404	317	721	0	654
8feb92a0aa36f0aae09fe938f24d389d	NR_116168.1	88.889	432	37	10	1	424	352	780	1.2399999999999996e-147	521
90270fa8262e55642534984b3efb9fa8	NR_104559.2	99.767	430	1	0	1	430	367	796	0	789
9082a883e2cecd3702e04cab738619a5	NR_118674.1	97.525	404	10	0	1	404	373	776	0	708
908e30c62805c71bf0b0b699c36cfa51	NR_197730.1	97.03	404	12	0	1	404	329	732	0	680
9094a1b092394f718bc1d38a01244582	NR_041342.1	98.349	424	7	0	1	424	353	776	0	745
90a874495937c623bbb15690bf9d47e6	NR_042200.1	97.277	404	11	0	1	404	335	738	0	686
90f2d407207808a8c3016851ddf80e2d	NR_176530.1	96.305	406	15	0	1	406	375	780	0	667
916393b1e876ead88bd469245c769fa8	NR_178972.1	99.752	404	1	0	1	404	302	705	0	741
9184d1660db70b6b4925787cf9c67572	NR_174228.1	99.535	430	2	0	1	430	292	721	0	784
9196cc8493a3a9a67598970dccfe1b05	NR_179587.1	100	404	0	0	1	404	345	748	0	747
91b1252c4ed13f34e7bef0ad56a4477e	NR_199906.1	97.277	404	11	0	1	404	371	774	0	686
91b972210468ef4de88b2f8934c3440d	NR_044972.1	92.892	408	27	2	1	407	348	754	6.869999999999997e-170	595
9237a5109968d91e898f2a460d563f58	NR_113901.1	99.534	429	2	0	1	429	349	777	0	782
92544facf840a024cf8846defe717fe3	NR_074515.1	99.528	424	2	0	1	424	367	790	0	773
92868238a130e32251232a78ee27db91	NR_041342.1	98.349	424	7	0	1	424	353	776	0	745
92901acdbbea73de4bdccea4f3928158	NR_179587.1	99.752	404	1	0	1	404	345	748	0	741
9298b85a0ef66831b1f1147a0c32f240	NR_180671.1	99.01	404	4	0	1	404	80	483	0	725
92bb7b88406319becb892b585241880c	NR_179587.1	96.04	404	16	0	1	404	345	748	0	658
92d1b52cd5361b4c3a3123c973676291	NR_179330.1	90.465	409	34	5	1	407	344	749	1.5199999999999994e-151	534
92db4b549a8c1995b1ce4d0599060d3b	NR_199906.1	98.02	404	8	0	1	404	371	774	0	702
92eddee421b7899a7359a59cb1cc4820	NR_116168.1	99.767	429	1	0	1	429	352	780	0	787
92f76dc1f1a3872d2b490881704f9624	NR_042058.1	100	429	0	0	1	429	385	813	0	793
930b6088f773cc05ef7a03e3a324f74e	NR_042401.1	99.534	429	2	0	1	429	365	793	0	782
9320e20b7d3353335157666d937c0ef2	NR_112932.1	99.057	424	4	0	1	424	345	768	0	761
9328af7ce50d1a09a0bf8f2b3470e112	NR_126194.1	95.745	423	18	0	1	423	352	774	0	688
938251c035f86ae8be1ece9a8c195385	NR_176530.1	93.596	406	25	1	1	405	375	780	1.1399999999999997e-172	604
939eb03f92264387524d6970ba7ebefd	NR_144727.1	98.267	404	7	0	1	404	352	755	0	708
93b2d52381bc2e95fa64b7e347b1b1fd	NR_147378.1	99.753	405	1	0	1	405	356	760	0	743
93eec4a298f3822f39fffee1226122f9	NR_036777.1	99.257	404	3	0	1	404	350	753	0	732
940b9d05dfe1a9fe61d793b43b6d0d5d	NR_037117.1	99.513	411	2	0	1	411	348	758	0	749
9412c881874e64c20060b27d197545ce	NR_147372.1	100	424	0	0	1	424	356	779	0	784
9416ecdfd7673afac70896648219eeff	NR_173688.1	93.317	404	27	0	1	404	338	741	1.899999999999999e-170	597
94316203aad59236f2417d0c237ff9a6	NR_178367.1	97.037	405	11	1	1	405	345	748	0	680
94995ef1c15b7bdd8f796ae508a46dad	NR_178280.1	93.069	404	25	3	3	405	350	751	1.1399999999999996e-167	588
94b7122e99c59c44784dcc063dd3c27f	NR_134044.1	100	403	0	0	1	403	335	737	0	745
94db93ba15aa908f6eb87da5b33ab68a	NR_181395.1	98.272	405	7	0	1	405	314	718	0	710
94fd0d85ea5d5fdf18e4d5c70353a42f	NR_044490.1	99.017	407	4	0	1	407	366	772	0	730
95595a8e5962ef69862b877b403c5943	NR_113957.1	100	429	0	0	1	429	338	766	0	793
957ce87bb092a4514f3099082c307021	NR_144727.1	98.515	404	6	0	1	404	352	755	0	713
9585f6bcd987683db4e9c40a7c9587cd	NR_029313.1	96.314	407	13	2	1	406	377	782	0	667
95c3c6debfe3283562e8d53a8b72b0b9	NR_179531.1	94.608	408	18	4	1	406	364	769	6.759999999999997e-180	628
9615cb1ccc7db3c6841d6bf51151c5a2	NR_036800.1	99.752	404	1	0	1	404	343	746	0	741
96281332bcd4a2ab6587f6dc9316337c	NR_074613.1	94.815	405	19	2	1	404	367	770	1.8699999999999993e-180	630
963c2ea8a01b9c22157638f2558312cc	NR_145937.1	99.302	430	3	0	1	430	345	774	0	778
964b4e1d99a1441b5dac125d1452b97a	NR_113076.1	100	424	0	0	1	424	341	764	0	784
965c7baa21e16dd08402bbc2129033e6	NR_043680.1	99.752	404	1	0	1	404	274	677	0	741
9687f1e6ec45498f4b416615ad1b4aa2	NR_074902.1	99.767	429	1	0	1	429	358	786	0	787
968a84707624d6dc07ef458cdf4bd7d0	NR_041278.1	96.244	426	12	4	1	424	356	779	0	695
96a8b04bb62bacbfc121668d772d1b99	NR_179548.1	99.505	404	2	0	1	404	365	768	0	737
96e411e022fe381d575a5410f6ff0d85	NR_180451.1	99.767	429	1	0	1	429	355	783	0	787
96ecfb9d6ca7926fa767c13ad853d5c0	NR_029164.1	99.533	428	2	0	1	428	366	793	0	782
96ef18c07190baa096570db14e4f0e79	NR_036800.1	99.752	404	1	0	1	404	343	746	0	741
96f8f0eb70f8061b57f65270868ead41	NR_037068.1	100	404	0	0	1	404	358	761	0	747
96f9d59d4d210fbeb71ba39924965ac1	NR_118377.1	99.757	412	1	0	1	412	295	706	0	756
9701cfc805bd32a72406c55b9402fd84	NR_113411.1	99.764	424	1	0	1	424	358	781	0	778
970dccb450351ea7ea3a39980f821359	NR_179418.1	100	407	0	0	1	407	365	771	0	752
971a2aa4c4e71e969dfd7984fc2478ed	NR_074629.1	94.349	407	23	0	1	407	358	764	8.769999999999998e-179	625
9750de3722df1378bda5649b534c7e58	NR_176800.1	99.767	430	1	0	1	430	320	749	0	789
975e00d37f2d23f45a9ea07796b98b81	NR_036800.1	99.505	404	2	0	1	404	343	746	0	736
9765a8b33bda40d9a6dfa52828aa092c	NR_165727.1	97.059	408	12	0	1	408	375	782	0	688
97689a8093db11bea633d9f990c22394	NR_104846.1	99.01	404	4	0	1	404	305	708	0	725
9806b9b89e3e3d8d0543915b481f5fa7	NR_176530.1	96.305	406	15	0	1	406	375	780	0	667
980b184801db1910ce769fc104b3a5dd	NR_179423.1	99.51	408	0	2	1	407	366	772	0	741
98167de18adedd7776e395063e8d1211	NR_184601.1	99.767	429	1	0	1	429	353	781	0	787
981f87f3457a91091a76163ea755d9dc	NR_181386.1	90.686	408	36	2	1	407	320	726	9.079999999999999e-154	542
983221711f529bb7d73fcffec66c0293	NR_028725.2	100	429	0	0	1	429	371	799	0	793
9892925793d9d0f6c69c21d66da53179	NR_114789.1	95.05	404	20	0	1	404	364	767	0	636
9898f2eb52cdbafc2e5593acc7898fc9	NR_181384.1	88.537	410	38	9	1	407	267	670	1.1999999999999995e-137	488
98af5f96e07bb1fd3aa34dfb31118fc1	NR_126194.1	98.582	423	6	0	1	423	352	774	0	754
98f0c66bf7794f6cf5e1b076ca93f162	NR_113411.1	98.585	424	6	0	1	424	358	781	0	750
990026b6a1b0ba9b72953cd9a2c83285	NR_028961.1	94.554	404	22	0	1	404	344	747	8.699999999999998e-179	625
99015187ca4e58613453a32fd0d85a90	NR_118219.1	100	424	0	0	1	424	349	772	0	784
993abe01910c3ce57c9470ef8c0df287	NR_113244.1	99.752	404	1	0	1	404	348	751	0	741
997cbb19e89b03b134872afb1a54418e	NR_029355.1	93.612	407	22	4	1	406	349	752	1.1399999999999997e-172	604
99a4946cbe9763a6e3d74b6357a497df	NR_179330.1	90.22	409	35	5	1	407	344	749	7.069999999999998e-150	529
99a970b879d98d4c45a6efe8b99f85af	NR_074377.1	100	404	0	0	1	404	348	751	0	747
99b2ce7a45f5d20b9c4c87de4bfac91a	NR_197643.1	94.307	404	23	0	1	404	346	749	4.0499999999999985e-177	619
99c86292fdab48bd5b9cb5ffdb9ef070	NR_028961.1	99.752	404	1	0	1	404	344	747	0	741
99d9eef51a017d4387ef131ec81bd9ae	NR_181387.1	87.715	407	49	1	1	407	319	724	3.359999999999999e-133	473
9a1ea4b808b2eaf10dd203ab73c7491d	NR_043142.1	99.754	407	1	0	1	407	340	746	0	747
9a2ba3e41dfd11bed8628acb4be91a98	NR_041667.1	91.415	431	17	12	1	413	337	765	3.269999999999999e-163	573
9a58023a6328b5fc8fe34562cb6798da	NR_144736.1	96.535	404	14	0	1	404	377	780	0	669
9a672fd53b49a6d6e269eed1ac3ea301	NR_178273.1	99.505	404	2	0	1	404	328	731	0	736
9a6fa30bc30d7fbe45cf6a23fd75ec82	NR_041307.1	97.887	426	5	4	1	424	351	774	0	734
9a78a7a17cd7526ab10281c360d1deca	NR_169358.1	98.818	423	5	0	1	423	352	774	0	754
9ab5d5e3f47b8ada37e64bf6923e6a4a	NR_180671.1	99.257	404	3	0	1	404	80	483	0	730
9ac6c678689fd04ca1d57f1bb914cded	NR_179587.1	98.267	404	7	0	1	404	345	748	0	708
9ae14aab2080a357d8171d4a2d12e385	NR_144615.1	96.759	432	6	4	1	428	333	760	0	713
9af6aad75d6a711ca652d2e940853d95	NR_112933.1	99.764	424	1	0	1	424	351	774	0	778
9b3e9d28495222a2b9987cece6541c3e	NR_178367.1	96.069	407	13	2	1	407	345	748	0	660
9b44295ccf74c9282f740d2d28caf21c	NR_025863.1	86.836	433	49	8	1	429	363	791	2.749999999999999e-134	477
9b89063216501cf8ae88b3dfcb04dfb6	NR_181399.1	100	406	0	0	1	406	266	671	0	750
9bf500d4f12431f653ef7c32b2a6b9e8	NR_113901.1	99.767	429	1	0	1	429	349	777	0	787
9c2ac402f7eb3c5d1b357513f19ad538	NR_112938.1	99.528	424	2	0	1	424	343	766	0	773
9c6ea4dc9e91efc7b7a70c8496cd50f8	NR_144750.1	82.629	426	70	4	1	424	358	781	3.6599999999999994e-103	374
9c77c87cc340d6f652c151382d57d029	NR_041343.1	99.764	424	1	0	1	424	357	780	0	778
9c7e0272d2e684c96ed30e567dae6c71	NR_112932.1	100	424	0	0	1	424	345	768	0	784
9c838b57c144db411039244dfd1cf341	NR_146667.2	99.767	429	1	0	1	429	338	766	0	787
9cb0f5796c6e4e0657c7a0b2cfb1842b	NR_041278.1	96.479	426	11	4	1	424	356	779	0	701
9ce8e2d1c6f97b8b34597389b3b801d3	NR_179547.1	93.627	408	21	5	1	407	364	767	1.1399999999999997e-172	604
9cf3037024a85dcfcd3a4fa05c418051	NR_179535.1	99.052	422	3	1	1	421	352	773	0	756
9d2c8caeb6241f933ef317e09bac147a	NR_113151.1	100	424	0	0	1	424	355	778	0	784
9d383c34bfe10d9761634878b87fe834	NR_114789.1	95.062	405	18	2	1	404	364	767	0	636
9d4fccbd9f6f1ca89420aa04963f71ac	NR_197731.1	93.812	404	25	0	1	404	323	726	8.759999999999998e-174	608
9d59a028516cca1bcecec259b046f6d5	NR_115269.1	88.177	406	46	2	3	407	351	755	5.579999999999999e-136	483
9d8f19cf9131ae96c81bff5a1b2bac9d	NR_112932.1	98.113	424	8	0	1	424	345	768	0	739
9daec6da71d87e3332a6990f24e48d94	NR_147371.1	96.296	405	15	0	1	405	294	698	0	665
9ddeb86a1b01f0f12b1e38cc6de83a8d	NR_173688.1	89.242	409	37	7	1	407	338	741	1.1899999999999997e-142	505
9de0d9197078f5a900303f8bfb5ca3c5	NR_104927.1	99.767	429	1	0	1	429	355	783	0	787
9dec4d41168a7d61f157ac4b852ebd15	NR_074902.1	99.767	429	1	0	1	429	358	786	0	787
9e0eb6fb39aa7ba040f10c8aa416a136	NR_179330.1	100	406	0	0	1	406	344	749	0	750
9e14e830eaf4885f2bdfa726438d82b6	NR_147371.1	98.025	405	8	0	1	405	294	698	0	704
9e414468a3600606647689ae35e75861	NR_112947.1	98.349	424	7	0	1	424	343	766	0	747
9e428cab604874258574343749d9032c	NR_041278.1	99.764	424	1	0	1	424	356	779	0	778
9e626086efe1a02f1c78ddf110069912	NR_029355.1	93.366	407	23	4	1	406	349	752	5.299999999999998e-171	599
9e63f7fe5a3eaebb006976b036ce955c	NR_113077.1	98.345	423	7	0	1	423	346	768	0	743
9e83d3975cf79f09c67a882d7fe69f1e	NR_104846.1	99.752	404	1	0	1	404	305	708	0	741
9e939d80c31ed6db3dc1bcb53c1fcc21	NR_029355.1	93.612	407	22	4	1	406	349	752	1.1399999999999997e-172	604
9ebf8cc5de2162d93434ee6abfc5ddd2	NR_112940.1	100	424	0	0	1	424	344	767	0	784
9ebfff49dbc19fdf989746873529984c	NR_145883.1	99.528	424	2	0	1	424	301	724	0	773
9eca4809db1cf716f0c4dd9d408be6db	NR_180451.1	99.534	429	2	0	1	429	355	783	0	782
9ee1eb456ac32a2c433d9b74a303cf08	NR_113073.1	95.894	414	15	2	1	413	346	758	0	669
9f00bf628e277105fd702de14fb361c5	NR_042200.1	96.535	404	14	0	1	404	335	738	0	669
9f074321ddcf3e2e3ae39f28e1cd48e9	NR_112943.1	99.764	424	1	0	1	424	343	766	0	778
9f0c386ae5ed1e8a4cf60627eaef9738	NR_179330.1	99.261	406	3	0	1	406	344	749	0	734
9f274ea11ffafb4e99c23fb18bd6847b	NR_179713.1	91.422	408	33	2	1	407	336	742	9.019999999999996e-159	558
9f5ec06586c336f81f6084715d0dd092	NR_159118.1	99.528	424	2	0	1	424	327	750	0	773
9f638b4fbd1d1b4150dee598081481e1	NR_147381.1	99.534	429	2	0	1	429	349	777	0	782
9f6ab428c2af6f9e0b09e6af4f773393	NR_113073.1	99.764	424	1	0	1	424	346	769	0	778
9f729713741abe0c0624e5911529c89c	NR_113096.1	100	424	0	0	1	424	356	779	0	784
9f816697f98090f0dabc2559e60dbb97	NR_112932.1	99.528	424	2	0	1	424	345	768	0	773
9fc4eec598ee512032ab2f17b7b36d33	NR_043551.1	100	404	0	0	1	404	366	769	0	747
9fff29eb16e9fb8faa62e8cd06150cd8	NR_102884.1	94.335	406	19	3	1	404	348	751	4.0499999999999985e-177	619
a00ef43f36e0272f02a6156cd21c0315	NR_117778.1	99.534	429	2	0	1	429	310	738	0	782
a00ff0a18066954369398d58daf55c65	NR_118554.1	100	407	0	0	1	407	346	752	0	752
a018eb1d8afceb2751d3b92b22f4d35f	NR_113243.1	100	428	0	0	1	428	345	772	0	791
a01b6188fb1fe6548a57a176ebbddf48	NR_074277.1	100	424	0	0	1	424	369	792	0	784
a0328123fc6a4006dd8ffd81a8dd84c8	NR_179587.1	98.515	404	6	0	1	404	345	748	0	713
a04d130a00b7401cf09913cd2e52f0cf	NR_074515.1	99.528	424	2	0	1	424	367	790	0	773
a0a1374ae018983a7f0c5f9d8de40638	NR_180641.1	100	429	0	0	1	429	333	761	0	793
a0fc4d0d13b98a5ff6c44cc4b3e71869	NR_126195.1	99.291	423	3	0	1	423	352	774	0	765
a100ac612fac22375b7a5ad75ee93216	NR_112938.1	99.057	424	4	0	1	424	343	766	0	761
a10b2a6ea368f3393075b68084d9fbe6	NR_102884.1	94.595	407	19	1	1	407	348	751	2.4399999999999993e-179	627
a11cf534b1436fc250233bb6b89fea01	NR_118667.1	98.267	404	7	0	1	404	372	775	0	721
a1264fb491f793841f088e88f2af3c6f	NR_180671.1	96.782	404	13	0	1	404	80	483	0	675
a1860ffda23597e2ed3cffb7507c0d5a	NR_200000.1	98.526	407	6	0	1	407	318	724	0	719
a1a99c3cd18a73492f46522bd1da7185	NR_199999.1	93.612	407	26	0	1	407	318	724	8.829999999999997e-174	608
a1d7db2eb229495c2c82b6983acf7e43	NR_026476.1	97.297	407	8	1	1	407	331	734	0	688
a20568e2346c96321444c3aa49d0c434	NR_041277.1	98.821	424	5	0	1	424	356	779	0	756
a21a23ddf9bae2afe9c40061492a2d03	NR_179801.1	99.507	406	1	1	1	405	364	769	0	737
a240c62b1c05cd48fc7bbd9819f167ba	NR_152059.1	92.611	406	30	0	1	406	289	694	1.4799999999999995e-166	584
a250e46f7a99fce56f306a994d55c86a	NR_144722.1	98.515	404	6	0	1	404	355	758	0	715
a25305566d3c86ba086b4bd278233716	NR_041351.1	99.764	424	1	0	1	424	358	781	0	778
a2a6563df1455f834dbe5b602ea2687d	NR_180823.1	96.535	404	14	0	1	404	374	777	0	669
a2b43a06639cd45b328a89e97c4b47bd	NR_074515.1	99.059	425	2	2	1	424	367	790	0	761
a2cac603cce6b039a9ea4b65f1ecc58b	NR_179974.1	99.764	423	1	0	1	423	344	766	0	778
a2cf6640ff257e6cc9dff9dd882aa355	NR_113355.1	93.488	430	27	1	1	430	373	801	0	638
a30fbe0e8a161878e32596750dcc123f	NR_118128.1	99.257	404	3	0	1	404	191	594	0	730
a324bf2a57674440247e5bdf7e245fb4	NR_181387.1	92.892	408	26	3	1	407	319	724	3.199999999999999e-168	590
a33a9a48a60f487b3e720ba97d0228ae	NR_179587.1	98.02	404	8	0	1	404	345	748	0	702
a3416703ffc6711a070df657a9c830e9	NR_156081.1	98.025	405	6	2	1	404	353	756	0	702
a3b4df535552a57df3b1802e75b8fb21	NR_118554.1	88.998	409	41	4	1	407	346	752	4.289999999999999e-142	503
a3b7846cd28d3b013e5d7499cd4b8ef9	NR_112938.1	99.764	424	1	0	1	424	343	766	0	778
a3d617aa659e3c2497c453d2ce4f6752	NR_179976.1	86.651	427	50	7	1	424	306	728	5.869999999999998e-131	466
a3d94fd03983bfa8a05b5f9f9923a3d5	NR_189245.1	91.892	407	32	1	1	407	380	785	1.4999999999999995e-161	568
a415a019074a957e97d6df03c3d7609c	NR_041667.1	99.534	429	2	0	1	429	337	765	0	782
a415c6501cd63c3e359c96aea90d4971	NR_200000.1	98.034	407	8	0	1	407	318	724	0	708
a416f9f026c5193990a90b7ad296bc07	NR_113273.1	100	404	0	0	1	404	345	748	0	747
a4317c0922632fcaeb3fda0c1833359f	NR_028840.1	96.752	431	10	3	1	429	362	790	0	715
a448970de11b09c53971e6ae439c3e85	NR_104907.1	92.365	406	30	1	1	406	332	736	2.4799999999999992e-164	577
a49f4b391444b9fa6081c653539771b8	NR_174226.1	99.767	430	1	0	1	430	308	737	0	789
a4a0e50618eeb9e3b8218829bac37f5d	NR_133025.1	99.764	424	1	0	1	424	292	715	0	778
a4b14c4586fdbb957eed07cc345799aa	NR_044972.1	93.382	408	25	2	1	407	348	754	3.179999999999999e-173	606
a4d98ca36dc66a0161e195b9a625b708	NR_042007.1	100	406	0	0	1	406	360	765	0	750
a5082006e5e2b8d42669201381ca6dfa	NR_180830.1	92.925	424	28	2	1	423	353	775	5.499999999999998e-176	616
a514146bd9361580cd8075f7331a2d14	NR_145883.1	100	424	0	0	1	424	301	724	0	784
a51b17fdd6901496352961d694d5dc58	NR_102852.1	95.545	404	18	0	1	404	365	768	0	647
a52514186ada655fcb89f33c2eff1b3f	NR_145883.1	99.764	424	1	0	1	424	301	724	0	778
a53b6f5efa5b9e7a7a1537783bdcffd4	NR_199999.1	94.84	407	20	1	1	406	318	724	0	634
a55b2aef49831000f149f3e53a96150a	NR_179330.1	95.813	406	17	0	1	406	344	749	0	656
a55b3d7f8b842f54db01f669225e237f	NR_144738.1	97.664	428	10	0	1	428	343	770	0	736
a55ed8ec0c0aa33a242eb0a3104e4c6e	NR_181885.1	97.525	404	10	0	1	404	352	755	0	693
a56603aaaa67234cdc44e172a6841909	NR_044644.2	98.025	405	8	0	1	405	371	775	0	712
a5733a2e2baba000471386d88ed13a8a	NR_180563.1	88.642	405	43	3	3	405	310	713	3.319999999999999e-138	490
a5868b879f50141f64610f3c8ef994e1	NR_181757.1	97.783	406	9	0	1	406	306	711	0	701
a58ec886989aa8ae91b7174717b6f870	NR_181386.1	90.686	408	36	2	1	407	320	726	9.079999999999999e-154	542
a5975c9e501b5e250bc3dc161216ad7a	NR_037115.2	99.758	413	1	0	1	413	345	757	0	758
a5a42edad49033b9cfc3bdb8be84cd17	NR_117139.2	99.505	404	2	0	1	404	363	766	0	736
a5ba8774ee88c8b86a6a409b806eeec6	NR_133689.1	86.375	411	42	12	1	404	309	712	4.3799999999999995e-122	436
a5cebcfb77b60953c92c882ceaa1ffad	NR_180451.1	99.068	429	4	0	1	429	355	783	0	771
a5d29f17bd1a64838e0d611fbcdd1ff6	NR_025863.1	99.767	429	1	0	1	429	363	791	0	787
a5dd4d03cd797e41233d890d16224672	NR_179531.1	100	406	0	0	1	406	364	769	0	750
a5e6dcd4966389daadfa49d956c68652	NR_113118.1	99.528	424	2	0	1	424	345	768	0	773
a5e88ab69964d1d92b733afe606cfa93	NR_179974.1	97.4	423	11	0	1	423	344	766	0	723
a61929428524e42e9760d67e44fb5b3d	NR_134062.1	99.301	429	3	0	1	429	329	757	0	776
a624c06d123beccb0d3eefea838c2418	NR_112947.1	99.764	424	1	0	1	424	343	766	0	780
a6273efd1b5945b2b8ac9fb783f862eb	NR_147381.1	97.71	262	6	0	1	262	516	777	9.829999999999997e-127	451
a631fa5a65880096559a113631ec8852	NR_113073.1	98.585	424	6	0	1	424	346	769	0	750
a64d400e303e7651236649384a8764cc	NR_042832.1	99.012	405	3	1	1	404	347	751	0	725
a67d518dc4ce0c913c2c0f83d8fecd83	NR_151982.1	97.543	407	8	1	1	405	265	671	0	695
a69f579722926cc1cf376a0987de9481	NR_159118.1	99.764	424	1	0	1	424	327	750	0	778
a6a130dbb7395b52d875a5d9917dd0f2	NR_173688.1	91.646	407	30	3	1	406	338	741	2.499999999999999e-159	560
a6db908fca3a217d919f1585b98fafab	NR_126194.1	97.872	423	9	0	1	423	352	774	0	737
a727f64cc694d4fca9b0e11838b5fca3	NR_179418.1	92.629	407	29	1	1	406	365	771	1.4799999999999995e-166	584
a7f76b5fd2d0741254c02b7fa255d623	NR_041464.1	100	424	0	0	1	424	357	780	0	784
a83b7248da24535968bbbefb1b6ebdf7	NR_179531.1	99.507	406	2	0	1	406	364	769	0	739
a86363d2bd3e1852bbf585f2f9ba8870	NR_178273.1	99.505	404	2	0	1	404	328	731	0	736
a89d07ff261e60c8730b0c35cdfa6aab	NR_144727.1	95.297	404	19	0	1	404	352	755	0	641
a8bc847fa2e11e9be6d88a7a6805de51	NR_199417.1	96.049	405	14	2	1	404	359	762	0	658
a8d17c6835f8bffd1992efd2c3f4cbbd	NR_074515.1	99.528	424	2	0	1	424	367	790	0	773
a8d9100f78d847cb09c360f730591afa	NR_159118.1	100	424	0	0	1	424	327	750	0	784
a8e67f08a712e14fc8233b8755a78ec0	NR_181384.1	93.12	407	24	3	1	406	267	670	2.469999999999999e-169	593
a8f218ccefaf5242ab1adb6878a1955a	NR_180281.1	98.601	429	6	0	1	429	321	749	0	760
a937d75639681975e31d387c72a0e79c	NR_173596.1	95.813	406	15	2	1	405	318	722	0	654
a959fd3c001be68de8ec8572ad2248bc	NR_112902.1	99.765	426	1	0	1	426	444	869	0	782
a9b647c08e3be791c7be345daa02852b	NR_133753.1	99.767	429	1	0	1	429	307	735	0	787
a9c254129f7a6ae57816b4a3a02809c0	NR_044873.1	99.268	410	3	0	1	410	341	750	0	741
a9d818e46f46e767cd934a7f0acbeb0c	NR_113326.1	100	426	0	0	1	426	370	795	0	787
a9f44e2d282addeb74ea71a63742f1f7	NR_028833.1	99.301	429	3	0	1	429	364	792	0	776
aa0601558a5562226fef5efaeca43a18	NR_036800.1	99.752	404	1	0	1	404	343	746	0	741
aa11b11a0b308c1d9d1bb71d81baff87	NR_025651.1	99.754	407	1	0	1	407	367	773	0	747
aa429e4da06cb3e61989b317337fd799	NR_044049.1	99.257	404	3	0	1	404	333	736	0	730
aa4adaf8a2edf8f4776439e5635ef575	NR_147368.1	82.639	432	60	13	1	425	355	778	4.749999999999999e-102	370
aa5c48ec53a5f90c77beb3f59cde90fc	NR_181384.1	89.756	410	33	9	1	407	267	670	5.509999999999998e-146	516
aa698e903d9c02b2d3efb76b45a9edd4	NR_113899.1	99.302	430	3	0	1	430	347	776	0	778
aaab75148b0a482c194a013a99b125f2	NR_118128.1	95.297	404	19	0	1	404	191	594	0	641
aac0afd95de8c2f17de1e90e66c36b2d	NR_133027.1	100	426	0	0	1	426	367	792	0	787
aadaabe2d455d52e046f63f087c78599	NR_181736.1	97.17	424	12	0	1	424	351	774	0	717
aae09156ad9ad42723b41c1da7de1b8d	NR_118128.1	96.296	405	13	2	1	404	191	594	0	664
aaec55533197431266f03a36f3b59f07	NR_044022.2	99.752	404	1	0	1	404	366	769	0	741
ab167df472c88041f060fd5adb0967ec	NR_179417.1	92.138	407	28	3	1	407	362	764	1.1599999999999998e-162	571
ab2b34d7130bdffe721ac504eae0215b	NR_118128.1	99.505	404	2	0	1	404	191	594	0	736
ab3972ecee4fdfe01c70f39f486f424a	NR_115340.1	88.753	409	43	3	1	408	353	759	1.9999999999999993e-140	497
ab44c23dec5dc82661156fa5502e9d78	NR_173697.1	98.522	406	6	0	1	406	366	771	0	717
ab5377380153109727b1626c61b8242c	NR_027558.1	92.804	403	29	0	1	403	309	711	1.4699999999999995e-166	584
ab6dcba5966019fa1a43b99b4db1a417	NR_115340.1	88.998	409	42	3	1	408	353	759	4.299999999999999e-142	503
abe0f858f674adead44dc2d1d63a817a	NR_109014.1	98.515	404	6	0	1	404	212	615	0	713
abe77d6bb463db2384d31e7d41d5f135	NR_180451.1	99.767	429	1	0	1	429	355	783	0	787
abeb21697163dbf28ce6c30e51ac36dc	NR_041343.1	94.836	426	19	3	1	425	357	780	0	662
ac19744310b10cacc80f594b05e98dfb	NR_146820.1	98.582	423	6	0	1	423	352	774	0	752
ac35142dddbeeb4a091721a98fbbae11	NR_042778.1	99.767	429	1	0	1	429	362	790	0	787
ac395160bbd6866306d0f1bb8f9f0fb4	NR_180820.1	99.752	404	1	0	1	404	360	763	0	741
ac617a43b29da98453b766ea4abbd44a	NR_181400.1	99.752	403	1	0	1	403	265	667	0	741
ac9d8f90c44ea015d0a703b2c273ceea	NR_158111.1	96.535	404	13	1	1	404	366	768	0	667
aca0a99cdb673d63048d71dd2394d1be	NR_173642.1	99.017	407	2	2	1	405	366	772	0	728
acadf4c5a1843bad0c5f37139af4bff2	NR_179329.1	99.015	406	3	1	1	405	344	749	0	726
acefac6f03204bc5049265da7db5f70a	NR_174324.1	90.196	408	35	3	1	407	363	766	2.5399999999999996e-149	527
ad039c79bc3d1bc205c0247ca13e6ca5	NR_026103.1	94.802	404	21	0	1	404	333	736	1.8699999999999993e-180	630
ad216513ad16a620cf4eae1c9d67aa99	NR_181843.1	99.767	429	1	0	1	429	365	793	0	787
ad50254f6f76b4d659ab92e739ed118d	NR_144737.1	93.366	407	22	3	1	403	364	769	1.8899999999999993e-170	597
ad763b95d4f45eaa8c158baf6e25761c	NR_118156.1	97.537	406	10	0	1	406	321	726	0	695
ad83c0dd1210b331571894b1e0358449	NR_042778.1	100	429	0	0	1	429	362	790	0	793
ad848b9d022b38fda183eb6cd0506948	NR_074784.2	99.528	424	2	0	1	424	362	785	0	773
ad945405b490fb99a6e1b63ba4c931f4	NR_144736.1	96.782	404	13	0	1	404	377	780	0	675
ad9499963ec28e07c61ace8bdf66d4e1	NR_181736.1	99.057	424	4	0	1	424	351	774	0	761
ad9a6343a04a31c1ec53dfd69875c5f0	NR_074613.1	94.802	404	21	0	1	404	367	770	1.8699999999999993e-180	630
add9827e3e522bccd09859329c66e0c0	NR_144736.1	97.03	404	12	0	1	404	377	780	0	680
ade5de158d60e4a1a8c720d5ab420288	NR_040877.1	97.642	424	10	0	1	424	358	781	0	730
aded720f4cea30c770ed05733e2705b0	NR_176530.1	96.552	406	14	0	1	406	375	780	0	673
ae213fdd39f069d6f8819032b112848f	NR_179430.1	100	404	0	0	1	404	368	771	0	747
ae575978715cce3fe33709471788179e	NR_113957.1	99.534	429	2	0	1	429	338	766	0	782
ae6317514af8959458cc12fa86c5fcea	NR_074809.1	97.037	405	11	1	1	404	367	771	0	680
ae76befb8a2f8d30f5428f19c8c34c4f	NR_147378.1	99.506	405	2	0	1	405	356	760	0	737
ae934496971a92666c34836e82524ec3	NR_113073.1	99.764	424	1	0	1	424	346	769	0	778
aea9d4660cd294050495c44d5f25bf80	NR_040783.1	100	414	0	0	1	414	345	758	0	765
af17873bd26e0db6a5397e4d013d02b3	NR_200006.1	99.299	428	3	0	1	428	350	777	0	774
af190c55090f4cec548cf041df158fde	NR_113099.1	100	424	0	0	1	424	345	768	0	784
af62dce3f48f384644d7934c0bd6cd89	NR_179587.1	97.037	405	11	1	1	405	345	748	0	680
af9523b6e38611cef58c9e746b8b16b8	NR_180458.1	99.528	424	2	0	1	424	357	780	0	773
afdd89fc8107ac6fb0a6663e000c1a3a	NR_158111.1	95.297	404	18	1	1	404	366	768	0	640
aff270bb1f5c98266263f63fe9b0f65d	NR_117130.1	98.515	404	6	0	1	404	364	767	0	713
b05d64ba5dcf5b7bcbf88c70d20fbfe4	NR_118674.1	97.772	404	9	0	1	404	373	776	0	713
b07813726ceedd5aa24bdcb5b08820fe	NR_117139.2	99.752	404	1	0	1	404	363	766	0	741
b07afb92fe3d105eb525632399dd3ec5	NR_152060.1	97.543	407	8	1	1	405	353	759	0	695
b07becb42e159b20072077c464c8a41b	NR_113328.1	94.186	430	23	2	1	429	349	777	0	654
b07d891c7109f4b3e34cbaba2b759dcb	NR_074515.1	89.607	433	32	10	1	429	367	790	1.2399999999999996e-152	538
b0abb158510a8beba3f63081ce02c54e	NR_118128.1	94.802	404	21	0	1	404	191	594	1.8699999999999993e-180	630
b0c25573fc5fff769b3aaef7fee4f2ec	NR_043680.1	99.505	404	2	0	1	404	274	677	0	736
b0c85b24c243b52bee32053a8cb4e2d7	NR_041666.1	97.203	429	12	0	1	429	353	781	0	726
b0e1963c6178bde8b9c3a08d000ce92b	NR_118670.1	96.782	404	13	0	1	404	374	777	0	682
b129a4cfff675781dfc6a357137d592d	NR_113105.1	100	424	0	0	1	424	346	769	0	784
b14c3f748ff5130552acea8a2b12f29d	NR_074784.2	100	424	0	0	1	424	362	785	0	784
b154c7d4e6f836b86e4f5574218d2255	NR_041464.1	99.528	424	2	0	1	424	357	780	0	773
b18c318427e4a5f8fd1acef2e9631123	NR_028725.2	99.767	429	1	0	1	429	371	799	0	787
b191fad01ca9a939ba8d256bca7d65c4	NR_041351.1	99.292	424	3	0	1	424	358	781	0	767
b1a6f2a351c38a497c5f66ec4e58346d	NR_179559.1	93.103	406	26	2	1	405	350	754	2.459999999999999e-169	593
b1ad62285172f8c8fc376c8c69f4ee46	NR_041960.1	99.506	405	1	1	1	404	239	643	0	736
b1e848cd789e185d1419955f41ac5a0d	NR_180451.1	99.767	429	1	0	1	429	355	783	0	787
b1ff15f5d1709852a51ffc15d880a52b	NR_025600.1	98.605	430	4	2	1	429	319	747	0	760
b20deda41f8178f1f944aea7a8d19309	NR_173688.1	91.155	407	32	4	1	406	338	741	5.409999999999998e-156	549
b23264d9e7dbfcec208a6c6420e93818	NR_181885.1	99.505	404	2	0	1	404	352	755	0	737
b2427937da741ede79a993d46776c4e1	NR_189245.1	92.665	409	25	5	1	407	380	785	1.4899999999999995e-166	584
b25572a3e3300ae1186a2df7d65f4eb2	NR_181383.1	100	408	0	0	1	408	324	731	0	754
b2613e86da65aaa92a5bf613bd75daab	NR_173688.1	92.138	407	28	3	1	406	338	741	1.1599999999999998e-162	571
b26a930bc4a44fa51310960f1b0ff468	NR_189245.1	93.12	407	27	1	1	407	380	785	6.869999999999997e-170	595
b27889ac076308a7815123cf75d63dd8	NR_179330.1	95.567	406	18	0	1	406	344	749	0	651
b27c18616c4df48621e44e4d677c92e8	NR_113152.1	99.764	424	1	0	1	424	354	777	0	778
b281cc13e4c14b1911f8d5de12fa75e3	NR_179330.1	92.875	407	28	1	1	407	344	749	3.199999999999999e-168	590
b284327b28c6397c0b82442e451c4c43	NR_181387.1	94.568	405	21	1	3	407	321	724	8.769999999999998e-179	625
b2baacdb91747ad313b02bbddadc3319	NR_179329.1	99.261	406	3	0	1	406	344	749	0	734
b31ea4c3ac379ab96c5eff03d5ad7fb8	NR_117574.1	99.767	429	1	0	1	429	366	794	0	787
b34f978325ec702ce77ccddf8667e2dc	NR_180465.1	99.507	406	2	0	1	406	335	740	0	739
b35ea432ae304aefe04b060d3b61c1fc	NR_102884.1	95.074	406	18	1	1	406	348	751	0	638
b367c4acd7c32fe068ef29b47148fd16	NR_181843.1	99.534	429	2	0	1	429	365	793	0	782
b379f25d921ba6703bd2a8a98a205bfa	NR_074613.1	99.257	404	3	0	1	404	367	770	0	730
b37d1cee7682158cd22a6a5a8409823f	NR_074376.1	99.764	424	1	0	1	424	368	791	0	778
b3af74fb19e36c41fd76e82f442bdc73	NR_102884.1	88.424	406	43	4	1	404	348	751	4.2799999999999987e-137	486
b3e535f5ce9d026c3e0b3f9629f57ca3	NR_181387.1	95.309	405	18	1	3	407	321	724	0	641
b3eee456b7d45d1b3838bdf62e11c5cc	NR_179442.1	99.292	424	3	0	1	424	360	783	0	773
b3f3edb21bff6589970e87ba5a221f32	NR_041691.1	98.582	423	6	0	1	423	352	774	0	749
b4117d23dcbf9c2d54b687171f85e53d	NR_179329.1	98.768	406	5	0	1	406	344	749	0	723
b4189dffc755fb7edd4da5fde3ea44a5	NR_112089.1	98.02	404	8	0	1	404	353	756	0	702
b428461fe828e4dc6fb7f928fc6aebdb	NR_109628.1	99.528	424	2	0	1	424	339	762	0	773
b4643cd3bf499cebc8dae74bc38b11b0	NR_113906.1	100	429	0	0	1	429	349	777	0	793
b47b5bacc3aca898b4f105647c6fca3e	NR_173688.1	94.059	404	24	0	1	404	338	741	1.8799999999999994e-175	614
b48d7b8500bdd26e14f643f9d269475b	NR_118128.1	99.505	404	2	0	1	404	191	594	0	736
b4a7a12e7807380c1c947968ab0f2a3e	NR_024993.1	98.515	404	6	0	1	404	366	769	0	713
b4b695f07fb78714466e74eb8496fc89	NR_040867.1	100	421	0	0	1	421	349	769	0	778
b4e0df27ff1576a1b4e72332fd0cf6c4	NR_109720.1	98.601	429	6	0	1	429	331	759	0	760
b50aa164b1df818ebf9d84af28698c45	NR_029164.1	99.065	428	4	0	1	428	366	793	0	771
b516b9977cafcf18e38551b350b1a81f	NR_179587.1	95.792	404	17	0	1	404	345	748	0	652
b52236f2d1943822f5a8667715e7669e	NR_179587.1	98.267	404	7	0	1	404	345	748	0	708
b52ae3ecc3dddbcf54f4e3027e771032	NR_179658.1	97.277	404	11	0	1	404	370	773	0	686
b5535906e07afe6a43b5eb8216e636c5	NR_102936.1	99.51	408	2	0	1	408	348	755	0	743
b583fce535d9665208f4eab1865e12db	NR_118643.1	99.752	404	1	0	1	404	271	674	0	741
b586e85a581e10c7bf8a89a3778c01ed	NR_041278.1	84.848	429	55	9	1	424	356	779	3.589999999999999e-118	424
b5d49db9d9ccb60a34050267bfcc36fe	NR_025862.1	99.534	429	2	0	1	429	358	786	0	785
b6101db6f77793d09e7242e325326678	NR_042778.1	99.767	429	1	0	1	429	362	790	0	787
b63dc699cbd4b2f3fab80336566216ed	NR_152060.1	99.509	407	2	0	1	407	353	759	0	743
b64ee2b262e8a9c37c24495d826b73b1	NR_144616.1	99.764	424	1	0	1	424	297	720	0	778
b677c91cce0f5bf869377876d49edf71	NR_144737.1	100	406	0	0	1	406	364	769	0	750
b68df4838b01fddf57083fade59ebb2e	NR_029160.1	99.752	404	1	0	1	404	310	713	0	741
b6aa72a9e9f1d955941b2f5c5c5affb4	NR_179418.1	98.771	407	5	0	1	407	365	771	0	725
b6c4dfce599a0ca87941cfd21b96c4f0	NR_027562.1	97.284	405	9	2	1	404	335	738	0	686
b6ca57b9cf5e2d88922807a1cc3e237b	NR_179418.1	93.12	407	27	1	1	406	365	771	6.859999999999998e-170	595
b6e6f89ed46e770001912cd105dc2104	NR_179564.1	99.764	424	1	0	1	424	355	778	0	778
b6efa836e0541f527d8c194e8292893e	NR_179587.1	96.04	404	16	0	1	404	345	748	0	658
b70230fc4d9966b1e424d46ba6359bc8	NR_147405.1	98.834	429	5	0	1	429	355	783	0	765
b71432e541e7d85f93b2bce13c9edcfe	NR_043680.1	99.505	404	2	0	1	404	274	677	0	736
b714b7cc520395005e8d1366ae1a1281	NR_116777.1	99.767	429	1	0	1	429	325	753	0	787
b75e17fe018c3a4d94b0204b013c9632	NR_042499.1	99.764	424	1	0	1	424	311	734	0	778
b774c858a4ddd890a67f8d317c9dda57	NR_179531.1	94.363	408	19	4	1	406	364	769	3.1499999999999995e-178	623
b78355f65cdd679e1721706bac117670	NR_043751.1	99.068	429	4	0	1	429	278	706	0	771
b7bc0fc471842c0d374ddcadfd3800dc	NR_114395.1	99.525	421	2	0	1	421	350	770	0	767
b7d1048d25f4933a627e70ae9ebe91c9	NR_174324.1	94.802	404	21	0	1	404	363	766	1.8699999999999993e-180	630
b8072e965a9ab44d7bd061eb974d8b53	NR_179531.1	94.118	408	20	4	1	406	364	769	1.4599999999999994e-176	617
b82cea06760ad41ab70a4efdf47cd580	NR_044490.1	99.017	407	4	0	1	407	366	772	0	730
b8420c2e11cc062fd99e1155ddddb171	NR_104846.1	99.01	404	4	0	1	404	305	708	0	725
b87c9f4f4d296895a7d79a9bbf80c36b	NR_181387.1	90.441	408	36	3	1	407	319	724	1.5199999999999994e-151	534
b8b9ceccddcccf589f35afadc3739d5c	NR_181757.1	97.537	406	10	0	1	406	306	711	0	695
b92e92950c40569767c5f7008e0aff32	NR_180619.1	97.789	407	9	0	1	407	364	770	0	702
b936a16df0d2e1a5c3e4c96a8d57a0b9	NR_199906.1	94.554	404	22	0	1	404	371	774	8.699999999999998e-179	625
b93759b948c482c73ed6119d7cbaf33e	NR_200000.1	93.366	407	26	1	1	406	318	724	1.4699999999999997e-171	601
b9390af2d3c1f284363c392e0a1a739e	NR_113411.1	99.528	424	2	0	1	424	358	781	0	773
b9507a288349bdcc17f0608e577d36ec	NR_028862.1	99.301	429	3	0	1	429	376	804	0	776
b99dc6abf495cc5ab5573ef2f987d0af	NR_169358.1	92.506	427	24	6	1	423	352	774	1.1899999999999997e-172	604
b9b3755b7c77e6d5079020aa2d90407f	NR_112902.1	96.948	426	13	0	1	426	444	869	0	715
b9b9b2d0c865863c4368c3c7fda9b700	NR_040877.1	98.585	424	6	0	1	424	358	781	0	752
b9f4637ce3fa827919d2519cad0f62d8	NR_199417.1	96.296	405	13	2	1	404	359	762	0	664
ba281768b4f74dadd61f1cb29cd90a19	NR_181382.1	97.291	406	7	4	1	404	339	742	0	686
ba418eda459466506fc76728e183d26a	NR_025930.1	99.261	406	2	1	1	405	313	718	0	732
ba53c1931b5500b42de365c17ce80de7	NR_144727.1	94.307	404	23	0	1	404	352	755	4.0499999999999985e-177	619
ba5850f106c41fde2bb259956986acfc	NR_144746.1	99.764	424	1	0	1	424	356	779	0	780
ba5921a710625d52e6f0e828c875ffa4	NR_159118.1	99.764	424	1	0	1	424	327	750	0	778
ba7fc05337f983fb75d2eb0afc984812	NR_144727.1	99.257	404	3	0	1	404	352	755	0	730
ba84e0a3e4dee8f374a849dc9f8e9d9d	NR_144706.1	100	424	0	0	1	424	359	782	0	784
bab8eab394735d5b1c11da2a96a5f285	NR_113077.1	99.291	423	3	0	1	423	346	768	0	765
babb2ebb5ca6d5b569dbcd2b4b628198	NR_113258.1	100	429	0	0	1	429	366	794	0	793
baf75bae1282ec65c22c4d04dbea425f	NR_125595.1	99.753	405	1	0	1	405	215	619	0	743
bb06df28169f78cac89de0263d700533	NR_025045.1	100	429	0	0	1	429	354	782	0	793
bb202becf80d63fa7ce5864768e3c7fb	NR_180830.1	83.527	431	56	11	1	424	353	775	1.3099999999999998e-107	388
bb25a610393db96d48cf37718efb7e0d	NR_179330.1	87.264	424	36	6	1	424	344	749	1.6299999999999995e-131	468
bb2b1d6963ba15b54201182b9f9b3048	NR_113151.1	87.294	425	35	12	1	407	355	778	1.5599999999999997e-131	468
bb33829c27fe6002b098b3b361bfc571	NR_113163.1	99.766	428	1	0	1	428	359	786	0	785
bb37db43a4cba4e7297f7ea91a9c16c9	NR_134062.1	100	429	0	0	1	429	329	757	0	793
bb653b075e4582d9ed32d60e52e09162	NR_181384.1	89.487	409	36	7	1	407	267	670	2.559999999999999e-144	510
bb6ed1149f71a48f29c1c1c6e35f5cfe	NR_126195.1	98.109	423	8	0	1	423	352	774	0	737
bb71bff732aa307d18f398ee17a32e8a	NR_180797.1	97.037	405	10	2	1	404	363	766	0	680
bb80f5d8ee7f16cd220c3402be6d05e4	NR_173642.1	93.382	408	22	4	1	404	366	772	5.2699999999999985e-171	599
bb8d7dea5b8d68c017a276447ec59ed0	NR_025930.1	99.015	406	3	1	1	405	313	718	0	726
bba7d9c4a18d725016d010b99bf96942	NR_041778.1	99.534	429	2	0	1	429	357	785	0	782
bc3c61d11dd12c3798f175ec5d495163	NR_113271.1	92.689	424	30	1	1	423	356	779	2.559999999999999e-174	610
bc8381305fbfd90bac5816bf551cbc50	NR_113901.1	99.068	429	4	0	1	429	349	777	0	771
bc9e2cdca2ad6b8b36024b8648e79165	NR_102944.1	99.057	424	4	0	1	424	351	774	0	761
bcaa396b7c5723b02c2f153e42c3dac6	NR_147401.1	97.203	429	12	0	1	429	349	777	0	728
bcaaab4b41a19f025db59e1e86d52e18	NR_114783.2	99.767	429	1	0	1	429	365	793	0	787
bcb411edf85db533d0b89ce04e9f62ba	NR_043016.1	99.764	423	1	0	2	424	334	756	0	776
bcfcc67f617a74e3a695d39281659761	NR_180800.1	99.505	404	2	0	1	404	364	767	0	736
bd0cde920db77d6b342aea5fdd885eca	NR_114453.1	100	430	0	0	1	430	348	777	0	795
bd323ae18c05ef24ddf56667c04faecd	NR_074257.1	100	404	0	0	1	404	321	724	0	747
bd334d165003b165390f927dae98d1cf	NR_189244.1	93.12	407	27	1	1	407	380	785	6.869999999999997e-170	595
bd4b8a9acc15a7cb4d40f2015d82c8aa	NR_179945.1	85.151	431	58	5	1	428	297	724	4.65e-122	436
bd6f5ed07449840240d7a48c07a52dcd	NR_151982.1	99.263	407	3	0	1	407	265	671	0	736
bd9231bd251b2f58e6ea6400001309e0	NR_179658.1	97.03	404	12	0	1	404	370	773	0	680
bdb3dc834fee9f9056a1eb7308fc012d	NR_113152.1	99.764	424	1	0	1	424	354	777	0	778
bdc424bc89be92082be03b5e6f4bc52a	NR_179584.1	98.02	404	8	0	1	404	344	747	0	704
bde13011cc38207725a0e3d53b7e0533	NR_174324.1	95.792	404	17	0	1	404	363	766	0	652
be0eb344996b36aecec6eb9d000235d5	NR_147371.1	96.296	405	15	0	1	405	294	698	0	665
be106c21c3f1670b27a881a5eceb27cb	NR_036800.1	99.752	404	1	0	1	404	343	746	0	741
be2946f08ac575e606a32cc7febf468b	NR_113899.1	100	430	0	0	1	430	347	776	0	795
be2b4be7ff33c52f0e7d9e378a25a11d	NR_152688.1	89.877	405	38	3	1	403	365	768	1.5099999999999994e-146	518
be3775cc7cb0be6962e2960d0203247c	NR_180622.1	97.525	404	10	0	1	404	352	755	0	691
be5d6b259b8d6fa694760f3660cb5cdc	NR_180622.1	97.03	404	12	0	1	404	352	755	0	680
bea67c77e65ae5457b2fcb70dfbc3f84	NR_074515.1	99.528	424	2	0	1	424	367	790	0	773
bea84bf10eeaefbd4d0bcf06b06e7219	NR_180833.1	99.505	404	2	0	1	404	354	757	0	736
becf6fb3c5b2265bcad513520ba0e523	NR_180797.1	100	404	0	0	1	404	363	766	0	747
bed7e9d512280ccede3cc3c1c65b964f	NR_044644.2	98.025	405	8	0	1	405	371	775	0	712
bef7533eb9589308cd1bbbc0d984cc3e	NR_152059.1	94.828	406	18	2	1	403	289	694	1.8599999999999994e-180	630
bf0569e0ba1aaaac4f24dce59cd4adc9	NR_114783.2	99.767	429	1	0	1	429	365	793	0	787
bf3959a0190e5d7512a7223d81f909c9	NR_118316.1	99.394	330	2	0	16	345	449	778	4.4499999999999985e-171	599
bf56427933b69b042cf8ae27157aa2ca	NR_178280.1	99.505	404	2	0	1	404	348	751	0	736
bf8c9c2d2bf5f63b5201d63ba69923ae	NR_025566.1	99.767	429	0	1	1	429	320	747	0	785
bfad690571983692244717f38b9c41c7	NR_041351.1	100	424	0	0	1	424	358	781	0	784
bfc3564999e9f0d35744b4dd28716c1c	NR_118316.1	99.057	424	4	0	1	424	355	778	0	761
bfe07c59bee411e4332fe15f1ca6445b	NR_041313.1	99.528	424	2	0	1	424	357	780	0	773
bfed61bd5a541212fa090b9882d9f277	NR_117139.2	99.01	404	4	0	1	404	363	766	0	725
bfed8684230bb41dd97829fd6888af77	NR_147381.1	97.209	430	10	2	1	429	349	777	0	726
bff36b84e1516dc399ddde3f57043578	NR_178972.1	99.752	404	1	0	1	404	302	705	0	741
bfff285930279e14cb5684be9c44588a	NR_180451.1	99.534	429	2	0	1	429	355	783	0	782
c01510bff7b77875a8b1558ee4d6530d	NR_180815.1	100	404	0	0	1	404	367	770	0	747
c021931a2dca87058977b020b868769a	NR_178515.1	99.301	429	3	0	1	429	337	765	0	776
c0339f40a234c60c3e7ddc60f7a1a3e5	NR_144614.1	99.766	428	1	0	1	428	305	732	0	785
c03e9ee3add8f96519c1836270c18e13	NR_144746.1	99.764	424	1	0	1	424	356	779	0	780
c04e63832bcfb7d7374a19b7d56cc3b3	NR_181392.1	100	406	0	0	1	406	341	746	0	750
c05e569b999ca8c9708e8e0f934264e1	NR_147371.1	97.531	405	10	0	1	405	294	698	0	693
c06bc9d90cc3894a891bcf125cef12d5	NR_126194.1	98.818	423	5	0	1	423	352	774	0	760
c06e01a322f8efc02a4166a995d986fd	NR_179587.1	98.02	404	8	0	1	404	345	748	0	702
c077ac129ab114ca70a368e9c02d5390	NR_189244.1	93.154	409	23	5	1	407	380	785	6.869999999999997e-170	595
c093a73e47b01d220624c2a73120c2a0	NR_113073.1	99.764	424	1	0	1	424	346	769	0	778
c0dab835cd1c4993cbeffe86933c9a46	NR_043681.1	100	404	0	0	1	404	330	733	0	747
c106ca8cc1b8637c31aa4f5f074c819d	NR_118730.1	98.515	404	6	0	1	404	372	775	0	725
c12e33a0a9682c774dca5456b2a5fa7c	NR_044972.1	93.382	408	25	2	1	407	348	754	3.179999999999999e-173	606
c1315987d3e1bb51e80cd43716ebfb60	NR_117139.2	99.752	404	1	0	1	404	363	766	0	741
c13d422a5f1a81f277c70b3f97156f24	NR_181398.1	98.515	404	6	0	1	404	316	719	0	713
c16bae962a7cb48d563170bf39d2ee23	NR_126195.1	93.617	423	27	0	1	423	352	774	0	632
c170a5cd45cc68f0422f1bbf46ddad4b	NR_169358.1	100	423	0	0	1	423	352	774	0	782
c17df193feb06dad0aa77541f0cce6f8	NR_118128.1	99.752	404	1	0	1	404	191	594	0	741
c1925b551b42040fb65c0ed1a058fcb4	NR_179410.1	99.509	407	2	0	1	407	366	772	0	741
c19ca3376d9a632a48f7a6bbbca62819	NR_179330.1	92.157	408	29	3	1	407	344	749	3.219999999999999e-163	573
c1ae46ce1b0715d6c7be9af6c2d5b29a	NR_179418.1	96.806	407	13	0	1	407	365	771	0	680
c1d3c8222c462636f0a757eb4d51f6f1	NR_029313.1	97.044	406	12	0	1	406	377	782	0	684
c1e8642f8860f09533337e6dcac4c65f	NR_176506.1	100	428	0	0	1	428	332	759	0	791
c1f24f988ee87b7b21097275c7f00458	NR_042401.1	99.767	429	1	0	1	429	365	793	0	787
c1fa09d503674c48e50393eca821cb6a	NR_178972.1	99.752	404	1	0	1	404	302	705	0	741
c204ae53d9d3b0e0eb94baade8976b94	NR_102934.1	99.752	404	1	0	1	404	348	751	0	741
c23ca48db7045b4d2e4802e2afaf8c31	NR_180563.1	88.395	405	44	3	3	405	310	713	1.5399999999999997e-136	484
c257458ad35f300807c4e8efd190709e	NR_180797.1	97.284	405	9	2	1	404	363	766	0	686
c26266894a9f266aff3cbf079352e034	NR_156081.1	96.04	404	16	0	1	404	353	756	0	658
c29004f836c1c8018f8abb9ff322e225	NR_133027.1	99.765	426	1	0	1	426	367	792	0	782
c2aa8de3fb63b1a44d8aaa412eac66a7	NR_074902.1	99.767	429	1	0	1	429	358	786	0	787
c2b580235001a4b40aa49e6337f64916	NR_113151.1	97.877	424	9	0	1	424	355	778	0	734
c2caad7958aefc54fbd19e1a9993b77c	NR_178273.1	99.505	404	2	0	1	404	328	731	0	736
c2fe773b6c85f62824b670a6cddd1a68	NR_199945.1	88.834	403	44	1	3	405	354	755	2.5699999999999997e-139	494
c31859f127911240d2b8c03abc8cc8d7	NR_199945.1	96.287	404	15	0	1	404	352	755	0	664
c32c2c8bd0efd1a31e38e32ce569eae0	NR_102944.1	99.057	424	4	0	1	424	351	774	0	761
c336c4e802838a08dd6c76049da5fae2	NR_180451.1	99.534	429	2	0	1	429	355	783	0	782
c350d6d15f19e81d0284b02874ba1df8	NR_181198.1	100	429	0	0	1	429	285	713	0	793
c35644ac79e7ae4966ee0ffb90add262	NR_176530.1	96.552	406	14	0	1	406	375	780	0	673
c3aed3042640b52c3e38c96c104fdca7	NR_044644.2	97.778	405	9	0	1	405	371	775	0	706
c3aee65b45fdc4d86ec5685c01cbea88	NR_179559.1	96.543	405	13	1	1	404	350	754	0	669
c3d808000ce094e44f3dd00258ffe38c	NR_113270.1	96.535	404	14	0	1	404	365	768	0	669
c438993d4b6beaa7590e7768cb32a89d	NR_181387.1	100	406	0	0	1	406	319	724	0	750
c4445d0a9891299e540eee807aacb8db	NR_118554.1	93.382	408	25	2	1	407	346	752	4.109999999999999e-172	603
c455f0f0c5260373d8c3d2b83c28c5cf	NR_176530.1	100	406	0	0	1	406	375	780	0	750
c47339f40058eab7e13a30e471290ca1	NR_112939.1	100	424	0	0	1	424	351	774	0	784
c47b089d12677bee244b1347cb2e9897	NR_179587.1	98.267	404	7	0	1	404	345	748	0	708
c47cd8c7b31402ffe7c60604b1e391ef	NR_180451.1	99.534	429	2	0	1	429	355	783	0	782
c4bf908610bf22c42dd14993f138e24b	NR_042499.1	100	424	0	0	1	424	311	734	0	784
c4c31cdbffc10a49f00e43a219d48d35	NR_117147.1	99.752	404	1	0	1	404	363	766	0	741
c4eba7b0cb543eddac51c9fe5ce67fde	NR_180797.1	98.515	404	6	0	1	404	363	766	0	713
c4f37791802bda6ad66643d65c9d4816	NR_175509.1	99.764	424	1	0	1	424	358	781	0	778
c51c720b96b1813d2e3ff207d6eb56e7	NR_074535.1	99.527	423	2	0	1	423	351	773	0	771
c5c200356c53f3783d634aa0406cf3e9	NR_113925.1	100	429	0	0	1	429	336	764	0	793
c5d46336f7f75f81be0d5f289475816f	NR_180233.1	91.375	429	17	9	1	409	329	757	4.189999999999999e-162	569
c5d5cf1b1ee38f6dd5ed31302ad351e2	NR_179859.1	91.872	406	30	3	1	405	364	767	1.9299999999999992e-160	564
c5d70cf0c823b4e9409887e66f85b1a1	NR_112942.1	99.528	424	2	0	1	424	340	763	0	773
c5e8adbc179ef75642a461f39608e540	NR_114400.1	100	407	0	0	1	407	338	744	0	752
c5eb9bc0e0cf0913a56050764a314e9a	NR_156911.1	99.752	404	1	0	1	404	368	771	0	741
c6321c3e86dadb373e624c1aba272cc1	NR_156912.1	91.667	408	30	4	1	405	324	730	6.939999999999998e-160	562
c63a9d9a5a95f1d0ed27473646ec8814	NR_118316.1	99.764	424	1	0	1	424	355	778	0	778
c64da25b9c67b654fb9d2d464af0c0cf	NR_118249.1	98.834	429	5	0	1	429	331	759	0	765
c65af841e9a19b2f922f52e23d3b1508	NR_025600.1	95.116	430	19	2	1	429	319	747	0	676
c6caefd3e9846885b5872440a40a4bbd	NR_029355.1	93.857	407	21	4	1	406	349	752	2.449999999999999e-174	610
c6cdc71a1f7376db5a843ade152ed641	NR_113901.1	100	429	0	0	1	429	349	777	0	793
c6f78a2494e0b2011d42d0b949415c53	NR_179535.1	98.578	422	5	1	1	421	352	773	0	745
c73132a565ba4b9061ffb8e598b8374f	NR_179564.1	99.528	424	2	0	1	424	355	778	0	773
c7444b1d9b200fdeb922693aab29deb4	NR_025930.1	99.507	406	1	1	1	405	313	718	0	737
c77807e0c7f5411e609e16152a582124	NR_189244.1	91.707	410	27	7	1	407	380	785	6.969999999999998e-160	562
c77916bcefb68563d78cafd9c1c06f46	NR_074376.1	99.057	424	4	0	1	424	368	791	0	761
c79bb7e91123622eafc74ba9d9d96139	NR_113118.1	99.292	424	3	0	1	424	345	768	0	767
c7a3b1b33ff81e2fce20751e317c3294	NR_126194.1	98.818	423	5	0	1	423	352	774	0	760
c7a73968771cf1a7824786a0403a043e	NR_113091.1	99.529	425	2	0	1	425	352	776	0	774
c7b9daee8dcb3368ea7020b0291aaf9d	NR_074535.1	99.764	423	1	0	1	423	351	773	0	776
c7cf7f3d25db2e473446f84c661213ca	NR_041343.1	99.764	424	1	0	1	424	357	780	0	778
c7d9db00139f7da8992f09f1f5f4c017	NR_179587.1	96.04	404	16	0	1	404	345	748	0	658
c7f5eeb88cbdf8ab86e25488f0cc823f	NR_144579.1	100	404	0	0	1	404	339	742	0	747
c80e02944086ee5d381cd6ef039668de	NR_042778.1	99.767	429	1	0	1	429	362	790	0	787
c80f8319c9b20ca3ba0fa0162f0065c0	NR_179449.1	100	424	0	0	1	424	359	782	0	784
c827f9b3c8845c37a440982643fa8447	NR_041278.1	99.292	424	3	0	1	424	356	779	0	767
c83cd72d1dc0fd5a1850e153dfaabe90	NR_144610.1	100	404	0	0	1	404	356	759	0	747
c849dec011f9578045e4ab26fd344466	NR_156081.1	97.778	405	7	2	1	404	353	756	0	697
c87ef2dab69ed67e279823ed442c676d	NR_043016.1	100	424	0	0	1	424	333	756	0	784
c8a6da42a50ec7ae9840157ea2329202	NR_179584.1	97.772	404	9	0	1	404	344	747	0	699
c8d35274be11b3f9745e26a3fc53162a	NR_179801.1	99.754	406	1	0	1	406	364	769	0	745
c8fc63afb96073fbee03496b83ac8b51	NR_074902.1	99.534	429	2	0	1	429	358	786	0	782
c909f31a3373607f8578b53e5f21b4dd	NR_181401.1	97.022	403	12	0	1	403	320	722	0	678
c937fd736d7e6210f52b259f4833aacb	NR_147378.1	100	405	0	0	1	405	356	760	0	749
c94f9ceb020b11ad2d61748f72d3ee04	NR_025566.1	99.534	429	1	1	1	429	320	747	0	780
c9505e02a56b14e747289f100bd1f4dc	NR_180811.1	95.338	429	20	0	1	429	346	774	0	682
c9541ad26f1653a24b1b4c8878aa4e7e	NR_041342.1	99.292	424	3	0	1	424	353	776	0	767
c96776a085e0861b91a8ec4d7bf46be2	NR_165747.1	99.534	429	2	0	1	429	335	763	0	782
c97d39ffec4f7f83d87ce10adbf1324e	NR_028915.1	99.754	406	0	1	1	405	332	737	0	743
c9a16a0ef055ccb033bdc7c63c04cbb5	NR_025862.1	98.368	429	7	0	1	429	358	786	0	758
c9e49376b39f8ab6f09a9df1c53d61ea	NR_044048.1	99.752	404	1	0	1	404	345	748	0	741
ca2fbe4dc89288e5754e6dafc212e1e4	NR_171444.1	98.02	404	8	0	1	404	318	721	0	702
ca4cd2b8206b9a023ecee75732f50092	NR_109014.1	99.752	404	1	0	1	404	212	615	0	741
ca613d8e3799e1ecc0fafa9d4a64b905	NR_200000.1	98.28	407	7	0	1	407	318	724	0	713
ca69badb918d66fd7fb9f780440ee78c	NR_181879.1	87.529	425	48	4	1	422	302	724	4.489999999999998e-137	486
cab8d9b4455cd424e8debef87f81fd97	NR_180800.1	99.752	404	1	0	1	404	364	767	0	741
cb2c4d7d46834d1fd45ba4e6d5876988	NR_200000.1	91.892	407	33	0	1	407	318	724	4.1699999999999987e-162	569
cbbaae2df526368589dc3572f01d76a4	NR_027579.1	99.752	403	1	0	2	404	334	736	0	741
cbd1e73de7cb4d36f184d3e82e0c44b0	NR_165747.1	99.767	429	1	0	1	429	335	763	0	787
cbd6427d9ce7f20a222ae374d8bacf23	NR_152059.1	94.828	406	20	1	1	405	289	694	0	632
cbe36f2c99ffabf289da16f766bd8873	NR_170426.1	99.767	429	1	0	1	429	329	757	0	787
cbf91c14ab6c9f5025b60a4c58c470fc	NR_118334.1	90.094	424	41	1	1	423	338	761	5.659999999999998e-156	549
cc1f0a633f6d506f2a4a956fe00f6221	NR_179701.1	100	405	0	0	1	405	348	752	0	749
cc1f106dae404eca16e3b7d588d58645	NR_074515.1	99.764	424	1	0	1	424	367	790	0	778
cc1f42b2b3aba299444d84b6ce34ca49	NR_179651.1	95.116	430	13	7	1	426	367	792	0	671
cc38f97acde7442cce9e5686dfd636b9	NR_027573.1	99.256	403	3	0	1	403	320	722	0	728
cc67321cad4537a6026a78f769cbee84	NR_180451.1	99.301	429	3	0	1	429	355	783	0	776
cce9e8f8a9c45c14f814b0eeb1d51387	NR_181387.1	92.875	407	27	2	1	406	319	724	3.189999999999999e-168	590
ccf02e8fab3543d76424686c25221b13	NR_147378.1	99.012	405	4	0	1	405	356	760	0	726
cd2a0abc0f98e854ceb51460af08c8aa	NR_074399.1	96.049	405	15	1	1	405	350	753	0	658
cd382519cdf4c2c6bd89acc2ce47e15d	NR_178273.1	100	404	0	0	1	404	328	731	0	747
cd3c799c5f5fd87f53beea52f89379bc	NR_125606.1	100	403	0	0	1	403	339	741	0	745
cd4a4cd5016bf44fe442b7072a21e1eb	NR_117506.1	100	409	0	0	1	409	328	736	0	756
cd74f26ec0aed30031e0afcbcb462ae8	NR_180452.1	98.821	424	5	0	1	424	338	761	0	756
cd7b271d497b9d6fc864e15e7d77b6b3	NR_181390.1	95.297	404	18	1	1	403	321	724	0	640
cd95291eb5f249303f14adab4cf0c840	NR_029164.1	99.533	428	2	0	1	428	366	793	0	782
cd9a671490138a962d1e56bf3aac1e6a	NR_180451.1	99.301	429	3	0	1	429	355	783	0	776
cd9b470761435bd4ec6ce3156d831f12	NR_043709.1	85.151	431	61	3	1	429	359	788	1.3e-122	438
cdb3ecaa2a150406e3fcd6d289539abf	NR_044972.1	92.892	408	27	2	1	407	348	754	6.869999999999997e-170	595
cdba06b8c9d28e83744fdbd5750d2d18	NR_118128.1	94.581	406	18	3	1	404	191	594	8.699999999999998e-179	625
cdc150933ec55ac230fb53657676d12b	NR_181388.1	100	404	0	0	1	404	405	808	0	747
cdcfffe8dcbfcafd37feef816c206371	NR_042832.1	92.857	406	23	6	3	405	349	751	1.4799999999999995e-166	584
cdda6e5c135ad8faa8a372cc31ecccc2	NR_179449.1	99.764	424	1	0	1	424	359	782	0	778
cdfd8bd58e66364cd2262817f9ccd261	NR_144749.1	94.815	405	19	2	1	403	364	768	1.8599999999999994e-180	630
cdff5f58e858579d6958f48de22de80a	NR_181400.1	94.541	403	22	0	1	403	265	667	8.679999999999998e-179	625
ce04c001c6c43d28b5c17960d798d01d	NR_041667.1	100	429	0	0	1	429	337	765	0	793
ce831df21c69f877f64f2f831d622e41	NR_179713.1	84.275	407	64	0	1	407	336	742	2.0799999999999996e-110	398
ce920fe1878f52dc171c73921af67ca8	NR_041666.1	99.767	429	1	0	1	429	353	781	0	787
ceab618a6d5d915ae7a6338c9efd0fa5	NR_136788.1	99.528	424	2	0	1	424	356	779	0	773
cec975bd6af8d56f82895105d2ce6a1e	NR_112835.1	99.764	424	0	1	1	424	353	775	0	776
cee9861bbe44dab37d264380c4f4d5c7	NR_102884.1	92.611	406	28	2	1	406	348	751	5.339999999999998e-166	582
cf1fb7065ef25beb6099a71f58e7a823	NR_118128.1	99.752	404	1	0	1	404	191	594	0	741
cf2c31a4fa3065b61a2e8f3f4ed9f110	NR_027596.1	99.767	429	1	0	1	429	346	774	0	789
cf3574285b06ff87e72910ee1e6002ae	NR_041342.1	99.292	424	3	0	1	424	353	776	0	767
cf426b90a891eded9f61984b39112a6d	NR_144727.1	94.059	404	24	0	1	404	352	755	1.8799999999999994e-175	614
cf46700c62d9fd534d46fc8194edfd02	NR_200000.1	99.754	407	1	0	1	407	318	724	0	747
cf47c18fe2c07ee093fecdd3c44436ba	NR_028915.1	99.507	406	1	1	1	405	332	737	0	737
cf4b874cc88fdd440ac2c1b82c2e752b	NR_179296.1	99.764	424	1	0	1	424	341	764	0	778
cf5775f117cf07ad102abfd1ea473bc1	NR_118316.1	95.283	424	20	0	1	424	355	778	0	673
cf59ba99d746551033f2c40b8bf898f4	NR_180005.1	99.767	430	1	0	1	430	345	774	0	789
cf6bc936e552dcb1b7d506375266e57d	NR_144706.1	99.528	424	2	0	1	424	359	782	0	773
cf732a856bc44801c7881b09ab7d2a91	NR_074515.1	99.528	424	2	0	1	424	367	790	0	773
cfa03c0610a8cf863e1de7313ac21814	NR_200000.1	98.034	407	8	0	1	407	318	724	0	708
cfb4bd2040c603d72af521dd16614913	NR_179325.1	99.531	426	2	0	1	426	317	742	0	776
cfe2e166677e077742a561249a59e013	NR_112933.1	99.057	424	4	0	1	424	351	774	0	761
cfe7af625ba415374b3f1c8d5b616429	NR_104846.1	96.535	404	14	0	1	404	305	708	0	669
cfebc5e5d6aff82cec0d2c04d5d96f88	NR_200000.1	97.789	407	9	0	1	407	318	724	0	702
cff04cd68dc7adea556eb94ac904b33a	NR_113901.1	99.767	429	1	0	1	429	349	777	0	787
d01bdbb0a10fc3cfa29384331b5cc160	NR_126194.1	97.872	423	9	0	1	423	352	774	0	737
d0414c3c69e79f67bcce1e93217fbde4	NR_044490.1	99.263	407	3	0	1	407	366	772	0	736
d04c06260f0fc7def0836f5ac4519f5e	NR_181390.1	95.297	404	19	0	1	404	321	724	0	641
d0d71323b9dd35b87d972d7332c7828d	NR_029160.1	99.752	404	1	0	1	404	310	713	0	741
d0dfe8fe572b4b8f4a058f648c19a6b6	NR_199417.1	95.802	405	15	2	1	404	359	762	0	652
d0e06ee6acc21bb92ea056853dfc2e34	NR_179562.1	96.729	428	14	0	1	428	360	787	0	713
d10855633324e9126d8effd87ba3c33a	NR_180797.1	97.277	404	11	0	1	404	363	766	0	686
d118dedcb8277a28e6d3ae772fe1a2be	NR_118670.1	99.01	404	4	0	1	404	374	777	0	732
d12998c0b301f0567ecfd29cc6737dd8	NR_114395.1	98.815	422	4	1	1	422	350	770	0	750
d157ade9303477ab0b43e69c842bf44d	NR_180833.1	99.752	404	1	0	1	404	354	757	0	741
d17255cbdb5c4ab6a59066f5967a6a71	NR_029160.1	99.257	404	3	0	1	404	310	713	0	730
d17c4cd840607481ebbfe27b0e4a31eb	NR_179410.1	95.332	407	18	1	1	406	366	772	0	645
d18c51849ca70a50e6b7ebcdb09e3a46	NR_178280.1	99.752	404	1	0	1	404	348	751	0	741
d1991334815cf5a249521d84e7966f8a	NR_118128.1	99.752	404	1	0	1	404	191	594	0	741
d1b4577a0a224146a0765cc86741369a	NR_180797.1	97.778	405	8	1	1	405	363	766	0	697
d1c83bcef5d09c5f3667ba3579f5cf33	NR_178972.1	99.752	404	1	0	1	404	302	705	0	741
d1e34158f5fc77d4a7cedea898ded32e	NR_148620.1	89.487	409	34	8	1	405	212	615	9.169999999999996e-144	508
d1faf95325293e4068a277b0c7fae192	NR_125464.1	88.02	409	44	5	1	407	342	747	7.219999999999999e-135	479
d205c20cac87ca9e099d0ff657793f25	NR_151900.1	94.554	404	22	0	1	404	368	771	8.699999999999998e-179	625
d21e9fccc28fe83d3a86fa90bd2315ed	NR_180640.1	99.534	429	2	0	1	429	356	784	0	782
d263a3dad1d8b9e5a12695c047ded575	NR_181761.1	84.597	409	58	5	1	407	286	691	1.6099999999999997e-111	401
d2c85e42c8f4190aefae6f37d03b9108	NR_043680.1	99.257	404	3	0	1	404	274	677	0	730
d2db67ec724b0a496e18bed1fb41a23c	NR_074515.1	99.528	424	2	0	1	424	367	790	0	773
d30627e83ca41c532bc74f57cedca722	NR_041342.1	98.585	424	6	0	1	424	353	776	0	750
d326b0f5a593fefc9ae9cb01b92dca69	NR_179631.1	100	404	0	0	1	404	365	768	0	747
d328b4eb8e863f51eaaaf7b6d05ba5fb	NR_074515.1	99.764	424	1	0	1	424	367	790	0	778
d33595270a5b753cdc70e867422e88de	NR_116168.1	99.534	429	2	0	1	429	352	780	0	782
d385945a3bad86314cb9534d2cb37243	NR_044289.1	99.752	404	1	0	1	404	345	748	0	741
d391971df21c5b25f8816b50dd3bec7b	NR_126195.1	98.345	423	7	0	1	423	352	774	0	743
d3adc7938d801120538af296b9c4703a	NR_074515.1	99.528	424	2	0	1	424	367	790	0	773
d3b52066cf8f87d29567529bf4782295	NR_113114.1	100	424	0	0	1	424	355	778	0	784
d3fb7dce647f3a2523085d69730012b5	NR_144607.1	99.505	404	2	0	1	404	299	702	0	736
d43625ffd9a4c875d03ed9c52c9bbc13	NR_114395.1	99.291	423	0	2	1	422	350	770	0	761
d443d45b9452b33e2f15317f488a8aff	NR_113316.1	100	405	0	0	1	405	344	748	0	749
d444cbdc5060b38f3fb1cd022c5035a5	NR_144612.1	99.01	404	4	0	1	404	367	770	0	725
d4535a084421c28e38562926571e17bf	NR_104836.1	100	404	0	0	1	404	350	753	0	747
d465495d81d2b3897127c6b44d4af9b0	NR_112940.1	99.764	424	1	0	1	424	344	767	0	778
d4745703c1d8f9f89944ae6847ae6f07	NR_074802.2	99.516	413	2	0	1	413	358	770	0	752
d47d05e9a33df7b7946ff6e9977d2d33	NR_037020.1	98.815	422	4	1	1	421	331	752	0	752
d4840c45eb37593108d020fb6a63f8e2	NR_197643.1	94.802	404	21	0	1	404	346	749	1.8699999999999993e-180	630
d4a00ffad5cc6f611d9bd5b1a1f30f1e	NR_179369.1	99.752	403	1	0	1	403	351	753	0	739
d4cc30ad0be9ca15eb1eed5a0cb359b9	NR_117905.1	96.287	404	15	0	1	404	303	706	0	664
d5303ea52f4ddabb6bf7fdd6597e7c7f	NR_134772.1	96.782	404	13	0	1	404	314	717	0	675
d5428371eaf831f40e568e364f01dbd5	NR_113067.1	86.085	424	59	0	1	424	342	765	3.539999999999999e-128	457
d55be0884ce619c96637a356c2d538d6	NR_144727.1	94.059	404	24	0	1	404	352	755	1.8799999999999994e-175	614
d563fc0b0bd4cbbec47e8323579aab9b	NR_189245.1	94.335	406	21	2	1	404	380	785	1.1299999999999996e-177	621
d56d7276d54b9ea37990df172d330445	NR_113899.1	99.535	430	2	0	1	430	347	776	0	784
d5770b38cf82835bbcf7ff047425d773	NR_112945.1	95.991	424	17	0	1	424	344	767	0	689
d5a52e385afbf33d1cebf4833b573be0	NR_114080.1	99.767	429	1	0	1	429	329	757	0	787
d5ad10647b257a3ce9c20154207fff50	NR_074376.1	99.528	424	2	0	1	424	368	791	0	773
d5d033f5d15a8ef02d13108ff7c2504e	NR_102934.1	100	404	0	0	1	404	348	751	0	747
d5f21831cb3593ddecf6c9250dd4de2e	NR_040925.1	88.471	425	45	4	1	424	333	754	2.679999999999999e-144	510
d613c8f3a05bcea5c09e5a7b23942cb7	NR_118128.1	99.505	404	2	0	1	404	191	594	0	736
d62a419268f362d53e5a681bd056f73b	NR_042499.1	99.764	424	1	0	1	424	311	734	0	778
d6499bba121c599d753d6caa644d8f62	NR_144748.1	99.752	403	1	0	1	403	352	754	0	739
d65dc4381079ebc8e356d9c594bc57d1	NR_104907.1	95.062	405	20	0	1	405	332	736	0	638
d6868f792be4899e07f28c827f08ea53	NR_112939.1	99.764	424	1	0	1	424	351	774	0	778
d68ca4f9fff9994699fc869f96e13227	NR_041464.1	99.764	424	1	0	1	424	357	780	0	778
d69124fd7d2ae4a2b1263211c94248e4	NR_189244.1	95.813	406	17	0	1	406	380	785	0	656
d6b30012321cdc4f864fd38850243ad7	NR_179587.1	98.267	404	7	0	1	404	345	748	0	708
d6bcca2967006d463fbfc0be1065a031	NR_113319.1	98.519	405	4	2	1	404	367	770	0	713
d6c2fa3f8543c22295d11b4c46ce42b5	NR_158111.1	92.665	409	22	7	1	407	366	768	5.349999999999998e-166	582
d6c4b7dd8d0ceeb4ce85bd35ebf97162	NR_181383.1	86.861	411	45	9	1	405	324	731	1.5699999999999997e-126	451
d6d406af3b4d6bdf799419560129e089	NR_199906.1	97.772	404	9	0	1	404	371	774	0	697
d71f7c2cfa428c745d5de0ad6b4a6b2f	NR_179325.1	99.531	426	2	0	1	426	317	742	0	776
d739eeca10d9a239cfa8ff026da23c20	NR_117425.1	99.767	429	1	0	1	429	340	768	0	787
d78239d360be118b8b0273296d588ded	NR_178972.1	99.752	404	1	0	1	404	302	705	0	741
d78e257d39a32641db6c6c00d0dd0566	NR_144611.1	94.103	407	24	0	1	407	299	705	4.079999999999999e-177	619
d7ac8cda704968c3b98301c34b621621	NR_200000.1	95.086	407	19	1	1	406	318	724	0	640
d7d3cdd53799e5296423251aa8f5cb20	NR_074784.2	99.764	424	1	0	1	424	362	785	0	778
d7f53c17c4f6c7810e4f63234cf9d064	NR_147401.1	99.534	429	2	0	1	429	349	777	0	784
d7f65d98755fc8ad4242a8932d8256ae	NR_074535.1	99.291	423	3	0	1	423	351	773	0	765
d83e4131cd79924be09504997f64b85e	NR_043968.1	88.837	430	27	8	1	430	310	718	9.769999999999996e-144	508
d85e236a59dde01c921e31a92adce302	NR_041278.1	96.479	426	11	4	1	424	356	779	0	701
d862ff0f8f5c9f39ae13f080aa680bb3	NR_117758.1	99.754	406	1	0	1	406	339	744	0	745
d864be0e177165b2d86413379eff2665	NR_113073.1	92.506	427	27	5	1	425	346	769	3.329999999999999e-173	606
d87e49687a8912d0382e88ef6f3d6db7	NR_113077.1	99.527	423	2	0	1	423	346	768	0	771
d8d2692e291712d6338edaff00c20212	NR_165747.1	99.767	429	1	0	1	429	335	763	0	787
d91079406ab6d3ef5cf85494b8ee4775	NR_104846.1	91.626	406	30	4	1	404	305	708	8.949999999999997e-159	558
d9133088b72c8c4a13cc4e1e1ed340c9	NR_181232.1	84.149	429	54	11	3	424	338	759	4.669999999999999e-112	403
d9284718b88f39e4a6b0f46705a55f32	NR_037007.2	99.767	429	1	0	1	429	365	793	0	787
d944fb5a02fe97e07aa565a69f437b5f	NR_173697.1	99.754	406	1	0	1	406	366	771	0	745
d94bb0aac0f7798e4396c89d9f456b4a	NR_113316.1	99.506	405	2	0	1	405	344	748	0	737
d95715d231c83e808fa4cf81a884e5d5	NR_180451.1	99.534	429	2	0	1	429	355	783	0	782
d95ece56860221019a2d090f4440fa33	NR_074376.1	100	424	0	0	1	424	368	791	0	784
d9790934a2d113adcc19f8afd8362e1a	NR_028883.1	98.272	405	6	1	1	404	243	647	0	708
d9a3560d34f34aad73e3c4c34977b915	NR_102936.1	98.775	408	5	0	1	408	348	755	0	726
d9b0cab4a1bab87124400c16f6eb27d4	NR_044491.1	99.529	425	2	0	1	425	344	768	0	774
d9b4ea5fba58ff9e8ba14e6ee67ffa16	NR_112835.1	99.528	424	1	1	1	424	353	775	0	771
d9ce2bfb21db7647d1c9aa44629b89d3	NR_042953.1	99.257	404	3	0	1	404	325	728	0	730
d9ee590e7a0a3390b9f992768aba46e0	NR_181384.1	91.646	407	30	4	1	406	267	670	2.499999999999999e-159	560
da01a59a31bd36e5c1599b8ff7c9d2f5	NR_113021.1	99.752	404	1	0	1	404	348	751	0	741
da274eee1c34b67b2f809cf4d91d4c5c	NR_044972.1	93.12	407	28	0	1	407	348	754	1.4799999999999995e-171	601
da33a421c9821c1d0c25c56d10f00e59	NR_028997.1	99.506	405	2	0	1	405	320	724	0	737
da3fd1a55a332ea87aa1da2b633d54b2	NR_181987.1	100	429	0	0	1	429	344	772	0	793
da67f375cbaa43ef7753b175e882d8c1	NR_118516.1	100	405	0	0	1	405	329	733	0	749
da6bef5e5ac44ee2f0fa9b263b14b639	NR_181843.1	99.534	429	2	0	1	429	365	793	0	782
da9a9dbda2b63a35ed52b64ce95064f3	NR_181391.1	100	404	0	0	1	404	266	669	0	747
daadf0bffe5ed8de1f848ccb26aa1e85	NR_041342.1	99.764	424	1	0	1	424	353	776	0	778
dae628e64ee06181241318e1f893444b	NR_114393.1	100	428	0	0	1	428	343	770	0	791
db16769863d5b479e1da8f1845f2b1cd	NR_041278.1	97.877	424	9	0	1	424	356	779	0	734
db428910aba6488eba9e9787364bba98	NR_044054.1	99.752	404	1	0	1	404	314	717	0	741
db693423437188492c5fd3e2a9a0bfde	NR_026312.1	97.525	404	10	0	1	404	344	747	0	693
db7cdcf855afe8691a4b266ae6469b90	NR_179330.1	99.015	406	4	0	1	406	344	749	0	728
dbd6bf037aa0b17fb49c2271153f873c	NR_181532.1	90.566	424	40	0	1	424	339	762	7.279999999999997e-160	562
dbe7a59b98910cf10fa7891a0fbcae1a	NR_153710.1	88.657	432	44	4	1	430	354	782	1.2499999999999996e-147	521
dc193d86f5e1d790618c05cc0c9f90ce	NR_113355.1	98.368	429	7	0	1	429	373	801	0	754
dc275229461f553b493601f7407bffeb	NR_197695.1	99.767	429	1	0	1	429	361	789	0	787
dc321ba26ae80fdc3a6fec5ec4a82005	NR_113387.1	100	429	0	0	1	429	371	799	0	793
dc7043f3458208dc04b6f91f9f63f173	NR_126195.1	97.872	423	9	0	1	423	352	774	0	732
dc843c4b5e4ff4a0633350a51e600af9	NR_044490.1	100	407	0	0	1	407	366	772	0	752
dc93bd51e322e330ef9225295e9b9a88	NR_179658.1	96.798	406	10	2	1	405	370	773	0	675
dca7ecbab5474202000fc207fd074c95	NR_179330.1	99.754	406	1	0	1	406	344	749	0	745
dcbdf5fb83cba103562e6c0a0b5c8c31	NR_102895.1	100	424	0	0	1	424	366	789	0	784
dcda3e04461c0a27d14977b8bba22074	NR_145929.1	94.853	408	17	2	1	404	336	743	0	634
dcf0a38db792d0ca72a088c07015225c	NR_113411.1	98.585	424	6	0	1	424	358	781	0	750
dcfaf16bd8d89f482fe605e35a781926	NR_113153.1	99.764	424	1	0	1	424	351	774	0	778
dd0f85e40ff3f28553e7dcf117517067	NR_180148.1	100	407	0	0	1	407	366	772	0	752
dd1094527fc7bfc09b14e1954929388b	NR_114393.1	96.028	428	17	0	1	428	343	770	0	697
dd21da4b754e36243b31b32549c7c719	NR_112945.1	99.528	424	2	0	1	424	344	767	0	773
dd35249a7c0e5c6b507be69feb4fc115	NR_113090.1	99.764	424	1	0	1	424	346	769	0	778
dd41a2100658a23315437843e0fb6001	NR_113151.1	98.821	424	5	0	1	424	355	778	0	756
dd46e49253c450c4ad84ab588bd83495	NR_041960.1	99.506	405	1	1	1	404	239	643	0	736
dd4798d9a8b8dfb39eee48079c0ab2a0	NR_159118.1	94.575	424	23	0	1	424	327	750	0	656
dd49d1ccc7417c2f9a098a2867e8bb3f	NR_179329.1	99.015	406	4	0	1	406	344	749	0	728
dd5ce8d0b040693d540cb5aaf1b9fb3b	NR_144740.1	100	403	0	0	1	403	338	740	0	745
dd5d94f04ddb9c79f3c6b1048d220ad1	NR_118156.1	97.291	406	11	0	1	406	321	726	0	689
dd6f9589391b8bec956da405bb1990b3	NR_189244.1	94.089	406	24	0	1	406	380	785	1.4599999999999994e-176	617
dd7b9f313c2a287dac42b183ac70b931	NR_119085.1	94.815	405	18	3	1	405	364	765	6.739999999999998e-180	628
dd941be4c1c787bbf145f80a1ff3f1b9	NR_036777.1	99.257	404	3	0	1	404	350	753	0	732
dd98e002a75fa28874e80b7cd8c51c6c	NR_181384.1	87.345	403	50	1	3	405	269	670	2.599999999999999e-129	460
ddbf23c8c5653d14479d9bf997ef7e1b	NR_112945.1	100	424	0	0	1	424	344	767	0	784
ddcb2799bb3401c04f7c1e7449ac05e8	NR_118516.1	99.753	405	1	0	1	405	329	733	0	743
de0252ba66abd71d0b6f4f758ae8c79c	NR_134772.1	98.02	404	8	0	1	404	314	717	0	702
de08120b37857ed1c1c7f8805de23d20	NR_179584.1	97.525	404	10	0	1	404	344	747	0	693
de5d650ab0f19fe2199e07cf708b1358	NR_027558.1	90.954	409	29	6	1	407	309	711	2.5299999999999994e-154	544
de6c511a7026a3b3da6827e9d0e5962d	NR_118316.1	99.528	424	2	0	1	424	355	778	0	773
df037638f3fdbe2b6c13eada340aa672	NR_152059.1	95.813	406	17	0	1	406	289	694	0	656
df058ee3e9f6a652bd7c77325bd974f6	NR_180797.1	96.543	405	12	2	1	404	363	766	0	669
df1c40a5a78d10c7ef63ce4d678534f5	NR_144722.1	97.525	404	10	0	1	404	355	758	0	693
df36bf0ef99792a2b0fda4f4758c7877	NR_112947.1	99.528	424	2	0	1	424	343	766	0	774
df464a2944eb15e35530e717e338385d	NR_199906.1	97.277	404	11	0	1	404	371	774	0	686
df4cd2cf9ef3e75e2c2115ea1616e7e4	NR_044490.1	98.28	407	7	0	1	407	366	772	0	713
df578dba2ba697a6e36fa458d2103b1b	NR_163638.1	100	404	0	0	1	404	345	748	0	747
df5c149112dbfb39c0f592b96cac60e2	NR_181388.1	99.752	404	1	0	1	404	405	808	0	741
df909c009a4df76cf1b32ab15e7cd93d	NR_112940.1	99.764	424	1	0	1	424	344	767	0	778
df9eab8646e5106b12ef6ff8c6c94ca9	NR_029355.1	93.857	407	21	4	1	406	349	752	2.449999999999999e-174	610
dfbfb19eaec2a395e5ae5ba55ebc5150	NR_118289.1	100	429	0	0	1	429	345	773	0	793
dfe7888e14a810789b5220f56efe1491	NR_113957.1	99.767	429	1	0	1	429	338	766	0	787
dff0aa2c305cbba239b92a336ee847e5	NR_126195.1	99.054	423	4	0	1	423	352	774	0	760
e0162628518f951969f9c28f457b77cd	NR_144737.1	93.842	406	22	1	1	403	364	769	8.739999999999997e-174	608
e018738e769ec114460eb895ddac3114	NR_173688.1	91.912	408	28	3	1	407	338	741	5.389999999999998e-161	566
e04d1ebc1fbdbd5993a990c858de5c5a	NR_041666.1	99.534	429	2	0	1	429	353	781	0	782
e069e9d56555998ba99510b1970ce21e	NR_180671.1	99.505	404	2	0	1	404	80	483	0	736
e07bb95d9340ded2d26d785ce4b12a54	NR_036800.1	99.257	404	3	0	1	404	343	746	0	730
e0a8863c4fe2a51ef1250ebd7ec0296e	NR_173596.1	95.567	406	16	2	1	405	318	722	0	649
e0f82f041fa748f8ec59ec377091c73e	NR_179325.1	99.765	426	1	0	1	426	317	742	0	782
e1067dd157b86e63da0fd4aa68e6d578	NR_113411.1	98.821	424	5	0	1	424	358	781	0	756
e1481236cfd7f904a27a92e7ee8aef30	NR_146667.2	100	429	0	0	1	429	338	766	0	793
e14a72c6f8aa21b2fb7d002959fb8eb1	NR_180451.1	99.767	429	1	0	1	429	355	783	0	787
e16db6f53c176ff3721c61e69953793b	NR_113073.1	99.528	424	2	0	1	424	346	769	0	773
e191e545b4b4c9c1e735fdeb9c0603fd	NR_074249.1	87.531	409	41	10	1	404	319	722	2.0099999999999994e-130	464
e19272471c0b0d0463ebfc302be532a2	NR_144615.1	100	428	0	0	1	428	333	760	0	791
e1c4c4320776f4f51671764fbb877bd4	NR_179658.1	100	404	0	0	1	404	370	773	0	747
e1eb89ba7d2d8a94f79c15be444fe970	NR_179587.1	96.782	404	13	0	1	404	345	748	0	675
e1f51bfcf0ea23efba9fa40380b3b88b	NR_179418.1	89.731	409	38	3	1	407	365	771	4.259999999999999e-147	520
e21fc8d6fb72d301fc9c60d5767cce74	NR_176800.1	100	430	0	0	1	430	320	749	0	795
e22d207e6c6bd2550f06a8f654c8af61	NR_113165.1	100	404	0	0	1	404	345	748	0	747
e23cf707df428af9ff0940c539034395	NR_114080.1	99.534	429	2	0	1	429	329	757	0	782
e245b8fdc0bef26622be823d4951d6cb	NR_112939.1	99.528	424	2	0	1	424	351	774	0	773
e2758990cd9ec1ca93eb54fe2f6481d9	NR_104846.1	97.525	404	10	0	1	404	305	708	0	691
e27e94d3ea69d387ccd54bf6164d951c	NR_074399.1	96.296	405	14	1	1	405	350	753	0	664
e29329402dcaa155274e7e8c697b5722	NR_133689.1	86.618	411	41	12	1	404	309	712	9.399999999999998e-124	442
e295107f0fca79f85942c5d6fd6f7198	NR_074515.1	94.601	426	19	4	1	424	367	790	0	656
e29e0d8783f328e4f75c71e3802b891a	NR_043589.1	99.752	403	1	0	1	403	360	762	0	739
e2a2f8bd2098393577af36427d649bb0	NR_043680.1	99.752	404	1	0	1	404	274	677	0	741
e2bd5e098c5e894a7aff1c59bee2c079	NR_041667.1	99.068	429	4	0	1	429	337	765	0	771
e2d6b6769d0de97582fb0edf37ef6ffe	NR_180148.1	99.509	407	2	0	1	407	366	772	0	741
e2edb795e221649a04f6930030239f37	NR_180833.1	99.752	404	1	0	1	404	354	757	0	741
e3094937d99cbdd1a9731dd195d4500d	NR_144749.1	95.833	408	12	5	1	406	364	768	0	654
e30960567d209f2a6c6d99594a195f24	NR_145883.1	83.565	432	55	13	1	424	301	724	3.6399999999999994e-108	390
e37ac75f01d5f7061e623a91314d63f1	NR_028725.2	99.767	429	1	0	1	429	371	799	0	787
e3d68958f5650ccd9549118e34728b55	NR_025635.1	99.767	429	1	0	1	429	304	732	0	787
e3f10e3f32d99d1b3ddcaa1dcc1caa90	NR_181403.1	96.798	406	12	1	1	405	263	668	0	676
e4372269019caabbaf1c0c3b23cdb137	NR_159118.1	98.821	424	5	0	1	424	327	750	0	756
e45414c0ef52d299108a9dc61e3172c9	NR_118516.1	99.259	405	3	0	1	405	329	733	0	732
e45944ada9f583944ccaf350fd5756a7	NR_180641.1	99.534	429	2	0	1	429	333	761	0	782
e465287bc3c6d4899d28136d229b6840	NR_043142.1	99.509	407	2	0	1	407	340	746	0	741
e4beb2a0cf01b366f1ab74e2a8673aba	NR_179548.1	99.752	404	1	0	1	404	365	768	0	743
e4dd1c5e67f40796ce1800ff12c7c31a	NR_104896.1	99.531	426	2	0	1	426	312	737	0	776
e51b2953e54d0d64a8f00f811df6520f	NR_181277.1	95.047	424	21	0	1	424	326	749	0	667
e55d189270028f9780e5f7482c4187ff	NR_158113.1	95.355	409	16	3	1	408	345	751	0	647
e57c3e84b410a0373fc4bda2b20de62c	NR_178281.1	99.752	404	1	0	1	404	357	760	0	741
e5888eadd3db891a5baf7b311eb81e0c	NR_179564.1	99.764	424	1	0	1	424	355	778	0	778
e5a5a72e457c612df92645b309eff51c	NR_113271.1	95.991	424	17	0	1	424	356	779	0	689
e5def4be305c657faa31d2c8a0f73546	NR_113077.1	97.636	423	10	0	1	423	346	768	0	726
e60790c9deb7a0aad6f9afa81758caff	NR_158113.1	96.569	408	13	1	1	408	345	751	0	675
e60e739c65ec6b3e07c84ef54c523715	NR_181382.1	100	404	0	0	1	404	339	742	0	747
e61003e813dcdf7ee429a00b76bed65d	NR_074515.1	99.528	424	2	0	1	424	367	790	0	773
e655cf802434520edb84547f7808e7bf	NR_026332.1	87.646	429	53	0	1	429	338	766	5.859999999999998e-141	499
e6d52dd044ee3abab50f030bd74627dc	NR_179976.1	100	423	0	0	1	423	306	728	0	782
e716854cce9105c41faec74c3be2e987	NR_181937.1	82.339	436	61	13	1	428	308	735	2.2299999999999998e-100	364
e7428f66342d94d0befaf5a5deba7b1e	NR_104907.1	94.581	406	20	2	1	405	332	736	2.4299999999999993e-179	627
e746c08bfd4cdccae9fd712de81b49e6	NR_044873.1	99.756	410	1	0	1	410	341	750	0	752
e78e9daafe60084c73376c323f78a9ba	NR_102493.2	99.534	429	2	0	1	429	356	784	0	782
e790bc7c7e92d2af2e59b6424c056619	NR_114789.1	94.802	404	21	0	1	404	364	767	1.8699999999999993e-180	630
e7a10c3ea134330d229776a151eab68d	NR_041666.1	99.534	429	2	0	1	429	353	781	0	782
e7c7c06fa0f4ab7c6a8e8c19cae5a5ac	NR_158111.1	95.285	403	19	0	1	403	366	768	0	640
e7ccee9571ac102bfca6287cb5378a70	NR_179506.1	100	410	0	0	1	410	348	757	0	758
e7f4d199308703c69a62fcd38fdd7bc8	NR_200000.1	98.034	407	8	0	1	407	318	724	0	708
e7fc8a7b7dbd6ef1b3a169709fc1445d	NR_179329.1	100	406	0	0	1	406	344	749	0	750
e84d01f283fcb8985884aef057727e86	NR_134772.1	98.515	404	6	0	1	404	314	717	0	713
e86553265907715f817da473b5fc5e68	NR_113319.1	99.752	404	1	0	1	404	367	770	0	741
e8707202237b30ae28569d165c85bf19	NR_180811.1	91.917	433	27	7	1	429	346	774	5.619999999999999e-171	599
e881ca5b99f5e627b8ad8777a6e093ba	NR_112553.1	99.753	405	1	0	1	405	365	769	0	743
e88cf22d15c209850fc53e4492e4c0d6	NR_117139.2	99.257	404	3	0	1	404	363	766	0	730
e8ace0e083eb3b0644ab1691ac4bcf6c	NR_113077.1	99.291	423	3	0	1	423	346	768	0	765
e8ba3bfd0ae517f070f971c877265172	NR_180451.1	99.065	428	4	0	2	429	356	783	0	769
e8db8dd5643879fb46e00780cc07d818	NR_113271.1	100	424	0	0	1	424	356	779	0	784
e8fdd4a8a7b6236f26db6551014d344a	NR_178281.1	100	404	0	0	1	404	357	760	0	747
e901bdcd31024518e649e095e77f40f5	NR_181386.1	90.909	407	35	2	2	407	321	726	7.019999999999999e-155	545
e902d69cab7b1d3f5b7e31aef006cd9b	NR_147378.1	99.012	405	4	0	1	405	356	760	0	726
e909e35b246e5a19d9f561c40059fbc7	NR_041278.1	100	424	0	0	1	424	356	779	0	784
e94cb795e418d3d2a26aa51fe8231650	NR_178972.1	99.752	404	1	0	1	404	302	705	0	741
e9a5c099a679e7a9c1230f4e8bab53fc	NR_181373.1	100	405	0	0	1	405	351	755	0	749
e9ad30bf91abac3741197020f49370b6	NR_117792.1	100	404	0	0	1	404	267	670	0	747
e9b89b6976abf35f559613014d1d1dd3	NR_109628.1	88.993	427	41	5	1	424	339	762	3.439999999999999e-148	523
e9bd94be44fff17b84ba1efa0f00d62a	NR_041666.1	99.301	429	3	0	1	429	353	781	0	776
e9ccc5951a3ea0f16e2bd386799f62c4	NR_126195.1	98.818	423	5	0	1	423	352	774	0	754
e9cf6f35f7c497f672ceaf99d9b9a028	NR_181879.1	87.383	428	43	9	1	422	302	724	2.0899999999999995e-135	481
e9d92991614afbe68bfbf52009970b6a	NR_024733.1	98.834	429	4	1	1	428	343	771	0	763
ea162a8435483d5d39e70462d359d0cb	NR_176800.1	99.767	430	1	0	1	430	320	749	0	789
ea1f8fed8b03e522371bc1636f3fdaa0	NR_113188.1	100	405	0	0	1	405	348	752	0	749
ea3ebd82ac1d22acb59d6fa4a2451428	NR_102936.1	100	408	0	0	1	408	348	755	0	754
ea5246bbf383c8f4f9c2eac7c9963e27	NR_178273.1	99.752	404	1	0	1	404	328	731	0	741
ea840b44a7f38f3245bfa927ffd23ee2	NR_179633.1	99.766	428	1	0	1	428	357	784	0	785
ea8ce9e701bd74b25ec8a69bbed6f46e	NR_113121.1	100	424	0	0	1	424	358	781	0	784
ea8fdee15e948e8101ed206f7a6031ea	NR_178281.1	96.04	404	16	0	1	404	357	760	0	658
ea9f6482fe9aa46fb31a24ddff70f64c	NR_179587.1	97.772	404	9	0	1	404	345	748	0	697
ea9fdb72b5e0aab5932caf1492a3eebe	NR_113118.1	99.292	424	3	0	1	424	345	768	0	767
eaaca1cf809e5b04d3a9b114abb70944	NR_044644.2	97.531	405	10	0	1	405	371	775	0	701
eb1ba5577a2cd82b0bf71e98e2151de9	NR_043016.1	99.764	424	1	0	1	424	333	756	0	778
eb46294b57bf6ee5da101d71e94f829c	NR_179547.1	93.612	407	22	4	1	406	364	767	1.1399999999999997e-172	604
eb57e83ec60850c8ca68658acd6b1106	NR_179329.1	90.196	408	36	4	1	406	344	749	7.049999999999998e-150	529
eb62e40e5bbaadb5662cb10a154f9573	NR_115345.1	85.995	407	56	1	1	407	355	760	1.5899999999999996e-121	435
ebcda2225da7fa033a2f8379c08de7c0	NR_074515.1	99.764	424	1	0	1	424	367	790	0	778
ebe1ba548dc7447b11a11a7d6087a667	NR_180451.1	99.301	429	3	0	1	429	355	783	0	776
ebfcdb5d1d46791c8451ca30edb1be0c	NR_199999.1	95.086	407	20	0	1	407	318	724	0	641
ebfeb8d07aad9cab2eadaad16809055c	NR_179587.1	98.267	404	7	0	1	404	345	748	0	708
ebffa809ae1946fa3fbc0e4425e99639	NR_115345.1	85.995	407	56	1	1	407	355	760	1.5899999999999996e-121	435
ec096b16fd0b80050cf8d8dcd2e42c19	NR_102944.1	99.292	424	3	0	1	424	351	774	0	767
ec39293a8db6cdfc99fecc1decfa59d7	NR_028961.1	99.752	404	1	0	1	404	344	747	0	741
ec6c7e87106c1c574c810989be9cfa57	NR_147378.1	98.765	405	5	0	1	405	356	760	0	721
ecbd98f14c41c8a907b436c788278292	NR_113821.1	100	429	0	0	1	429	361	789	0	793
eccab839a45edd87251e3c3f36b9001b	NR_179391.1	98.267	404	7	0	1	404	349	752	0	708
ecceafcc016e9e4232e5ac236343e69a	NR_042499.1	99.528	424	2	0	1	424	311	734	0	773
ece1ef54ec0e0d36a4b8ac1a3c28a24f	NR_119085.1	89.356	404	41	1	1	404	364	765	3.289999999999999e-143	507
ecffa450ca962e9afc4312cfdc8791b2	NR_113067.1	99.292	424	3	0	1	424	342	765	0	767
ed0ee078c57b5ca0ec826ae1103f5206	NR_200000.1	97.297	407	11	0	1	407	318	724	0	691
ed62f5502a092197213a674327858b46	NR_181390.1	96.552	406	9	4	1	403	321	724	0	667
ed7f250114af69f0b74bec721a323114	NR_180451.1	99.301	429	3	0	1	429	355	783	0	776
ed9052fbf330c932cdc43e51da659e6b	NR_040867.1	99.525	421	2	0	1	421	349	769	0	767
edb033a9f4a814424d6a0a3bdb4d7612	NR_113638.1	100	429	0	0	1	429	353	781	0	793
edbe2dce7fe12628444ed8dfed669033	NR_179442.1	96.698	424	14	0	1	424	360	783	0	712
edd996e61a8175cb3964986702e21346	NR_181406.1	100	404	0	0	1	404	374	777	0	747
ede0ef73350bd4109ff197bd6aec5072	NR_173688.1	89.731	409	35	7	1	407	338	741	5.509999999999998e-146	516
ee08a7243432532760225a0b38ba8e2d	NR_126195.1	98.109	423	8	0	1	423	352	774	0	737
ee1a7dc359b6145f105ec1038cabbfff	NR_113319.1	99.01	404	4	0	1	404	367	770	0	725
ee293eed6b4de81602eda4aac192f13a	NR_041278.1	96.244	426	12	4	1	424	356	779	0	695
ee8310ef69d788e6ddc4e9d48fd0297c	NR_173687.1	99.528	424	2	0	1	424	342	765	0	773
eedcc17684ff4043c8b1dbd3cb98b101	NR_041894.1	100	426	0	0	1	426	303	728	0	787
ef047f02fae64f8d88b8471c7ebdaaa9	NR_025863.1	100	429	0	0	1	429	363	791	0	793
ef195da95f7b6adb1c93f7f0423b33ba	NR_074634.1	99.752	404	1	0	1	404	367	770	0	741
ef329f48e2e7bc9143574578bf84eb74	NR_134062.1	99.534	429	2	0	1	429	329	757	0	782
efadb912e7d0a9fe0aadb8fb05785b69	NR_178281.1	96.287	404	15	0	1	404	357	760	0	664
efc587e9c749826ad23fef727dd3926e	NR_044289.1	99.752	404	1	0	1	404	345	748	0	741
efd23ac28abb26a7fc0d00c146acd3a9	NR_152059.1	96.059	406	16	0	1	406	289	694	0	662
eff048d6f4719b1c26ff557a24d1d47f	NR_112935.1	99.528	424	2	0	1	424	355	778	0	773
f0195951bd2525d852c4d01dd79c99f3	NR_165727.1	99.265	408	3	0	1	408	375	782	0	737
f040ab156f6b530c0db4889ad33e8e02	NR_152059.1	95.074	406	20	0	1	406	289	694	0	640
f0874dbdcd38dd359383fad79ea0582e	NR_158113.1	96.324	408	14	1	1	408	345	751	0	669
f0a9abd175dc2032fd328d64603b3773	NR_024993.1	98.267	404	7	0	1	404	366	769	0	708
f1063fe1cf78219b094efd1c8ef60e9f	NR_199906.1	97.03	404	12	0	1	404	371	774	0	680
f11ffd25f9646818f1283f562de19ca3	NR_113377.1	99.765	426	1	0	1	426	370	795	0	782
f13498037e942c9482b8819f10053eb3	NR_041313.1	100	424	0	0	1	424	357	780	0	784
f134d6d05c6ed5f4b13406422ec14994	NR_074802.2	99.758	413	1	0	1	413	358	770	0	758
f135d86eefa30ee2bb40edcbbed03cb8	NR_104907.1	95.32	406	17	2	1	405	332	736	0	643
f13e357b60c1017498ad9b60c15b22ff	NR_126194.1	98.345	423	7	0	1	423	352	774	0	749
f1adbc0f691b07136426baf27bcaeb2a	NR_179535.1	98.341	422	6	1	1	421	352	773	0	739
f1bd488eb34598e0be5e4aa921c90697	NR_043680.1	99.752	404	1	0	1	404	274	677	0	741
f1d10bfa443393cfe67263894c84e566	NR_179548.1	99.259	405	2	1	1	405	365	768	0	732
f1e1f28fc005bbcd1a1819994c099a98	NR_102884.1	93.58	405	24	2	1	404	348	751	4.0799999999999987e-172	603
f20b40d3f931ea42587a209f633dbe3c	NR_026111.1	92.958	426	30	0	1	426	356	781	1.1999999999999997e-177	621
f213e12b4a04c93ed4541e61d376eee2	NR_113073.1	99.292	424	3	0	1	424	346	769	0	767
f2194e2b5ac2b267d1ff4f7b00da6078	NR_181390.1	95.297	404	18	1	1	403	321	724	0	640
f21ed7dc4ea6acf7bd4cc247cf9d587a	NR_156911.1	100	404	0	0	1	404	368	771	0	747
f21fcb443a357dfb49dbe37bc3f81c9a	NR_180334.1	100	404	0	0	1	404	270	673	0	747
f228b261034ed3132f22be4dbe813853	NR_144727.1	91.422	408	27	8	1	404	352	755	4.159999999999999e-157	553
f248e8eb3484f08af10efb9663f944dc	NR_180563.1	88.395	405	44	3	3	405	310	713	1.5399999999999997e-136	484
f25ab6107cc2c33ae6822ed7c8bc2149	NR_041938.1	98.759	403	5	0	1	403	320	722	0	717
f26665e311a0767e0590ec73782a5f51	NR_113377.1	100	426	0	0	1	426	370	795	0	787
f272f488a50f95e0f381fb1b44bb3a49	NR_074234.1	99.764	424	1	0	1	424	363	786	0	778
f2735c286490a71c359f4d5db6bdd217	NR_104846.1	100	404	0	0	1	404	305	708	0	747
f27be9ce5953d5ee5584caf647f7bf3a	NR_181885.1	97.772	404	9	0	1	404	352	755	0	699
f2b88714fb480911fe9c750f10753d30	NR_181383.1	86.942	291	29	9	1	285	324	611	1.1699999999999998e-86	318
f2ec488c4044f0fefb6052c7a401e571	NR_104846.1	96.535	404	14	0	1	404	305	708	0	669
f2f49669e1e0744eac6a673253af0a08	NR_074809.1	100	405	0	0	1	405	367	771	0	749
f3431f6fb25f1bd59c3fd00276726307	NR_113077.1	97.636	423	10	0	1	423	346	768	0	726
f37822bb742613129b7185cb4bccde31	NR_181383.1	92.118	406	29	3	3	405	326	731	4.149999999999999e-162	569
f390761ebeec1cab074d23c3b0640e08	NR_180451.1	99.534	429	2	0	1	429	355	783	0	782
f390d7a6fb7aa0c42cb6bf1bd28fd777	NR_126195.1	97.872	423	9	0	1	423	352	774	0	732
f3b8b518e1514db6f7477ae9a5f4b594	NR_181400.1	93.596	406	23	2	1	406	265	667	1.1399999999999997e-172	604
f3ca08f9bbac735a9686685ad95f238e	NR_075051.2	100	429	0	0	1	429	387	815	0	793
f3f5fe7933357f6c030299a7254ee79a	NR_117717.1	98.601	429	6	0	1	429	352	780	0	760
f406f583eeeb12f7140b273f62b1a3df	NR_158113.1	95.833	408	15	2	1	407	345	751	0	658
f42a8ff6934e0ac063d435567b4b7d37	NR_176530.1	96.798	406	13	0	1	406	375	780	0	678
f434e9ef990eaac99a8de0047addaa9e	NR_121773.2	85.219	433	47	15	1	425	365	788	7.729999999999998e-120	429
f45ae1e772cc2b212ac2065e4c79acb3	NR_042007.1	99.754	406	1	0	1	406	360	765	0	745
f45bc960c89e5475829bddd2a50d7b3d	NR_041278.1	95.755	424	18	0	1	424	356	779	0	684
f4791df803145fd6270820ff3807e60c	NR_029355.1	93.612	407	22	4	1	406	349	752	1.1399999999999997e-172	604
f4840ffe6d327455550b8c9f27bf37bf	NR_180622.1	98.02	404	8	0	1	404	352	755	0	702
f48e344bfc76f49726bc458d1c7454e9	NR_104823.1	99.068	429	4	0	1	429	343	771	0	771
f4a0c8851800dc862f529022979db14a	NR_104897.1	99.068	429	4	0	1	429	325	753	0	771
f4c4d866610f8efa8ed566d9400937bf	NR_040877.1	98.113	424	8	0	1	424	358	781	0	741
f4d56979409ede03e5332aa522f2515f	NR_180833.1	99.505	404	2	0	1	404	354	757	0	736
f507793646151e06bc3e3cd54bcb1bca	NR_118670.1	98.515	404	6	0	1	404	374	777	0	721
f5286cfdb2b23e6cd3fed4e200f12e12	NR_147375.1	100	404	0	0	1	404	364	767	0	747
f55a18605f2927ceedb7e6ded1566a77	NR_121697.2	99.752	404	1	0	1	404	357	760	0	741
f5879b8d6de22f2faf33ccd919f720bd	NR_113231.1	98.02	404	8	0	1	404	364	767	0	702
f5885371937fb54f0f5e032c1cb8b608	NR_028997.1	99.753	405	1	0	1	405	320	724	0	743
f58b981dadbe03b9963dcee74371b713	NR_113355.1	99.767	429	1	0	1	429	373	801	0	787
f5efaab4944dca6092be8006004d7397	NR_180451.1	100	429	0	0	1	429	355	783	0	793
f6382f774c7a0a29877a2ac383ea0d92	NR_114395.1	99.289	422	2	1	1	422	350	770	0	761
f662f77840121b3d51dc129643a2ba23	NR_117717.1	100	429	0	0	1	429	352	780	0	793
f6cda8f7514ea9326a0367d3a76812d5	NR_176800.1	99.767	430	1	0	1	430	320	749	0	789
f6f530f92555939ea54e52ff48dd49cb	NR_151982.1	100	407	0	0	1	407	265	671	0	752
f71388cdd05c0812159f8544adee392f	NR_041351.1	99.764	424	1	0	1	424	358	781	0	778
f71e9391faa9ce29207f2f20ec8c58ed	NR_042499.1	98.821	424	5	0	1	424	311	734	0	756
f7479eba66850d5880ba95d3999b4c35	NR_041342.1	98.821	424	5	0	1	424	353	776	0	756
f761b9ec971969a1e05ce883db0b6e6b	NR_179587.1	96.287	404	15	0	1	404	345	748	0	664
f76b25a08681ef8a9141c89218834d4b	NR_044972.1	93.627	408	24	2	1	407	348	754	6.829999999999998e-175	612
f7a1c2a7dc74eb24446faaa79f519ee6	NR_074634.1	100	404	0	0	1	404	367	770	0	747
f7a3e04ebe0fc28fdc2b8be0ddf2aa3a	NR_179418.1	88.321	411	40	6	1	407	365	771	4.319999999999999e-137	486
f7bc5b5476a6ea5f0dd9a70f2a7d0108	NR_176530.1	99.507	406	2	0	1	406	375	780	0	739
f7be8d935e080896747236285e55cb72	NR_118219.1	97.877	424	9	0	1	424	349	772	0	734
f7c579e6aa9565981d341749e49e87f1	NR_180451.1	99.534	429	2	0	1	429	355	783	0	782
f7d3dcf242e83c395d2a3fa10ce0bf2f	NR_118554.1	93.873	408	23	2	1	407	346	752	1.8999999999999994e-175	614
f7f6c8d52d7277d81bb2436f386e14bc	NR_144706.1	99.764	424	1	0	1	424	359	782	0	778
f7fe43abbd7190d11cb527f9ae108409	NR_113073.1	99.528	424	2	0	1	424	346	769	0	773
f809573a7cf7ee5c0a89d82d356ea9b5	NR_176530.1	96.059	406	16	0	1	406	375	780	0	662
f81021f491ab6525a4af5603212b1eaa	NR_041343.1	93.16	424	29	0	1	424	357	780	3.289999999999999e-178	623
f813bdec187bb81981b9ab69ba64d750	NR_176530.1	99.754	406	1	0	1	406	375	780	0	745
f839bdd9354b2b1a6210ecded53edf76	NR_104846.1	96.535	404	14	0	1	404	305	708	0	669
f841fa79fe07c096c240f4cd597fd2a3	NR_041342.1	95.059	425	19	2	1	424	353	776	0	667
f8477fed374934f724e0ad9ea845bbe6	NR_178769.1	100	429	0	0	1	429	317	745	0	793
f889b0623697ffab382195032c9ad941	NR_180811.1	96.984	431	9	4	1	429	346	774	0	721
f8d4e94c87e57893d2ac92240fd154bf	NR_181736.1	96.934	424	13	0	1	424	351	774	0	712
f8f253b324116a3282775ef3890e5be3	NR_113067.1	100	424	0	0	1	424	342	765	0	784
f8f93449474a1d4e62721135f479213d	NR_025566.1	99.767	429	0	1	1	429	320	747	0	785
f8fb9d0c84a519d2804977dcbd825f0e	NR_114419.1	100	429	0	0	1	429	345	773	0	793
f920884c33754c3b3054c54c89bc6829	NR_181843.1	99.534	429	2	0	1	429	365	793	0	782
f93d14917348b8973251ff1183738e4e	NR_179135.1	100	405	0	0	1	405	347	751	0	749
f965a671b905639699196aaa0a6bb401	NR_044873.1	99.512	410	2	0	1	410	341	750	0	747
f970176562d2e45d94ea0f95e05f36fb	NR_181385.1	96.905	420	13	0	1	420	313	732	0	704
f98048af0b532cf7ecb7e88e33c4e91d	NR_114395.1	99.052	422	3	1	1	422	350	770	0	756
f980ada53cbfe1434734fef06df83358	NR_197695.1	98.834	429	5	0	1	429	361	789	0	765
f991274e234ade6f6a6a2df1daeea685	NR_145535.1	100	409	0	0	1	409	336	744	0	756
f9bf25150c643d74e7af3bd8a65856ae	NR_074784.2	98.349	424	7	0	1	424	362	785	0	745
f9d5f5e810ddbbc323614f29738f0900	NR_184631.1	100	429	0	0	1	429	252	680	0	793
f9e8cda734e5885e3beeb920802d0bb0	NR_199945.1	97.772	404	9	0	1	404	352	755	0	697
f9fd7f2039cea52ecc4822f13fc98f53	NR_074902.1	99.534	429	2	0	1	429	358	786	0	782
fa044fedb842c0e340854f32d9f7ba0e	NR_074377.1	93.812	404	24	1	1	403	348	751	3.139999999999999e-173	606
faae024158048a72d6133264e04cb6ee	NR_178281.1	96.287	404	15	0	1	404	357	760	0	664
fadd807482988987b5dfa04a5b1c9931	NR_199415.1	98.515	404	6	0	1	404	355	758	0	713
fae69a69cf42c4eb6e2c7eb06b91a272	NR_156081.1	99.01	404	4	0	1	404	353	756	0	725
fbfb8012ecc8203057c510a99ccd7901	NR_104907.1	95.813	406	15	2	1	405	332	736	0	654
fbfbe05f9b72f82f211a56dc945bfb72	NR_181387.1	90.418	407	38	1	1	407	319	724	1.5199999999999994e-151	534
fc947f553e5834c5ae7bd9ca043bf328	NR_144727.1	94.307	404	23	0	1	404	352	755	4.0499999999999985e-177	619
fcbfde81bc141f18f1404b00508d886c	NR_118667.1	96.535	404	14	0	1	404	372	775	0	682
fcd792839df12d45f13337d48529255e	NR_180671.1	98.515	404	6	0	1	404	80	483	0	713
fcf9f2a64a65f067d37613330b00d4a6	NR_112932.1	99.764	424	1	0	1	424	345	768	0	778
fd0b405f3e1bba1c76fcd4418b7de890	NR_074399.1	95.062	405	19	1	1	405	350	753	0	636
fd204f7a88e546b2288fb9b86489ba32	NR_074515.1	100	424	0	0	1	424	367	790	0	784
fd2bb844a22da973e9d90cfcba9b228b	NR_037007.2	99.063	427	4	0	3	429	367	793	0	767
fd2cbfa03f53e5f3cd35bbd660adb0be	NR_113151.1	98.349	424	7	0	1	424	355	778	0	745
fd67025f715a5bdf7131fc150e64aa33	NR_147377.1	100	425	0	0	1	425	358	782	0	785
fd6ab29d2dd16d2dab20c1ab31f04283	NR_116936.1	100	410	0	0	1	410	328	737	0	758
fd6f4f13866f9d7c1f6f04b9fa0179fd	NR_112938.1	99.292	424	3	0	1	424	343	766	0	767
fd7220807ba610fd01cd742293dfbdca	NR_180451.1	99.068	429	4	0	1	429	355	783	0	771
fd80b9c476bdb4ccc7a0cf88e789df78	NR_040877.1	98.349	424	7	0	1	424	358	781	0	747
fd905b5ae9324a8b1cdb43d39bff9867	NR_181391.1	99.752	404	1	0	1	404	266	669	0	741
fd9293c3f107b768237906f08e8f5551	NR_133753.1	100	429	0	0	1	429	307	735	0	793
fda37b1105cf7a1078954e747ccae683	NR_179626.1	99.752	403	1	0	1	403	368	770	0	739
fdc1a7c3ebe3c43c9205147181cadf6b	NR_028975.1	100	411	0	0	1	411	346	756	0	760
fddb37330e0d6293ab08bc9a6d6aedfe	NR_041342.1	99.057	424	4	0	1	424	353	776	0	761
fde8090d02be2f9e9cb00701c7c0c3fc	NR_180451.1	99.301	429	3	0	1	429	355	783	0	776
fdeb376b12c58bc9f69c3df43dce04b9	NR_181843.1	99.767	429	1	0	1	429	365	793	0	787
fdeb9f5965d55bf07dc24a4047a56e04	NR_180451.1	98.834	429	5	0	1	429	355	783	0	765
fdf50b61cec8508a443ca671d8d71602	NR_113065.1	99.764	424	1	0	1	424	355	778	0	778
fe0257c3a87c1d3d6c0ac70c59c16d53	NR_104846.1	99.257	404	3	0	1	404	305	708	0	730
fe0a985fc9b0c7452ea81a3e64513b41	NR_112933.1	99.528	424	2	0	1	424	351	774	0	773
fe0c80e89674053792773173e4de5712	NR_199906.1	97.525	404	10	0	1	404	371	774	0	691
fe37c9a810f38eed8cdd64527994ec0f	NR_179535.1	98.578	422	5	1	1	421	352	773	0	745
fe4f5104c40bcffab2dc2d8cb0b201e7	NR_199906.1	96.782	404	13	0	1	404	371	774	0	675
fe68b44eb99609738d6ca6a899f7203e	NR_179506.1	94.878	410	19	2	1	408	348	757	0	640
fe97c0f5687f08c0701faadb7f7d6cb5	NR_181885.1	99.752	404	1	0	1	404	352	755	0	743
feb5d34fd558393c1187bf70b35cce57	NR_200000.1	99.754	407	1	0	1	407	318	724	0	747
fed7592074c5147f40a1403033774d35	NR_043231.1	100	429	0	0	1	429	300	728	0	793
feeabfa9d933e2cd93a5da5b4f6490a6	NR_199906.1	98.267	404	7	0	1	404	371	774	0	708
ff0422364e39826ec17f3ddc94272307	NR_147404.1	100	425	0	0	1	425	357	781	0	785
ff6b3ea184363fdd508c17200857c2a5	NR_169358.1	99.764	423	1	0	1	423	352	774	0	776
ff6fcb6763d45422062c53a2a45c6f51	NR_126195.1	99.527	423	2	0	1	423	352	774	0	771
ff7008e0758ad4e31fc71663fead0d80	NR_036777.1	99.505	404	2	0	1	404	350	753	0	737
ff7b68cc4d3813a29cec3dff685bd421	NR_041351.1	97.412	425	9	2	1	424	358	781	0	723
ffa2d3d4e030a8f45850c379c0d196f5	NR_074802.2	100	413	0	0	1	413	358	770	0	763
ffa9ad2e45416489d72241b62776833a	NR_180811.1	92.326	430	31	2	1	429	346	774	2.5999999999999993e-174	610
ffc250dff8734a9753c4e255086dd338	NR_178280.1	93.382	408	22	4	1	407	348	751	5.309999999999999e-171	599
ffd728469d288c1ecdb32ff2bbc18598	NR_113077.1	98.818	423	5	0	1	423	346	768	0	754
ffdade249c0cf7942b4c20f75e34f3bf	NR_179604.1	100	429	0	0	1	429	327	755	0	793
ffeae2fdd8c2c7b1d1c1c1d7a33944c8	NR_118128.1	100	404	0	0	1	404	191	594	0	747
fffb201b6d7f92b0270dcc2b07e880c8	NR_179801.1	100	406	0	0	1	406	364	769	0	750
