sampleid,RS-GCF-008572665.1-NZ-VVXZ01000155.1,MJ006-1-barcode35-umi150744bins-ubs-3,RS-GCF-900217715.1-NZ-OBMS01000001.1,RS-GCF-000273275.1-NZ-JH724268.1--2,RS-GCF-015554445.1-NZ-JADNIN010000006.1,RS-GCF-007556425.1-NZ-RWHY01000133.1,RS-GCF-000178275.1-NZ-ADMO01000058.1,RS-GCF-003602705.1-NZ-QTLK01000079.1,RS-GCF-019052575.1-NZ-JAHQVA010000078.1,RS-GCF-001405735.1-NZ-CZBG01000049.1,RS-GCF-018785965.1-NZ-WTXO01000164.1,MJ006-2-barcode69-umi180908bins-ubs-3,RS-GCF-019130915.1-NZ-JAHOLF010000125.1,GB-GCA-008669045.1-RQAJ01000001.1,AY126616,RS-GCF-003458915.1-NZ-QRTR01000015.1,RS-GCF-016902315.1-NZ-JACJLS010000083.1,RS-GCF-015667355.1-NZ-JADPDX010000086.1,GB-GCA-000980385.1-LARF01000116.1,MJ006-2-barcode54-umi268101bins-ubs-3,RS-GCF-015547935.1-NZ-JADMWC010000052.1,RS-GCF-004569355.1-NZ-SPPR01000066.1,RS-GCF-015548455.1-NZ-JADMXA010000042.1,RS-GCF-018784285.1-NZ-WQOB01000007.1,GB-GCA-003471845.1-QRKF01000046.1,GB-GCA-000980245.1-LARE01000167.1,AB600999,LC468801,RS-GCF-008422885.1-NZ-VVKB01000025.1,RS-GCF-009663755.1-NZ-RDBS01000044.1,GB-GCA-000980475.1-LARM01000062.1,GB-GCA-905373295.1-CAJPSJ010000093.1,RS-GCF-001810545.1-NZ-KV801801.1,AJ867049,GB-GCA-900539315.1-UQBL01000026.1,RS-GCF-001703875.1-NZ-MBLT01000492.1,RS-GCF-009679795.1-NZ-WKPZ01000065.1,GB-GCA-000155935.2-GL531761.1,RS-GCF-001455265.1-NZ-LKPE01000028.1,RS-GCF-002157665.1-NZ-BDOS01000001.1,GB-GCA-900767615.1-CAAFZU010000193.1,RS-GCF-018619375.1-NZ-JAHHFT010000043.1,RS-GCF-003942595.1-NZ-RJNL01000019.1,RS-GCF-014435245.1-NZ-JAAPAW010000035.1,RS-GCF-003942365.1-NZ-RJMR01000019.1,RS-GCF-014853615.1-NZ-JACZAP010000041.1,RS-GCF-000204355.1-NZ-GL883585.1,AB649277,GB-GCA-900762515.1-CAAFHA010000156.1,RS-GCF-015560315.1-NZ-JADMRP010000002.1,RS-GCF-002160725.1-NZ-NFLD01000076.1,RS-GCF-000186525.1-NZ-GL636591.1,MT500785,GB-GCA-016742415.1-JAEPEL010000544.1,RS-GCF-001949725.1-NZ-MASC01000067.1,RS-GCF-002243155.1-NZ-NDYH01000035.1,AB691575,RS-GCF-002301595.1-NZ-MOQF01000146.1,RS-GCF-013293385.1-NZ-JAAKAA010000059.1,RS-GCF-000808015.1-NZ-JWHR01000141.1,GB-GCA-018376935.1-JAHAAJ010000118.1,MJ006-1-barcode39-umi72580bins-ubs-5,MJ006-1-barcode39-umi63437bins-ubs-7,MJ006-1-barcode26-umi102566bins-ubs-4,AB037875,MJ006-1-barcode46-umi8567bins-ubs-20,MJ006-1-barcode43-umi205212bins-ubs-3,KY978733,RS-GCF-016901775.1-NZ-JACJKW010000039.1,MJ006-1-barcode46-umi18951bins-ubs-14,MJ006-1-barcode27-umi167887bins-ubs-3,RS-GCF-018785515.1-NZ-WQPY01000015.1,RS-GCF-003478905.1-NZ-QUFY01000092.1,GB-GCA-900066795.1-FMGD01000054.1,MJ006-2-barcode57-umi104473bins-ubs-4,MJ006-1-barcode27-umi101563bins-ubs-4,MJ006-2-barcode58-umi242477bins-ubs-3,MJ006-2-barcode65-umi95747bins-ubs-5,MJ005-barcode65-umi53832bins-ubs-5,RS-GCF-002160355.1-NZ-NFKK01000045.1,GB-GCA-905205225.1-CAJLCQ010000084.1,MJ006-1-barcode37-umi59724bins-ubs-6,MJ006-2-barcode58-umi159070bins-ubs-3,MJ006-2-barcode70-umi122999bins-ubs-4,MJ006-2-barcode63-umi35131bins-ubs-9,MJ006-2-barcode69-umi156603bins-ubs-3,RS-GCF-016899775.1-NZ-JACJJE010000125.1,GB-GCA-900066645.1-FMFR01000008.1,LC371917,GB-GCA-900756345.1-CAAEJT010000082.1,RS-GCF-015547855.1-NZ-JADMVZ010000093.1,RS-GCF-015671335.1-NZ-JADPCY010000242.1,KC311367,MJ006-2-barcode65-umi224243bins-ubs-4,MJ006-2-barcode65-umi124081bins-ubs-4,RS-GCF-000469425.1-NZ-KI271465.1,RS-GCF-016902445.1-NZ-JACSNX010000046.1,LC522513,GB-GCA-900545115.1-UQXN01000021.1,LC522510,MJ006-2-barcode62-umi175727bins-ubs-3,GB-GCA-905212915.1-CAJMGJ010000030.1,MJ006-1-barcode38-umi129218bins-ubs-3,MJ006-2-barcode63-umi134737bins-ubs-4,MJ006-1-barcode34-umi155007bins-ubs-4,MJ006-1-barcode34-umi121582bins-ubs-4,MJ006-1-barcode38-umi134760bins-ubs-3,MJ006-1-barcode39-umi107659bins-ubs-4,MJ006-1-barcode38-umi122084bins-ubs-4,MJ006-2-barcode65-umi125708bins-ubs-5,MJ006-1-barcode39-umi143835bins-ubs-3,MJ006-1-barcode38-umi115514bins-ubs-4,GB-GCA-018052775.1-JAGPMS010000005.1,MJ030-2-barcode67-umi106306bins-ubs-3,MJ006-2-barcode58-umi188181bins-ubs-3,RS-GCF-900291485.1-NZ-OLKO01000008.1,AJ305238,MJ006-1-barcode31-umi57171bins-ubs-6,MJ006-1-barcode38-umi101890bins-ubs-4,MJ006-1-barcode26-umi151360bins-ubs-3,MJ006-2-barcode57-umi34456bins-ubs-9,MJ006-2-barcode59-umi168240bins-ubs-3,MJ006-1-barcode45-umi132397bins-ubs-3,MJ006-1-barcode38-umi163059bins-ubs-3,MJ006-2-barcode52-umi34422bins-ubs-9,MJ005-barcode41-umi54088bins-ubs-6,GB-GCA-018364155.1-JAGZMM010000005.1,MJ006-1-barcode25-umi66634bins-ubs-6,MJ006-2-barcode65-umi108490bins-ubs-4,MJ010-1-barcode30-umi140005bins-ubs-4,MJ006-2-barcode60-umi141800bins-ubs-3,RS-GCF-018784645.1-NZ-WQOM01000090.1,GB-GCA-014868765.1-WHEU01000011.1,MJ006-1-barcode39-umi142106bins-ubs-3,RS-GCF-001406755.1-NZ-CZBX01000028.1,GB-GCA-900066275.1-FMFG01000089.1,RS-GCF-902497365.1-NZ-LR699993.1,MJ006-1-barcode28-umi157746bins-ubs-3,RS-GCF-018784445.1-NZ-WQOH01000081.1,RS-GCF-016900095.1-NZ-JACJJP010000072.1,LN846908,MJ006-1-barcode26-umi145558bins-ubs-3,MJ006-2-barcode63-umi136525bins-ubs-4,MJ006-1-barcode43-umi160673bins-ubs-3,MJ006-1-barcode45-umi227093bins-ubs-3,GB-GCA-015555245.1-JADNKD010000034.1,RS-GCF-003460985.1-NZ-QTWF01000009.1,MJ006-1-barcode42-umi39070bins-ubs-8,MJ006-2-barcode69-umi265631bins-ubs-4,MJ006-1-barcode30-umi119821bins-ubs-4,MJ006-1-barcode35-umi45915bins-ubs-9,LT576408,MJ005-barcode49-umi17498bins-ubs-11,RS-GCF-016901815.1-NZ-JACSNR010000025.1,MJ006-1-barcode39-umi155665bins-ubs-3,MJ006-1-barcode27-umi101868bins-ubs-4,MJ006-1-barcode38-umi137655bins-ubs-3,MJ006-1-barcode48-umi143373bins-ubs-3,MJ030-1-barcode27-umi110525bins-ubs-3,AJ315980,MJ006-1-barcode35-umi91399bins-ubs-6,MJ006-2-barcode64-umi219160bins-ubs-3,KU999999,LT598596,MJ006-2-barcode53-umi133722bins-ubs-4,MJ006-1-barcode40-umi115781bins-ubs-5,MJ006-1-barcode39-umi145585bins-ubs-3,GB-GCA-008673455.1-RPUK01000107.1,MJ006-2-barcode58-umi133469bins-ubs-4,MJ006-2-barcode65-umi178487bins-ubs-3,MJ007-2-barcode58-umi1285bins-ubs-352,AY323228,HE603919,RS-GCF-902363795.1-NZ-CABJBJ010000122.1,MJ006-1-barcode43-umi124055bins-ubs-5,EF564277,DQ279737,MJ006-1-barcode25-umi49470bins-ubs-9,MJ006-2-barcode65-umi128273bins-ubs-4,GB-GCA-910576175.1-CAJTHZ010000212.1,MJ005-barcode25-umi76363bins-ubs-3,MJ030-1-barcode27-umi131406bins-ubs-4,RS-GCF-900108895.1-NZ-FOJH01000156.1,RS-GCF-000371585.1-NZ-KB851059.1,RS-GCF-003481765.1-NZ-QULR01000098.1,MJ006-1-barcode37-umi230976bins-ubs-3,MJ006-1-barcode40-umi116237bins-ubs-5,MJ006-1-barcode40-umi161095bins-ubs-3,MJ006-1-barcode48-umi91350bins-ubs-6,MJ006-1-barcode48-umi125413bins-ubs-3,MJ006-1-barcode43-umi102651bins-ubs-4,MJ006-1-barcode40-umi86277bins-ubs-5,MJ006-2-barcode68-umi143926bins-ubs-3,GB-GCA-900066055.1-FMEF01000035.1,MJ006-2-barcode62-umi136306bins-ubs-4,GB-GCA-018223415.1-JAGTTQ010000001.1--3,MJ006-2-barcode63-umi147819bins-ubs-3,MJ006-1-barcode40-umi81598bins-ubs-5,MJ006-1-barcode39-umi148778bins-ubs-3,GB-GCA-900066735.1-FMFX01000027.1,RS-GCF-003477445.1-NZ-QUDH01000034.1,MJ006-2-barcode60-umi189791bins-ubs-4,KR364760,GB-GCA-003482275.1-QUMI01000015.1,MJ006-2-barcode51-umi163156bins-ubs-3,KR364746,MJ006-1-barcode41-umi228693bins-ubs-3,MJ030-1-barcode49-umi81456bins-ubs-5,AB588023,RS-GCF-003464105.1-NZ-QSDS01000060.1,RS-GCF-000210015.1-NC-021022.1,RS-GCF-003480145.1-NZ-QUIO01000097.1,MJ009-1-barcode40-umi91993bins-ubs-3,RS-GCF-013302025.1-NZ-JAAIPK010000186.1,RS-GCF-013304685.1-NZ-JAAITH010000167.1,MJ006-1-barcode31-umi69421bins-ubs-7,KX025138,GB-GCA-902363515.1-CABJAN010000009.1,GB-GCA-000508925.1-BAHT02000283.1,RS-GCF-013305145.1-NZ-JAAWUT010000083.1,RS-GCF-016899975.1-NZ-JACJJN010000084.1,MJ006-1-barcode45-umi129034bins-ubs-3,MJ006-1-barcode39-umi159128bins-ubs-3,MJ006-2-barcode58-umi133299bins-ubs-4,MJ006-1-barcode26-umi161226bins-ubs-4,KP966093,GB-GCA-000509125.1-BAII02000026.1,RS-GCF-003474085.1-NZ-QRNS01000091.1,RS-GCF-018784865.1-NZ-WQPA01000083.1,MJ006-1-barcode42-umi135709bins-ubs-3,RS-GCF-016900595.1-NZ-JACLYY010000036.1,GB-GCA-017850635.1-JAFILW010000070.1,MJ006-1-barcode31-umi144759bins-ubs-3,RS-GCF-013301525.1-NZ-JAAIOL010000051.1,RS-GCF-013301605.1-NZ-JAAIOQ010000084.1,RS-GCF-013304755.1-NZ-JAAITK010000014.1,MJ006-2-barcode52-umi148324bins-ubs-3,RS-GCF-002160935.1-NZ-NFLO01000044.1,GB-GCA-000509105.1-BAIF02000133.1,MJ006-1-barcode41-umi68770bins-ubs-6,AB233029,RS-GCF-015557345.1-NZ-JADNOC010000089.1,RS-GCF-013303585.1-NZ-JAAIRN010000118.1,RS-GCF-003436725.1-NZ-QSQN01000078.1,RS-GCF-003461005.1-NZ-QTWG01000138.1,MJ006-1-barcode36-umi152347bins-ubs-3,RS-GCF-002161355.1-NZ-NFHL01000016.1,MJ006-1-barcode33-umi150609bins-ubs-3,RS-GCF-003603645.1-NZ-QVHD01000007.1,MJ005-barcode41-umi82693bins-ubs-3,MJ005-barcode25-umi74089bins-ubs-3,GB-GCA-015554585.1-JADNIT010000076.1,GB-GCA-013303885.1-JAAISE010000123.1,GB-GCA-008680325.1-NALL01000016.1,AY305310,RS-GCF-009759525.1-NZ-WGGT01000066.1,MJ006-2-barcode70-umi180588bins-ubs-3,MJ006-2-barcode73-umi180999bins-ubs-3,MJ006-2-barcode61-umi190207bins-ubs-3,MJ006-1-barcode46-umi207799bins-ubs-3,MJ006-1-barcode42-umi125821bins-ubs-3,MJ006-2-barcode61-umi157398bins-ubs-3,MJ006-1-barcode37-umi190318bins-ubs-3,MJ006-2-barcode69-umi146592bins-ubs-4,GB-GCA-000980425.1-LARJ01000055.1,GB-GCA-000509145.1-BAIJ02000227.1,MJ006-1-barcode42-umi174216bins-ubs-3,MJ006-2-barcode52-umi11005bins-ubs-18,GB-GCA-900112995.1-FONU01000001.1,MJ006-2-barcode60-umi204079bins-ubs-3,MJ020-1-barcode44-umi10522bins-ubs-36,MJ009-1-barcode48-umi64870bins-ubs-5,MJ006-2-barcode71-umi90879bins-ubs-5,MJ006-2-barcode59-umi173106bins-ubs-3,MJ006-1-barcode40-umi105749bins-ubs-4,MJ006-1-barcode39-umi116853bins-ubs-4,RS-GCF-002159465.1-NZ-NFIR01000068.1,MJ006-1-barcode46-umi94397bins-ubs-4,RS-GCF-017776345.1-NZ-JAFIQO010000082.1,MJ006-2-barcode71-umi159310bins-ubs-3,AJ270490,MJ005-barcode41-umi73083bins-ubs-3,GB-GCA-910574775.1-CAJTBX010000007.1,MJ005-barcode25-umi17993bins-ubs-12,MJ006-1-barcode43-umi120251bins-ubs-4,MJ006-2-barcode57-umi22102bins-ubs-12,MJ006-1-barcode29-umi85296bins-ubs-5,GB-GCA-001304995.1-BBZU01000039.1,MJ006-1-barcode49-umi104059bins-ubs-5,RS-GCF-002847925.1-NZ-PKHW01000010.1,EF108443,RS-GCF-002959815.1-NZ-PPCZ01000008.1,RS-GCF-001546855.1-NZ-KQ958178.1,AF473835,GB-GCA-900542515.1-UQOA01000002.1,RS-GCF-001812895.1-NZ-KV810708.1,RS-GCF-001809565.1-NZ-KV797954.1,RS-GCF-001814995.1-NZ-KV818677.1,RS-GCF-001064485.1-NZ-JVLW01000023.1,AJ540309,AB538436,AB818950,AY278626,RS-GCF-902167775.1-NZ-CABHND010000018.1,GB-GCA-000468795.1-AWPJ01000352.1,RS-GCF-000702865.1-NZ-JNKM01000001.1,AB266102,RS-GCF-000185625.1-NZ-GL622580.1,CP001726,AB566419,ABXH02000033,GB-GCA-900763655.1-CAAFLB010000040.1
SRR22325885,0.0,0.0,0.0,0.005444944,0.0,0.0,0.0,0.001134263,0.0,0.0,0.0,0.0,0.0030568442,0.67111146,0.0,0.0,0.0,0.0,0.0,0.0,0.0,0.0,0.0050729467,0.0,0.0,0.0,0.0,0.0,0.0,0.0,0.0,0.0,0.0,0.0,0.0010504448,0.0,0.0,0.0056455527,0.0,0.0,0.0,0.0010159555,0.0059046145,0.0,0.0,0.0,0.0,0.0,0.0,0.0,0.0,0.0,0.0,0.0,0.0,0.0,0.0,0.0,0.0,0.0,0.0,0.0,0.0,0.0,0.0,0.0,0.0,0.0,0.0,0.0,0.0,0.0,0.0,0.0,0.0,0.0008422453,0.00030613894,0.0,0.0,0.0,0.0,0.0,0.0,0.0,0.0,0.0,0.0,0.0,0.0,0.0,0.00501935,0.0,0.0,0.0,0.0,0.0,0.0,0.0,0.0,0.0,0.0,0.0,0.0,0.0,0.0,0.0,0.0,0.0,0.0,0.0,0.0,0.0,0.0,0.0,0.0,0.0,0.0,0.0,0.0,0.0,0.0,0.0,0.0,0.0,0.0,0.0,0.0,0.0,0.0,0.0,0.0,0.0,0.0,0.0,0.0,0.0,0.0,0.0,7.375712e-05,0.0,0.0,0.00039288707,0.0,0.0,0.0,0.0,0.0,0.0,0.0,0.0,0.0,0.0,0.0,0.0,0.0,0.0,0.0,0.0,0.0,0.0,0.0,0.0,0.0,0.0,0.0,0.0,0.0,0.0,0.0,0.0,0.0,0.0,0.0,0.0,0.0,0.0,0.0,0.0028343075,0.0,0.0,0.0,0.00017225527,0.02154719,0.0055751395,0.0,0.0,0.0,0.0,0.0,0.0,0.0,0.0,0.0,0.0,0.0,0.0,0.0,0.0,0.0,0.0,0.0,0.0,0.0,0.0,0.0,0.0,0.0,0.0,0.0,0.0,0.0,0.0,0.0,0.0054844986,0.0,0.0,0.0,0.0,0.0006753189,0.0,0.0,0.0,0.0,0.0,0.0,0.0,0.0,0.0,0.0,0.0,0.0,0.00054652215,0.0,0.0,0.0,0.0007662297,0.0,0.0,0.0,0.0,0.0,0.17474072,0.0,0.0,0.0,0.0,0.0,0.0,0.010220488,0.041411035,0.0,0.0,0.0,0.0,0.0,0.0,0.0,0.0,0.0,0.0,0.0,0.0,0.0,0.0,0.0,0.0,0.0,0.0,0.0,0.00011648537,0.0,0.0,0.0,0.0,0.0,0.0,0.0,0.0,0.0,0.0,0.0,0.0,0.0,0.0013859463,0.0003558809,0.0,0.0,0.0,0.0,0.0,0.0,0.0009307997,0.0,0.0,0.0,0.0,0.014056829,0.0,0.0010934097,0.0,0.0,0.0,0.00027304763,0.0008774828,0.0108651165,0.0,0.0,0.0,0.0,0.0,0.0,0.0
SRR22325887,0.0,0.0,0.0,0.0,0.0,0.0,0.0,0.0,0.0,0.0,0.0,0.0,0.0,0.0,0.0,0.0,0.0,0.0,0.0,0.0,0.0,0.0,0.0,0.0,0.0,0.0,0.0,0.0,0.0,0.0,0.0,0.51464874,0.0,0.0,0.0,0.0,0.0,0.0,0.0,0.0,0.0,0.0,0.0023973354,0.0,0.0,0.0,0.0,0.0,0.0,0.0,0.0,0.0,0.0,0.0,0.0,0.0,0.0,0.0,0.0,0.0,0.0,0.0,0.0,0.0,0.0,0.0,0.0,0.0,0.0,0.0,0.0,0.0,0.0,0.0,0.0,0.0,0.0,0.0,0.0,0.033197608,0.0,0.0,0.0,0.0,0.0,0.0,0.0,0.0,0.0,0.0,0.0,0.0,0.0,0.0,0.0,0.0,0.0,0.0,0.0,0.0,0.0,0.0,0.0,0.0,0.0,0.0,0.0,0.0,0.0,0.0,0.0,0.0,0.0,0.0,0.0,0.0,0.0,0.0,0.0,0.0,0.0,0.0,0.0,0.0,0.0,0.0,0.0,0.0,0.0,0.0,0.0,0.0,0.0,0.0,0.0,0.0,0.0,0.0,0.0,0.0,0.0,0.0,0.0,0.0,0.0,0.0,0.0,0.0,0.0,0.0,0.0,0.0,0.0,0.0,0.0,0.0,0.0,0.0,0.0,0.0010819901,0.0,0.0,0.0,0.0,0.0,0.0,0.0,0.0,0.0,0.0,0.0,0.0,0.0,0.0,0.0,0.0,0.0,0.0,0.0,0.0,0.0,0.0,0.0,0.0,0.0,0.0,0.0,0.0,0.0,0.0,0.0,0.0,0.0,0.0,0.0,0.0,0.0,0.0,0.0,0.0,0.0,0.0,0.0,0.0,0.0,0.0,0.0,0.0,0.0,0.0,0.0,0.0,0.0,0.0,0.0,0.0,0.0,0.0,0.0,0.0,0.0,0.0,0.0,0.0,0.0,0.0,0.0,0.0,0.0,0.0,0.0,0.0,0.0,0.0,0.0,0.0,0.0,0.0,0.0,0.0,0.0,0.0,0.0,0.0,0.0,0.0,0.0,0.0,0.0,0.0,0.0,0.0,0.0,0.0,0.0,0.0,0.0,0.0,0.0,0.0,0.0,0.0,0.0,0.0,0.0,0.0,0.0,0.0,0.0,0.0,0.0,0.0,0.0,0.0,0.0,0.0,0.0,0.0,0.0,0.0,0.0,0.0,0.0,0.0,0.0,0.0,0.0,0.06641984,0.0,0.0,0.38225457,0.0,0.0,0.0,0.0,0.0,0.0,0.0,0.0,0.0,0.0,0.0,0.0,0.0,0.0,0.0,0.0,0.0,0.0,0.0,0.0,0.0
SRR22325889,0.0,0.0,0.0,0.0,0.0,0.0,0.0,0.0,0.0,0.0,0.0,0.0,0.4063469,0.0,0.0,0.0,0.0,0.0,0.0,0.0,0.0,0.0,0.0,0.0,0.0,0.0,0.0,0.0,0.0,0.0,0.0,0.00019514933,0.0,0.0,8.029662e-05,0.0,0.0,0.0,0.0,0.0,0.0034055836,0.0,0.00036952645,0.0,0.0,0.0,0.0,0.0,0.0,0.0,0.0,0.0,0.0,0.0,0.0,0.0,0.0,0.0,0.0,0.0,0.0,0.0,0.0,0.0,0.0,0.0,0.0,0.0,0.0,0.0019856663,0.0,0.0,0.0,0.0,0.0,0.0007348714,0.0,0.0,0.0,0.012759937,0.0,0.0,0.0,0.0,0.0,0.0,0.0,0.0,0.0,0.041434787,0.0,0.0,0.0,0.0,0.0,0.00031043126,0.0,0.0,0.0,0.0,0.0,0.0,0.0,0.0,0.0,0.0,0.0,0.0,0.0,0.0,0.0,0.0,0.0,0.0,0.0,0.0,0.0,0.0,6.411367e-05,0.0,0.0,0.0,0.0,0.0,0.0,0.00040505547,0.0,0.0,0.0,0.0,0.0,0.0,0.0,0.0,0.0,0.0,0.0,0.0,0.0,0.0034008552,0.0,0.012672388,0.0,0.0,5.2976175e-05,0.0,0.0,0.0,0.0,0.0,0.00091562944,0.0,0.0,0.0,0.0,0.0,0.0,0.0,0.0,0.0,0.0,0.0,0.0,0.0,0.0,0.0,0.0,0.0,0.0,0.0,0.0,0.0,0.0,0.00015982137,0.0,0.0,0.0,0.011388961,0.0,0.0,0.0,0.003011799,0.2804215,0.0,0.0,0.0,0.0,0.0,0.0,0.0,0.0,0.0,0.0,0.0,0.0,0.0,0.0,0.0,0.0,0.007020131,0.0,0.0,0.0,0.0,0.0,0.0,0.0,0.0,0.0,0.0,0.0,0.0,0.0,0.0,0.0,0.0,0.0,0.0,0.0,0.0,0.0,0.0,0.0,0.0,0.0,0.0,0.0014871673,0.0,0.0,0.0,0.0,0.0,0.0,0.0,0.0,0.0,0.0,0.04296856,0.0,0.0,0.0,0.025697684,0.0,0.0,0.0,0.0,0.009043886,0.0,0.0,0.11604006,0.0,0.0,0.0,0.0,0.0,0.0,0.0,0.0,0.0,0.0,0.0,0.0,0.0,0.0,0.0,0.0,0.0,0.0,0.0,0.0,0.0,0.0,0.0,0.0,0.0,0.0,0.0,0.0,0.0,0.0,0.0,0.0,0.0,0.0,0.0,0.0,0.0,0.0,0.0,0.0107578905,0.0,0.006539556,0.0,0.0,0.0,6.42285e-05,0.0,0.0,0.0,0.00026460155,0.0,0.0,0.0,0.0,0.0,0.0,0.0,0.0,0.0,0.0,0.0,0.0
SRR22325892,0.0,0.0,0.0,0.0,0.0,0.0,0.0,0.0,0.0,0.0,0.0,0.0,0.0,0.0,0.0,0.0,0.0,0.0,0.0,0.0,0.0,0.0,0.0,0.0,0.0,0.0,0.0,0.0,0.0,0.0,0.0,0.87262875,0.0,0.0,0.0,0.0,0.0,0.0,0.1273713,0.0,0.0,0.0,0.0,0.0,0.0,0.0,0.0,0.0,0.0,0.0,0.0,0.0,0.0,0.0,0.0,0.0,0.0,0.0,0.0,0.0,0.0,0.0,0.0,0.0,0.0,0.0,0.0,0.0,0.0,0.0,0.0,0.0,0.0,0.0,0.0,0.0,0.0,0.0,0.0,0.0,0.0,0.0,0.0,0.0,0.0,0.0,0.0,0.0,0.0,0.0,0.0,0.0,0.0,0.0,0.0,0.0,0.0,0.0,0.0,0.0,0.0,0.0,0.0,0.0,0.0,0.0,0.0,0.0,0.0,0.0,0.0,0.0,0.0,0.0,0.0,0.0,0.0,0.0,0.0,0.0,0.0,0.0,0.0,0.0,0.0,0.0,0.0,0.0,0.0,0.0,0.0,0.0,0.0,0.0,0.0,0.0,0.0,0.0,0.0,0.0,0.0,0.0,0.0,0.0,0.0,0.0,0.0,0.0,0.0,0.0,0.0,0.0,0.0,0.0,0.0,0.0,0.0,0.0,0.0,0.0,0.0,0.0,0.0,0.0,0.0,0.0,0.0,0.0,0.0,0.0,0.0,0.0,0.0,0.0,0.0,0.0,0.0,0.0,0.0,0.0,0.0,0.0,0.0,0.0,0.0,0.0,0.0,0.0,0.0,0.0,0.0,0.0,0.0,0.0,0.0,0.0,0.0,0.0,0.0,0.0,0.0,0.0,0.0,0.0,0.0,0.0,0.0,0.0,0.0,0.0,0.0,0.0,0.0,0.0,0.0,0.0,0.0,0.0,0.0,0.0,0.0,0.0,0.0,0.0,0.0,0.0,0.0,0.0,0.0,0.0,0.0,0.0,0.0,0.0,0.0,0.0,0.0,0.0,0.0,0.0,0.0,0.0,0.0,0.0,0.0,0.0,0.0,0.0,0.0,0.0,0.0,0.0,0.0,0.0,0.0,0.0,0.0,0.0,0.0,0.0,0.0,0.0,0.0,0.0,0.0,0.0,0.0,0.0,0.0,0.0,0.0,0.0,0.0,0.0,0.0,0.0,0.0,0.0,0.0,0.0,0.0,0.0,0.0,0.0,0.0,0.0,0.0,0.0,0.0,0.0,0.0,0.0,0.0,0.0,0.0,0.0,0.0,0.0,0.0,0.0,0.0,0.0,0.0,0.0,0.0,0.0,0.0,0.0,0.0,0.0,0.0,0.0
SRR22325893,0.0,0.0,0.0,0.0,0.0,0.0,0.0,0.0,0.0,0.0,0.0,0.0,0.0,0.0,0.0,0.0,0.0,0.0,0.0,0.0,0.0,0.0,0.0,0.0,0.0,0.0,0.0,0.0,0.0,0.0,0.0,0.0,0.0,0.0,0.15553398,0.0,0.0,0.0,0.0144504225,0.0,0.0,0.0,0.83001554,0.0,0.0,0.0,0.0,0.0,0.0,0.0,0.0,0.0,0.0,0.0,0.0,0.0,0.0,0.0,0.0,0.0,0.0,0.0,0.0,0.0,0.0,0.0,0.0,0.0,0.0,0.0,0.0,0.0,0.0,0.0,0.0,0.0,0.0,0.0,0.0,0.0,0.0,0.0,0.0,0.0,0.0,0.0,0.0,0.0,0.0,0.0,0.0,0.0,0.0,0.0,0.0,0.0,0.0,0.0,0.0,0.0,0.0,0.0,0.0,0.0,0.0,0.0,0.0,0.0,0.0,0.0,0.0,0.0,0.0,0.0,0.0,0.0,0.0,0.0,0.0,0.0,0.0,0.0,0.0,0.0,0.0,0.0,0.0,0.0,0.0,0.0,0.0,0.0,0.0,0.0,0.0,0.0,0.0,0.0,0.0,0.0,0.0,0.0,0.0,0.0,0.0,0.0,0.0,0.0,0.0,0.0,0.0,0.0,0.0,0.0,0.0,0.0,0.0,0.0,0.0,0.0,0.0,0.0,0.0,0.0,0.0,0.0,0.0,0.0,0.0,0.0,0.0,0.0,0.0,0.0,0.0,0.0,0.0,0.0,0.0,0.0,0.0,0.0,0.0,0.0,0.0,0.0,0.0,0.0,0.0,0.0,0.0,0.0,0.0,0.0,0.0,0.0,0.0,0.0,0.0,0.0,0.0,0.0,0.0,0.0,0.0,0.0,0.0,0.0,0.0,0.0,0.0,0.0,0.0,0.0,0.0,0.0,0.0,0.0,0.0,0.0,0.0,0.0,0.0,0.0,0.0,0.0,0.0,0.0,0.0,0.0,0.0,0.0,0.0,0.0,0.0,0.0,0.0,0.0,0.0,0.0,0.0,0.0,0.0,0.0,0.0,0.0,0.0,0.0,0.0,0.0,0.0,0.0,0.0,0.0,0.0,0.0,0.0,0.0,0.0,0.0,0.0,0.0,0.0,0.0,0.0,0.0,0.0,0.0,0.0,0.0,0.0,0.0,0.0,0.0,0.0,0.0,0.0,0.0,0.0,0.0,0.0,0.0,0.0,0.0,0.0,0.0,0.0,0.0,0.0,0.0,0.0,0.0,0.0,0.0,0.0,0.0,0.0,0.0,0.0,0.0,0.0,0.0,0.0,0.0,0.0,0.0,0.0,0.0,0.0,0.0,0.0,0.0
SRR22325897,0.0,0.0,0.0,0.0,0.0,0.0,0.0,0.0,0.0,0.0,0.0,0.0,0.00044920034,0.0,0.0,0.0,0.0,0.0,0.0,0.0,0.0,0.0,0.0,0.0,0.0,0.0,0.0,0.0,0.0,0.0,0.0,0.090118416,0.0,0.0,0.0006108788,0.0,0.0,0.00044484957,0.0,0.0,0.0,0.0007004698,0.0,0.0,0.0,0.0062188,0.0,0.0,0.0,0.0,0.024249043,0.0,0.0,0.0030707226,0.0,0.0,0.0001530823,0.0,0.0,0.113360494,0.0,0.0,0.0,0.0,0.0,0.0,0.0,0.0,0.0,0.0,0.0,0.0,0.0,0.0,0.0,0.0,0.0,0.0,0.021442745,0.11312912,0.0,0.0,0.0,0.0,0.0,0.0,0.0,0.0,0.0,0.0,0.0,0.0,0.0,0.0,0.0,0.0,0.0,0.0,0.0,0.0,0.0,0.0,0.0,0.0,0.0,0.0,0.0,0.0,0.0,0.0,0.0,0.0,0.0,0.0,0.0,0.0,0.0,0.0,0.0,0.0,0.0,0.0,0.0,0.0,0.0,0.0,0.0,0.0,0.0011356435,0.0,0.0,0.0,0.0,0.0,0.0,0.0,0.0,0.0,0.0,0.03356849,0.102869764,0.0,0.0,0.0,0.00922493,0.0,0.0,0.0,0.0,0.0,0.0,0.0007865352,0.0,0.0,0.0,0.0,0.0,0.0,0.0,0.01475583,0.0,0.0,0.0,0.0,0.0,0.0,0.0,0.0,0.0,0.0,0.0,0.0,0.0,0.0,0.0,0.0,0.0,0.0,0.0,0.0,0.0,0.0,0.0,0.0,0.0,0.0,0.0,0.0,0.0,0.0,0.0,0.0,0.0,0.0,0.0,0.0,0.0,0.0,0.0,0.0,0.0,0.0,0.0,0.0,0.0,0.0,0.0,0.0,0.0,0.0,0.0,0.0,0.0,0.0,0.0,0.0,0.0,0.0,0.0,0.0,0.42991525,0.0,0.0,0.0,0.0,0.004726715,0.0,0.0,0.0,0.0,0.0,0.0,0.0,0.0,0.0,0.0,0.0,0.0,0.0,0.0,0.0,0.0,0.0,0.0,0.0,0.0,0.019046567,0.0,0.0,0.0,0.0,0.0,0.0,0.0,0.0,0.0,0.0,0.0,0.0,0.0,0.0,0.0,0.0,0.0,0.0,0.0,0.0,0.0,0.0,0.0,0.0,0.0,0.0,0.0,0.0,0.0,0.0,0.0,0.0,0.0,0.0,0.0,0.0,0.0,0.0,0.0,0.0,0.0021768375,0.0,0.0,0.0,0.0004240184,0.0,0.0,0.0,0.0,0.0,0.0,0.0074216016,0.0,0.0,0.0,0.0,0.0,0.0,0.0,0.0,0.0,0.0,0.0,0.0,0.0
SRR22325900,0.0,0.0,0.0,0.0,0.0,0.0,0.0,0.0,0.0,0.0,0.0,0.0,0.0,0.0,0.0,0.0,0.0,0.0,0.0,0.0,0.0,0.0,0.0,0.0,0.0,0.0,0.0,0.0,0.0,0.0,0.0,0.0,0.0,0.0,0.0,0.0,0.0,0.0003390886,0.0,0.0,0.0,0.0,0.0,0.0,0.0,0.00022496379,0.0,0.0,0.0,0.0,0.0,0.0,0.0,0.0,0.0,0.0,0.0,0.0,0.0,0.0,0.0,0.0,0.0,0.0,0.0,0.0,0.0,0.0,0.0,0.0,0.0,0.0,0.0,0.0,0.0,0.0,0.0,0.0,0.0,0.0,0.0,0.0,0.0,0.0,0.0,0.0,0.0,0.0,0.0,0.0,0.0,0.0,0.0,0.0,0.0,0.0,0.0,0.0,0.0,0.0,0.0,0.0,0.0,0.0,0.0,0.0,0.0,0.0,0.0,0.0,0.0,0.0,0.0,0.0,0.0,0.0,0.0,0.0,0.0,0.0,0.0,0.0,0.0,0.0,0.0,0.0,0.0,0.0,0.0,0.0,0.0,0.0,0.0,0.0,0.0,0.0,0.0,0.0002516317,0.00036880336,0.0,0.0,0.00048506915,0.0,0.0,0.0,0.0,0.0,0.0,0.0,0.0,0.0,0.0,0.0,0.0,0.0,0.0,0.0,0.0,0.0,0.0,0.0,0.0,0.0,0.0,0.0,0.0,0.0,0.0,0.0,0.0,0.0,0.0,0.0,0.0,0.0,0.0,0.0,0.0,0.004660305,0.0,0.0,0.0,0.371228,0.0,0.0,0.0,0.0,0.0,0.0,0.0,0.0,0.0,0.0,0.0,0.0,0.0,0.0,0.0,0.0,0.03618683,0.0,0.0,0.0,0.0,0.0,0.0,0.0,0.0,0.0,0.0,0.0,0.06361609,0.0,0.21435435,0.0,0.0,0.0061456785,0.0,0.0,0.0,0.0,0.0,0.0,0.0,0.0,0.0,0.0,0.0,0.0,0.0,0.0,0.0,0.0,0.0,0.0,0.0,0.0,0.0,0.0,0.0,0.0,0.0,0.0,0.0,0.0,0.0,0.0,0.0,0.0,0.0,0.0,0.0,0.0,0.0,0.30137733,0.0,0.0,0.0,0.0,0.0,0.0,0.0,0.0,0.0,0.0,0.0,0.0,0.0,0.0,0.0,0.0,0.0,0.0,0.0,0.0,0.0,0.0,0.0,0.0,0.0,0.0,0.0,0.0,0.0,0.0,0.0,0.0,0.0,0.0,0.0,0.0005741416,0.0,0.0,0.0,0.00018782358,0.0,0.0,0.0,0.0,0.0,0.0,0.0,0.0,0.0,0.0,0.0,0.0,0.0,0.0,0.0,0.0,0.0
SRR22325902,0.0,0.0,0.0,0.009562455,0.058689795,0.0,0.0,0.006590038,0.0,0.0,0.0,0.0,0.0,0.078991644,0.0,0.0,0.0,0.0,0.0,0.0,0.0,0.0,0.0,0.019337703,0.0,0.0,0.0,0.0,0.0,0.0,0.0,0.0,0.0,0.0,0.0,0.0,0.0,0.0,0.0,0.0,0.0,0.0,0.0,0.0,0.0,0.0,0.0,0.0,0.0,0.0,0.0,0.0,0.0,0.0,0.0,0.0,0.0,0.0,0.0,0.0,0.0,0.0,0.0,0.0,0.0,0.0,0.0,0.0,0.0,0.0,0.0,0.0,0.0,0.0,0.0002486339,0.0,0.0,0.0,0.0,0.0,0.0,0.0,0.0,0.0,0.0,0.0,0.0,0.0,0.0,0.0316132,0.0506553,0.0,0.048171207,0.0,0.0,0.05718982,0.0,0.0,0.0,0.0,0.0,0.0,0.0,0.0,0.0,0.0,0.0,0.0,0.0,0.0,0.0,0.0,0.0,0.0,0.09631672,0.0,0.0,0.0,0.0,0.0,0.0,0.0,0.0,0.0,0.0,0.00039171733,0.0,0.0,0.0,0.0,0.0,0.0,0.0,0.0,0.0,0.0,0.0,0.0,0.0,0.0,0.0,0.0025480895,0.0,0.0,0.0,0.0,0.0,0.0,0.0,0.0,0.0,0.0,0.0,0.0,0.0,0.0,0.0,0.006966718,0.0,0.016558757,0.17539978,0.0,0.0025582681,0.0,0.0,0.0,0.0,0.0,0.0,0.0,0.0,0.0,0.0,0.0,0.0027774402,0.031761147,0.0035967978,0.0034800963,0.0,0.0,0.0,0.0,0.071191065,0.028771954,0.0,0.0,0.0,0.0,0.0,0.0,0.0,0.0,0.0,0.0,0.0,0.0,0.0026652406,0.0,0.0,0.00900758,0.0,0.0,0.0,0.0,0.0,0.0,0.0,0.0,0.0,0.0,0.0,0.0,0.0,0.0,0.0,0.0,0.0,0.0,0.0,0.0,0.0,0.0,0.0,0.0,0.0,0.0,0.0061673997,0.0,0.0,0.0,0.0,0.0,0.0,0.0,0.0,0.0049694222,0.0,0.0,0.0,0.0,0.0,0.0,0.0,0.0,0.0,0.0,0.0,0.0,0.0,0.0,0.0,0.0,0.0,0.0,0.0,0.0,0.0,0.0,0.0,0.0,0.0,0.0,0.0,0.0,0.0,0.0,0.0,0.0,0.0,0.0,0.0,0.0,0.0,0.0,0.0,0.0,0.0,0.0,0.0,0.0,0.0,0.0,0.0,0.004344503,0.0,0.0,0.0,0.0043936316,0.0,0.0,0.0,0.0,0.0,0.0,0.092086904,0.0,0.0,0.0,0.0,0.0,0.0,0.0,0.0,0.0,0.039338358,0.0,0.0,0.0,0.0070679593,0.0,0.0,0.02659053
SRR22325904,0.0,0.0,0.0,0.0,0.0,0.0,0.0,0.0,0.0,0.0,0.0,0.0,0.0014117882,0.0,0.0,0.0,0.0,0.0,0.0,0.0,0.0,0.0,0.0,0.0,0.0,0.0,0.0,0.0,0.0,0.0,0.0,0.002281206,0.0,0.0,0.0,0.0,0.0,0.0,0.0,0.0,0.0,0.0,0.0,0.0,0.0,0.0,0.0,0.0,0.0,0.0,0.0,0.0,0.0,0.0,0.0,0.0,0.0,0.0,0.0,0.0,0.0,0.0,0.0,0.0,0.0,0.0,0.0,0.0,0.0,0.0,0.0,0.0,0.0,0.0,0.0,0.0,0.0,0.0,0.0,0.13167645,0.0,0.0,0.0,0.021901364,0.0,0.0,0.0,0.0,0.0,0.0,0.0,0.0,0.0,0.0,0.0,0.10344433,0.0,0.0,0.0,0.0,0.0,0.0,0.0,0.0,0.0,0.0,0.0,0.0,0.0,0.0,0.0,0.0,0.0,0.0,0.0,0.0,0.0,0.0,0.0,0.0,0.0,0.0,0.0,0.0,0.009543265,0.0020497453,0.02445603,0.0,0.0,0.0,0.0,0.0,0.0,0.0,0.0,0.0,0.0,0.0,0.0,0.0,0.0,0.0,0.0,0.0,0.0,0.0,0.0,0.0,0.0,0.0065199845,0.0,0.0,0.0,0.032018166,0.0,0.0,0.0,0.0,0.0,0.48817864,0.0,0.0,0.0,0.0,0.0,0.0,0.0,0.0,0.0,0.0,0.0,0.0,0.0,0.12960903,0.0,0.016853787,0.0,0.0,0.0,0.0,0.0,0.0,0.0,0.0,0.0,0.0,0.0,0.0,0.0,0.0,0.0,0.0,0.0,0.0,0.0,0.006314613,0.0,0.0,0.0,0.0,0.0,0.0,0.0,0.0,0.00639909,0.0,0.0,0.0,0.0,0.0,0.0,0.0,0.0,0.0,0.0,0.0,0.0,0.0,0.0,0.0,0.0,0.0,0.0,0.0,0.0,0.0,0.0,0.0,0.0,0.0,0.0,0.0,0.0,0.0,0.0,0.0,0.0,0.0070330077,0.0,0.0,0.0,0.0,0.0,0.0,0.0,0.0,0.0,0.0,0.0,0.0,0.0,0.0,0.0,0.0,0.0,0.0,0.0,0.0,0.0,0.0,0.0,0.0,0.0,0.0,0.0,0.0,0.0,0.0,0.0,0.0,0.0,0.0,0.0,0.0,0.0,0.0,0.0,0.0,0.0,0.0,0.0,0.0,0.0,0.0,0.0,0.0035352937,0.0,0.0,0.0,0.005590623,0.001183637,0.0,0.0,0.0,0.0,0.0,0.0,0.0,0.0,0.0,0.0,0.0,0.0,0.0,0.0,0.0,0.0,0.0,0.0,0.0,0.0,0.0
SRR22325908,0.0,0.0,0.0,0.0,0.0,0.0,0.0,0.0,0.0,0.0,0.0,0.0,0.0,0.0,0.0,0.0,0.0,0.0,0.0,0.0,0.0,0.0,0.0,0.0,0.0,0.0,0.0,0.0,0.0014926791,0.0,0.0,0.0,0.0,0.0,0.0030554333,0.0,0.0,0.0,0.0,0.0,0.0,0.0,0.0,0.0,0.0,0.0,0.0,0.0,0.0,0.0,0.0072168293,0.0009472224,0.0,0.0,0.0,0.0,0.0,0.0,0.0,0.0,0.0,0.0,0.0,0.0,0.0,0.0,0.0,0.0,0.0,0.0,0.0,0.0,0.0,0.0,0.0,0.0,0.0010523709,0.0,0.0,0.0,0.0,0.0,0.0,0.0,0.0015165654,0.0,0.0,0.0,0.0,0.017210018,0.0,0.0,0.0,0.0,0.0,0.0497273,0.0,0.0,0.0,0.0,0.0,0.0,0.0,0.0,0.0,0.0,0.0,0.0,0.0,0.0,0.0,0.0,0.0,0.0,0.0,0.0,0.0,0.0,0.009170287,0.0,0.0,0.0,0.0,0.0,0.0,0.0,0.012919035,0.0,0.0,0.0,0.0,0.0,0.0,0.0,0.0,0.0,0.0,0.0,0.0,0.0,0.0,0.21986054,0.0074513117,0.0,0.0005718696,0.0,0.0,0.0,0.0,0.0,0.0,0.0,0.0,0.0,0.0,0.0,0.0,0.0,0.0,0.0,0.0,0.0,0.0,0.0,0.0,0.0,0.0,0.0,0.0,0.0,0.0,0.0,0.0,0.0,0.0,0.0,0.0,0.0016808485,0.0,0.0,0.0,0.0,0.0956463,0.0,0.0,0.0,0.0,0.0,0.0,0.0035062246,0.0,0.0,0.0,0.0,0.0,0.0,0.007880346,0.0,0.0,0.0052935416,0.0,0.0,0.0021179812,0.0,0.0,0.0,0.030273207,0.012103508,0.012097289,0.0,0.0,0.0,0.0,0.0,0.0,0.0,0.0,0.0,0.011956627,0.0,0.0,0.0,0.0,0.0,0.0,0.05445663,0.0,0.0,0.0,0.0,0.0055332957,0.0,0.0,0.0,0.0,0.0,0.0,0.0,0.0,0.0,0.0,0.21064542,0.0,0.0,0.0,0.0,0.0012570046,0.01757526,0.0,0.0,0.0,0.0,0.0,0.0,0.0,0.0,0.0,0.0,0.0,0.08928307,0.0,0.0,0.0,0.0,0.0,0.0,0.0,0.0,0.0,0.0,0.0,0.0,0.0,0.0,0.0,0.0,0.0,0.0,0.0,0.0,0.0,0.0,0.0,0.00035833847,0.0,0.0,0.0,0.0,0.0,0.0,0.0,0.0,0.0,0.020055244,0.0,0.0,0.0,0.0,0.0006360811,0.0011535191,0.0,0.0,0.0013236913,0.0,0.0,0.0,0.0,0.011230905,0.07174425,0.0,0.0,0.0
SRR22325910,0.0,0.0,0.0,0.002323075,0.0,0.0,0.0,0.0,0.00077825214,0.0,0.0,0.0,0.052572142,0.0,0.0,0.22649805,0.0,0.0,0.0,0.0,0.0,0.0,0.0,0.0,0.0,0.0,0.0,0.0024826766,0.0,0.0,0.0,0.0,0.0,0.0,0.0,0.0,0.0,0.0,0.0,0.0,0.0,0.0,0.00054159254,0.0,0.0,0.00051693217,0.0,0.0,0.0,0.0,0.0,0.0,0.0,0.0,0.0,0.0,0.0,0.0,0.0,0.0,0.0043783328,0.0,0.0,0.0,0.0,0.0,0.0,0.0,0.0,0.0,0.0,0.0,0.0,0.0,0.0,0.0044598286,0.0011870252,0.0,0.0,0.0,0.0,0.0,0.0,0.00027221718,0.0,0.0,0.0074839173,0.0,0.00044908785,0.016437778,0.0,0.0,0.00062271825,0.0,0.0,0.0005014069,0.00065719854,0.0,0.0,0.0,0.0,0.0,0.0,0.0018439752,0.0,0.0,0.0,0.0,0.0,0.0,0.0,0.0,0.0,0.0,0.0,0.0,0.00011820258,0.0,0.0005436693,0.00023519782,0.0,0.0,0.0,0.0,0.0,0.001581088,0.0,0.0,0.0,0.0,0.0,0.0,0.0,0.0,0.0,0.0,0.0,0.015591984,0.10800751,0.0,0.0,0.004787775,0.0,0.0,0.0,0.0,0.0,0.0,0.0,0.0,0.0009630174,0.0,0.0,0.0,0.0015556554,0.0,0.0,0.0,0.0,0.0,0.0,0.0,0.0,0.0,0.0,0.0,0.0,0.0,0.0,0.0,0.0,0.0,0.0,0.0,0.0,0.0,0.0,0.0,0.0,0.0,0.00027758384,0.0,0.008985709,0.0,0.0,0.0,0.0,0.0,0.0,0.0,0.0,0.0,0.0,0.0,0.0,0.0,0.0,0.0,0.0,0.0,0.0,0.0,0.0,0.0,0.0,0.0,0.02254536,0.0077217435,0.0,0.0002786887,0.0,0.011720483,0.0,0.0,0.0,0.0,0.0,0.0,0.0,0.0,0.0,0.0,0.0,0.0,0.0,0.0,0.0,0.0,0.0,0.0,0.0,0.0062510464,0.0,0.0,0.0,0.008415169,0.0016489406,0.0,0.0,0.0,0.0,0.048586503,0.0,0.0,0.0,0.0,0.000877712,0.0,0.0,0.08044993,0.0,0.0,0.0,0.0,0.0,0.0,0.0,0.0,0.0,0.0,0.0,0.0,0.0,0.0,0.0,0.0,0.0,0.0,0.0,0.0,0.0,0.0,0.0,0.0,0.0,0.0,0.0,0.0,0.0,0.0,0.0,0.0,0.0,0.0,0.0,0.0009706707,0.0,0.0,0.0,0.0,0.0,0.0,0.0,0.0,0.14787506,0.0,0.0,0.0,0.0,0.0,0.0,0.0,0.0,0.0,0.0,0.0,0.0,0.0,0.0009339283,0.0,0.19507112,0.0
SRR22325911,0.0,0.0,0.0,0.0,0.0,0.0,0.0,0.0,0.0,0.0,0.0,0.0,0.0,0.0,0.0,0.0,0.0,0.0,0.0,0.0,0.0,0.0,0.0,0.0,0.0,0.0,0.0,0.0,0.0,0.0,0.0,0.0,0.0,0.0,0.011242835,0.0,0.022372315,0.0,0.0,0.0,0.0,0.0,0.0,0.0,0.0,0.0,0.0,0.0,0.0,0.0,0.0,0.0,0.0,0.0,0.0,0.0,0.0,0.0,0.0,0.0,0.0,0.0,0.0,0.0,0.0,0.0,0.0,0.0,0.0,0.0,0.0,0.0,0.0,0.0,0.0,0.0,0.0,0.0,0.95423424,0.0,0.0,0.0,0.0,0.0,0.0,0.0,0.0,0.0,0.0,0.0,0.0,0.0,0.0,0.0,0.0,0.0,0.0,0.0,0.0,0.0,0.0,0.0,0.0,0.0,0.0,0.0,0.0,0.0,0.0,0.0,0.0,0.0,0.0,0.0,0.0,0.0,0.0,0.0,0.0,0.0,0.0,0.0,0.0,0.0,0.0,0.0,0.0,0.0,0.0,0.0,0.0,0.0,0.0,0.0,0.0,0.0,0.0,0.0,0.0,0.0,0.0,0.0,0.0,0.0,0.0,0.0,0.0,0.0,0.0,0.0,0.0,0.0,0.0,0.0,0.0,0.0,0.0,0.0,0.0,0.000997936,0.0,0.0,0.0,0.0,0.0,0.0,0.0,0.0,0.0,0.0,0.0,0.0,0.0,0.0,0.0,0.0,0.0,0.0,0.0,0.0,0.0,0.0,0.0,0.0,0.0,0.0,0.0,0.0,0.0,0.0,0.0,0.0,0.0,0.0,0.0,0.0,0.0,0.0,0.0,0.0,0.0,0.0,0.0,0.0,0.0,0.0,0.0,0.0,0.0,0.0,0.0,0.0,0.0,0.0,0.0,0.0,0.0,0.0,0.0,0.0,0.0,0.0,0.0,0.0,0.0,0.0,0.0,0.0,0.0,0.0,0.0,0.0,0.0,0.0,0.0,0.0,0.0,0.0,0.0,0.0,0.0,0.0,0.0,0.0,0.0,0.0,0.0,0.0,0.0,0.0,0.0,0.0,0.0,0.0,0.0,0.0,0.0,0.0,0.0,0.0,0.0,0.0,0.0,0.0,0.0,0.0,0.0,0.0,0.0,0.0,0.0,0.0,0.0,0.0,0.0,0.0,0.0,0.0,0.0,0.0,0.0,0.0,0.0,0.0,0.0,0.0,0.0,0.0,0.0,0.0,0.0,0.0,0.0,0.0,0.0,0.0,0.0,0.0,0.0,0.0,0.0,0.0,0.011152612,0.0,0.0,0.0,0.0,0.0,0.0,0.0,0.0,0.0
SRR22325912,0.0,0.0,0.0,0.010205043,0.0,0.0,0.0,0.0,0.0,0.0,0.0,0.0,0.0,0.07474749,0.0,0.0,0.0,0.0,0.0,0.0,0.0,0.00029322927,0.0030723966,0.008359494,0.0,0.0,0.0,0.0,0.0,0.007855882,0.0,0.00060121267,0.0,0.0,0.0016745483,0.0,0.0,0.0,0.0,0.00019974384,0.1896709,0.0041145775,0.0044110133,0.0,0.00131458,0.0,0.0,0.0028947233,0.0,0.0,0.0009815425,0.0,0.0,0.0,0.0,0.0,0.0,0.0,0.0,0.0,0.0,0.0,0.0,0.0,0.0,0.0,0.035806924,0.0,0.0,0.0021251538,0.0,0.0,0.0,0.0,0.0,0.00081954,0.0,0.0,0.0,0.0,0.0,0.0,0.0,0.0,0.0,0.005703549,0.0,0.00044857227,0.0013178142,0.0041762264,0.0,0.0,0.0,0.0,0.00053241226,0.00940607,0.0,0.0008530843,0.0,0.023755897,0.0,0.0,0.0,0.0010971624,0.0,0.0,0.0,0.0,0.0,0.0,0.0,0.0,0.0,0.0,0.0046071275,0.0,0.015311237,0.0,0.00055710855,0.0,0.002379373,0.0,0.0,0.00092253374,0.0,0.0027883209,0.0,0.0,0.0,0.0,0.0,0.0,0.012864937,0.0017329106,0.0,0.051624224,0.06964526,0.0,0.07739185,0.0,0.0,0.0013380346,0.004362172,0.0,0.00037663404,0.0,0.0,0.0,0.0,0.0005815935,0.000100925055,0.0,0.0,0.0,0.0,0.0,0.0,0.0,0.0,0.0,0.0,0.0,0.0,0.012272091,0.0,0.0,0.0,0.0,0.0,0.0,0.0,0.0,0.0,0.00071015616,0.0013836764,0.0,0.0,0.0,0.0,0.0,0.0,0.0,0.0005701164,0.0,0.0071384395,0.0,0.0,0.0,0.0,0.0,0.0,0.0,0.0021033979,0.0054595666,0.0,0.0,0.0006220232,0.0,0.0023032008,0.0003805744,0.0,0.0007273782,0.0,0.0,0.0,0.0,0.0017988039,0.0007646413,0.0,0.0,0.0,0.011119499,0.0,0.07060557,0.0,0.0030773454,0.006344792,0.0,0.00029998663,0.0,0.0,0.0,0.0,0.0,0.00049082894,0.00969849,0.0,0.0,0.0,0.0,0.0005310362,0.0,0.0,0.0,0.0,0.003769289,0.0,0.0,0.000592611,0.0,0.0,0.02568173,0.0,0.0,0.0,0.0,0.0,0.0057451087,0.0,0.0,0.0005572533,0.0,0.0,0.0,0.030190852,0.0,0.0,0.0,0.0,0.0,0.0,0.0,0.016900385,0.0,0.0,0.0,0.0,0.0,0.0,0.013190542,0.0,0.0,0.0,0.0,0.0,0.0,0.0,0.0,0.0,0.0,0.0,0.0,0.0,0.0,0.0,0.0,0.0,0.006152407,0.0,0.0,0.0,0.0,0.0,0.0,0.019860508,0.0009132649,0.0,0.0,0.0,0.0,0.0,0.0,0.0,0.053838573,0.025952157,0.0,0.0,0.011277999,0.002818843,0.0011337836,0.0,0.0
SRR22325915,0.0,0.0,0.0,0.022800855,0.0,0.0,0.0,0.0,0.008366869,0.0,0.0,0.0,0.0,0.016465288,0.0,0.0879598,0.0,0.0,0.0,0.0,0.0,0.0,0.0,0.0,0.0,0.0,0.0,0.0,0.0,0.0,0.0,0.0,0.0,0.0,0.0,0.0,0.0,0.00042835774,0.0,0.0,0.0,0.0,0.0,0.0,0.0,0.0,0.0,0.0,0.0,0.0,0.0,0.0,0.0,0.0,0.0,0.0,0.0,0.0,0.0,0.0,0.0,0.0,0.0,0.00027530902,0.0,0.0,0.0,0.00036995613,0.0,0.0,0.0,0.0,0.0,0.0,0.0033483496,0.0,0.0,0.0,0.0,0.014845077,0.0,0.0,0.0,0.004138999,0.0,0.0,0.0,0.0,0.0,0.0255326,0.0,0.0,0.0,0.0,0.0,0.00938533,0.0,0.0,0.0,0.0,0.0,0.0,0.0,0.00095924,0.0,0.0,0.0,0.0,0.0002747695,0.0,0.0,0.0,0.0,0.0,0.0,0.0,0.24058545,0.0,0.0,0.0,0.0,0.0,0.0,0.0,0.0,0.0050240494,0.0,0.0,0.0,0.0,0.0,0.0,0.0,0.0,0.0,0.0,0.0,0.011019727,0.1160942,0.0,0.0,0.012766031,0.007604187,0.0,0.0,0.0,0.0,0.014272363,0.0,0.0,0.0077649388,0.0,0.0,0.0,0.0004300614,0.0,0.0,0.0,0.0,0.0,0.0,0.0,0.0,0.0,0.0,0.0,0.0,0.0,0.0,0.0,0.0,0.0,0.0,0.0,0.0,0.0022591213,0.0,0.0020600623,0.0,0.0,0.003836907,0.0,0.110329956,0.0,0.0,0.039111268,0.0,0.0,0.0,0.0,0.0,0.0,0.0,0.0,0.0,0.0,0.0,0.0078120823,0.0,0.0,0.0,0.0,0.0,0.0,0.0,0.0,0.0,0.0,0.0,0.0,0.0,0.0,0.0,0.0,0.0,0.003409617,0.0,0.0,0.0,0.0,0.0,0.0,0.0,0.0,0.0,0.0,0.001657636,0.0,0.030362794,0.0,0.0,0.0,0.0,0.0,0.0,0.022174932,0.0,0.0,0.0,0.0,0.0,0.0,0.0,0.0,0.0,0.0,0.0,0.0,0.0,0.0,0.0,0.0,0.0,0.0,0.0,0.0,0.0,0.0,0.0,0.008878435,0.0,0.0,0.0,0.0,0.0,0.0,0.0,0.0,0.0,0.0,0.0,0.0,0.0,0.0,0.0,0.0,0.0,0.0,0.0,0.0,0.0,0.0,0.0,0.0015851749,0.0,0.0,0.0,0.0,0.0,0.0,0.0,0.0,0.0,0.0,0.0,0.0,0.0,0.0,0.0,0.0,0.0,0.0,0.0,0.014141922,0.1365254,0.0,0.0,0.00514292,0.0,0.0,0.0,0.0
SRR22325919,0.0,0.0,0.0,0.0,0.0,0.0,0.0,0.0,0.0,0.0,0.0,0.0,0.096726455,0.0,0.0,0.0,0.0,0.0,0.0,0.0060058846,0.0,0.0,0.0,0.0,0.0,0.0,0.0,0.0,0.0,0.0,0.0,0.0,0.0,0.0,0.0,0.0,0.0,0.02121188,0.0,0.0,0.0,0.0,0.0,0.0,0.0,0.0,0.0,0.0,0.0,0.0,0.0,0.0,0.0,0.0,0.0,0.0,0.00031910226,0.0,0.0,0.0,0.0043168967,0.0,0.0,0.0,0.0,0.0,0.0,0.0,0.0,0.0,0.0,0.0,0.0,0.0,0.0,0.0,0.0019732674,0.0,0.0,0.0,0.0,0.0,0.0,0.0033939295,0.010527438,0.0004556229,0.0,0.0,0.0,0.01537063,0.011017415,0.010367189,0.0,0.0,0.0,0.023052052,0.0,0.0,0.0,0.0,0.0,0.0,0.0,0.0003337284,0.0,0.0,0.0,0.0,0.0,0.0,0.0,0.0,0.0,0.0,0.0,0.0,0.0,0.0,0.00112972,0.0,0.0,0.0,0.0,0.0,0.0033349209,0.0,0.0,0.0,0.0,0.0,0.0,0.0,0.0,0.0008053017,0.0,0.0,0.0,0.0,0.069123395,0.0,0.00045693593,0.027331507,0.0,0.0,0.000715661,0.0,0.0,0.0,0.0,0.0048354217,0.0,0.0,0.0,0.0,0.0025214131,0.0,0.0,0.0,0.0,0.00022856813,0.0,0.0,0.0,0.0,0.0,0.0,0.0,0.0,0.0,0.0,0.0,0.0,0.0,0.0,0.0025859384,0.0013390584,0.0,0.008048108,0.0,0.0,0.0,0.0061066435,0.13083448,0.0,0.0,0.0,0.0,0.0,0.0,0.0013655497,0.0,0.00102067,0.0,0.0,0.0,0.0,0.0,0.0,0.0,0.010793324,0.0,0.00015452354,0.0,0.0,0.0,0.0,0.00081125635,0.0,0.0,0.0,0.0,0.0024995543,0.0,0.0033434017,0.0,0.0,0.0,0.0,0.0,0.0,0.0,0.0,0.0,0.0,0.0,0.0,0.0,0.0,0.014365986,0.0,0.0,0.012528084,0.0,0.0,0.0,0.0066472036,0.0,0.0,0.0013218841,0.0,0.0,0.026543444,0.0,0.0,0.0,0.0,0.00078653346,0.0,0.0,0.0,0.0,0.0,0.0,0.0,0.0,0.0,0.0,0.0,0.0,0.0,0.0,0.0,0.0,0.0,0.0,0.0,0.0,0.0,0.0,0.0,0.0,0.0,0.0,0.0,0.0,0.0,0.0,0.0,0.0,0.0,0.0,0.0,0.0,0.0031585733,0.0,0.003744074,0.0,0.0014756583,0.0,0.0,0.0,0.0,0.0,0.0,0.0,0.0,0.0,0.0,0.0,0.0,0.0,0.0,0.0,0.0,0.027917506,0.41705424,0.0,0.0,0.0,0.0,0.0,0.0
SRR22325921,0.0,0.0,0.0,0.0,0.0,0.0,0.0,0.032750823,0.0,0.0,0.0,0.0,0.2724247,0.0,0.0,0.0,0.0,0.0,0.0,0.0,0.0,0.0,0.0,0.0,0.0,0.0,0.0,0.0,0.0,0.0,0.0,0.0,0.0,0.0,0.00927783,0.0,0.0,0.0006129645,0.0005175725,0.0,0.0,0.0,0.032424264,0.0,0.0,0.00013555436,0.0,0.0,0.0,0.0,0.0,0.0,0.0,0.0,0.0,0.0,0.0,0.0,0.0,0.0,0.0,0.0,0.0,0.0,0.0,0.0,0.0,0.0,0.0,0.0,0.0,0.0,0.0,0.0,0.001197842,0.0,0.0,0.0,0.0,0.0,0.0,0.0,0.0,0.0,0.0,0.0042628236,0.0,0.0,0.0,0.0069275154,0.0071846256,0.0,0.0,0.0,0.0,0.00061984925,0.0,0.0,0.0,0.0,0.0,0.0,0.0,0.0,0.0,0.0,0.0,0.0,0.0,0.0,0.0,0.0,0.0,0.0,0.0,0.0,0.0,0.0,0.0,0.0,0.0,0.0,0.0,0.0,0.0,0.0016625103,0.0,0.0,0.0,0.0,0.0,0.0,0.0,0.0,0.0,0.0,0.0,0.0,0.0,0.0,0.0,7.3070914e-05,0.0,0.0,0.0,0.0,0.0,0.0,0.0,0.0,0.00019841692,0.0,0.0,0.00025156775,0.0,0.0,0.0,0.0,0.0,0.0,0.0,0.0,0.0,0.0,0.0,0.0,0.0,0.0,0.0,0.0,0.0,0.0,0.0,0.0,0.04330398,0.0,0.0,0.00064484763,0.0,0.0,0.0,0.0,0.009487102,0.0017639769,0.0,0.0,0.0,0.0,0.0,0.0,0.0,0.0,0.0,0.0,0.0,0.0,0.0,0.0,0.0,0.00037410136,0.0,0.0,0.0,0.0,0.0,0.0,0.10864339,0.0,0.0,0.0,0.0,0.0,0.0,0.07433482,0.0,0.0019516157,0.0,0.0010011652,0.0,0.0,0.0,0.0,0.0,0.0,0.0,0.0,0.0,0.0,0.0,0.0,0.0,0.0,0.0,0.0,0.0,0.011543056,0.001959444,0.0,0.0,0.0014512097,0.0017676904,0.040806856,0.0,0.0,0.0,0.0,0.0,0.0,0.00921574,0.04203929,0.0,0.0,0.0,0.0,0.0,0.0,0.0,0.0,0.0,0.0,0.0,0.0,0.0,0.0,0.0,0.0,0.0,0.0,0.0,0.0,0.00034042078,0.0,0.0,0.0,0.0,0.0,0.0,0.0,0.0,0.0,0.0,0.0,0.0,0.0,0.0038720183,0.0,0.0,0.004389506,0.0,0.0,0.0,0.0,0.0,0.0,0.08563584,0.0,0.0024340525,0.0,0.00013726616,0.0,0.0,0.0,0.0,0.0,0.18207265,0.0,0.0,0.0,0.00030787758,0.0,0.0,0.0
SRR22325924,0.0,0.0,0.0,0.0,0.0,0.0,0.0,0.0,0.0,0.0,0.0,0.0,0.0,0.0,0.0,0.0,0.0,0.0,0.0,0.0,0.0,0.0,0.0,0.0,0.0,0.0,0.0,0.0,0.0,0.0,0.0,0.0,0.0,0.0,0.024722582,0.0,0.0,0.0,0.011377457,0.0,0.0,0.034477755,0.0062638205,0.0,0.0,0.0,0.0,0.0,0.0,0.0,0.0,0.0,0.0,0.0,0.0,0.0,0.0,0.0,0.0,0.0,0.0,0.0,0.0,0.0,0.0,0.0,0.0,0.0,0.0,0.0,0.0,0.0,0.0,0.0,0.0,0.0,0.0,0.0,0.0,0.19175209,0.0,0.0,0.0,0.0,0.0,0.0,0.0,0.0,0.0,0.0,0.0,0.0,0.0,0.0,0.0,0.0,0.0,0.0,0.0,0.0,0.0,0.0,0.0,0.0,0.0,0.0,0.0,0.0,0.0,0.0,0.0,0.0,0.0,0.0,0.0,0.0,0.0,0.0,0.0,0.0,0.0,0.0,0.0,0.0,0.0,0.0,0.0,0.0,0.0,0.0,0.0,0.0,0.0,0.0,0.0,0.0,0.0,0.0,0.0,0.0,0.0,0.0,0.0,0.0,0.0,0.0,0.0,0.0,0.0,0.0,0.0,0.0,0.0,0.0,0.02564681,0.0,0.0,0.0,0.0,0.15497383,0.0,0.0,0.0,0.0,0.0,0.0,0.0,0.0,0.0,0.0,0.0,0.0,0.0,0.0,0.0,0.0,0.0,0.0,0.0,0.0,0.0,0.0,0.0,0.0,0.0,0.0,0.0,0.0,0.0,0.0,0.0,0.0,0.0,0.0,0.0,0.0,0.0,0.0,0.0,0.0,0.0,0.0,0.0,0.0,0.0,0.0,0.0,0.0,0.0,0.0,0.0,0.0,0.0,0.0,0.0,0.0,0.0,0.0,0.0,0.0,0.0,0.0,0.0,0.0,0.0,0.0,0.0,0.0,0.0,0.0,0.0,0.0,0.0,0.0,0.0,0.0,0.0,0.0,0.0,0.0,0.0,0.0,0.0,0.0,0.0,0.0,0.0,0.0,0.0,0.0,0.0,0.0,0.0,0.0,0.0,0.0,0.0,0.0,0.0,0.0,0.0,0.0,0.0,0.0,0.0,0.0,0.0,0.0,0.0,0.0,0.0,0.0,0.0,0.0,0.0,0.0,0.0,0.0,0.0,0.0,0.0,0.0,0.0,0.0,0.0,0.0,0.0,0.029617568,0.0,0.0,0.0,0.5178992,0.0,0.0,0.0,0.0,0.0,0.0,0.003268885,0.0,0.0,0.0,0.0,0.0,0.0,0.0,0.0,0.0,0.0,0.0,0.0,0.0
SRR22325926,0.0,0.0,0.0,0.0,0.0,0.0,0.0,0.0,0.0,0.0,0.0,0.0,0.0,0.027819987,0.0,0.0,0.0,0.0,0.0,0.0,0.0,0.0,0.0,0.0,0.0,0.0,0.0,0.0,0.0,0.0,0.0,0.0,0.0,0.0,0.0,0.0,0.0,0.07328065,0.15231118,0.0,0.0,0.0,0.0,0.0,0.0,0.04321517,0.0,0.0,0.0,0.0,0.0,0.0,0.0,0.0,0.0,0.0,0.0,0.0,0.0,0.0,0.0,0.0,0.0,0.0,0.0,0.0,0.0,0.0,0.0,0.0,0.0,0.0,0.0,0.0,0.0,0.0,0.0,0.0,0.0,0.0,0.0,0.0,0.0,0.0,0.0,0.0,0.0,0.0,0.0,0.0,0.0,0.0,0.0,0.0,0.0,0.0,0.0,0.0,0.0,0.0,0.0,0.0,0.0,0.0,0.0,0.0,0.0,0.0,0.0,0.0,0.0,0.0,0.0,0.0,0.0,0.0,0.0,0.0,0.0,0.0,0.0,0.0,0.0,0.0,0.0,0.0,0.0,0.0,0.0,0.0,0.0,0.0,0.0,0.0,0.0,0.0,0.0,0.0,0.0,0.0,0.0,0.0,0.0,0.0,0.0,0.0,0.0,0.0,0.0,0.0,0.0,0.0,0.0,0.0,0.0,0.0,0.0,0.0,0.0,0.0,0.0,0.0,0.0,0.0,0.0,0.0,0.0,0.0,0.0,0.0,0.0,0.0,0.0,0.0,0.0,0.0,0.0,0.0,0.0,0.0,0.0,0.0,0.29032826,0.0,0.0,0.0,0.0,0.0,0.0,0.0,0.0,0.0,0.0,0.0,0.0,0.0,0.0,0.0,0.0,0.0,0.0,0.0,0.0,0.0,0.0,0.0,0.0,0.0,0.0,0.0,0.0,0.0,0.0,0.0,0.0,0.0,0.0,0.0,0.0,0.0,0.0,0.0,0.0,0.0,0.0,0.0,0.0,0.0,0.0,0.0,0.0,0.0,0.0,0.0,0.0,0.08329135,0.047858324,0.0,0.0,0.0,0.0,0.015957061,0.0,0.0,0.0,0.0,0.0,0.0,0.0,0.0,0.0,0.0,0.0,0.0,0.0,0.0,0.0,0.0,0.0,0.0,0.0,0.0,0.0,0.0,0.0,0.0,0.0,0.0,0.0,0.0,0.0,0.0,0.0,0.0,0.0,0.0,0.0,0.0,0.0,0.0,0.0,0.0,0.0,0.0,0.0,0.0,0.0,0.0,0.0,0.0,0.0,0.0,0.0,0.0,0.0,0.0,0.0,0.0,0.043760896,0.0,0.0,0.0,0.032379337,0.0,0.0,0.0,0.0,0.06767825,0.06134523,0.0,0.0,0.060774248
SRR22325928,0.0,0.0,0.0,0.003620389,0.0,0.0,0.0,0.0,0.052883096,0.0,0.0,0.0,0.30414104,0.0,0.0,0.0,0.0,0.0,0.0,0.0006929782,0.0,0.0,0.13486254,0.0,0.0,0.0,0.023168817,0.0,0.0,0.0,0.0,0.0,0.0,0.0,0.00024583915,0.0,0.0,0.0,0.0,0.0,0.0,0.0,0.0,0.0,0.0,0.0,0.0,0.0,0.0,0.0,0.0,0.0,0.0,0.0,0.0,0.0,0.0,0.0,0.0,0.0,0.0,0.0,0.0,0.0,0.0,0.0,0.0,0.0,0.0,0.0,0.0,0.0,0.0,0.0,0.002354413,0.0,0.0,0.0,0.0,0.0,0.0,0.0,0.0,0.0,0.0,0.0,0.0,0.0,0.0,0.051298033,0.0,0.0,0.0,0.0,0.0,0.0,0.0,0.0,0.0,0.0,0.0,0.0,0.0,0.0,0.0,0.0,0.0,0.0,0.0,0.0,0.0,0.0,0.0,0.0,0.0,0.0,0.0,0.0,0.0,0.0,0.0,0.0,0.0,0.0,0.0,0.0,0.0,0.0,0.0,0.0,0.0,0.0,0.0,0.0,0.0,0.0,0.0,0.035433568,0.0,0.0,0.0,0.023018463,0.0,0.0,0.0,0.0,0.0,0.0,0.0,0.0,0.0,0.0,0.0,0.0,0.00037912885,0.0,0.00070795015,0.0,0.0,0.0,0.0,0.0,0.0,0.0,0.0,0.0,0.0,0.0,0.0,0.0,0.0,0.0,0.0,0.0,0.0,0.00025289797,0.0,0.0,0.0,0.0,0.0,0.0,0.098874666,0.0,0.0,0.0,0.0,0.0,0.0,0.0,0.0,0.0,0.0,0.0,0.0,0.0,0.0,0.0,0.0,0.0,0.0,0.0,0.0,0.0,0.0,0.0,0.07774156,0.021732843,0.0,0.0,0.0,0.0,0.0,0.0,0.0,0.0,0.0,0.0,0.0,0.0,0.0,0.0,0.0,0.0,0.0,0.0,0.0,0.0,0.0,0.0,0.0,0.0,0.0,0.0,0.0,0.0,0.0,0.0,0.0,0.001907289,0.0013030949,0.012424101,0.0,0.0,0.0,0.0,0.0,0.016995218,0.0,0.0,0.0,0.0,0.0,0.0,0.0,0.0,0.0,0.0,0.0,0.0,0.0,0.0,0.0,0.0,0.0,0.0,0.0,0.0,0.0,0.0,0.0,0.0,0.0,0.0,0.0,0.0,0.0,0.0,0.0,0.0,0.0,0.0,0.0,0.0,0.0,0.0,0.0,0.0,0.0,0.0,0.0,0.0,0.0,0.0,0.13575923,0.0,0.0,0.0,0.0,0.0,0.0,0.0,0.0,0.0,0.0002027912,0.0,0.0,0.0,0.0,0.0,0.0,0.0
SRR22325931,0.0,0.0,0.0,0.0,0.008881939,0.0,0.0,0.0,0.0,0.0,0.0,0.0,0.0,0.37730858,0.0,0.0,0.0,0.0,0.0,0.0,0.0,0.0,0.0,0.0,0.0,0.0,0.0,0.0,0.0,0.0,0.0,0.008527664,0.0,0.0,0.03068313,0.0,0.0,0.0,0.0,0.0,0.0,0.0,0.021216894,0.0,0.0,0.06055815,0.0,0.0,0.0,0.0,0.0,0.0,0.0,0.0,0.0,0.0,0.0,0.0,0.0,0.0,0.0,0.0,0.0,0.0,0.0,0.0,0.0,0.0,0.0,0.0,0.0,0.0,0.0,0.0,0.0,0.0,0.0,0.0,0.0,0.0,0.0,0.0,0.0,0.0,0.0,0.0,0.0,0.0,0.052953493,0.0,0.0,0.0,0.0,0.0,0.0,0.0,0.0,0.0,0.0,0.0,0.0,0.0,0.0,0.0,0.0,0.0,0.0,0.0,0.0,0.0,0.0,0.0,0.0,0.0,0.0,0.0,0.0,0.0,0.0,0.0,0.0,0.0,0.0,0.0,0.0,0.0,0.0,0.0,0.0,0.0,0.0,0.0,0.0,0.0,0.0,0.0,0.0,0.0,0.0,0.0,0.0,0.0,0.0,0.0,0.0,0.0,0.0,0.0,0.0,0.0,0.0,0.0,0.0,0.0,0.0,0.0,0.0,0.0,0.0,0.0,0.0,0.0,0.0,0.0,0.0,0.0,0.0,0.0,0.0,0.0,0.0,0.0010766953,0.0,0.0,0.0,0.05958122,0.0,0.0,0.0,0.0,0.0,0.0,0.20358755,0.0,0.0,0.0,0.0,0.0,0.0,0.0,0.0,0.0,0.0,0.0,0.0,0.0,0.0,0.0,0.0,0.0,0.0,0.0,0.0,0.0,0.0,0.0,0.0,0.0,0.0,0.0,0.0,0.0,0.0,0.0,0.0,0.0,0.0,0.0,0.0,0.0,0.0,0.0,0.0,0.0,0.0,0.0,0.0,0.0,0.0,0.0,0.0,0.0,0.0,0.0,0.0,0.0,0.0,0.0,0.0,0.0,0.0,0.0,0.0,0.0,0.0,0.0,0.0,0.0,0.0,0.0,0.0,0.0,0.0,0.0,0.0,0.0,0.0,0.0,0.0,0.0,0.0,0.0,0.0,0.0,0.0,0.0,0.0,0.0,0.0,0.0,0.0,0.0,0.0,0.0,0.0,0.0,0.0,0.0,0.0,0.0,0.0,0.0,0.0,0.0,0.0,0.0,0.0,0.0,0.0,0.0,0.00033946132,0.024583537,0.0,0.0,0.0,0.0,0.016059684,0.0,0.038474765,0.0,0.0,0.0,0.0,0.0,0.0,0.0,0.0,0.0,0.0961673,0.0,0.0,0.0
SRR22325933,0.0,0.0,0.0,0.0,0.0,0.0,0.0,0.05767295,0.0,0.0,0.0,0.0,0.0,0.5906556,0.0,0.0,0.0,0.0,0.0,0.0,0.0,0.0,0.0,0.0,0.0,0.0,0.0,0.0,0.0028891987,0.0,0.0,0.0,0.0,0.0,0.0,0.0,0.001175905,0.0,0.0,0.0,0.0,0.0,0.0,0.0,0.0,0.04326678,0.0,0.0,0.0,0.0,0.0026985074,0.0,0.0,0.0,0.0,0.0,0.0,0.0,0.0,0.0,0.0,0.0,0.0,0.0,0.0,0.0,0.0,0.0,0.0,0.0,0.0,0.0,0.0,0.0,0.0,0.0,0.0,0.0,0.0,0.013763124,0.0,0.0,0.0,0.0,0.0,0.0,0.0,0.0,0.0,0.0,0.0,0.0,0.0,0.0,0.0,0.0,0.0,0.0,0.0,0.0,0.0,0.0,0.0,0.0,0.0,0.0,0.0,0.0,0.0,0.0,0.0,0.0,0.0,0.0,0.0,0.0,0.0,0.0,0.0,0.0,0.0,0.0,0.0,0.0,0.0003215562,0.0007707686,0.0,0.0,0.0,0.0,0.0,0.0,0.0,0.0,0.0,0.0,0.0,0.0,0.0,0.0,0.0,0.0,0.0,0.0,0.0,0.0,0.0,0.0,0.0,0.0,0.0,0.0,0.0,0.0,0.0,0.0,0.0,0.0,0.0,0.0,0.0,0.0,0.0,0.0,0.0,0.0,0.0,0.0,0.0,0.0,0.0,0.0,0.0,0.0013970494,0.0,0.010177494,0.0,0.009613069,0.0,0.0,0.0,0.0029538549,0.16783303,0.033675317,0.0,0.0,0.0,0.0,0.0,0.0,0.0,0.0,0.0,0.0,0.0,0.0,0.0054628146,0.0,0.0,0.0,0.0,0.0,0.0,0.0,0.0,0.0,0.0,0.0,0.0,0.0,0.0,0.0,0.0,0.0,0.0,0.0036267512,0.0,0.0,0.0,0.0,0.009701617,0.0,0.0,0.0,0.0,0.0,0.0034799983,0.0,0.0,0.0,0.0,0.0,0.0,0.0,0.0,0.0,0.0,0.0,0.0,0.0,0.0,0.0,0.0,0.0,0.0,0.0,0.0,0.0,0.0,0.0,0.0,0.0,0.0,0.0,0.0,0.0,0.0,0.0,0.0,0.0,0.0,0.0,0.0,0.0,0.0,0.0,0.0,0.0,0.0,0.0,0.0,0.0,0.0,0.0,0.0,0.0,0.0,0.0,0.0,0.0,0.0,0.0,0.0,0.0,0.0,0.0,0.0,0.0,0.0,0.0,0.0,0.0,0.0,0.0,0.0,0.0,0.0,0.0,0.0,0.0,0.0,0.0,0.0,0.0,0.0,0.0,0.0,0.029402247,0.009462299,0.0,0.0,0.0
SRR22325934,0.0,0.0,0.0,0.0,0.0,0.0,0.0,0.0,0.0,0.0,0.0,0.0,0.0,0.15698478,0.0,0.0,0.0,0.0,0.0,0.0,0.0,0.0,0.0,0.0,0.0,0.0,0.0,0.0,0.0,0.003582084,0.0,0.0,0.0,0.0,0.00038479388,0.0,0.0,0.0,0.00032760558,0.0,0.0,0.0,0.0,0.0,0.0,0.0,0.0,0.0,0.0,0.0,0.0,0.0,0.0,0.0,0.0,0.0,0.0,0.0,0.0,0.0,0.0,0.0,0.0,0.0,0.0,0.0,0.0,0.0,0.0,0.028751506,0.0,0.0,0.0,0.0,0.0,0.0103577,0.00043124217,0.0,0.0,0.0,0.0,0.0,0.0,0.0,0.0,0.0,0.0,0.0,0.0,0.0,0.0,0.0,0.0,0.0,0.0,0.0,0.0,0.0,0.0,0.0,0.0,0.0,0.0,0.0,0.0,0.0,0.0,0.0,0.0,0.0,0.0,0.0,0.0,0.0,0.0,0.0,0.0,0.0,0.0,0.0,0.0,0.0,0.0,0.0,0.0,0.00115541,0.0,0.0,0.0,0.0,0.0,0.0,0.0,0.0,0.0,0.0,0.0,0.0,0.0,0.0,0.0,0.0,0.0,0.0,0.0,0.0,0.0,0.0,0.0,0.0,0.0,0.0,0.0,0.0,0.0,0.0,0.0,0.0,0.0,0.0,0.0,0.0,0.0,0.0,0.0,0.0,0.0,0.0,0.0,0.0,0.0,0.0,0.0,0.0,0.0,0.0,0.0,0.0,0.0,0.0,0.0,0.0,0.2932383,0.0,0.0,0.0,0.0,0.0,0.0,0.0,0.0,0.0,0.0,0.0,0.0,0.0,0.0,0.0,0.0,0.0,0.0,0.0,0.0,0.0,0.0,0.0,0.0,0.0,0.0,0.0,0.0,0.0,0.0,0.0,0.0,0.0,0.0,0.0,0.0,0.0,0.0,0.0,0.0,0.0,0.0,0.00097088085,0.0,0.0,0.0,0.0,0.0,0.0,0.0,0.0,0.0,0.0,0.0,0.0,0.0,0.0,0.0,0.0,0.0,0.0,0.0,0.0,0.0,0.0,0.0,0.0,0.0,0.0,0.0,0.0,0.0,0.0,0.0,0.0,0.0,0.0,0.0,0.0,0.0,0.0,0.0,0.0,0.0,0.0,0.0,0.0,0.0,0.0,0.0,0.0,0.0,0.0,0.0,0.0,0.0,0.0,0.0,0.0,0.0,0.0,0.0,0.0,0.0,0.0,0.0,0.0,0.0,0.0,0.0,0.0,0.5038157,0.0,0.0,0.0,0.0,0.0,0.0,0.0,0.0,0.0,0.0,0.0,0.0,0.0,0.0,0.0,0.0,0.0
SRR22325940,0.0,0.0,0.0,0.0,0.0,0.0,0.0,0.0,0.09286636,0.0,0.0,0.0,0.041681487,0.0,0.01025237,0.0,0.0,0.0,0.0,0.0,0.0,0.0015596657,0.0,0.0,0.0067101712,0.0,0.0,0.0,0.0,0.0,0.0,0.0008953861,0.0,0.0,0.0,0.0,0.0,0.0,0.0,0.0,0.0,0.0,0.0,0.0,0.0,0.0,0.0,0.0,0.0,0.0,0.0,0.0,0.0,0.0,0.0,0.0,0.0,0.0,0.0,0.0,0.0,0.0,0.0017291302,0.0,0.0,0.0,0.0,0.0,0.0,0.0,0.0,0.0,0.0,0.0,0.0,0.0,0.0,0.0,0.0,0.0,0.0,0.0,0.0,0.0,0.0,0.0,0.025137687,0.001102827,0.012496688,0.039850213,0.013697854,0.0,0.0,0.0,0.0,0.05769965,0.0,0.0,0.0,0.0,0.0,0.0,0.0,0.0,0.0,0.0,0.0,0.0,0.0,0.0,0.0,0.0,0.0,0.0,0.0,0.0,0.0,0.0,0.0015408747,0.0013635017,0.0028791754,0.0,0.0,0.049981017,0.0,0.0050570867,0.0,0.0,0.0,0.0,0.0,0.0,0.0,0.002596186,0.0,0.0,0.0,0.0,0.0,0.0,0.0,0.026008354,0.0,0.009682355,0.0,0.0,0.0,0.022809519,0.0,0.0008774161,0.0,0.0,0.0,0.0,0.0,0.0,0.0,0.0,0.0,0.015911605,0.0,0.0,0.0,0.0,0.0,0.0,0.0,0.0,0.0,0.0,0.0,0.0,0.0,0.0,0.0,0.07092643,0.0,0.028771324,0.0,0.0,0.016349718,0.0,0.004955822,0.0,0.0,0.0,0.0,0.0,0.0,0.080377765,0.0,0.0,0.0,0.0,0.0,0.0,0.002007155,0.0,0.0,0.0,0.0,0.0,0.0,0.0,0.0,0.0,0.015822796,0.013253234,0.0090075275,0.0,0.0,0.0,0.0,0.0,0.0,0.0,0.0,0.0,0.00138286,0.0,0.0,0.0,0.0,0.0034596103,0.0,0.16625878,0.0,0.0,0.0,0.0,0.0,0.0027094511,0.0,0.0,0.0,0.004143373,0.0,0.0,0.0,0.0,0.0,0.0,0.0,0.0,0.0,0.0,0.0,0.12928738,0.0,0.0,0.0,0.0,0.0,0.0,0.0,0.0,0.0,0.0,0.0,0.0,0.0,0.0,0.0,0.0,0.0,0.0,0.0,0.0,0.0,0.0,0.0,0.0,0.0,0.0,0.0,0.0,0.0,0.0,0.0,0.0,0.0,0.0,0.0,0.0037714154,0.0,0.0,0.0031287905,0.0,0.0,0.0,0.0,0.0,0.0,0.0,0.0,0.0,0.0,0.0,0.0,0.0,0.0,0.0,0.0,0.0,0.0,0.0,0.0,0.0,0.0,0.0,0.0,0.0
SRR22325943,0.0,0.0,0.0,0.00023488139,0.0,0.0,0.0,0.0,0.0,0.0,0.0,0.0,0.0,0.07908981,0.0,0.0,0.0,0.0,0.0,0.0,0.0,0.0009851926,0.0,0.0,0.0,0.0,0.00027756707,0.004126678,0.0,0.0,0.0008752044,0.0,0.0,0.0,0.0,0.0,0.0,0.0004101802,0.0,0.0,0.0,0.0,0.0,0.0,0.0,0.0,0.0,0.0009353611,0.0,0.0,0.0,0.004255571,0.0,0.0,0.0,0.0,0.0,0.00018600686,0.0,0.0,0.0,0.0,0.0,0.0,0.0,0.0,0.0,0.0,0.0,0.0011715823,0.0,0.0,0.0,0.0,0.0,0.0017520343,0.00049877487,0.0,0.0,0.0,0.0,0.0,0.0,0.0,0.0,0.0,0.0,0.0,0.00012383552,0.01263662,0.0,0.0,0.0,0.0,0.0,0.00016591491,0.0,0.0,0.0,0.0,0.0,0.0,0.0,0.0,0.0,0.0,0.0,0.0,0.0,0.0,0.0,0.0,0.0,0.0,0.0,0.0,0.0,0.0,0.0,0.0,0.0,0.0,0.0,0.0,0.0,0.0038005728,0.0,0.0,0.0,0.0,0.0,0.0,0.0,0.0,0.0,0.0,0.0,0.0,0.01253115,0.0,0.0,0.0024644183,0.0,0.000111647394,6.6065906e-05,0.0,0.0,0.0,0.0,0.0,0.0005311022,0.0,0.0,0.0,0.0,0.0,0.0,0.0,0.0,0.0,0.0,0.0,0.0,0.0,0.0,0.0,0.0,0.0,0.0,0.0,0.0,0.0,0.0,0.0,0.41980097,0.008096753,0.0,0.0016767462,0.0,0.0,0.0,0.0,0.23081848,0.0,0.0,0.0,4.5767087e-05,0.0,0.0,0.0,0.0,0.0,0.0,0.0,0.0,0.0,0.0,0.0,0.063677825,0.0018310515,0.0,0.0,0.0,0.0,0.0,0.0,0.0,0.0,0.0,0.0,0.0,0.0,0.0,0.0,0.0,0.0025858232,0.0,0.0,0.0044991015,0.0,0.0,0.0,0.0,0.0,0.0,0.0037645933,0.00090225105,0.0,0.0,0.0,0.0,0.0,0.0,0.0,0.0,0.0002288687,0.0,0.0,0.0,0.005748986,0.0007279343,0.00077950134,0.0,0.0,0.010990105,0.0,0.0,0.0005222016,0.00068142964,0.0,0.0,0.0,0.0,0.0,0.0,0.0,0.0,0.0,0.0,0.0,0.0,0.0,0.0,0.0,0.0,0.0014883076,0.0,0.0,0.0,0.0,0.0,0.0,0.0,0.0,0.0,0.0,0.0,0.0,0.0,0.0,0.0,0.0,0.0,0.00030358144,0.0,0.0,0.0,0.0,0.0,0.0,0.0,0.0,0.0,0.0,0.10199841,0.0,0.0,0.0,0.0,0.0,0.0,0.0,0.0,0.0,0.00033040915,0.0,0.0,0.0088644205,0.0024063583,0.0,0.0,0.0
SRR22325945,0.0,0.0,0.0,0.0,0.0,0.0,0.0,0.0,0.0,0.0,0.0,0.0,0.0,0.0044678506,0.0,0.0,0.0,0.0,0.0,0.0,0.0,6.4869426e-05,0.0,0.0,0.0,0.0,0.0,0.00010441043,0.0,0.0,0.0,0.0,0.0,0.0,0.0,0.0,0.0,0.0,0.00032032208,0.0,0.0,0.0,0.0,0.0,0.0,0.0,0.0,0.0,0.0,0.0,0.0,0.0,0.0,0.0,0.0,0.0,0.0,0.0,0.0,0.0,0.0,0.0,0.0,0.0,0.0,0.0,0.0,0.0,0.0,0.0,0.0,0.0,0.0,0.0,0.0,0.0,0.0,0.0,0.0,0.0,0.0,0.0,0.0,0.0,0.0,0.0,0.0,0.0,0.0,0.00041285998,0.0,0.0,0.0,0.0,0.0,0.0,0.0,0.0,0.0,0.0,0.0,0.0,0.0,0.0,0.0,0.0,0.0,0.0,0.0,0.0,0.0,0.0,0.0,0.0,0.0,0.0,0.0,0.0,0.0,0.0,0.0,0.0,0.0,0.0,0.0,0.00065729296,0.0,0.0,0.0,0.0,0.0,0.0,0.0,0.0,0.0,0.0,0.0,0.80415165,0.0090481,0.0,0.0,0.0,0.0,0.0,0.0,0.0,0.0,0.0,0.0,0.0,0.0,0.0,0.0,0.0,0.0,0.0,0.0,0.0,0.0,0.0,0.0,0.0,0.0,0.0,0.0,0.0,0.0,0.0,0.0,0.0,0.0,0.0,0.0,0.0,0.018767409,0.0,0.0,0.0,0.0,0.0,0.0,0.0,0.025238227,0.0,0.0022810607,0.0,0.0,0.0,0.0,0.0,0.0,0.0,0.0,0.0,0.0,0.0,0.0,0.0,0.0,0.0,0.0,0.0,0.0,0.0,0.0,0.0,0.0,0.0,0.0,0.0,0.0,0.00014873831,0.0,0.0021760403,0.0,0.0,0.0,0.0,0.0,0.0,0.0,0.0,0.0,0.0,0.0,0.0,0.0,0.0,0.0,0.0,0.0,0.0,0.0,0.0,0.0,0.0,0.0,0.0,0.0,0.0,0.0,0.0,0.0,0.0,0.0,0.0,0.0,0.0,0.0,0.0,0.0,0.0,0.0,0.0,0.0,0.0,0.0,0.0,0.0,0.0,0.0,0.0,0.0,0.0,0.0,0.0,0.0,0.0,0.0,0.0,0.0,0.0,0.0,0.0,0.0,0.0,0.0,0.0,0.0,0.0,0.0,0.0,0.0,0.0,0.0,0.0,0.0,0.0,0.0,0.0,0.0,0.0,0.0,0.0,0.00067602406,0.0,0.0,0.0,0.0,0.0,0.0,0.0,0.0,0.00085261656,0.0,0.0,0.0,0.0,0.0,0.0,0.1306325,0.0
SRR22325946,0.0,0.0,0.0,0.0,0.0,0.0,0.0,0.0,0.0,0.0,0.0,0.0,0.0,0.0,0.0,0.0,0.0,0.0,0.0,0.0,0.0,0.0015283764,0.0,0.0,0.0,0.0,0.0,0.0,0.0,0.0,0.0,0.0,0.0,0.0,0.0,0.0,0.8210867,0.12147581,0.0,0.0,0.0020979256,0.0,0.043587457,0.0,0.0,0.0008898992,0.0,0.0,0.0,0.0,0.0,0.0,0.0,0.0,0.0,0.0,0.0,0.0,0.0,0.0,0.0,0.0,0.0,0.0,0.0,0.0,0.0,0.0,0.0,0.0,0.0,0.0,0.0,0.0,0.0,0.0,0.0,0.0,0.0,0.0,0.0,0.0,0.0,0.0,0.0,0.0,0.0012883571,0.0,0.0,0.0,0.0,0.0,0.0,0.0,0.0,0.0,0.0,0.0,0.0,0.0,0.0,0.0,0.0,0.0,0.0,0.0,0.0,0.0,0.0,0.0,0.0,0.0,0.0,0.0,0.0,0.0,0.0,0.0,0.0,0.0,0.0,0.0,0.0,0.0,0.0,0.0,0.0,0.0,0.0,0.0,0.0,0.0,0.0,0.0,0.0,0.0,0.0,0.0,0.0,0.0,0.0,0.0,0.0,0.0,0.0,0.0,0.0,0.0,0.0,0.0,0.0,0.0,0.0,0.0,0.0,0.0,0.0,0.0,0.0,0.0,0.0,0.0,0.0,0.0,0.0,0.0,0.0,0.0,0.0,0.0,0.0,0.0,0.0,0.0,0.0,0.0,0.0,0.0,0.0,0.0,0.0,0.0,0.0,0.0,0.0,0.0,0.0,0.0,0.0,0.0,0.0,0.0,0.0,0.0,0.0,0.0,0.0,0.0,0.0,0.0,0.0,0.0,0.0,0.0,0.0,0.0,0.0,0.0,0.0,0.0,0.0,0.0,0.0,0.0,0.0,0.0,0.0,0.0,0.0,0.0,0.0,0.0,0.0,0.0,0.0,0.0,0.0,0.0,0.0,0.0,0.0,0.0,0.0,0.0,0.0,0.0,0.0,0.0,0.0,0.0,0.0,0.0,0.0,0.0,0.0,0.0,0.0,0.0,0.0,0.0,0.0,0.0,0.0,0.0,0.0,0.0,0.0,0.0,0.0,0.0,0.0,0.0,0.0,0.0,0.0,0.0,0.0,0.0,0.0,0.0,0.0,0.0,0.0,0.0,0.0,0.0,0.0,0.0,0.0,0.0,0.0,0.0,0.0,0.0,0.0,0.0,0.0,0.0,0.0,0.008045448,0.0,0.0,0.0,0.0,0.0,0.0,0.0,0.0,0.0,0.0,0.0,0.0,0.0,0.0,0.0,0.0,0.0,0.0,0.0,0.0,0.0,0.0
SRR22325951,0.0,0.0,0.0,0.0,0.0,0.0,0.0,0.018898396,0.0,0.0,0.0,0.0,0.037491117,0.13487984,0.0,0.0,0.0,0.0,0.0,0.0,0.0002863968,0.0,0.041104358,0.009710361,0.0,0.0,0.0,0.0030435915,0.0,0.08514826,0.0,0.0,0.0,0.0,0.0,0.0,0.0,0.0,0.0,0.0,0.0,0.0,0.0,0.0,0.0,0.0,0.0,0.0,0.0,0.0,0.0,0.0,0.0,0.0,0.0,0.0,0.0,0.0,0.0,0.0,0.0,0.0,0.00030924057,0.0016465102,0.0,0.0,0.0,0.0,0.0,0.0,0.0,0.0,0.0,0.0,0.00096394133,0.0,0.0,0.0,0.0,0.0,0.0,0.0,0.0,0.0,0.0,0.0,0.010161753,0.0,0.007835184,0.03838014,0.0,0.06091875,0.0,0.0,0.0,0.03765765,0.0,0.01089968,0.0,0.0,0.0,0.0,0.0,0.0,0.0009564385,0.0,0.0,0.0,0.0,0.0010109548,0.0,0.0,0.0,0.0,0.00057876995,0.0,0.01816211,0.0064595216,0.018925438,0.0,0.0,0.0013472139,0.0,0.0038385366,0.0,0.0009471266,0.0017378975,0.001555712,0.0005169981,0.0,0.0,0.0,0.0,0.0,0.0,0.0,0.0,0.0,0.0,0.008179903,0.0,0.049898647,0.0,0.0,0.0021229147,0.0,0.0,0.0012045058,0.0,0.0,0.0012258718,0.0,0.0,0.0,0.0009691672,0.0,0.0,0.0,0.0008022196,0.0017884929,0.0,0.0,0.00046214202,0.0,0.0,0.0,0.0,0.0,0.0,0.0,0.040293865,0.0,0.0,0.00067653414,0.0,0.028448367,0.0,0.018313183,0.0,0.0,0.0,0.0064968215,0.06593144,0.0,0.0,0.0,0.0,0.0,0.0,0.0,0.0,0.0,0.0,0.0,0.0,0.0050977576,0.021406729,0.0,0.0,0.0006603704,0.0,0.0,0.0,0.0,0.0,0.0,0.023892641,0.007466508,0.0,0.0,0.0,0.0,0.0,0.0,0.0,0.012802328,0.0,0.0,0.0,0.0,0.0,0.00021401342,0.0,0.0,0.0,0.0047340076,0.0,0.0,0.0,0.0,0.0,0.007979134,0.0,0.0,0.0,0.0,0.0006661723,0.0,0.00038813098,0.0,0.0,0.018627202,0.0,0.0,0.0,0.0,0.073083416,0.0,0.0,0.0,0.0,0.0,0.0,0.0,0.0,0.0,0.0,0.0,0.0,0.0,0.0,0.0,0.0,0.0,0.0,0.0,0.0,0.0,0.0,0.0,0.0,0.0,0.0,0.0,0.0,0.0,0.0,0.0,0.0,0.0,0.0,0.0,0.0,0.0007119578,0.0,0.0,0.0,0.0,0.0,0.00029086685,0.0,0.0,0.0,0.0,0.036839593,0.0,0.0,0.0,6.6515015e-05,0.0,0.0,0.0,0.0,0.0,0.0,0.0,0.0,0.0,0.0028867903,0.0,0.0,0.0
SRR22325954,0.0,0.0,0.0,0.0,0.0,0.0,0.0,0.0,0.0,0.0,0.0,0.0,0.0,0.0,0.0,0.0,0.0,0.0,0.0,0.0,0.0,0.0,0.0,0.0,0.0,0.0,0.0,0.0,0.0,0.0,0.0,0.0,0.0,0.0,0.29306728,0.0,0.0,0.0,0.0,0.0,0.014877171,0.0,0.031676166,0.0,0.0,0.00018474359,0.0,0.0,0.0,0.0,0.0,0.0,0.0,0.0,0.0,0.0,0.0,0.0,0.0,0.0,0.0,0.0,0.0,0.0,0.0,0.0,0.0,0.0,0.0,0.0,0.0,0.0,0.0,0.0,0.0,0.0,0.0,0.0,0.0,0.0,0.0,0.0,0.0,0.0,0.0,0.0,0.0,0.0,0.0,0.0069236457,0.0,0.0,0.0,0.0,0.0,0.0,0.0,0.0,0.0,0.0,0.0,0.0,0.0,0.0,0.0,0.0,0.0,0.0,0.0,0.0,0.0,0.0,0.0,0.0,0.0,0.0,0.0,0.0,0.0,0.0,0.0,0.0,0.0,0.0,0.0,0.0,0.0,0.0,0.0,0.0,0.0,0.0,0.0,0.0,0.0,0.0,0.0,0.0,0.0,0.0,0.0,0.0,0.0,0.0,0.0,0.0,0.0,0.0,0.0,0.0,0.0,0.0,0.0,0.0,0.0,0.0,0.0,0.0,0.0,0.0,0.0,0.0,0.0,0.0,0.0,0.0,0.0,0.0,0.0,0.0,0.0,0.0,0.0,0.0,0.0,0.0,0.0,0.0,0.0,0.0,0.0,0.0,0.0,0.0,0.0,0.0,0.0,0.0,0.0,0.0,0.0,0.0,0.0,0.0,0.0,0.0,0.0,0.0,0.0,0.0,0.0,0.0,0.0,0.0,0.0,0.0,0.0,0.0,0.0,0.0,0.0,0.0,0.0,0.0,0.0,0.0,0.0,0.0,0.0,0.0,0.0,0.0,0.0,0.0,0.0,0.0,0.0,0.0,0.0,0.0,0.0,0.0,0.0,0.0,0.0,0.0,0.0,0.0,0.0,0.0,0.0,0.001562766,0.0,0.0,0.0,0.0,0.0,0.0,0.0,0.0,0.0,0.0,0.0,0.0,0.0,0.0,0.0,0.0,0.0,0.0,0.0,0.0,0.0,0.0,0.0,0.0,0.0,0.0,0.0,0.0,0.0,0.0,0.0,0.0,0.0,0.0,0.0,0.0,0.0,0.0,0.0,0.0,0.0,0.0,0.0,0.0,0.0,0.0,0.0,0.0,0.0,0.0,0.0,0.0,0.0,0.0,0.0,0.38177913,0.20023428,0.021583349,0.0,0.014752102,0.033359393,0.0,0.0,0.0,0.0,0.0,0.0,0.0,0.0,0.0
SRR22325956,0.0,0.0,0.0,0.0,0.0,0.0,0.0,0.0,0.0,0.0,0.0,0.0,0.0,0.0,0.0,0.0,0.0,0.0,0.0,0.0,0.0,0.0038236224,0.0,0.0,0.0,0.0,0.0,0.0,0.0,0.0,0.0,0.0,0.0,0.0,0.18135686,0.0,0.0,0.0,0.011442946,0.0,0.0,0.0,0.74957067,0.0,0.0,0.0,0.0,0.0,0.0,0.0,0.0,0.0,0.0,0.0,0.0,0.0,0.0,0.0,0.0,0.0,0.0,0.0,0.0,0.0,0.0,0.0,0.0,0.0,0.0,0.0,0.0,0.0,0.0,0.0,0.0,0.0,0.0,0.0,0.0,0.0,0.0,0.0,0.0,0.0,0.0,0.0,0.0,0.0,0.0,0.0,0.0,0.0,0.0,0.0,0.0,0.0,0.0,0.0,0.0,0.0,0.0,0.0,0.0,0.0,0.0,0.0,0.0,0.0,0.0,0.0,0.0,0.0,0.0,0.0,0.0,0.0,0.0,0.0,0.0,0.0,0.0,0.0,0.0,0.0,0.0,0.0,0.0,0.0,0.0,0.0,0.0,0.0,0.0,0.0,0.0,0.0,0.0,0.0,0.0,0.0,0.0,0.0,0.0,0.0,0.0,0.0,0.0,0.0,0.0,0.0,0.0066532763,0.0,0.0,0.0,0.0,0.0,0.0,0.0,0.0,0.0,0.0,0.0,0.0,0.0,0.0,0.0,0.0,0.0,0.0,0.0,0.0,0.011504384,0.0,0.0,0.0,0.0,0.0,0.0,0.0,0.0,0.0,0.0,0.0,0.0,0.0,0.0,0.0,0.0,0.0,0.0,0.0,0.0,0.0,0.0,0.0,0.0,0.0,0.0,0.0,0.0,0.0,0.0,0.0,0.0,0.0,0.0,0.0,0.0,0.0,0.0,0.0,0.0,0.0,0.0,0.0,0.0,0.0,0.0,0.0,0.0,0.0,0.0,0.0,0.0,0.0,0.0,0.0,0.0,0.0,0.0,0.0,0.0,0.0,0.0,0.0,0.0,0.0,0.0,0.0,0.0,0.0,0.0045337724,0.0,0.0,0.0,0.0,0.0,0.0,0.0,0.0,0.0,0.0,0.0,0.0,0.0,0.0,0.0,0.0,0.0,0.0,0.0,0.0,0.0,0.0,0.0,0.0,0.0,0.0,0.0,0.0,0.0,0.0,0.0,0.0,0.0,0.0,0.0,0.0,0.0,0.0,0.0,0.0,0.0,0.0,0.0,0.0,0.0,0.0,0.0,0.0047923177,0.0,0.0,0.0,0.0,0.0,0.0,0.0,0.0,0.0,0.0,0.0,0.0,0.022380091,0.0,0.0039420333,0.0,0.0,0.0,0.0,0.0,0.0,0.0
SRR22325957,0.0,0.0,0.0,0.0,0.0,0.0,0.0,0.0,0.0,0.0,0.0,0.0,0.0030989028,0.0,0.0,0.09404116,0.0,0.0,0.0,0.0,0.0,0.0,0.0,0.0,0.0,0.0,0.0,0.00050395454,0.0,0.0,0.0,0.0,0.0,0.0,0.0030616533,0.0,0.0,0.0,0.0,0.0,0.0,0.0012611871,0.0020566785,0.0,0.0,0.0,0.0,0.0,0.0,0.0,0.0,0.0,0.0,0.0,0.0,0.0,0.0,0.0,0.0,0.0,0.0,0.0,0.0,0.0,0.0,0.0,0.0,0.0,0.0,0.0,0.0,0.0008314395,0.0,0.0,0.0,0.0,0.0025790243,0.0,0.0,0.0,0.0,0.0,0.0,0.0,0.0,0.11790957,0.0,0.0,8.908781e-05,0.026951373,0.0,0.0,0.0,0.0,0.0,0.020763652,0.0,0.0,0.0,0.0,0.0,0.0,0.0,0.0,0.0,0.0,0.0,0.0,0.0,0.0,0.0,0.0,0.0,0.0,0.0,0.0,0.0,0.0,0.0,0.0,0.0,0.0,0.0,0.008782569,0.0,0.007527561,0.0,0.0,0.0,0.0,0.0,0.0,0.0,0.0,0.0,0.0,0.0,0.00072992564,0.015333996,0.00070410245,0.0046737925,0.0047312863,0.0,0.0,0.0,0.0,0.0,0.0,0.0,0.0,0.0,0.0,0.0,0.0,0.0,0.0,0.0,0.0,0.0,0.0,0.0,0.0,0.0,0.0,0.0,0.0,0.0,0.0,0.0,0.0,0.0,0.0,0.0,0.0,0.0,0.0,0.0,0.00705129,0.025521945,0.0,0.0021806017,0.0,0.055557445,0.0,0.0008679698,0.0,0.0,0.0,0.030263647,0.0,0.0,0.0,0.008569873,0.0,0.0,0.0,0.0,0.0,0.10565499,0.001106298,0.0,0.00017210456,0.0,0.0,0.0,0.0,0.055748463,0.026462767,0.0,0.00048374265,0.0,0.00039158756,0.0,0.025084496,0.0,0.0,0.0008679032,0.0,0.0,0.0,0.0,0.0,0.0,0.0,0.0,0.0,0.00042070216,0.00050412986,0.18485567,0.0,0.0,0.0012516406,0.0,0.0,0.0,0.00089184946,0.0,0.0,0.0,0.0,0.00026183957,0.094026476,0.0,0.0,0.029582992,0.0,0.0,0.014063064,0.0,0.0,0.0,0.0005203056,0.0,0.0,0.0,0.0009939717,0.0,0.0,0.0,0.0,0.0,0.0,0.0010977073,0.0,0.0,0.0,0.0,0.0,0.0,0.0,9.364626e-05,0.0,0.0,0.0,0.0,0.0,0.0,0.0,0.0,0.0,0.0,0.0,0.0,0.0,0.0,0.0,0.0,0.0,0.0,0.0,0.0,0.0,0.0,0.0,0.0,0.0006242517,0.0024167756,0.0032057,0.0,0.0011641235,0.0,0.0007852,0.0,0.0,0.0014459948,0.0,0.0,0.0,0.00017785732,0.0,0.0,0.0
SRR22325960,0.0,0.0,0.0,0.0,0.0,0.0,0.0,0.0,0.0,0.0,0.0,0.0,0.0,0.0,0.0,0.0,0.0,0.0,0.0,0.0,0.0,0.0,0.0,0.0,0.0,0.0,0.0,0.0,0.0,0.0,0.0,0.0,0.0,0.0,0.01583224,0.0,0.00026338463,0.0005560724,0.0,0.0,0.00024849173,0.008943667,0.002082465,0.0,0.0,0.2563195,0.0,0.0,0.0,0.0,0.0,0.0,0.0,0.0,0.0,0.00018997223,0.0,0.0,0.0,0.0,0.0,0.0,0.0,0.0,0.0,0.0,0.0,0.0,0.0,0.0,0.0,0.0,0.0,0.0,0.0,0.0,0.014770268,0.0,0.0,0.012321738,0.0,0.0,0.0,0.0,0.0,0.0,0.0,0.0,0.0,0.62957126,0.0,0.0,0.0,0.0,0.0,0.0,0.0,0.0,0.0,0.0,0.0,0.0,0.0,0.0,0.0,0.0,0.0,0.0,0.0,0.0,0.0,0.0,0.0,0.0,0.0,0.0,0.0,0.0,0.0,0.0,0.0,0.0,0.0,0.0,0.0,0.0,0.0,0.0,0.0,0.0,0.0,0.0,0.0,0.0,0.0,0.0,0.0,0.0,0.0,0.0,0.0,0.0,0.0,0.0,0.0,0.0,0.0,0.052230936,0.0,0.0,0.0,0.0,0.0,0.0,0.0,0.0,0.0,0.0,0.0,0.0,0.0,0.0,0.0,0.0,0.0,0.0,0.0,0.0,0.0,0.0,0.0,0.0,0.0,0.0,0.0,0.0,0.0,0.0,0.0,0.0,0.0,0.0,0.0,0.0,0.0,0.0,0.0,0.0,0.0,0.0,0.0,0.0,0.0,0.0,0.0,0.0,0.0,0.0,0.0,0.0,0.0,0.0,0.0,0.0,0.0,0.0,0.0,0.0,0.0,0.0,0.0,0.0,0.0,0.0,0.0,0.0003983573,0.0,0.0,0.0,0.0,0.0,0.0,0.0,0.0006573115,0.0,0.0,0.0,0.0,0.0,0.0,0.0,0.0,0.0,0.0,0.0,0.0,0.0,0.0,0.0,0.0,0.0,0.0,0.0,0.0,0.0,0.0,0.0,0.0,0.0,0.0,0.0,0.0,0.0,0.0,0.0,0.0,0.0,0.0,0.0,0.0,0.0,0.0,0.0,0.0,0.0,0.0,0.0,0.0,0.0,0.0,0.0,0.0,0.0,0.0,0.0,0.0,0.0009850453,0.0,0.0,0.0,0.0,0.0,0.0,0.0,0.0,0.0,0.0,0.0,0.0,0.0,0.0,0.0005300329,0.0,0.0,0.0,0.0,0.0,0.0,0.0,0.00038712836,0.0,0.0032283636,0.0004837272,0.0,0.0,0.0,0.0,0.0,0.0,0.0,0.0,0.0
SRR22325961,0.0,0.0,0.0,0.0,0.0,0.0,0.0,0.0,0.0,0.0,0.0,0.0,0.00030552037,0.0,0.0,0.0,0.0,0.0,0.0,0.0,0.0,0.0,0.0,0.0,0.0,0.0,0.0,0.0,0.0,0.0,0.0,0.013463678,0.0,0.0,0.014850919,0.0,0.0,0.0,0.0,0.0,0.0,0.0,0.00014526636,0.0,0.0,0.0,0.0,0.0,0.0,0.0,0.01770415,0.0,0.0,0.0,0.0,0.0,0.0,0.0,0.0,0.0,0.004026376,0.0,0.0,0.0,0.0,0.0,0.0,0.0,0.0,0.0,0.0,0.0,0.0,0.0,0.0,0.0,0.0,0.0,0.0,0.0,0.0,0.0,0.0,0.0,0.0,0.0,0.0,0.0,0.0,0.0,0.0,0.0,0.0,0.0,0.0,0.0,0.0,0.0,0.0,0.0,0.0,0.0,0.0,0.0,0.0,0.0,0.0,0.0,0.0,0.0,0.0,0.0,0.0,0.0,0.0,0.0,8.322402e-05,0.0,0.0,0.0,0.0,0.0,0.0,0.0,0.0,0.0,0.0,0.0,0.0,0.0,0.0,0.0,0.0,0.0006063617,0.0,0.0,0.0,0.0,8.4378225e-05,0.0,0.0,0.0,0.0,0.0,0.0,0.0,0.0,0.0,0.0,0.0,0.0,0.0,0.0,0.0,0.0,0.0,0.0,0.0,0.0,0.0,0.0,0.0,0.0,0.0,0.0,0.0,0.0,0.0,0.0,0.0,0.0,0.0,0.0,0.0,0.0,0.0,0.0,0.0,0.0,0.0,0.0,0.0,0.83566546,0.0,0.0,0.0,0.0,0.0,0.0,0.0,0.0,0.0,0.0,0.0,0.0,0.0,0.0,0.0,0.0,0.0,0.0,0.0,0.0,0.0,0.0,0.0,0.0,0.0,0.0,0.0,0.0,0.0,0.0,0.08844981,0.0,0.0,0.0,0.0,0.0,0.0,0.0,0.0,0.0,0.0,0.0,0.0,0.0,0.0,0.0,0.0,0.0,0.0,0.0,0.0,0.0,0.0,0.0,0.0,0.0,0.0,0.0,0.0,0.0,0.0,0.0,0.0,0.0,0.0,0.0,0.0,0.0,0.0,0.0,0.0,0.0,0.0,0.0,0.0,0.0,0.0,0.0,0.0,0.0,0.0,0.0,0.0,0.0,0.0,0.0,0.0,0.0,0.0,0.0,0.0,0.0,0.0,0.0,0.0,0.0,0.0,0.0,0.0,0.0,0.0,0.0,0.0,0.0,0.023277856,0.0,0.0,0.0,0.0,0.0,0.0,0.0,0.0,0.0,0.0,0.00036483473,0.0009721759,0.0,0.0,0.0,0.0,0.0,0.0,0.0,0.0,0.0,0.0,0.0,0.0
SRR22325965,0.0,0.0,0.0,0.0,0.0,0.0,0.0,0.0,0.05668489,0.0,0.0,0.0,0.38453272,0.01734565,0.0,0.05662783,0.0,0.0,0.0,0.0001225363,0.032471508,0.0,0.0,0.0,0.0,0.0,0.0,0.0,0.0,0.0016201567,0.0,0.0,0.0,0.0,0.0014780024,0.0,0.0,0.0029009643,0.0,0.0,0.0,0.0023832635,0.0,0.0,0.0,0.0,0.0,0.0,0.0,0.0,0.0,0.0,0.0,0.0,0.0,0.0,0.0,0.0,0.0,0.0,0.0,0.0,0.0,0.0,0.0,0.0,0.0,0.0,0.0,0.014246535,0.0,0.0,0.0,0.0,0.0,0.015913669,0.0,0.0,0.0,0.0,0.0,0.0,0.0,0.0,0.0,0.0,0.0,0.0,0.0,0.0,0.0,0.0,0.0,0.0,0.0,0.0,0.0,0.0,0.0,0.0,0.0,0.0,0.0,0.0,0.0,0.0,0.0,0.0,0.0,0.0,0.0,0.0,0.0,0.0,0.0,0.0,0.0,0.0,0.0,0.0,0.0,0.0,0.0,0.0,0.00033326403,0.0,0.0,0.0,0.0,0.0,0.0,0.0,0.0,0.0,0.0,0.0,0.0,0.0,0.0,0.0,0.0,0.0,0.0,0.0,0.0,0.0,0.0,0.0,0.0,0.0,0.0,0.0,0.0,0.0,0.0,0.0,0.0,0.0,0.0,0.008207599,0.0,0.0,0.0,0.0,0.0,0.0,0.0,0.0,0.0,0.0,0.0,0.0,0.0,0.0,0.0,0.0,0.0,0.0,0.0,0.0,0.0,0.0,0.19323796,0.056904517,0.0,0.0,0.0,0.0,0.0,0.0,0.0,0.0,0.0,0.0,0.0,0.0,0.0,0.0,0.0,0.0,0.0,0.0,0.0,0.0,0.0,0.0,0.0,0.0,0.0,0.0,0.0,0.0,0.0,0.0,0.0,0.0,0.0,0.0,0.0,0.0,0.0,0.0,0.0,0.0,0.0,0.0,0.0,0.0,0.0,0.0,0.0,0.0,0.0,0.0,0.0,0.0,0.0,0.0,0.0,0.0,0.0,0.0,0.0,0.0,0.0,0.0,0.08662811,0.0,0.0,0.0,0.0,0.0,0.0,0.0,0.0,0.0,0.0,0.0,0.0,0.0,0.0,0.0,0.0,0.0,0.0,0.0,0.0,0.0,0.0,0.0,0.0,0.0,0.0,0.0,0.0,0.0,0.0,0.0,0.0,0.0,0.0,0.0,0.0,0.03869789,0.0,0.0,0.0,0.0,0.0,0.0,0.0,0.0,0.0,0.0,0.0,0.0,0.0,0.002586479,0.0,0.0,0.0,0.0,0.0,0.0,0.0014223943,0.0,0.0,0.0,0.0,0.0,0.0,0.025653929
SRR22325966,0.0,0.0,0.0,0.0,0.0,0.0,0.0,0.0,0.0,0.0,0.0,0.0,0.0,0.01083811,0.0,0.0,0.0,0.0,0.0,0.050077997,0.0,0.0,0.0,0.0,0.0,0.0,0.0024148445,0.0,0.0,0.0,0.0,0.0,0.0,0.0,0.37984094,0.0,0.0,0.0,0.0,0.0,0.0,0.0,0.0,0.0,0.0,0.0,0.0,0.0,0.0,0.0,0.0,0.0,0.0,0.0,0.0,0.0,0.0,0.0,0.0,0.0,0.0,0.0,0.0,0.0,0.0,0.0,0.0,0.0,0.0,0.0,0.0,0.0,0.0,0.0,0.0,0.0,0.0,0.0,0.0,0.0,0.0,0.0,0.0,0.0,0.0,0.0,0.0,0.0,0.0,0.0,0.0,0.0,0.0,0.0,0.0,0.0,0.0,0.0,0.0,0.0,0.0,0.0,0.0,0.0,0.0,0.0,0.0,0.0,0.0,0.0,0.0,0.0,0.0,0.0,0.0,0.0,0.0,0.0,0.0,0.0,0.0,0.0,0.0,0.0,0.0,0.0055806134,0.0,0.0,0.0,0.0,0.0,0.0,0.0,0.004407618,0.0,0.0,0.0,0.0,0.0,0.0,0.0,0.0,0.0,0.0,0.0,0.0,0.0,0.0,0.0,0.0,0.0,0.0,0.0,0.0,0.0,0.0,0.0,0.0,0.0,0.0,0.0,0.0,0.0,0.0,0.0,0.0,0.0,0.0,0.0,0.0,0.0,0.0,0.0,0.0,0.026252441,0.01374188,0.0,0.0,0.0,0.0,0.0,0.0,0.05033842,0.0,0.0,0.0,0.0,0.0,0.0,0.0,0.0,0.0,0.0,0.0,0.0,0.0,0.0,0.010072104,0.0,0.0,0.0,0.0,0.0,0.0,0.0,0.0,0.01800085,0.0,0.0,0.0,0.0,0.0,0.0,0.0,0.0,0.0,0.0,0.0,0.0,0.0,0.0,0.0,0.0,0.0,0.0,0.0,0.029072668,0.0,0.0,0.0,0.0,0.0,0.0,0.0,0.0,0.0,0.0,0.0,0.0,0.0,0.0,0.0,0.0,0.0,0.0,0.0,0.0,0.0,0.0,0.0079302145,0.0,0.0,0.0,0.0,0.0,0.0,0.0,0.0,0.0,0.0,0.0,0.0,0.0,0.0,0.0,0.0,0.0,0.0,0.0,0.0,0.0,0.0,0.0,0.0,0.0,0.0,0.0,0.0,0.0,0.0,0.0,0.0,0.0,0.0,0.0,0.0,0.0,0.0,0.0,0.0,0.0,0.0,0.0,0.0,0.004392586,0.039488763,0.018894235,0.0,0.0,0.0036805766,0.0,0.007673319,0.0,0.0,0.3091763,0.0,0.0,0.0,0.008125616,0.0,0.0,0.0
SRR22325968,0.0,0.0,0.0,0.0,0.0,0.0,0.0,0.0,0.0,0.0,0.0,0.0,0.0,0.0,0.0,0.0,0.0,0.0,0.0,0.0,0.0,0.0,0.0,0.0,0.0,0.0,0.0,0.0,0.0,0.0,0.0,0.0,0.0,0.0,0.0016826456,0.0,0.0,0.020872867,0.0,0.0,0.0,0.0625889,0.0,0.0,0.004854885,0.0,0.0,0.0,0.0,0.0,0.0,0.0,0.0,0.0,0.0,0.00013359894,0.0,0.0,0.0,0.0,0.00031712456,0.0,0.0,0.0,0.0,0.0,0.0,0.0,0.0,0.0,0.0,0.0,0.0,0.0,0.0,0.0,0.0,0.0,0.0,0.009798763,0.0,0.0,0.0,0.0,0.0,0.0,0.0,0.0,0.0,0.0,0.0016155547,0.0,0.0,0.0,0.0,0.0,0.0,0.0,0.0,0.0,0.0,0.0,0.0,0.0,0.0,0.0,0.0,0.0,0.0,0.0,0.0,0.0,0.0,0.0,0.0,0.0,0.0,0.0,0.0,0.0,0.0,0.0,0.0,0.0,0.0,0.0,0.0,0.0,0.0,0.0,0.0,0.0,0.0,0.0,0.0,0.0,0.0,0.0,0.00059073593,0.0,0.0,0.0,0.0,0.0,0.0,0.0,0.0,0.0,0.0,0.0,0.0,0.0,0.0,0.0,0.0,0.0,0.0,0.0,0.0,0.0,0.0,0.0,0.0,0.0,0.0,0.0,0.0,0.0,0.0,0.0,0.0,0.0,0.0,0.0,0.0,0.0,0.0,0.0,0.0,0.0,0.0,0.0,0.12124366,0.0,0.0,0.0,0.0,0.0,0.0,0.0,0.0,0.0,0.0,0.0,0.0,0.0,0.0,0.0,0.0,0.0,0.0,0.0,0.0,0.0,0.0,0.0,0.006435641,0.0,0.0,0.0,0.0,0.0,0.0,0.02944701,0.0,0.0,0.0,0.0,0.0,0.0,0.0,0.0,0.0,0.0,0.0,0.0,0.0,0.0,0.0,0.0,0.0,0.0,0.0,0.0,0.0,0.0,0.0,0.0,0.0,0.0,0.0,0.22152181,0.0,0.0,0.0,0.0,0.0,0.0,0.030404396,0.0,0.0,0.0,0.0,0.0,0.0,0.0,0.0,0.0,0.0,0.0,0.0,0.0,0.0,0.0,0.0,0.0,0.0,0.0,0.0,0.0,0.0,0.0,0.0,0.0,0.0,0.0,0.0,0.0,0.0,0.0,0.0,0.0,0.0,0.0,0.0,0.0,0.0,0.0,0.0,0.0,0.0,0.0026092383,0.0,0.0,0.042311408,0.0,0.0,0.0,0.0,0.000499125,0.0,0.0,0.0,0.44307262,0.0,0.0,0.0,0.0,0.0,0.0,0.0,0.0
SRR22325971,0.0,0.0,0.0,0.10572894,0.0,0.0,0.0,0.0,0.25724298,0.0,0.0,0.0,0.00050352834,0.0,0.0,0.0,0.0,0.0,0.0,0.0,0.0,0.0,0.0,0.0,0.0,0.0,0.0,0.0,0.0,0.00039193276,0.0,0.0,0.0,0.0,0.0,0.0,0.0,0.0,0.0,0.0,0.0,0.0,0.0,0.0,0.0,0.0,0.0,0.0,0.0,0.0,0.001954522,0.0,0.0,0.0,0.0,0.0,0.0,0.0,0.0,0.0,0.0,0.0,0.0,0.0,0.0,0.0,0.0,0.0,0.0,0.0,0.0,0.0,0.0,0.0,0.0,0.0,0.0,0.0,0.0,0.0,0.0,0.0,0.0,0.0,0.0,0.0,0.0,0.0,0.018681321,0.0,0.0,0.0,0.015428572,0.0,0.0,0.0123771,0.0,0.0,0.0,0.0,0.0,0.0,0.0,0.0,0.0004671108,0.0,0.0,0.0054214383,0.0005997362,0.0,0.0,0.0,0.0,0.0,0.0,0.0,0.0,0.0,0.0,0.0,0.0,0.0,0.0,0.0,0.0,0.00049845147,0.0,0.0,0.0,0.0,0.0,0.0,0.0,0.0,0.0,0.10097399,0.0,0.16170348,0.0,0.0,0.0,0.055809584,0.0,0.0,0.0012321138,0.0,0.0,0.0003477908,0.0,0.0,0.0,0.0,0.0,0.0,0.0,0.0,0.0,0.0,0.0,0.0,0.0,0.0,0.0,0.0,0.0,0.0,0.0,0.0,0.0,0.0,0.0010602879,0.0,0.0,0.0,0.0,0.0,0.0,0.0,0.0019872352,0.0,0.0,0.0,0.0,0.0,0.0,0.0,0.0,0.0,0.0,0.0,0.0,0.0,0.0,0.0,0.0,0.0,0.0,0.0,0.0,0.0,0.0,0.0,0.0,0.0,0.0,0.0,0.0,0.0,0.0,0.0,0.0,0.0,0.0,0.0,0.0,0.0,0.0,0.0,0.0,0.0,0.0,0.0,0.0,0.0,0.0,0.0,0.0,0.0,0.0,0.0,0.0,0.0,0.0,0.0,0.0,0.016493741,0.0069417125,0.0,0.0,0.0,0.0,0.0,0.0,0.0,0.0,0.0,0.036711995,0.0,0.0,0.0,0.0,0.0,0.0,0.0,0.0,0.0,0.0,0.0,0.0,0.0,0.0,0.0,0.0,0.0,0.0,0.0,0.0,0.0,0.0,0.0,0.0,0.0,0.0,0.0,0.0,0.0,0.0,0.0,0.0,0.0,0.0,0.0,0.0009977977,0.0,0.0,0.0,0.0,0.0,0.0,0.19593626,0.0,0.0,0.0,0.0,6.277421e-05,0.0002766332,0.0,0.0,0.0,0.0,0.0,0.0,0.00016900392,0.0,0.0,0.0,0.0,0.0,0.0,0.0,0.0,0.0
SRR22325976,0.0,0.0,0.0,0.0119691165,0.0,0.0,0.0,0.0,0.0,0.0,0.0,0.0,0.0,0.0,0.0,0.00035924336,0.0,0.0,0.0,0.0,0.1646246,0.0,0.0,0.0,0.0,0.0,0.0,0.0,0.0,0.0004986232,0.0,0.0,0.0,0.0,0.0028950798,0.0,0.0,0.0,0.0,0.0,0.0,0.0,0.0014698574,0.0,0.0,0.0,0.0,0.0,0.0,0.0,0.0,0.0,0.0,0.0,0.0,7.662131e-05,0.0,0.0,0.0,0.0,0.0,0.0,0.0,0.0,0.0,0.0,0.0,0.0,0.0,0.0,0.0,0.0,0.0,0.0,0.0016553024,0.0,0.0,0.0,0.0,0.0,0.0,0.0,0.0,0.0,0.0,0.0,0.0,0.0,0.0058274064,0.0019432986,0.0,0.0,0.0,0.0,0.0,0.0,0.0,0.0,0.0,0.0,0.0,0.0,0.0,0.0,0.0,0.0,0.0,0.0,0.0,0.0,0.0,0.0,0.0,0.0,0.0,0.0,0.0,0.0,0.0,0.0,0.0,0.0,0.0,0.0,0.0,0.000110974164,0.0,0.0,0.0,0.0,0.0,0.0,0.0,0.0,0.0,0.0,0.0,0.0,0.31465462,0.0,0.0,0.0,0.0,0.0,0.0,0.0,0.0,0.0,0.0,0.0,0.0,0.0,0.0,0.0,0.0,0.0,0.0,0.0,0.0,0.0,0.0,0.0,0.0,0.0,0.0,0.0,0.0,0.0,0.0,0.0,0.0,0.0,0.0,0.0,0.00075658987,0.0,0.0,0.0,0.0,0.0,0.0,0.0,0.23249854,0.0,0.0,0.0,0.0,0.0,0.0,0.0,0.0,0.0,0.0,0.0,0.0,0.0,0.0,0.0,0.0,0.0,0.0,0.0,0.0,0.0,0.0,0.0,0.0024102554,0.0,0.0009203392,0.0,0.0,0.0,0.0,0.0,0.0,0.00052217447,0.0,0.0,0.002225364,0.0,0.0,0.0,0.0,0.0,0.0,0.0,0.0,0.0,0.0,0.0,0.0,0.0,0.0,0.0,0.0,0.0,0.0,0.0,0.0,0.0,0.0,0.008690875,0.0,0.0,0.0,0.0,0.0,0.0,0.0,0.05887373,0.0,0.0,0.0,0.0,0.0,0.0,0.0,0.0,0.0,0.0,0.0,0.0,0.0,0.0,0.0,0.0,0.0,0.0,0.0,0.0,0.0,0.0,0.0,0.0,0.0,0.0,0.0,0.0,0.0,0.0,0.0,0.0,0.0,0.0,0.0,0.0,0.0,0.0,0.0,0.0,0.0006408264,0.0,0.0,0.0,0.18637657,0.0,0.0,0.0,0.0,0.0,0.0,0.0,0.0,0.0,0.0,0.0,0.0,0.0,0.0,0.0,0.0,0.0
SRR22325979,0.0,0.0,0.0,0.0017699165,0.00045861758,0.0,0.0,0.0,0.0,0.0,0.0,0.0,0.0,0.09757104,0.0,0.13299061,0.0,0.0,0.0,0.01915286,0.0,0.0,0.029449861,0.0,0.0,0.0,0.0,0.0,0.0,0.0,0.0,0.0,0.0,0.0,0.0,0.0,0.0,0.0,0.0,0.0,0.0,0.0,0.0004935126,0.0,0.00059266866,0.0,0.0,0.0,0.0,0.0,0.0,0.0,0.0,0.0,0.0,0.0,0.0,0.0,0.0,0.0,0.0,0.0,0.0,0.0,0.0,0.0,0.0,0.0,0.0,0.0,0.0,0.0,0.0,0.0,0.0,0.0,0.0011537566,0.0,0.0,0.0,0.0,0.0,0.0,0.0,0.0,0.0,0.0,0.0,0.000716135,0.018481063,0.024470776,0.0,0.0,0.0,0.0,0.005330435,0.0,0.000916269,0.0,0.0007650122,0.0,0.0,0.0,0.00086001225,0.0,0.0,0.0,0.0,0.0,0.0,0.0,0.0,0.0,0.0,0.0,0.0,0.0,0.0,0.0,0.0,0.0,0.0,0.0,0.0,0.0,0.00032457753,0.0,0.0,0.0,0.0,0.0,0.0,0.0,0.27737525,0.0,0.0,0.0,0.0,0.0,0.0,0.0,0.0010179726,0.0,0.0,0.0,0.0,0.0,0.0,0.0,0.00037543292,0.0,0.0,0.0,0.0,0.0013230484,0.0,0.0,0.0,0.0,0.011136859,0.0,0.0,0.0,0.0,0.0,0.0,0.0,0.0,0.0,0.0,0.0,0.0,0.0,0.0,0.0,0.0025814285,0.0,0.0,0.0,0.0,0.0,0.0,0.14524189,0.0,0.029015101,0.0,0.0,0.0,0.0,0.0,0.0,0.0,0.0,0.0,0.0,0.01509403,0.0005783963,0.0,0.0,0.0117470445,0.0,0.0,0.0,0.0,0.0,0.0,0.0,0.0,0.0,0.0,0.0,0.0,0.0,0.0,0.0,0.0,0.0,0.0,0.0,0.0,0.0,0.0,0.0,0.0,0.0,0.0,0.0,0.0,0.0,0.0,0.0,0.0,0.0,0.0,0.0,0.024117786,0.0033918156,0.0,0.0,0.0,0.0,0.012189896,0.0,0.0,0.0,0.0,0.0,0.010384106,0.0,0.0,0.0,0.0,0.0,0.0,0.0,0.0,0.0,0.0,0.0,0.0,0.0,0.0,0.0,0.0,0.0,0.0,0.0,0.0,0.0,0.0,0.0,0.0,0.0,0.0,0.0,0.0,0.0,0.0,0.0,0.0,0.0,0.0,0.0,0.0,0.0,0.0,0.0,0.0,0.0,0.0,0.00035700778,0.0,0.0,0.0,0.012087851,0.0,0.00031397693,0.0,0.0,0.0,0.0,0.0,0.0,0.008131896,0.091842934,0.0,0.0,0.0039432715,0.0022557667,0.0,0.0,0.0
SRR22325982,6.605534e-05,0.0,0.00011471141,0.0,0.0,0.0,0.0,0.0001981618,0.0717598,0.0,0.0,0.0,0.00025840985,0.0,4.2784435e-05,0.0,0.0,0.0,0.06558026,0.0,0.01578435,0.0,0.0,0.0,0.0,0.0,0.0,0.0,0.0,0.1191843,0.0,0.0008754225,0.0,0.0,0.004310728,0.0,0.0,0.0,0.00010596314,4.610972e-05,0.0030241075,0.009167266,0.00253566,0.0010464785,0.0,0.0,6.950898e-05,0.0006486914,0.010915778,0.000521624,0.0,0.00010667431,0.0,0.002451757,0.0,3.642753e-05,2.2015776e-05,0.0,0.016352313,0.0,0.0064217076,0.0,0.0,0.0,0.0,0.0,0.005902008,0.0,0.0,0.0,0.0,0.0,0.0,0.000521577,0.0,0.0,0.00093354075,0.0,0.0,0.0,0.0,0.039202075,0.0,0.0,0.0,0.02991619,0.0,0.0,0.0014920768,0.009929795,0.0,0.0,0.00039370445,0.0,0.0,0.0,0.0,0.0,0.0,0.030836128,3.6387908e-05,0.0,0.0,0.00017652406,0.0,0.0,0.0,0.0,0.0,0.0,0.0,0.0,6.734059e-05,0.0,0.0,0.02219302,0.0014717598,0.0,0.0,0.0,0.00014494482,0.0,0.0,0.0,0.0,0.0,0.0,0.0,0.0,0.0,0.0,0.0,0.06501183,0.005983819,0.0895945,0.0,0.0,2.9672514e-05,6.571738e-05,0.0,0.0,0.02426405,0.0019850906,0.0,0.0,0.0,0.0005950069,0.0,0.00022419776,0.0,0.0,0.0,0.0,0.0,0.0,0.0,0.0028710496,0.0,0.0,0.003926622,0.0,0.0,0.0,0.0,0.0,0.0,0.0,0.0,0.0,0.0,2.9927582e-05,0.0,0.0022092392,0.0,0.0030675228,0.0005723882,0.0004883214,0.0,0.00079589296,0.0,0.0,0.0,0.0009839273,0.0,0.002212415,0.0,0.0,0.0,0.0,0.0,0.0007494502,0.0,0.007295202,0.00012208127,0.0,0.0,0.0,0.0,0.0050005247,0.0009120021,0.0011395192,0.008643422,0.0,0.0,0.0,0.0013728427,0.0,0.00017259055,0.0,0.006301733,0.0009318494,0.0011540977,0.0,0.0,0.034208097,0.0,0.002372442,0.0,0.0,6.3340536e-05,0.0,0.0,0.0,0.0,0.0,0.0,0.0,0.008786161,0.015625652,0.0,0.0,0.0,0.0,0.0,0.012763293,0.00050571,0.0,0.0,0.00044080275,0.0,0.0011069915,0.0,0.011079577,0.02809732,0.0,0.0,0.0,0.0020094323,0.010418504,0.0,0.0011226652,0.0,0.029466683,0.0,0.0,0.002088698,0.0029607667,0.00015819336,0.0,0.0,0.0035512913,0.0034928247,0.0019379287,0.0015984264,0.060166758,0.0011736278,0.0,0.0007671377,0.0025191884,0.0,0.0,0.0,0.0,0.0,0.0,0.0049813967,0.0,0.0,0.002883065,0.006371827,0.010743292,0.011816041,0.0,0.0,0.0,0.0,0.00044766304,0.0,3.394747e-05,0.0032108407,0.006012028,0.0006233601,0.0,0.0,0.0,0.0,0.0,0.0,0.0,0.0,0.0,0.00020118953,0.0,0.0,0.0,6.376849e-05,0.0,0.0,0.00055913173,0.0,0.0,0.0
SRR22325984,0.0,0.0,0.15078035,0.5228319,0.0,0.0,0.0002001667,0.0,0.00017057614,0.0,0.0,0.0,0.24988805,0.0,3.8251415e-05,0.0,3.5436206e-05,0.0,0.0,0.015487133,0.010415438,0.0,0.0,0.0,0.0,0.0,0.0,0.0,0.0,0.0,0.0,0.0,0.0,0.0,0.00081688154,0.0,2.4382905e-05,0.0021878388,0.0002942399,0.0,0.009068765,0.0013509877,0.0,0.0,0.0,0.0,0.0,0.0,0.0,0.00011367472,0.0,0.0,0.0,0.0,0.0,0.0,0.0,0.0,0.0,0.0,0.0,0.0,0.0,0.0,0.0,0.0,0.0,0.0,0.0,0.0,0.0,0.0,8.940961e-05,0.0,0.0,0.0,0.0,0.0,0.0,0.0,0.0,0.0,0.0,0.0,0.0,0.0,0.0,0.0,0.0,0.0,0.0,0.0,0.0,0.0,0.0,0.0,0.0,0.0,0.0,0.0,0.0,0.0,0.0,0.0,0.0,0.0,0.0,0.0,0.0,0.0,0.0,0.0,0.015054471,0.0,0.0,2.3419669e-05,4.9087834e-05,0.0,0.0,0.0,0.0,0.0,0.0,0.0,0.0,0.0,0.0,0.0,0.0,0.0,0.0,0.0,0.0,0.0,0.0002313016,0.0,0.0,0.0,0.0,0.0,0.0,6.750381e-05,0.0,0.0,1.3819038e-05,5.3419204e-05,0.0,0.0,0.0,0.0,0.0,0.0,0.0,0.0,0.0,0.0,0.0,0.0,0.0,0.0,0.0,0.0,0.0,0.0,0.0,0.0,0.0,0.0,0.0,0.0,8.027025e-05,0.0,0.0,0.0,0.0,0.0,0.0,0.0,0.0003090238,0.0,0.0,0.0,0.0003832491,0.0,0.00096581416,0.0,0.0,0.0,0.0,0.0,0.0,0.0,0.0,0.0,0.0,0.0,0.0,0.0,0.0,0.0003052047,0.0,0.00012009669,0.0,0.0,0.0,0.00063377945,0.0,0.0,0.0,0.00015431386,0.0,0.0,0.0,0.0,0.0033998801,0.00049170724,0.0,0.0,0.0,0.0,0.0,0.0,0.0,0.0,0.0,0.0,0.0,0.0,0.00034051586,0.00014984095,0.0,0.0,0.0,0.0,0.0,0.0,0.0,0.0,0.0,0.0,0.0,0.0,0.0006920116,0.0,0.00012233113,0.0,0.0,0.00024145398,0.00059009483,0.0,0.0,0.0,0.0037035795,0.0,0.0,0.0,0.0,0.0,0.0,0.0,0.0,2.0911335e-05,0.0,0.0,0.0,0.0,0.0,0.0,0.0,0.0,0.00033490604,0.0,0.0,0.0,0.0,0.0,0.0,0.0,0.0010338663,0.0,0.005454621,0.0,6.7146095e-05,0.0,0.0,0.0,0.0,0.0,0.0,0.0,0.0,9.4501236e-05,0.0,0.0,1.5841299e-05,0.0,0.0,0.0,0.0,0.0,0.0,0.0001743389,0.0,0.0,0.0007671416,0.0,0.0,0.0,6.722681e-05,0.0,0.0,0.0
SRR22325988,0.09818767,0.00012340762,0.0053168614,0.0,0.0028599247,0.005876522,0.0,0.00041710096,0.0,0.00030229587,0.00029513834,0.0,0.001420871,0.003169391,2.2167347e-05,0.0,0.0,0.0,0.00045484334,0.0,0.0,0.0,0.0,0.00022695569,0.0,0.0,0.0,0.0,0.0,0.0018423483,0.0004581177,0.0,0.0,0.0,0.0018981389,0.024192484,0.0,0.0005655783,0.0,8.9588364e-05,0.016901154,0.19050689,0.015439368,0.005370247,0.00092590693,8.9535715e-05,0.00070827117,0.0,0.0,0.00074744417,0.0,0.0029071902,0.0,0.0046511814,0.0,0.0,3.9923623e-05,0.0,0.0,0.0,0.0,0.0,0.0002070648,0.00053926086,0.00013150502,0.00015368336,7.605823e-05,0.02333912,0.0,0.0,0.0,0.0,0.0,0.0,0.0,0.0,0.0001927176,0.0,0.0,0.0,0.0,0.0,8.322612e-05,0.0,0.016190978,0.0,0.0,0.0011326362,0.0015817924,0.0017107697,0.0,0.0,0.0011364878,0.00041419605,0.00015630256,0.0033310256,0.0020669256,0.000144046,0.17325068,0.0,0.0,1.8557736e-05,0.0,7.157749e-05,0.0010823148,0.0,0.0,0.0,2.3920184e-05,0.0,0.0,0.0,1.9625799e-05,0.0,0.023621734,0.0,0.00045634105,0.0,0.0,0.0,0.0030770574,0.0,5.83678e-05,0.0,9.853182e-05,0.0,0.00032728532,0.0,0.0011077678,0.0,0.0,0.0,0.0,6.476989e-05,0.024905708,0.0,0.0,0.00024905615,0.0036623024,0.0,0.0,0.024485316,0.0,0.00038063418,0.00019019873,0.0,9.2484974e-05,6.539405e-05,0.0,0.0,0.0,0.00034578575,7.2044284e-05,0.0020508175,0.0,0.0,0.0006233685,0.00024502812,0.0,0.0051789186,0.00031566658,0.001467119,0.00021423204,0.00038236688,0.0,0.0,0.0,4.814829e-05,0.00010655526,0.0,0.0,0.0,0.00044308818,0.0,0.0,0.0011285044,0.0,0.0,0.00037112914,0.0002959807,0.0,0.0,0.0035409261,0.0,0.0,0.0,0.0,0.0,0.00014527464,0.0,0.0,0.0,0.0,0.0,0.0,0.0,0.0,0.0,0.00026699674,0.0008128277,0.0,0.0,0.00022862808,0.0,4.9471957e-05,0.0058326046,0.0,0.00065237493,0.0031717713,0.0019108144,0.00013653151,0.0040454934,0.001307797,0.0,0.0105551155,0.0,0.0,0.0007491662,0.0,0.0010337611,0.0,0.00025674858,0.0,0.0,0.0,0.0,0.0,0.0,0.0,0.013230335,0.0,0.0,0.0,0.0,0.0,0.0021616402,0.0,0.0,0.00042527312,0.0,0.0005294319,0.0,0.0011929448,0.0,0.0,0.00033984464,0.0,0.17132898,0.00631901,0.0,0.0009573352,0.0,0.0004917538,0.0,0.0,0.00075366814,0.0,0.0,0.0048045916,0.0,0.0,0.0,0.0,0.0,0.0,0.002241024,0.0,0.0,3.434828e-05,7.1172006e-05,0.0,0.0006360272,0.00038286194,0.0,0.0025126007,0.0,0.0,0.0,0.00018416284,0.0,0.00033914487,0.0,0.00024928193,0.0,0.002228776,0.0,0.0,0.0069431444,8.574522e-05,0.00020693455,7.71718e-05,0.000863603,0.0,5.2185027e-05,0.0324363,0.0,0.00028999057,0.0,0.0,0.0006057634,0.0,0.00056530006,0.0,0.0,0.0001251609,0.0,0.0,0.0,0.00054317946,0.0,0.0,0.0019019891
SRR22325989,0.0,0.0008169758,0.0,0.00020789057,0.00017781956,0.00028369034,0.0,0.0,0.0,0.00019726064,0.0,0.0,0.00050052576,0.00037212795,0.00016401576,0.0,0.0,0.0,0.0,0.0,0.00021470101,2.1011603e-05,9.954848e-05,0.0,0.0,2.8250888e-05,0.0,0.0,0.0,9.565964e-05,0.0,0.0,0.0,0.0,0.0,0.0,0.0,0.0,0.009711401,0.0,0.38935742,0.085698776,0.0,0.0,0.0,0.5067423,0.0,0.0,0.0,0.0,0.0,0.0,0.0,2.7652874e-05,0.0,0.0,0.0,0.0,0.0,0.0,2.0935533e-05,0.0,0.0,0.0,0.0,0.0,0.0,0.0,0.0,0.0,0.0,0.0,0.0,0.0,0.0,0.0,0.0,0.0,0.0,0.0,0.0,0.0,0.0,0.0,0.0,0.0,0.0,0.0,0.0,0.0,0.0,0.0,0.0,0.0,0.0,0.0,0.0,0.0,9.175262e-05,0.0,0.0,0.0,0.0,0.0,0.0,0.0,0.0,0.0,0.0,0.0,0.0,0.0,0.0,0.0,0.0,0.0,0.0,0.0,0.0,0.0,0.0,0.0,0.0,0.0,0.0,0.0,0.0,0.0,0.0,0.0,0.0,0.0,0.00010935997,0.00014797313,0.00013981905,0.0,0.0,4.6697656e-05,0.0,0.0,0.0,0.0,0.0,0.0,0.0,0.0001808311,0.00013377186,0.0,0.0,0.0,0.0,0.0,0.0,0.0,0.0,0.0,0.0,0.0,0.0,0.0,0.0,0.0,0.0,0.0,0.0,0.0,0.0,1.8749908e-05,0.0,0.0,0.0,0.0,0.0,0.0,0.0,0.0,0.0,0.0,0.0,0.0,0.0,0.0,0.0,0.0,0.0,0.0,0.0,0.0,0.0,0.0,0.0,0.0,0.0,0.0,0.0,0.0,0.0,0.0,0.0,0.0,0.0,0.0,0.0,0.0,0.0,0.0,0.0,0.0,0.0,4.8972466e-05,0.0,0.0,0.0,0.0,0.00035109438,0.0,0.0,0.0,0.0,0.0,0.0,0.0,0.0,0.0,0.0,0.0,0.0,0.0,2.8311719e-05,0.0,0.0,0.0,0.0,0.0,0.0,0.0,0.0,0.0,0.0,0.0,0.0,0.0,0.00012849437,0.0,0.0,0.0,0.0,0.00011676483,0.0,0.0,0.0,0.0,0.00030058034,0.0,0.0,0.00018813682,0.0,0.0,0.0,0.0,0.0,0.0001840479,0.0,0.0,3.5889298e-05,0.0,0.0,0.0,0.0,5.5431607e-05,0.0,0.0,0.0,0.0,0.0,0.0,0.0,0.0,0.0,0.0,0.0,0.0,0.0,0.0,0.0,0.0,0.0,0.0,7.1918876e-05,0.0,0.0,0.0,0.0,0.0,2.8599947e-05,0.0,0.0,0.0,8.67197e-05,0.0,0.0,0.0026978757,0.0,0.0,7.018584e-05,0.0,0.0,0.0,0.0,0.0,0.0,0.0
SRR22325991,0.0,0.0,0.14693116,0.048294503,0.026918665,0.036324807,0.0,0.0,0.010310271,0.007981467,0.017212328,0.0,0.0,0.00031296353,0.000105009945,0.0,0.0,0.0,0.0,0.0,0.019960376,6.8159505e-05,0.0,0.0053594676,0.0,0.0,0.0,0.0,0.0,0.0,0.047007665,0.0,0.0,0.0,0.0,2.2408627e-05,0.0,0.0,0.0,3.7723836e-05,0.0037579583,0.0021075448,0.0,0.0,0.0,0.0,2.5274452e-05,0.0,0.046573102,0.0,0.0,0.0,0.0,0.0,0.0,2.3842022e-05,0.0,0.0,0.0,0.0,2.8296972e-05,0.006309189,0.0,0.0,0.0,0.0,0.0010347046,0.0024297836,0.0,0.0,0.0,0.0,0.0010537093,0.0031787462,0.0,0.0,9.546994e-05,0.0,0.0,0.0,0.004805175,0.0,0.0,0.0,0.0,0.0,0.0,0.0,0.000699245,0.00015774531,0.0,0.0,0.00048644005,0.0,0.0001706336,0.0014423239,0.0,0.00021481921,0.0,0.00066467625,0.012991677,0.008009641,7.604612e-05,0.0,0.0,0.00048403474,0.00059240585,0.0,0.0,0.0,0.0007961012,0.0,0.00013773372,0.0,0.0,0.029503342,0.00038680734,0.00015177252,0.0,3.7241793e-05,0.0,0.0,0.00028264115,0.0,8.0674494e-05,0.0,0.000105273946,0.0,0.0,0.00014679278,0.016789291,0.00130609,0.009028947,0.0011454778,0.013518569,0.0,0.0,0.003010228,0.013523603,0.0,0.0,0.0012447945,0.0,0.0,0.00010538001,0.0067723515,0.0077052573,0.0,0.0,0.0,0.00016519373,0.0,0.00010112126,0.0,0.0,0.0,6.1328916e-05,0.00024565795,0.0,0.00040916467,0.0,6.2527724e-05,0.0,0.0,0.0,0.0,0.0,0.0,0.0,0.0,0.0,0.0,0.0,0.0,0.0,0.0,0.0,0.0,0.0,0.0,0.0,0.0,0.00021534559,0.0,0.00024966174,0.0,0.0,0.0,0.0,0.0,0.0,0.0,0.00082679663,0.0,0.0,0.0,0.0009789664,0.0,0.0,4.1071824e-05,0.0004727039,0.0048146113,0.0,0.001128676,0.0,0.0003403535,0.0,0.00021822103,0.0,0.05118141,0.003536924,0.0097546065,0.0,0.0,0.046586692,0.0,0.0,0.0,0.0,0.0031740314,0.0,0.0002514223,0.00043118777,0.0,0.0008033868,0.0,0.0,0.0073650503,0.012578845,0.0,0.0,0.0,0.0024839581,0.0,0.015786625,0.0,0.0,0.0,0.0,0.0,0.0,0.0,0.0004943089,0.00036703932,0.006716606,0.0,0.0,0.0012757292,0.0,0.00022245181,0.0,0.0,0.15146069,0.001153972,0.0,0.0,0.009146818,0.0018895766,0.015359358,0.0,0.0012423197,0.0002870349,0.006759158,0.0019739228,0.013909911,0.0,0.0,0.0010315337,0.00069906237,0.0,0.0007723981,0.0,0.0,0.0,0.0035143523,0.0051082144,0.0,0.0035918779,0.0,0.009599541,0.020276327,0.006357736,0.0,0.0,0.0,0.0,0.0,0.0,5.554702e-05,0.0,0.0,0.0002328219,6.826015e-05,0.0,0.0,0.0,0.0,0.0,0.0,0.0,0.0,0.0003925067,0.0,0.0,0.00034783786,0.0,0.0009991388,0.0,0.0,0.0,0.0,0.00039067745
SRR22325992,0.0,5.1165855e-05,0.0014348726,0.0,0.0,0.019104032,0.041932475,0.00019288751,0.0074183824,0.104984544,0.0,0.0,0.00044755347,0.0972501,0.0,0.0,0.0,0.0,0.0,0.000118914104,6.211639e-05,0.00036911623,0.0,0.0,0.0,0.0,0.0,0.0,0.0,0.0,1.8744031e-05,0.0,0.043157738,0.009627587,0.0005095584,0.0,9.1539805e-05,0.00015461116,0.00013557108,0.0,0.0026740776,0.01059605,0.0035263412,0.0,0.0,0.000117228235,0.00018042378,0.00041552904,0.0006555698,0.0,0.0,0.014917876,0.0,0.00018400952,0.0,1.7606717e-05,0.0,0.0,0.0081354175,0.0013118442,0.0067937113,0.0,0.0,0.0,2.4783229e-05,0.00031246542,0.0,0.0,0.0,0.0,0.0,0.0,0.0,0.0,0.0,0.0,0.00042301253,0.0,0.0006332278,0.0,0.0,0.0,0.0,0.0,0.0,0.0,0.0,0.0,0.0,0.0071512433,0.0,0.0,0.0,0.0,0.0,0.0,0.0,1.244223e-05,0.0,0.0,0.0,0.0,0.0,0.0,0.0,0.0,0.0,0.0,0.0,0.0,0.0,0.0,0.0,0.0,0.0,0.0,0.0,0.00058530713,0.0,0.0,0.0,0.0,0.0,0.0,0.0,0.0,0.0,0.0,0.0,0.0,0.0,0.0,0.0,0.0,0.0041247415,0.0,0.0,0.0,0.0,0.0,0.0,0.00089390593,0.0,0.0,0.0,0.0,0.0,0.00048012487,0.0,0.0,0.00041289363,0.0,0.0,0.0,0.0,0.0,0.0,0.0,0.0,0.0,0.0,0.0,0.0,0.0,0.0,0.0,0.0,0.0,0.0,0.0,0.0,0.000731976,0.0032148927,0.0,0.0,0.0,0.0,0.0,0.021438463,0.005417917,0.0,0.0,0.16698356,0.017209012,0.0,0.0,0.0,0.0,5.8922713e-05,0.0,0.0,0.0,0.0,0.0,0.00024232372,0.0,0.0,0.0,0.0,0.015623567,0.0,0.0,0.0,0.0,0.0,0.1310599,0.0,0.0,0.0,0.0,0.0,0.0,0.0,0.0,0.025545169,0.0058948845,0.0,0.0021401835,0.0,0.0,0.0,0.0,0.0,0.0,0.0,0.0,0.0,0.0,0.0,0.0,0.0,0.0,0.0,0.0,0.0,0.022974994,0.0,0.0,0.0,0.0,0.022916758,0.0,0.0019928901,0.0,0.0,0.0,0.0,0.0,0.00087330525,0.00015461168,0.0,0.0,0.00010323308,0.0,0.0,0.017471684,0.0,0.0,0.0,0.0,0.0,0.0,0.0,0.0,0.0,0.0,0.0,0.0,0.0,0.0003381185,5.519962e-05,0.0,0.0,0.0,0.0,0.0,0.0,0.0,0.0,0.0,0.0,0.0,0.0016259415,0.0,0.0,0.0,0.0,0.0,0.0,0.0,0.0,0.00021286939,2.0163345e-05,0.08881234,0.049124178,0.005384226,0.0,0.0,2.8852788e-05,0.0,0.0,0.00052984443,0.0,0.0,0.0,0.0,0.0,0.0,0.0,0.00017889193,0.0,0.0
SRR22325995,0.0,0.0,0.006034867,0.058915954,0.09073768,0.059769418,0.008092121,0.0066649136,0.0,0.019979827,0.0,0.0,0.02666536,0.123867884,0.06524034,0.0,0.0,0.021426486,0.0,0.011082687,0.009819624,0.0,0.012218806,0.007987493,0.0023776537,0.00072163105,0.0,0.0,0.0,0.018526152,0.004578797,0.0,0.00029206535,0.0,4.2338463e-05,0.0,0.0,2.8904435e-05,6.0076818e-05,0.0,0.0011175171,0.00040745465,0.0,8.661888e-05,0.0,3.6526206e-05,0.0,0.0,0.0,0.00021602864,0.00031650465,0.0,0.0018718658,0.0052013453,0.0,0.0,0.0,0.0,0.0020603023,0.0,0.00050698983,0.0,0.00015158093,0.0,0.0,0.0,0.00451673,0.0,0.0,0.0013040514,0.0,0.0,0.0,0.0,0.0,0.0,0.0,0.0,0.0,0.0,0.0020176582,0.0,0.0,0.0003469949,0.0,0.0,0.0,0.00037888953,0.00068938546,0.0009485472,0.0,0.0,0.002236131,0.00025875383,0.0064883237,0.00048715147,0.00063154823,0.0004093875,0.0,0.0,0.015212396,0.0,0.0008678934,0.0,0.0013204148,0.0,0.0,0.0,0.0,0.0,0.00020427245,0.0,6.0848408e-05,0.0,0.0,0.019277593,0.0021865915,0.00020487653,0.0006103786,0.00044788147,0.0,0.0,9.048263e-05,0.0,0.0006279537,0.0,0.0,0.0,0.0,0.0,0.0,0.0,0.0,0.0,0.00013914895,0.0,0.0,0.034569398,0.0,0.0,0.0,0.0022603595,0.001365395,0.0,0.00014742443,0.07007366,0.0,0.0,0.0,0.0,0.00029940417,0.0,0.0,0.0,0.0,0.0,0.00025287797,0.00028940663,0.00019007563,0.00046411852,0.0,6.445525e-05,0.00017527801,0.0,0.0,0.0,0.0,0.0,0.0,0.00041912124,0.0,0.0,0.0032913089,0.0,0.0,0.0035569207,0.0013354028,0.0,0.0,0.0,0.0,0.0,0.0037450364,0.0,0.0,0.0,0.0,0.0,0.0,0.00024036776,0.0,0.0,0.0,0.0,0.0,0.012419419,0.0046324553,0.0,0.0,0.00048386212,0.0,0.0,0.0,0.0,0.0,0.003749035,0.0,0.0,0.0,0.02328582,0.00092023116,0.0,0.0,0.0,0.0,0.00028528905,0.0,0.0,0.0,0.0,0.0,0.00018512346,0.0,0.00018222298,0.0,0.00047181032,0.0,0.0,0.0,0.0,0.0,0.0,0.0,0.0,0.0,0.0,0.0,0.0,0.0,0.0,0.0,0.0,0.011312334,0.0,0.0,0.0,0.00033257558,0.023589661,0.00024009372,0.0,0.0,0.0,0.0,0.0,0.0,0.02916375,0.0,0.0,0.013809557,0.0,0.0,0.08823896,0.0,0.0,0.0,0.0029122247,0.0,0.0,0.0,0.003080099,0.0,0.017532496,0.0,0.0,0.0,0.0,0.0,0.0,0.0,0.0,0.0,0.0,3.7701517e-05,0.0,0.0,0.0,0.0,0.0,0.0,0.0,0.00038065002,0.0011346894,0.0,0.0,0.0076209363,0.0,0.0,0.0,0.0,0.0,0.0,0.0,0.0,0.0,0.0,0.0,0.00015633005,0.0,0.0001916378,0.0,0.0,0.0018428072
SRR22325998,0.0,0.4249772,0.0,8.1112754e-05,3.7996124e-05,0.017649183,0.010354465,0.012353923,0.0,0.022180358,0.0,0.0,0.084244944,0.0,0.0,0.0,0.0,0.049279395,0.0,0.007680646,0.0,0.0,0.0,0.0,0.0,0.0,0.0,0.0,0.0018829023,0.0,0.0,0.0,1.45893155e-05,0.0,0.0,0.0,0.0,0.0003481261,0.00033698406,8.093665e-05,0.0004483004,0.00045975292,3.5046127e-05,0.0,0.0,5.3216496e-05,0.0,0.0,0.0,0.003628103,0.0,0.0,1.6201167e-05,0.0006736043,0.0,3.0691896e-05,0.0,0.0,0.0009224222,0.0,0.0076415255,0.0,0.0,0.0,0.0,0.0,0.0026639558,0.0,0.0,0.0037397083,0.0,0.0,0.0006223678,0.0021813428,0.0,0.0,0.0,0.0,0.0,0.0,0.0,0.0,0.0,0.0,0.0,0.0,0.0,0.0,0.0,0.0007276529,0.0,0.0,0.0,0.0,0.0,0.0005791564,0.0,0.0,2.2514023e-05,0.0,0.0,0.0,0.0,0.00033410307,0.0,0.0,0.0,0.0,0.0,0.0,0.0,0.0,2.3640663e-05,0.0,0.0,0.0068919356,0.0,0.0,0.0,0.0,0.0,0.0,0.0,0.0,0.0,0.0,0.0,0.0,0.0,0.0,0.0,0.0,0.01065044,0.040164653,0.004708782,0.0,0.0,0.013696096,0.0017560965,0.0,0.0,0.0,0.0,0.0,0.0,0.0,0.0010742595,0.0,0.0,0.0,0.0,0.0,0.0,0.0,0.0,0.0,0.0,0.0,0.0,0.0003938527,0.0,0.0,0.0,0.0,0.0,0.0,0.0,0.0,0.0,0.0,0.0,0.0,0.0,0.0,0.0,0.0,0.00028299665,0.0,0.0007876618,0.00052409864,0.0,0.0,0.002582939,0.0,0.0062510385,0.00068708713,0.0,0.0,0.0,0.0,0.0,0.00052444584,0.0,0.00019160043,0.00037367645,0.0,0.0,0.0,0.0,0.00051109464,0.0,0.0,0.0,0.0,0.0,0.0,0.0,0.0,0.0,0.0,0.0,0.005124561,0.0,0.0,0.053887133,0.0,0.0,0.0,0.0,0.0,0.0,0.0,0.0,0.0,0.0,0.0,0.0,0.005975362,0.0064930627,0.0,0.0,0.0,0.0,0.0,7.8119236e-05,0.0,0.0,0.0,0.00022945498,0.0,0.0,0.0,0.0011064031,0.0,0.010447618,0.0,0.0,4.514775e-05,0.00052050565,0.00097138743,0.0,0.0,0.040827315,0.0021243189,0.0,0.019243728,0.0027809644,0.0005442483,0.0,0.0,0.00011464095,0.0,0.0,0.0,0.0050997203,0.0,0.0,0.0,0.004727086,0.005599353,0.0,0.00030819714,0.00014051709,0.0,0.0,0.0,0.0,0.016763898,0.003765686,0.0,0.004571578,0.008169061,6.042174e-05,0.0,0.0,0.0,0.0002444666,0.0,0.044309773,0.00024743442,0.0,0.0,0.0,0.0,1.0367177e-05,0.0,0.0,0.0,0.0,0.0,0.0,0.0,0.0,0.0,0.0047807638,0.0,0.0,0.0,0.0023283986,0.0,0.0,0.0
SRR22325999,0.0,0.0,0.0,0.0,0.0,0.0,0.0,0.0,0.0,0.0,0.0,0.0,0.0,0.0,0.0,0.0,0.0,0.0,0.0,0.0,0.0,0.0,0.0,0.0,0.0,0.0,0.0,0.0,0.0,0.0,0.0,0.0,0.0018846767,0.0,0.0,0.0,0.0,0.0,0.0,0.0,0.003097301,4.079107e-05,0.0,0.0,0.0,1.7186532e-05,0.0,0.0,0.0,0.0019405356,7.4461845e-05,0.0,0.0,0.0,0.0,0.0,0.0,0.0,0.0,0.0,0.35076937,0.0,0.0,0.0,0.0,0.0,0.0,0.0,0.0,0.0,0.0,0.0,0.0,0.0,0.0,0.0,0.0,0.0,0.0,0.0,0.0,0.0,0.0,0.0,0.0,0.0,0.0,0.0,0.0,0.0,0.0,0.0,0.0,0.0,0.0,0.0,0.0,0.0,0.0,0.0,0.0,0.0,0.0,0.0,0.0,0.0,0.0,0.0,0.0,0.0,0.0,0.0,0.0,0.0,0.0,0.002804918,0.0,0.0,0.0,0.0,0.0,0.0,0.0,0.0,0.0,0.0,0.0,0.0,0.0,0.0,0.0,0.0,0.0,0.0,0.0,0.0,0.0,0.0,0.0,0.0,0.0,0.0,0.0,0.0,0.0,0.0,0.0,0.0,0.0,0.0,0.0,0.0,0.0,0.0,0.0,0.0,0.0,0.0,0.0,0.0,0.0,0.0,0.0,0.0,0.0,0.0,0.0,0.0,0.0,0.0,0.0,0.0,0.0021097504,0.0,0.0,0.0,0.0,0.0,0.0,0.0,0.0,0.0,0.035882227,0.0,0.0,0.0,0.0,0.0,0.0,0.0,0.0,0.0,0.0,0.0,0.0,0.0,0.0,0.0,0.0,0.0013755047,0.0,0.0,0.0,0.0,0.0,0.0,0.0,0.0,0.0004058846,0.0,0.0,0.0,0.0,0.0,0.0,0.0,0.0,0.019547952,0.0,0.0,0.0,0.0,0.0,0.0,0.0,0.0,0.0,0.0,0.0,0.0,0.0,0.0,0.0,0.0,0.0,0.0,0.0,0.0,0.0,0.0,0.0,0.0,0.0,0.0,0.0,0.0,0.0,0.0,0.0005874458,0.0,0.0,0.0,0.0,0.46092322,0.0,0.10554263,0.0,0.0,0.0,0.0,0.0,0.0,0.0,0.0,0.0,0.0,0.0,0.0,0.0,0.0,0.0,0.0,0.0,0.0,0.0,0.0,0.0,0.0,0.0,0.0,0.0,0.0,0.00039913977,0.0,0.0,0.0,0.0,0.0,4.811075e-05,0.00390672,0.00023027883,0.008411821,0.0,0.0,0.0,0.0,0.0,0.0,0.0,0.0,0.0,0.0,0.0,0.0,0.0,0.0,0.0,0.0,0.0,0.0,0.0,0.0
SRR22326000,0.0,0.0,0.00031681877,0.0035399091,0.0002882482,0.0,0.0,0.0007069272,0.0,0.0,0.0,0.0002001439,0.0041751224,0.0041505853,2.9541336e-05,0.0,0.000114029855,0.0,0.0,0.0,0.017111931,0.088600986,0.0,0.00053406064,0.0,0.00010742064,0.00043717527,0.0,0.0011142686,0.009177018,0.003191794,0.0,3.8259142e-05,0.0016796305,0.0006470489,0.0010779809,0.000272,0.00161235,0.0005422765,0.00032898586,0.0037242796,0.0055745207,0.00037910917,0.0,0.0,0.00036005292,0.0007359051,0.0,0.0020247293,0.0,0.0,0.0,0.0,0.00023132288,0.0,0.0,0.0,0.0,0.0030406017,0.003834781,7.164438e-05,0.0025641234,0.0,0.0002129323,0.0001486972,0.00019955484,0.00072770624,0.0,0.0,0.0036668873,0.0,0.0,0.0,0.0,0.0,0.0,0.0,0.0,0.0,0.0,0.0022030505,0.0037157522,0.0,0.0,0.0,0.00033057947,0.0,0.00041310137,0.0010002264,0.00071002904,0.0,0.0,0.0013314651,0.0021969303,0.00021601145,0.0014629469,0.0,0.00025595073,0.03600425,0.0004708048,0.004110406,0.01071676,0.00032089872,9.5387804e-05,0.00015931258,0.006410388,0.002521104,0.0003628694,0.00015938627,0.0,0.00015269911,0.0,9.299321e-05,0.0,0.018129712,9.043433e-05,0.00033697984,0.00014943794,0.0,0.0,0.0,0.0,8.29695e-05,0.0,0.00029179672,0.0,0.0,0.0,0.0,0.00026842178,0.0020735797,0.0,0.0042518442,0.0066290423,0.015215687,0.0,0.0,0.002454457,0.0025196932,0.0,0.0,0.0011532403,0.0,0.0,0.0,0.00978095,0.0,0.00031954065,0.0,0.0,0.0,8.331059e-05,0.00045871388,0.0,0.0,0.0012785802,9.3166265e-05,0.00094332895,0.0006639729,0.0,0.004052201,0.00010554157,0.00033836628,0.0,0.017787026,0.0005161119,0.009361229,0.11992413,0.0,8.5404434e-05,4.1328145e-05,0.0002596133,0.0,0.0,0.0,0.00052418176,0.0,0.0,0.0,0.0,0.0,0.0,0.00043272064,0.0,0.0020859702,0.00045738582,0.0,0.0,0.0,0.0,0.0,0.0,0.0,0.00041650835,0.0,0.0,0.0005618205,0.0,0.0,0.0,0.0028923317,0.0020868736,0.0,0.00020485061,4.3952565e-05,0.0,0.0,0.0,0.0,0.00482289,0.0033119966,0.028049788,0.0,0.0,0.14334913,0.0022362615,0.0,0.0,0.0,0.0045593414,0.0,0.00019097092,0.0005614526,0.0,0.0006988872,0.0,0.0,0.0026345088,0.010800566,0.0,0.0,0.0,0.0017642607,0.0,0.0019973903,0.0,0.0,0.0,0.00017841834,0.0,0.0,0.0,0.0,0.012960203,0.0078336,0.0,0.0,0.013719117,0.0,0.0008172213,0.0,0.0,0.056264896,0.0,0.0,0.038192064,0.064774245,0.0,0.0005266079,0.0,0.011521851,0.015282996,0.0009960146,0.0025300984,0.032301217,0.0003541944,0.00010957818,0.0,0.00014240883,0.0012751713,0.0035642665,0.0032568474,0.0033483275,0.0,0.0011759796,0.005125326,0.0,0.002529443,0.008398982,0.006116448,0.016261056,0.002983149,0.0,0.0,0.0,0.0,0.0,0.0,0.000105478575,0.0,0.0,0.0,0.0,0.0,0.0,6.469603e-05,0.0,0.0,0.0,0.0,0.0,0.0021905855,0.0,0.0,0.0,0.0,0.00021080785,0.0,7.987516e-05,0.0,0.0,0.0074804192
SRR22326002,0.0,0.00920905,0.0,0.06122605,0.0,0.009703856,0.0048399414,0.0027021554,0.003567589,0.00039787305,0.0,0.0019359922,0.12505554,0.0,0.0060960716,0.0,0.0,0.0,0.0,0.0,0.009029815,0.0,0.0,0.0,0.00061069534,0.00084858196,0.00016264603,0.0,0.0018492216,0.05423618,0.001968491,0.0,0.0,0.0,0.00015647261,0.0,0.0,0.0010326293,0.0,0.0,0.013514664,0.02486259,0.0005889622,0.0,0.0015346989,0.02109924,5.1582683e-05,0.00017399802,0.0,0.0004536301,0.0,0.0,0.0,0.0005932994,0.0012732773,8.109872e-05,0.0,0.0,0.00011437901,0.0,0.0001155027,0.0015835101,0.0,0.00053208775,0.0,6.772962e-05,0.0035363114,0.0,0.0,0.0,0.0,0.0,0.004756439,0.0054188794,0.0,0.0,0.00056829734,0.0,0.0,0.0,0.0,0.0,0.0,0.0,0.0033140574,0.0031330956,0.0,0.0,0.00070951396,0.0009837139,0.0,0.0,0.00016099079,0.00014167273,0.0,0.0050591035,0.0,0.00018912452,0.0,0.0017279724,0.0,0.0,0.0,0.0003417357,0.0004953313,0.000810558,0.0,0.0011183938,0.0031348786,0.0,0.0001312941,0.0,0.0,0.0,0.020763239,0.011193835,0.00022070251,0.00032696134,0.0,8.445206e-05,0.0,0.0,8.360042e-05,0.0008738629,0.0,0.0,6.510722e-05,0.0,0.0,0.0010818517,0.012942015,0.0,0.004491577,0.016636781,0.057837166,0.0,0.0,0.016455548,0.0,0.0,0.0,0.0024577305,0.0,0.0,0.0,0.0033255233,0.0,0.0,0.00024096036,0.0,0.0,0.00010073293,0.00046435182,0.0,0.0,0.0017468513,0.0003671545,0.0009525913,0.000518492,0.00015046216,9.227152e-05,0.0,0.0006307377,0.0,0.0,0.0,0.0,0.0,0.00028828127,8.605387e-05,0.0,0.0,0.00051123527,0.0,0.00285726,0.0033936878,0.0012769715,0.0,0.00038813023,0.0,0.0,0.0,0.0020509965,0.0,0.012840286,0.0,0.0,0.00037652263,0.0,0.0,0.0,0.0013605736,0.0,0.0,0.0,0.0,0.00031967592,0.00036528276,0.012929453,0.0012294124,0.0,0.0,0.00019470883,0.0,0.0,0.010410161,0.0,0.0018164018,0.0,0.013769391,0.0039280965,0.053726442,0.0,0.0,0.12768522,0.00074825453,0.0,0.0009247281,0.00022269278,0.0,0.0,0.00023945986,0.0,0.0,0.00062222005,0.0,0.0,0.0023724972,0.0,0.005147728,0.0,0.0,0.0,0.0,0.0,0.0018212502,0.0,0.0,0.00016920008,0.0,0.003917921,0.0,0.0019449632,0.0,0.0,0.00040990376,0.0,0.026286904,0.0,0.0,0.00027771035,0.0,0.06497767,0.01464624,0.0,0.013438162,0.0,0.0,0.0,0.0,0.0,0.0,0.0,0.0,0.0,0.0027339768,0.0,0.0,0.011167757,0.0,0.0,0.0,0.0,0.0028132268,0.0015267668,0.0,0.0,0.0,0.020609787,0.0,0.007093616,0.0040508145,0.0,0.0,0.0012111648,0.0,0.0,0.005235838,0.0,0.0,0.0,0.00012067726,0.0,0.0,0.0,0.00062580477,0.0,0.0,0.0,0.00019831708,0.0005212963,0.00044790885,0.0,0.0,0.0,0.0,0.0004588075,0.0,0.000107310065,0.0,0.0,0.0
SAMEA4506929,0.0,0.0,0.0,0.0,0.0,0.0,0.0,0.02062084,0.0,9.306433e-05,0.0,0.0,0.04084197,0.0,0.0,0.0,0.0,0.0,0.0,0.0,0.0,0.0,0.0,0.0,0.0,0.0,0.0,0.0,0.0,0.10547926,0.0,0.0,0.0,0.0,0.0,0.0,0.0,0.0,0.00017731165,0.0,0.0003857418,0.0,0.0,0.0,0.0,0.06908938,0.0,0.0,0.0,0.0,0.0,0.0,0.0,0.0,0.0,0.0,0.0,0.0,0.0,0.0,0.0,0.0,0.0,0.0,0.0,0.0,0.0,0.0,0.0,0.0,0.0,0.0,0.0,0.0,0.0,0.0,0.0,0.0,0.0,0.0,0.0,0.0,0.0,0.0,0.0,0.0,0.0,0.0,0.0,0.006483294,0.0,0.0,0.0,0.0,0.0,0.0,0.0,0.0,0.0,0.0,0.0,0.0,0.0,0.0,0.0,0.0,0.0,0.0,0.0,0.0,0.0,0.0,0.0,0.0,0.0,0.0,0.0,0.0,0.0,0.0,0.0,0.0,0.0,0.0,0.0,0.0,0.0,0.0,0.0,0.0,0.0,0.0,0.0,0.0,0.0,0.0,0.0,0.0,0.0,0.0,0.0,0.0,0.0,0.0,0.0,0.0,0.0,0.0,0.0,0.0,0.0,0.0,0.0,0.0,0.0,0.0,0.0,0.0,0.0,0.0,0.0,0.0,0.0,0.0,0.0,0.0,0.0,0.0,0.0,0.0,0.0,0.0,0.0,0.0,0.0,0.0,0.0,0.0,0.0,0.0,0.0,0.0,0.0,0.0,0.0,0.0,0.0,0.0,0.0,0.0,0.0,0.0,0.0,0.0,0.0,0.0,0.0,0.0,0.0,0.0,0.0,0.0,0.0,0.0,0.0,0.0,0.0,0.0,0.0,0.0,0.0,0.0,0.0,0.0,0.0,0.0,0.0,0.0,0.0,0.0,0.0,0.0,0.0,0.0,0.0,0.0,0.0,0.0,0.0,0.0,0.0,0.0,0.0,0.0,0.0,0.0,0.0,0.0,0.0,0.0,0.0,0.0,0.0,0.0,0.0,0.0,0.0,0.0,0.0,0.0,0.0,0.0,0.0,0.0,0.0,0.0,0.0,0.0,0.0,0.0,0.0,0.0,0.0,0.0,0.0,0.0,0.0,0.0,0.0,0.0,0.0,0.0,0.0,0.0,0.0,0.0,0.0,0.0,0.0,0.0,0.0,0.0,0.0,0.0,0.0,0.0,0.0,0.0,0.0,0.05708555,0.6997435,0.0,0.0,0.0,0.0,0.0,0.0,0.0,0.0,0.0,0.0,0.0,0.0,0.0,0.0,0.0,0.0,0.0,0.0,0.0,0.0,0.0
SAMEA4506930,0.0,3.3699558e-05,0.0,0.0,0.0,0.015015745,0.22007859,0.13872077,0.15605716,0.0,0.0,0.0,0.20458895,0.0,0.0,0.0,0.0,0.023012567,0.0,0.057920855,0.0,0.0,0.0,0.0,0.0,0.0,0.0,0.0,0.0,0.0,0.0,0.0,3.5087774e-05,0.0,0.0,0.0,0.0,0.0001351115,0.0,0.0,0.0,0.00023404302,0.0,0.0,0.0,0.00014561668,0.0,0.0,0.0,0.00033688784,0.0,0.0,0.0,0.0,0.0,0.0,0.0,0.0,0.0,0.0,0.0,0.0,0.0,0.0,0.0,0.0,0.0,0.0,0.0,0.0,0.0,0.0,0.0,0.0,0.0,0.0,0.00025908454,0.0,0.0,0.0,0.0,0.0,0.0,0.0,0.0,0.0,0.0,0.0,0.0,0.0032498136,0.0,0.0,0.0,0.0,0.0,0.01464615,0.0,0.0,0.0,0.0,0.0,0.0,0.0,0.0,0.0,0.0,0.0,0.0,0.0,0.0,0.0,0.0,0.0,0.0,0.0,1.3818425e-05,0.0,0.0,0.0,0.0,0.0,0.0,0.0,0.0,0.0,0.0,0.0,0.0,0.0,0.0,0.0,0.0,0.0,0.0,0.00017407823,0.0,0.0,0.0,0.0,0.0,0.0,0.0035203905,0.0,0.0,0.00014367473,0.0,0.00012541372,0.0,0.0,0.0,0.0,0.0,0.0,0.0019755904,0.0,0.0,0.0,0.00010446345,0.0,0.0015503843,0.0,0.0,0.0,0.0,0.0,9.058279e-05,0.0,0.0,0.0,0.0,0.0,0.0,0.0,0.0,0.0,0.0,0.0,0.0,0.0011860909,0.00095108117,0.0,0.0,0.0029301539,0.0,0.0,0.0,0.0,0.0,0.0,0.0,0.0,0.0,0.0,0.0,0.0,0.0,0.0,0.0,0.0,0.004018242,0.0,0.0,0.0,0.0,0.0,0.023319477,0.0,0.0108747585,0.0,0.0,0.0,0.00045516578,0.0,0.0,0.0003646308,0.0,0.0,0.0027106712,0.0013289748,0.0,0.0,0.0,0.0,0.0,0.0,0.0,0.0,0.0,0.0,0.0,0.0,0.0,0.0,0.0,0.0,0.0,0.0,0.0,0.0,0.0,0.0,0.0,0.0050667822,0.00077503617,0.0,0.0,0.0,0.005524272,0.0010929918,0.00059985113,0.0,0.0,0.0,0.03608872,0.0,0.006569374,0.0,0.0,0.0,0.0,0.0,0.0,0.0,0.0,0.0,0.0,0.0,0.0,0.0,0.0,0.0,0.0,0.0,0.0,0.0,0.0,0.0,0.0,0.0,0.0,0.0,0.0,0.0014765783,0.0,0.0,0.0,0.0,0.0,2.6552656e-05,0.0,0.0,0.0,0.052389756,0.0,1.7277982e-05,0.0,0.0,0.0,0.0,0.0,0.0,6.490534e-05,0.0,0.0,0.0,0.0,0.0,0.0,0.0,0.0,0.0,0.0
SAMEA4506931,0.0,0.0,0.0,0.0,0.0,0.0,0.0,0.0,0.0,0.0,0.0,0.0,0.0,0.8887811,0.0,0.0,0.0,0.0,0.0,0.0,0.0,0.0,0.0,0.0,0.0,0.0,0.0,0.0,0.0,0.0,0.0,0.0,0.0,0.0,0.0,0.0,0.0,3.356697e-05,0.00013012756,0.0,7.621728e-05,0.00058145414,0.0,0.0,0.0,0.109842,0.0,0.0,0.0,0.0,0.0,0.0,0.0,0.0,0.0,0.0,0.0,0.0,0.0,0.0,0.0,0.0,0.0,0.0,0.0,0.0,0.0,0.0,0.0,0.0,0.0,0.0,0.00044695262,0.0,0.0,0.0,0.0,0.0,0.0,0.0,0.0,0.0,0.0,0.0,0.0,0.0,0.0,0.0,0.0,0.0,0.0,0.0,0.0,0.0,0.0,0.0,0.0,0.0,0.0,0.0,0.0,0.0,0.0,0.0,0.0,0.0,0.0,0.0,0.0,0.0,0.0,0.0,0.0,0.0,0.0,0.0,0.0,0.0,0.0,0.0,0.0,0.0,0.0,0.0,0.0,0.0,0.0,0.0,0.0,0.0,0.0,0.0,0.0,0.0,0.0,0.0,0.0,0.0,0.0,0.0,0.0,0.0,0.0,0.0,0.0,0.0,0.0,0.0,0.0,0.0,0.0,0.0,0.0,0.0,0.0,0.0,0.0,0.0,0.0,0.0,0.0,0.0,0.0,0.0,0.0,0.0,0.0,0.0,0.0,0.0,0.0,0.0,0.0,0.0,0.0,0.0,0.0,0.0,0.0,0.0,0.0,0.0,0.0,0.0,0.0,0.0,0.0,0.0,0.0,0.0,0.0,0.0,0.0,0.0,0.0,0.0,0.0,0.0,0.0,0.0,0.0,0.0,0.0,0.0,0.0,0.0,0.0,0.0,0.0,0.0,0.0,0.0,0.0,0.0,0.0,0.0,0.0,0.0,0.0,0.0,0.0,0.0,0.0,0.0,0.0,0.0,0.0,0.0,0.0,0.0,0.0,0.0,0.0,0.0,0.0,0.0,0.0,0.0,0.0,0.0,0.0,0.0,0.0,0.0,0.0,0.0,0.0,0.0,0.0,0.0,0.0,0.0,0.0,0.0,0.0,0.0,0.0,0.0,0.0,0.0,0.0,0.0,0.0,0.0,0.0,0.0,0.0,0.0,0.0,0.0,0.0,0.0,0.0,0.0,0.0,0.0,0.0,0.0,0.0,0.0,0.0,0.0,0.0,0.0,0.0,0.0,0.0,0.0,0.0,0.0,0.0,7.503146e-06,0.0,0.00010116012,0.0,0.0,0.0,0.0,0.0,0.0,0.0,0.0,0.0,0.0,0.0,0.0,0.0,0.0,0.0,0.0,0.0,0.0
SAMEA4506932,0.0,0.9236485,0.0,0.0,0.0,7.300918e-05,0.004635774,2.1958216e-05,0.0013637528,0.0,0.0,0.0,0.0277604,0.0,0.0,0.0,0.0,8.647104e-05,0.0,0.0,0.0,0.0,0.0,0.0,0.0,0.0,0.0,0.0,0.0,0.0,0.0,0.0,0.0,0.0,0.0,0.0,0.0,0.0,0.0,0.0,3.23473e-05,1.2891197e-05,0.0,0.0,0.0,0.0,0.0,0.0,0.0,0.0,0.0,0.0,0.0,0.0,0.0,0.0,0.0,0.0,0.0,0.0,0.00013225325,0.0,0.0,0.0,0.0,0.0,0.0,0.0,0.0,0.0,0.0,0.0,0.0,0.0,0.0,0.0,0.0,0.0,0.0,0.0,0.0,0.0,0.0,0.0,0.0,0.0,0.0,0.0,0.0,9.330346e-05,0.0,0.0,0.0,0.0,0.0,0.0,0.0,0.0,0.0,0.0,0.0,0.0,0.0,0.0,0.0,0.0,0.0,0.0,0.0,0.0,0.0,0.0,0.0,0.0015276674,0.0,0.0,0.0,0.0,0.0,0.0,0.0,0.0,0.0,0.0,0.0,0.0,0.0,0.0,0.0,0.0,0.0,0.0,0.0,0.0,0.01391903,0.0,0.0,0.0,0.0,0.0,0.0,1.03601415e-05,0.0,0.0,0.0,0.0,0.0,0.0,0.0,0.0,0.0,0.0,0.0,0.0,0.0,0.0,0.0,0.0,0.0,1.0144547e-05,0.0,0.0,0.0,0.0,0.0,0.0,0.0,0.0,0.0,0.0,0.0,0.0,0.0,0.0,0.0,0.0,0.0,0.0,0.00010132266,0.0,0.0,0.0,0.0012411271,0.0,0.0,0.0,0.0,0.0,0.0,0.0,0.0,0.0,0.0,0.0,0.0,0.0,0.0,0.0,0.0,0.0,0.0,0.0,0.0,0.0,0.0,0.0,0.0,0.0,0.0,0.0,0.0,0.0,0.0,0.0,0.013630998,0.0,1.1193526e-05,1.0197184e-05,0.0,0.0,0.0,0.0,0.0,0.0,0.0,0.0,0.0,0.0,0.0,0.0,0.0,0.0,0.0,0.0,0.0,0.0,0.0,0.0,0.0,0.0,1.0238532e-05,0.0,0.0003681118,0.0,0.0,0.0,0.0,8.0779486e-05,0.0,0.00028634735,0.0,0.0,0.0,0.0023177934,0.0,0.0,0.0,0.0,0.0,0.0,0.0,0.0,0.0,0.0,0.0,0.0,0.0,0.0,0.0,0.0,0.0,0.0,0.0,0.0,0.0,0.0,0.0,0.0,0.0,0.0,0.0,0.0,0.0,0.0,0.0,0.0,0.0,0.0,0.00027763742,0.0011199362,0.00027614535,0.000408665,0.0,0.00653158,0.0,0.0,0.0,0.0,0.0,0.0,0.0,0.0,0.0,0.0,0.0,0.0,0.0,0.0,0.0,0.0,0.0,0.0
SAMEA4506933,0.0,1.8891273e-05,0.0,0.051820595,0.0,0.053335484,0.03593876,0.010279194,0.00020095501,0.015349417,0.0,0.0046790605,0.2527066,0.013041982,0.0,0.0,0.0,0.0,0.0,9.281745e-05,0.06167537,0.0,0.0,0.0,0.0,0.0,0.0,0.0,0.0,0.0,0.015891023,8.63277e-05,2.212816e-05,0.0,0.00030911108,0.0,3.9198083e-05,0.008376922,0.0,0.000863233,0.05164473,0.008620993,0.0011616808,0.0002669887,0.0,0.00013009732,0.0,0.0,0.0,0.0014060914,0.0,0.00016458936,0.0,0.0,0.00048408532,0.0,0.0,0.0,0.0,0.0,0.0045688357,0.0,0.0,0.0018477498,2.725639e-05,0.0,0.0,0.0,0.005710343,0.0,0.0003162123,0.0,0.0,0.0,0.0,0.0,0.00060999714,0.0,0.0,0.0,0.0,0.0,0.0,0.0,0.0014745824,0.0097874645,0.0,0.0008803451,0.005053175,0.045518287,0.0,0.0,0.0010566462,0.0,0.0,0.009318283,0.0,0.005291186,0.0,0.0,0.0,0.0,0.0,0.0004939634,0.0,0.0,0.0,0.0,0.00048821102,0.0,0.0,0.0,0.0,0.0,0.008262471,0.007819912,0.001503363,0.0,0.0,0.0010510145,0.0010196746,3.400996e-05,0.0,0.00024422805,0.0,0.0,0.0,0.0,0.0,0.0,0.0,0.0,0.0,0.0,0.032642066,0.0,0.0,0.019468144,0.0,0.0,0.0,0.0027123243,0.00031641283,0.0,0.00010067634,0.0,0.0,0.0,0.00015589425,0.0,0.00021650425,0.00015414158,0.0,0.0024061215,0.0,0.0,0.00041527694,0.0,0.0,0.0052770893,0.0,2.9799921e-05,0.0,0.0,0.0,0.00022158035,0.0,0.0,0.0,0.0,0.0,0.0,0.0071407356,0.0,0.007933033,0.0015323646,0.0005918102,0.0,0.0037539029,0.0023314296,0.0,0.0,0.009296684,0.0,0.0,0.0,0.0,0.0,0.031385675,8.4919695e-05,0.0,0.0,0.0,0.003318264,0.0,0.0,0.0038024618,0.0,0.0065538227,0.005226958,0.0,0.0045969,0.0,0.0,0.0,0.0049052876,0.0,0.0022336056,0.0,0.0,0.0,0.0028252783,0.00053305837,0.0,0.012741929,0.00041727824,0.0,0.0,0.0,0.0,0.0,0.0,0.0,0.0,0.0,0.0,0.0,0.0,0.0,0.0,0.0,0.0,0.0,0.0,0.0025896763,0.002466394,0.0,0.0,0.00028986618,0.0,0.0005179008,0.0,0.01603263,0.0,0.0,0.0008460014,0.0,0.033945076,0.0,0.02875058,0.0027596557,0.0,0.00012410074,0.0010095644,0.0,0.0,0.0,0.0,0.0,0.0,0.0,0.0,0.0,0.0,0.0,0.00073766883,0.0,0.0,0.0,0.0,0.0,0.0,0.0,0.0,0.0,0.0,0.0,0.0,0.0,0.0,0.0,0.0,0.0023525218,0.0,0.0042294646,0.0,0.0,0.006757528,0.0003014186,0.0015933285,0.0035560352,0.0020265381,4.7485435e-05,3.4238743e-05,7.9906844e-05,0.0,0.0,0.0,0.0,0.0,0.00012651006,0.0016645949,0.0,0.0,0.010284845,0.0,0.0,0.0,0.00045002878,0.0,0.00012168599,0.0
SAMEA4506934,7.102147e-05,0.0,0.0,0.13720666,0.05152153,0.012781117,0.0018078301,0.0013036971,0.0,0.0,0.0,0.00040472066,0.06640334,0.02731083,0.0,0.0,0.0,0.0,0.029371975,0.0,0.0,0.0,0.0,0.003340713,0.0018886193,0.0,0.00066085364,0.0,0.0024144363,0.0016679881,0.029979695,0.0,0.00048492925,0.0005969524,2.8817516e-05,0.0,0.0,0.0,5.4325643e-05,0.0,0.0020268818,0.00021430435,0.00031817352,0.0,0.0,0.0,6.586158e-05,0.0,0.017886827,0.0,0.0,0.0,0.0,0.0,0.0,0.0,1.7218978e-05,0.0,9.1464186e-05,0.0,4.4603665e-05,0.0017814555,0.000118775504,0.0,0.0,0.0,0.0031078914,0.00063604023,0.00029674056,0.0,0.0,0.0,0.001725568,0.0039751,0.0,0.0,7.568892e-05,5.5158594e-05,0.0,0.0,0.023724364,0.0,0.0,0.0,0.0,0.0,0.0,0.0004995027,0.000453264,0.00027534046,0.0,0.0,0.00043473142,0.0,0.00034245028,0.00089596363,0.0,0.00045644163,0.013665958,0.0014391341,0.0051156483,0.024820391,0.00026709566,0.0002429024,0.00018946106,0.0034490258,0.0013421725,0.004879255,0.0003690574,0.0,0.0008912844,3.3011474e-05,0.0,0.0,0.0,0.0,0.00021634044,8.452758e-05,0.0,0.0,0.0,4.908164e-05,3.704105e-05,0.0,0.00027074126,0.0,0.0,0.0,0.0008162734,0.0,0.005617895,0.0,0.01397435,0.011113767,0.013619411,0.0,0.0,0.013175371,0.03763098,0.0,0.0,0.0010844676,0.0,0.0,0.00017219738,0.025063064,0.00020888828,0.0,0.0,0.0,0.0,0.0,0.00019970557,0.0015327209,0.0,0.0,0.0001276306,0.00017877371,0.00010963472,6.6716224e-05,0.00085956353,0.00013140692,0.00013664,0.0006005201,0.0033547604,0.0,0.005107818,0.09236982,0.00015592412,0.000109887085,2.6555474e-05,0.0,0.0,0.0,0.0,5.2156593e-05,0.00019410766,0.0,0.0,0.0,0.0,0.0,0.0,0.0,0.0,0.00032701448,0.0,0.0,0.0,0.0,0.0,0.0,0.00077531644,0.00044158724,0.00092304434,0.0,0.0,0.0,0.0,0.0,0.008721586,0.010221112,0.0,0.0031245404,0.00044391528,6.0273225e-05,0.0,0.0,0.0,0.0077848597,0.0010201419,0.008815211,0.0,0.0,0.01427842,0.0,0.0,0.0,0.0,0.00051667937,0.0,0.0,0.00055143057,0.0,0.0015442243,0.0,0.0,0.0029807608,0.010337426,0.0,0.0,0.0,0.00085453776,0.0,0.0014817172,0.0,0.0,0.0,0.00011890283,0.0,0.0,0.0,0.0,0.0038665389,0.004706134,0.0,0.0,0.0009130879,0.0,0.0,0.0,0.0,0.023253812,0.0009984827,0.0,0.0,0.009449533,0.0024446507,0.010636073,0.0,0.030044634,0.03571669,0.0028768608,0.0022855108,0.0029545575,0.0,0.018183304,0.0037377991,0.0,0.0012640768,0.0026514106,0.008842756,0.00032085244,0.0,5.426459e-05,0.0026318668,0.0,0.005119008,0.0011491925,0.001652578,0.0037429081,0.004585408,0.0,0.0,0.0,0.0,0.0,0.0,0.00077869237,0.0,0.00031732695,9.365914e-05,2.1755184e-05,0.0,0.013942989,0.0,0.0,0.0,0.0,0.0,0.0,0.0,0.0,0.0,0.0,0.00028015705,0.00279186,0.0,0.0,6.026123e-05,0.0,0.008336026
SAMEA4506935,0.0,0.0,0.0,0.0,0.0,0.0,0.0,0.0,0.0,0.0,0.0,0.0,0.0,0.0,0.0,0.0,0.0,0.0,0.0,0.0,0.0,0.0,0.0,0.0,0.0,0.0,0.0,0.0,0.0,0.0,0.0,0.0,0.0,0.0,0.0,0.0,0.0,0.0,0.0,0.0,0.0,0.0,0.0,0.0,0.0,0.0,0.0,0.0,0.0,0.0,0.0,0.0,0.0,0.0,0.0,0.0,0.0,0.0,0.0,0.0,0.0,0.0,0.0002414557,0.0,0.0,0.0,0.0,0.0,0.0,0.0,0.0,0.0,0.0,0.0,0.0048385374,0.0,0.0,0.0,0.0,0.0,0.0,0.0,0.0,0.0,0.0,0.0,0.020053944,0.0,0.0,0.01823662,0.0,0.0,0.0,0.0,0.0,0.022946294,0.0028574287,0.0012007969,0.0,0.0,0.0,0.0,0.0,0.0,0.0,0.0,0.0,0.0,0.0,0.0,0.0,0.0,0.0,0.0,0.0,0.0,0.0,0.0,0.0,0.0,0.0,0.0,0.0,0.0,0.0022846088,0.0,0.0,0.0,0.0,0.0,0.0,0.0,0.0,0.0,0.0,0.0,0.0,0.00611104,0.0,0.0,0.0,0.0059250672,0.0,0.0,0.0,0.0,0.0,0.0,0.0,0.0,0.0,0.0,0.0,0.0,0.0,0.0,0.0,0.0,0.0,0.0,0.0,0.0,0.0,0.0,0.0,0.0,0.0,0.0,0.0,0.0,0.0,0.0,0.0,0.0,0.32867432,0.0,0.0,0.0,0.0,0.0,0.0,0.006598289,0.43135253,0.0,0.00946302,0.0,0.0009066162,0.017513987,0.0,0.0,0.0,0.0,0.0,0.0,0.0,0.0,0.0,0.0,0.0,0.0,0.0,0.0,0.0,0.0,0.0,0.0,0.016873326,0.0,0.0,0.0013198033,0.0,0.0,0.0,0.0017087448,0.0,0.006982423,0.0,0.0,0.0,0.0,0.0,0.0,0.0,0.008693529,0.0,0.0,0.0,0.0,0.0,0.0,0.0,0.01196338,0.0,0.0,0.0,0.016056364,0.009945377,0.0,0.0,0.0055156574,0.0030114092,0.0031578413,0.0,0.0,0.0,0.0018028583,0.0,0.024254257,0.0,0.0,0.0,0.0,0.0,0.0,0.0,0.0,0.0,0.0,0.0,0.0,0.0,0.0,0.0,0.0,0.0,0.0,0.0,0.0,0.0,0.0,0.0,0.0,0.0,0.0,0.0,0.0,0.0,0.0,0.0,0.0,0.0,0.0,0.0,0.0017155173,0.0,0.0,0.0,0.0,0.0,0.0,0.0,0.0,0.0,0.0,0.0,0.0,0.0,0.0,0.0,0.0,0.0,0.0,0.0,0.0,0.0,0.0,0.006815026,0.0,0.0,0.0009800282,0.0,0.0
SAMEA4506936,0.0,0.0,0.0,0.0,0.0,0.0,0.0,0.0,0.0,0.0,0.0,0.0,0.0,0.0,0.0,0.0,0.0,0.0,0.0,0.0,0.0,0.0,0.0,0.0,0.0,0.0,0.0,0.0,0.0,0.0,0.0,0.0,0.0,0.0,0.0,0.0,0.0,0.0,0.0,0.0,0.0,0.0,0.0,0.0,0.0,0.0,0.0,0.0,0.0,0.0,0.0,0.0,0.0,0.0,0.0,0.0,0.0,0.0,0.0,0.0,0.091061175,0.0,0.0,0.0,0.0,0.0,0.0,0.0,0.0,0.0,0.0,0.00511453,0.0,0.0,0.0,0.0,0.0,0.0,0.0,0.0,0.0,0.0,0.0,0.0,0.0,0.0,0.0,0.0,0.0,0.042501613,0.01606292,0.0,0.0,0.0,0.0,0.0,0.0,0.0,0.0,0.0,0.0,0.0,0.0,0.0,0.0,0.0,0.0,0.0,0.0,0.0,0.0,0.0,0.0,0.0,0.0,0.0,0.0,0.0,0.0,0.0,0.0,0.0,0.0,0.0,0.0,0.0,0.0,0.0,0.0,0.0,0.0,0.0,0.0,0.0,0.0,0.0,0.0,0.0,0.0,0.0,0.0,0.0,0.0,0.0,0.0,0.0,0.0,0.0,0.0,0.0027589954,0.0,0.0,0.0,0.0,0.0,0.0,0.0,0.0,0.0,0.0,0.0,0.0,0.0,0.0,0.0,0.0,0.0,0.0,0.0,0.0,0.0,0.0,0.0,0.0,0.0,0.0,0.0,0.0,0.0,0.0,0.0,0.0,0.45313323,0.0,0.0,0.0,0.0,0.0,0.0,0.0,0.0,0.0,0.0,0.0,0.0,0.0,0.0,0.0,0.0,0.0,0.0,0.0,0.0,0.0,0.0,0.0,0.05030453,0.0069912495,0.0,0.0,0.0,0.0,0.0,0.32950932,0.0,0.0,0.0,0.0,0.0,0.0,0.0,0.0,0.0,0.0,0.0,0.0,0.0,0.0,0.0,0.0,0.0,0.0,0.0,0.0,0.0,0.0,0.0,0.0,0.0,0.0,0.0,0.00067716587,0.0,0.0,0.0,0.0,0.0,0.0,0.0,0.0,0.0,0.0,0.0,0.0,0.0,0.0,0.0,0.0,0.0,0.0,0.0,0.0,0.0,0.0,0.0,0.0,0.0,0.0,0.0,0.0,0.0,0.0,0.0,0.0,0.0,0.0,0.0,0.0,0.0018852135,0.0,0.0,0.0,0.0,0.0,0.0,0.0,0.0,0.0,0.0,0.0,0.0,0.0,0.0,0.0,0.0,0.0,0.0,0.0,0.0,0.0,0.0,0.0,0.0,0.0,0.0,0.0,0.0,0.0,0.0,0.0,0.0,0.0
SAMEA4506939,0.0,0.0,0.0,0.0,0.0,0.0,0.0,0.0,0.0,0.0,0.0,0.0,0.0,0.0,0.0,0.0,0.0,0.0,0.0,0.0,0.0,0.0,0.0,0.0,0.0,0.0,0.0,0.0,0.0,0.0,0.0,0.0,0.0,0.0,0.0,0.0,0.0,0.0,0.0,0.0,0.0,0.0,0.0,0.0,0.0,0.0,0.0,0.0,0.0,0.0,0.0,0.0,0.0,0.0,0.0,0.0,0.0,0.0014383201,0.0,0.0,0.0,0.0,0.0,0.0,0.0,0.0,0.0,0.0,0.0,0.0,0.0,0.0073268577,0.0,0.0,0.0,0.0,0.0,0.0,0.0,0.0,0.0,0.0,0.0,0.0,0.0,0.0,0.0,0.0012390784,0.053089652,0.017440606,0.010801107,0.0,0.0,0.0,0.0,0.0011983853,0.0,0.0,0.0,0.0,0.0,0.0,0.0,0.0,0.0,0.0,0.0,0.0,0.005651482,0.0,0.0,0.0,0.0,0.0,0.0,0.0,0.0,0.0,0.0,0.004199634,0.0,0.0,0.0,0.0,0.0,0.0,0.0,0.0,0.0,0.0,0.0,0.0,0.0,0.0,0.0,0.0,0.0,0.0,0.0,0.0,0.0,0.013328045,0.0,0.0,0.0,0.0,0.0,0.0,0.0,0.0,0.0,0.0,0.0,0.0,0.0,0.0,0.003799242,0.0,0.0,0.0,0.0,0.0,0.0,0.0,0.0021693923,0.0,0.0,0.0,0.0,0.0,0.0,0.0,0.0,0.005567501,0.0,0.0,0.0,0.0,0.0,0.0,0.0,0.0024636795,0.16997226,0.0,0.06537037,0.009062261,0.0,0.0,0.0,0.0,0.0,0.0,0.0,0.0,0.0,0.0,0.0,0.0,0.0,0.0,0.0,0.0,0.0,0.0,0.0,0.0,0.31758872,0.13127668,0.0,0.0,0.0,0.0,0.0,0.005199218,0.0,0.0,0.0,0.0,0.0,0.0,0.0,0.0,0.0,0.0,0.0,0.0,0.0,0.0,0.0,0.0,0.0,0.0,0.0,0.0,0.0,0.0,0.0,0.0,0.0,0.0029783857,0.01445217,0.0038957142,0.0,0.0,0.0,0.0,0.0,0.06675459,0.0,0.0,0.0,0.0,0.0,0.0,0.011819829,0.06709318,0.0,0.0,0.0,0.0,0.0,0.0,0.0,0.0,0.0,0.0,0.0,0.0,0.0,0.0,0.0,0.0,0.0,0.0,0.0,0.0,0.0,0.0,0.0,0.0,0.0,0.0,0.0,0.0048236777,0.0,0.0,0.0,0.0,0.0,0.0,0.0,0.0,0.0,0.0,0.0,0.0,0.0,0.0,0.0,0.0,0.0,0.0,0.0,0.0,0.0,0.0,0.0,0.0,0.0,0.0,0.0,0.0
SAMEA4506940,0.0,0.0,0.0,0.0,0.0,0.0,0.0,0.0,0.0,0.0,0.0,0.0,0.0,0.0,0.0,0.0,0.0,0.0,0.0,0.0,0.0,0.0,0.0,0.0,0.0,0.0,0.0,0.0,0.0,0.0,0.0,0.0,0.0,0.0,0.0,0.0,0.0,0.0,0.0,0.0,0.0,0.0,0.0,0.0,0.0,0.0,0.0,0.0,0.0,0.0,0.0,0.0,0.0,0.0,0.037492365,0.0,0.0,0.0,0.0,0.0,0.0,0.0,0.0,0.0,0.0,0.0,0.007033726,0.0,0.0,0.0,0.0,0.0,0.0,0.0,0.0,0.0,0.0,0.0,0.0,0.0,0.0069693387,0.0,0.0,0.0,0.0,0.0,0.0,0.0,0.0,0.0,0.0,0.0,0.0,0.0,0.0,0.008657885,0.0,0.0,0.0,0.0,0.0,0.021070333,0.0,0.0,0.0,0.0101231905,0.0,0.014405181,0.0,0.007772465,0.0,0.0,0.0,0.0,0.0,0.0,0.0,0.0,0.0,0.0,0.0,0.0,0.0,0.0,0.0,0.0021439479,0.0,0.0,0.0,0.0,0.0,0.0,0.053127475,0.111239985,0.0,0.08279146,0.0715851,0.10161287,0.030023893,0.0,0.0,0.0,0.0,0.0,0.0,0.0,0.00651948,0.0,0.0,0.0,0.0,0.0,0.0,0.0,0.0,0.0,0.0,0.0,0.0,0.0,0.0,0.0,0.0,0.0,0.0,0.0,0.002249835,0.0073742904,0.0,0.0,0.0,0.0,0.0,0.003412353,0.0,0.0,0.0,0.0,0.0,0.0,0.0,0.0,0.16017208,0.0,0.009080256,0.0,0.0,0.0,0.0,0.0,0.0,0.0,0.0,0.0,0.0,0.0,0.0,0.0,0.0,0.0,0.0,0.0,0.0,0.0,0.0,0.0,0.0,0.0,0.0,0.0,0.0,0.008227659,0.0,0.028580092,0.0,0.0,0.0,0.0,0.0,0.0,0.0,0.0,0.0,0.0,0.0,0.0,0.0,0.0,0.013518856,0.0,0.0,0.0,0.0,0.005981506,0.0,0.0,0.0,0.0,0.0,0.0,0.0,0.0,0.0,0.0067590633,0.0,0.0,0.0,0.007253988,0.0,0.0,0.0,0.08183496,0.0,0.0,0.0,0.0,0.0,0.0,0.0,0.0,0.010632712,0.0,0.062483966,0.0,0.0,0.0,0.0,0.0,0.0,0.0,0.0,0.0,0.004239766,0.0,0.0,0.0,0.0,0.0,0.007019967,0.0,0.0,0.0,0.0,0.0,0.0,0.0,0.0,0.0,0.0,0.0,0.0,0.0,0.0,0.0,0.0,0.0,0.0,0.0,0.0,0.0,0.0,0.0,0.0,0.0062638544,0.0,0.0,0.0,0.0,0.0023460558,0.0,0.0,0.0
SAMEA4506941,0.0,0.0,0.0010789561,0.011005141,0.00014894629,0.0003898216,0.0,0.004486484,0.0036015352,0.0,0.0,0.0026893248,0.30522448,0.0,0.0,0.0,0.0,0.0,0.0,0.0,0.0004928661,0.0,0.0,0.0,0.0,0.0,0.0,0.0,0.0,0.00019840595,0.0,0.0,0.0,0.0,0.0,0.0,0.0,0.0,0.0,0.0,0.0,0.0,0.0,0.0,0.0,0.0,0.0,0.0,0.0,0.0,0.0,0.0,0.0,0.00182498,0.0,0.0,0.0,0.0,0.0,0.0,0.0027376756,0.0,0.0,0.0,0.0,0.0,0.0,0.0,0.0,0.0,0.0,0.0,0.0,0.0011049951,0.0,0.0,0.0,0.0,0.0,0.0,0.0,0.0012329294,0.0,0.0,0.0,0.0009076833,0.0,0.0,0.0,0.0,0.0,0.0,0.0,0.0,0.0,0.0,0.0,0.0,0.0,0.00020446967,0.0,0.0,0.0,0.0,0.0,0.0,0.0,0.0,0.0,0.0,0.0,0.0,0.0,0.0,0.00021641771,0.0,0.0,0.0,0.0,0.0,0.0,0.0,0.0,0.0,0.0,0.0,0.0,0.0,0.0,0.0,0.0,0.0,0.010777816,0.012003445,0.031934123,0.0,0.0,0.00057345245,0.0,0.0,0.0,0.0,0.0,0.0,0.0,0.0,6.783654e-05,0.0,0.0,0.0,0.0,0.0,0.0,0.0,0.0,0.0,0.0,0.0,0.0,0.0,0.0,0.0,0.0,0.0,0.0,0.0,0.0,0.0,0.0,0.0,0.0,0.0,0.0,0.0,0.00039432643,0.00039521698,0.0,0.0,0.0,0.0,0.0,0.0,0.0,0.0,0.0,0.0023044979,0.0,0.0,0.0025128876,0.0,8.0680176e-05,0.0,0.0,0.0,0.00047508968,0.0,7.1446535e-05,0.0,0.0,6.199511e-05,0.0,0.0,0.0,0.0,0.0,0.0,0.0,0.0,0.0,0.00032200667,0.0,0.0005326876,7.1088645e-05,0.0,0.00014117485,0.0,0.0,0.0,0.0,0.00032626183,0.0,0.0,0.0,0.0,0.0,0.0,0.0,0.0,0.0,0.0,0.0,0.0,0.0,0.0,0.0,0.0,0.0,0.0,0.0,0.0,0.0,0.0,6.253793e-05,0.0,0.0,0.0,0.0,0.0,0.0,0.00032930344,0.0,0.0,0.045990806,0.024256002,0.0,0.52548283,0.00030560058,0.0,0.0,0.0,0.0,0.0,0.0001529785,0.00079931424,0.0003618292,0.0,0.0,0.0,0.0,0.0,0.0,0.0,0.0,0.0,0.0,0.0,0.0,0.0,0.0,0.0,0.0,0.0,0.0,0.0,0.0,7.887638e-05,0.0,0.0,0.0,0.0,0.0,0.0,0.0,0.0,0.0015887684,0.0,0.0,0.0,0.0,0.0,0.0,0.0,0.0,0.0,0.0,0.0,0.0,0.0,0.0,0.0,0.0,0.0
SAMEA4506942,0.0,0.0,0.0,0.0,0.0,0.0,0.0,0.0,0.0,0.0,0.0,0.0,0.0,0.0,0.0,0.0,0.0,0.0,0.0,0.0,0.0,0.0,0.0,0.0,0.0,0.0,0.0,0.0,0.0,0.0,0.0,0.0,0.0,0.0,0.0,0.0,0.0,0.0,0.0,0.0,0.0,0.0,0.0,0.0,0.0,0.0,0.0,0.0,0.0,0.0,0.0,0.0,0.0,0.0,0.0,0.0,0.0,0.0,0.0,0.0,0.0,0.0,0.0,0.0,0.0,0.0,0.0,0.0,0.0,0.0,0.0,0.0,0.0,0.0,0.0,0.0,0.0,0.0,0.0,0.0,0.0,0.0,0.0,0.0,0.0,0.0,0.0,0.0,0.0,0.0,0.0,0.0,0.0,0.0,0.0,0.0,0.0,0.0,0.0,0.0,0.0,0.0,0.0,0.0,0.0,0.0,0.0,0.0,0.0,0.0,0.0,0.0,0.0,0.0,0.0,0.0,0.0,0.0,0.0,0.0,0.0,0.0,0.0,0.0,0.0,0.0,0.0,0.0,0.0,0.0,0.0,0.0,0.014507946,0.0060168407,0.0,0.0,0.0,0.0,0.0,0.0,0.0,0.0,0.0,0.0,0.0,0.0,0.0,0.0,0.0,0.0,0.0,0.0,0.0,0.0,0.0,0.0,0.0,0.0,0.0,0.0,0.0,0.0,0.0,0.0,0.0,0.0,0.0,0.0,0.0,0.0,0.0,0.0012414072,0.0,0.0,0.0313349,0.0,0.0,0.0,0.0,0.0,0.0,0.0,0.8957189,0.0,0.0054366887,0.0,0.0,0.0,0.0,0.0,0.0,0.0,0.0,0.0,0.0,0.0,0.0,0.0,0.0,0.0,0.0,0.0,0.0,0.0,0.0,0.0,0.0,0.0,0.0,0.0,0.0,0.0,0.0,0.0,0.0,0.0,0.0,0.0,0.0,0.0,0.0,0.0,0.0,0.0,0.0,0.0,0.0,0.0,0.0,0.0,0.0,0.0,0.0,0.0,0.0,0.0,0.0,0.0,0.0,0.0,0.0,0.044724982,0.0,0.0,0.0,0.0,0.0,0.0,0.0,0.0,0.0,0.0,0.0,0.0,0.0,0.0,0.0,0.0,0.0,0.0,0.0,0.0,0.0,0.0,0.0,0.0,0.0,0.0,0.0,0.0,0.0,0.0,0.0,0.0,0.0,0.0,0.0,0.0,0.0,0.0,0.0,0.0,0.0,0.0,0.0,0.0,0.0,0.0,0.0,0.0,0.0,0.0,0.0,0.0,0.0,0.001018409,0.0,0.0,0.0,0.0,0.0,0.0,0.0,0.0,0.0,0.0,0.0,0.0,0.0,0.0,0.0,0.0
SAMEA4506943,0.0,0.0,0.0,0.0,0.0,0.0,0.0,0.0,0.0,0.0,0.0,0.0,0.0,0.0,0.0,0.0,0.0,0.0,0.0,0.0,0.0,0.0,0.0,0.0,0.0,0.0,0.0,0.0,0.0,0.0,0.0,0.0,0.0,0.0,0.0,0.0,0.0,0.0,0.0,0.0,0.0,0.0,0.0,0.0,0.0,0.0,0.0,0.0,0.0,0.0,0.0,0.0,0.0,0.0,0.0,0.0,0.0,0.0,0.0,0.0,0.0,0.0,0.0,0.0,0.0,0.0,0.0,0.0,0.0,0.0,0.0,0.011846087,0.0,0.0,0.0,0.0,0.0,0.0,0.0,0.0,0.0,0.0,0.0,0.0,0.0,0.0,0.0,0.0,0.001218554,0.01670264,0.0,0.0,0.0,0.0,0.0,0.017342689,0.0,0.0,0.0,0.0,0.0,0.0,0.0,0.0013415266,0.0,0.0,0.0,0.0,0.0,0.0,0.0,0.0,0.0,0.0,0.0,0.0,0.0,0.0,0.0,0.0,0.0,0.0,0.0,0.0,0.0,0.0,0.0,0.0,0.0,0.0,0.0,0.013081886,0.017768314,0.0,0.0,0.010096265,0.004410259,0.0,0.11369146,0.0,0.0,0.00824272,0.0,0.0,0.0,0.0,0.0,0.0,0.0,0.0,0.0,0.0,0.0,0.0,0.0,0.003454421,0.0,0.0,0.0,0.0,0.0,0.0,0.0,0.0,0.0,0.0,0.0,0.0,0.0,0.0,0.0,0.0,0.0,0.0,0.0694612,0.0,0.0,0.0,0.0,0.0,0.0,0.0,0.24464859,0.030694822,0.055583782,0.0,0.0,0.0,0.0,0.0,0.0,0.0,0.015348462,0.0,0.0,0.0,0.0,0.0,0.0,0.0,0.100867175,0.0,0.0,0.0,0.0,0.0,0.0,0.0,0.0,0.0,0.0,0.0,0.0,0.043408614,0.0,0.0,0.0,0.0,0.0,0.0,0.0,0.0,0.0,0.0,0.0,0.0,0.0,0.0,0.0033466765,0.0,0.0,0.0,0.0,0.005678098,0.0,0.0,0.0,0.0,0.0,0.0,0.0,0.0439588,0.0,0.0,0.006368868,0.0,0.0,0.05121488,0.0,0.0,0.0,0.09429722,0.0,0.0,0.0,0.0,0.0,0.0,0.0,0.0,0.0,0.0,0.0,0.011601243,0.0,0.0,0.0,0.0,0.0,0.0,0.0,0.0,0.0,0.0,0.0,0.0034946091,0.0,0.0,0.0,0.0,0.0,0.0,0.0,0.0,0.0,0.0,0.0008301072,0.0,0.0,0.0,0.0,0.0,0.0,0.0,0.0,0.0,0.0,0.0,0.0,0.0,0.0,0.0,0.0,0.0,0.0,0.0,0.0,0.0,0.0,0.0,0.0,0.0
SAMEA4506944,0.0,0.0,0.07463503,0.08216527,0.001265295,0.0067176647,0.0,0.00016599552,0.0,0.0,0.0,0.0,0.07099277,0.0060750465,0.0,0.0,0.0,0.0,0.0,0.0,0.0,0.0,0.0,0.0,0.0,0.0,0.0,0.0,0.0001812467,0.0,0.0,0.0,0.0,0.0,0.0,0.0,0.0,0.0,0.0,0.0,0.010661635,0.0012473908,0.00028726688,9.57623e-05,0.0,0.0,0.0,0.0,0.0,0.0,0.0,0.0,8.842997e-05,0.0,0.0,0.0,0.0,0.0,0.0015139588,0.0,9.2287635e-05,0.0,0.0,8.695557e-05,0.0,0.0,9.4739036e-05,0.0,0.0,0.0,0.0,0.0,0.0,0.0,0.0,0.0,0.0,0.0,0.0,0.0,0.0,0.0,0.0,0.0001637549,0.0,0.0,0.0,0.0,9.26252e-05,6.5108085e-05,0.0,0.0,0.0,0.0,0.0,0.00022816025,0.0,0.0,0.0,0.0,0.0,0.0,0.0,0.0,0.0,0.0,0.0,0.0011318242,0.0,0.0,0.0,0.0,0.0,0.0,0.006171983,0.00030840415,8.526119e-05,0.0,0.0,0.0,0.0,0.0,0.0,0.0,0.0,0.0,0.0,0.0,0.0,0.0,0.0,0.0,0.0,0.0,0.45980576,0.0,0.0,0.0,0.0,0.0,0.0,9.398233e-05,0.0,0.0,0.0,0.0,0.0,0.0,0.0,0.0,0.0,0.0,0.0,0.0,0.0,0.0,0.0,0.0,0.0,0.0,0.0,0.0,0.0,0.0,0.0,0.0,0.0,0.0,9.217608e-05,0.0,0.0,0.0,0.0,0.0,9.5708376e-05,0.0,0.0,0.0,0.0,0.0,0.0,0.0,0.0,0.0,0.004503021,0.0,0.0,0.0,0.0,0.0,0.0,0.0,0.0,0.0,0.0,0.0,0.0,0.0,9.838883e-05,0.0,0.0,0.0,0.0,0.0,0.0,8.313925e-05,0.0,0.0,0.0,0.007131679,0.0,0.0033246127,0.0,0.0,0.04291698,0.0,0.0,0.0,0.0,0.003167527,0.0,0.0,0.0,0.0,0.0,0.0,0.0,0.001062958,0.0,0.00026428254,0.0,0.0,0.0,0.0,0.0,0.0003773083,0.0,0.0,0.0,0.0,0.0,0.0,0.0,0.0,8.8020526e-05,0.0,0.0,0.0029311741,0.0,0.0,0.0,0.0,0.12352049,0.0,0.0,0.0,0.0154837,0.017833577,0.0,0.0,0.0,0.0,0.0,0.0,0.012898688,0.0,0.00024785506,0.0038060122,0.0,0.0,0.0,0.0,0.0,0.0,0.0,0.0002656336,0.0,0.0,0.0,0.002150492,0.0004482952,0.00055877195,0.0,0.0,8.895276e-05,0.0,0.0,0.0018647828,0.0,0.0,0.0,0.0,0.0,0.0,0.02978881,0.0,0.0,0.0,0.0,0.0,0.0,0.0,0.0,0.0,0.00039334322,0.0,0.0,0.0,0.0,0.0,0.0,0.0
SAMEA4506945,0.0,0.19990021,0.0,0.23022036,0.07253184,0.004116414,0.0,0.0,0.0,0.0044227014,0.0,0.0,0.13151051,0.12482113,0.13200472,0.0,0.0,0.0026252277,0.047554515,0.0,0.0,0.0,0.0,0.00066525646,0.00018038279,0.0,0.0,0.0007381676,0.0,0.0,0.000103184604,0.0,0.0,0.0,0.0,0.0,0.0,0.0,0.0,0.0,0.0024223938,0.00015654872,0.0,0.0,0.0,0.0,0.0,0.0,0.0,0.0,0.0,0.0,0.0,0.0,0.0,0.0,0.0,0.0,0.0,0.0,0.0,0.0,0.0,0.0,0.0,0.0,0.0,0.0,0.0,0.0,0.0,0.0,0.0,0.0,0.0,0.0,0.0,0.0,0.0,0.0,0.0,0.0,0.0,0.0,0.0,0.0,0.0,0.0,0.0,4.357934e-05,0.0,0.0,0.0,0.0,0.0,5.0905473e-05,0.0,0.0,0.0,0.0,0.0,0.0,0.0,0.0,0.0008269097,0.0,0.0,0.0,0.0,0.0,0.0,0.0,0.0,0.02556523,0.0,0.0,0.0,0.0,0.0,0.0,0.0,0.0,0.0,0.0,0.0,0.0,0.0,0.0,0.0,0.0,0.0,0.0,0.0,0.0,0.0,0.0,0.0,0.0,0.0,0.0,0.0,0.01314735,0.0,0.0,0.0,0.0,0.0,0.0,0.0,0.0,0.0,0.0,0.0,0.0,0.0,0.0,0.0,0.0,0.0,0.00012319382,0.0,0.0,0.0,0.0,0.0,0.0,0.0,0.0,0.0,0.0,0.0,0.0,0.0,0.0,0.0,0.00012841194,0.0,0.0,0.0,0.0,0.0,0.0,0.0,0.0,0.0,0.0,0.0,0.0,0.0,0.0,0.0,0.0,0.0,0.0,0.0,0.0,0.0,0.0,0.0,0.0,0.0,0.0,0.0,0.0,0.0,0.00027824147,0.0,0.0,0.0,0.0,0.0,0.0,0.0,0.0,0.0,0.0,0.0,0.0,0.0,0.0,0.0,0.0,0.0,0.0,0.0,0.0,0.0,0.0,0.0,0.0,0.0,0.0,0.0,0.0,0.0,0.0,0.0,0.0,0.0,0.0,0.0,0.0,2.5399393e-05,0.0,0.0,0.0,0.0,0.004230449,0.0,0.0,0.0,0.0,2.4496892e-05,0.0,0.0,0.0,0.0,0.0,0.0,0.0,0.0,0.0,0.0,0.0,0.0,5.0404255e-05,0.0,0.0,0.0,0.0,0.0,0.0,0.0,0.0,0.0,0.0,0.0,0.0,0.0,0.0,0.0,0.0,0.0,0.0,0.0,0.0,0.0,0.0015318458,0.0,0.0,0.0,0.0,0.0,0.0,0.0,0.0,0.0,0.0,0.0,0.0,0.0,0.0,0.0,0.0,0.0,0.0,0.0,0.0,0.0,0.0,0.0,0.0
SAMEA4506946,0.0,0.0,0.0,0.0,0.0,0.0,0.0,0.0,0.0,0.0,0.0,0.0,0.0,0.0,0.0,0.0,0.0,0.0,0.0,0.0,0.0,0.0,0.0,0.0,0.0,0.0,0.0,0.0,0.0,0.0,0.0,0.0,0.0,0.0,0.0,0.0,0.0,0.0,0.0,0.0,0.0,0.0,0.0,0.0,0.0,0.0,0.0,0.0,0.0,0.0,0.0,0.0,0.0,0.0035374505,0.0,0.0,0.0,0.0,0.0,0.0,0.0060804496,0.0,0.0,0.0,0.0,0.0,0.0037830074,0.0,0.004202825,0.0,0.0,0.0026524682,0.0,0.0,0.0,0.0,0.0,0.0,0.0,0.0,0.0,0.0,0.0,0.0,0.0,0.0049483357,0.020569127,0.0,0.0040684603,0.044456907,0.0,0.0,0.0057099103,0.0,0.0,0.031431656,0.002656356,0.0031943317,0.0,0.060275774,0.018071972,0.020167885,0.004695157,0.0,0.0,0.045983534,0.0,0.0,0.0,0.0,0.0,0.0,0.13648026,0.0,0.0,0.0,0.0044259136,0.0,0.012521726,0.0,0.0,0.0,0.0,0.0,0.0075968276,0.007783407,0.0,0.0070371665,0.0099603515,0.0,0.0,0.02829097,0.046834853,0.013960129,0.0,0.02833058,0.012047563,0.0048630387,0.0038157941,0.0,0.0,0.009569618,0.0,0.0,0.0,0.026242422,0.025312012,0.0,0.0,0.0007978097,0.0,0.0,0.0,0.004366629,0.0,0.0,0.0018338683,0.0,0.0029837908,0.0,0.0,0.002368743,0.0,0.0,0.0,0.0,0.0,0.0124297105,0.0033125996,0.005542839,0.0,0.0,0.0,0.0,0.0,0.0,0.0,0.0013499454,0.0,0.0,0.0,0.0,0.0,0.0,0.0,0.0,0.0060293977,0.0,0.0,0.0,0.0,0.0,0.0,0.0,0.0,0.0,0.0013848841,0.0,0.0,0.0,0.0,0.0054864786,0.0,0.0,0.0,0.0,0.0034634278,0.0,0.0,0.007802021,0.0,0.004978294,0.0,0.0,0.0,0.0,0.0,0.0,0.0,0.0,0.0,0.0,0.0,0.0024527917,0.0,0.0015803376,0.0,0.0,0.086449556,0.0,0.0,0.0,0.0,0.012581092,0.0,0.0,0.0,0.0,0.0,0.0,0.0,0.051335867,0.0,0.0,0.0,0.0,0.0,0.021397138,0.0,0.0,0.0,0.022068804,0.0,0.0,0.0,0.0,0.0,0.0,0.0,0.0,0.0,0.00263304,0.0,0.0,0.0,0.0,0.018639455,0.0,0.016912466,0.0051078387,0.0,0.0,0.0,0.0,0.0,0.004066004,0.0,0.0,0.003164847,0.0,0.0,0.0,0.0,0.0,0.0,0.0064978274,0.0,0.0,0.0,0.0,0.0,0.0,0.0,0.0,0.0,0.0,0.0,0.0,0.0,0.0,0.0,0.0,0.0,0.0,0.009423911,0.0,0.0,0.0,0.0,0.0,0.0,0.0
SAMEA4506947,0.0,0.0,0.0,0.0,0.0,0.0,0.0,0.0,0.0,0.0,0.0,0.0,0.0,0.0,0.0,0.0,0.0,0.0,0.0,0.0,0.0,0.0,0.0,0.0,0.0,0.0,0.0,0.0,0.0,0.0,0.0,0.0,0.0,0.0,0.0,0.0,0.0,0.0,0.0,0.0,0.0,0.0,0.0,0.0,0.0,0.0,0.0,0.0,0.0,0.0,0.0,0.0,0.0,0.0,0.0,0.0,0.0,0.013994281,0.0,0.0,0.0,0.0,0.0,0.0,0.0,0.0,0.0,0.0,0.0,0.0,0.0,0.0,0.0,0.0,0.0,0.0,0.008033853,0.0,0.0,0.0,0.0,0.0,0.0,0.0025889939,0.0,0.0,0.0015922039,0.0,0.0,0.0076734875,0.012530015,0.0,0.0,0.006992242,0.0,0.0,0.0,0.0,0.0,0.0,0.0,0.0,0.0,0.0,0.0,0.0,0.0,0.0,0.0,0.0,0.0,0.0,0.0,0.0,0.008682178,0.0,0.0,0.0,0.0,0.0,0.0,0.0,0.0,0.0,0.0,0.0019922461,0.0,0.0,0.0,0.0,0.0,0.0,0.0,0.0,0.0,0.0,0.0,0.0,0.0031052479,0.0,0.0,0.0016209568,0.0,0.0,0.0,0.0,0.0,0.0,0.0,0.0,0.0,0.0,0.0,0.0,0.0,0.0,0.0,0.0,0.0,0.006877974,0.0,0.0,0.0,0.0,0.0,0.0,0.0,0.0,0.0,0.0,0.0,0.0,0.0,0.0075308904,0.0,0.0,0.0,0.0,0.0,0.0,0.0,0.0,0.285274,0.0,0.0,0.0,0.0,0.0,0.0,0.0,0.0,0.0,0.0,0.0,0.0,0.0,0.0,0.0,0.0,0.0,0.0,0.0,0.0,0.0,0.0,0.0,0.0,0.0,0.0,0.0,0.0,0.009556857,0.0,0.009722058,0.0,0.0,0.0,0.0,0.0,0.0,0.0041417694,0.0,0.0,0.0,0.0,0.008090086,0.0,0.0,0.0,0.0,0.0,0.0,0.0,0.0,0.0,0.0,0.0,0.0,0.0,0.0,0.0,0.003876519,0.0,0.0,0.0,0.0,0.0,0.0057927966,0.005747682,0.019529145,0.0,0.55004066,0.0,0.0,0.0,0.0,0.0,0.0,0.0,0.0,0.0,0.0,0.0,0.0,0.0,0.0,0.0,0.0,0.0,0.0,0.0,0.0,0.0,0.0,0.0,0.0,0.0013064658,0.0,0.0,0.0,0.0,0.0,0.0,0.0,0.0,0.0,0.0029927918,0.0,0.0,0.0,0.0,0.0,0.0,0.0,0.0,0.0100325355,0.0,0.0,0.0,0.0,0.0,0.0,0.0,0.00068210566,0.0,0.0,0.0,0.0,0.0,0.0,0.0,0.0
SAMEA4506949,0.0768714,0.0,0.009826112,0.029072,0.0,0.012488821,0.0062532392,0.0,0.0,0.0720508,0.0,0.0,0.06763901,0.022957137,0.0,0.0,0.00010052146,0.0,0.0,0.0,0.011631089,0.0,0.0,0.0015736324,0.0,0.002184714,0.0,0.0,0.0,0.040626,0.001458505,0.0,1.9227358e-05,0.0,0.0001811417,0.0,0.0,0.0,0.012605364,3.488702e-05,0.009497501,0.000405808,0.001021934,0.0,0.0,0.0,0.0,0.0,0.0,0.022645177,0.0,0.0,1.1579782e-05,0.0,0.0,0.0,0.0,0.0,0.0007755105,0.0,0.00022357138,0.0,0.0,0.0,0.0,0.00022103763,0.0,0.00030773046,0.0,0.0,0.0,0.0,0.0,0.0,0.0,0.0,0.0,0.0,0.0008193686,0.0,2.04873e-05,0.0,3.0061221e-05,0.0,0.0017872185,0.008173856,0.0,0.00074140314,0.007368454,0.011113399,0.0,0.0,0.0005436293,0.00049226574,0.0005881055,0.003216786,0.0,0.0015538585,0.0,0.000844826,0.0,0.0,0.0,7.4396274e-05,0.0,0.0,0.0,0.023867236,0.0,0.0,0.0,0.0,0.0,5.5326913e-05,0.0,0.038386032,2.7912089e-05,0.0,0.0,0.00010470221,0.0,7.6834054e-05,0.0,0.0,0.00022144835,0.0,0.0011076008,0.0,0.0012521143,0.0,0.0,0.0,0.0,0.012131877,0.045361698,0.0,0.0,0.00058665074,0.022366462,0.0,0.0,0.009328596,0.0,0.0,0.00025660382,0.0043029534,0.0,8.804991e-05,0.00039459477,0.0,0.00017558098,0.0,0.0,0.0037174374,0.0,0.0,0.0005532847,0.0,0.0,0.016762594,0.0,0.00026540755,0.0,0.0,0.0,0.0,0.0,1.7419588e-05,0.0005009187,0.0,0.0,0.0,0.0011512532,0.0,0.0021431225,0.0015324645,0.0,0.0,0.002515558,0.0,0.0,0.0,0.0059282603,0.0,0.010990689,0.0,0.0,0.0,0.0,8.5139414e-05,0.0,0.0003671201,0.0034055929,0.0,0.0,0.0,0.010127705,0.0,0.0,0.0012906061,0.0,0.0,0.00033501163,0.0023240175,0.0,0.051909078,0.0,0.0,0.0,0.0,0.0,0.026042603,0.0,0.0,2.5239156e-05,0.0005015646,0.0,0.0,0.0,0.0,0.0,0.0,0.0006327735,0.0023096777,0.0,0.0,0.0,0.0,0.0,0.009568956,0.0,0.0,0.0,0.0,0.009876863,0.000914048,0.0,0.0,0.0002050083,0.0,0.006075117,0.0,0.009329502,0.0,0.0,0.0,0.0,0.030298833,0.0,0.0,0.0,0.0,0.0,0.0,0.0,0.0,0.0029442245,0.0,0.0,0.0,0.006085958,0.0,0.0,0.0,0.0,0.006656197,0.0,0.0,0.0,0.0,0.0,0.0,0.0,0.0018602291,0.0024229675,0.0,0.0,0.0,0.025591834,0.007822958,0.018274443,0.0,0.002504056,0.0,0.0,0.0,0.0007312448,0.02238785,0.0,0.0,0.0,5.737194e-05,0.0,0.0,0.072259545,0.0,0.0,0.0,0.0,0.0,0.0,7.1133516e-05,0.0,0.0,0.016658464,0.0,0.0,0.0,0.0018248258,0.0,0.0,0.0
SAMEA4506951,0.0,0.0,0.0,0.0,0.0,0.0,0.0,0.0,0.0,0.0,0.0,0.0,0.0,0.0,0.0,0.0,0.0,0.0,0.0,0.0,0.0,0.0,0.0,0.0,0.0,0.0,0.0,0.0,0.0,0.0,0.0,0.0,0.0,0.0,0.0,0.0,0.0,0.0,0.0,0.0,0.0,0.0,0.0,0.0,0.0,0.0,0.0,0.0,0.0,0.0,0.0,0.0,0.0,0.0,0.0,0.0,0.0,0.0,0.0,0.0,0.0,0.0,0.0,0.0,0.0,0.0,0.0,0.0,0.0,0.0,0.0,0.0,0.0,0.0,0.0,0.0,0.0,0.31151605,0.0,0.0,0.0,0.0,0.0,0.0,0.0,0.0,0.0,0.0,0.0,0.09725074,0.0,0.0,0.0,0.0,0.0,0.24507521,0.0,0.0,0.0,0.0,0.0,0.0,0.0,0.0,0.0,0.0,0.0,0.0,0.0,0.0,0.0,0.0,0.0,0.0,0.0,0.0,0.0,0.0,0.0,0.0,0.0,0.0,0.0,0.009127798,0.0,0.0,0.0,0.0,0.0,0.0,0.0,0.0,0.0,0.0,0.0,0.0,0.0,0.0,0.0,0.0,0.0,0.0,0.0,0.0,0.0,0.0,0.0,0.0,0.0,0.0,0.0,0.0,0.0,0.0,0.0,0.0,0.0,0.0,0.0,0.0,0.0,0.0,0.0,0.0,0.0,0.0,0.0,0.0,0.0,0.0,0.0,0.0,0.0,0.0,0.0,0.0,0.0,0.0,0.0,0.0,0.0,0.0,0.03220421,0.0,0.0,0.0,0.0,0.0,0.0,0.0,0.0,0.0,0.0,0.0,0.0,0.0,0.0,0.0,0.0,0.0,0.0,0.0,0.0,0.0,0.0,0.0,0.0,0.0,0.0,0.0,0.0,0.0,0.0,0.0,0.0,0.0,0.13088447,0.0,0.0,0.0,0.031092959,0.0,0.0,0.0,0.0,0.0,0.0,0.0,0.0,0.0,0.0,0.0,0.0,0.0,0.0,0.0,0.0,0.0,0.0,0.0,0.0,0.13428721,0.0,0.0,0.0,0.0,0.0,0.0,0.0,0.0,0.0,0.0,0.0,0.0,0.0,0.0,0.0,0.0,0.0,0.0,0.0,0.0,0.0,0.0,0.0,0.0,0.0,0.0,0.0,0.0,0.0,0.0,0.0,0.0,0.0,0.0,0.0,0.0,0.0,0.0,0.0,0.0,0.0,0.0,0.0,0.0,0.0,0.0,0.0,0.0,0.0,0.0,0.0,0.0,0.0,0.0085613495,0.0,0.0,0.0,0.0,0.0,0.0,0.0,0.0,0.0,0.0,0.0,0.0,0.0,0.0,0.0,0.0
SAMEA4506952,0.0,0.0,0.0021461209,0.00022293002,0.0,0.00054486375,0.0,0.00070738525,0.0,0.0,0.0,0.0,0.00541362,0.0,0.0,0.0,0.0,0.0,0.0,0.0,0.0,0.0,0.0,0.0,0.0,0.0,0.0,0.0,0.0,0.00013865856,0.0,0.0,0.0,0.0,0.0,0.0,0.0,0.0,0.0,0.0,0.0069283587,0.004422285,0.00011028648,0.0,0.0,0.0,0.0,0.0,0.0,7.872493e-05,0.0,0.0,0.0,0.0,0.0,0.0,0.0,0.0,0.0,0.0,0.000106292224,0.0,0.0,0.0,0.0,0.0,0.0,0.0,0.0,0.0,0.0,0.0,0.0,0.0,0.0,0.0,0.0,0.0,0.0,0.0,0.0,0.0,0.0,0.0,0.0,0.0,0.0,0.0,0.00042672406,0.0034494568,0.0,0.0,0.0,0.0,0.0,0.00035037787,0.0,0.0,0.0,0.0,0.0,0.0,0.0,0.0,0.0,0.0,0.0,0.0,0.0,0.0,0.0,0.0,0.0,0.021946741,0.0,0.0,0.08621918,0.0,0.0,0.0,0.0,0.0,0.0,0.0,0.0,0.0,0.0,0.0,0.0,0.0,0.0,0.0,0.0,0.0,0.0,0.0,0.0,0.0,0.0,0.0,0.0,0.06878912,0.0054671494,0.0,0.0,0.0,0.0,0.0,5.1800456e-05,0.0,0.0,0.0,0.0,0.0,0.0,0.0,0.0002115816,0.0,0.0,0.032963365,0.0,0.0,0.0,0.0,0.0,0.00010583824,0.0,0.0,0.0,0.0,0.0,0.0,0.0026646755,0.0,0.0,0.000994329,0.0,0.0,0.00037052127,0.0,0.0,0.0,0.10913628,0.0,0.0,0.0,0.0,0.0,0.0,0.0,0.0,0.0,5.5988134e-05,0.0,0.0,0.0,0.0,0.0,0.0,0.004072652,0.0,0.0,0.0,0.0,0.0,0.123668335,0.0,0.0,0.0,0.0,0.0,0.0,0.0,0.0,0.002047234,0.0,0.0,0.0,4.994365e-05,0.0,0.00025530337,0.0,0.0,0.0,0.0,0.0,0.0,0.0,0.0,0.0,0.0,0.0,0.0,0.0,0.00010727053,0.00021728227,0.0,0.0,5.151817e-05,0.0,0.0,0.0,2.1852724e-05,0.0,0.0,0.0,0.0,0.2929188,0.0,0.0,0.0,0.0,0.0,5.6317684e-05,0.0,0.0,0.0,0.0,0.0,0.00015445072,0.0,0.0,0.0,0.0,0.0,0.0,0.0,0.0,0.0,0.0,0.0,0.0,0.0,0.0,0.0,0.0,0.0,0.0,0.0,0.0,0.0,0.0,0.0,0.0,0.0,0.0,0.0,0.0,0.0034980134,0.0,0.0,0.0,0.0,0.21885839,0.0,0.0,0.0,0.0,0.0,0.0,0.0,0.0,0.0,0.0,0.0,0.0,0.0,0.0,0.0,0.0,0.0,0.0
SAMEA4506953,0.0002407303,0.00013176867,0.00044275884,0.0,0.0,0.0,0.0,0.04163681,0.0,0.0,0.0,4.9244743e-05,0.02212695,0.0,0.0,0.0,0.0,0.0,0.00024517253,0.0,0.0,0.0,6.877812e-05,0.0,0.0,0.0,0.0,0.0,0.0,0.00013805587,0.0,0.0,0.0,0.0,0.0,0.0,0.0,0.00013447627,0.0048121675,0.0,0.014432098,0.0007971705,0.0,0.0,0.0,0.0046973517,0.0,0.0,0.0,0.018733475,0.00025998376,0.0,0.0,0.0,0.0,0.0,0.0,0.0,0.0,0.026079224,7.055348e-05,0.0,0.0,0.0,0.0,0.0,0.0,0.0,0.0,0.0,0.008996818,0.0,0.00022672997,0.0,0.0,0.0,0.0005341519,0.0,0.0,0.0,0.0,0.0,0.0,0.0,0.0,0.047720056,0.0,0.0,0.0,0.24912305,0.0,0.0,0.0,0.0,0.0,0.0008576017,0.0,0.0,0.0,0.0,0.0,0.0,0.0,0.0,0.0,0.0,0.0,0.0,0.0,0.0,0.0,0.0,0.00022251676,0.0,0.0,0.00014735847,0.0,0.0,0.0,0.0,0.0,0.0,0.0,0.0,0.00014544505,0.0,0.0,0.0,0.0,0.0,0.0,0.0,0.00019020413,0.0,0.0,0.0,0.0,0.0,0.00011117109,0.0,0.0,0.0,0.0,0.0021874516,0.00013618974,0.0,0.0005978968,0.0004283725,0.0,0.0,0.0,0.0,0.0,0.0,0.0,0.0,0.0042834594,0.0,0.0,0.0,0.0,0.0,0.0,0.0,0.0,0.0,0.0,0.0,0.0,0.0,0.0,0.0,0.0,0.0,0.0,0.0,0.0,0.0,0.0,0.0,0.0,0.0,0.03726435,0.0,0.0,0.0,0.0,0.0,0.0,0.0,0.0,0.0,0.0,0.0,0.0,0.0,0.0,0.006942622,0.0,0.0,0.0,0.0,0.0,0.0,0.0,0.054661237,0.0,0.0016480943,0.0,0.0,0.0,0.0,0.0,0.0,0.00011460521,0.0,0.0,0.0,0.0,0.0,0.0,0.0,0.0,0.0,0.0,0.0009413088,0.0,0.0,0.0,0.0,0.17604849,0.0,0.0,0.0,4.7468562e-05,0.0,0.0,0.0,0.0,0.0,0.0,0.0,0.14581311,0.0,0.0,0.0,0.0,0.0,0.067449436,0.0,0.0038446076,0.0,0.027643759,0.0,0.0,0.0,0.0,0.00015571472,0.0,0.0,0.0,0.00019804268,0.0,0.0,0.014193529,0.0,0.0,0.0,0.0,0.0,0.0,0.0,0.0,0.0,0.0,0.0,0.0,0.0,0.0,0.0,0.0,0.0,0.0047072554,0.0,0.0008160477,0.0,0.0,0.0064314804,0.0,0.0,0.0,0.0,0.0,0.0,7.370036e-05,0.0,0.0,0.0,0.0,0.0,0.0,0.0,0.0,0.0,0.0,0.0,0.0,0.0,0.0,0.0,0.0,0.0
SAMEA4506955,0.0,0.00021486191,0.0021580392,0.0,0.0,0.0,1.4893002e-05,5.6905097e-05,0.0,0.0,3.9057606e-05,0.0,0.0013204886,0.0,0.0,0.0,0.0,0.0,0.0,0.0,0.0,0.0,0.0,0.0,0.0,0.0,0.0,0.0,0.0,0.0,0.0,0.0,0.0,0.0,0.0,0.0,0.0,0.0,0.0,0.0,0.0015089145,0.0,0.0,0.0,0.0,0.0,0.0,0.0,0.0,0.0,0.0,0.0,0.0,0.0,0.0,0.0,0.0,0.0,0.0,0.0,0.0,0.0,0.0,0.0,0.0,0.0,0.0,0.0,0.0,0.0,0.0,0.0,0.0,0.0,0.0,0.0,0.0,0.0,0.0,0.0,0.0,0.0,0.0,0.0,0.0,0.0,0.0,0.0,0.0,0.0,0.0,0.0,0.0,0.0,0.0,0.0,0.0,0.0,0.0,0.0,0.0,0.0,0.0,0.0,0.0,0.0,0.0,0.0,0.0,0.0,0.0,0.0,0.0,0.0,0.016515808,0.0060461117,0.0001461424,0.0,0.0,0.0,0.0,0.0,0.0,0.0,0.0,0.0,0.0,0.0,0.0,0.0,0.0,0.0,0.0017058069,0.0,0.0,0.0,0.0,0.0,0.002065246,0.0,0.0,8.0545455e-05,0.0,0.0,0.0,0.0,0.0,0.0,0.0,0.0,0.0,0.0,0.0,0.0,0.0,0.0,0.0,0.0,0.0,0.0,0.0,0.0,0.0,0.0,0.0,0.0,0.0,0.0,0.0,0.0,0.0,0.0,0.0,0.0,0.0,0.0,0.0,0.0,7.877383e-05,0.0,0.0,0.0,0.00017333908,0.0,0.0,0.0,0.0,0.0,0.0,0.0,0.0,0.0,0.0,0.0,0.0,0.0,0.0,0.0,0.0,9.671806e-05,0.0,0.0,0.0,0.0,0.0,0.0004987685,0.0,3.849114e-05,0.0,0.0,0.0,0.0,0.0,0.0,0.0017803197,3.9549657e-05,0.0,0.0,0.0,0.0,0.0,0.0,0.0,0.0,0.0,0.0,0.0,0.0,0.0,0.0,0.0,0.0,0.0,0.0,0.0,0.0,0.0,0.0,0.0,0.0,0.0,0.0,0.00017886903,0.0,0.0,0.0,0.0,0.00023550913,0.0,0.0,0.0,0.0,0.8255078,0.0,0.0,0.00024670523,0.0,0.0,0.0,0.0,0.0,0.0,0.0,0.0,0.0,0.0,0.00014161244,7.585716e-05,0.0,0.0,0.0,0.0,0.0,0.0,0.0,0.0,0.0,0.0005919936,0.0,0.0,0.0,0.0,0.0,0.0,7.6234974e-05,0.0,0.0,0.0,0.13836662,0.0,0.0,0.0,0.0,0.0,0.0,0.0,0.0,0.0,0.0,0.0,0.0,0.0,0.0,0.0,0.0,0.0,0.0,0.0,0.0,0.0,0.0,0.0
SAMEA4506956,0.0,0.0,0.0,0.0,0.0,0.0,0.0,0.0,0.0,0.0,0.0,0.0,0.0,0.0,0.0,0.0,0.0,0.0,0.0,0.0,0.0,0.0,0.0,0.0,0.0,0.0,0.0,0.0,0.0,0.0,0.0,0.0,0.0,0.0,0.0,0.0,0.0,0.0,0.0,0.0,0.0,0.0,0.0,0.0,0.0,0.0,0.0,0.0,0.0,0.0,0.0,0.0,0.0,0.0,0.0,0.0,0.0,0.0,0.0,0.0,0.0,0.0,0.0,0.0,0.0,0.0,0.0,0.0,0.0,0.0,0.0,0.0,0.0,0.0,0.005039973,0.0,0.0,0.0,0.0,0.0,0.0,0.0,0.0,0.0,0.0,0.0,0.0,0.0,0.0050205714,0.045877766,0.0,0.0,0.0,0.0,0.0,0.0,0.0,0.0,0.0,0.0,0.0,0.0,0.0,0.0032571186,0.0,0.0,0.0,0.0,0.0,0.0,0.0,0.0,0.0,0.0,0.0,0.0,0.0,0.0,0.0,0.0,0.0,0.0,0.0,0.0,0.0,0.0,0.0,0.0,0.0,0.0,0.0,0.0,0.0,0.0,0.0,0.0,0.0,0.0,0.0,0.0,0.0,0.018784612,0.0,0.0,0.0,0.0,0.0,0.0,0.0,0.0,0.0,0.0,0.0,0.0,0.0,0.005337218,0.0,0.0,0.0,0.014029097,0.0,0.0,0.0,0.0,0.0,0.0,0.0,0.0,0.0,0.0,0.0,0.0,0.0,0.016115427,0.0,0.018197916,0.0,0.02891834,0.022730762,0.0,0.0,0.0,0.44148526,0.0,0.0,0.0,0.00031001717,0.0,0.0,0.0,0.07529407,0.0,0.0,0.0,0.0,0.0,0.012630417,0.10823657,0.0,0.031094624,0.0,0.0,0.0,0.0,0.0,0.0,0.007639682,0.0,0.0,0.0,0.0,0.005005674,0.0,0.0,0.0,0.0,0.0,0.0,0.0,0.0,0.0,0.0,0.0,0.0,0.0,0.0,0.0028968034,0.0,0.0,0.0,0.0,0.0,0.0,0.0,0.0,0.0,0.0,0.0,0.0,0.0,0.0,0.0,0.0,0.0,0.0,0.0,0.0,0.06826818,0.0,0.0,0.0,0.0,0.0,0.0,0.03791184,0.017553352,0.0,0.0,0.0,0.0,0.0,0.0,0.0,0.008364712,0.0,0.0,0.0,0.0,0.0,0.0,0.0,0.0,0.0,0.0,0.0,0.0,0.0,0.0,0.0,0.0,0.0,0.0,0.0,0.0,0.0,0.0,0.0,0.0,0.0,0.0,0.0,0.0,0.0,0.0,0.0,0.0,0.0,0.0,0.0,0.0,0.0,0.0,0.0,0.0,0.0,0.0,0.0,0.0,0.0,0.0,0.0,0.0
SAMEA4506957,0.0,0.0,0.0,0.0,0.0,0.0,0.0,0.0,0.0,0.0,0.0,0.0,0.0,0.0,0.0,0.0,0.0,0.0,0.0,0.0,0.0,0.0,0.0,0.0,0.0,0.0,0.0,0.0,0.0,0.0,0.0,0.0,0.0,0.0,0.0,0.0,0.0,0.0,0.0,0.0,0.0,0.0,0.0,0.0,0.0,0.0,0.0,0.0,0.0,0.0,0.0,0.0,0.0,0.0,0.0,0.0,0.0,0.0,0.0,0.0,0.0,0.0,0.0,0.0,0.0,0.0,0.0,0.0,0.0,0.0,0.0,0.0066709984,0.0,0.0,0.0,0.0,0.0,0.0,0.0,0.0,0.011447346,0.0,0.0,0.0,0.0030234857,0.0,0.0,0.0,0.0071758563,0.0058847265,0.0,0.0,0.0,0.0,0.015201071,0.0073650097,0.0,0.0,0.0,0.0,0.0,0.01257712,0.0022267255,0.0,0.0,0.0,0.0062090144,0.0,0.0013942898,0.0,0.0,0.0,0.08142791,0.0,0.0,0.035175327,0.00275223,0.0,0.0,0.0,0.0,0.0,0.0,0.0027899793,0.0,0.0,0.0,0.0,0.0,0.002108474,0.0020011454,0.0,0.0,0.004657441,0.0,0.047725927,0.024322294,0.038563885,0.0,0.0,0.0,0.0,0.0,0.0,0.0,0.05323222,0.022145212,0.0,0.0,0.0,0.000824424,0.0,0.0,0.0056479564,0.0,0.0,0.0,0.0011578333,0.0,0.0017823696,0.0,0.0,0.0,0.0,0.034170967,0.0,0.0,0.0,0.0,0.0,0.014819573,0.0,0.0,0.0,0.0,0.0045414483,0.0,0.0,0.0,0.0,0.0,0.0,0.031338353,0.0,0.041812696,0.0,0.0,0.0,0.0,0.0,0.0,0.0,0.0,0.0,0.0,0.0,0.0,0.039414406,0.0,0.0,0.0,0.0017741028,0.0,0.0,0.0,0.0,0.0,0.0,0.0,0.0,0.0,0.008545729,0.0,0.019526979,0.0,0.0,0.0,0.0,0.0,0.0,0.0,0.0,0.0017331581,0.0039656623,0.0,0.0,0.0,0.0,0.0050134407,0.0,0.0,0.0,0.0,0.002972209,0.0,0.0,0.01493719,0.0,0.0,0.0,0.0,0.0,0.0,0.0,0.0,0.0,0.0,0.028385477,0.0,0.0,0.0,0.0,0.0,0.0,0.1684074,0.11852672,0.0,0.0,0.0,0.0,0.008890324,0.020271845,0.009788196,0.0,0.0,0.0,0.012801213,0.0,0.0,0.0,0.0,0.0,0.0,0.0,0.0,0.0,0.0,0.0,0.0028726514,0.0,0.0,0.0,0.0,0.0,0.0,0.0,0.0,0.0,0.0,0.0,0.0,0.0,0.0,0.0,0.0,0.0,0.0,0.0,0.0,0.0,0.0,0.0,0.0,0.0,0.0,0.0,0.0,0.0,0.0,0.0,0.0,0.0
SAMEA4506958,0.00021509279,0.0004118414,0.019260528,0.05733027,0.0,0.00028450973,0.0,9.24357e-05,0.02130244,0.0,0.0,0.0016165302,0.08097272,0.0,0.0,0.0,0.0,0.0,0.0,0.0,0.00032355438,6.3657e-05,0.0,0.0,0.000530246,0.015535023,0.0,0.0,0.0059446846,0.009072708,0.0,0.02427913,4.360747e-05,0.006592406,6.374912e-05,0.0,0.00085937034,0.033494055,0.0012218027,0.0,0.03175479,0.008087957,0.00083182566,0.0,0.00084576773,0.00047505676,0.000121413934,0.0,0.0,0.03182028,0.00045449176,0.0,0.0,0.017581798,0.0,7.8690544e-05,9.5228075e-05,0.0,0.018448092,0.0014186435,0.039807457,0.0,0.0012739446,0.0013945475,0.0,0.00094503944,0.0,0.002334575,0.0009963809,0.0,0.0,0.0,0.0,0.0,0.0,0.0,0.00021466208,0.0,0.0,0.0,0.01349518,0.0,0.00025566964,0.0,0.0,0.0,0.0,0.0,0.0005673686,0.0027771997,0.0,0.0,0.0,0.00023806738,0.0,0.0029137386,0.00070669135,0.00027717926,0.0,0.0,0.0,4.0178853e-05,0.0,0.0,0.0,0.0,0.0,0.0,0.0,0.004470646,0.0,0.0,0.0,0.0,0.04976938,0.0058734016,0.012477287,0.028038612,0.0038859583,6.926022e-05,0.0,0.00024128157,8.779385e-05,0.0,0.008899114,0.0,0.0,0.0,0.0,0.0,0.0,0.0,0.0,0.00022249311,0.0,0.0,0.0,0.00012594712,0.0,0.04205305,0.0,0.004846192,0.015432802,0.0004051269,0.0010912032,0.0,0.0,0.0,0.00047084384,0.0,5.3332504e-05,0.0,0.0,0.0,0.0,0.0,0.0,0.0008289039,0.0,0.0059342408,0.0,0.0,0.0,0.0,0.0,0.0,0.0,0.0,0.0,0.00029852966,0.0,0.0,0.000659629,0.0,0.0,0.0010896906,0.0,0.0,0.0031631442,0.0010317581,0.0,0.0,0.014483916,0.0,0.0,0.0,0.0,0.0,0.0,0.0,0.0,0.0,0.0,0.0,0.0,0.0,0.0,0.0,0.0,0.0016925685,0.0,0.0,0.001424631,0.0,0.0,0.0,0.0,0.0,7.258543e-05,0.008323457,0.0,0.011447407,0.0,0.0,0.07030769,0.009066086,0.0,0.00041209196,0.013908753,0.0,0.0,0.0,0.0,0.00014659496,0.0,0.0,0.0,0.0042420593,0.0,0.017483499,0.00014411432,0.0,0.0,0.0,0.0,0.007122615,0.0,0.0,0.0002590474,0.0,0.0,0.0,0.002966799,0.0,0.0,0.00036833395,0.0,0.042417936,0.0,0.0,0.0,0.0,0.00011005314,0.0007188432,0.0,0.0043707807,0.0,7.0573835e-05,5.019789e-05,0.0,0.0,0.0,0.0,0.0,0.005324383,0.0,0.00035885134,0.0018631035,0.0,0.00022387058,0.0,0.0013165715,0.0,0.0,0.0,0.0,0.0002530856,0.0,6.504177e-05,0.0,0.0,0.0,0.0041724555,0.0,0.0,0.0,0.0,0.0,0.119740255,0.00057034,0.0,0.00026274033,0.0,0.0,0.0001288396,0.0,0.0,0.0,0.000102773985,0.0,0.0011317384,0.001593135,0.0,0.0,0.0,0.0,0.0,0.0,0.0,0.0,0.0,0.0
SAMEA4506959,0.00012282765,0.0001333532,0.0,0.000862252,0.00014421945,0.0001761436,0.0,0.0,0.0,0.00027615018,0.0,0.0,0.00029047558,0.00014593343,0.0,0.0,0.0,0.0,0.0,0.0,0.00024997495,0.0,0.0,2.403032e-05,0.0,0.0,0.0,0.0,0.0,0.0,0.0,0.0,0.0005987757,0.0,0.0003932693,6.238509e-05,0.0,0.0,4.7830694e-05,0.0005904601,0.12126398,0.030178914,0.0045458106,0.0,0.0017311701,0.00977778,0.00021745292,0.0,6.081384e-05,0.013379533,0.0,0.0,0.0,0.0012487252,0.0033151463,0.0,0.0,0.0073800664,0.00018948024,0.0026809368,0.0,0.0,0.0,0.0,6.012576e-05,0.0,0.0,0.0,0.0,0.0,0.0,0.0,0.0,0.0,0.0,0.0,0.0,0.0,0.0,0.0,0.0,0.0,0.0,0.0,0.0,0.0,0.0,0.0,0.0,0.0057834936,0.0,0.0,0.0,0.0,0.0,0.0,0.0,0.0,0.00023530859,0.0,0.0,0.0,0.0,0.0,0.0,0.0,0.0,0.0,0.0,0.0,0.0,0.0,0.0,0.0,0.0,8.2021754e-05,0.0,0.0,0.0,0.0,0.0,0.0,0.0,0.0,0.0,0.0,0.0,0.0,0.0,0.0,0.0,0.0,0.00021741209,0.0,0.0,0.0,0.0,6.940673e-05,8.839908e-05,0.0,0.0,0.0054364367,0.0,0.0,0.0,0.0,0.00016420934,0.0,0.0,0.0,0.0,0.0,0.0,0.0,0.0,0.0,0.0,0.0,0.0,0.0,0.0,0.0,0.0,0.0,0.0,0.0,6.0445545e-05,0.0,0.0,0.0,0.0,0.00031059573,0.0011690924,0.0,0.0,0.0,0.0020769213,0.0,0.0041679293,0.0,0.0,0.0,0.07785366,0.0149054965,0.0,0.0,0.0,0.0,0.0,0.0,0.0,0.0,0.0,0.0,0.0,0.0,0.0,0.0,0.0,0.0,0.0,0.0,0.0,0.0,0.0,0.00011055668,0.0,0.0,0.000111429305,0.0001169204,0.0,0.00015964701,0.0,0.0,0.29059005,0.0,0.0,0.024245225,0.009491416,0.0,7.36915e-05,0.0,0.0,0.0,0.0,0.0,0.0,0.0,0.0,0.0,0.0,0.0,0.0,0.0,0.0,0.0,0.0,0.0,0.0,0.0,0.0,0.0,0.20503342,0.0,0.00012875245,0.0,0.0,0.0002679743,0.0,0.0,0.0,0.0,8.2735714e-05,0.0,0.0,0.00017863607,0.0,0.0001203791,0.0,0.0,0.0,0.00016284462,0.0,0.0,6.568997e-05,0.0,0.0,0.0,0.0,0.0015552125,0.0,0.0,0.0,0.0,0.0,0.0,0.0,0.0,0.0,0.0,0.0,0.0,0.0035057988,0.0,0.0,0.0,0.0,0.0,0.000108355554,0.10614622,0.042800196,0.0008515061,8.3799736e-05,0.0,6.409786e-05,0.0,0.0002778977,0.00018835861,0.0,0.0,0.0,0.0007103182,0.0,0.0,0.0,0.0,0.0,0.0,0.0,0.0,0.0,0.0
SAMEA4506961,0.0,0.0,0.0,0.0,0.0,0.0,0.0,0.0,0.0,0.0,0.0,0.0,0.0,0.0,0.0,0.0,0.0,0.0,0.0,0.0,0.0,0.0,0.0,0.0,0.0,0.0,0.0,0.0,0.0,0.0,0.0,0.0,0.0,0.0,0.0,0.0,0.0,0.0,0.0,0.0,0.0,0.0,0.0,0.0,0.0,0.0,0.0,0.0,0.0,0.0,0.0,0.0,0.0,0.0,0.0,0.0,0.0,0.0,0.0,0.0,0.0,0.0,0.0,0.0,0.0,0.0,0.0,0.0,0.0,0.0,0.0,0.0,0.0,0.0,0.0013411279,0.0,0.0,0.0,0.0,0.0,0.0,0.0,0.0,0.0,0.0,0.00446845,0.0,0.002308893,0.005886596,0.04710054,0.0,0.0,0.0,0.0,0.0,0.10715777,0.0,0.0037258742,0.0,0.0,0.0,0.0,0.0,0.0020091995,0.0,0.0,0.0,0.0,0.0,0.0,0.0,0.0,0.0,0.0,0.0,0.0,0.0,0.0,0.0015527738,0.0,0.0,0.0,0.0,0.0036313334,0.0,0.0015228586,0.0,0.0002647795,0.0,0.0,0.0,0.0,0.0,0.0,0.0,0.0,0.0,0.19279139,0.0,0.0,0.0,0.005464518,0.003456168,0.0,0.0,0.0,0.0,0.0,0.0,0.0,0.0,0.0,0.0,0.0,0.0,0.0,0.0009936127,0.0,0.0,0.008710607,0.0,0.0,0.0,0.0,0.0,0.0,0.0,0.0,0.0,0.0,0.0,0.0,0.0,0.0,0.0,0.01439759,0.0,0.0,0.0038528848,0.0,0.0,0.0,0.32052836,0.0,0.0,0.0,0.0,0.0,0.0,0.0,0.0,0.0,0.0,0.0,0.0,0.05008521,0.02743458,0.0,0.0,0.028179837,0.0,0.0,0.0,0.0,0.0,0.0,0.008678944,0.011417236,0.0,0.0,0.0,0.002997002,0.0,0.0153927645,0.0,0.0058656065,0.0,0.0,0.0,0.0,0.0,0.0,0.0,0.0,0.0,0.0,0.0,0.0,0.0,0.0,0.0,0.0019957197,0.0012029132,0.0,0.0,0.0188771,0.0075725075,0.0,0.0,0.0,0.0,0.013980146,0.0,0.0,0.0,0.0,0.0,0.04991532,0.0,0.0,0.0,0.0,0.0,0.0,0.0,0.0,0.0,0.0,0.0,0.0,0.0,0.0,0.0,0.0,0.0,0.0,0.0,0.0,0.0,0.0,0.0,0.0,0.0,0.0,0.0,0.0,0.0,0.0,0.0,0.0,0.0,0.0,0.0,0.0,0.023935895,0.0,0.0,0.0,0.0,0.0,0.0,0.0,0.0,0.0,0.0,0.0,0.0,0.0,0.0,0.0,0.0,0.0,0.0,0.00053476583,0.0,0.0,0.0,0.0,0.0007691155,0.0,0.0,0.0
SAMEA4506962,0.0,0.0,0.09447605,0.0012347479,0.0097209485,0.005668975,0.017537536,0.011624018,0.0,0.017096758,0.0,0.0013731866,0.041350614,0.0056366683,0.00014510418,0.0,3.6462763e-05,0.0,0.0,0.0,0.015993705,0.0,0.0,0.0010944165,0.0,0.0039594304,0.0,0.0,0.0,0.0007971559,0.0041328333,0.00033039707,0.0,0.0,0.00010014598,0.00015153138,0.010368422,0.022117697,0.000791471,0.00045894677,0.019738046,0.039267544,9.27868e-05,0.0,0.0,0.024184564,0.0,1.4234766e-05,0.0,0.0010431741,0.0,3.6745536e-05,0.0,0.0022605283,0.0,0.0,0.0,0.0,0.0021286167,0.0,0.00053655804,0.0,0.00027421513,0.000477471,7.302178e-05,0.0,1.530029e-05,0.0,0.00053119473,0.0,0.00024309663,0.0,0.0,0.0,0.0,0.0,0.00017898656,0.0,0.0,0.0,0.0,0.0,2.9659672e-05,0.0,0.0029254027,0.00771629,0.0,0.0011320829,0.00059087673,0.00015772365,0.0,0.0,0.0009833407,0.0012201775,9.8586126e-05,0.0014493437,0.00024792858,0.0010909719,0.035500042,0.0,2.3577963e-05,0.0,0.0035472307,2.11738e-05,0.020458313,0.0,0.0,0.0,0.0,0.0,0.00021194849,0.0,2.6860893e-05,0.024769247,0.048841774,2.4903527e-05,0.0045990543,0.0046674917,0.0038375193,0.0001936943,0.0,8.018126e-05,0.0,0.0011141864,0.0,0.0,0.0006683153,0.0,0.0,0.0,0.0,0.031924464,0.06416831,0.0,0.0,0.0,0.0,0.052100323,0.0,0.0,0.0,0.012559862,0.0,0.00027940815,0.0002733152,0.0029113938,3.9885923e-05,0.0,0.00028327672,0.0,0.0001624084,6.46366e-05,0.0,0.0006216578,0.0,0.0,8.9004476e-05,0.0008037414,0.0,0.0005870579,0.021768602,7.185246e-05,6.5748216e-05,0.0,0.0013266696,0.0010091697,0.0,0.0,0.0,0.0018011613,0.00034311082,0.0,0.0003362788,0.0,0.0,0.0006971284,0.0,0.0,0.0006457242,0.0,0.0,0.0,0.0024498163,0.0,0.0,0.0,0.0,0.0051305406,0.0,0.00044801144,0.0,0.00013875218,0.0,0.0,0.0,0.0,0.0045649237,0.0009120193,4.7669182e-05,0.000328062,0.0,0.0,0.00070829276,0.0,0.004232975,0.02605496,0.0,0.0,0.0,0.0,0.0,0.0,0.0048346436,0.0,4.496198e-05,0.00083471177,0.00027878347,0.0015312824,0.0,0.0,0.0,0.0015025026,0.0,0.001920279,0.0,0.015332836,0.0,8.583349e-05,0.0,0.0,0.0004509565,0.0,0.0,0.0,0.0,0.0011044473,0.0,0.0,0.00041898756,0.0,0.00047249743,0.0,0.0011521423,0.0,0.0,0.00019678111,0.0014228328,0.056177195,0.0,0.0,0.0,0.0,0.0,0.0,0.0,0.0012784592,0.0037808574,0.0,0.0013830449,0.0,0.0,0.00014452582,0.0,0.0,3.5457517e-05,0.0013073762,0.0029220746,0.0021656337,0.0,0.0,0.0,0.0,0.0,0.0005445156,0.0,0.0,0.0014166156,0.0,0.0,0.0,0.0,0.0,0.0002100857,0.0,0.0003663281,0.0,0.0,0.0002806274,0.0,0.0,0.0,0.0002939136,0.0,0.0,0.039164238,0.0,0.0,8.387812e-05,0.0,0.0,0.0,0.0011258576,7.897082e-05,0.0,0.05883442,0.0,0.0,0.0,0.0026562763,0.00023431436,0.0028074807,0.027651949
SAMEA4506963,0.000102896105,0.0,0.0050809453,0.15430778,0.015892418,0.013023957,0.0,0.0,0.0,0.015865974,0.0,0.00012278487,0.021119107,0.0070200562,0.0,0.24736086,0.22313905,0.037507843,0.0,0.0025919168,0.0,0.0,0.0,0.0,0.0013209418,0.0,9.466279e-05,0.0,0.0,0.0010982353,0.014671624,0.0,0.0,0.0,0.0,0.0,0.0,0.0,9.1825e-05,0.004153366,0.022593472,0.011535702,0.0003715703,0.0,0.0,0.0,0.0,0.0,0.0,0.0,0.0001296466,0.0,0.0,0.0,0.0,0.0,0.0,0.0,0.0066204816,0.0,0.0,0.0,0.00012775806,0.0,0.0,0.0,0.0,0.0004799463,0.0,0.0,0.0008011538,0.0,0.0,0.0,0.0,0.0,0.0,0.00020511242,0.0,0.0,0.0,0.0,9.37689e-05,0.0,0.0,0.0,0.0,0.00038543873,0.000870182,0.0040290314,0.0,0.0,0.0,0.00012043191,0.00021372309,0.008713742,0.0046820473,0.00041752282,0.0,0.0,0.00029816641,0.0,0.0,0.0,0.0,0.00079909817,0.0,0.0001320882,0.00026464523,0.0,0.0,0.019529406,0.0,0.0,0.0,0.0015589007,0.00087065174,0.0006607942,0.00028864943,9.072051e-05,0.0,0.0,0.0,0.001342803,0.0,0.0,0.0,0.0,0.0,0.0,0.0,0.0,0.0,0.0,0.0,0.0,0.0,0.018636744,0.0,0.0,0.0,0.00069099007,0.0,0.0,0.00021829504,0.0,0.009449028,0.0,0.0,0.0,0.0,0.00016347862,0.0,0.00046454146,0.0,0.0,0.00013131401,0.00012819581,0.0,0.0010900948,0.0005352769,0.0,0.0,0.0,0.0046863225,7.507023e-05,0.0,0.0,0.0,0.0,0.0,0.0,0.0,0.0,0.0,0.00080322387,0.0,0.0,0.0011075472,0.0,0.0,0.0,0.0030429563,0.0,0.0,0.0,0.0,0.0006588732,0.0,0.00026557234,0.0,0.0,0.0,0.0,0.0,0.0013554298,0.0013280965,0.009621537,0.0,0.0001229234,0.0,0.0,0.0,0.0,0.0,0.033025455,0.0,0.0,0.0,0.0,0.0,0.002847991,0.0,0.0,0.0,0.0,0.0,0.0009635051,0.0,0.0,0.00031689813,0.00016765248,0.0,0.0003225893,0.0,0.0,0.0,0.0015377187,0.0,0.0014033465,0.00048682324,0.0,0.00043604514,0.0,0.0,0.0,0.0,0.0016162763,0.0,0.0,0.0,0.0,0.0007439983,0.0,0.0,0.0,0.00052270497,0.0,0.0,0.0,0.0,0.0,0.01470255,0.0013581533,0.0,0.0,0.0,0.0,0.0,0.0,0.0,0.0,0.0,0.0,0.0,0.0007689791,0.005382578,0.0033442331,0.0,0.0,0.0,0.0,0.00335893,0.00031216227,0.0,0.0,0.0005569272,0.0,0.0,0.0,0.0,0.0,0.00056677096,0.0,0.0,0.0,0.0,0.00091749674,0.0,0.0,0.0,0.0005093427,0.0,0.014606596,0.0,0.0,0.0,0.00013500084,0.0,0.0,0.0,0.0,0.0,0.0,0.0,0.0,0.0,0.0,0.0014714306,9.259795e-05,0.0,0.00015665374
SAMEA4506964,0.0,0.0,0.0,0.0,0.0,0.0,0.0,0.0,0.0,0.0,0.0,0.0,0.0,0.0,0.0,0.0,0.0,0.0,0.0,0.0,0.0,0.0,0.0,0.0,0.0,0.0,0.0,0.0,0.0,0.0,0.0,0.0,0.0,0.0,0.0,0.0,0.0,0.0,0.0,0.0,0.0,0.0,0.0,0.0,0.0,0.0,0.0,0.0,0.0,0.0,0.0,0.0,0.0,0.0,0.0,0.0,0.0,0.0,0.0,0.0,0.0,0.0,0.0005058883,0.0,0.0,0.0,0.0,0.0,0.0,0.0,0.0,0.0,0.0,0.0,0.0,0.009513835,0.0,0.0,0.0,0.0,0.0,0.0,0.0,0.0,0.10126395,0.0028580339,0.0,0.0,0.004981272,0.02165361,0.0,0.017083451,0.0026112406,0.0,0.0,0.0,0.0,0.0,0.0,0.0,0.0,0.0,0.0,0.0023502714,0.0,0.0,0.0,0.0,0.0,0.0,0.0,0.0,0.0,0.0,0.0,0.0,0.04066388,0.0,0.0,0.0,0.0,0.0,0.0,0.0,0.0,0.0,0.0,0.0,0.0,0.0,0.0,0.0,0.0,0.000706823,0.0,0.0,0.0,0.0,0.0,0.0,0.0,0.057724934,0.0,0.0,0.0,0.0,0.0,0.0,0.0,0.0015551823,0.0,0.0,0.0,0.0,0.0,0.0,0.0,0.0,0.0,0.007944573,0.0,0.0,0.0,0.0,0.0,0.0,0.0,0.0,0.0,0.0,0.0,0.0,0.0,0.0,0.049980868,0.010996188,0.0,0.004784488,0.0,0.0,0.0,0.0,0.0913103,0.0,0.0,0.0,0.020203838,0.0,0.0,0.0,0.0,0.0,0.0,0.0,0.0,0.0,0.0,0.0,0.0,0.006814421,0.0,0.0,0.0,0.0,0.0,0.0,0.020744938,0.004703543,0.0,0.0,0.0,0.0014376686,0.003540706,0.017394587,0.0,0.0,0.0014370602,0.01885171,0.0,0.0,0.0,0.0,0.0,0.0,0.0,0.0032361601,0.0,0.0023818586,0.0,0.0,0.0,0.0109660225,0.0,0.0,0.0,0.17714739,0.03583247,0.0,0.0025321532,0.004494072,0.0,0.09987892,0.0,0.0,0.0,0.0,0.00640834,0.02294523,0.0,0.0,0.0008936301,0.0,0.0,0.0,0.0,0.0,0.0,0.0,0.0,0.0,0.005612731,0.0,0.0,0.0,0.0,0.0,0.0,0.0,0.0,0.0,0.0,0.0,0.0,0.0,0.0,0.0,0.0,0.0,0.0,0.0030434441,0.0,0.0,0.0,0.0,0.07465202,0.0,0.0,0.015714638,0.0,0.0,0.0,0.0,0.0,0.0,0.0,0.0,0.0,0.0,0.0,0.0,0.0,0.0,0.0,0.0,0.0,0.0,0.0,0.010643566,0.0,0.0,0.0,0.0
SAMEA4506966,0.0010457789,0.0,0.0,0.030917654,0.002426724,0.0030810134,0.0009848223,0.00022380361,0.0,0.009102801,0.002728543,0.0,0.0,0.016865026,0.0,0.0,0.0,0.0,0.0,0.0,0.0069024474,0.0,0.0,0.0010427035,0.0,0.0,0.0,0.0,0.0,0.0019166047,0.0,0.0,0.0,0.0,0.00020710561,0.0,0.0,0.0,0.00034932973,0.0,0.001307591,0.0012827257,0.0012691445,0.0,0.0,0.0,0.0,0.0,0.0,0.0015229221,2.0723295e-05,0.0,0.0,0.0,0.0,0.0,0.0,0.0,0.0056270272,0.0,0.0,0.0,0.0,0.010163934,6.19943e-05,0.0,0.0004654641,0.00069812255,0.0010422549,0.0,0.00029185766,0.0,0.00013554477,0.0,0.0,0.0,0.00012112488,0.0,0.0,0.0,0.0,0.0,3.1475724e-05,0.002058144,0.0006650504,0.004048492,0.0,0.00061610254,0.0008360746,0.0032509114,0.0,0.0,0.00020027731,9.264243e-05,0.0,0.006864906,0.0,0.0011679275,0.0,0.011766028,0.0,0.0,0.0,3.9947136e-05,0.0,0.0,0.0,0.0,0.0,0.0,0.0026163806,0.0,0.059757188,0.0,0.0,0.032172125,0.0,0.0,0.0,0.00034512792,0.001236926,0.0,0.0,0.0,0.00015457893,0.0,0.0001454843,0.0,0.0001543787,0.0,0.0,0.0,0.011151578,0.0,0.00036622575,0.0,0.0,0.0076334607,0.001224778,0.0,0.0,0.0057557216,0.001700106,0.0,0.0011500237,0.0,0.00017871875,8.1949336e-05,0.0,0.0,0.0,0.0,0.0,0.00046980177,0.0,0.0,5.247455e-05,0.0,0.0,0.0036065842,0.0,0.00015815222,5.1684412e-05,0.0,0.003754403,0.0011654574,0.0,0.0,0.0,0.0,0.0,0.0,0.00027492136,0.0,0.0026901332,0.00081105466,0.0,0.0,0.0012917576,0.0015415133,0.0,0.0,0.0013095378,0.0,0.0,0.0,0.0,0.0,0.0,8.9145564e-05,0.0,0.0,0.0,0.0,0.0,0.0,0.0,0.0005115426,0.0,0.00020631058,0.0,0.0,0.0,0.0,0.00019453221,0.0043032155,0.0,0.0,0.013308347,0.0042193886,0.0,0.0013928402,0.0,0.0,0.02443986,0.0011600036,0.0061259037,0.000105693805,0.0,0.0,0.0,0.0004481275,0.0,0.00016042171,0.0,0.0,0.0,0.0010525846,0.0,0.0048213815,0.0,0.0,0.0024496436,0.0,0.14307062,0.00040955166,0.0,0.0,0.00019421146,0.0,0.00026530598,0.0,0.00058099336,0.0029333772,0.039926685,0.0,0.00020245172,0.0032339916,0.0,0.0018036248,0.0,0.0,0.32947284,0.0,0.0,0.0010196099,0.00045552844,0.0,0.0007827884,0.0018999511,0.0,0.00023678962,0.0,0.0,0.07340707,0.00021510485,0.0,0.0,0.0024078742,0.0,0.00042893997,0.0,0.0,0.0,0.0030070168,0.002903571,0.0,0.0,0.016233953,0.008285413,0.008758888,0.0043095024,0.0010305205,0.0,0.0,0.0005140409,0.0,0.0093459105,0.0,0.0,0.0,0.0,0.0,0.0,0.0,0.0,0.0,0.0,0.0,0.0,0.0,0.00037240316,0.0,0.0,0.0,0.0,0.0,0.0,0.0006607265,0.0001968569,0.0,0.0
SAMEA4506967,0.0,0.0,0.0,0.0,0.0,0.0,0.0,0.0,0.0,0.0,0.0,0.0,0.0,0.0,0.0,0.0,0.0,0.0,0.0,0.0,0.0,0.0,0.0,0.0,0.0,0.0,0.0,0.0,0.0,0.0,0.0,0.0,0.0,0.0,0.0,0.0,0.0,0.0,0.0,0.0,0.0,0.0,0.0,0.0,0.0,0.0,0.0,0.0,0.0,0.0,0.0,0.0,0.0,0.0,0.0,0.0,0.0,0.0,0.0044471044,0.0,0.0,0.0,0.0006693768,0.012049601,0.0,0.0,0.0,0.0,0.006569848,0.0,0.0,0.0,0.0,0.0,0.0,0.0,0.0045718057,0.0,0.0,0.0,0.0,0.0,0.0,0.0,0.0,0.0,0.034020603,0.0,0.0,0.00877831,0.0,0.0,0.017045248,0.0,0.0,0.04272514,0.074232325,0.0,0.0,0.0,0.0,0.0,0.011155981,0.0005455809,0.0,0.0,0.0,0.0,0.0,0.08932094,0.0,0.08913432,0.015468859,0.0,0.0,0.0,0.009153814,0.0,0.002756893,0.002439986,0.0048427763,0.0010142248,0.0,0.0,0.0,0.0051912568,0.0,0.0029334628,0.03464326,0.016568072,0.0,0.0,0.0,0.0031174924,0.0,0.0,0.0,0.00499553,0.058507327,0.0006261488,0.0,0.08717406,0.013789142,0.0,0.0041142767,0.024271414,0.0,0.0,0.0,0.0013718482,0.0,0.0,0.0,0.00535151,0.0,0.0,0.0,0.0012313956,0.0,0.025734365,0.0,0.0,0.0,0.0,0.0,0.0,0.0,0.0,0.0,0.0,0.0,0.0,0.0,0.0,0.0046597947,0.0023950352,0.0,0.00717479,0.0,0.0,0.0,0.0,0.003282443,0.0,0.0,0.0,0.0036558132,0.0049224487,0.0,0.0010822329,0.0,0.0,0.0,0.0,0.0,0.0,0.0021648484,0.0,0.0,0.0,0.0,0.0,0.0,0.0,0.0,0.0,0.0,0.0,0.0,0.06793231,0.0,0.0109525295,0.0,0.0,0.0,0.0032261766,0.0027888322,0.0016167432,0.0,0.0,0.0,0.0,0.0,0.0027387138,0.0,0.009222756,0.0,0.0,0.015043167,0.0,0.0,0.008291385,0.0,0.0,0.0,0.007771995,0.0,0.0037194253,0.0,0.0,0.0,0.002132468,0.0,0.0,0.0,0.001086518,0.0,0.061063983,0.0,0.0,0.0,0.0,0.0,0.0,0.0,0.0,0.0,0.0,0.0,0.0,0.0,0.0,0.0,0.0,0.0,0.0,0.0,0.0,0.03378846,0.0,0.0,0.0,0.0,0.0,0.002242651,0.0,0.0,0.0,0.0,0.0,0.0,0.0,0.0,0.0,0.0,0.0010754885,0.0,0.0,0.0,0.0,0.0,0.0,0.0,0.0,0.0,0.0,0.0,0.0,0.0,0.0,0.0,0.0,0.0,0.0,0.0,0.0,0.0,0.0052278764,0.010177798,0.0,0.0,0.0
SAMEA4506968,0.0,5.4197684e-05,0.00038797525,0.00038800223,7.104724e-05,0.00018594455,0.0,7.307483e-05,5.241139e-05,0.00017066918,0.0,0.0,0.00021158034,0.0,7.769362e-05,0.0,0.000113590584,0.0,0.0,0.0,0.0,0.00017223951,0.0,0.0,0.0,0.0,0.0,0.0,0.0,9.463945e-05,4.8474416e-05,0.0,0.0,1.4655824e-05,0.0055646375,0.0,0.0015948368,0.006566247,0.0010532648,0.0,0.004421286,0.32838926,0.0,0.0,0.0,0.025659734,3.570815e-05,0.0,6.471121e-05,3.2239554e-05,0.0,0.0,0.0,0.0,0.0,0.0,0.0,0.0,0.0,0.0,0.0,0.0,0.0,0.0,0.0,0.0,0.0,0.0,0.0,0.0,0.0,0.0,3.586775e-05,0.0,0.0,0.0,0.0,0.0,0.0,0.0,0.0,2.2053982e-05,0.0,0.0,0.0,2.1648204e-05,0.0,0.0,0.0,6.141856e-05,0.0,0.0,0.0,0.0,0.0,1.7935912e-05,0.0,0.0,0.0,0.0,3.060468e-05,0.0,0.0,0.0,0.0,3.4952467e-05,0.0,0.0,0.0,0.0,0.0,0.0,9.1523216e-05,0.0,0.0,0.0,0.0,0.0,0.0,0.0,0.0,0.0,0.0,0.0,0.0,0.0,0.0,0.0,0.0,0.0,0.0,0.0,0.0,0.0,0.0002366962,0.0,0.0,6.838407e-05,0.00014370936,0.0,0.0,0.0,0.0,0.0,0.0,0.0,5.8244335e-05,0.0,0.0,0.0,0.0,0.0,0.0,0.0,0.0,0.0,0.0,0.0,0.0,1.4468604e-05,0.0,0.0,0.0,5.0181716e-05,0.0,0.0,0.0,6.274392e-05,0.0,0.0,0.0,0.0,0.0,0.0,8.2761064e-05,0.0,0.0,0.0,0.010939474,0.0,0.0,0.0,0.40081197,0.034436017,0.0,0.0,0.0,0.0,0.0,0.0,0.0,0.0,0.0,0.0,0.0,0.0,0.0,0.0,8.507891e-05,0.088348135,0.0,0.0,0.0,0.0,0.0,0.07072239,0.0,0.0,0.0,0.0001228775,0.0,7.9857324e-05,6.10366e-05,0.0,0.00014478159,0.0,0.0,0.00012362126,0.0,0.0,0.0,0.0,0.0,0.0,0.0,0.0,0.0,0.0,0.0,0.0,0.0,0.0,0.0,0.0,0.0,0.0,0.0,0.0,0.0,0.0,0.0,0.0,5.3694963e-05,0.0,0.0,0.0,0.0,7.200706e-05,0.00038509534,0.013987745,0.0,0.0,0.00010645116,0.0,0.0,0.0007165877,0.0,3.558162e-05,0.0,0.0,0.0,0.0,0.0,0.0,5.609246e-05,0.0,4.5463e-05,0.0,0.0,0.0,0.0,0.0,0.0,0.0,0.0,2.088173e-05,0.0,0.0,0.0,0.0,0.00014801197,0.0,0.0,0.0,0.0,0.0,0.0,0.0,5.8232188e-05,0.0,0.0,0.0005775575,0.0,0.0,6.0627288e-05,0.00041153943,0.0,0.0,0.00018861082,0.0,0.0,0.0006334255,0.0,0.0,0.0,3.5739446e-05,0.0,0.0,0.0,0.0,0.0,0.0
SAMEA4506969,0.0,0.0,0.0,0.0,0.0,0.0,0.0,0.0,0.0,0.0,0.0,0.0,0.0,0.0,0.0,0.0,0.0,0.0,0.0,0.0,0.0,0.0,0.0,0.0,0.0,0.0,0.0,0.0,0.0,0.0,0.0,0.0,0.0,0.0,0.0,0.0,0.0,0.0,0.0,0.0,0.0,0.0,0.0,0.0,0.0,0.0,0.0,0.0,0.0,0.0,0.0,0.0,0.0,0.0,0.0,0.0,0.0,0.0,0.0,0.0,0.0,0.0,0.0,0.0,0.0,0.0,0.0,0.0,0.0,0.0,0.0,0.0,0.0,0.0,0.0,0.0,0.0,0.0,0.0,0.0050565465,0.0,0.0,0.0,0.0,0.0,0.0,0.0,0.0,0.0,0.026587069,0.0,0.0,0.009786442,0.14211941,0.0,0.083887585,0.0,0.0,0.0,0.0,0.0,0.0,0.0,0.0,0.0,0.0,0.0,0.0,0.0,0.0,0.0,0.0,0.0,0.0,0.0,0.0,0.0,0.0,0.0,0.0,0.0,0.0,0.0,0.0,0.06818887,0.0045126416,0.0,0.0,0.0,0.0,0.0,0.0,0.0,0.0,0.0,0.0,0.14122757,0.023748009,0.0,0.0,0.0,0.0007504068,0.0,0.0,0.0,0.0,0.0,0.0,0.0,0.0,0.0,0.0,0.0,0.0,0.0,0.0,0.0,0.0,0.0,0.0019594424,0.0,0.0,0.0,0.0,0.0,0.0,0.0,0.0,0.0,0.0,0.0,0.0,0.0,0.0,0.0,0.0,0.0,0.018766882,0.023939162,0.0,0.0,0.0,0.42659637,0.0,0.0,0.0,0.0058107143,0.0,0.0,0.0,0.0,0.0,0.0,0.0,0.0,0.0,0.0,0.0,0.0,0.0,0.0,0.0,0.0,0.0,0.0,0.0,0.0,0.0,0.0,0.0,0.0,0.0,0.0,0.0,0.0,0.0,0.0,0.0,0.0,0.0,0.0,0.0,0.0,0.0,0.0,0.0,0.0,0.0,0.0,0.0,0.0,0.0,0.0,0.0,0.0,0.0,0.0,0.017062863,0.0,0.0,0.0,0.0,0.0,0.0,0.0,0.0,0.0,0.0,0.0,0.0,0.0,0.0,0.0,0.0,0.0,0.0,0.0,0.0,0.0,0.0,0.0,0.0,0.0,0.0,0.0,0.0,0.0,0.0,0.0,0.0,0.0,0.0,0.0,0.0,0.0,0.0,0.0,0.0,0.0,0.0,0.0,0.0,0.0,0.0,0.0,0.0,0.0,0.0,0.0,0.0,0.0,0.0,0.0,0.0,0.0,0.0,0.0,0.0,0.0,0.0,0.0,0.0,0.0,0.0,0.0,0.0,0.0,0.0,0.0,0.0,0.0,0.0
SAMEA4506970,0.0,0.0,0.0,0.0,0.0,0.0,0.0,0.0,0.0,0.0,0.0,0.0,0.0,0.0,0.0,0.0,0.0,0.0,0.0,0.0,0.0,0.0,0.0,0.0,0.0,0.0,0.0,0.0,0.0,0.0,0.0,0.0,0.0,0.0,0.0,0.0,0.0,0.0,0.0,0.0,0.27162308,0.0,0.0,0.0,3.4073615e-05,0.0,0.0,0.0,0.0,7.7285025e-05,0.0,0.0,0.0,0.0,0.0,0.0,0.0,0.0,0.0,0.0,0.0034782703,0.0,0.0,3.2773078e-05,0.0,0.0,0.00014282648,0.0,0.0,0.0,0.0,0.0,0.0,0.0,0.0,0.0,0.0,0.0,0.0,0.0,0.0,0.0,0.0,0.0,0.0,0.0,0.0,0.0,0.0,0.0,0.0,0.0,0.000104311075,0.0,9.860255e-05,0.0,0.0,0.0,0.00014820613,0.0,0.0,0.0,0.0,0.0,0.0,0.0,0.0,0.0,0.0,0.0,0.0,0.0,0.0,0.0,0.0,2.9058954e-05,0.0,0.0,0.0,0.0,0.0,0.0,0.0,0.0,0.0,0.0,3.4278288e-05,0.0,0.0,0.0,0.0,0.0,0.0,0.00040784493,0.025734827,0.0,0.0,0.0,0.0,0.003969761,0.0,7.084284e-05,0.0,0.0,0.0,0.0,0.6501824,0.0,0.0,0.0,0.0,0.0,0.0,0.0,0.0,0.0,0.0,0.0,0.0,0.0,0.0,0.0,0.0,0.006770956,0.00041511664,0.0,0.0,0.0,0.0,0.0,0.0003589458,0.0,0.0,0.0,0.0,0.0,0.0,0.0,0.0,0.0,0.0,0.0,0.0,0.0,0.0,0.0,0.0,0.0,0.0,0.0,0.0,0.0,0.0,0.0,0.0,0.0,3.267872e-05,0.0,0.0,0.0,0.0,0.0002071406,0.0,0.0,6.7545894e-05,0.0,0.0,0.0,0.0,0.0,0.0,0.00059170777,0.0,0.0,0.0036482923,0.0,0.0027937666,0.0,0.0,0.0,0.0,0.0,0.0,0.0,0.0,0.0,0.0,3.338525e-05,0.0,0.0,0.0,0.0,0.0,0.0,1.1700947e-05,0.0,0.0,0.0,0.0,0.0,0.0,0.0,0.0002860404,0.0031567316,0.0,0.0,0.0,0.0,3.7679794e-05,0.00015061912,0.0,0.0,0.00012414451,0.0015480532,0.0,0.0011210985,0.0,0.0,0.0,0.0,0.0066640624,0.0,0.0,0.0,0.00033099196,0.0,0.0006227681,3.335965e-05,0.0,0.0,0.0,0.0,0.0,0.0,0.0,0.0,0.0,0.0,0.0011948799,0.0,0.00016895999,0.0,0.0,0.0,0.0,0.0,0.0,3.1946653e-05,0.013429025,0.0,0.0,0.0,0.0,0.0,0.0,0.0,0.0,0.0,0.0,0.0,0.0,0.0,0.0,0.0,0.0,0.0,0.0,0.0,0.0,0.0,0.0,0.0
SAMEA4506972,0.0,0.0,0.0,0.0,0.0,0.0,0.0,0.0,0.0,0.0,0.0,0.0,0.0,0.0,0.0,0.0,0.0,0.0,0.0,0.0,0.0,0.0,0.0,0.0,0.0,0.0,0.0,0.0,0.0,0.0,0.0,0.0,0.0,0.0,0.0,0.0,0.0,0.0,0.0,0.0,0.0,0.0,0.0,0.0,0.0,0.0,0.0,0.0,0.0,0.0,0.0,0.0,0.0,0.0,0.0,0.0,0.0,0.0,0.0,0.0,0.0,0.0,0.0,0.0,0.0,0.0,0.0,0.0,0.0,0.0,0.0,0.0,0.0,0.0,0.0,0.0,0.0,0.0,0.0,0.0,0.0,0.0,0.0,0.0,0.0,0.0,0.0,0.0,0.0,0.0,0.0,0.0,0.0,0.0,0.0,0.0,0.0,0.0,0.0,0.0,0.0,0.0,0.0,0.0,0.0,0.0,0.0,0.0,0.0,0.0,0.0,0.0,0.0,0.0,0.0,0.0,0.0,0.0,0.0,0.0,0.0,0.0,0.0,0.0,0.0,0.0,0.0,0.0,0.0,0.0,0.0,0.0,0.0,0.0,0.0,0.0,0.0,1.0,0.0,0.0,0.0,0.0,0.0,0.0,0.0,0.0,0.0,0.0,0.0,0.0,0.0,0.0,0.0,0.0,0.0,0.0,0.0,0.0,0.0,0.0,0.0,0.0,0.0,0.0,0.0,0.0,0.0,0.0,0.0,0.0,0.0,0.0,0.0,0.0,0.0,0.0,0.0,0.0,0.0,0.0,0.0,0.0,0.0,0.0,0.0,0.0,0.0,0.0,0.0,0.0,0.0,0.0,0.0,0.0,0.0,0.0,0.0,0.0,0.0,0.0,0.0,0.0,0.0,0.0,0.0,0.0,0.0,0.0,0.0,0.0,0.0,0.0,0.0,0.0,0.0,0.0,0.0,0.0,0.0,0.0,0.0,0.0,0.0,0.0,0.0,0.0,0.0,0.0,0.0,0.0,0.0,0.0,0.0,0.0,0.0,0.0,0.0,0.0,0.0,0.0,0.0,0.0,0.0,0.0,0.0,0.0,0.0,0.0,0.0,0.0,0.0,0.0,0.0,0.0,0.0,0.0,0.0,0.0,0.0,0.0,0.0,0.0,0.0,0.0,0.0,0.0,0.0,0.0,0.0,0.0,0.0,0.0,0.0,0.0,0.0,0.0,0.0,0.0,0.0,0.0,0.0,0.0,0.0,0.0,0.0,0.0,0.0,0.0,0.0,0.0,0.0,0.0,0.0,0.0,0.0,0.0,0.0,0.0,0.0,0.0,0.0,0.0,0.0,0.0,0.0,0.0,0.0,0.0,0.0,0.0,0.0,0.0
SAMEA4506975,0.0,0.0,0.0,0.0,0.0,0.0,0.0,0.0,0.0,0.0,0.0,0.0,0.0,0.0,0.0,0.0,0.0,0.0,0.0,0.0,0.0,0.0,0.0,0.0,0.0,0.0,0.0,0.0,0.0,0.0,0.0,0.0,0.0,0.0,0.0,0.0,0.0,0.0,0.0,0.0,0.0,0.0,0.0,0.0,0.0,0.0,0.0,0.0,0.0,0.0,0.0,0.0,0.0,0.0,0.0,0.0,0.0,0.0,0.0,0.0,0.0055193175,0.0,0.0,0.0,0.0,0.0,0.0,0.0,0.0,0.0,0.0,0.0,0.0,0.0,0.0,0.0,0.0,0.0,0.0,0.03351385,0.0,0.0,0.0,0.0,0.0,0.0,0.0,0.0,0.0,0.0,0.0,0.011414826,0.0,0.0,0.0,0.008728049,0.0,0.0,0.0,0.0,0.0,0.0,0.0,0.0,0.0,0.0,0.0,0.0,0.0,0.0,0.0,0.0,0.0,0.0,0.0,0.0,0.0,0.0,0.0005711205,0.0,0.0,0.0,0.0,0.0,0.0,0.001120235,0.0,0.0,0.0,0.0,0.0,0.0,0.0,0.4283957,0.0,0.0,0.010837237,0.012092331,0.0,0.0,0.0,0.0,0.0,0.0,0.0,0.0,0.0,0.0,0.0,0.0,0.0,0.0,0.0,0.0,0.0,0.0,0.0,0.0,0.0,0.0,0.0,0.0,0.0,0.0,0.0,0.0,0.0,0.0,0.0,0.0,0.0,0.0,0.0,0.0032316686,0.11339503,0.0,0.0,0.010245883,0.0,0.0,0.0,0.0,0.15060124,0.0,0.0,0.0,0.0,0.0,0.0,0.0,0.0,0.0,0.0,0.0,0.0,0.0,0.0,0.0,0.0,0.046819024,0.0,0.0,0.0,0.0,0.0,0.0,0.0,0.0,0.0,0.0,0.0,0.0,0.0,0.0,0.0,0.0,0.0,0.0,0.0,0.0,0.0,0.0,0.0,0.0,0.0,0.0,0.0,0.0,0.0,0.0,0.0,0.0,0.0,0.0,0.0,0.0,0.0,0.0,0.0,0.0,0.0,0.12235701,0.0,0.0,0.0,0.0,0.0,0.018507244,0.0,0.0,0.0,0.0,0.0,0.0,0.0,0.0,0.0,0.0,0.0,0.0,0.0,0.0,0.0,0.0,0.0,0.0,0.0,0.0,0.0,0.0,0.0,0.0,0.0,0.0,0.0,0.0,0.0,0.0,0.0,0.0,0.0,0.0,0.0,0.0,0.0,0.0,0.0,0.0,0.0,0.0,0.0,0.0,0.0,0.0,0.0,0.0,0.0,0.0009158128,0.0,0.0,0.0,0.0,0.0,0.02173429,0.0,0.0,0.0,0.0,0.0,0.0,0.0,0.0
SAMEA4506976,0.0,0.0,0.0,0.0,0.0,0.0,0.0,0.0,0.0,0.0,0.0,0.0,0.0,0.0,0.0,0.0,0.0,0.0,0.0,0.0,0.0,0.0,0.0,0.0,0.0,0.0,0.0,0.0,0.0,0.0,0.0,0.0,0.0,0.0,0.0,0.0,0.0,0.0,0.0,0.0,0.0,0.0,0.0,0.0,0.0,0.0,0.0,0.0,0.0,0.0,0.0,0.0,0.0,0.0,0.0,0.0,0.0,0.0,0.0,0.0,0.0,0.0,0.0,0.0,0.0,0.0,0.0,0.0,0.0006993945,0.0,0.0,0.0,0.0,0.0,0.0,0.0,0.0,0.0,0.0,0.0,0.0,0.0,0.0,0.0,0.0,0.0,0.0045205927,0.0,0.0,0.039609224,0.017906355,0.0,0.0,0.0,0.0,0.025220843,0.0,0.0,0.0,0.0,0.0,0.0,0.0,0.0,0.0,0.0,0.0,0.0,0.0,0.00059846445,0.0,0.0,0.0,0.0,0.0,0.0,0.0,0.0,0.039361596,0.0,0.0,0.0,0.0,0.0,0.0,0.0,0.0,0.0,0.0,0.0,0.0,0.0,0.0,0.0,0.0,0.0,0.0,0.0,0.0,0.0,0.0,0.015340762,0.0,0.0,0.0,0.0,0.0,0.0,0.0,0.0,0.0,0.0,0.0,0.0,0.0,0.0,0.0,0.0,0.0,0.0028057438,0.0,0.0,0.0,0.009153754,0.0,0.0,0.0,0.0,0.0,0.0,0.0,0.0,0.0,0.0060795024,0.0,0.006344103,0.0,0.0048761223,0.0056909206,0.0,0.0,0.01282364,0.54287046,0.01787499,0.0,0.0,0.0,0.0,0.0,0.0,0.0,0.0,0.0,0.0,0.0,0.0,0.0,0.0,0.0,0.017185887,0.0,0.0,0.0,0.0,0.0,0.0,0.013262855,0.0058564194,0.0,0.0,0.0,0.0,0.0,0.020042485,0.0,0.0,0.031815987,0.0,0.0,0.0,0.004106928,0.0,0.0,0.0065444475,0.0,0.003630223,0.00084227865,0.0,0.0,0.0,0.0,0.0,0.0,0.0,0.0,0.0,0.0024417972,0.0,0.0,0.0,0.0,0.08100755,0.0,0.0,0.0,0.0,0.0,0.014006535,0.0,0.04133238,0.0,0.0,0.0,0.0,0.0,0.0,0.0,0.0,0.0,0.0,0.0,0.0,0.0,0.0,0.0,0.0,0.0,0.0,0.0,0.0,0.0,0.0,0.0,0.0,0.0,0.0,0.0014496208,0.0,0.0,0.0,0.0,0.0,0.0,0.0015316189,0.0,0.002783711,0.0,0.0,0.0,0.0,0.0,0.0,0.0,0.0,0.0,0.0,0.0,0.0,0.0,0.0,0.0,0.0,0.0,0.0,0.0,0.0,0.0,0.0,0.0,0.00038280027,0.0,0.0
SAMEA4506978,0.0,0.0,0.0,0.0,0.0,0.0,0.0,0.0,0.0,0.0,0.0,0.0,0.0,0.0,0.0,0.0,0.0,0.0,0.0,0.0,0.0,0.0,0.0,0.0,0.0,0.0,0.0,0.0,0.0,0.0,0.0,9.724073e-05,0.0068628136,0.0,0.0,0.0,0.0,0.0,0.0,0.0,0.010460742,0.0,0.00017067828,0.0,0.0,0.11247641,0.0,0.0,0.0,0.0,0.0,0.0,0.0,0.0,0.00028484804,0.0,0.0,0.00024103941,0.0,0.0,0.006250879,0.0,0.0,0.0,0.0,0.0,0.0,0.0,0.0,0.0,0.0,0.0,0.0,0.0,0.0,0.0,0.0,0.0,0.0,0.0,0.0,0.0,0.0,0.0,0.0,0.0,0.0,0.0,0.0,0.0,0.0,0.0,0.0,0.0,0.0,0.0,0.0,0.0,0.0,0.0,0.0,0.0,0.0,0.0,0.0,0.0,0.0,0.0,0.0,0.0,0.0,0.0,0.0,0.0,0.0,0.0,0.0,0.0,0.0,0.0,0.0,0.0,0.0,0.0,0.0,0.0,0.0,0.0,0.0,0.0,0.0,0.0,0.0,0.0,0.0,0.0,0.0,0.0,0.0,0.0,0.0,0.0,0.0,0.0,0.0,0.0,0.00019565027,0.0,0.0,0.0,0.0,0.0,0.0,0.0,0.0,0.0,0.0,0.0,0.0,0.0,0.0,0.0,0.0,0.0,0.0,0.0,0.0,0.0,0.0,0.0,0.0,0.0,0.0,0.0,0.0,0.0,0.0,0.0,0.0,0.0,0.0,0.0,0.0,0.0,0.0,0.0,0.0,0.0,0.0,0.0,0.001221639,0.0,0.0,0.0,0.0,0.0,0.0,0.0,0.0,0.0,0.0,0.0,0.0,0.0,0.0,0.0,0.0,0.0,0.0,0.0,0.0,0.0,0.0,0.0,0.0008397849,0.0,0.0,0.0,0.0,0.00014114784,0.0,0.0,0.0,0.0,0.0,0.0,0.0,0.0,0.0,0.0,0.0,0.0,0.0,0.0,0.0,0.0,0.0,0.0,0.0,0.0,0.0,0.0,0.0,0.0,0.0,0.0,0.0,0.0,0.000118798635,0.0,0.0,0.0,6.523478e-05,0.00034862678,0.0,0.0,0.0,0.0,0.0,0.0,0.00014727174,0.0,0.0,0.0,0.0,0.0,0.0,0.0,0.0,0.0,0.0,0.0,0.0,0.0,0.0,0.0,0.0,0.0,0.0,0.0,0.0,0.0,0.0,0.0,0.0,0.0,0.0,0.0,0.0,0.0,0.0,0.72117966,0.0,0.0,0.0,0.0,0.0,0.0,0.0,0.0,0.0,0.0,0.0,0.0,0.13889751,0.0,0.0,0.0,0.0,0.0,0.0,0.0
SAMEA4506979,0.0,0.0,0.0,0.0,0.0,0.0,0.0,0.0,0.0,0.0,0.0,0.0,0.0,0.0,0.0,0.0,0.0,0.0,0.0,0.0,0.0,0.0,0.0,0.0,0.0,0.0,0.0,0.0,0.0,0.0,0.0,0.0,0.0,0.0,0.0,0.0,0.0,0.0,0.0,0.0,0.0,0.0,0.0,0.0,0.0,0.0,0.0,0.0,0.0,0.0,0.0,0.0,0.0,0.0,0.0,0.0,0.0,0.0,0.0,0.0,0.0,0.0,0.0,0.0,0.0,0.0,0.0,0.0,0.0,0.0,0.0,0.0,0.0,0.0,0.0,0.0,0.0007121613,0.0,0.0,0.0,0.0,0.0,0.0,0.0,0.0,0.030253699,0.0,0.0,0.021081733,0.0061584488,0.0064421976,0.0,0.0,0.0,0.0,0.10397212,0.013764566,0.010509346,0.015255701,0.012102173,0.0,0.0,0.0,0.0,0.0,0.0,0.0,0.0,0.0,0.0,0.0,0.0,0.0,0.0,0.0,0.021308763,0.0,0.0,0.0,0.0,0.0026666138,0.0,0.0,0.0,0.0037490327,0.0011523329,0.0,0.0036175419,0.0,0.0,0.0,0.0,0.0,0.0,0.0,0.003472136,0.0,0.09603919,0.004543987,0.0,0.006276779,0.0,0.00364267,0.0,0.0,0.0,0.0,0.0,0.0,0.0014764458,0.0,0.0,0.0,0.0,0.0,0.0,0.0025792888,0.0,0.0,0.0,0.0,0.0,0.0,0.0,0.013158224,0.0,0.0,0.0,0.0072202217,0.0,0.0,0.0,0.0,0.0,0.0,0.0,0.0,0.0,0.0,0.0,0.0,0.0,0.0122558065,0.0,0.0,0.0,0.0033812572,0.0,0.0,0.0,0.0,0.0,0.0,0.0,0.0,0.0,0.0,0.0,0.0,0.0,0.0,0.0012184092,0.0,0.0,0.0,0.0,0.05242974,0.0,0.0,0.0043315827,0.002874546,0.007779826,0.0,0.06924766,0.0,0.0075023444,0.0,0.0,0.0,0.0,0.0,0.0,0.0,0.0,0.0,0.0,0.0,0.0,0.0,0.0,0.0040262113,0.017177872,0.0,0.0,0.0,0.039452925,0.0,0.01568682,0.0022476974,0.0,0.0,0.041323155,0.0,0.0,0.0,0.0,0.0,0.09016174,0.0,0.0,0.0,0.0,0.0,0.0,0.0034757312,0.0,0.0,0.0,0.0,0.0,0.0,0.0,0.0,0.0,0.0,0.0,0.0,0.0,0.0,0.0,0.0019815553,0.0,0.0,0.0,0.0,0.0,0.0,0.0,0.01923543,0.0044496134,0.0,0.0,0.0,0.0,0.0,0.0,0.0,0.0,0.0,0.0,0.0,0.0,0.0,0.0,0.0,0.0,0.0,0.0,0.0,0.0,0.0,0.0,0.0,0.028172793,0.061524853,0.116377406,0.0025295848,0.0,0.0,0.0,0.0,0.0
SAMEA4506980,0.0,0.0,0.0,0.0,0.0,0.0,0.0,0.0,0.0,0.0,0.0,0.0,0.0,0.0,0.0,0.0,0.0,0.0,0.0,0.0,0.0,0.0,0.0,0.0,0.0,0.0,0.0,0.0,0.0,0.0,0.0,0.0,0.0,0.0,0.0,0.0,0.0,0.0,0.0,0.0,0.0,0.0,0.0,0.0,0.0,0.0,0.0,0.0,0.0,0.0,0.0,0.0,0.0,0.0,0.0,0.0,0.0,0.0,0.0,0.0,0.0,0.0,0.0,0.0,0.0,0.0,0.0,0.0,0.0,0.0,0.0,0.0,0.0,0.0,0.0,0.004992259,0.0,0.0,0.0,0.0,0.0,0.0,0.0,0.0,0.0,0.0,0.1078299,0.0,0.0,0.028664408,0.0,0.0,0.0,0.20358329,0.0047991592,0.069582246,0.015312708,0.0,0.0,0.0,0.0,0.0,0.0,0.0,0.0,0.0,0.0,0.0,0.0,0.0,0.0,0.0,0.0,0.0,0.0,0.0,0.0,0.0,0.0007595663,0.0,0.0,0.0,0.0,0.0,0.00538036,0.0059594624,0.0015641104,0.0,0.0,0.0,0.0,0.0,0.0,0.0,0.0,0.0,0.0,0.0,0.0,0.0,0.0,0.03054753,0.0,0.0,0.0,0.0,0.0,0.0,0.0,0.0,0.0,0.0,0.0,0.0,0.0,0.0,0.0,0.0,0.0,0.016459422,0.0,0.0,0.0,0.0,0.0,0.0,0.0,0.0,0.0,0.0,0.0,0.0,0.0,0.022053106,0.0,0.018641299,0.0,0.009738473,0.0,0.0,0.017413674,0.0,0.24301872,0.01755479,0.0,0.0,0.0,0.0,0.0,0.0,0.0,0.0,0.0,0.0,0.0,0.0,0.0,0.0,0.0,0.06301132,0.0,0.0,0.0,0.0,0.0,0.0,0.0,0.0,0.0,0.0,0.0,0.0,0.0,0.0,0.0,0.0,0.0,0.0,0.018494477,0.0,0.0074336356,0.0,0.0,0.0,0.0,0.0,0.009705704,0.0,0.0,0.0,0.0,0.0095183505,0.0,0.0,0.0,0.00259552,0.0,0.0,0.0,0.0,0.0,0.004329151,0.0,0.0,0.0,0.0,0.043845803,0.0,0.0,0.0,0.0,0.0,0.0,0.0,0.0,0.0,0.0,0.0,0.0,0.0,0.0,0.0,0.0,0.0,0.0,0.012950589,0.0,0.0,0.0,0.0,0.0,0.0,0.0,0.0,0.0,0.0,0.0,0.0,0.0,0.0,0.0,0.0,0.0,0.0031197863,0.0,0.0,0.0,0.0,0.0,0.0,0.0,0.0,0.0,0.0,0.0,0.0,0.0,0.0,0.0,0.0,0.0,0.0,0.0,0.0,0.0,0.0,0.0,0.0,0.0011412196,0.0,0.0,0.0
SAMEA4506981,0.1323849,0.0,0.0,0.00019037459,0.0,0.0,0.0,0.025534742,0.0,0.0,0.0,0.028923834,0.0,0.122936234,7.069644e-05,0.0,0.0002605546,0.042330965,0.0,0.103060156,0.0,0.0,0.06700148,3.5547502e-05,0.0,0.0,0.0020423618,0.0,0.0,0.24116628,0.0,0.0,3.851109e-05,0.0,0.0,0.0,0.0,0.0030054168,0.0003183968,0.00020962897,0.014879638,0.0056436327,0.0,0.0,0.0,0.0,0.0,0.00017338363,0.0,0.0006543563,0.0012249389,0.00070417894,0.00025512866,0.0,0.0,0.0,0.0,0.0,0.0,0.0002643899,0.0,0.0,0.0,0.0,0.0,0.0,0.0,0.0,0.0,0.0,0.0,0.0,0.0,0.0,0.0,0.0,0.00060663896,0.0,0.0,0.0,0.0029134613,0.0,0.0,0.0,0.0,0.0,0.0,0.0,0.0,0.0031506373,0.0,0.0,0.0022381966,0.0009086434,0.0,0.0,0.0,0.0,0.0,0.0,0.0,0.0,0.0,0.0,0.0,0.0,0.0,0.0,0.0,0.0004762252,0.0,0.0,0.0,0.003557195,0.0,5.0555373e-05,0.0018337172,0.0,0.0,0.0,0.0,0.0,0.0,0.0,0.0,0.0,0.0,0.0,0.0,0.0,0.0,0.0,0.0001305095,0.0,0.0,0.0,0.0,0.0003878712,0.0,0.0,0.0,0.0004190465,0.0016280797,0.0,0.0,7.182102e-05,0.0,0.0,3.538865e-05,0.0,0.00070335355,0.0,0.0,0.0,0.0,0.0,0.0,0.0,0.0,0.0021240413,0.0,0.0,0.0,0.0,0.0,0.0,0.0,5.58244e-05,0.0,0.0,0.0,0.0,0.0038107734,0.0,0.0,0.0,0.0,0.0,0.008678741,0.00090822845,0.0,0.0,0.08983673,0.0015426264,0.0,0.0,0.0,0.00036431334,0.0,0.0,0.0,0.0003202185,0.0,0.0,0.0,0.0,0.0,0.0,0.0,0.008021382,0.0,0.0,0.0,0.0,0.0,0.0,0.0,0.0,0.0,0.0,0.013530011,0.00013321968,0.0,0.0,3.9318467e-05,0.0014040188,0.0,0.00038819315,0.0045720977,0.0,0.0,0.0,0.0,0.0,0.0,0.0,0.0,0.0,0.0,0.0,0.0,0.0,0.0,0.0,0.0,0.0007916869,0.0,0.0,8.212354e-05,0.0,0.0005602904,0.0,0.0023189995,0.0,0.0,0.0,0.0,0.0,0.0,0.0003406519,0.0,0.0,0.0,0.0,0.0,0.0,0.0,0.0073129074,0.0,0.0,0.0,0.0,0.0,0.0,0.02705027,0.0,0.0,0.0,0.0,0.0,0.0,0.0,0.0,0.0,0.0,0.0,0.0,0.0,0.0,0.0,0.0,0.0,0.008825379,0.0,0.0,0.0,0.0,0.0,0.0041966285,0.0,0.0,0.00022982419,0.0,0.0,0.0,0.0,0.0,0.0,0.0,0.0,0.0,0.0,0.0,0.0,0.0,0.0,0.0,0.0,6.215989e-05,0.0,0.0,7.823667e-05
SAMEA4506982,0.0,0.0,0.0,0.0,0.0,0.0,0.0,0.0,0.0,0.15906776,0.0,0.0,0.117634945,0.0,0.0,0.0,0.0,0.0,0.0,0.0,0.045072887,0.0,0.0,0.0,0.0,0.0,0.0,0.0,0.0,0.0,0.0,0.0,0.0,0.0,0.0,0.0,0.0,0.0,0.0,0.0,0.0017765157,0.00021547383,0.0,0.0,0.0,0.0,0.0,0.0,0.0,0.0,0.0,0.0,0.0,0.0,0.0,0.0,0.0,0.0,0.0,0.0,0.0,0.0,0.0,0.0,0.0,0.0,0.0,0.0,0.0,0.0,0.0,0.0,0.0,0.0,0.0,0.0,0.0,0.0,0.0,0.0,0.0,0.0,0.0,0.0,0.0,7.2487164e-05,0.0,0.0,0.0,0.0018508934,0.0,0.0,0.0,0.00011641326,0.0,0.00054051186,0.0,0.0,0.0,0.0,0.0,0.0,0.0,0.0,0.0,0.0,0.0,0.0,0.0,0.0,0.0,0.0,0.0,0.0,0.0,0.0,0.0,0.0,0.0,0.0,0.0,0.0,0.0,0.0,0.0,0.0,0.0,0.0,0.0,0.0,0.0,0.0,0.0,0.0,0.0,0.0,0.0,0.0,0.0,0.0,0.0,7.421474e-05,0.0,0.0,0.0,0.0,0.0,0.0,0.0,0.0,0.0,0.0,0.0,0.0,0.0,0.0,0.0,0.0,0.0,0.0,0.0,0.0,0.0,0.0,0.0005798331,0.0,0.0,0.0,0.0,0.0,0.0,0.0,0.0,0.0,0.00015115547,7.574842e-05,0.00021143086,0.0,0.0,0.0,0.0,0.0,0.0017568645,0.0001535367,0.0,0.0,0.0,0.0,0.0,0.0,0.0,0.0,0.0,0.0,0.0,0.0,0.0,0.0,0.0,0.0,0.0,0.0,0.0,0.0,0.0,0.0065652323,0.0,0.0,0.0,0.0,0.0,0.0,0.0,0.0,0.112595014,0.0,0.0,0.0,0.0,0.0,0.0,0.0,0.0,0.0,0.0,0.0,0.0,0.0,0.0,0.00020869519,0.0,0.0,0.0,0.0,0.0,7.448697e-05,0.0,0.0,0.0,0.0,0.0,0.0,0.0012285856,0.0,0.0,0.0,0.0,0.0007233285,0.0,0.0,0.0,0.0,0.0,0.012587758,0.0,0.031445198,0.00014643073,0.0,0.0,0.0,0.0033275122,0.00044632007,0.0,0.0,0.008365251,0.0,0.0,0.0,0.0,0.0015151798,0.0,0.0,0.0,0.0,0.0,0.0,0.0,0.0,0.0,0.0,0.0,0.0,0.0,0.0,0.0,0.0,0.0,0.0,0.0,6.522479e-05,0.0,0.0,0.0,0.4913551,0.0,0.0,0.0,0.0,0.0,0.0,0.0,0.0,0.0,0.0,0.0,0.0,0.0,0.0,0.0,0.0,0.0,0.0
SAMEA4506983,0.0,0.0,0.0,0.0,0.0,0.0,0.0,0.0,0.0,0.0,0.0,0.0,0.0,0.0,0.0,0.0,0.0,0.0,0.0,0.0,0.0,0.0,0.0,0.0,0.0,0.0,0.0,0.0,0.0,0.0,0.0,0.0,0.0,0.0,0.0,0.0,0.0,0.0,0.0,0.0,0.0,0.0,0.0,0.0,0.0,0.0,0.0,0.0,0.0,0.0,0.0,0.0,0.0,0.0,0.0,0.0,0.003836991,0.0,0.0013321191,0.0,0.0,0.0012214481,0.0,0.0,0.0,0.0,0.0025508178,0.0,0.0,0.0,0.0,0.0018547557,0.0,0.0,0.0,0.0,0.0,0.0,0.0,0.0,0.045634825,0.0,0.0,0.0,0.0,0.0,0.0,0.0055115633,0.0047107064,0.0012660658,0.0,0.0,0.0,0.0,0.0,0.009442234,0.0,0.0,0.20836952,0.0,0.024895363,0.0021585498,0.0,0.0010459353,0.0,0.05333922,0.0,0.0,0.0,0.0,0.0,0.0,0.2072396,0.0,0.0,0.0,0.014156383,0.0,0.0,0.003588014,0.0,0.0,0.0015721986,0.0,0.0056915693,0.0,0.0,0.00380775,0.03622339,0.0,0.0,0.0,0.014035532,0.0043579065,0.0,0.011385793,0.0021490655,0.03877624,0.02958243,0.0,0.0,0.0053420477,0.0,0.0,0.0,0.008874717,0.0,0.0,0.0,0.0010460131,0.0,0.0,0.0,0.0,0.0,0.0,0.0,0.00053652585,0.001916114,0.01569264,0.0,0.0016267812,0.0,0.0,0.01125799,0.0,0.009654988,0.0,0.0,0.0,0.0,0.0,0.0,0.0,0.0,0.002008795,0.0,0.0,0.0,0.0,0.0,0.0,0.0019160723,0.0,0.0,0.0,0.0,0.0,0.0,0.0,0.0,0.0,0.0,0.0,0.0,0.0,0.0,0.0,0.0,0.0,0.0,0.0,0.0,0.0,0.0,0.0,0.0,0.0,0.0,0.005845301,0.0,0.0045585893,0.0,0.0053057494,0.0,0.0,0.0,0.0,0.0,0.0,0.0,0.0,0.0009369785,0.0,0.0,0.0,0.0,0.005829959,0.00913245,0.0,0.0,0.0,0.0014637528,0.0024532897,0.0,0.0,0.0,0.0,0.0,0.0,0.0,0.0,0.0,0.0,0.002106599,0.0,0.0,0.09728098,0.0,0.0,0.0,0.0012504723,0.0,0.0,0.0,0.0,0.0,0.0,0.0,0.0,0.0,0.015640553,0.0,0.0,0.0,0.0,0.0,0.0,0.0,0.0,0.0,0.0033745642,0.0,0.0,0.0,0.0021191402,0.0,0.0,0.0067389556,0.0,0.0,0.0,0.0,0.0,0.00811647,0.0,0.0,0.0,0.0,0.0,0.0,0.0,0.0,0.0,0.0,0.0,0.0,0.0,0.0,0.0,0.0,0.0,0.0,0.013724368,0.014513097,0.0,0.0,0.0,0.0,0.0,0.0,0.0
SAMEA4506985,0.0,0.0,0.0,0.007482536,0.0,0.006211426,0.0,0.0,0.0061046593,0.0,0.0041663786,0.0,0.036988743,0.0,0.046625677,6.0002e-05,0.0,0.0,0.0,0.0,0.0034074031,9.0929476e-05,0.0,2.8748333e-05,0.0,0.0,0.0,0.00032164934,0.0,0.00011916981,0.0,0.0,0.0,0.0,0.0,5.970681e-05,0.0,0.0,4.7684644e-05,0.0,0.0004253259,0.0,0.0,0.0,0.0,0.0005493305,4.817532e-05,0.0,0.0,0.0,0.0,0.0,0.0,0.0,0.0,0.0,0.0,7.74477e-05,0.0,0.0,0.0,0.0055426536,0.0,0.0,0.0,0.0,0.00031148086,0.0,8.372112e-05,0.0,0.0,0.0,0.0,0.007054185,0.0,0.0,0.00041906026,0.0,0.0,0.0,0.0,0.00087278173,0.0,0.0,0.0,0.0,0.0,0.0,0.0006090621,0.00075266574,0.0,0.0,0.000107627384,0.0,0.0,0.0015244783,0.0,0.0,0.0,0.00092986156,0.00010322504,0.036034916,0.0,0.0002873686,0.0,0.00078278617,0.0002855999,0.0,0.0002159615,0.0,0.0,0.0,0.054391924,0.0,0.0,0.0,0.0003978733,0.0,0.0,0.0,0.0,0.0,0.0,0.0,0.0,0.0,0.0,0.0,0.0,0.0,0.00049311394,0.0006415597,0.008375905,0.0005208643,0.02283771,0.0,0.0,0.0,0.043456484,0.0,0.0,0.0009768165,0.0,0.0,0.00011336043,0.0,0.00078579807,0.0,0.00013355937,0.0,0.00014220578,0.0,0.0,0.0,0.0,0.0003341809,0.00019483216,0.0,0.0,0.0,0.0,6.2914456e-05,0.0,0.0,0.0,0.0,0.0,0.0,0.0,0.0,0.0,0.0,0.0,0.0,0.0019692115,0.00027468448,0.0,0.0,0.0,0.0,0.0,0.0,0.00017875618,0.0,0.005049949,0.0040950873,0.0,0.0,0.00019765056,0.0,0.0,0.0,0.0,0.00037324996,0.0011719982,0.0,0.0,0.0,0.0,4.7875514e-05,0.007514586,0.0037790665,0.0,0.0005323558,0.0029176169,0.000634862,0.0,0.0,0.0,0.011915368,0.007285375,0.024358753,0.0,0.0,0.097933374,0.00016640543,0.0,0.0,0.0,0.06566776,0.0,0.0,0.00065485237,0.0,0.00048510908,0.0,0.0,0.02984646,0.106797434,0.0,0.0,0.0,0.004906154,0.0,0.015774954,0.0,0.0,0.0,0.000294127,0.0,0.0018223453,0.0,0.00095382053,0.010929924,0.0,0.0,0.0,0.012755487,0.0,0.0,0.0001243702,0.0,0.044040143,0.0,0.0,0.0027883903,0.0010816621,0.0011809134,0.00049714843,0.0,0.0,0.00023977458,0.00034456662,0.0,0.054190286,0.0,0.0,0.0,0.00012051698,0.0,0.0016684448,0.0,0.0,0.00021931935,0.0,0.009249935,0.0,0.0025298886,0.001291857,0.021147154,0.00958507,0.0052545513,5.518569e-05,0.0,0.0021887093,0.0,0.0,0.0,0.031833895,0.0,0.0,0.0,0.0,0.0,4.0897372e-05,0.0,0.0,0.0,0.0,0.0,0.0,0.00029766274,0.0,0.0,0.0,0.08532576,0.00028661647,0.0,0.00017091994,0.0,0.00017127133,0.00019885594
SAMEA4506987,0.0,0.0,0.0,0.0,0.0,0.0,0.0,0.0,0.0,0.0,0.0,0.0,0.0,0.0,0.0,0.0,0.0,0.0,0.0,0.0,0.0,0.0,0.0,0.0,0.0,0.0,0.0,0.0,0.0,0.0,0.0,0.0,0.0,0.0,0.0,0.0,0.0,0.0,0.0,0.0,0.0,0.0,0.0,0.0,0.0,0.0,0.0,0.0,0.0,0.0,0.0,0.0,0.0,0.0,0.0,0.0,0.0,0.0,0.0,0.0,0.0,0.0,0.0,0.0,0.0,0.0,0.0,0.0,0.0,0.0,0.0,0.0,0.0,0.0,0.0,0.0,0.0,0.0,0.0,0.0,0.0,0.0,0.0,0.0,0.0,0.0,0.0,0.0057365615,0.0030406911,0.031347975,0.021797441,0.052716196,0.0,0.0,0.0,0.44066298,0.0,0.0,0.0,0.0,0.0,0.0,0.0,0.0,0.0,0.0,0.0,0.0,0.0,0.0,0.0,0.0,0.0,0.0,0.0,0.0,0.025657007,0.0,0.0037053234,0.0,0.0,0.0,0.0,0.0020266687,0.0,0.0,0.0,0.0,0.009287994,0.0,0.0,0.0,0.0,0.0,0.0,0.0,0.0,0.0,0.0,0.0,0.0,0.2958405,0.0,0.0,0.0,0.0,0.0,0.0,0.0,0.0,0.002096044,0.0,0.0,0.0,0.0,0.0,0.0,0.0,0.0,0.0,0.0,0.0,0.0,0.0,0.0,0.0,0.0,0.0,0.0,0.0,0.0,0.0,0.0,0.0,0.0,0.0,0.0,0.0,0.0,0.0,0.0,0.0,0.056191057,0.0,0.0,0.0,0.0,0.0,0.0,0.0,0.0,0.0,0.0,0.0,0.0,0.0,0.019924454,0.0,0.0,0.0,0.0,0.0,0.0,0.0,0.0,0.0,0.0,0.0,0.0,0.0,0.0,0.0,0.0,0.0,0.0,0.0,0.0,0.0,0.0,0.0,0.027894482,0.0,0.0,0.0,0.0,0.0,0.0,0.0,0.0,0.0,0.0,0.0,0.0,0.0,0.0,0.0,0.0,0.0,0.0,0.0,0.0,0.0,0.0,0.0,0.0,0.0,0.0,0.0,0.0,0.0,0.0,0.0,0.0,0.0,0.0,0.0,0.0,0.0,0.0,0.0,0.0,0.0,0.0,0.0,0.0,0.0,0.0,0.0,0.0,0.0,0.0,0.0,0.0,0.0,0.0,0.0,0.0,0.0,0.0,0.0,0.0,0.0,0.0,0.0,0.0,0.0,0.0,0.0,0.0,0.0,0.0,0.0,0.0,0.0,0.0,0.0,0.0,0.0,0.0,0.0,0.0,0.0,0.0,0.0,0.0,0.0,0.0,0.0,0.0020746985,0.0,0.0,0.0
SAMEA4506988,0.0,0.0,0.0,0.0,0.0,0.0,0.0,0.0,0.0,0.0,0.0,0.0,0.0,0.0,0.0,0.0,0.0,0.0,0.0,0.0,0.0,0.0,0.0,0.0,0.0,0.0,0.0,0.0,0.0,0.0,0.0,0.0,0.0,0.0,0.0,0.0,0.0,0.0,0.0,0.0,0.0,0.0,0.0,0.0,0.0,0.0,0.0,0.0,0.0,0.0,0.0,0.0,0.0,0.0,0.0,0.0,0.0006075072,0.0,0.0,0.0,0.0,0.0,0.0,0.0,0.0,0.0,0.0,0.0,0.0,0.0,0.0,0.0,0.0,0.0,0.0,0.0,0.0,0.0,0.0,0.0,0.0,0.0,0.0,0.0,0.0,0.008902453,0.0,0.0,0.0021717157,0.0070776036,0.0055445815,0.0069136745,0.0,0.0,0.0,0.013535875,0.0,0.0,0.0,0.00052890065,0.0,0.0,0.0,0.00093151105,0.0,0.0,0.0,0.0,0.0,0.0,0.0,0.0,0.0031906075,0.0,0.0,0.0004930178,0.0,0.0,0.0,0.0,0.0007691567,0.0003848138,0.0,0.0,0.0,0.0,0.124649756,0.0025042603,0.0,0.0,0.0,0.0,0.0,0.0,0.0,0.0009013509,0.0,0.0,0.0,0.0,0.0,0.008513659,0.0,0.0,0.0,0.0,0.0031585034,0.0,0.0,0.0,0.0,0.0,0.0,0.0,0.0,0.0,0.0,0.0,0.0,0.0037269015,0.0,0.0,0.0,0.0,0.0,0.0,0.0,0.0,0.0,0.0,0.0,0.0,0.0,0.0071270787,0.0,0.0,0.0,0.008376875,0.0034285167,0.0,0.0,0.00047609053,0.059779845,0.0,0.013064074,0.0,0.0,0.0,0.0,0.0,0.0,0.0,0.0,0.0052894223,0.0,0.0,0.0,0.011169371,0.0,0.0,0.0,0.0,0.0,0.0,0.0,0.0,0.0,0.0,0.0,0.0018740991,0.0,0.016633222,0.0,0.009055004,0.0,0.0,0.0,0.0,0.0,0.0,0.0,0.0,0.0,0.0,0.0,0.0,0.0,0.0,0.001027373,0.00103274,0.0,0.0,0.0,0.0,0.0,0.02694153,0.013365722,0.0,0.0,0.0023367505,0.0,0.025199013,0.0,0.0,0.0,0.0,0.0,0.46945885,0.0,0.0,0.0,0.012473125,0.0,0.0,0.008124015,0.0,0.0,0.0,0.0,0.0,0.00334611,0.0,0.005144213,0.0,0.0,0.08426784,0.0,0.0,0.0,0.0,0.0018099358,0.0,0.0,0.0,0.0,0.0,0.0,0.0,0.0062240064,0.0042170305,0.0,0.0,0.0,0.0,0.0,0.0,0.0025217438,0.0,0.0,0.0,0.0,0.0,0.0,0.0,0.0,0.0,0.0,0.0,0.0,0.0,0.0,0.0,0.0,0.0,0.0,0.0,0.0,0.0017305403,0.0,0.0,0.0,0.0
SAMEA4506989,0.0,0.0,0.0,0.0,0.0,0.0,0.0,0.0,0.0,0.0,0.0,0.0,0.0,0.0,0.0,0.0,0.0,0.0,0.0,0.0,0.0,0.0,0.0,0.0,0.0,0.0,0.0,0.0,0.0,0.0,0.0,0.0,0.0,0.0,0.0,0.0,0.0,0.0,0.0,0.0,0.0,0.0,0.0,0.0,0.0,0.0,0.0,0.0,0.0,0.0,0.0,0.0,0.0,0.0,0.0041827634,0.0,0.0,0.0,0.0,0.005425296,0.0,0.0,0.0,0.0,0.0,0.0,0.0,0.0,0.0,0.0,0.0,0.0,0.0,0.0,0.0,0.0,0.0,0.0,0.0,0.0,0.0,0.0,0.0,0.0,0.0,0.0,0.0,0.0,0.024531992,0.046051685,0.07623421,0.0,0.0,0.0,0.0,0.031280767,0.0,0.0,0.0,0.0,0.0,0.0,0.0,0.0,0.0,0.006095815,0.0,0.0,0.0,0.0,0.0,0.0,0.0,0.0,0.0,0.0,0.0,0.0,0.0,0.0,0.0,0.0,0.0,0.0,0.0,0.0,0.0,0.0,0.0,0.0,0.0,0.0,0.0,0.005965468,0.0,0.0,0.0,0.0029815966,0.0,0.0,0.0,0.03162676,0.0,0.0,0.0,0.0,0.0,0.0,0.0,0.0,0.0,0.0,0.0,0.0,0.0,0.0,0.0,0.0,0.0,0.0,0.0,0.0,0.0,0.0,0.0,0.0,0.0,0.0,0.0,0.0,0.0,0.0,0.0,0.0,0.0,0.0,0.0,0.04345269,0.016324757,0.0,0.04808916,0.0013919486,0.5129922,0.0,0.0,0.0,0.0,0.0,0.0,0.0,0.0,0.0,0.0,0.0,0.0,0.0,0.0,0.0,0.0,0.0,0.0,0.0,0.0,0.0,0.0,0.0,0.0,0.0,0.0,0.0,0.0,0.0,0.0,0.0,0.0,0.0,0.0,0.0,0.0,0.0,0.0,0.0,0.0,0.0,0.0,0.0,0.0,0.0,0.0,0.0,0.0,0.0,0.0,0.0,0.0,0.0,0.0,0.0,0.0,0.0,0.0,0.079837374,0.0,0.0,0.0,0.0,0.0,0.046522602,0.0,0.0,0.0,0.0,0.0,0.0,0.0,0.0,0.0,0.0,0.0,0.0,0.0,0.0,0.0,0.0,0.0,0.0,0.0,0.0,0.0,0.0,0.0,0.0,0.0,0.0,0.0,0.0,0.0,0.0,0.0,0.0,0.0,0.0,0.0,0.0,0.0,0.0,0.0,0.0,0.0,0.0,0.0,0.0,0.0,0.0,0.0,0.0,0.0,0.0,0.0,0.0,0.0,0.0,0.0,0.008133082,0.0,0.0,0.0,0.0,0.0,0.0,0.008879756,0.0
SAMEA4506990,0.0,0.0,0.0,0.0,0.0,0.0,0.0,0.0,0.0,0.0,0.0,0.0,0.00046727996,0.0,0.0,0.0,0.0,0.0,0.0,0.0,0.0,0.0,0.0,0.0,0.0,0.0,0.0,0.0,0.0,0.0,0.0,0.0,0.0,0.0,0.0,0.0,0.0,0.0,0.0,0.0,0.0,0.0,0.0,0.0,0.0,0.0,0.0,0.0,0.0,0.0,0.0,0.0,0.0,0.0,0.0,0.0,0.0,0.0,0.0,0.0,0.0,0.0,0.0,0.0,0.0,0.0,0.0045396606,0.0,0.0,0.0,0.0,0.0,0.0,0.0,0.0,0.0,0.0,0.0,0.0,0.0,0.0,0.0,0.0,0.0,0.0,0.0,0.0,0.0,0.0,0.04192256,0.05705972,0.0,0.0,0.0,0.0,0.0,0.0,0.0,0.0,0.0,0.0,0.0,0.0,0.0026176486,0.0,0.0,0.0,0.0,0.0,0.0,0.0,0.0,0.0,0.0,0.0,0.0,0.0,0.0,0.0,0.0,0.0,0.0,0.0,0.0,0.0,0.0,0.0,0.0,0.0,0.0,0.0,0.0,0.0,0.0,0.0,0.0,0.0,0.0,0.0,0.0,0.0,0.0,0.0,0.0,0.0,0.0,0.0,0.0,0.0,0.0,0.0,0.0,0.0,0.0,0.0,0.0,0.0,0.0,0.0,0.0,0.0,0.0,0.0,0.0,0.0,0.0,0.0,0.0,0.0,0.0,0.0,0.0,0.0,0.0,0.0,0.0,0.0,0.031892825,0.0,0.0,0.0,0.0,0.10256956,0.0,0.0,0.0,0.0,0.0,0.0,0.0,0.0,0.0,0.0,0.0,0.0,0.0,0.0,0.0,0.0,0.006759541,0.0,0.0,0.0,0.0,0.0,0.0,0.016624644,0.0,0.0,0.0,0.0,0.0066378014,0.02221965,0.1250044,0.0,0.0,0.0,0.0,0.0,0.0,0.0,0.0,0.0,0.0,0.0,0.0,0.01101179,0.0,0.0,0.0,0.0,0.0,0.0,0.0,0.0,0.014407245,0.034724496,0.0,0.0,0.0,0.0,0.3874466,0.0,0.0,0.0,0.0,0.0,0.0,0.0,0.0,0.0,0.0,0.0,0.0,0.091317505,0.0,0.0,0.0,0.0,0.0,0.0,0.0,0.0,0.0,0.0,0.0,0.0,0.0,0.0,0.0,0.0,0.0,0.0,0.0,0.0,0.0,0.0,0.0,0.0,0.0,0.0,0.0,0.0,0.03178243,0.0,0.0,0.0,0.0,0.0,0.0,0.0,0.0,0.0,0.0,0.0,0.0,0.0,0.0,0.0,0.0,0.0,0.0,0.0,0.0,0.010994687,0.0,0.0,0.0,0.0,0.0,0.0,0.0
SAMEA4506991,0.0,0.1575391,0.3479843,0.024931455,0.00021759405,0.013212081,0.0,0.00055950973,0.011414659,0.0,0.00043888832,0.0,0.054281753,0.11012148,0.0,0.0,0.0,0.00047214402,0.00831505,0.0,0.0,0.0,0.0,0.0,0.0,0.0,0.0,0.0,0.0,0.08231715,0.0,0.0,0.0,0.00022442956,0.0,0.0,0.0,0.0,0.0,0.0,0.00023549439,9.385033e-05,0.0,0.0,0.0,0.0,0.0,0.0,0.0004404198,0.0,0.0,0.0,0.0,0.0,0.0,0.0,0.0,0.0,0.0,0.0,0.0,0.0,0.0,0.0041870745,0.0,0.0,0.0,0.0,0.0,0.0,0.0,0.0,0.0,0.0,0.0,0.0,0.0,0.0,0.0,0.0,0.0,0.0,0.0,0.0,0.0,0.0,0.0,0.0,0.0,0.0,0.0,0.0,0.0,0.0,0.0,0.00018310576,0.0,0.0,0.0,0.00019913839,0.0011716492,0.0,0.0,0.0,0.009151921,0.00042819107,0.0,0.03503537,0.0,0.0,0.0,0.0,0.0,0.0,0.0,0.0,0.0,0.00021053519,0.0,0.0,0.0,0.0,0.0,0.0,0.0,0.0,0.0,0.0,0.0002502295,0.0,0.0,0.017756067,0.009584033,0.0018036725,0.00046769143,0.0,0.0,0.0012566259,0.0,0.0,0.0,0.0004525426,0.00021977733,0.0,0.0,0.0,0.00039640671,0.0,0.0,0.0,0.0,0.0,0.0,0.0,0.0,0.0,0.0,0.0,0.0,0.0,0.0,0.0,0.0,0.0,0.0,0.0,0.0,0.0,0.0,0.0,0.0,0.0,0.0,0.0,0.0,0.0,0.0,0.0,0.0,0.0,0.0,0.0,0.0,0.0,0.0,0.0,0.0,0.0,0.0,0.0,0.0,0.0,0.0,0.0,0.0,0.0,0.0,0.0,0.0,0.0,0.0,0.0,0.0,0.0,0.0,0.0,0.0,0.0,0.0,0.0,0.0,0.0,0.0,0.0,0.00020624085,0.0,0.0,0.0,0.0,0.00038130596,0.0,0.0,0.0,0.0,0.0,0.0,0.0,0.0,0.0,0.0,0.0,0.0,0.0,0.0,0.0,0.0,0.0,0.0,0.0,0.0,0.0,0.0,0.0037458013,0.0,0.0,0.0,0.0,0.08336173,0.0,0.0,0.0,0.0,0.00017622946,0.0,0.0,0.0,0.0,0.0,0.0,0.000860962,0.0,0.0,0.0,0.0,0.0,0.0,0.0,0.0,0.0,0.0,0.0,0.0,0.0,0.0,0.0,0.0,0.0,0.0,0.0,0.0,0.0,0.0,0.0,0.0,0.0,0.0,0.0,0.0,0.0,0.0001988621,0.0,0.0,0.0,0.0,0.011605076,0.0,0.0,0.0,0.0,0.0,0.0,0.0,0.0,0.0,0.0034723727,0.00043783212,0.0,0.0,0.0,0.0,0.0,0.0
SAMEA4506993,0.0,0.0,0.0,0.0,0.0,0.0,0.0,0.0,0.0,0.0,0.0,0.0,0.0,0.0,0.0,0.0,0.0,0.0,0.0,0.0,0.0,0.0,0.0,0.0,0.0,0.0,0.0,0.0,0.0,0.0,0.0,0.0,0.0,0.0,0.0,0.0,0.0,0.0,0.0,0.0,0.0,0.0,0.0,0.0,0.0,0.0,0.0,0.0,0.0,0.0,0.0,0.0,0.0,0.0,0.0,0.0,0.0,0.01820378,0.0,0.0,0.0,0.0,0.0,0.0,0.0,0.0,0.0,0.0,0.0,0.0,0.0,0.0,0.0,0.0,0.0,0.0,0.0,0.0,0.0,0.0,0.0,0.0,0.0,0.0,0.0,0.0,0.0,0.0,0.0,0.0,0.9512996,0.0,0.0,0.0,0.0,0.0,0.0,0.0,0.0,0.0,0.0,0.0,0.0,0.0,0.0,0.0,0.0,0.0,0.0,0.0,0.0,0.0,0.0,0.0,0.0,0.0,0.0,0.0,0.0,0.0,0.0,0.0,0.0,0.0,0.0,0.0,0.0,0.0,0.0,0.0,0.0,0.0,0.0,0.0,0.0,0.019943569,0.0,0.0,0.0,0.0,0.0,0.0,0.0,0.0,0.0,0.0,0.0,0.0,0.0,0.0,0.0,0.0,0.0,0.0,0.0,0.0,0.0,0.0,0.0,0.0,0.0,0.0,0.0,0.0,0.0,0.0,0.0,0.0,0.0,0.0,0.0,0.0,0.0,0.0,0.0,0.0,0.0,0.0,0.0,0.0,0.0,0.0,0.0,0.0,0.0,0.0,0.0,0.0,0.0,0.0,0.0,0.0,0.0,0.0,0.0,0.0,0.0,0.0,0.0,0.0,0.0,0.0,0.0,0.0,0.0,0.0,0.0,0.0,0.0,0.0,0.0,0.0,0.0,0.0,0.0,0.0,0.0,0.0,0.0,0.0,0.0,0.0,0.0,0.0,0.0,0.0,0.0,0.0,0.0,0.0,0.0,0.0,0.0,0.0,0.0,0.0,0.0,0.0,0.0,0.0,0.0,0.0,0.0,0.0,0.0,0.0,0.0,0.010553093,0.0,0.0,0.0,0.0,0.0,0.0,0.0,0.0,0.0,0.0,0.0,0.0,0.0,0.0,0.0,0.0,0.0,0.0,0.0,0.0,0.0,0.0,0.0,0.0,0.0,0.0,0.0,0.0,0.0,0.0,0.0,0.0,0.0,0.0,0.0,0.0,0.0,0.0,0.0,0.0,0.0,0.0,0.0,0.0,0.0,0.0,0.0,0.0,0.0,0.0,0.0,0.0,0.0,0.0,0.0,0.0,0.0,0.0,0.0,0.0,0.0,0.0,0.0,0.0
SAMEA4506995,0.0,0.0,0.0,0.0,0.0,0.0,0.0,0.0,0.0,0.0,0.0,0.0,0.0,0.0,0.0,0.0,0.0,0.0,0.0,0.0,0.0,0.0,0.0,0.0,0.0,0.0,0.0,0.0,0.0,0.0,0.0,0.0,0.0,0.0,0.0,0.0,0.0,0.0,0.0,0.0,0.0,0.0,0.0,0.0,0.0,0.0,0.0,0.0,0.0,0.0,0.0,0.0,0.0,0.0,0.0,0.0,0.0,0.005096721,0.0,0.0,0.0,0.0,0.0,0.0,0.0,0.0,0.0,0.0,0.0,0.0,0.0,0.0,0.0,0.0,0.0,0.0,0.00840785,0.0,0.0,0.0,0.0,0.0,0.0,0.0,0.0,0.0,0.0,0.0,0.0,0.02726523,0.018400948,0.0,0.0,0.0,0.0,0.0,0.0,0.0,0.0,0.0,0.0,0.0,0.0,0.0,0.0,0.0,0.0,0.0,0.0,0.0,0.0,0.0,0.0,0.0,0.0,0.0,0.0,0.0,0.0,0.0,0.0,0.0,0.0,0.0,0.0,0.0033255597,0.0,0.0,0.0,0.0,0.0,0.0,0.0,0.0,0.0,0.0,0.0,0.0,0.0,0.0,0.0,0.0,0.0,0.0,0.0,0.0,0.0,0.0,0.0,0.0,0.0,0.0,0.0,0.0,0.0,0.0,0.0,0.0,0.0,0.0,0.0,0.0,0.0,0.0,0.0,0.0,0.0,0.0,0.0,0.0,0.0,0.009509472,0.0,0.0,0.0,0.0,0.0,0.0,0.0,0.0,0.0,0.0,0.9018041,0.0,0.0,0.0,0.0,0.0,0.0,0.0,0.0,0.0,0.0,0.0,0.0,0.0,0.0,0.0,0.0,0.0,0.0,0.0,0.0,0.0,0.0,0.0,0.004237591,0.0,0.0,0.0,0.0,0.0,0.0,0.0,0.0,0.0,0.0,0.0,0.01119817,0.0,0.0,0.0,0.0,0.0,0.0,0.0,0.0,0.0,0.0,0.0,0.0,0.0,0.0,0.0,0.0,0.0,0.0,0.0,0.0,0.0,0.0,0.0,0.0,0.0,0.0,0.0,0.0,0.0,0.0,0.0,0.0,0.0,0.0,0.0,0.0,0.0,0.0,0.0,0.0,0.0,0.0,0.0,0.0,0.0,0.0,0.0,0.0,0.0,0.0,0.0,0.0,0.0,0.0,0.0,0.0,0.0,0.0,0.0,0.0,0.0,0.0,0.0,0.0,0.005381071,0.0,0.0,0.0,0.0,0.0,0.0,0.0,0.0,0.0,0.0,0.0,0.0053733126,0.0,0.0,0.0,0.0,0.0,0.0,0.0,0.0,0.0,0.0,0.0,0.0,0.0,0.0,0.0,0.0
SAMEA4506998,0.0,0.0,0.0,0.0,0.0,0.0,0.0,0.0,0.0,0.0,0.0,0.0,0.0,0.0,0.0,0.0,0.0,0.0,0.0,0.0,0.0,0.0,0.0,0.0,0.0,0.0,0.0,0.0,0.0,0.0,0.0,0.0,0.0,0.0,0.0,0.0,0.0,0.0,0.0,0.0,0.0,0.0,0.0,0.0,0.0,0.0,0.0,0.0,0.0,0.0,0.0,0.0,0.0,0.0,0.0,0.0,0.0,0.0,0.0,0.0,0.0,0.0,0.0,0.0,0.0,0.0,0.0,0.0,0.0,0.0,0.0,0.0,0.0,0.0,0.0,0.0,0.0,0.0,0.03162326,0.0,0.0,0.0,0.0,0.0,0.0,0.0,0.0,0.0,0.0,0.0063830065,0.0,0.020629322,0.0,0.0,0.0,0.027028197,0.0,0.0,0.0,0.0,0.0,0.0,0.0,0.0,0.0,0.0,0.0,0.0,0.0,0.0,0.0,0.0,0.0,0.0,0.0,0.0,0.0,0.0,0.0,0.0,0.0,0.0,0.0,0.0,0.0,0.0,0.0,0.0,0.0,0.0,0.0,0.0,0.0,0.0,0.0,0.0,0.004988497,0.017856102,0.0,0.0,0.0,0.0,0.0,0.0,0.0,0.0,0.0,0.0,0.0,0.0,0.0,0.0,0.0,0.0,0.0,0.0,0.0,0.0,0.0,0.0,0.0,0.0,0.0,0.0,0.0,0.0,0.0,0.0,0.0,0.0,0.0,0.0,0.0,0.0,0.06069608,0.00499596,0.0,0.0,0.0,0.0,0.0,0.0,0.7813706,0.0,0.0,0.0,0.0,0.0,0.0,0.0,0.0,0.0,0.0,0.0,0.0,0.0,0.0,0.0,0.0,0.009450302,0.0,0.0,0.0,0.0,0.0,0.0,0.005580301,0.0,0.0,0.0,0.0,0.0,0.0,0.002779927,0.0,0.0,0.0,0.0,0.0,0.0,0.0023768784,0.0,0.0,0.0,0.0,0.0,0.0,0.0,0.0,0.0,0.0,0.0039564962,0.0,0.0,0.0,0.0028898595,0.0,0.0,0.0,0.0,0.0,0.012669949,0.0,0.0,0.0,0.0,0.0,0.0,0.0,0.0,0.0,0.0,0.0,0.0,0.0,0.0,0.0,0.0,0.0,0.0,0.0,0.0,0.0,0.0,0.0,0.0,0.0,0.0,0.0012659462,0.0,0.0,0.0,0.0,0.0,0.0,0.0,0.0,0.0,0.0,0.0,0.0,0.0,0.0,0.0,0.0,0.0,0.0,0.0,0.0,0.0,0.0,0.0,0.0,0.0,0.0,0.003459321,0.0,0.0,0.0,0.0,0.0,0.0,0.0,0.0,0.0,0.0,0.0,0.0,0.0,0.0,0.0,0.0
SAMEA4507000,0.0,0.0,0.0,0.0,0.0,0.0,0.0,0.0,0.0,0.0,0.0,0.0,0.0,0.0,0.0,0.0,0.0,0.0,0.0,0.0,0.0,0.0,0.0,0.0,0.0,0.0,0.0,0.0,0.0,0.0,0.0,0.0,0.0,0.0,0.0,0.0,0.0,0.0,0.0,0.0,0.0,0.0,0.0,0.0,0.0,0.0,0.0,0.0,0.0,0.0,0.0,0.0,0.0,0.0028450158,0.0,0.0,0.0,0.0,0.0010214323,0.0,0.0,0.0,0.0,0.0,0.0,0.0,0.0,0.0,0.0,0.0,0.0,0.0,0.0,0.0,0.0,0.0,0.0028738875,0.0036302183,0.0,0.0,0.0,0.0,0.0,0.0,0.06783336,0.0,0.0,0.0,0.0036120403,0.023298826,0.0,0.007534687,0.0,0.0,0.0,0.01639914,0.0,0.0,0.0,0.0,0.0,0.0,0.0,0.0,0.0,0.0,0.0,0.0,0.0,0.0,0.0,0.0,0.0,0.0,0.0,0.0,0.0,0.0,0.0044578435,0.0,0.0,0.0,0.0,0.0,0.0023275407,0.0,0.0,0.0,0.0,0.0,0.0004266199,0.0,0.0,0.0,0.0,0.034633834,0.0,0.07775695,0.0,0.0,0.00317973,0.0022277227,0.0006281963,0.0,0.0010897146,0.0,0.0,0.0,0.0,0.0,0.0,0.0,0.0,0.0,0.0,0.0,0.0,0.0,0.0,0.0,0.0,0.0,0.0,0.0,0.0,0.0,0.0,0.0,0.0,0.0,0.0,0.0,0.0,0.0,0.05642318,0.0,0.0,0.0,0.0,0.0,0.0,0.0,0.13093849,0.0,0.0,0.0,0.0,0.0050020996,0.0,0.0,0.0,0.0,0.0,0.0,0.0,0.0,0.0,0.0,0.0,0.0,0.0,0.0,0.0,0.0,0.0,0.0,0.0033823717,0.00061814685,0.0,0.0,0.0,0.023443902,0.0,0.053360995,0.0,0.0,0.0,0.0,0.0,0.0,0.02355953,0.0,0.0,0.0,0.0,0.0,0.0,0.0,0.010810897,0.0,0.0,0.0,0.0,0.0,0.0,0.003822658,0.0050661345,0.0,0.0,0.0005781179,0.00063916645,0.044270635,0.0,0.0032717579,0.0,0.0019299051,0.0,0.115915865,0.0,0.0,0.0,0.0,0.0,0.0,0.0,0.2548856,0.0,0.0,0.0,0.0,0.0,0.0,0.0,0.0,0.0,0.0,0.0,0.0,0.0,0.0010479618,0.0,0.0,0.0,0.0,0.0,0.0,0.0030581583,0.0,0.0,0.0,0.0,0.0,0.0,0.0,0.0,0.0,0.0,0.0,0.0,0.0,0.0,0.0,0.0,0.0,0.0,0.0021977033,0.0,0.0,0.0,0.0,0.0,0.0,0.0,0.0,0.0,0.0,0.0,0.0,0.0,0.0,0.0,0.0
SAMEA4507001,0.0,0.0,0.0,0.0,0.0,0.0,0.0,0.0,0.0,0.0,0.0,0.0,0.0,0.0,0.0,0.0,0.0,0.0,0.0,0.0,0.0,0.0,0.0,0.0,0.0,0.0,0.0,0.0,0.0,0.0,0.0,0.0,0.0,0.0,0.0,0.0,0.0,0.0,0.0,0.0,0.0,0.0,0.0,0.0,0.0,0.0,0.0,0.0,0.0,0.0,0.0,0.0,0.0,0.0030296696,0.0,0.0,0.0,0.0,0.02779144,0.0,0.0,0.0,0.0,0.0,0.0,0.0,0.0,0.0,0.0,0.0,0.0,0.0,0.0,0.0,0.0,0.0,0.0,0.0,0.0,0.0,0.0,0.0,0.0,0.0,0.0012870107,0.0,0.0,0.0,0.0,0.0033399446,0.0,0.0,0.0,0.0,0.0,0.0,0.0,0.0,0.0,0.0,0.0,0.0,0.0,0.0,0.0,0.042195916,0.0,0.0,0.0,0.0,0.0,0.0,0.005688043,0.0,0.0,0.0,0.0,0.0,0.0,0.005316962,0.01619743,0.0,0.0022465833,0.0,0.0,0.0,0.0,0.0,0.0,0.004188411,0.0,0.0152322855,0.0,0.15799305,0.0,0.0,0.0,0.009668696,0.0,0.0,0.0,0.0,0.0039023187,0.0,0.0022846195,0.0070235846,0.0,0.0,0.0,0.0,0.0,0.0,0.0,0.0,0.0,0.0,0.0,0.0,0.0,0.0,0.0,0.0,0.0,0.0,0.0,0.009820821,0.0,0.0,0.0,0.0,0.020043282,0.0,0.0,0.007662759,0.0,0.0,0.0,0.0,0.0,0.0,0.0,0.0,0.5991809,0.0,0.0,0.0,0.0,0.0,0.0,0.0,0.0,0.0,0.0,0.0,0.0,0.0,0.0,0.0,0.0,0.0,0.0,0.0,0.0,0.0,0.0,0.0,0.0,0.0,0.0,0.0,0.0,0.006316575,0.0,0.0059947674,0.0,0.0,0.0,0.0,0.0,0.0,0.0,0.0,0.0,0.0,0.0,0.0,0.0,0.0022720047,0.0041209767,0.0,0.0,0.0,0.0034226517,0.012915417,0.0,0.0,0.0,0.0,0.0,0.0,0.0,0.0,0.0,0.0,0.0,0.0,0.0,0.013705118,0.0,0.0,0.0,0.0,0.0,0.0,0.0,0.0,0.0,0.0,0.0,0.0,0.0,0.0,0.0,0.0,0.0,0.0,0.0,0.0,0.0,0.0,0.0,0.0,0.0,0.0,0.0,0.0,0.0,0.0,0.004636469,0.0,0.0,0.0,0.0,0.0,0.0,0.0,0.0,0.0,0.0,0.0,0.0,0.0,0.0,0.0,0.0,0.0,0.0,0.0,0.0,0.0,0.0,0.0,0.0,0.0,0.0025222378,0.0,0.0,0.0,0.0,0.0,0.0,0.0
SAMEA4507002,0.0,0.0,0.0,0.0,0.0,0.0,0.0,0.0,0.0,0.0,0.0,0.0,0.0,0.0,0.0,0.0,0.0,0.0,0.0,0.0,0.0,0.0,0.0,0.0,0.0,0.0,0.0,0.0,0.0,0.0,0.0,0.0,0.0,0.0,0.0,0.0,0.0,0.0,0.0,0.0,0.0,0.0,0.0,0.0,0.0,0.0,0.0,0.0,0.0,0.0,0.0,0.0,0.0,0.0,0.0,0.0,0.0,0.0,0.0,0.0,0.0,0.0,0.0,0.0,0.0,0.0,0.0,0.0,0.0,0.0,0.0,0.00399377,0.0,0.0,0.0,0.0,0.0,0.001089788,0.0010903194,0.0,0.0,0.0,0.0,0.0,0.0,0.0,0.0,0.0,0.0,0.003453968,0.0,0.0,0.00067293865,0.0,0.0,0.0,0.0,0.0,0.0,0.0,0.0,0.0,0.0,0.0010432847,0.0,0.0,0.0,0.0,0.0,0.0,0.0,0.0,0.0,0.0,0.0,0.0,0.0,0.0,0.0,0.0,0.0,0.0,0.0,0.0,0.0,0.0,0.0,0.0,0.0,0.0,0.0,0.0,0.023898924,0.34377474,0.0,0.124007165,0.0050176564,0.0,0.0,0.0,0.005515189,0.008725044,0.0,0.0,0.0,0.0,0.0,0.0,0.0,0.0005299617,0.0,0.0,0.0,0.0,0.0,0.0,0.0,0.0,0.0,0.0,0.0,0.0,0.0,0.0,0.0,0.0,0.0,0.0,0.0,0.0,0.0,0.0,0.0,0.0,0.0,0.014248563,0.0,0.0,0.0,0.0,0.0,0.0,0.115343586,0.10321029,0.0,0.0,0.0,0.0,0.0,0.0,0.0,0.0,0.0,0.0,0.012489294,0.0,0.0,0.0,0.0,0.0,0.0,0.0,0.0,0.0033879853,0.0,0.0,0.0,0.0,0.0,0.0,0.0,0.002878259,0.0,0.02357605,0.0,0.0,0.0,0.0,0.0,0.0,0.0013229228,0.0,0.0,0.0,0.0,0.0,0.0,0.0,0.0,0.0,0.0,0.0,0.0,0.0,0.0,0.0,0.0068518664,0.0,0.0,0.0,0.0,0.0046501253,0.0,0.0,0.0,0.0,0.0,0.0,0.0,0.015635284,0.0,0.0,0.0,0.0,0.056195486,0.10696049,0.0,0.0,0.0,0.0,0.003068223,0.0040602987,0.0,0.0,0.0,0.0,0.0,0.0,0.0,0.0,0.0,0.0,0.0,0.0,0.0,0.0,0.0,0.0,0.0,0.0,0.0,0.0,0.002932906,0.0,0.0,0.0,0.0,0.0,0.0,0.0,0.0,0.0,0.0,0.0,0.0,0.0,0.0,0.00037571628,0.0,0.0,0.0,0.0,0.0,0.0,0.0,0.0,0.0,0.0,0.0,0.0,0.0,0.0
SAMEA4507005,0.0,0.0,0.0,0.0,0.0,0.0,0.0,0.0,0.0,0.0,0.0,0.0,0.0,0.0,0.0,0.0,0.0,0.0,0.0,0.0,0.0,0.0,0.0,0.0,0.0,0.0,0.0,0.0,0.0,0.0,0.0,0.00014359564,0.0,0.0,0.0,0.0,0.0,0.0,0.0,0.0,0.0,0.0,0.0,0.0,0.0,0.0,0.0,0.0,0.0,0.0,0.0,0.0,0.0,0.0,0.0,0.0,0.0,0.0,0.0,0.0,0.0,0.0,0.0,0.0,0.0,0.0,0.0012468264,0.0,0.0,0.0,0.0,0.0,0.0,0.0,0.0,0.0017426276,0.0,0.0,0.0,0.0,0.0,0.0,0.0,0.0,0.0,0.0,0.0034017975,0.0,0.0019504111,0.0017137281,0.0,0.0,0.016835982,0.0,0.0020658397,0.022220239,0.0107753575,0.0021835999,0.0,0.0,0.0,0.0,0.0,0.0007668716,0.0,0.0,0.0,0.0,0.0010557036,0.0,0.0,0.0,0.0,0.0,0.0052999337,0.025232181,0.0007480612,0.0,0.0014725396,0.0,0.0,0.0,0.0,0.0,0.0007418691,0.00045605373,0.0,0.0,0.0,0.0027351887,0.0,0.0,0.050642926,0.0,0.0,0.16217743,0.0066388566,0.24446358,0.0,0.0,0.0,0.0016491568,0.0,0.0,0.0,0.008969475,0.0,0.0,0.0,0.0,0.0,0.0,0.0,0.0,0.00083636836,0.0,0.0,0.0,0.0,0.0,0.0,0.0,0.0,0.0,0.0,0.0,0.0,0.0,0.0,0.0,0.0,0.0,0.0,0.0,0.0,0.0031139893,0.0,0.0044492316,0.0029031895,0.0,0.0,0.0,0.01490619,0.0,0.10345354,0.0,0.0,0.0,0.0,0.0,0.0,0.0,0.0,0.0011876036,0.0,0.0,0.0,0.0033031465,0.0,0.0,0.0,0.0119747445,0.0,0.0,0.0,0.0,0.0,0.0,0.0,0.00505716,0.0,0.0,0.0,0.017876523,0.0,0.0,0.0,0.0,0.0,0.0,0.0,0.0,0.0,0.0,0.0022032931,0.0,0.0,0.0,0.0,0.0,0.0,0.0,0.0,0.0040140143,0.0,0.0012414047,0.0,0.0,0.0,0.0,0.0,0.0,0.0,0.0,0.0,0.0,0.0,0.0066704554,0.0,0.0,0.0,0.0,0.0,0.0,0.020349022,0.021467835,0.0,0.0,0.0,0.0,0.004567008,0.011736141,0.0,0.004487482,0.0,0.0,0.0,0.0,0.15371862,0.0,0.0035290413,0.0,0.0,0.0,0.0007880708,0.0,0.0005582617,0.0,0.0,0.0,0.0,0.0,0.0,0.0,0.0,0.0,0.0,0.006172618,0.0,0.0,0.0,0.0,0.0,0.0,0.0,0.0,0.0,0.0,0.0,0.0,0.0,0.0,0.0,0.0,0.01127359,0.0,0.0,0.0,0.0008317425,0.0,0.0,0.0
SRR28984060,0.0,0.0,0.0,0.00045395625,0.0,0.0,0.0,0.017858293,0.0,0.0,0.0,0.0,0.0,0.0,0.0,0.0,0.0,0.0,0.0,0.0,0.0,0.0,0.0,0.0,0.0,0.0,0.0,0.0,0.0,0.000281763,0.0,0.0,0.0,0.0,0.0,0.00018224894,0.0,0.9753955,0.0,0.0,0.00018901273,0.003277161,0.0,0.0,0.0,0.000382414,0.0,0.0,0.0,0.0,0.0,0.0,0.0,0.0,0.0,0.0,0.0,0.0,0.0,0.0,0.0,0.0,0.0,0.0,0.0,0.0,0.0,0.0,0.0,0.0,0.0,0.0,0.0,0.0,0.0,0.0,0.0,0.0,0.0,0.0,0.0,0.0,0.0,0.0,0.0,0.0,0.0,0.0,0.0,0.0002370848,0.0,0.0,0.0,0.0,0.0,0.0,0.0,0.0,0.0,0.0,0.0,0.0,0.0,0.0,0.0,0.0,0.0,0.0,0.0,0.0,0.0,0.0,0.0,0.0,0.0,0.0,0.0,0.0,0.0,0.0,0.0,0.0,0.0,0.0,0.0,0.0,0.0,0.0,0.0,0.0,0.0,0.0,0.0,0.0,0.0,0.0,0.0,0.0,0.0,0.0,0.0,0.0,0.0,0.0,0.0,0.0,0.0,0.0,0.0,0.0,0.0,0.0,0.0,0.0,0.0,0.0,0.0,0.0,0.0,0.0,0.0,0.0,0.0,0.0,0.0,0.0,0.0,0.0,0.0,0.0,0.0,0.0,0.0,0.0,0.0,0.0,0.0,0.0,0.0,0.0,0.0,0.0,0.0,0.0,0.0,0.0,0.0,0.0,0.0,0.0,0.0,0.0,0.0,0.0,0.0,0.0,0.0,0.0,0.0,0.0,0.0,0.0,0.0,0.0,0.0,0.0,0.0,0.0,0.0,0.0,0.0,0.0,0.0,0.0,0.0,0.0,0.0,0.0015970861,0.0,0.0,0.0,0.0,0.0,0.0,0.0,0.0,0.0,0.0,0.0,0.0,0.0,0.0,0.0,0.0,0.0,0.0,0.0,0.0,0.0,0.0,0.0,0.0,0.0,0.0,0.0,0.0,0.0,0.0,0.0,0.0,0.0,0.0,0.0,0.0,0.0,0.0,0.0,0.0,0.0,0.0,0.0,0.0,0.0,0.0,0.0,0.0,0.0,0.0,0.0,0.0,0.0,0.0,0.0,0.0,0.0,0.0,0.0,0.0,0.0,0.0,0.0,0.0,0.0,0.0,0.0,0.0,0.0,9.811915e-06,0.0,0.0,0.0,0.000105565574,0.0,0.0,0.0,0.0,0.0,0.0,0.0,0.0,0.0,0.0,0.0,0.0,3.012375e-05,0.0,0.0,0.0,0.0,0.0,0.0,0.0
SRR28984075,0.0,0.0,0.0,0.0,0.0,0.01189128,0.0024530357,0.028000614,0.0,0.0008477622,0.0,0.0,0.92565143,0.0,0.0,0.0,0.0,0.0,0.0,0.0,0.0,0.0,0.0,0.0,0.0,0.0,0.0,0.0,0.0,0.0030029996,0.0,0.0,0.0,3.610678e-05,0.0,0.0,0.0,0.0,0.0,0.0,0.0,0.0,0.0,0.0,0.0,0.0,0.0,0.0,0.0,0.0,0.0,0.0,0.0,0.0,0.0,0.0,0.0,0.0,0.0,0.0,0.0,0.0,0.0,0.0,0.0,0.0,0.0,0.0,0.0,0.0,0.0,0.0,0.0,0.0,0.0,0.0,0.0,0.0,0.0,0.0,0.0,0.0,0.0,0.0,0.0,3.6031077e-05,0.0,0.0,0.0,0.0022954526,0.0,0.0,0.0,0.0,0.0,6.656255e-05,0.0,0.0,0.0,0.0,0.0,0.0,0.0,0.0,0.0,0.0,0.0,0.0,0.0,0.0,0.0,0.0,0.0,0.0,0.0,0.0,0.0,0.0,0.0,0.0,0.0,0.0,0.0,0.0,0.0,0.0,0.0,0.0,0.0,0.0,0.0,0.0026239534,0.010057346,0.0,0.0,0.0,0.0,0.0,0.0,0.0,0.0,0.0,0.0,0.0,0.0,0.0,2.753684e-05,0.0,0.0,0.0,0.0,0.0,0.0,0.0,0.0,0.0,0.0,0.0,0.0,0.0,0.0,0.0,0.0,0.0,0.0,0.0,0.0,0.0,0.0,0.0,0.0,0.0,0.0,0.0,0.00010059837,0.0,3.4997815e-05,0.0,0.0,0.0,0.0,0.0,7.16955e-05,0.0,0.0,0.0,0.0,0.0,0.0,0.0,0.0,0.0,3.626735e-05,7.061982e-05,0.0,0.0,0.0,0.0,0.0,0.0,0.0,0.0,0.0,0.0,0.0,0.0,0.0,0.0,0.0,0.0,0.0,3.335384e-05,0.0,0.0,0.002449616,0.0,0.0,0.0,0.0,0.0,0.0,0.0,0.0,0.0,0.0,0.0,0.0,3.6060334e-05,6.593866e-05,0.0,0.0,0.0,0.0,0.0,0.0,0.0,0.0,0.0,0.0,0.0,0.0,0.0,0.0015029672,0.00076261576,0.0,0.0,0.0,0.00067191164,0.0,2.6615637e-05,0.0,0.0,0.0029957239,0.00010564563,0.0,0.0034551304,0.0,0.0,0.0,0.0,0.000107137945,0.0,0.0,0.0,0.0,0.0,0.0,0.0,0.0,0.0,0.0,0.0,0.0,0.0,0.0,0.0,0.0,0.0,3.559912e-05,0.0,0.0,3.6356818e-05,0.0,0.0,0.0,0.0,0.0,0.0,0.0,0.0,0.0,0.0,0.0,0.0,0.0,0.0,0.0,0.0,0.0,0.0,0.0,0.0,0.0,0.0,0.00041131233,0.0,0.0,0.0,0.0,0.0,0.0,0.0
SRR28984090,0.0,0.0,0.0,0.0,0.0,0.0,0.0,0.0,0.0,0.0,0.0,0.0,0.0,0.0,0.0,0.0,0.0,0.0,0.0,0.0,0.0,0.0,0.0,0.0,0.0,0.0,0.0,0.0,0.0,0.0,0.0,0.0,0.0,0.0,0.0,0.0,0.0,0.0,0.0,0.0,0.0,0.0,0.0,0.0,0.0,0.0,0.0,0.0,0.0,0.0,0.0,0.0,0.0,0.0,0.0,0.0,0.0,0.0,0.0,0.0,0.0,0.0,0.0,0.0,0.0,0.0,0.0,0.0,0.0,0.0,0.0,0.0039144913,0.0,0.0,0.0,0.0,0.0,0.0,0.0012596368,0.0,0.0,0.0,0.0,0.0,0.0,0.014504665,0.0,0.0013187199,0.00062638975,0.0,0.0,0.0020300997,0.0030188523,0.0,0.0,0.0,0.0,0.0012209987,0.0,0.0,0.0,0.0,0.0,0.0008154591,0.0,0.0,0.0,0.0,0.0,0.0,0.0,0.0,0.0,0.0,0.0,0.0,0.0,0.0,0.0,0.0,0.0,0.0,0.0,0.0055233818,0.0,0.00021508207,0.0,0.0,0.0,0.0,0.0,0.0,0.0,0.0,0.0,0.0,0.0,0.0,0.0,0.0,0.0,0.0,0.0,0.0,0.0,0.0,0.0,0.0,0.0,0.0,0.00035399757,0.0,0.0,0.0,0.0,0.0,0.0,0.0,0.0,0.0,0.0,0.0,0.0,0.0,0.0011207843,0.0,0.0,0.0,0.0,0.0,0.0,0.0,0.0,0.0008896028,0.49995828,0.0010737448,0.0,0.0,0.0,0.0,0.0,0.0,0.16582215,0.0,0.118343584,0.0032171872,0.0,0.0,0.007175385,0.0,0.011314868,0.0,0.0,0.0,0.0,0.0,0.0,0.0,0.0,0.0,0.009548394,0.0019168487,0.0,0.0,0.0,0.0,0.010700291,0.0075212154,0.0,0.0,0.0,0.0056014135,0.0,0.014589976,0.0,0.0,0.0,0.0,0.0,0.0,0.0,0.0,0.0,0.0,0.0,0.0,0.0,0.0,0.0,0.0046076905,0.0,0.0,0.0,0.0,0.0,0.0,0.0,0.0,0.0,0.0,0.0014208726,0.003325221,0.0,0.0,0.0,0.0,0.0,0.002054514,0.0,0.018207885,0.0,0.06463477,0.0,0.0,0.0,0.0,0.0,0.0,0.0,0.0,0.0,0.0,0.0,0.0,0.0,0.0,0.0,0.0,0.0,0.0,0.0,0.0,0.0,0.0,0.0,0.0,0.0,0.0,0.0061543216,0.0,0.0052924147,0.0,0.0,0.0,0.000706729,0.0,0.0,0.0,0.0,0.0,0.0,0.0,0.0,0.0,0.0,0.0,0.0,0.0,0.0,0.0,0.0,0.0,0.0,0.0,0.0,0.0,0.0,0.0,0.0,0.0,0.0,0.0
SRR28984093,0.0,0.0,0.0,0.0,0.0,0.0,0.0,0.0,0.0,0.0,0.0,0.0,0.0,0.0,0.0,0.0,0.0,0.0,0.0,0.0,0.0,0.0,0.0,0.0,0.0,0.0,0.0,0.0,0.0,0.0,0.0,0.0,0.0,0.0,0.0,0.0,0.0,0.0,0.0,0.0,0.0,0.0,0.0,0.0,0.0,0.0,0.0,0.0,0.0,0.0,0.0,0.0,0.0,0.0,0.0,0.0,0.0,0.0,0.0,0.0,0.008402587,0.0,0.0,0.0,0.0,0.0,0.0,0.0,0.0,0.0,0.0,0.0,0.0,0.0,0.0,0.0,0.0,0.0,0.0,0.0,0.0,0.0,0.0,0.0,0.0,0.0,0.05224083,0.0,0.0,0.05977906,0.0,0.024094429,0.0,0.0,0.0,0.008779799,0.0,0.0,0.0,0.0,0.0,0.0,0.0,0.0,0.0,0.0,0.0,0.0,0.0,0.0,0.0,0.0,0.0,0.0,0.032647595,0.007256995,0.0,0.0,0.0,0.0,0.0,0.0,0.0,0.0,0.0,0.0,0.0,0.0,0.0,0.0,0.0,0.0,0.0,0.0,0.0,0.0,0.0,0.0,0.0,0.0,0.0,0.0,0.0,0.0,0.0,0.0,0.0,0.0,0.0,0.0,0.0,0.0,0.0,0.0,0.0,0.0,0.0,0.0,0.0,0.035504013,0.0,0.0,0.0,0.0,0.0,0.0,0.0,0.0,0.0,0.0,0.0,0.0,0.0,0.0,0.0,0.0,0.0,0.008263867,0.0,0.0,0.0,0.0,0.026006337,0.0,0.0,0.0,0.0,0.0,0.0,0.0,0.0,0.0,0.0,0.0,0.0,0.0,0.0,0.0,0.0,0.024310112,0.0,0.0,0.0,0.0,0.0,0.0,0.18458416,0.0,0.0,0.0,0.0,0.0,0.0,0.18089296,0.0,0.0,0.0,0.0,0.0,0.0,0.0,0.0,0.0,0.0,0.0,0.0,0.0117296865,0.0,0.0,0.01577504,0.0,0.0,0.0,0.0,0.0,0.0,0.027153958,0.0,0.0,0.0,0.0,0.026563449,0.0,0.0,0.0,0.0,0.0,0.0,0.0,0.042128183,0.0,0.0,0.0,0.0,0.0,0.00632975,0.0,0.0,0.0,0.0,0.0,0.0,0.0,0.0,0.0,0.0,0.0,0.0,0.04178165,0.0,0.0,0.0,0.0,0.0,0.0,0.0,0.0,0.0,0.028173784,0.0,0.10000573,0.0,0.0,0.0,0.0,0.0,0.0,0.0,0.0,0.0,0.0,0.0,0.0,0.0,0.0,0.0,0.0,0.0,0.0,0.0,0.0,0.0,0.0,0.0,0.0,0.0,0.0,0.0,0.047596067,0.0,0.0,0.0
SRR28984101,0.0,0.0,0.0,0.0,0.0,0.0,0.0,0.0,0.0,0.0,0.0,0.0,0.0,0.0,0.0,0.0,0.0,0.0,0.0,0.0,0.0,0.0,0.0,0.0,0.0,0.0,0.0,0.0,0.0,0.0,0.0,0.0,0.0,0.0,0.0,0.0,0.0,0.0,0.0,0.0,0.0,0.0,0.0,0.0,0.0,0.0,0.0,0.0,0.0,0.0,0.0,0.0,0.0,0.0,0.0,0.0,0.0,0.0,0.0,0.0,0.0,0.0,0.0,0.0,0.0,0.0,0.0,0.0,0.0,0.0,0.0,0.0,0.0,0.0,0.0,0.0,0.0009955203,0.015312154,0.00044635485,0.0,0.0,0.0,0.0,0.0,0.0,0.0,0.0,0.0,0.017503327,0.08579307,0.0,0.0,0.0,0.0,0.0,0.0,0.0,0.0,0.0,0.0,0.0,0.0,0.0,0.0,0.0,0.0,0.0,0.0,0.0,0.0,0.0,0.0,0.0,0.0,0.0,0.0,0.0,0.0,0.0,0.0,0.0,0.0,0.0,0.0,0.004721716,0.0,0.0,0.0,0.0,0.0,0.0,0.0,0.0,0.0,0.0,0.0,0.0,0.37207404,0.0,0.0,0.0,0.037468355,0.0,0.0,0.0,0.0,0.0,0.0,0.0,0.0,0.0,0.0,0.0,0.0,0.0,0.0,0.0,0.0,0.0,0.0,0.0,0.0,0.0,0.0,0.0,0.0,0.0,0.0,0.0,0.0,0.0,0.0,0.0,0.0010316701,0.0,0.0,0.0,0.005622415,0.0,0.0,0.0,0.0,0.2253751,0.0,0.0,0.0,0.0,0.0,0.0,0.0,0.0,0.0,0.0,0.0,0.0,0.0,0.0,0.0,0.0,0.01657265,0.0,0.0,0.0,0.0,0.0,0.0,0.0,0.0,0.0,0.0018097993,0.0,0.021833593,0.0,0.019519342,0.0,0.0,0.0,0.0,0.0,0.0,0.0021905988,0.0,0.0,0.0,0.0,0.0,0.010005851,0.0,0.0,0.0,0.0,0.0022857932,0.0,0.0,0.0,0.015371778,0.009040712,0.0,0.0,0.0,0.0,0.04834046,0.0,0.0,0.0,0.0,0.0,0.0,0.0,0.0021429027,0.0,0.0,0.0,0.0,0.0,0.0,0.0,0.0,0.0,0.0,0.0016251864,0.0,0.025454745,0.03462142,0.0,0.0,0.0,0.0,0.0,0.0,0.0,0.0,0.0,0.0,0.0,0.0,0.00065616437,0.0,0.0,0.0,0.0,0.0,0.004627499,0.0,0.0,0.0,0.0,0.0,0.0,0.0,0.0,0.0,0.0,0.0,0.0,0.0,0.0,0.0,0.0,0.0,0.0,0.0,0.0,0.0,0.0,0.0,0.0,0.0,0.017557755,0.0,0.0,0.0
SRR28984182,0.00019610849,0.0,0.0,0.0009245357,0.0,0.00010446495,0.0,0.0,0.0,0.00018530326,0.0,0.0,0.0,0.00069311686,0.00015338378,0.0,0.0,0.0,0.0,0.0,0.11051189,0.0,0.0,0.0,0.0,0.0,0.0,0.0,0.0,0.00043654122,0.0,0.0,0.0,0.0,0.009471639,0.0,0.0,0.0,0.0317007,0.0,0.09776514,0.043179613,0.009160467,0.0,0.0,0.0,0.00026624868,0.0,0.0,0.0,0.0005783243,0.0,0.0,0.0,0.0,0.0,0.0,0.01461885,0.00058404193,0.009748973,0.0,0.0,0.0,0.0,5.6372202e-05,0.00018917708,0.0,0.0,0.0,0.0,0.00044165054,0.0,0.0,0.0,0.0,0.0,0.0,0.0,0.0038907821,0.019043628,0.0,3.6802583e-05,0.0,0.0,0.0,0.0,0.0,0.0,0.0,0.056818392,0.0,0.0,0.0,0.0027259234,0.0,5.2377094e-05,0.0,0.0,0.0,0.0,0.0,0.0,0.0,0.0,0.000100111574,0.0,0.0,0.0,0.0,0.0,0.0,0.00027999966,0.00018433933,0.0,0.0,0.0,0.0,0.0,0.0,0.0,0.0,0.0,0.0,0.0,0.0,0.0,0.0,0.0,0.0,0.0,0.0,0.0,0.0,0.0,0.00042804275,0.0,0.0,0.0014123064,0.0,0.0,0.0,0.0,0.0,0.0,0.0,0.0,0.0003033567,0.0,0.0,0.0,0.0,0.0,0.0,0.0,0.0,0.01210982,0.0,0.0,0.0,0.018792797,0.0,0.0,0.0,0.0,0.0,0.0,0.0,0.0,0.0,0.0,0.0,0.0002632304,0.020493206,0.0,0.0,0.0,0.0,0.0,0.0,0.0,0.0,0.0,0.00018805377,0.0,0.0,0.0,0.0,0.0,0.0,0.0,0.0,0.0,0.0,0.0,0.014083938,0.0,0.0,0.00019567898,0.0,0.20296293,0.0,0.0,0.0,0.0,0.0,0.0,0.0,0.0,0.0,0.0,0.0,0.0,0.0,0.0,0.0038362364,0.0,0.0,0.0,0.0,0.0,0.0,0.0,0.0,0.0,0.0,0.00055216154,0.0,0.0,0.0,0.0,0.0,0.0,0.0,0.0,0.00013168978,0.0,0.0,0.0056131515,0.0,0.0,0.0,0.0,0.08208722,0.0,0.0,0.00028187508,0.0,0.0,0.11436009,0.0051939767,0.0,0.0,0.00069222046,0.0,0.0,0.09821634,0.0,0.0,0.0,0.0,0.0,0.0,0.0,0.0,0.0001382763,0.0,0.0,0.0,0.0,0.0,0.0,0.0,0.0,0.0,0.0,0.0,0.00015733126,0.0,0.0,0.00015206682,0.0,0.0,0.0,0.0,0.0,0.0,0.0,0.00011500494,0.0001591165,0.0,0.0,0.0014435499,0.0,0.0,0.0,0.0,0.0,9.519214e-05,0.0,0.0,0.0,0.00050896243,0.0,0.0,0.00023538593,0.0,0.0,0.0,0.0,0.0006979115,0.0,0.0
SRR28984190,0.0,0.0,0.0,0.36388588,0.13454516,0.0,0.0,0.0,0.0,0.0,0.0,0.0,0.0,0.0,0.0,0.0,0.0,0.0,0.0,0.0,0.0,0.0,0.0,0.0,0.0,0.0,0.0,0.0,0.0,5.0156956e-05,0.0,0.0,0.00033002085,0.0,0.0,0.0,0.0,0.0,0.0,0.0,0.0014816866,0.016014146,0.0,0.0,0.0,0.0,0.0,0.0,0.0,0.0,0.0004436965,0.0,0.0,0.0,0.0,0.0,0.0,0.0,0.0,0.0,0.0,0.0,0.0,0.0,0.0,0.0,0.0,0.0,0.0,0.0,0.0,0.0,0.0,0.0,0.0,0.0,0.0,0.0,0.0,0.0,0.0,0.0,0.0,0.0,0.0,0.0,4.844531e-05,0.0,0.0,0.00034269437,0.0,0.0,0.0,0.0,0.0,0.00041523733,0.0,0.0,0.0,0.0,0.0,0.0,0.0,0.0,0.007451668,0.0,0.0,0.0,0.0,0.0,0.0,0.0,0.0,0.0,0.0039549503,0.0,0.0,0.0,0.0,0.0,0.0,0.0,0.0,0.0,0.0,0.0,0.004961958,0.0,0.0,0.0,0.0,0.0,0.0,0.0,0.0,0.0,0.0,0.0,0.0,0.0,0.0,0.0,0.00038223027,0.0,0.0,0.0,0.0,0.0,0.0,0.0,0.0,0.0,0.0,0.0,0.0,0.0,0.0,0.0,0.0,0.00045794976,0.0,0.0,0.0,0.0003666757,0.0,0.0,0.0,0.0,0.0,0.0,0.0,0.0,0.16517246,0.0,0.0,0.13324642,0.0,0.0,0.0044222604,0.0023235623,0.0,0.0,0.012871098,0.0,0.0,0.0,0.0,0.0,0.0,0.0,0.0,0.0,0.0,0.0,0.0,0.0,0.01189268,0.0006722352,0.0,0.001485078,0.0,0.0,0.0,0.0,0.0,0.0,0.0,0.0,0.0,0.0,0.0,0.0,0.0,0.0,0.05348507,0.0,0.0,0.0,0.0,0.0,0.0,0.0,0.0,0.0,0.0,0.0,0.0,0.0,0.0,0.0,0.0,0.0,0.0,0.0,0.0,0.0,0.0,0.0,0.0,0.0,0.0,0.0,0.0,0.0,0.0,0.0,0.00059531536,0.0,8.24133e-05,0.006825941,0.0,0.0,0.0,0.0022944685,0.0,0.0,0.0,0.0,0.0,0.0,0.0,0.0,0.0,0.0,0.0,0.0,0.0,0.0,0.0,0.0,0.0,0.0,0.0,0.0,0.0,0.0,0.0,0.0,0.0,0.0,0.0,0.00050401076,0.0,0.0,0.0,9.903674e-05,0.0,0.00035456597,0.0,0.0,0.00014542358,0.0,0.0,0.0,0.0683954,0.0,0.0,0.0,0.0,0.0,0.0,0.0,0.0,0.0,0.0,0.0,0.0,0.0,0.0,0.0,0.0,0.0
SRR28984191,0.00012623661,0.0,0.0,0.009772901,0.00010010427,0.00049929356,0.0,0.0067619015,0.017165933,0.0002886605,0.0009480426,0.0,0.06701367,0.0,8.824385e-05,2.8853261e-05,0.0,0.0,0.002931447,0.0,0.004314667,0.0,0.0,2.670389e-05,0.0,0.0,0.0,0.0,0.0,0.0010012332,4.0955565e-05,0.0,0.0,0.008878683,0.0,0.0021361432,7.442149e-05,0.0011896903,0.0,0.0003972199,0.00077465863,0.0004304383,6.7146306e-05,0.0,0.0,9.663782e-05,0.0,0.00026179967,0.0,0.0023260207,0.0,0.0,5.1540028e-05,0.0,0.0,3.3188066e-05,0.00013398507,0.0,0.0,0.0,0.0,0.0,0.0,0.0,0.0,5.3580912e-05,1.3470697e-05,0.0,0.0,0.0,0.0,0.0,0.0,0.0,0.0,0.0,0.0002046708,0.0,0.0,0.0,0.0,0.0,0.0,0.0,0.00036770268,0.0074213105,0.0,0.0,0.0,0.009871049,0.0,0.0,0.0,0.0,0.0,0.00156384,0.0,0.0,0.0,0.0,1.22895535e-05,0.0,0.0,0.0,0.00011223757,0.0,0.0,0.0,0.0,0.0,0.0,8.220613e-05,8.157924e-05,0.0,0.0002975911,0.0,0.0005777653,0.0,0.0,0.0,0.0,0.0,0.0,4.6896494e-05,0.0,0.0,0.0,0.0,0.0,0.0,0.0,0.0,0.0,8.2438266e-05,6.8883644e-05,0.0,0.0,1.9480995e-05,8.0666614e-05,0.0,0.0,0.0018078055,3.6577574e-05,0.0,0.0056198416,9.530197e-05,0.00010484308,7.885088e-05,0.0,0.0,0.00014641715,0.0,0.0,0.001425125,0.0,0.0,0.0010205479,0.0,0.0,4.771899e-05,5.6849884e-05,0.0,0.0,4.298412e-05,0.0066585257,0.0,1.9780085e-05,3.495005e-05,0.0,0.0,0.0,0.0,0.000101017074,0.0,0.006184303,0.0,0.0,0.0,0.00023438148,0.0,0.0,0.0,0.0030759242,0.0,0.0,0.0,0.0,0.0,0.0,0.0,0.0,0.00021291223,0.0015424927,0.0,0.0,0.0,0.0,0.0,0.0,5.776276e-05,0.0,0.0,0.0,0.0,0.0,0.05122653,0.0,0.021707717,0.069947764,8.9162e-05,0.0,0.0381839,0.0,0.0,0.119492985,0.00010496489,0.017438186,0.007660063,0.000654399,0.0,0.0,0.0,0.0,0.0,0.0,0.0,0.0,0.0,0.0,0.0,0.0,0.0,0.0,0.0,6.9935064e-05,0.0011344315,0.0,0.0,0.00022577723,0.0,0.0037131193,0.0,0.071414955,0.00014838192,0.0,0.0,0.0,0.18242097,0.023760602,0.04576914,0.0003675309,0.0,0.08099343,0.0,0.0,0.011142961,0.0,0.0,0.0,0.0,9.285856e-05,0.0,0.0,0.0,0.00012588497,0.00027040392,0.0,0.0,0.0,0.0,0.0,0.0,0.0,0.0,0.0,0.0,0.0,0.0,0.0,0.0,9.775433e-05,0.0,0.0,0.0,0.007493781,0.0,0.0,0.0030876515,0.0,0.0,7.143715e-05,0.0001725703,0.05539747,0.0,4.180905e-05,0.0,0.0,0.0,0.0,0.0,0.0,0.0,4.016444e-05,0.0,9.722521e-05,0.0,0.0,0.0,8.042101e-05,0.0,0.007740572,0.0
SRR28984197,0.0,0.0,0.0,0.0,0.0,0.0,0.0,0.0,0.0,0.0,0.0,0.0,0.0,0.0,0.0,0.0,0.0,0.0,0.0,0.0,0.0,0.0,0.0,0.0,0.0,0.0,0.0,0.0,0.0,0.0,0.0,0.0,0.0,0.0,0.0,0.0,0.0,0.0,0.0,0.0,0.0,0.0,0.0,0.0,0.0,0.0,0.0,0.0,0.0,0.0,0.0,0.0,0.0,0.0,0.0,0.0,0.0,0.0,0.0,0.0,0.0,0.0,0.0,0.0,0.0,0.0,0.0,0.0,0.0,0.0,0.0,0.0,0.0,0.0,0.0,0.0,0.0,0.0,0.0,0.0,0.0,0.0,0.0,0.0,0.0,0.0,0.0,0.0,0.0,0.0097303,0.003120983,0.0,0.0,0.0,0.0,0.0,0.0,0.0,0.0,0.0,0.0,0.0,0.0,0.0,0.0,0.0,0.0,0.0,0.0,0.0,0.0,0.0,0.0,0.0,0.0,0.0,0.0,0.0,0.0,0.0,0.0,0.0,0.0,0.0,0.0,0.0,0.0,0.0,0.0,0.0,0.0,0.0,0.0,0.0,0.0,0.0,0.0,0.0,0.0,0.0,0.0,0.0,0.0,0.0,0.0,0.0,0.0,0.0,0.0,0.0,0.0,0.0,0.0,0.0,0.0,0.0,0.0,0.0,0.0,0.0,0.0,0.0,0.0,0.0,0.0,0.0,0.0,0.0,0.0,0.0,0.0,0.0,0.0,0.0,0.005078578,0.0,0.0,0.0,0.0,0.0,0.0,0.0,0.9202461,0.030778555,0.0,0.00029712403,0.0,0.0,0.0,0.0,0.0,0.0,0.0,0.0,0.0,0.0,0.0,0.0,0.0,0.0,0.0,0.0,0.0,0.0,0.0,0.0,0.0007633208,0.0,0.0,0.0,0.0,0.0,0.0,0.0,0.0,0.0,0.0,0.0,0.0,0.0,0.0,0.0,0.0,0.0,0.0,0.0,0.0,0.0,0.0,0.0,0.0,0.0,0.0,0.0,0.0,0.0,0.0,0.0,0.0,0.0,0.0,0.001921353,0.0,0.0,0.0,0.0,0.0,0.0,0.0,0.0048808698,0.0,0.00069126475,0.0,0.0,0.0,0.00032836548,0.0,0.0,0.0,0.0,0.0,0.0,0.0,0.0,0.0,0.0,0.0,0.0,0.0,0.0,0.0,0.0,0.0,0.0,0.0,0.0,0.0,0.0,0.0,0.0,0.0,0.0,0.0,0.022163248,0.0,0.0,0.0,0.0,0.0,0.0,0.0,0.0,0.0,0.0,0.0,0.0,0.0,0.0,0.0,0.0,0.0,0.0,0.0,0.0,0.0,0.0,0.0,0.0,0.0,0.0,0.0,0.0
SRR28984208,0.0,0.00011667406,6.587532e-05,0.0,0.0,0.0,0.00021517971,0.0,4.2971595e-05,0.0,0.0,0.0,0.00038678563,0.0,0.0,0.0,0.0,0.0,0.0,7.8343015e-05,0.0,0.0,0.0,0.0,0.0,0.0,0.0,0.0,0.0,0.0,0.0,0.0,0.038820446,0.0,0.00022167222,0.0,0.0,0.1273813,0.00030937057,0.0,0.007383933,0.00035471542,0.00044267118,0.0021124396,0.0,0.30107245,0.00013020619,0.0,0.0,1.1956811e-05,0.0,0.0,0.0,0.0,0.03443773,0.0,0.0,0.0,0.0,0.005982736,0.0,0.0,0.0,5.2891934e-05,0.0,0.0,0.0,0.0,0.0,0.0,0.0,0.0,0.0,0.0,0.0,0.0,0.0,0.0,0.0,0.0,0.0,0.0,0.0,0.0,0.0,0.0,0.0,0.0,0.0,0.0,0.0,0.0,0.0,0.0,0.0,0.0,0.0,0.0,0.0,0.0,0.0,0.0,0.0,0.0,0.0,0.0,0.0,0.0,0.0,0.0,0.0,0.0,0.0,0.0,0.0,0.0,0.0,0.0,0.0,0.0,0.0,0.0,0.0,0.0,0.0,0.0,0.0,0.0,0.0,0.0,0.0,0.0,0.0,0.0,3.2293323e-05,0.0,0.0,0.0,0.0,0.0,0.0,0.018535523,0.0,0.0,0.0,0.0,0.0,0.0,0.0,0.0,0.0,0.0,0.0,0.0,0.0,0.0,0.0,0.0,0.0,0.0,0.0,0.0,0.0,0.0,0.0,0.0,0.0,0.0,0.0,0.0,0.0,9.3621915e-05,0.0,0.0,0.0,0.0,0.0,0.0,0.0,0.0,0.0,0.0,0.14783666,0.08462368,0.0,0.0,0.0,0.0,0.0,0.0,0.0,0.0,0.0,0.0,0.0,0.0,0.0,0.0,0.0,0.0,0.0,0.0,0.0,0.0,0.0,8.7562585e-05,0.0,0.0,0.0,0.0,0.0,0.0,2.8562088e-05,0.0,0.0,0.0,0.0,0.0,0.0,0.0,0.0,0.0,0.0,0.0,0.0,0.0,0.0,0.0,0.0,0.0,0.0,0.0,0.0,0.0,0.0,0.0,0.0,0.0,0.0,0.0,0.0,0.0,3.472199e-05,0.0,0.0,0.0,0.0,5.2235115e-05,0.0,0.06680696,0.0,0.0,0.0937851,0.0,0.0,0.0,0.0,0.066105105,0.0,0.0,0.0,0.0,0.0,0.0,0.0,0.0,0.0,0.0,0.0,0.0,0.0,0.0,0.0,0.0,0.0,0.0,0.0,0.0,0.0,0.0,0.0,0.0,0.0,0.0,0.0,0.0,0.0,0.0,0.0,0.0014544976,0.0002911384,0.0,1.782245e-05,2.9593062e-05,0.0,0.0,0.0,0.0,7.181183e-05,0.0,0.0,0.0004927773,0.0,0.0,0.0,0.0,0.0,0.0,0.0,0.0,0.0,0.0
SRR28984210,0.00010746089,0.0,0.0,0.00048019254,0.0,0.0,0.0,0.00029158025,0.0,0.0,0.0,0.0,0.0005722657,0.00033525983,0.0,0.0,0.00049387565,0.4550276,0.17533119,0.0,0.0,0.0,0.0,0.0,0.0,0.0,0.0,0.0,0.0,0.0002796561,0.00010330093,0.0,0.0009917264,0.0,0.00012893305,0.0,0.00024317106,0.0,0.0009863474,0.0,0.009635154,0.006132401,0.0026420315,0.0005115816,0.0,0.005830674,3.8210692e-05,0.0,0.0,5.1463587e-05,0.0,0.0,0.0015112243,0.01949676,0.0,0.0,0.0,0.0,0.0010599022,0.0,0.11833129,0.0,0.0,0.0,0.0,0.0,0.0,0.0,0.0,0.0,0.009169479,0.0,0.0,0.0,0.0,0.0,0.023280522,0.0,0.0,0.0,0.0,0.0,0.0,0.0,0.0,0.0,0.02455569,0.0,0.0019349589,0.008474227,0.0,0.0,8.8418376e-05,0.0057287677,0.0,0.0,0.0,0.0,0.0,0.0,0.0,0.0,0.0,0.0,0.0,0.0,0.0,0.0,0.0,0.0,0.0,2.7442842e-05,0.0,5.6840712e-05,0.0,6.443255e-05,0.0,0.0,0.0,0.0,0.0,0.0,0.0,0.0,0.0,0.0,0.011220231,0.0,0.0,0.0,0.0,0.0,0.00011822193,0.0,0.0,0.0,0.0,0.00036852222,0.0,0.0,0.0,0.0,0.0,0.0,0.0,3.8632046e-05,0.0057129236,0.0,0.0,0.0,0.0,0.0,0.0,0.0,0.0,0.0,0.0,0.0,0.0,0.0,0.0,0.0,0.0,0.0,0.0,0.0,0.0,0.0001190071,0.0,0.0,0.0,0.0,0.0,0.0,0.0,0.0,0.0,0.0,0.0017612029,0.0,0.0,0.0,0.010377996,0.0,0.0,0.0,0.0,0.0,0.0,0.0,0.0,0.0,0.0,0.0,0.0,0.0,0.0,0.0,0.0,0.0,0.0,0.0,0.0,0.0,0.0,0.00014133005,0.0,0.0,0.0,0.0,0.0,0.00010546607,0.0,0.0,0.00010125198,0.0,0.0,0.0,0.0,0.0,0.04350818,0.0,0.0,0.0,0.0,0.0,0.0,0.0,0.0,0.0,0.0,0.0,0.0,0.0,0.0,0.0,0.0,0.0,0.0,0.0,0.0,0.0,4.4834316e-05,0.0,0.0,0.0,0.0,0.00010117187,0.0,0.0,0.0,0.0,0.00013782868,0.0,0.0,0.0,0.0,0.0,0.0,0.0,0.0,0.0,0.0,0.0,0.0,0.0,0.0,0.0,0.0,0.0,0.0,0.0,0.0,0.0,0.0,0.0,0.0,0.0,0.0,0.0,0.0,0.0,0.0,0.0,0.0,0.0,0.0,0.0,0.0,0.009555251,0.042101555,0.0,0.0,0.00015284661,0.0,0.0,0.0,0.0,0.0,0.0,0.0,0.0002903715,0.0,0.0,0.0,0.0,0.0,0.0,0.0,0.0,0.0,4.9223945e-05
SRR28984216,0.0,0.08986289,0.0,0.03223269,0.0,0.0015601701,0.0,0.002522563,0.0,0.0,0.0,0.0,0.009057845,0.0061711506,0.0,0.0,0.0,0.00089724205,0.0,0.0,0.0,0.0007949713,0.0,0.0,6.3764666e-05,0.0,0.0,0.0,0.0,0.0,0.0,0.0,0.0,0.0,0.0,0.0,0.0,0.0,0.0,0.0,0.00031421488,0.04825319,0.00017430846,0.0,0.0,0.0,0.0,0.0,0.0,0.00086071313,0.0,0.0,0.0,0.0,0.0,0.0,0.0,0.0,0.0,0.0,0.0016752714,0.0,0.0,0.00203931,0.0,0.0,0.000917943,0.0015442951,0.0,0.0,0.00023255098,0.0,0.0,0.0,0.0,0.0,0.000492752,0.0,0.0,0.0,0.002037951,0.0,0.0,0.0,0.0,0.0067532966,0.0,0.00081523013,0.00080794847,0.00825781,0.0,0.0,0.00279504,0.0,0.0,0.005856808,0.0,0.00034051988,0.0,0.0,0.0,0.0,0.0,0.00011055159,0.004178761,0.0,0.0,0.0,0.0,0.0,0.0,0.0,0.15782578,0.0,0.0,0.013285061,0.0,0.0004803952,0.0,0.0,0.0,0.0,0.0,0.0005652259,0.0,0.0,0.0,0.0,0.00070838234,0.0,0.0,0.0,0.0,0.0007782023,0.0032187332,0.0,0.0,0.0012221491,0.0035218368,0.0,0.0,0.0053034057,0.0002611223,0.0,0.00015142617,0.0,0.44663668,0.0,8.694289e-05,0.0,0.0,0.0,0.0,0.0,0.0,0.0,0.000108934684,0.0,0.00019457038,0.0017032967,0.0,0.0,0.005716655,0.0,0.0015989232,0.00092263875,0.0,0.0,0.0,0.0,0.0,0.0,0.0002699481,0.0,0.0,0.0,0.0,0.0,0.00019013832,0.0,0.0,0.0,0.0014906962,0.0,0.0,0.0,0.0,0.0,0.0,0.0,0.0005075583,0.0002374924,0.0,0.0,0.0,0.0,0.0,0.0,0.0,0.0007497463,0.0,6.378547e-05,0.0006050868,0.0,0.0,0.0031920092,0.0,0.0,0.0,0.0038057386,0.0,0.0037589422,0.0,0.0,0.015891995,0.0,0.0,0.0,0.0006863787,0.0,0.0,0.0,0.0,0.0002362577,0.0,0.0,0.0,0.0,0.0,0.0,0.00013223848,0.0,0.0,0.0,0.0,0.00029847238,0.0,0.0,0.0,0.0,0.0,0.0,0.00014526826,0.002276135,0.0,0.0,0.0,0.0026610321,0.0,0.0,0.00061839295,0.0,0.011627811,0.0,0.0,0.0,0.009061152,0.0,0.0,0.0,0.0019155358,0.0,0.0,0.0,0.004175664,0.0,0.0010186099,0.0,0.0,0.0,0.0,0.0,0.0009217983,0.00025944103,0.0,0.0,0.0,0.0029605348,0.0,0.0021400729,0.005981612,0.0,0.0001291922,0.0,0.0,0.0,0.0,0.0003963654,6.0932918e-05,0.0,0.0,0.000344603,0.0013158484,0.0,0.0396376,0.0,0.0,0.0,0.0,0.0001070717,0.0,0.00023821692,0.0,0.0,0.0,0.0,0.00019434486,0.0,0.00013048058,6.5009655e-05,0.0,0.0035885512
SRR28984219,0.00012956084,0.00012455088,0.13925348,0.051018063,0.0,0.0,0.032801006,0.0,0.0,0.13118245,0.0,0.0,0.0,0.2847134,3.980993e-05,0.0,0.0,2.6522097e-05,0.0,0.0,0.0,0.0,0.0,0.00024470617,0.0,0.0,0.0,0.0003909688,0.0,4.9261704e-05,0.0025420596,0.0,0.015873123,0.00334295,0.0,3.890674e-05,0.0,0.0,0.0002197888,0.0,0.0003620353,0.0022877539,0.00041348688,0.0004776127,0.0,0.00045489767,1.974383e-05,0.0,0.0026621278,0.00029915696,0.0,0.0,0.0,0.0006134074,0.0,0.0,0.0,0.0,0.0,0.0,0.006121861,0.0002536526,0.0,0.0,0.0,0.0,0.0,0.00030901382,0.0,0.0,0.00013373267,0.0,0.0,0.0,0.0,0.0,0.0,0.0005594721,0.0,0.0,0.0,0.0,0.0,0.0,0.0,0.017798226,0.0,0.001105059,0.0019535795,0.0069046486,0.0,0.0,0.0038278864,0.00048793008,7.497722e-05,0.008926852,0.0,0.00030772053,0.00012522619,0.0,0.0,0.0,0.0,0.0007492733,0.0,0.0,0.0,0.0,0.0,0.0,0.0,6.0264912e-05,0.0,0.0,0.0,0.0,0.00049250806,0.0,5.6592307e-05,0.0,9.783292e-05,0.0,0.0,0.0,6.9489724e-05,0.0,6.6240274e-05,0.0,0.0,0.0,0.0,0.0,0.00017307814,0.0,0.0,0.0,0.0,7.6167584e-05,0.0,0.0,0.0,0.0017507566,0.0,9.825289e-05,0.0,0.0,0.043307774,0.0,0.0,0.0,0.0,0.0,0.0,0.0,0.0,0.0010718196,0.00014766291,0.0,0.0,0.0,6.482992e-05,0.0,0.0,0.0,0.0,0.0,0.010063475,0.0,0.0,0.0,0.0,0.0,0.0014636779,0.0,0.0,0.0037703128,0.0007433575,0.0,0.0031596513,0.0019227812,0.0,0.0,0.01743434,0.0,0.0,0.0,0.0,0.0,0.0,0.0,0.0,0.0,0.0,0.0,0.0,0.0,0.0010271486,0.0,0.0,0.0012515478,0.0,0.0,0.0,0.0,0.0,0.0,0.0,0.0,0.0,0.0,0.0,0.0,0.0,0.0,0.0,0.0,0.00021051253,0.0011307773,0.0,0.0,0.00053015497,0.0,0.0,8.734134e-05,0.0,0.0003360385,0.0,0.0,0.0,0.0,0.0,0.0,0.0008364753,0.0,0.0,0.0,0.0,0.0,0.0,0.0,0.0,0.0,0.007849522,0.0,0.0,0.0,0.0,0.0,0.0014407729,0.003790537,0.0,0.0,0.0,0.0,0.0,0.00014700992,0.0,0.0,0.0,0.0009817388,0.016454497,0.046853226,0.0,0.0,0.0,0.002403055,0.0,0.0,0.0,0.0,0.0,0.0,0.0,0.0,0.00177966,0.0,0.0,7.927028e-05,0.0,0.0,0.0,0.0,0.0034829883,0.0,0.0,0.0,0.0003032507,0.0,0.092956826,0.00033395458,0.00030469953,0.0035422926,0.0,0.0,0.0,0.0,0.0,0.0,0.0,0.0,0.0,0.0,0.0,0.0,0.0016800615,0.0,0.0,0.0,0.00021617292,0.0,0.0046794624,0.0
SRR28984245,0.0,0.0,0.0,0.0,0.0,0.0,0.0,0.0,0.0,0.0,0.0,0.0,0.0,0.0,0.0,0.0,0.0,0.0,0.0,0.0,0.0,0.0,0.0,0.0,0.0,0.0,0.0,0.0,0.0,0.0,0.0,0.0,0.0,0.0,0.0,0.0,0.0,0.0,0.0,0.0,0.0,0.0,0.0,0.0,0.0,0.0,0.0,0.0,0.0,0.0,0.0,0.0,0.0,0.0,0.0,0.0,0.0,0.0,0.0,0.0,0.0,0.0,0.0,0.0,0.0,0.0,0.0,0.0,0.0,0.0,0.0,0.0,0.0,0.0,0.0,0.0,0.0,0.0,0.15961732,0.0,0.0,0.0,0.0,0.0,0.0,0.0,0.0,0.0,0.0,0.0,0.0,0.006756983,0.0,0.0,0.0,0.0,0.0,0.0,0.0,0.0,0.0,0.0,0.0,0.0,0.0,0.0,0.0,0.0,0.0,0.0,0.0,0.0,0.0,0.0,0.0,0.0,0.0,0.0,0.0,0.0,0.0,0.0,0.0,0.0,0.0,0.0,0.0,0.0,0.0,0.0,0.0,0.0,0.0,0.0,0.0,0.62567407,0.0,0.0,0.0,0.0,0.0,0.0,0.0,0.0,0.0,0.0,0.0,0.0,0.0,0.0,0.0,0.0,0.0,0.0,0.0,0.0,0.0,0.0,0.0,0.0,0.0,0.0,0.0,0.0,0.0,0.0,0.0,0.0,0.0,0.0,0.0,0.0,0.0,0.0,0.0,0.0,0.0,0.0,0.0,0.0,0.0,0.0,0.0,0.0,0.0,0.0,0.0,0.0,0.0,0.0,0.0,0.0,0.0,0.0,0.0,0.0,0.0,0.0,0.0,0.0,0.0,0.0,0.0,0.0,0.0,0.0,0.0,0.0,0.0,0.0,0.0,0.0,0.0,0.0,0.0,0.0,0.0,0.0,0.0,0.0,0.045888007,0.0,0.0,0.0,0.0,0.0,0.0,0.0,0.0,0.0,0.0,0.0,0.0,0.0,0.0,0.0,0.018460581,0.0,0.0,0.0,0.0,0.109298244,0.0,0.0,0.0,0.0,0.0,0.027803844,0.0,0.0065010046,0.0,0.0,0.0,0.0,0.0,0.0,0.0,0.0,0.0,0.0,0.0,0.0,0.0,0.0,0.0,0.0,0.0,0.0,0.0,0.0,0.0,0.0,0.0,0.0,0.0,0.0,0.0,0.0,0.0,0.0,0.0,0.0,0.0,0.0,0.0,0.0,0.0,0.0,0.0,0.0,0.0,0.0,0.0,0.0,0.0,0.0,0.0,0.0,0.0,0.0,0.0,0.0,0.0,0.0,0.0,0.0,0.0,0.0,0.0,0.0,0.0,0.0
SRR28984260,0.0,0.0,0.0,0.0,0.0,0.0,0.0,0.0,0.0,0.0,0.0,0.0,0.0,0.0,0.0,0.0,0.0,0.0,0.0,0.0,0.0,0.0,0.0,0.0,0.0,0.0,0.0,0.0,0.0,0.0,0.0,0.00023268437,0.0,0.0,0.0,0.0,0.0,0.0,0.0,0.0,0.0,0.0,0.0,0.0,0.0,0.0,0.0,0.0,0.0,0.0,0.0,0.0,0.0,0.0,0.0,0.0,0.0,0.0,0.0,0.0,0.0,0.0,0.0,0.0,0.0,0.0,0.0,0.0,0.0,0.0,0.0,0.0,0.0,0.0,0.0,0.0,0.0,0.0,0.0,0.0,0.0,0.0,0.0,0.0,0.0,0.0,0.0,0.0,0.0,0.0,0.0,0.00247162,0.0,0.0,0.0,0.0,0.0,0.0,0.0,0.001597518,0.0,0.0,0.0,0.0,0.0,0.0,0.0,0.0,0.0,0.0,0.0,0.0,0.0,0.0,0.0,0.0,0.0,0.0,0.0,0.0,0.0,0.0,0.0,0.0,0.0,0.0,0.0,0.0,0.0,0.0,0.0,0.0,0.0,0.0,0.0,0.0,0.0,0.0,0.0,0.0,0.0,0.0006479911,0.0,0.0,0.0,0.0,0.0,0.0,0.0,0.0,0.0,0.0,0.0,0.0,0.0,0.0,0.0,0.0,0.0,0.0,0.0,0.0,0.0,0.0,0.0,0.0,0.0,0.0,0.0,0.0,0.0034127545,0.0,0.0,0.0,0.01609199,0.018704021,0.0,0.04290965,0.02352612,0.0,0.043460377,0.0,0.5155699,0.06573666,0.0,0.0,0.0,0.0,0.0,0.0,0.0,0.0,0.0,0.0,0.0,0.0,0.0,0.004306876,0.0,0.006483737,0.0,0.0,0.0,0.0,0.0,0.0,0.0058219293,0.017303538,0.0,0.0,0.0,0.0,0.0,0.0,0.0,0.0,0.0,0.0,0.0,0.0,0.0,0.0,0.0,0.0,0.0,0.0,0.0,0.0,0.0,0.0,0.0,0.042540092,0.0,0.0,0.0,0.10030792,0.07198325,0.0,0.0,0.0,0.0,0.0017439318,0.0,0.0,0.0,0.0,0.0,0.011544663,0.0,0.0019206812,0.0,0.0,0.0,0.0,0.0,0.0,0.0,0.0,0.0,0.0,0.0,0.0,0.0,0.0,0.0,0.0,0.0,0.0,0.0016820469,0.0,0.0,0.0,0.0,0.0,0.0,0.0,0.0,0.0,0.0,0.0,0.0,0.0,0.0,0.0,0.0,0.0,0.0,0.0,0.0,0.0,0.0,0.0,0.0,0.0,0.0,0.0,0.0,0.0,0.0,0.0,0.0,0.0,0.0,0.0,0.0,0.0,0.0,0.0,0.0,0.0,0.0,0.0
SRR28984264,0.0,0.0,0.0,0.0,0.0,0.0,0.0,0.0,0.0,0.0,0.0,0.0,0.0,0.0,0.0,0.0,0.0,0.0,0.0,0.0,0.0,0.0,0.0,0.0,0.0,0.0,0.0,0.0,0.0,0.0,0.0,0.0,0.0,0.0,0.0,0.0,0.0,0.0,0.0,0.0,0.0,0.0,0.0,0.0,0.0,0.0,0.0,0.0,0.0,0.0,0.0,0.0,0.0,0.0,0.0,0.0,0.0,0.0,0.0,0.07467243,0.0,0.0,0.0,0.0,0.0,0.0,0.0,0.0,0.0,0.0,0.0,0.0,0.0,0.0,0.0070031774,0.0,0.0,0.0,0.0,0.0,0.0,0.0,0.0,0.0,0.0,0.0,0.0,0.0,0.0,0.0,0.010604521,0.0,0.0,0.0,0.0,0.0,0.0,0.0,0.0,0.0,0.0,0.0,0.0,0.0008692337,0.0,0.0,0.0,0.0,0.0,0.0,0.0,0.0,0.0,0.0,0.0,0.0,0.0,0.0,0.0,0.0,0.0,0.0,0.0,0.0,0.0,0.0045853085,0.0,0.0,0.0,0.0,0.0,0.0,0.0,0.0,0.0,0.0,0.0,0.0,0.0,0.0,0.0,0.0,0.0,0.0,0.0,0.0,0.0,0.0,0.0,0.0,0.0,0.0,0.0,0.0,0.0,0.0,0.0,0.0,0.0,0.0,0.0,0.0,0.0,0.0,0.0,0.0,0.0,0.0,0.0,0.0,0.0,0.0,0.0,0.0,0.0,0.0042260373,0.013267242,0.0,0.0,0.0,0.0,0.0,0.09286118,0.0,0.47877297,0.0,0.0,0.0,0.010096096,0.0,0.0,0.0,0.0,0.0,0.0,0.0,0.0,0.0,0.0,0.10207131,0.0,0.0,0.0,0.0,0.0,0.0,0.0070795305,0.0,0.0,0.0,0.0,0.0,0.0,0.0,0.0,0.0,0.0,0.0,0.0,0.0,0.0,0.0,0.0,0.0,0.0,0.0,0.0,0.0,0.0,0.0,0.0,0.0,0.0,0.0,0.0,0.0,0.0,0.0,0.0,0.027600577,0.0048276936,0.060256485,0.0,0.0,0.0,0.0,0.0,0.056602985,0.044603143,0.0,0.0,0.0,0.0,0.0,0.0,0.0,0.0,0.0,0.0,0.0,0.0,0.0,0.0,0.0,0.0,0.0,0.0,0.0,0.0,0.0,0.0,0.0,0.0,0.0,0.0,0.0,0.0,0.0,0.0,0.0,0.0,0.0,0.0,0.0,0.0,0.0,0.0,0.0,0.0,0.0,0.0,0.0,0.0,0.0,0.0,0.0,0.0,0.0,0.0,0.0,0.0,0.0,0.0,0.0,0.0,0.0,0.0,0.0,0.0,0.0,0.0,0.0
SRR28984270,0.00015786408,0.0,0.0,0.0016498495,0.0,9.910908e-05,0.0,0.0008380611,0.0,0.0,0.0,0.0,0.0024288958,0.0,0.0002758814,0.0,0.0,0.0,0.0,0.0,0.00078971416,0.0,0.0,0.0,0.0,0.0,0.0,0.0,0.0,0.00039915412,0.0,0.0,0.0,0.0,0.0,0.007217582,0.004357234,0.0002604388,0.056646112,0.0,0.81770945,0.0007359308,0.0026450302,0.0,0.0,0.0016378297,0.0,0.0,8.4723084e-05,0.0,0.0,0.0,0.0,8.3045496e-05,0.0,0.0,0.0,0.0,0.0,0.0,0.0,0.0,0.0,0.0,0.0,0.0,0.0,0.0,0.0,0.0,0.0,0.0,0.0,0.0,0.0,0.0,0.0,0.0,0.0,0.0,7.40934e-05,0.0,0.0,0.0,0.0,0.0,0.0,0.0,0.0,0.0,0.0,0.0,0.0,0.0,0.0,0.0,0.0,0.0,0.0012529371,0.0,0.0,0.0,0.0,0.0,0.0,0.0,4.0391744e-05,0.0,0.0,0.0,0.0,0.0,0.0,0.0,0.0002496127,0.0,0.0,0.0,0.0,0.0,0.0,0.0,0.0,0.0,0.0,0.0,0.0,0.0,0.0,0.0,0.0,0.0,0.0,0.0,0.00048813704,0.0,0.0,0.00010150743,0.0005273112,0.0,0.0,0.0001876994,0.0,0.0,0.0,0.0,9.593458e-05,0.0,0.0,0.0,0.0,0.0,0.0,0.0,0.0,0.0,0.0,0.0,0.0,0.0,0.0,0.0,0.0,0.0,8.1078484e-05,0.0,0.0,0.00010926619,0.0,0.0,0.0,0.0,0.0,0.0,0.0,0.0,0.0,0.0,0.0,0.0,0.0,0.0,0.00022896251,0.0,0.0,0.0,0.0,0.0,0.0,0.0,0.0,0.0,0.0,0.0,0.0,0.0,0.0,0.0,0.0,0.0,0.0,8.1939266e-05,0.0,0.0,0.0,0.00029196442,0.0,0.0,0.0,0.0002787519,0.0,0.00042606742,0.0,0.0,0.0013386866,0.0,0.0,0.0,0.0,0.0,0.0,0.0,0.0,0.0,0.0,0.0,0.0,0.0,0.0,0.0003958225,0.0,0.0,0.0,0.0,0.0,0.0,0.0,0.0,0.0,0.0,0.0,0.0,0.0,0.0,0.0,0.0,0.0,0.0005945011,0.0,0.0,0.0,0.0,0.0010768014,0.0,0.0,0.0,0.00053361955,7.17188e-05,0.00025291115,0.0,0.0,0.0,0.0,0.0,0.0,0.0,0.0,0.0,0.0,0.0,0.0,0.0,0.0,0.0,0.00012441847,0.0,0.0,0.0,0.0005787715,0.0,0.0,0.0,0.0,0.0,0.0,0.0,0.0,0.0,0.00015654974,0.0,0.0,0.0,0.0,0.0,0.00041391447,0.0,0.06576181,0.0,0.0047889175,0.0,0.0039161346,0.01746373,0.0,0.0,0.0,0.0,0.0,0.0,0.0,0.0,0.0,0.0
SRR28984277,0.0,0.0,0.0,0.0,0.0,0.0,0.0,0.0,0.0,0.0,0.0,0.0,0.0,0.0,0.0,0.0,0.0,0.0,0.0,0.0,0.0,0.0,0.0,0.0,0.0,0.0,0.0,0.0,0.0,0.0,0.0,0.0,0.0,0.0,0.0,0.0,0.0,0.0,0.0,0.0,0.0,0.0,0.0,0.0,0.0,0.0,0.0,0.0,0.0,0.0,0.0,0.0,0.0,0.0,0.016782392,0.0,0.0,0.0,0.0,0.0,0.0,0.0,0.0,0.0,0.0,0.0,0.00059359637,0.0,0.0,0.0,0.0,0.0,0.0,0.0,0.0,0.0,0.0,0.0,0.005217777,0.0,0.0036551964,0.0,0.0,0.0,0.0,0.0,0.0,0.0,0.0,0.0,0.0,0.0,0.0,0.0,0.0,0.0,0.0,0.0,0.0,0.0,0.0,0.003417156,0.0,0.0,0.0,0.0,0.0,0.0,0.0,0.0,0.0,0.0,0.0,0.0,0.0,0.0,0.0,0.0,0.0,0.0,0.0,0.0,0.0,0.0,0.0,0.0,0.0,0.0,0.0,0.0,0.0,0.0,0.021419145,0.02047524,0.0,0.019125199,0.01037841,0.024036448,0.0,0.0,0.0,0.0,0.0,0.0,0.0,0.0,0.0,0.0,0.0,0.0,0.0,0.0,0.0,0.0,0.0,0.0,0.0,0.0,0.0,0.0,0.0,0.0,0.0,0.0,0.0,0.0,0.0,0.0,0.0,0.0,0.0,0.0,0.0,0.0,0.487949,0.0,0.0,0.0,0.0,0.0,0.0,0.0,0.254363,0.0,0.0,0.0,0.0,0.0,0.0,0.0,0.0,0.0,0.0,0.0,0.0,0.0,0.0,0.0,0.0,0.0,0.0,0.0,0.0,0.0,0.0,0.0,0.0,0.0,0.0,0.0,0.0,0.0,0.0,0.029354561,0.0,0.0,0.0,0.0,0.0,0.0,0.0,0.0,0.0,0.0,0.0,0.0,0.0,0.0,0.0013491279,0.0,0.0,0.0,0.0,0.0,0.0,0.0056744916,0.0,0.0,0.0,0.0,0.0,0.023168603,0.0,0.0,0.014918936,0.0,0.0,0.017282628,0.0,0.0,0.0,0.012918492,0.0,0.0,0.010670348,0.008836646,0.0,0.0,0.0,0.0,0.0,0.0,0.0,0.008413446,0.0,0.0,0.0,0.0,0.0,0.0,0.0,0.0,0.0,0.0,0.0,0.0,0.0,0.0,0.0,0.0,0.0,0.0,0.0,0.0,0.0,0.0,0.0,0.0,0.0,0.0,0.0,0.0,0.0,0.0,0.0,0.0,0.0,0.0,0.0,0.0,0.0,0.0,0.0,0.0,0.0,0.0,0.0,0.0,0.0,0.0,0.0,0.0
SRR28984285,0.0,0.0,0.00037959754,0.004466339,0.0,0.00032114706,0.0,0.0016293614,0.0,0.0003987626,0.0,0.0,0.017133893,0.0,0.0,0.0,0.0,0.0,0.0,0.00036115272,0.0,0.0,0.0,0.0,0.0,0.0,0.0064190747,0.0,0.0,0.0004084405,0.0,0.0,0.0007678404,0.0,0.0,0.0,0.0,0.0,0.0,0.0,0.00029428635,0.0,0.0,0.0,0.0,0.0,0.0,0.0,0.0,0.0,0.0,0.0,0.0,0.0,0.0,0.0,0.0,0.0,0.000405428,0.0,0.0,0.00040444118,0.0,0.0,0.0,0.0,0.0,0.0,0.0,0.0,0.0,0.0,0.00027835494,0.00079834455,0.0,0.0,0.0,0.0,0.0,0.0,0.006122238,0.0,0.0,0.0,0.0,0.0,0.0,0.0,0.00040903015,0.0,0.0,0.0,0.0,0.0,0.0,0.0,0.0,0.0,0.0,0.5897812,0.016931817,0.030637743,0.0,0.0,0.0,0.0031179502,0.010208871,0.0,0.0,0.0,0.0,0.104636945,0.0,0.0,0.0,0.0,0.00081670034,0.0,0.0,0.0,0.0,0.0,0.0,0.0,0.0,0.0,0.0,0.0,0.00040209363,0.0,0.0,0.0,0.01688273,0.0018221156,0.00027912878,0.0,0.0,0.0,0.0044573927,0.0,0.0,0.0,0.0,0.0,0.0,0.0016550594,0.0,0.0,0.0,0.0,0.0,0.0,0.0,0.0,0.0,0.0,0.0,0.0,0.0,0.0,0.0,0.0,0.0,0.0,0.0,0.0,0.0,0.0,0.0,0.0,0.0,0.0,0.0,0.0,0.0,0.0,0.0,0.0,0.0,0.0,0.0,0.0,0.0,0.0,0.0,0.00040849106,0.0,0.0,0.0,0.0,0.0,0.0,0.0,0.0,0.0,0.0,0.0,0.0,0.0,0.0,0.0,0.0,0.0,0.00037888304,0.0,0.0,0.0,0.0,0.0,0.0,0.00040578417,0.0,0.0,0.0,0.012606729,0.0,0.0,0.0,0.0,0.00086553814,0.0,0.0,0.0,0.0,0.0,0.0,0.0,0.0,0.11909998,0.0,0.0,0.0,0.0,0.0,0.0017711831,0.0,0.0,0.0,0.0,0.0,0.0,0.0,0.0,0.0,0.00027077144,0.0,0.0,0.0,0.0,0.0,0.0,0.0,0.009259807,0.00039754095,0.0,0.0,0.0,0.0003485899,0.0,0.0,0.0,0.022692008,0.0,0.0,0.0,0.0,0.0,0.0,0.0,0.0,0.0,0.0,0.0,0.0,0.0,0.00041176408,0.0,0.0,0.0076356228,0.0,0.00042441208,0.0,0.0,0.0,0.0,0.0,0.0,0.0,0.0,0.0,0.0,0.0,0.0,0.0,0.0,0.0,0.0,0.0,0.0,0.0,0.0,0.0,0.0,0.0,0.0,0.0,0.0,0.0,0.0,0.0,0.0,0.00039540633
SRR28984291,0.0,0.4360415,0.00017166432,0.0,0.00012409282,0.0,0.0005277517,0.00021130014,0.00015244275,0.0,0.0,0.0,0.0006169826,0.0,0.0,0.0,0.0,0.0,0.0,0.000120090495,0.0,0.0,0.0,0.0,0.0,1.6393371e-05,0.0,0.0,0.0,8.148877e-05,0.0,0.0,5.1064453e-05,0.0,0.0,0.0,0.00021878784,0.00015153318,4.7422815e-05,0.0,0.007824573,0.0612356,0.0,0.04923761,0.0,0.00052633346,0.00011431095,0.0,0.0,0.0015670753,0.0,0.0,0.0,0.0,0.0,0.0,0.0,0.0,0.0008843727,0.0,0.0,0.0,0.0,0.0,3.764878e-05,0.0,0.0,0.0,0.0,0.0,0.0,0.0,0.0,0.0,0.0,0.0,0.0,1.9902785e-05,3.5100496e-05,0.0,0.0,1.5800786e-05,0.0,0.0,0.0,0.0,0.0,0.0,0.0,0.027721701,0.0,0.0,0.0,0.0,0.0,4.997229e-05,0.0,0.0,0.0,0.0,0.0,0.0,0.0,3.8560633e-05,0.0,0.0,0.0,0.0,0.0,0.0,0.0,1.1728272e-05,0.0,0.0,7.041656e-05,0.0,0.0,0.0,6.761088e-05,0.0,0.0,0.0,0.0,0.0,0.0,0.0,0.0,0.0,0.0,0.0,0.0,0.0,0.0,0.0,0.00010024117,0.0,0.0,2.0999421e-05,0.0,0.0,0.0,0.007787662,0.0,0.0,0.0,0.0,0.0,0.0,0.0007581467,0.0,0.0,0.0,0.0,0.0,0.0,0.0,0.0,0.0,0.0,0.0,0.0,0.0,0.0,0.0,0.0,0.0,0.0,0.0,0.0,0.0,0.0,0.0,0.0038864391,0.0,0.0,0.0036908933,0.0005780467,0.0,0.0021738438,0.0015421419,0.0,0.0,0.11375024,0.007543554,0.0,0.0,0.0,0.0,0.0,0.0,0.0,0.0,0.01015603,0.0,0.0,0.0,0.0,0.0,0.0,0.020013018,0.0,0.0,0.0,0.0,0.0,0.08334241,0.0,0.0,0.0,0.0,0.0,0.0,0.0,0.0,0.014642213,0.0,0.0,0.009241704,0.0069151125,0.0,0.0,0.0,0.0,0.0,0.0,0.0,0.0,0.0,0.0,0.0,0.0,0.0,0.0,0.0,0.0,0.0008873952,0.0,0.0,0.0,0.0,0.0,0.0,0.059756402,0.0,0.0,0.0,0.0,0.006870023,0.023846675,0.004088291,0.0047156163,0.0,0.00020884132,0.0,0.0,0.0,0.0,6.4911335e-05,0.0,0.0,0.0,0.0,0.0,0.0,0.0,0.0,0.0,0.0,0.0,0.0,0.0,0.0,0.0,0.0,0.0,0.0,0.0,0.0,1.6035772e-05,0.0,0.0,0.0,0.0020760945,0.0,1.0741857e-05,0.0,0.0,0.0,3.5422556e-05,0.010165761,0.009802419,0.0,1.6391814e-05,0.0,7.886868e-05,0.0,0.0,0.0,0.00024767767,0.0,0.00023984794,0.0018830268,6.494253e-05,0.0,0.0,0.0,0.0,0.0,0.0007910403,0.0,0.0,0.0
SRR28984304,0.0,0.0,0.0,0.0,0.0,0.0,0.0,0.0,0.0,0.0,0.0,0.0,0.0,0.90189385,0.0,0.0,0.0,0.0,0.0,0.0,0.0,0.0,0.0,0.0,0.0,0.0,3.1233438e-05,0.0,0.00037983232,3.1797732e-05,0.0011951174,0.0,0.0,0.0,0.0,0.0,0.0,0.0,0.0,0.0,4.582131e-05,0.0,0.0,0.0,0.0,0.021492757,0.0,0.0,0.0,0.00019310159,0.0,0.0,0.0,0.0,0.0,0.0,0.0,0.0,0.0,0.0,0.0,0.0,0.0,0.0,0.0,0.0,0.0,0.0,0.0,0.0,0.0,0.0,0.0,0.0,0.0,0.0,0.0,0.0,0.0,0.0,0.0,0.0,0.0,0.0,0.0,0.0,0.0,0.0,0.0,0.0007759146,0.0,0.0,0.0,0.0,0.0,0.0,0.0,0.0,0.0,0.0,0.0,0.0,0.0,0.0,0.0,0.0,0.0,0.0,0.0,0.0,0.0,0.0,0.0,0.0,0.0,0.00099929,0.014909839,3.18432e-05,0.0072450247,0.0,0.0,0.0,0.0,3.1702202e-05,0.0,0.0,6.1081664e-05,0.0,0.0,0.0,0.0,0.0,0.0,0.0,0.0,0.0,0.0,0.0,0.0,0.0,0.0,0.040247574,0.0,0.0,0.0,0.0,0.0,0.0,0.0,0.0,0.0,0.0,0.0,0.0,0.0,0.0,0.0,0.0,0.0,0.0,0.0,0.0,0.0,0.0,0.0,0.0,0.0,0.0,0.0,0.0,0.0,0.0,0.0,0.0,0.0,0.0,0.0,0.0,0.0,0.0,0.0,0.0,0.0,0.0,0.0,0.0,0.0,0.0,0.0,0.0,0.0,0.0,0.0,0.0,0.0,0.0,0.0,0.0,0.0,0.0,0.0,0.0,0.0,0.0,0.0,0.0,0.0,0.0,0.0,0.0,0.0,0.0,0.0,0.0,0.0,0.0,0.0,0.0,0.009852924,0.0,0.0,0.0,0.0,0.0,0.0,0.0,0.0,0.0,0.0,0.0,0.0,0.0,0.0,0.0,0.0,5.8034155e-05,0.0,0.0,0.0,0.0,0.0,0.0,0.0,0.0,0.0,0.0,0.0,0.0,0.0,0.0,0.0,0.0,0.0,0.0,0.0,0.0,0.0,0.0,0.0,0.0,0.0,0.0,0.0,0.0,0.0,0.0,0.0,0.0,0.0,0.0,0.0,0.0,0.0,0.0,0.0,0.0,0.0,0.0,0.0,0.0,0.0,0.0,0.0,0.0,0.0,0.0,0.0,0.0,0.0,0.0,0.0,0.0,0.0,0.0,0.0,0.0,0.0,0.0,0.0,0.0,0.0,0.0,0.0,0.0,0.0,0.0,0.0,0.0,0.0,0.0,0.0,0.000523311
SRR28984306,0.0,0.0,0.0,0.005234346,0.0,0.0,0.0,0.0,0.007661199,0.0020562592,0.0,0.0,0.075063825,0.010148278,0.0,0.0,0.0,0.0,0.0,0.04128143,0.0,0.0,0.0,0.0,0.0,0.0,0.0,0.0,0.0,0.0015796231,0.0,0.0,0.0,0.0,0.0,0.0,0.0,0.0,0.0,0.0,0.00037937923,0.0,0.0,0.0,0.0,0.0,0.0,0.0,0.0,0.0,0.0,0.0,0.00067309535,0.0,0.0,0.0,0.0,0.0,0.00087109575,0.0,0.00016855853,0.0,0.0,0.0,0.0,0.0,0.000703691,0.0,0.0,0.0,0.0,0.0,0.0,0.0010291858,0.0,0.0,0.0,0.0,0.0,0.0,0.0,0.0,0.0,0.0,0.0,0.00017478775,0.0,0.0,0.0,0.00017131236,0.0,0.0,0.0,0.0,0.0,0.00016144838,0.0,0.0,0.0,0.0,0.0,0.0,0.0,0.0,0.0,0.0,0.0,0.0,0.0,0.0,0.0,0.0,0.0,0.0,0.0,0.005693701,0.0,0.0,0.0,0.0,0.0,0.0,0.0,0.0,0.0,0.0,0.0,0.0,0.0,0.0,0.00018057085,0.0,0.0,0.0,0.051337007,0.0,0.0,0.0,0.0,0.0,0.0,0.0,0.0,0.0,0.0,0.0,0.0,0.0,0.0,0.0,0.0,0.0,0.0,0.0,0.0,0.0,0.0,0.0,0.0,0.0,0.0,0.0,0.0,0.0,0.00016934391,0.0,0.0,0.0,0.0,0.0,0.0,0.0,0.0,0.0,0.0743395,0.0,0.0,0.0,0.0,0.0,0.0,0.0,0.0,0.0,0.0023702444,0.0,0.0,0.0,0.0002818812,0.0,0.00016341859,0.0,0.0,0.0,0.0,0.0,0.0,0.0,0.029866913,0.0,0.00018033825,0.0022248433,0.0,0.0,0.0,0.008293403,0.0,0.0,0.0,0.0,0.0,0.004854012,0.00033947983,0.0,0.44893864,0.00014429538,0.0,0.00017071303,0.0,0.0,0.0,0.0,0.0,0.0,0.00016227356,0.0,0.0,0.0,0.028148584,0.0,0.0,0.0,0.0,0.0,0.13654257,0.0,0.0,0.0,0.0,0.0,0.0,0.0,0.0006190417,0.0,0.0,0.0,0.0,0.0009312748,0.0,0.0,0.0,0.0,0.0,0.0022207894,0.0,0.0050631985,0.0,0.0,0.0,0.0,0.0,0.0,0.0,0.0,0.0,0.0,0.0,0.0,0.0,9.0683345e-05,0.0,0.0,0.0,0.0,0.00034648745,0.0,0.0,0.0,0.0,0.0,0.0,0.0,0.0,0.0,0.0,0.0,0.0,0.0,0.0,0.0,0.0,0.0,0.0,0.0,0.0007280161,0.0,0.0,0.0,0.0,0.0,0.0,0.0,0.0,0.0,0.048068292,0.0,0.0,0.0,0.0,0.0,0.00017294996,0.0
SRR28984321,0.0,0.0,0.0,0.0,0.0,0.0,0.0,0.0,0.0,0.0,0.0,0.0,0.0,0.0,0.0,0.0,0.0,0.0,0.0,0.0,0.0,0.0,0.0,0.0,0.0,0.0,0.0,0.0,0.0,0.0,0.0,0.0,0.0,0.0,0.0,0.0,0.0,0.0,0.0,0.0,0.0,0.0,0.0,0.0,0.0,0.0,0.0,0.0,0.0,0.0,0.0,0.0,0.0,0.0,0.0,0.0,0.0,0.0,0.0,0.0,0.0,0.0,0.0,0.0,0.0,0.0,0.0,0.0,0.0,0.0,0.0,0.0,0.0,0.0,0.0,0.0,0.0,0.0,0.0,0.0,0.0,0.0,0.0,0.0,0.0,0.0,0.0,0.0,0.0,0.0,0.0,0.0,0.0,0.0,0.0,0.4544077,0.0,0.0,0.0,0.0,0.0,0.0,0.0,0.0,0.0,0.0,0.0,0.0,0.0,0.0,0.0,0.0,0.0,0.0,0.0,0.0,0.0,0.0,0.0,0.0,0.0,0.0,0.0,0.0,0.0,0.0,0.0,0.0,0.0,0.0,0.0,0.0,0.0,0.0,0.0,0.0,0.0,0.0,0.0,0.0,0.0,0.011230686,0.03694792,0.0,0.0,0.0,0.0,0.0,0.0,0.0,0.0,0.0,0.0,0.0,0.0,0.0,0.0,0.0,0.0,0.0,0.0,0.0,0.0,0.0,0.0,0.0,0.0,0.0,0.0,0.0,0.0,0.0,0.0,0.0,0.0,0.0,0.0,0.012109902,0.0,0.0,0.0,0.0,0.4348999,0.0,0.0,0.0,0.0,0.0,0.0,0.0,0.0,0.0,0.0,0.0,0.0,0.0,0.0,0.0,0.0,0.03385602,0.0,0.0,0.0,0.0,0.0,0.0,0.0,0.0,0.0,0.0,0.0,0.0,0.0,0.0,0.0,0.0,0.0,0.0,0.0,0.0,0.0,0.0,0.0,0.0,0.0,0.0,0.0,0.0,0.0,0.0,0.0,0.0,0.0,0.0,0.0,0.0,0.0,0.0,0.0,0.0,0.0,0.0,0.0,0.0,0.0,0.0,0.0,0.0,0.0,0.0,0.0,0.0,0.0,0.0,0.0,0.0,0.0,0.0,0.0,0.0,0.0,0.0,0.0,0.0,0.0,0.0,0.0,0.0,0.0,0.0,0.0,0.0,0.0,0.0,0.0,0.0,0.0,0.0,0.0,0.0,0.0,0.0,0.0,0.0,0.0,0.0,0.0,0.0,0.0,0.0,0.0,0.0,0.0,0.0,0.0,0.0,0.0,0.0,0.0,0.0,0.0,0.0,0.0,0.0,0.0,0.0,0.0,0.0,0.016547926,0.0,0.0,0.0
SRR28984328,0.0,0.0,0.0,0.0,0.0,0.0,0.0,0.0,0.0,0.0,0.0,0.0,0.0,0.0,0.0,0.0,0.0,0.0,0.0,0.0,0.0,0.0,0.0,0.0,0.0,0.0,0.0,0.0,0.0,0.0,0.0,0.0,0.0,0.0,0.0,0.0,0.0,0.0,0.0,0.0,0.0,0.0,0.0,0.0,0.0,0.0,0.0,0.0,0.0,0.0,0.0,0.0,0.0,0.0,0.0,0.0,0.0,0.0,0.0,0.0,0.0,0.0,0.0,0.0,0.0,0.0,0.0011453897,0.0,0.001279427,0.0,0.0,0.0,0.0,0.0,0.0018754476,0.0,0.0,0.0,0.0,0.0,0.0,0.0,0.0,0.0,0.0,0.04566225,0.0,0.002998142,0.0067708916,0.0075752395,0.0,0.015279768,0.0007096842,0.0,0.0,0.088340454,0.0,0.004461381,0.0,0.0,0.0,0.0,0.0,0.00086904666,0.0,0.0,0.0,0.0,0.0,0.003161539,0.0,0.0,0.0,0.0,0.0,0.0,0.0,0.0,0.001185144,0.00058873487,0.0,0.0,0.0,0.0,0.003070394,0.0,0.0092835,0.00090143154,0.0,0.0,0.0,0.0,0.0,0.0,0.0,0.0,0.0,0.0,0.0008833484,0.0,0.0,0.0017016368,0.0,0.0,0.00042512926,0.0,0.0,0.0,0.0,0.00029936165,0.0,0.0,0.0,0.0,0.0,0.0,0.007849748,0.0,0.0,0.001207578,0.0,0.0,0.0,0.033024307,0.0,0.0,0.0,0.0,0.0,0.0004238232,0.0,0.0,0.0,0.0,0.0,0.0047972808,0.0,0.0,0.0,0.0,0.0,0.0,0.07114051,0.0,0.38120908,0.0,0.0,0.0,0.0,0.0,0.015871009,0.0,0.0,0.0,0.0,0.0,0.0,0.00142356,0.0,0.0028195456,0.0,0.033335004,0.0,0.0,0.0,0.0,0.015610939,0.008660392,0.0,0.0,0.0,0.008076393,0.0,0.010590604,0.0,0.0,0.0,0.0,0.0,0.0,0.0,0.0013349771,0.0,0.0,0.0,0.0010985746,0.0,0.0,0.0,0.0,0.0,0.0,0.0,0.0,0.0,0.0072995783,0.0046301754,0.0,0.0,0.0,0.0,0.010131451,0.0,0.0,0.0,0.0,0.0,0.009389695,0.0030511373,0.0,0.0,0.101453796,0.0,0.0,0.0038890818,0.053947423,0.0,0.0,0.0,0.0,0.0,0.0,0.0,0.0,0.0,0.0,0.0,0.0,0.0,0.0,0.0,0.0,0.0,0.0,0.0,0.0,0.0011347142,0.0,0.0,0.0,0.0,0.0,0.0,0.0,0.0,0.008132279,0.0,0.0,0.0,0.0,0.0,0.0,0.0,0.0,0.0,0.0,0.0,0.0,0.0,0.0,0.0,0.0,0.0,0.0,0.0,0.0,0.0,0.0,0.0,0.0,0.0,0.0
SRR28984329,0.0,0.0,0.0,0.0,0.0,0.0,0.0,0.0,0.0,0.0,0.0,0.0,0.0,0.0,0.0,0.0,0.0,0.0,0.0,0.0,0.0,0.0,0.0,0.0,0.0,0.0,0.0,0.0,0.0,0.0,0.0,0.0,0.0,0.0,0.0,0.0,0.0,0.0,0.0,0.0,0.0,0.0,0.0,0.0,0.0,0.0,0.0,0.0,0.0,0.0,0.0,0.0,0.0,0.0,0.0,0.0,0.0,0.0,0.0,0.0,0.0,0.0,0.0,0.0,0.0,0.0,0.0,0.0,0.0,0.0,0.0,0.0,0.0,0.0,0.0,0.0,0.0,0.0,0.0,0.0,0.0,0.0,0.0,0.0,0.0007105318,0.0,0.0,0.0,0.0,0.008041649,0.0,0.0,0.0,0.0,0.0,0.0056436528,0.0,0.0,0.0,0.0,0.0,0.0,0.0,0.0,0.0,0.0,0.0,0.0,0.0,0.0,0.0,0.0,0.0,0.0,0.0,0.0010662387,0.0,0.0,0.0,0.0,0.0,0.0,0.0,0.0,0.0,0.0,0.0,0.0,0.0,0.0,0.0,0.0,0.025722414,0.022092003,0.0,0.0,0.0,0.14398897,0.0,0.0058789873,0.0,0.0,0.0,0.0,0.0,0.0,0.0,0.0,0.0,0.0,0.0,0.0,0.0,0.0,0.0,0.0,0.0,0.0,0.0,0.0,0.0,0.0,0.0,0.0,0.0,0.0,0.0,0.0,0.0,0.0,0.0,0.0,0.0,0.0,0.0,0.0,0.0,0.0,0.0,0.0,0.0,0.0,0.44566733,0.0,0.0,0.0,0.0,0.0,0.0,0.0,0.0,0.0,0.0,0.0,0.0,0.022037026,0.0,0.0,0.0,0.0,0.0,0.0,0.0,0.0,0.0,0.0,0.0,0.0,0.0,0.0,0.0,0.0,0.0,0.0023365116,0.0,0.0,0.0,0.0,0.0,0.0,0.0,0.0,0.0,0.0,0.0,0.0,0.0,0.0,0.0,0.0,0.0,0.0,0.0,0.0,0.0,0.071184754,0.0,0.0,0.0,0.0,0.0,0.22062264,0.0,0.0,0.0,0.0,0.0,0.017362136,0.0,0.0,0.0,0.0,0.0,0.0,0.0,0.0,0.0,0.0,0.0,0.0,0.0,0.0,0.0,0.0,0.0,0.0,0.0,0.0,0.0,0.0,0.0,0.0,0.0,0.0,0.0,0.0,0.0,0.0,0.0,0.0,0.0,0.0,0.0,0.0,0.0,0.0,0.0,0.0,0.0,0.0,0.0,0.0,0.0,0.0,0.0,0.0,0.0,0.0,0.0,0.0,0.0,0.0,0.0,0.0032745004,0.0,0.0,0.0,0.0,0.0043706773,0.0,0.0,0.0
SRR28984336,0.0,0.0,0.0,0.0,0.0,0.0,0.0,0.0,0.0,0.0,0.0,0.0,0.0,0.0,0.0,0.0,0.0,0.0,0.0,0.0,0.0,0.0,0.0,0.0,0.0,0.0,0.0,0.0,0.0,0.0,0.0,0.0,0.0,0.0,0.0,0.0,0.0,0.0,0.0,0.0,0.0,0.0,0.0,0.0,0.0,0.0,0.0,0.0,0.0,0.0,0.0,0.0,0.0,0.0,0.0,0.0,0.0,0.0,0.0,0.0,0.0,0.0,0.0005697715,0.0,0.0,0.0,0.0,0.0,0.0006238209,0.0017637098,0.0,0.0063859564,0.0,0.0,0.0,0.0,0.0,0.0,0.0,0.0,0.0,0.0,0.0,0.0,0.0,0.012796555,0.0022703405,0.0,0.0,0.0,0.010108067,0.0,0.0,0.0,0.0,0.051027607,0.00077755126,0.0052002617,0.0,0.0,0.0,0.0,0.0,0.002383472,0.0,0.0,0.0,0.0,0.0,0.0,0.0,0.18798405,0.0,0.0,0.0,0.0,0.0012533522,0.0,0.0,0.0,0.0,0.0,0.0,0.0,0.0012631424,0.0031432726,0.0,0.000890025,0.0016969546,0.0,0.0032243773,0.0,0.06023876,0.0,0.0,0.012713302,0.21810028,0.0,0.0071825823,0.0,0.0,0.0014000871,0.0,0.0,0.0,0.0,0.0,0.0,0.0,0.0,0.0,0.0,0.0,0.0,0.0,0.0,0.0,0.0,0.0,0.0011128109,0.0,0.0,0.0,0.012171919,0.0,0.0,0.0,0.0,0.0020905475,0.0,0.0,0.0,0.0,0.0029783917,0.0,0.0018830427,0.0,0.0,0.0,0.0,0.0,0.0,0.12079346,0.0,0.0,0.0,0.004738977,0.0,0.0,0.0,0.0,0.0,0.0,0.0,0.0,0.0,0.010264859,0.023748888,0.0,0.0,0.0,0.0,0.0,0.0,0.0,0.0,0.024071306,0.0,0.0,0.0,0.0018682146,0.0052005625,0.0,0.012140612,0.0,0.0045090877,0.0,0.0,0.0,0.0,0.023339216,0.0,0.0,0.0035501355,0.0,0.0,0.0,0.0,0.0,0.0,0.0,0.0073845917,0.010983805,0.0,0.0,0.027027039,0.0,0.0,0.0,0.0,0.0,0.0068781683,0.0,0.0,0.0,0.0,0.0,0.07358501,0.0,0.0,0.0,0.0,0.0,0.0,0.0,0.0,0.0,0.0,0.0,0.0,0.0,0.0,0.0,0.0013818071,0.0,0.0,0.0,0.0,0.0,0.0,0.0,0.0,0.0,0.0,0.0,0.013902135,0.008768001,0.0,0.0,0.0,0.0,0.0,0.0,0.0,0.0,0.0026300456,0.0,0.0,0.0,0.0,0.0,0.0,0.0,0.0,0.0,0.0,0.0,0.0,0.0,0.0,0.0,0.0,0.0,0.0,0.0,0.0,0.0,0.0,0.0,0.0,0.0,0.0
SRR28984342,0.0,0.0,0.0,0.000878254,0.0,0.0,0.00028838994,0.0,0.0,0.0,0.0,0.0,0.0014871057,0.0,0.00020152009,0.0,0.0,0.0,0.0,0.0,0.0,0.0,0.0,0.0,0.0,0.0,0.0,0.0,0.0,0.0,0.0002315959,0.0,0.0,0.0,0.0,0.0,0.0004017103,0.047176946,0.0,0.0,0.007535909,0.48878697,0.0,0.0,0.0,0.0,0.00017133319,0.0,0.0,0.0,0.0,0.0,0.0,0.0,0.0,0.0,0.0,0.0,8.4866144e-05,0.0,0.0,0.0,0.0,0.0,0.0,0.0,0.0,0.0,0.010721135,0.0,0.0,0.0,0.0,0.0,0.0,0.0,0.0,0.0,0.0,0.0,0.0,0.0,0.0,0.0,0.0,0.0,0.0,0.0,0.0,0.0,0.0,0.0,0.0,0.0,0.0,7.86452e-05,0.0,0.0,0.0,0.0,0.0,0.0,0.0,0.0,0.0,0.0,0.0,0.0,0.0,0.0,0.0,0.0,0.0,0.0,0.0,0.0,0.0,0.0,0.0,0.0,0.0,0.0,0.0,0.0,0.0,0.0,0.0,0.0,0.0,0.0,0.0,0.0,0.0,0.0,0.00027266672,0.0,0.0,0.00013770163,0.0,0.0,0.0,0.0,0.0,0.0,0.0,0.0,0.0,0.0,0.0,0.0,0.0,0.0,0.0,0.0,0.0,0.0,0.0,0.0,0.0,0.0,0.0,0.0,0.0,0.0,0.0,0.0,0.0,0.0,0.0,0.0,0.0,0.0,0.0,0.0,0.0,0.0,0.0,0.0,0.010161266,0.0,0.0,0.0,0.0,0.0,0.0,0.0,0.0,0.0,0.0,0.0,0.0,0.0,0.0,0.0,0.0,0.0,0.0,0.0,0.0,0.0,0.0,0.17973942,0.0,0.0,0.010400061,0.07255989,0.0,0.0,0.0,0.0,0.0,0.0,0.0,0.0,0.0,0.0,0.0,0.0,0.0,0.0,0.0,0.0,0.0,0.0,0.0,0.0,0.0,0.0,0.0,0.0,0.0,0.0,0.0,0.0,0.0,0.0,0.0,0.0,0.0,0.0,0.0,0.0,0.0,0.0,0.0,0.0,0.0,0.0,0.0,0.0,0.0,0.0,0.0,0.0,0.0,0.0003685425,0.0,0.0,0.0,0.0,0.0,0.0,0.0,0.0,0.0,0.0,0.0,0.0,0.0,0.0,0.0,0.0,0.0,0.0,0.0015752984,0.0,0.015945923,0.0,0.0,0.0,0.0,0.0,0.0,0.0,0.0,0.0,0.0,0.0,0.0,0.0,0.0010741756,0.14575852,0.0,0.000114225004,0.0,0.0020941154,0.0,0.0,0.00017323966,0.0,0.00039144725,0.0011038686,8.517084e-05,0.0,0.0,0.0,0.0,0.0,0.0,0.0,0.0,0.0
SRR28984343,0.0,0.0,0.0,0.0,0.0,0.0,0.0,0.0,0.0,0.0,0.0,0.0,0.0,0.0,0.0,0.0,0.0,0.0,0.0,0.0,0.0,0.0,0.0,0.0,0.0,0.0,0.0,0.0,0.0,0.0,0.0,0.0,0.0,0.0,0.0,0.0,0.0,0.0,0.0,0.0,0.0,0.0,0.0,0.0,0.0,0.0,0.0,0.0,0.0,0.0,0.0,0.0,0.0,0.0,0.0,0.0,0.0,0.0,0.0,0.001560684,0.0,0.0,0.0,0.0,0.0,0.0,0.0,0.0,0.0,0.0,0.0,0.0,0.0,0.0,0.0,0.0,0.0,0.0,0.0,0.0,0.0,0.0,0.0,0.0,0.0,0.0,0.0,0.0,0.0,0.0,0.0,0.0,0.0,0.0,0.0,0.0,0.0,0.0,0.0,0.0,0.0,0.0,0.0,0.0,0.0,0.0,0.0,0.0,0.0,0.0,0.0,0.0,0.0,0.0,0.0,0.0,0.0,0.0,0.0,0.0,0.0,0.0,0.0,0.0,0.0,0.0,0.0,0.0,0.0,0.0,0.0,0.0,0.0,0.0,0.0,0.0,0.0,0.0,0.0,0.0,0.0,0.0,0.0,0.0,0.0,0.0,0.0,0.0,0.0,0.0,0.0,0.0,0.0,0.0,0.0,0.0,0.0,0.0,0.0,0.0,0.0,0.0,0.0,0.0,0.0,0.0,0.0,0.0,0.0,0.0,0.0,0.0,0.0,0.0,0.0,0.0,0.0,0.0,0.0,0.0,0.0016993806,0.0,0.99211276,0.0,0.0,0.0,0.0,0.0,0.0,0.0,0.0,0.0,0.0,0.0,0.0,0.0,0.0,0.0,0.0,0.0,0.0,0.0,0.0,0.0,0.0,0.0,0.0,0.0,0.0,0.0,0.0,0.0,0.0,0.0,0.0,0.0,0.0,0.0,0.0,0.0,0.0,0.0,0.0,0.0,0.0,0.0,0.0,0.0,0.0,0.0,0.0,0.0,0.0,0.0,0.0,0.0,0.0,0.0,0.0,0.0,0.0,0.0046272418,0.0,0.0,0.0,0.0,0.0,0.0,0.0,0.0,0.0,0.0,0.0,0.0,0.0,0.0,0.0,0.0,0.0,0.0,0.0,0.0,0.0,0.0,0.0,0.0,0.0,0.0,0.0,0.0,0.0,0.0,0.0,0.0,0.0,0.0,0.0,0.0,0.0,0.0,0.0,0.0,0.0,0.0,0.0,0.0,0.0,0.0,0.0,0.0,0.0,0.0,0.0,0.0,0.0,0.0,0.0,0.0,0.0,0.0,0.0,0.0,0.0,0.0,0.0,0.0,0.0,0.0,0.0,0.0,0.0,0.0
SRR28984352,0.0,0.0,0.0,0.0,0.0,0.0,0.0,0.0,0.0,0.0,0.0,0.0,0.0,0.0,0.0,0.0,0.0,0.0,0.0,0.0,0.0,0.0,0.0,0.0,0.0,0.0,0.0,0.0,0.0,0.0,0.0,0.0,0.0,0.0,0.0,0.0,0.00013102016,0.0,0.0,0.0,0.00037504447,0.0002604914,0.0,0.0,0.0,0.000295493,0.0,0.0,0.0,0.0002634207,0.0,0.0002633142,0.0068619857,0.0019290425,0.00024181615,0.0,0.0,0.0,0.019763226,0.0,0.015121909,0.0,0.0,0.0,0.0,0.0,0.0,0.0,0.0,0.0,0.0,0.0,0.0,0.0,0.0,0.0,0.0,0.0,0.0,0.0,0.0,0.0,0.0,0.0,0.0,0.0,0.0,0.0,0.0,0.00063508115,0.0,0.0,0.0,0.00012889311,0.0,0.0,0.0,0.0,0.0,0.0,0.0,0.0,0.0,0.0,0.0,0.0,0.0,0.0,0.0,0.0,0.0,0.0,0.0,0.011405003,0.0,0.0,0.0,0.0,0.0,0.0,0.0,0.0,0.0,0.0,0.0011800682,0.0,0.0014998484,0.0,0.0,0.0,0.0,0.0,0.0,0.0,0.0,0.0,0.0,0.0,0.0,0.0,0.0,0.0,0.0,0.0,0.0,0.0,0.0,0.0,0.0,0.0,0.0,0.0,0.0,0.0,0.0,0.0,0.0,0.0,0.0,0.0,0.0,0.0,0.0,0.0,0.0,0.0,0.0,0.0,0.0,0.0,0.0,0.0,0.4033354,0.0,0.0,0.0,0.0,0.0,0.0,0.0,0.0,0.0,0.0010314689,0.0,0.0,0.0,0.0,0.0,0.0,0.0,0.0,0.0,0.0,0.0,0.0,0.0,0.0,0.0,0.0,0.0,0.0,0.0,0.0,0.0,0.0,0.0,0.0,0.0,0.0,0.0,0.0,0.0,0.0,0.0,0.3119966,0.0,0.0,0.012404042,0.0,0.0,0.0,0.0,0.0,0.0,0.0,0.0,0.0,0.0,0.0,0.0,0.0,0.0,0.0,0.0,0.0,0.00071250874,0.0,0.0,0.0,0.0,0.0,0.0,0.0,0.0,0.0,0.0,0.0,0.008630945,0.0,0.0,0.0,0.0,0.0,0.0,0.0,0.0,0.0,0.0,0.0,0.0,0.00025689538,0.0,0.0,0.0,0.0,0.20101948,0.0,0.0,0.0,0.0,0.0,0.0,0.0,0.0,0.0,0.0,0.0,0.0,0.0,0.0,0.0,0.0,0.0002570047,0.0,0.0,0.0,0.0,0.0,0.0,0.0,0.0,0.0,0.0,0.0,0.0,0.0,0.0,0.0,0.0,0.0,0.0,0.0,0.0,0.0,0.0,0.0,0.0,0.0,0.0,0.0,0.0,0.0
SRR28984357,0.0,0.0,0.0,0.0,0.0,0.0,0.0,0.0,0.0,0.0,0.0,0.0,0.0,0.0,0.0,0.0,0.0,0.0,0.0,0.0,0.0,0.0,0.0,0.0,0.0,0.0,0.0,0.0,0.0,0.0,0.0,0.0,0.0,0.0,0.0,0.0,0.0,0.0,0.0,0.0,0.0,0.0,0.0,0.0,0.0,0.0,0.0,0.0,0.0,0.0,0.0,0.0,0.0,0.0,0.0366247,0.0,0.0,0.010066642,0.0,0.0,0.0,0.0,0.0,0.0,0.0,0.0,0.0,0.0,0.0,0.0,0.0,0.016617674,0.0,0.0,0.0,0.0,0.0,0.0,0.0,0.0,0.0,0.0,0.0,0.0,0.0,0.0,0.008533675,0.0,0.0,0.0,0.0,0.0,0.0,0.0,0.003232527,0.015629135,0.007868624,0.0,0.0,0.0,0.0,0.0,0.0,0.0,0.0,0.012734553,0.0,0.0,0.0,0.0,0.0,0.0,0.0,0.0,0.0,0.0,0.0,0.0,0.0,0.0,0.0,0.0,0.0,0.0,0.0,0.0,0.0,0.0,0.0,0.0,0.0,0.0,0.10815506,0.12734112,0.0,0.07119767,0.1021981,0.10573991,0.0,0.0,0.0,0.0,0.0,0.0,0.0,0.0,0.0,0.0,0.0,0.0,0.0,0.0,0.0,0.0,0.0,0.0,0.0,0.0,0.0,0.0,0.0,0.0,0.0,0.0,0.0,0.0,0.002667412,0.0,0.0,0.0,0.0,0.0,0.0,0.0,0.0,0.0,0.0,0.0,0.0,0.0,0.0,0.0,0.0,0.0,0.009833715,0.0,0.0,0.0,0.0,0.0,0.0,0.0,0.0,0.0,0.0,0.0,0.0,0.0,0.0,0.0,0.011172982,0.0,0.0,0.0,0.0,0.0,0.008980484,0.0,0.0,0.0,0.0,0.0,0.0,0.044161648,0.0,0.0,0.009240939,0.0,0.0,0.0,0.0,0.0,0.0,0.0,0.0,0.0,0.0,0.0,0.0,0.0,0.0,0.0,0.0,0.0,0.0,0.0,0.0,0.0,0.0,0.0,0.0,0.034370348,0.0,0.0,0.0,0.0,0.0,0.022838702,0.0,0.0,0.0,0.14469506,0.0,0.0,0.0,0.0,0.0,0.0,0.0,0.0,0.0,0.0,0.060978673,0.0,0.0,0.0,0.0,0.0,0.0,0.0045649093,0.0,0.0,0.0,0.0,0.0,0.0,0.0,0.0,0.0,0.0,0.0,0.0,0.011409083,0.0,0.0,0.0,0.0,0.0,0.0,0.0,0.0,0.0,0.0,0.0,0.0,0.0,0.0,0.0,0.0,0.0,0.0,0.0,0.0,0.0,0.0,0.009146802,0.0,0.0,0.0,0.0,0.0,0.0
SRR28984368,0.0,0.0,0.0,0.0,0.0,0.0,0.0,0.0,0.0,0.0,0.0,0.0,0.0,0.0,0.0,0.0,0.0,0.0,0.0,0.0,0.0,0.0,0.0,0.0,0.0,0.0,0.0,0.0,0.0,0.0,0.0,0.0,0.0,0.0,0.0,0.0,0.0,0.0,0.0,0.0,0.0,0.0,0.0,0.0,0.0,0.0,0.0,0.0,0.0,0.0,0.0,0.0,0.0,0.0,0.0,0.0,0.0,0.0,0.0,0.0,0.0,0.0,0.0,0.0,0.0,0.0,0.00089432625,0.0,0.0,0.0,0.0,0.0031166277,0.0,0.0,0.0,0.0,0.0,0.0,0.0,0.0,0.0021353692,0.0,0.0,0.0,0.0,0.0,0.0,0.0012540882,0.0,0.0,0.0,0.0,0.0,0.0,0.0,0.011607664,0.0,0.0,0.012462332,0.0,0.0,0.008458032,0.0,0.0,0.0,0.0081380885,0.0,0.0,0.0,0.0,0.0,0.0,0.0,0.0,0.0,0.0080114715,0.0,0.0,0.0,0.0,0.0,0.0,0.0,0.0,0.0,0.0,0.0,0.0,0.0,0.0,0.020850701,0.017880084,0.14502007,0.20129699,0.0,0.04025995,0.069462895,0.017244704,0.05341586,0.0,0.0,0.0,0.0,0.0,0.0,0.0,0.0,0.0,0.0,0.0,0.0,0.0,0.0,0.0,0.0,0.0,0.0,0.0,0.0,0.0007758581,0.0,0.0,0.0,0.0,0.0,0.0,0.0,0.0,0.0,0.0003781981,0.0,0.0,0.0,0.0,0.0,0.0020029654,0.0,0.0,0.0,0.0,0.0,0.0,0.0,0.0,0.05680453,0.006756418,0.0,0.0,0.0,0.0,0.0,0.0,0.00383307,0.0144299315,0.007912835,0.0,0.0,0.0,0.0,0.0,0.01990707,0.002858642,0.0,0.0068579013,0.0,0.0,0.0,0.0,0.0,0.0020815858,0.0,0.0,0.0,0.013591748,0.0,0.0,0.0,0.0,0.0,0.0,0.0,0.0,0.0,0.0,0.004713936,0.0,0.0,0.0022867145,0.0015099521,0.0,0.0,0.0,0.0,0.0025813032,0.0,0.0,0.0,0.0,0.0,0.0,0.0,0.0,0.0,0.0,0.0,0.0,0.0,0.011722922,0.0,0.0,0.0,0.0076741027,0.0,0.0,0.0048994124,0.01699056,0.0,0.0,0.0,0.0,0.036863737,0.08112773,0.015439258,0.023478506,0.0,0.0,0.012030355,0.0,0.0,0.0,0.0021824124,0.001607385,0.014035147,0.0,0.0,0.001156509,0.0,0.0,0.0,0.0,0.0,0.0,0.0,0.0,0.0,0.0,0.0,0.0,0.0,0.0,0.0,0.0,0.0,0.0,0.0,0.0,0.0,0.0,0.0,0.0,0.0,0.0,0.0,0.0,0.0,0.0,0.0,0.0,0.0,0.0,0.0,0.0
SRR28984381,0.0,0.0,0.0,0.0,0.0,0.0,0.0,0.0,0.0,0.0,0.0,0.0,0.0,0.0,0.0,0.0,0.0,0.0,0.0,0.0,0.0,0.0,0.0,0.0,0.0,0.0,0.0,0.0,0.0,0.0,0.0,0.0,0.0,0.0,0.0,0.0,0.0,0.0,0.0,0.0,0.0,0.0,0.0,0.0,0.0,0.0,0.0,0.0,0.0,0.0,0.0,0.0,0.0,0.0,0.0,0.0,0.0,0.0,0.0,0.0,0.0,0.0,0.0,0.0,0.0,0.0,0.0,0.0,0.0,0.0,0.0,0.0,0.0,0.0,0.0,0.0,0.0,0.0,0.0,0.0,0.0,0.0,0.0,0.0,0.0,0.0,0.0,0.0,0.0,0.07200131,0.0,0.0,0.0,0.0,0.0,0.0,0.0,0.0,0.0,0.0,0.0,0.0,0.0,0.0,0.0,0.0,0.0,0.0,0.0,0.0,0.0,0.0,0.087068036,0.0,0.0,0.0,0.04302128,0.0,0.0,0.0,0.0,0.0,0.0,0.0,0.0,0.0,0.0,0.0,0.0,0.0,0.0,0.0,0.14610432,0.0,0.0,0.15494347,0.0,0.07425611,0.0,0.0,0.0,0.0,0.0,0.0,0.0,0.062273912,0.0,0.0,0.0,0.0,0.0,0.0,0.0,0.0,0.0,0.0,0.0,0.0,0.0,0.0,0.0,0.0,0.0,0.0,0.0,0.0,0.0,0.0,0.0,0.0,0.0,0.0,0.0,0.0,0.0,0.0,0.0,0.0,0.0,0.0,0.0,0.0,0.0,0.0,0.0,0.0,0.0,0.0,0.0,0.0,0.0,0.0,0.0,0.0,0.0,0.0,0.0,0.0,0.0,0.0,0.0,0.0,0.0,0.0,0.0,0.0,0.0,0.0,0.0,0.0,0.0,0.0,0.0,0.0691343,0.0,0.0,0.0,0.0,0.0,0.0,0.0,0.0,0.0,0.0,0.0,0.0,0.0,0.0,0.019605696,0.0,0.011862033,0.0,0.0,0.0,0.0,0.0,0.0,0.0,0.0,0.0,0.0,0.0,0.0,0.0,0.0,0.0,0.0,0.0,0.0,0.0,0.0,0.0,0.0,0.0,0.0,0.0,0.0,0.0,0.0,0.0,0.0,0.0,0.0,0.0,0.0,0.0,0.0,0.0,0.0,0.0,0.0,0.0,0.0,0.0,0.0,0.0,0.0,0.0,0.0,0.0,0.0,0.0,0.0,0.0,0.0,0.0,0.0,0.0,0.0,0.0,0.0,0.0,0.0,0.0,0.0,0.25972965,0.0,0.0,0.0,0.0,0.0,0.0,0.0,0.0,0.0,0.0,0.0,0.0,0.0,0.0,0.0,0.0
SRR28984399,0.17763846,0.0,0.024719499,0.0,0.007824652,0.004455848,0.0,0.002770377,0.006146191,0.003458558,0.0007412978,0.00092214585,0.0,0.056425586,0.0,0.0,0.0,0.0,0.0,0.0,0.0035400717,0.0,0.0,0.00061542314,0.00045286946,0.0031349072,0.0009317042,0.0,0.008218487,0.18880731,0.0028414421,0.0,1.8195773e-05,0.00040568522,0.0,0.0,0.0,0.0,0.0,0.0,0.005376802,0.00048437333,0.0,0.0,0.0,0.0,0.0,0.0,0.0,0.0005583952,0.00014270261,0.0001273018,5.5678203e-05,0.0010234844,0.0,0.0,0.0,0.0,0.00062449166,0.0,0.0,0.00045045637,2.639436e-05,0.0003177915,0.0,0.00042447497,0.0,0.0026048745,0.0,0.0,0.0,0.0,0.0,2.8377961e-05,0.0,0.0,0.0,0.0,0.0,0.0,0.0,0.0,6.782046e-05,0.000820045,0.0,0.00015422271,0.0,0.0019141044,0.00026170898,8.5025385e-05,0.0,0.0,0.00086559297,0.00012462922,0.0,0.0030182193,0.0,0.00031175208,0.0,0.009712305,0.0,2.0943256e-05,0.0,3.925798e-05,0.11113232,0.0,0.0,0.0,0.0,0.0,9.429766e-05,0.19429818,0.0,0.0,0.0,5.8872614e-05,0.0017515029,0.0,0.0017883495,0.0,0.00026911133,0.0,0.0,0.0,0.0,0.0,0.0,0.0,0.002172509,0.0,0.0,0.0,0.0,0.0007664324,8.5989916e-05,0.0,0.0,0.0018893853,0.0009612179,0.0,0.00016525459,0.020821912,0.0,7.721902e-05,0.0,0.022120362,9.576539e-05,5.6787907e-05,0.0,0.0,0.00010544871,0.0,0.0,0.00012647166,0.0,0.0,0.0,0.0,0.0,0.0,0.082932174,0.00023285329,0.0,0.0,0.0,7.619494e-05,1.8993991e-05,9.06149e-05,0.000193687,0.00036376686,0.0,0.0,0.0027388935,0.0,0.0,0.00038471087,0.0,0.0,0.00035635568,0.0,0.0,0.0,0.0015343801,0.0,0.0,0.0,0.0,0.0,0.0,0.0,0.0,0.0,5.8212758e-05,0.0,0.0,0.0,0.0005000712,0.0,0.0,0.0005084491,0.0,0.0,0.00023981293,0.0,0.0,0.00015245052,0.0,0.0,0.0,0.0,0.0004904162,0.00028552685,0.0,0.0,0.0004336634,6.3659e-05,0.0,0.0,0.0,0.0,0.0,0.0012599591,0.0,0.00014300708,0.0,0.0,0.0,0.00010611421,0.0,0.00074865686,0.0,0.0,0.0,0.0,0.0,0.0002738089,0.0,0.0,0.00015303843,0.0,0.00018276667,0.0,6.4482774e-05,0.0,0.0,7.666309e-05,0.00010530664,0.00042797066,0.0,0.0,0.0,0.0,0.00020989221,0.0,0.0,0.00026958913,0.0,0.00013217043,0.00048550984,0.0,0.0012802006,0.0,0.0,0.0,0.0051475614,0.0,0.0,0.0,0.0,0.0,0.0,4.068554e-05,0.0,0.0,0.0,0.0,0.0,0.0012557381,0.0,0.0026172136,0.0015589024,0.0,0.00085064425,0.0,0.0,0.0,0.0,0.0,0.0,0.0,0.0,0.0,0.0,0.0,0.00030110613,0.0,0.0,0.0,0.0,0.0,0.0,0.00014419299,0.0,0.0,0.0034310285,0.0,0.0007764053,0.0,0.00067571824,0.0002308558,0.0,0.0028485034
SRR28984424,0.035595823,0.0,0.09099033,0.030004669,0.0,0.002452811,0.013651646,0.0047520776,0.011482734,0.0048191906,0.0,0.0,0.020049533,0.0,0.0,0.0,0.0,0.008832843,0.0039763865,0.001290307,0.004455243,0.0059863124,0.0,0.0,0.0,0.0,0.0,0.0,0.0,0.0,0.0,0.0,2.7992848e-05,0.0,0.00013592835,0.0,0.0,4.614914e-05,0.0,0.0,0.00023603093,0.013368394,0.00052820967,0.0,0.0,0.0001634246,0.0,0.0,0.0,0.0037979032,0.0,0.0,0.00028552263,0.00042674848,0.0,0.0,0.0,0.0,0.0054983553,0.0,0.0029029578,0.0,0.0,0.0,4.4225475e-05,0.0,0.0,0.0,0.0,0.0,0.0,0.0,0.0,0.0009822912,0.0,0.0,0.0002487133,0.0,0.0,0.0,0.0,0.025321264,0.0,0.0,0.0,0.0,0.0,0.0,0.001461361,0.008974694,0.0,0.0,0.00073980587,0.0,0.0,0.004163909,0.0,0.0,0.0,0.0,0.0,2.1479766e-05,0.0,3.774718e-05,0.0,0.0,0.0,0.0,7.29898e-05,0.0,0.0,0.0,0.0,0.0,0.0,0.0,0.0016375763,0.0024678768,0.0,2.832568e-05,7.3929965e-05,6.598512e-05,0.0,0.0,0.0,0.0,0.0,0.0,0.0,0.0,0.0,0.0,0.0,0.0,0.23553567,0.0,0.0,0.0,0.0,0.0,0.0,0.0015077817,0.0,0.0,8.863467e-05,0.0,0.0,0.0,0.00028943978,0.0,0.0,0.00013028937,0.00075582706,0.0,0.0,0.0010580403,0.00037195097,0.0,0.0,0.004546902,0.0,0.0,0.0,0.0,0.014948775,0.0,0.0,0.0,0.0,0.0,0.0,0.0,0.00083613314,0.0,0.0025531077,0.0016860819,0.00085700944,0.0,0.0011541616,0.0,0.0,0.0,0.019046528,0.0,0.0,0.0,0.0,0.0,0.0,0.0,0.0,0.0,0.0,0.0,0.0,0.0,0.0,0.0,0.0,0.0035981713,0.0,0.0004646222,0.0009666081,0.0,0.0,0.0009795235,0.0,0.00013686021,0.0,0.00082070316,0.0,0.06883371,0.0,0.0,0.058072485,0.0,0.0,0.0,0.0,0.0,0.0,0.0,0.0019238751,0.0,0.0,0.0,0.0,0.0,0.0,0.0016095011,0.0,0.0,0.0016390607,0.0,0.0,0.0061826375,0.0,0.0,0.00018393616,0.0,0.0,0.0,0.0021766077,0.0,0.0,4.4227683e-05,0.0,0.06812476,0.0,0.0,0.0,0.0,0.0,0.047348596,0.0,0.0007628306,0.0,0.0,0.0,0.002041996,0.0004262337,0.0005079749,0.0,0.0,0.0,0.0,0.0,0.0,0.0,0.0,3.540971e-05,0.0,0.00013907228,0.0,0.0,0.0,0.0,0.0,0.0,0.0,0.0,0.0,0.0003087833,0.0,0.0,0.0,5.1745632e-05,0.0,0.074392386,0.0,0.0,0.00017649395,0.058250263,8.952186e-05,0.00012352786,0.0,0.0,0.0,0.0,4.3870787e-05,0.00018261308,0.0,6.675116e-05,0.0,0.0,0.0,0.0017547975,0.0,0.0,7.399053e-05,0.0,0.0
SRR28984440,0.0,0.0,0.0,0.0,0.0,0.0,0.0,0.0,0.0,0.0,0.0,0.0,0.0,0.0,0.0,0.0,0.0,0.0,0.0,0.0,0.0,0.0,0.0,0.0,0.0,0.0,0.0,0.0,0.0,0.0,0.0,0.0,0.0,0.0,0.0,0.0,0.0,0.0,0.0,0.0,0.0,0.0,0.0,0.0,0.0,0.0,0.0,0.0,0.0,0.0,0.0,0.0,0.0,0.016208956,0.0,0.0,0.0,0.0,0.0,0.0,0.0,0.0,0.0,0.0,0.0,0.0,0.0,0.0,0.0,0.0,0.0,0.0,0.0,0.0,0.0,0.0,0.0,0.0,0.0,0.0,0.0,0.0,0.0,0.0,0.0,0.022361686,0.0,0.0,0.01075464,0.010291488,0.0,0.0,0.0,0.0,0.0,0.0014368764,0.0,0.0,0.0,0.0,0.0,0.0,0.0,0.0059397416,0.0,0.0,0.0,0.0,0.0,0.0,0.0,0.0,0.0,0.0,0.0,0.0,0.0,0.0,0.0,0.0,0.0,0.0,0.0,0.0,0.0,0.0017233053,0.0,0.0,0.0,0.0,0.0,0.0,0.0,0.0,0.0,0.0,0.0,0.0,0.0,0.0,0.0,0.0,0.0,0.0,0.0,0.0,0.0,0.0,0.0,0.0,0.0,0.0,0.0,0.0,0.0,0.0,0.0,0.0,0.0,0.00079233863,0.0,0.0,0.0,0.0,0.0,0.0,0.0,0.0,0.0,0.0,0.0,0.0,0.0,0.0,0.0,0.008663344,0.0,0.0,0.0,0.0,0.0,0.0,0.66492224,0.0,0.0,0.0,0.0,0.0,0.0,0.0,0.0,0.0,0.0,0.0,0.0,0.0,0.0,0.006441743,0.0,0.0,0.0,0.0,0.0,0.0,0.0,0.0,0.06998483,0.016057367,0.0,0.0,0.0,0.0,0.0,0.0058558187,0.0,0.0,0.003223825,0.0,0.0,0.0,0.0,0.0,0.0,0.0,0.0,0.0,0.0,0.0,0.0,0.0,0.0,0.0,0.0023131468,0.0,0.0,0.006236375,0.0,0.0,0.0,0.0,0.0,0.09446054,0.0,0.0,0.0,0.0,0.0,0.046794157,0.0,0.0,0.005537526,0.0,0.0,0.0,0.0,0.0,0.0,0.0,0.0,0.0,0.0,0.0,0.0,0.0,0.0,0.0,0.0,0.0,0.0,0.0,0.0,0.0,0.0,0.0,0.0,0.0,0.0,0.0,0.0,0.0,0.0,0.0,0.0,0.0,0.0,0.0,0.0,0.0,0.0,0.0,0.0,0.0,0.0,0.0,0.0,0.0,0.0,0.0,0.0,0.0,0.0,0.0,0.0,0.0,0.0,0.0,0.0,0.0,0.0,0.0,0.0,0.0
SRR28984541,0.0,7.683774e-05,0.0,0.10026758,0.0021173907,0.0053348993,0.008993156,0.007736619,0.00012439424,0.014176042,0.0,0.0,0.09481749,0.01857641,7.556764e-05,0.0,4.0088686e-05,6.616709e-05,0.0,0.0,0.0,0.0,0.0,0.0015087086,0.0,0.0,0.0,0.0,0.0,0.019188063,0.001170246,8.000123e-05,0.0,0.0,4.5525812e-05,0.0,0.0,4.3471413e-05,5.8045975e-05,0.0023952888,0.0022368312,0.0019841366,0.00036627977,0.0,0.0,0.0,0.0,3.7365367e-05,0.0,0.0022108797,0.00015441,0.0,0.0,0.0,0.0,1.4778718e-05,2.983192e-05,0.0,8.910663e-05,0.0,0.0,0.0012222338,0.0,0.0,0.0,0.0,1.4996325e-05,0.0,0.0,0.0,0.00077606423,0.0,0.0,0.0,0.0,0.0,0.0008673032,0.0,0.0,0.0,0.0,0.0,0.0,0.0,0.0,0.006406816,0.0,0.0,0.0024796952,0.075031854,0.0,0.0,0.0,0.0,0.0,0.052971765,0.0,0.0007739569,0.0,0.00010562624,0.0,4.316467e-05,0.0,0.001077139,0.0,0.0,0.0,0.0,8.8006e-05,0.0,0.0,0.0,0.08159741,0.0,4.040181e-05,0.0,0.019415671,0.0,0.0,0.0,0.00092110917,0.0001473338,0.0,0.0010441553,0.0,0.0,0.0002802161,0.0,0.0,0.0,0.0,0.0,0.00020098843,0.0,9.20221e-05,0.0,0.0,0.0,9.7966404e-05,0.0,0.0005259181,0.009424076,0.0,0.00067887706,0.00014100836,0.0,6.26287e-05,0.0,0.00018642428,0.0,0.000111136134,0.0,0.0007078241,0.0,0.0,0.0,0.0,0.0,0.0,0.011004137,0.0,0.0,0.0,0.055276245,0.0,0.0,0.0,3.1126663e-05,0.0,0.0,0.0,0.0,0.0024674563,0.0,0.07478194,0.00466751,0.0,0.0,0.001000218,0.0,0.0,0.0,0.01414187,0.0,0.0,0.0,0.0,0.0,0.0,0.0,0.0,0.0,0.0,0.0,0.0,0.0,0.0,0.0,0.038608965,0.0001071745,0.0,0.0,0.0,0.0,0.0,0.018387923,0.0,0.0,0.0051628514,0.0,0.0,0.00077237905,0.031123413,0.0,0.018993102,0.0,0.0011697299,0.012442155,0.0,4.227367e-05,0.0,0.0,0.0,0.0008547512,0.0,0.001598432,0.0,2.9823343e-05,0.0,0.01261109,0.0,0.011040813,0.0,0.0,0.0001102954,0.0010308091,0.0,0.0,0.00019220705,0.0,0.0024459907,0.0,0.010814809,0.0,3.967417e-05,0.00016294255,0.0019311634,0.0107104145,0.006367071,0.0,0.0,0.0,0.00036868808,0.0,0.0,0.0,0.0,0.0,3.7524376e-05,0.0015941631,0.0,0.0,0.0,0.0,0.00012457075,8.600818e-05,0.0,0.0,0.0,0.0,0.0,0.0,0.0,0.00048212445,0.0,0.0,0.0,0.0,0.009090188,0.01358278,0.004796096,0.016455011,0.0,0.0,0.0,0.0023411985,0.00045307947,0.016219731,0.0,0.019912427,0.02047479,0.0,0.0,2.9983115e-05,6.981622e-05,0.0,0.0,0.0,0.0,0.0,9.5412244e-05,0.0,0.0,0.0,0.0,4.2595155e-05,0.00010371629,0.0,0.0019696406,0.0,0.0,0.0
SRR28984707,0.0,0.0,0.0024877307,0.1634098,0.017678391,0.007383883,0.0,0.0,0.0,0.01831945,0.0,0.0033742895,0.11186877,0.010969749,0.0,0.20199935,0.1760255,0.005517521,0.0,0.0021617238,0.0,0.0,0.0,0.0,0.0008784405,0.0,0.000113934315,0.0,0.0,0.0029087416,0.0048127654,0.0,0.0,0.0,0.0,0.0,0.0,0.0,0.0,0.002039418,0.02545156,0.004411603,0.00020506354,0.0,0.0010990732,0.0,0.0,0.0,0.0,8.1277154e-05,0.00010524006,0.0,0.0,0.0,0.0,0.0,0.0,0.0,0.0,0.0,0.0,0.0,0.0,0.0,0.0,0.0,0.0,0.0,0.0,0.0,0.00042389054,0.0,0.0,0.0,0.0,0.0,0.0,0.0007600075,0.0,0.0,0.0,0.0,4.465724e-05,0.0,0.0,0.0,0.0,0.00031603215,0.00024125582,0.0033616507,0.0,0.0,0.0,0.00015907732,0.0008487651,0.023022003,0.0001131417,0.00027867925,0.0,0.0,0.0002012589,0.0,0.0,0.0,0.0,0.00013003328,0.00013724076,0.0,0.000166199,0.00019439918,0.0,0.008591122,0.0,0.0,0.0,0.0,0.00022301367,0.00028592892,0.0,0.0,0.00020377975,0.0,0.0,0.00046257715,0.0,0.0,0.00023995526,0.0,0.0,0.0,0.0,0.0060622357,0.009183343,0.0,0.00017073454,0.0,0.0,0.005466604,0.0,0.0,0.0,0.00032773486,0.0,0.0,0.00016818552,2.7116499e-05,0.0,0.0,0.0,0.0,7.953353e-05,0.0,6.1559615e-05,0.00062777946,0.0,0.0,8.0236285e-05,5.2629002e-05,7.961756e-05,0.00038017277,0.0,3.577588e-05,0.0,0.0,0.0018078628,0.000114140224,0.0,0.0,0.0003315927,0.0,0.0,0.0,0.0,0.0,0.0,0.00026392174,0.0,0.0,0.0004322443,0.0,0.0,0.0,0.00087520014,0.0,0.0,0.0,0.0,0.00011551197,0.0,0.0,0.0,0.000114850394,0.0,0.0,0.0,0.0003958889,0.00029635036,0.0007819036,0.0,5.9654332e-05,0.0,0.0,0.0,0.0,7.8776146e-05,0.027115215,0.0,0.0017869262,0.0,0.0,0.0,0.0008718907,0.0,0.0,0.0,0.0,0.0,0.0,0.0,0.0,0.0005744308,0.0038507876,0.0,0.00014940818,0.0,0.0,0.0,0.0027834564,0.0,0.00070784375,5.903078e-05,0.0,0.0,0.0,0.0,0.0,0.0,0.0017503654,0.00022043458,0.0,0.0,0.0,0.0009965494,0.0,0.0,0.0,0.00023827913,0.0,0.0,0.0,0.0,0.0,0.049761765,0.0,0.0,0.0,0.0,0.0,0.0,0.0,0.0024395639,0.0,0.0,0.0,0.0,0.00019784232,0.0,0.0,0.0,0.0,0.0,0.0,0.0,0.00023886544,0.0,0.0,0.0,0.0,2.6337279e-05,0.0,0.0,0.0,7.9297526e-05,0.0,0.0,0.0,0.0,0.0,0.0,0.0,0.0,0.0020182116,0.0,0.06548002,0.0,0.0,0.0,0.0,0.0,0.0,0.0,0.0,0.0,0.0,0.004748939,0.0,0.0,0.0,0.0016996524,0.0,0.0,2.5913354e-05
SRR28984716,0.0,0.0,0.0,0.0,0.12748492,0.73653996,0.011695885,0.0,0.0,0.04361354,0.0,0.0,0.0,0.00070034666,0.0,0.0,0.0,0.00032450928,0.0,0.0,7.793727e-05,0.0,4.9064514e-05,2.540436e-05,0.0,0.00023148654,0.0,0.0,0.0015017901,5.114142e-05,2.597499e-05,0.0,0.0,0.0,0.0,0.0,0.0,0.0,0.0,0.0,0.0041085538,0.0007677961,0.0,0.0,0.0,0.0,0.0,0.0,0.0,0.0,0.0,0.0,0.0,0.00017689269,0.0,0.0,0.0,0.0,0.0,0.0,0.0,0.0,0.0,0.0,0.0,0.0,0.0,0.0,0.0,0.0,0.0,0.0,0.0,0.0,0.0,0.0,0.0,0.0,0.0,0.0,0.0,0.0,0.0,0.0,0.0,0.0,0.0,0.0,0.0,9.983447e-05,0.0,0.0,0.0,0.0,0.0,7.056458e-05,0.0,0.0,0.0,0.0,0.0,0.0,0.0,0.0,0.0,0.0,0.0,0.0,0.0,0.0,0.0,0.0,0.0,0.0,0.0010495748,0.0,0.0,0.0,4.8959788e-05,0.0,0.0,0.0,0.0,0.0,0.0,0.0,0.0,0.0,0.0,0.00090421474,0.0,0.0,0.0,0.0,0.0,0.0,0.0,0.0,0.0,0.0,0.0,0.013987103,0.002143529,0.0,0.0,0.0,0.0,0.0,0.0,0.0,0.0,0.0,0.0,0.0,0.0,0.0,0.0,0.0,0.0,0.0,0.0,0.0,0.0,0.0,0.0,0.0,0.0,0.0,0.0,0.0,0.0,0.0,0.0,0.0,0.0,0.0,0.0,0.0,0.0,0.0,0.0,0.0,0.0018241473,0.0,0.0,0.0,0.0,0.0,0.0,0.0,0.0,0.0,0.0,0.0,0.0,0.0,0.0,0.0,0.0,0.0,0.0,0.0,0.0,0.0,0.0,0.0,0.0,0.0,0.0,0.0,0.0,0.0,0.0,0.0,0.0010183913,0.0,0.0,0.0,0.0,0.0,0.0,0.0,0.0,0.0,0.0,0.0,0.0,0.0,0.0,0.0,1.4097837e-05,0.0,0.0,0.0,0.0,0.0,0.0,0.0,0.0,0.0,0.0,0.0,0.0,0.0,0.0,0.0,0.0,0.0061281263,0.0,0.0,0.0,0.0,0.00017643555,0.0,0.0,2.5436582e-05,0.0,0.0,0.0,0.0,0.0,0.0,0.0,0.0,0.0,0.00010499792,0.0,0.0,0.0,0.0,0.0,0.0,0.0,0.0,0.0,0.0,0.0,0.0,0.0,0.0,0.0,0.0,0.0,0.0,0.0,0.0,0.0,0.0,0.0,0.0,0.0,0.0,0.0,0.0,0.0,0.0,0.0,0.0,0.0,0.0,0.0,0.0,0.0,0.0,0.0,0.0,0.0,0.0,0.0,2.54123e-05,0.0,0.045004036
