"sampleid","RS-GCF-008572665.1-NZ-VVXZ01000155.1","MJ006-1-barcode35-umi150744bins-ubs-3","RS-GCF-900217715.1-NZ-OBMS01000001.1","RS-GCF-000273275.1-NZ-JH724268.1--2","RS-GCF-015554445.1-NZ-JADNIN010000006.1","RS-GCF-007556425.1-NZ-RWHY01000133.1","RS-GCF-000178275.1-NZ-ADMO01000058.1","RS-GCF-003602705.1-NZ-QTLK01000079.1","RS-GCF-019052575.1-NZ-JAHQVA010000078.1","RS-GCF-001405735.1-NZ-CZBG01000049.1","RS-GCF-018785965.1-NZ-WTXO01000164.1","MJ006-2-barcode69-umi180908bins-ubs-3","RS-GCF-019130915.1-NZ-JAHOLF010000125.1","GB-GCA-008669045.1-RQAJ01000001.1","AY126616","RS-GCF-003458915.1-NZ-QRTR01000015.1","RS-GCF-016902315.1-NZ-JACJLS010000083.1","RS-GCF-015667355.1-NZ-JADPDX010000086.1","GB-GCA-000980385.1-LARF01000116.1","MJ006-2-barcode54-umi268101bins-ubs-3","RS-GCF-015547935.1-NZ-JADMWC010000052.1","RS-GCF-004569355.1-NZ-SPPR01000066.1","RS-GCF-015548455.1-NZ-JADMXA010000042.1","RS-GCF-018784285.1-NZ-WQOB01000007.1","GB-GCA-003471845.1-QRKF01000046.1","GB-GCA-000980245.1-LARE01000167.1","AB600999","LC468801","RS-GCF-008422885.1-NZ-VVKB01000025.1","RS-GCF-009663755.1-NZ-RDBS01000044.1","GB-GCA-000980475.1-LARM01000062.1","GB-GCA-905373295.1-CAJPSJ010000093.1","RS-GCF-001810545.1-NZ-KV801801.1","AJ867049","GB-GCA-900539315.1-UQBL01000026.1","RS-GCF-001703875.1-NZ-MBLT01000492.1","RS-GCF-009679795.1-NZ-WKPZ01000065.1","GB-GCA-000155935.2-GL531761.1","RS-GCF-001455265.1-NZ-LKPE01000028.1","RS-GCF-002157665.1-NZ-BDOS01000001.1","GB-GCA-900767615.1-CAAFZU010000193.1","RS-GCF-018619375.1-NZ-JAHHFT010000043.1","RS-GCF-003942595.1-NZ-RJNL01000019.1","RS-GCF-014435245.1-NZ-JAAPAW010000035.1","RS-GCF-003942365.1-NZ-RJMR01000019.1","RS-GCF-014853615.1-NZ-JACZAP010000041.1","RS-GCF-000204355.1-NZ-GL883585.1","AB649277","GB-GCA-900762515.1-CAAFHA010000156.1","RS-GCF-015560315.1-NZ-JADMRP010000002.1","RS-GCF-002160725.1-NZ-NFLD01000076.1","RS-GCF-000186525.1-NZ-GL636591.1","MT500785","GB-GCA-016742415.1-JAEPEL010000544.1","RS-GCF-001949725.1-NZ-MASC01000067.1","RS-GCF-002243155.1-NZ-NDYH01000035.1","AB691575","RS-GCF-002301595.1-NZ-MOQF01000146.1","RS-GCF-013293385.1-NZ-JAAKAA010000059.1","RS-GCF-000808015.1-NZ-JWHR01000141.1","GB-GCA-018376935.1-JAHAAJ010000118.1","MJ006-1-barcode39-umi72580bins-ubs-5","MJ006-1-barcode39-umi63437bins-ubs-7","MJ006-1-barcode26-umi102566bins-ubs-4","AB037875","MJ006-1-barcode46-umi8567bins-ubs-20","MJ006-1-barcode43-umi205212bins-ubs-3","KY978733","RS-GCF-016901775.1-NZ-JACJKW010000039.1","MJ006-1-barcode46-umi18951bins-ubs-14","MJ006-1-barcode27-umi167887bins-ubs-3","RS-GCF-018785515.1-NZ-WQPY01000015.1","RS-GCF-003478905.1-NZ-QUFY01000092.1","GB-GCA-900066795.1-FMGD01000054.1","MJ006-2-barcode57-umi104473bins-ubs-4","MJ006-1-barcode27-umi101563bins-ubs-4","MJ006-2-barcode58-umi242477bins-ubs-3","MJ006-2-barcode65-umi95747bins-ubs-5","MJ005-barcode65-umi53832bins-ubs-5","RS-GCF-002160355.1-NZ-NFKK01000045.1","GB-GCA-905205225.1-CAJLCQ010000084.1","MJ006-1-barcode37-umi59724bins-ubs-6","MJ006-2-barcode58-umi159070bins-ubs-3","MJ006-2-barcode70-umi122999bins-ubs-4","MJ006-2-barcode63-umi35131bins-ubs-9","MJ006-2-barcode69-umi156603bins-ubs-3","RS-GCF-016899775.1-NZ-JACJJE010000125.1","GB-GCA-900066645.1-FMFR01000008.1","LC371917","GB-GCA-900756345.1-CAAEJT010000082.1","RS-GCF-015547855.1-NZ-JADMVZ010000093.1","RS-GCF-015671335.1-NZ-JADPCY010000242.1","KC311367","MJ006-2-barcode65-umi224243bins-ubs-4","MJ006-2-barcode65-umi124081bins-ubs-4","RS-GCF-000469425.1-NZ-KI271465.1","RS-GCF-016902445.1-NZ-JACSNX010000046.1","LC522513","GB-GCA-900545115.1-UQXN01000021.1","LC522510","MJ006-2-barcode62-umi175727bins-ubs-3","GB-GCA-905212915.1-CAJMGJ010000030.1","MJ006-1-barcode38-umi129218bins-ubs-3","MJ006-2-barcode63-umi134737bins-ubs-4","MJ006-1-barcode34-umi155007bins-ubs-4","MJ006-1-barcode34-umi121582bins-ubs-4","MJ006-1-barcode38-umi134760bins-ubs-3","MJ006-1-barcode39-umi107659bins-ubs-4","MJ006-1-barcode38-umi122084bins-ubs-4","MJ006-2-barcode65-umi125708bins-ubs-5","MJ006-1-barcode39-umi143835bins-ubs-3","MJ006-1-barcode38-umi115514bins-ubs-4","GB-GCA-018052775.1-JAGPMS010000005.1","MJ030-2-barcode67-umi106306bins-ubs-3","MJ006-2-barcode58-umi188181bins-ubs-3","RS-GCF-900291485.1-NZ-OLKO01000008.1","AJ305238","MJ006-1-barcode31-umi57171bins-ubs-6","MJ006-1-barcode38-umi101890bins-ubs-4","MJ006-1-barcode26-umi151360bins-ubs-3","MJ006-2-barcode57-umi34456bins-ubs-9","MJ006-2-barcode59-umi168240bins-ubs-3","MJ006-1-barcode45-umi132397bins-ubs-3","MJ006-1-barcode38-umi163059bins-ubs-3","MJ006-2-barcode52-umi34422bins-ubs-9","MJ005-barcode41-umi54088bins-ubs-6","GB-GCA-018364155.1-JAGZMM010000005.1","MJ006-1-barcode25-umi66634bins-ubs-6","MJ006-2-barcode65-umi108490bins-ubs-4","MJ010-1-barcode30-umi140005bins-ubs-4","MJ006-2-barcode60-umi141800bins-ubs-3","RS-GCF-018784645.1-NZ-WQOM01000090.1","GB-GCA-014868765.1-WHEU01000011.1","MJ006-1-barcode39-umi142106bins-ubs-3","RS-GCF-001406755.1-NZ-CZBX01000028.1","GB-GCA-900066275.1-FMFG01000089.1","RS-GCF-902497365.1-NZ-LR699993.1","MJ006-1-barcode28-umi157746bins-ubs-3","RS-GCF-018784445.1-NZ-WQOH01000081.1","RS-GCF-016900095.1-NZ-JACJJP010000072.1","LN846908","MJ006-1-barcode26-umi145558bins-ubs-3","MJ006-2-barcode63-umi136525bins-ubs-4","MJ006-1-barcode43-umi160673bins-ubs-3","MJ006-1-barcode45-umi227093bins-ubs-3","GB-GCA-015555245.1-JADNKD010000034.1","RS-GCF-003460985.1-NZ-QTWF01000009.1","MJ006-1-barcode42-umi39070bins-ubs-8","MJ006-2-barcode69-umi265631bins-ubs-4","MJ006-1-barcode30-umi119821bins-ubs-4","MJ006-1-barcode35-umi45915bins-ubs-9","LT576408","MJ005-barcode49-umi17498bins-ubs-11","RS-GCF-016901815.1-NZ-JACSNR010000025.1","MJ006-1-barcode39-umi155665bins-ubs-3","MJ006-1-barcode27-umi101868bins-ubs-4","MJ006-1-barcode38-umi137655bins-ubs-3","MJ006-1-barcode48-umi143373bins-ubs-3","MJ030-1-barcode27-umi110525bins-ubs-3","AJ315980","MJ006-1-barcode35-umi91399bins-ubs-6","MJ006-2-barcode64-umi219160bins-ubs-3","KU999999","LT598596","MJ006-2-barcode53-umi133722bins-ubs-4","MJ006-1-barcode40-umi115781bins-ubs-5","MJ006-1-barcode39-umi145585bins-ubs-3","GB-GCA-008673455.1-RPUK01000107.1","MJ006-2-barcode58-umi133469bins-ubs-4","MJ006-2-barcode65-umi178487bins-ubs-3","MJ007-2-barcode58-umi1285bins-ubs-352","AY323228","HE603919","RS-GCF-902363795.1-NZ-CABJBJ010000122.1","MJ006-1-barcode43-umi124055bins-ubs-5","EF564277","DQ279737","MJ006-1-barcode25-umi49470bins-ubs-9","MJ006-2-barcode65-umi128273bins-ubs-4","GB-GCA-910576175.1-CAJTHZ010000212.1","MJ005-barcode25-umi76363bins-ubs-3","MJ030-1-barcode27-umi131406bins-ubs-4","RS-GCF-900108895.1-NZ-FOJH01000156.1","RS-GCF-000371585.1-NZ-KB851059.1","RS-GCF-003481765.1-NZ-QULR01000098.1","MJ006-1-barcode37-umi230976bins-ubs-3","MJ006-1-barcode40-umi116237bins-ubs-5","MJ006-1-barcode40-umi161095bins-ubs-3","MJ006-1-barcode48-umi91350bins-ubs-6","MJ006-1-barcode48-umi125413bins-ubs-3","MJ006-1-barcode43-umi102651bins-ubs-4","MJ006-1-barcode40-umi86277bins-ubs-5","MJ006-2-barcode68-umi143926bins-ubs-3","GB-GCA-900066055.1-FMEF01000035.1","MJ006-2-barcode62-umi136306bins-ubs-4","GB-GCA-018223415.1-JAGTTQ010000001.1--3","MJ006-2-barcode63-umi147819bins-ubs-3","MJ006-1-barcode40-umi81598bins-ubs-5","MJ006-1-barcode39-umi148778bins-ubs-3","GB-GCA-900066735.1-FMFX01000027.1","RS-GCF-003477445.1-NZ-QUDH01000034.1","MJ006-2-barcode60-umi189791bins-ubs-4","KR364760","GB-GCA-003482275.1-QUMI01000015.1","MJ006-2-barcode51-umi163156bins-ubs-3","KR364746","MJ006-1-barcode41-umi228693bins-ubs-3","MJ030-1-barcode49-umi81456bins-ubs-5","AB588023","RS-GCF-003464105.1-NZ-QSDS01000060.1","RS-GCF-000210015.1-NC-021022.1","RS-GCF-003480145.1-NZ-QUIO01000097.1","MJ009-1-barcode40-umi91993bins-ubs-3","RS-GCF-013302025.1-NZ-JAAIPK010000186.1","RS-GCF-013304685.1-NZ-JAAITH010000167.1","MJ006-1-barcode31-umi69421bins-ubs-7","KX025138","GB-GCA-902363515.1-CABJAN010000009.1","GB-GCA-000508925.1-BAHT02000283.1","RS-GCF-013305145.1-NZ-JAAWUT010000083.1","RS-GCF-016899975.1-NZ-JACJJN010000084.1","MJ006-1-barcode45-umi129034bins-ubs-3","MJ006-1-barcode39-umi159128bins-ubs-3","MJ006-2-barcode58-umi133299bins-ubs-4","MJ006-1-barcode26-umi161226bins-ubs-4","KP966093","GB-GCA-000509125.1-BAII02000026.1","RS-GCF-003474085.1-NZ-QRNS01000091.1","RS-GCF-018784865.1-NZ-WQPA01000083.1","MJ006-1-barcode42-umi135709bins-ubs-3","RS-GCF-016900595.1-NZ-JACLYY010000036.1","GB-GCA-017850635.1-JAFILW010000070.1","MJ006-1-barcode31-umi144759bins-ubs-3","RS-GCF-013301525.1-NZ-JAAIOL010000051.1","RS-GCF-013301605.1-NZ-JAAIOQ010000084.1","RS-GCF-013304755.1-NZ-JAAITK010000014.1","MJ006-2-barcode52-umi148324bins-ubs-3","RS-GCF-002160935.1-NZ-NFLO01000044.1","GB-GCA-000509105.1-BAIF02000133.1","MJ006-1-barcode41-umi68770bins-ubs-6","AB233029","RS-GCF-015557345.1-NZ-JADNOC010000089.1","RS-GCF-013303585.1-NZ-JAAIRN010000118.1","RS-GCF-003436725.1-NZ-QSQN01000078.1","RS-GCF-003461005.1-NZ-QTWG01000138.1","MJ006-1-barcode36-umi152347bins-ubs-3","RS-GCF-002161355.1-NZ-NFHL01000016.1","MJ006-1-barcode33-umi150609bins-ubs-3","RS-GCF-003603645.1-NZ-QVHD01000007.1","MJ005-barcode41-umi82693bins-ubs-3","MJ005-barcode25-umi74089bins-ubs-3","GB-GCA-015554585.1-JADNIT010000076.1","GB-GCA-013303885.1-JAAISE010000123.1","GB-GCA-008680325.1-NALL01000016.1","AY305310","RS-GCF-009759525.1-NZ-WGGT01000066.1","MJ006-2-barcode70-umi180588bins-ubs-3","MJ006-2-barcode73-umi180999bins-ubs-3","MJ006-2-barcode61-umi190207bins-ubs-3","MJ006-1-barcode46-umi207799bins-ubs-3","MJ006-1-barcode42-umi125821bins-ubs-3","MJ006-2-barcode61-umi157398bins-ubs-3","MJ006-1-barcode37-umi190318bins-ubs-3","MJ006-2-barcode69-umi146592bins-ubs-4","GB-GCA-000980425.1-LARJ01000055.1","GB-GCA-000509145.1-BAIJ02000227.1","MJ006-1-barcode42-umi174216bins-ubs-3","MJ006-2-barcode52-umi11005bins-ubs-18","GB-GCA-900112995.1-FONU01000001.1","MJ006-2-barcode60-umi204079bins-ubs-3","MJ020-1-barcode44-umi10522bins-ubs-36","MJ009-1-barcode48-umi64870bins-ubs-5","MJ006-2-barcode71-umi90879bins-ubs-5","MJ006-2-barcode59-umi173106bins-ubs-3","MJ006-1-barcode40-umi105749bins-ubs-4","MJ006-1-barcode39-umi116853bins-ubs-4","RS-GCF-002159465.1-NZ-NFIR01000068.1","MJ006-1-barcode46-umi94397bins-ubs-4","RS-GCF-017776345.1-NZ-JAFIQO010000082.1","MJ006-2-barcode71-umi159310bins-ubs-3","AJ270490","MJ005-barcode41-umi73083bins-ubs-3","GB-GCA-910574775.1-CAJTBX010000007.1","MJ005-barcode25-umi17993bins-ubs-12","MJ006-1-barcode43-umi120251bins-ubs-4","MJ006-2-barcode57-umi22102bins-ubs-12","MJ006-1-barcode29-umi85296bins-ubs-5","GB-GCA-001304995.1-BBZU01000039.1","MJ006-1-barcode49-umi104059bins-ubs-5","RS-GCF-002847925.1-NZ-PKHW01000010.1","EF108443","RS-GCF-002959815.1-NZ-PPCZ01000008.1","RS-GCF-001546855.1-NZ-KQ958178.1","AF473835","GB-GCA-900542515.1-UQOA01000002.1","RS-GCF-001812895.1-NZ-KV810708.1","RS-GCF-001809565.1-NZ-KV797954.1","RS-GCF-001814995.1-NZ-KV818677.1","RS-GCF-001064485.1-NZ-JVLW01000023.1","AJ540309","AB538436","AB818950","AY278626","RS-GCF-902167775.1-NZ-CABHND010000018.1","GB-GCA-000468795.1-AWPJ01000352.1","RS-GCF-000702865.1-NZ-JNKM01000001.1","AB266102","RS-GCF-000185625.1-NZ-GL622580.1","CP001726","AB566419","ABXH02000033","GB-GCA-900763655.1-CAAFLB010000040.1"
"SRR22325885",0,0,0,457,0,0,0,36,0,0,0,0,124,25746,0,0,0,0,0,0,0,0,194,0,0,0,0,0,0,0,0,0,0,0,47,0,0,185,0,0,0,37,310,0,0,0,0,0,0,0,0,0,0,0,0,0,0,0,0,0,0,0,0,0,0,0,0,0,0,0,0,0,0,0,0,28,11,0,0,0,0,0,0,0,0,0,0,0,0,0,214,0,0,0,0,0,0,0,0,0,0,0,0,0,0,0,0,0,0,0,0,0,0,0,0,0,0,0,0,0,0,0,0,0,0,0,0,0,0,0,0,0,0,0,0,0,0,0,5,0,0,18,0,0,0,0,0,0,0,0,0,0,0,0,0,0,0,0,0,0,0,0,0,0,0,0,0,0,0,0,0,0,0,0,0,0,0,103,0,0,0,6,901,164,0,0,0,0,0,0,0,0,0,0,0,0,0,0,0,0,0,0,0,0,0,0,0,0,0,0,0,0,0,216,0,0,0,0,23,0,0,0,0,0,0,0,0,0,0,0,0,19,0,0,0,27,0,0,0,0,0,16070,0,0,0,0,0,0,336,1357,0,0,0,0,0,0,0,0,0,0,0,0,0,0,0,0,0,0,0,4,0,0,0,0,0,0,0,0,0,0,0,0,0,45,12,0,0,0,0,0,0,36,0,0,0,0,464,0,40,0,0,0,9,63,442,0,0,0,0,0,0,0
"SRR22325887",0,0,0,0,0,0,0,0,0,0,0,0,0,0,0,0,0,0,0,0,0,0,0,0,0,0,0,0,0,0,0,1355,0,0,0,0,0,0,0,0,0,0,9,0,0,0,0,0,0,0,0,0,0,0,0,0,0,0,0,0,0,0,0,0,0,0,0,0,0,0,0,0,0,0,0,0,0,0,0,104,0,0,0,0,0,0,0,0,0,0,0,0,0,0,0,0,0,0,0,0,0,0,0,0,0,0,0,0,0,0,0,0,0,0,0,0,0,0,0,0,0,0,0,0,0,0,0,0,0,0,0,0,0,0,0,0,0,0,0,0,0,0,0,0,0,0,0,0,0,0,0,0,0,0,0,0,0,0,0,3,0,0,0,0,0,0,0,0,0,0,0,0,0,0,0,0,0,0,0,0,0,0,0,0,0,0,0,0,0,0,0,0,0,0,0,0,0,0,0,0,0,0,0,0,0,0,0,0,0,0,0,0,0,0,0,0,0,0,0,0,0,0,0,0,0,0,0,0,0,0,0,0,0,0,0,0,0,0,0,0,0,0,0,0,0,0,0,0,0,0,0,0,0,0,0,0,0,0,0,0,0,0,0,0,0,0,0,0,0,0,0,0,0,0,0,0,0,0,0,0,0,0,0,0,0,0,0,163,0,0,1587,0,0,0,0,0,0,0,0,0,0,0,0,0,0,0,0,0,0,0,0,0
"SRR22325889",0,0,0,0,0,0,0,0,0,0,0,0,22940,0,0,0,0,0,0,0,0,0,0,0,0,0,0,0,0,0,0,10,0,0,5,0,0,0,0,0,391,0,27,0,0,0,0,0,0,0,0,0,0,0,0,0,0,0,0,0,0,0,0,0,0,0,0,0,0,93,0,0,0,0,0,34,0,0,0,778,0,0,0,0,0,0,0,0,0,1881,0,0,0,0,0,14,0,0,0,0,0,0,0,0,0,0,0,0,0,0,0,0,0,0,0,0,0,0,3,0,0,0,0,0,0,21,0,0,0,0,0,0,0,0,0,0,0,0,0,195,0,808,0,0,3,0,0,0,0,0,43,0,0,0,0,0,0,0,0,0,0,0,0,0,0,0,0,0,0,0,0,0,0,8,0,0,0,576,0,0,0,146,16319,0,0,0,0,0,0,0,0,0,0,0,0,0,0,0,0,306,0,0,0,0,0,0,0,0,0,0,0,0,0,0,0,0,0,0,0,0,0,0,0,0,0,0,111,0,0,0,0,0,0,0,0,0,0,2175,0,0,0,3289,0,0,0,0,466,0,0,5292,0,0,0,0,0,0,0,0,0,0,0,0,0,0,0,0,0,0,0,0,0,0,0,0,0,0,0,0,0,0,0,0,0,0,0,0,0,0,0,501,0,352,0,0,0,3,0,0,0,13,0,0,0,0,0,0,0,0,0,0,0,0
"SRR22325892",0,0,0,0,0,0,0,0,0,0,0,0,0,0,0,0,0,0,0,0,0,0,0,0,0,0,0,0,0,0,0,24,0,0,0,0,0,0,4,0,0,0,0,0,0,0,0,0,0,0,0,0,0,0,0,0,0,0,0,0,0,0,0,0,0,0,0,0,0,0,0,0,0,0,0,0,0,0,0,0,0,0,0,0,0,0,0,0,0,0,0,0,0,0,0,0,0,0,0,0,0,0,0,0,0,0,0,0,0,0,0,0,0,0,0,0,0,0,0,0,0,0,0,0,0,0,0,0,0,0,0,0,0,0,0,0,0,0,0,0,0,0,0,0,0,0,0,0,0,0,0,0,0,0,0,0,0,0,0,0,0,0,0,0,0,0,0,0,0,0,0,0,0,0,0,0,0,0,0,0,0,0,0,0,0,0,0,0,0,0,0,0,0,0,0,0,0,0,0,0,0,0,0,0,0,0,0,0,0,0,0,0,0,0,0,0,0,0,0,0,0,0,0,0,0,0,0,0,0,0,0,0,0,0,0,0,0,0,0,0,0,0,0,0,0,0,0,0,0,0,0,0,0,0,0,0,0,0,0,0,0,0,0,0,0,0,0,0,0,0,0,0,0,0,0,0,0,0,0,0,0,0,0,0,0,0,0,0,0,0,0,0,0,0,0,0,0,0,0,0,0,0,0,0,0,0,0,0,0,0,0,0
"SRR22325893",0,0,0,0,0,0,0,0,0,0,0,0,0,0,0,0,0,0,0,0,0,0,0,0,0,0,0,0,0,0,0,0,0,0,126,0,0,0,11,0,0,0,789,0,0,0,0,0,0,0,0,0,0,0,0,0,0,0,0,0,0,0,0,0,0,0,0,0,0,0,0,0,0,0,0,0,0,0,0,0,0,0,0,0,0,0,0,0,0,0,0,0,0,0,0,0,0,0,0,0,0,0,0,0,0,0,0,0,0,0,0,0,0,0,0,0,0,0,0,0,0,0,0,0,0,0,0,0,0,0,0,0,0,0,0,0,0,0,0,0,0,0,0,0,0,0,0,0,0,0,0,0,0,0,0,0,0,0,0,0,0,0,0,0,0,0,0,0,0,0,0,0,0,0,0,0,0,0,0,0,0,0,0,0,0,0,0,0,0,0,0,0,0,0,0,0,0,0,0,0,0,0,0,0,0,0,0,0,0,0,0,0,0,0,0,0,0,0,0,0,0,0,0,0,0,0,0,0,0,0,0,0,0,0,0,0,0,0,0,0,0,0,0,0,0,0,0,0,0,0,0,0,0,0,0,0,0,0,0,0,0,0,0,0,0,0,0,0,0,0,0,0,0,0,0,0,0,0,0,0,0,0,0,0,0,0,0,0,0,0,0,0,0,0,0,0,0,0,0,0,0,0,0,0,0,0,0,0,0,0,0,0
"SRR22325897",0,0,0,0,0,0,0,0,0,0,0,0,10,0,0,0,0,0,0,0,0,0,0,0,0,0,0,0,0,0,0,1821,0,0,15,0,0,8,0,0,0,14,0,0,0,295,0,0,0,0,531,0,0,58,0,0,3,0,0,2683,0,0,0,0,0,0,0,0,0,0,0,0,0,0,0,0,0,0,408,2720,0,0,0,0,0,0,0,0,0,0,0,0,0,0,0,0,0,0,0,0,0,0,0,0,0,0,0,0,0,0,0,0,0,0,0,0,0,0,0,0,0,0,0,0,0,0,0,0,22,0,0,0,0,0,0,0,0,0,0,759,2190,0,0,0,206,0,0,0,0,0,0,15,0,0,0,0,0,0,0,314,0,0,0,0,0,0,0,0,0,0,0,0,0,0,0,0,0,0,0,0,0,0,0,0,0,0,0,0,0,0,0,0,0,0,0,0,0,0,0,0,0,0,0,0,0,0,0,0,0,0,0,0,0,0,0,0,0,0,0,0,9485,0,0,0,0,92,0,0,0,0,0,0,0,0,0,0,0,0,0,0,0,0,0,0,0,0,387,0,0,0,0,0,0,0,0,0,0,0,0,0,0,0,0,0,0,0,0,0,0,0,0,0,0,0,0,0,0,0,0,0,0,0,0,0,0,0,0,41,0,0,0,9,0,0,0,0,0,0,149,0,0,0,0,0,0,0,0,0,0,0,0,0
"SRR22325900",0,0,0,0,0,0,0,0,0,0,0,0,0,0,0,0,0,0,0,0,0,0,0,0,0,0,0,0,0,0,0,0,0,0,0,0,0,4,0,0,0,0,0,0,0,7,0,0,0,0,0,0,0,0,0,0,0,0,0,0,0,0,0,0,0,0,0,0,0,0,0,0,0,0,0,0,0,0,0,0,0,0,0,0,0,0,0,0,0,0,0,0,0,0,0,0,0,0,0,0,0,0,0,0,0,0,0,0,0,0,0,0,0,0,0,0,0,0,0,0,0,0,0,0,0,0,0,0,0,0,0,0,0,0,0,0,0,8,9,0,0,8,0,0,0,0,0,0,0,0,0,0,0,0,0,0,0,0,0,0,0,0,0,0,0,0,0,0,0,0,0,0,0,0,0,0,0,0,58,0,0,0,5588,0,0,0,0,0,0,0,0,0,0,0,0,0,0,0,0,408,0,0,0,0,0,0,0,0,0,0,0,754,0,3039,0,0,76,0,0,0,0,0,0,0,0,0,0,0,0,0,0,0,0,0,0,0,0,0,0,0,0,0,0,0,0,0,0,0,0,0,0,0,0,0,4008,0,0,0,0,0,0,0,0,0,0,0,0,0,0,0,0,0,0,0,0,0,0,0,0,0,0,0,0,0,0,0,0,0,0,0,12,0,0,0,6,0,0,0,0,0,0,0,0,0,0,0,0,0,0,0,0,0
"SRR22325902",0,0,0,165,409,0,0,43,0,0,0,0,0,623,0,0,0,0,0,0,0,0,0,132,0,0,0,0,0,0,0,0,0,0,0,0,0,0,0,0,0,0,0,0,0,0,0,0,0,0,0,0,0,0,0,0,0,0,0,0,0,0,0,0,0,0,0,0,0,0,0,0,0,0,2,0,0,0,0,0,0,0,0,0,0,0,0,0,0,212,444,0,323,0,0,381,0,0,0,0,0,0,0,0,0,0,0,0,0,0,0,0,0,0,666,0,0,0,0,0,0,0,0,0,0,3,0,0,0,0,0,0,0,0,0,0,0,0,0,0,0,24,0,0,0,0,0,0,0,0,0,0,0,0,0,0,0,50,0,132,1140,0,18,0,0,0,0,0,0,0,0,0,0,0,26,284,25,26,0,0,0,0,612,174,0,0,0,0,0,0,0,0,0,0,0,0,18,0,0,58,0,0,0,0,0,0,0,0,0,0,0,0,0,0,0,0,0,0,0,0,0,0,0,0,0,0,68,0,0,0,0,0,0,0,0,36,0,0,0,0,0,0,0,0,0,0,0,0,0,0,0,0,0,0,0,0,0,0,0,0,0,0,0,0,0,0,0,0,0,0,0,0,0,0,0,0,0,0,0,0,0,0,0,29,0,0,0,31,0,0,0,0,0,0,1680,0,0,0,0,0,0,0,0,0,329,0,0,0,79,0,0,192
"SRR22325904",0,0,0,0,0,0,0,0,0,0,0,0,15,0,0,0,0,0,0,0,0,0,0,0,0,0,0,0,0,0,0,22,0,0,0,0,0,0,0,0,0,0,0,0,0,0,0,0,0,0,0,0,0,0,0,0,0,0,0,0,0,0,0,0,0,0,0,0,0,0,0,0,0,0,0,0,0,0,0,1511,0,0,0,214,0,0,0,0,0,0,0,0,0,0,0,878,0,0,0,0,0,0,0,0,0,0,0,0,0,0,0,0,0,0,0,0,0,0,0,0,0,0,0,0,93,20,287,0,0,0,0,0,0,0,0,0,0,0,0,0,0,0,0,0,0,0,0,0,0,55,0,0,0,279,0,0,0,0,0,4958,0,0,0,0,0,0,0,0,0,0,0,0,0,1221,0,192,0,0,0,0,0,0,0,0,0,0,0,0,0,0,0,0,0,0,0,60,0,0,0,0,0,0,0,0,69,0,0,0,0,0,0,0,0,0,0,0,0,0,0,0,0,0,0,0,0,0,0,0,0,0,0,0,0,0,0,0,0,67,0,0,0,0,0,0,0,0,0,0,0,0,0,0,0,0,0,0,0,0,0,0,0,0,0,0,0,0,0,0,0,0,0,0,0,0,0,0,0,0,0,0,0,0,0,0,0,31,0,0,0,49,18,0,0,0,0,0,0,0,0,0,0,0,0,0,0,0,0,0,0,0,0,0
"SRR22325908",0,0,0,0,0,0,0,0,0,0,0,0,0,0,0,0,0,0,0,0,0,0,0,0,0,0,0,0,17,0,0,0,0,0,47,0,0,0,0,0,0,0,0,0,0,0,0,0,0,0,99,12,0,0,0,0,0,0,0,0,0,0,0,0,0,0,0,0,0,0,0,0,0,0,0,0,13,0,0,0,0,0,0,0,19,0,0,0,0,193,0,0,0,0,0,554,0,0,0,0,0,0,0,0,0,0,0,0,0,0,0,0,0,0,0,0,0,0,106,0,0,0,0,0,0,0,199,0,0,0,0,0,0,0,0,0,0,0,0,0,0,3463,93,0,8,0,0,0,0,0,0,0,0,0,0,0,0,0,0,0,0,0,0,0,0,0,0,0,0,0,0,0,0,0,0,0,0,21,0,0,0,0,1375,0,0,0,0,0,0,38,0,0,0,0,0,0,89,0,0,57,0,0,24,0,0,0,601,139,137,0,0,0,0,0,0,0,0,0,140,0,0,0,0,0,0,664,0,0,0,0,61,0,0,0,0,0,0,0,0,0,0,6660,0,0,0,0,16,197,0,0,0,0,0,0,0,0,0,0,0,1100,0,0,0,0,0,0,0,0,0,0,0,0,0,0,0,0,0,0,0,0,0,0,0,4,0,0,0,0,0,0,0,0,0,296,0,0,0,0,8,14,0,0,15,0,0,0,0,137,1341,0,0,0
"SRR22325910",0,0,0,96,0,0,0,0,24,0,0,0,1050,0,0,3850,0,0,0,0,0,0,0,0,0,0,0,43,0,0,0,0,0,0,0,0,0,0,0,0,0,0,14,0,0,22,0,0,0,0,0,0,0,0,0,0,0,0,0,0,98,0,0,0,0,0,0,0,0,0,0,0,0,0,0,73,21,0,0,0,0,0,0,5,0,0,165,0,8,264,0,0,10,0,0,8,11,0,0,0,0,0,0,31,0,0,0,0,0,0,0,0,0,0,0,0,2,0,9,4,0,0,0,0,0,29,0,0,0,0,0,0,0,0,0,0,0,678,3605,0,0,108,0,0,0,0,0,0,0,0,16,0,0,0,25,0,0,0,0,0,0,0,0,0,0,0,0,0,0,0,0,0,0,0,0,0,0,0,0,0,5,0,185,0,0,0,0,0,0,0,0,0,0,0,0,0,0,0,0,0,0,0,0,0,0,0,641,127,0,8,0,190,0,0,0,0,0,0,0,0,0,0,0,0,0,0,0,0,0,0,0,107,0,0,0,146,43,0,0,0,0,2200,0,0,0,0,16,0,0,1298,0,0,0,0,0,0,0,0,0,0,0,0,0,0,0,0,0,0,0,0,0,0,0,0,0,0,0,0,0,0,0,0,0,0,0,16,0,0,0,0,0,0,0,0,6461,0,0,0,0,0,0,0,0,0,0,0,0,0,25,0,3714,0
"SRR22325911",0,0,0,0,0,0,0,0,0,0,0,0,0,0,0,0,0,0,0,0,0,0,0,0,0,0,0,0,0,0,0,0,0,0,26,0,40,0,0,0,0,0,0,0,0,0,0,0,0,0,0,0,0,0,0,0,0,0,0,0,0,0,0,0,0,0,0,0,0,0,0,0,0,0,0,0,0,0,1710,0,0,0,0,0,0,0,0,0,0,0,0,0,0,0,0,0,0,0,0,0,0,0,0,0,0,0,0,0,0,0,0,0,0,0,0,0,0,0,0,0,0,0,0,0,0,0,0,0,0,0,0,0,0,0,0,0,0,0,0,0,0,0,0,0,0,0,0,0,0,0,0,0,0,0,0,0,0,0,0,2,0,0,0,0,0,0,0,0,0,0,0,0,0,0,0,0,0,0,0,0,0,0,0,0,0,0,0,0,0,0,0,0,0,0,0,0,0,0,0,0,0,0,0,0,0,0,0,0,0,0,0,0,0,0,0,0,0,0,0,0,0,0,0,0,0,0,0,0,0,0,0,0,0,0,0,0,0,0,0,0,0,0,0,0,0,0,0,0,0,0,0,0,0,0,0,0,0,0,0,0,0,0,0,0,0,0,0,0,0,0,0,0,0,0,0,0,0,0,0,0,0,0,0,0,0,0,0,0,0,0,0,0,0,0,0,0,0,0,0,0,0,0,19,0,0,0,0,0,0,0,0,0
"SRR22325912",0,0,0,503,0,0,0,0,0,0,0,0,0,1684,0,0,0,0,0,0,0,13,69,163,0,0,0,0,0,153,0,13,0,0,44,0,0,0,0,4,9189,88,136,0,27,0,0,57,0,0,23,0,0,0,0,0,0,0,0,0,0,0,0,0,0,0,732,0,0,42,0,0,0,0,0,16,0,0,0,0,0,0,0,0,0,121,0,9,28,80,0,0,0,0,11,179,0,17,0,504,0,0,0,22,0,0,0,0,0,0,0,0,0,0,91,0,309,0,11,0,48,0,0,17,0,61,0,0,0,0,0,0,263,48,0,950,1854,0,3081,0,0,36,93,0,9,0,0,0,0,11,2,0,0,0,0,0,0,0,0,0,0,0,0,238,0,0,0,0,0,0,0,0,0,15,37,0,0,0,0,0,0,0,14,0,144,0,0,0,0,0,0,0,41,117,0,0,12,0,65,7,0,14,0,0,0,0,61,15,0,0,0,215,0,1633,0,62,128,0,6,0,0,0,0,0,10,202,0,0,0,0,10,0,0,0,0,78,0,0,12,0,0,1387,0,0,0,0,0,110,0,0,11,0,0,0,655,0,0,0,0,0,0,0,357,0,0,0,0,0,0,266,0,0,0,0,0,0,0,0,0,0,0,0,0,0,0,0,0,124,0,0,0,0,0,0,1035,18,0,0,0,0,0,0,0,2270,620,0,0,235,90,22,0,0
"SRR22325915",0,0,0,409,0,0,0,0,112,0,0,0,0,135,0,649,0,0,0,0,0,0,0,0,0,0,0,0,0,0,0,0,0,0,0,0,0,3,0,0,0,0,0,0,0,0,0,0,0,0,0,0,0,0,0,0,0,0,0,0,0,0,0,2,0,0,0,3,0,0,0,0,0,0,28,0,0,0,0,139,0,0,0,33,0,0,0,0,0,178,0,0,0,0,0,65,0,0,0,0,0,0,0,7,0,0,0,0,2,0,0,0,0,0,0,0,1767,0,0,0,0,0,0,0,0,40,0,0,0,0,0,0,0,0,0,0,0,208,1682,0,0,125,59,0,0,0,0,114,0,0,56,0,0,0,3,0,0,0,0,0,0,0,0,0,0,0,0,0,0,0,0,0,0,0,0,21,0,16,0,0,30,0,986,0,0,291,0,0,0,0,0,0,0,0,0,0,0,56,0,0,0,0,0,0,0,0,0,0,0,0,0,0,0,0,0,25,0,0,0,0,0,0,0,0,0,0,19,0,509,0,0,0,0,0,0,167,0,0,0,0,0,0,0,0,0,0,0,0,0,0,0,0,0,0,0,0,0,0,0,68,0,0,0,0,0,0,0,0,0,0,0,0,0,0,0,0,0,0,0,0,0,0,0,11,0,0,0,0,0,0,0,0,0,0,0,0,0,0,0,0,0,0,0,217,1187,0,0,39,0,0,0,0
"SRR22325919",0,0,0,0,0,0,0,0,0,0,0,0,3099,0,0,0,0,0,0,160,0,0,0,0,0,0,0,0,0,0,0,0,0,0,0,0,0,549,0,0,0,0,0,0,0,0,0,0,0,0,0,0,0,0,0,0,9,0,0,0,155,0,0,0,0,0,0,0,0,0,0,0,0,0,0,0,56,0,0,0,0,0,0,100,303,13,0,0,0,396,371,287,0,0,0,590,0,0,0,0,0,0,0,9,0,0,0,0,0,0,0,0,0,0,0,0,0,0,30,0,0,0,0,0,98,0,0,0,0,0,0,0,0,30,0,0,0,0,3701,0,14,989,0,0,23,0,0,0,0,123,0,0,0,0,65,0,0,0,0,7,0,0,0,0,0,0,0,0,0,0,0,0,0,0,93,46,0,231,0,0,0,168,4321,0,0,0,0,0,0,34,0,28,0,0,0,0,0,0,0,267,0,4,0,0,0,0,37,0,0,0,0,65,0,104,0,0,0,0,0,0,0,0,0,0,0,0,0,0,890,0,0,344,0,0,0,185,0,0,36,0,0,1928,0,0,0,0,23,0,0,0,0,0,0,0,0,0,0,0,0,0,0,0,0,0,0,0,0,0,0,0,0,0,0,0,0,0,0,0,0,0,0,0,0,81,0,99,0,40,0,0,0,0,0,0,0,0,0,0,0,0,0,0,0,0,897,12183,0,0,0,0,0,0
"SRR22325921",0,0,0,0,0,0,0,621,0,0,0,0,6602,0,0,0,0,0,0,0,0,0,0,0,0,0,0,0,0,0,0,0,0,0,248,0,0,12,13,0,0,0,1017,0,0,7,0,0,0,0,0,0,0,0,0,0,0,0,0,0,0,0,0,0,0,0,0,0,0,0,0,0,0,0,28,0,0,0,0,0,0,0,0,0,0,92,0,0,0,135,183,0,0,0,0,12,0,0,0,0,0,0,0,0,0,0,0,0,0,0,0,0,0,0,0,0,0,0,0,0,0,0,0,0,0,37,0,0,0,0,0,0,0,0,0,0,0,0,0,0,0,2,0,0,0,0,0,0,0,0,4,0,0,5,0,0,0,0,0,0,0,0,0,0,0,0,0,0,0,0,0,0,0,0,1178,0,0,14,0,0,0,0,237,31,0,0,0,0,0,0,0,0,0,0,0,0,0,0,0,7,0,0,0,0,0,0,3748,0,0,0,0,0,0,1749,0,40,0,20,0,0,0,0,0,0,0,0,0,0,0,0,0,0,0,0,0,243,62,0,0,30,39,2242,0,0,0,0,0,0,181,823,0,0,0,0,0,0,0,0,0,0,0,0,0,0,0,0,0,0,0,0,7,0,0,0,0,0,0,0,0,0,0,0,0,0,78,0,0,90,0,0,0,0,0,0,4540,0,48,0,3,0,0,0,0,0,4425,0,0,0,10,0,0,0
"SRR22325924",0,0,0,0,0,0,0,0,0,0,0,0,0,0,0,0,0,0,0,0,0,0,0,0,0,0,0,0,0,0,0,0,0,0,37,0,0,0,16,0,0,42,11,0,0,0,0,0,0,0,0,0,0,0,0,0,0,0,0,0,0,0,0,0,0,0,0,0,0,0,0,0,0,0,0,0,0,0,0,281,0,0,0,0,0,0,0,0,0,0,0,0,0,0,0,0,0,0,0,0,0,0,0,0,0,0,0,0,0,0,0,0,0,0,0,0,0,0,0,0,0,0,0,0,0,0,0,0,0,0,0,0,0,0,0,0,0,0,0,0,0,0,0,0,0,0,0,0,0,0,0,0,0,0,28,0,0,0,0,201,0,0,0,0,0,0,0,0,0,0,0,0,0,0,0,0,0,0,0,0,0,0,0,0,0,0,0,0,0,0,0,0,0,0,0,0,0,0,0,0,0,0,0,0,0,0,0,0,0,0,0,0,0,0,0,0,0,0,0,0,0,0,0,0,0,0,0,0,0,0,0,0,0,0,0,0,0,0,0,0,0,0,0,0,0,0,0,0,0,0,0,0,0,0,0,0,0,0,0,0,0,0,0,0,0,0,0,0,0,0,0,0,0,0,0,0,0,0,0,0,0,0,0,0,0,0,0,34,0,0,0,670,0,0,0,0,0,0,4,0,0,0,0,0,0,0,0,0,0,0,0,0
"SRR22325926",0,0,0,0,0,0,0,0,0,0,0,0,0,8,0,0,0,0,0,0,0,0,0,0,0,0,0,0,0,0,0,0,0,0,0,0,0,18,48,0,0,0,0,0,0,28,0,0,0,0,0,0,0,0,0,0,0,0,0,0,0,0,0,0,0,0,0,0,0,0,0,0,0,0,0,0,0,0,0,0,0,0,0,0,0,0,0,0,0,0,0,0,0,0,0,0,0,0,0,0,0,0,0,0,0,0,0,0,0,0,0,0,0,0,0,0,0,0,0,0,0,0,0,0,0,0,0,0,0,0,0,0,0,0,0,0,0,0,0,0,0,0,0,0,0,0,0,0,0,0,0,0,0,0,0,0,0,0,0,0,0,0,0,0,0,0,0,0,0,0,0,0,0,0,0,0,0,0,0,0,0,0,91,0,0,0,0,0,0,0,0,0,0,0,0,0,0,0,0,0,0,0,0,0,0,0,0,0,0,0,0,0,0,0,0,0,0,0,0,0,0,0,0,0,0,0,0,0,0,0,0,0,0,0,0,22,19,0,0,0,0,11,0,0,0,0,0,0,0,0,0,0,0,0,0,0,0,0,0,0,0,0,0,0,0,0,0,0,0,0,0,0,0,0,0,0,0,0,0,0,0,0,0,0,0,0,0,0,0,0,0,0,0,0,0,0,0,0,12,0,0,0,8,0,0,0,0,18,25,0,0,16
"SRR22325928",0,0,0,221,0,0,0,0,2409,0,0,0,8973,0,0,0,0,0,0,17,0,0,3751,0,0,0,544,0,0,0,0,0,0,0,8,0,0,0,0,0,0,0,0,0,0,0,0,0,0,0,0,0,0,0,0,0,0,0,0,0,0,0,0,0,0,0,0,0,0,0,0,0,0,0,67,0,0,0,0,0,0,0,0,0,0,0,0,0,0,1217,0,0,0,0,0,0,0,0,0,0,0,0,0,0,0,0,0,0,0,0,0,0,0,0,0,0,0,0,0,0,0,0,0,0,0,0,0,0,0,0,0,0,0,0,0,0,0,2276,0,0,0,767,0,0,0,0,0,0,0,0,0,0,0,0,9,0,18,0,0,0,0,0,0,0,0,0,0,0,0,0,0,0,0,0,0,8,0,0,0,0,0,0,3007,0,0,0,0,0,0,0,0,0,0,0,0,0,0,0,0,0,0,0,0,0,0,0,3265,528,0,0,0,0,0,0,0,0,0,0,0,0,0,0,0,0,0,0,0,0,0,0,0,0,0,0,0,0,0,0,0,48,35,831,0,0,0,0,0,403,0,0,0,0,0,0,0,0,0,0,0,0,0,0,0,0,0,0,0,0,0,0,0,0,0,0,0,0,0,0,0,0,0,0,0,0,0,0,0,0,0,0,0,0,0,0,8762,0,0,0,0,0,0,0,0,0,6,0,0,0,0,0,0,0
"SRR22325931",0,0,0,0,443,0,0,0,0,0,0,0,0,21298,0,0,0,0,0,0,0,0,0,0,0,0,0,0,0,0,0,462,0,0,2020,0,0,0,0,0,0,0,1639,0,0,7702,0,0,0,0,0,0,0,0,0,0,0,0,0,0,0,0,0,0,0,0,0,0,0,0,0,0,0,0,0,0,0,0,0,0,0,0,0,0,0,0,0,0,2819,0,0,0,0,0,0,0,0,0,0,0,0,0,0,0,0,0,0,0,0,0,0,0,0,0,0,0,0,0,0,0,0,0,0,0,0,0,0,0,0,0,0,0,0,0,0,0,0,0,0,0,0,0,0,0,0,0,0,0,0,0,0,0,0,0,0,0,0,0,0,0,0,0,0,0,0,0,0,0,0,0,0,53,0,0,0,3813,0,0,0,0,0,0,12526,0,0,0,0,0,0,0,0,0,0,0,0,0,0,0,0,0,0,0,0,0,0,0,0,0,0,0,0,0,0,0,0,0,0,0,0,0,0,0,0,0,0,0,0,0,0,0,0,0,0,0,0,0,0,0,0,0,0,0,0,0,0,0,0,0,0,0,0,0,0,0,0,0,0,0,0,0,0,0,0,0,0,0,0,0,0,0,0,0,0,0,0,0,0,0,0,0,0,0,0,0,0,0,0,0,0,0,29,1399,0,0,0,0,780,0,2071,0,0,0,0,0,0,0,0,0,7693,0,0,0
"SRR22325933",0,0,0,0,0,0,0,765,0,0,0,0,0,9470,0,0,0,0,0,0,0,0,0,0,0,0,0,0,40,0,0,0,0,0,0,0,17,0,0,0,0,0,0,0,0,1563,0,0,0,0,45,0,0,0,0,0,0,0,0,0,0,0,0,0,0,0,0,0,0,0,0,0,0,0,0,0,0,0,0,252,0,0,0,0,0,0,0,0,0,0,0,0,0,0,0,0,0,0,0,0,0,0,0,0,0,0,0,0,0,0,0,0,0,0,0,0,0,0,0,0,0,0,0,0,5,12,0,0,0,0,0,0,0,0,0,0,0,0,0,0,0,0,0,0,0,0,0,0,0,0,0,0,0,0,0,0,0,0,0,0,0,0,0,0,0,0,0,0,0,0,0,0,0,21,0,185,0,146,0,0,0,43,2933,414,0,0,0,0,0,0,0,0,0,0,0,0,75,0,0,0,0,0,0,0,0,0,0,0,0,0,0,0,0,0,0,52,0,0,0,0,163,0,0,0,0,0,78,0,0,0,0,0,0,0,0,0,0,0,0,0,0,0,0,0,0,0,0,0,0,0,0,0,0,0,0,0,0,0,0,0,0,0,0,0,0,0,0,0,0,0,0,0,0,0,0,0,0,0,0,0,0,0,0,0,0,0,0,0,0,0,0,0,0,0,0,0,0,0,0,0,0,0,0,0,0,0,0,436,215,0,0,0
"SRR22325934",0,0,0,0,0,0,0,0,0,0,0,0,0,3498,0,0,0,0,0,0,0,0,0,0,0,0,0,0,0,69,0,0,0,0,10,0,0,0,8,0,0,0,0,0,0,0,0,0,0,0,0,0,0,0,0,0,0,0,0,0,0,0,0,0,0,0,0,0,0,562,0,0,0,0,0,200,9,0,0,0,0,0,0,0,0,0,0,0,0,0,0,0,0,0,0,0,0,0,0,0,0,0,0,0,0,0,0,0,0,0,0,0,0,0,0,0,0,0,0,0,0,0,0,0,0,25,0,0,0,0,0,0,0,0,0,0,0,0,0,0,0,0,0,0,0,0,0,0,0,0,0,0,0,0,0,0,0,0,0,0,0,0,0,0,0,0,0,0,0,0,0,0,0,0,0,0,0,0,0,0,0,0,7122,0,0,0,0,0,0,0,0,0,0,0,0,0,0,0,0,0,0,0,0,0,0,0,0,0,0,0,0,0,0,0,0,0,0,0,0,0,0,0,0,0,0,20,0,0,0,0,0,0,0,0,0,0,0,0,0,0,0,0,0,0,0,0,0,0,0,0,0,0,0,0,0,0,0,0,0,0,0,0,0,0,0,0,0,0,0,0,0,0,0,0,0,0,0,0,0,0,0,0,0,0,0,0,0,0,0,0,0,0,0,0,25968,0,0,0,0,0,0,0,0,0,0,0,0,0,0,0,0,0
"SRR22325940",0,0,0,0,0,0,0,0,1235,0,0,0,359,0,80,0,0,0,0,0,0,25,0,0,49,0,0,0,0,0,0,7,0,0,0,0,0,0,0,0,0,0,0,0,0,0,0,0,0,0,0,0,0,0,0,0,0,0,0,0,0,0,13,0,0,0,0,0,0,0,0,0,0,0,0,0,0,0,0,0,0,0,0,0,0,0,239,8,96,276,124,0,0,0,0,397,0,0,0,0,0,0,0,0,0,0,0,0,0,0,0,0,0,0,0,0,0,0,11,10,21,0,0,333,0,40,0,0,0,0,0,0,0,26,0,0,0,0,0,0,0,253,0,66,0,0,0,181,0,6,0,0,0,0,0,0,0,0,0,131,0,0,0,0,0,0,0,0,0,0,0,0,0,0,0,655,0,222,0,0,127,0,44,0,0,0,0,0,0,538,0,0,0,0,0,0,14,0,0,0,0,0,0,0,0,0,194,94,63,0,0,0,0,0,0,0,0,0,10,0,0,0,0,28,0,1252,0,0,0,0,0,20,0,0,0,31,0,0,0,0,0,0,0,0,0,0,0,895,0,0,0,0,0,0,0,0,0,0,0,0,0,0,0,0,0,0,0,0,0,0,0,0,0,0,0,0,0,0,0,0,0,0,0,26,0,0,21,0,0,0,0,0,0,0,0,0,0,0,0,0,0,0,0,0,0,0,0,0,0,0,0,0
"SRR22325943",0,0,0,22,0,0,0,0,0,0,0,0,0,3386,0,0,0,0,0,0,0,83,0,0,0,0,10,162,0,0,33,0,0,0,0,0,0,15,0,0,0,0,0,0,0,0,0,35,0,0,0,175,0,0,0,0,0,8,0,0,0,0,0,0,0,0,0,0,0,44,0,0,0,0,0,65,20,0,0,0,0,0,0,0,0,0,0,0,5,460,0,0,0,0,0,6,0,0,0,0,0,0,0,0,0,0,0,0,0,0,0,0,0,0,0,0,0,0,0,0,0,0,0,0,0,158,0,0,0,0,0,0,0,0,0,0,0,0,948,0,0,126,0,4,3,0,0,0,0,0,20,0,0,0,0,0,0,0,0,0,0,0,0,0,0,0,0,0,0,0,0,0,0,0,21332,393,0,68,0,0,0,0,10771,0,0,0,2,0,0,0,0,0,0,0,0,0,0,0,3415,64,0,0,0,0,0,0,0,0,0,0,0,0,0,0,0,99,0,0,171,0,0,0,0,0,0,149,54,0,0,0,0,0,0,0,0,9,0,0,0,222,30,80,0,0,451,0,0,19,25,0,0,0,0,0,0,0,0,0,0,0,0,0,0,0,0,56,0,0,0,0,0,0,0,0,0,0,0,0,0,0,0,0,0,11,0,0,0,0,0,0,0,0,0,0,10101,0,0,0,0,0,0,0,0,0,15,0,0,351,146,0,0,0
"SRR22325945",0,0,0,0,0,0,0,0,0,0,0,0,0,140,0,0,0,0,0,0,0,4,0,0,0,0,0,3,0,0,0,0,0,0,0,0,0,0,11,0,0,0,0,0,0,0,0,0,0,0,0,0,0,0,0,0,0,0,0,0,0,0,0,0,0,0,0,0,0,0,0,0,0,0,0,0,0,0,0,0,0,0,0,0,0,0,0,0,0,11,0,0,0,0,0,0,0,0,0,0,0,0,0,0,0,0,0,0,0,0,0,0,0,0,0,0,0,0,0,0,0,0,0,0,0,20,0,0,0,0,0,0,0,0,0,0,0,58009,501,0,0,0,0,0,0,0,0,0,0,0,0,0,0,0,0,0,0,0,0,0,0,0,0,0,0,0,0,0,0,0,0,0,0,0,698,0,0,0,0,0,0,0,862,0,64,0,0,0,0,0,0,0,0,0,0,0,0,0,0,0,0,0,0,0,0,0,0,0,0,0,0,4,0,70,0,0,0,0,0,0,0,0,0,0,0,0,0,0,0,0,0,0,0,0,0,0,0,0,0,0,0,0,0,0,0,0,0,0,0,0,0,0,0,0,0,0,0,0,0,0,0,0,0,0,0,0,0,0,0,0,0,0,0,0,0,0,0,0,0,0,0,0,0,0,0,0,0,0,0,0,0,0,0,0,49,0,0,0,0,0,0,0,0,50,0,0,0,0,0,0,4126,0
"SRR22325946",0,0,0,0,0,0,0,0,0,0,0,0,0,0,0,0,0,0,0,0,0,6,0,0,0,0,0,0,0,0,0,0,0,0,0,0,1477,207,0,0,9,0,119,0,0,4,0,0,0,0,0,0,0,0,0,0,0,0,0,0,0,0,0,0,0,0,0,0,0,0,0,0,0,0,0,0,0,0,0,0,0,0,0,0,0,0,3,0,0,0,0,0,0,0,0,0,0,0,0,0,0,0,0,0,0,0,0,0,0,0,0,0,0,0,0,0,0,0,0,0,0,0,0,0,0,0,0,0,0,0,0,0,0,0,0,0,0,0,0,0,0,0,0,0,0,0,0,0,0,0,0,0,0,0,0,0,0,0,0,0,0,0,0,0,0,0,0,0,0,0,0,0,0,0,0,0,0,0,0,0,0,0,0,0,0,0,0,0,0,0,0,0,0,0,0,0,0,0,0,0,0,0,0,0,0,0,0,0,0,0,0,0,0,0,0,0,0,0,0,0,0,0,0,0,0,0,0,0,0,0,0,0,0,0,0,0,0,0,0,0,0,0,0,0,0,0,0,0,0,0,0,0,0,0,0,0,0,0,0,0,0,0,0,0,0,0,0,0,0,0,0,0,0,0,0,0,0,0,0,0,0,0,0,0,0,0,0,0,0,14,0,0,0,0,0,0,0,0,0,0,0,0,0,0,0,0,0,0,0,0,0,0
"SRR22325951",0,0,0,0,0,0,0,493,0,0,0,0,1250,4253,0,0,0,0,0,0,8,0,1292,265,0,0,0,88,0,2321,0,0,0,0,0,0,0,0,0,0,0,0,0,0,0,0,0,0,0,0,0,0,0,0,0,0,0,0,0,0,0,0,9,46,0,0,0,0,0,0,0,0,0,0,31,0,0,0,0,0,0,0,0,0,0,0,374,0,233,1029,0,1755,0,0,0,1003,0,304,0,0,0,0,0,0,25,0,0,0,0,30,0,0,0,0,16,0,513,180,523,0,0,39,0,99,0,29,64,46,15,0,0,0,0,0,0,0,0,0,0,277,0,1879,0,0,71,0,0,37,0,0,34,0,0,0,26,0,0,0,23,57,0,0,13,0,0,0,0,0,0,0,1160,0,0,20,0,1017,0,547,0,0,0,186,2266,0,0,0,0,0,0,0,0,0,0,0,0,152,578,0,0,17,0,0,0,0,0,0,1134,205,0,0,0,0,0,0,0,361,0,0,0,0,0,6,0,0,0,138,0,0,0,0,0,228,0,0,0,0,29,0,11,0,0,1408,0,0,0,0,2224,0,0,0,0,0,0,0,0,0,0,0,0,0,0,0,0,0,0,0,0,0,0,0,0,0,0,0,0,0,0,0,0,0,0,0,0,19,0,0,0,0,0,8,0,0,0,0,2687,0,0,0,2,0,0,0,0,0,0,0,0,0,129,0,0,0
"SRR22325954",0,0,0,0,0,0,0,0,0,0,0,0,0,0,0,0,0,0,0,0,0,0,0,0,0,0,0,0,0,0,0,0,0,0,5748,0,0,0,0,0,538,0,729,0,0,7,0,0,0,0,0,0,0,0,0,0,0,0,0,0,0,0,0,0,0,0,0,0,0,0,0,0,0,0,0,0,0,0,0,0,0,0,0,0,0,0,0,0,0,99,0,0,0,0,0,0,0,0,0,0,0,0,0,0,0,0,0,0,0,0,0,0,0,0,0,0,0,0,0,0,0,0,0,0,0,0,0,0,0,0,0,0,0,0,0,0,0,0,0,0,0,0,0,0,0,0,0,0,0,0,0,0,0,0,0,0,0,0,0,0,0,0,0,0,0,0,0,0,0,0,0,0,0,0,0,0,0,0,0,0,0,0,0,0,0,0,0,0,0,0,0,0,0,0,0,0,0,0,0,0,0,0,0,0,0,0,0,0,0,0,0,0,0,0,0,0,0,0,0,0,0,0,0,0,0,0,0,0,0,0,0,0,0,0,0,0,0,0,0,0,0,63,0,0,0,0,0,0,0,0,0,0,0,0,0,0,0,0,0,0,0,0,0,0,0,0,0,0,0,0,0,0,0,0,0,0,0,0,0,0,0,0,0,0,0,0,0,0,0,0,0,0,0,0,0,0,0,7488,3211,334,0,219,482,0,0,0,0,0,0,0,0,0
"SRR22325956",0,0,0,0,0,0,0,0,0,0,0,0,0,0,0,0,0,0,0,0,0,9,0,0,0,0,0,0,0,0,0,0,0,0,253,0,0,0,15,0,0,0,1227,0,0,0,0,0,0,0,0,0,0,0,0,0,0,0,0,0,0,0,0,0,0,0,0,0,0,0,0,0,0,0,0,0,0,0,0,0,0,0,0,0,0,0,0,0,0,0,0,0,0,0,0,0,0,0,0,0,0,0,0,0,0,0,0,0,0,0,0,0,0,0,0,0,0,0,0,0,0,0,0,0,0,0,0,0,0,0,0,0,0,0,0,0,0,0,0,0,0,0,0,0,0,0,0,0,0,0,7,0,0,0,0,0,0,0,0,0,0,0,0,0,0,0,0,0,0,0,0,12,0,0,0,0,0,0,0,0,0,0,0,0,0,0,0,0,0,0,0,0,0,0,0,0,0,0,0,0,0,0,0,0,0,0,0,0,0,0,0,0,0,0,0,0,0,0,0,0,0,0,0,0,0,0,0,0,0,0,0,0,0,0,0,0,0,0,0,0,0,13,0,0,0,0,0,0,0,0,0,0,0,0,0,0,0,0,0,0,0,0,0,0,0,0,0,0,0,0,0,0,0,0,0,0,0,0,0,0,0,0,0,0,0,0,0,0,0,5,0,0,0,0,0,0,0,0,0,0,0,0,23,0,5,0,0,0,0,0,0,0
"SRR22325957",0,0,0,0,0,0,0,0,0,0,0,0,156,0,0,4029,0,0,0,0,0,0,0,0,0,0,0,22,0,0,0,0,0,0,170,0,0,0,0,0,0,57,134,0,0,0,0,0,0,0,0,0,0,0,0,0,0,0,0,0,0,0,0,0,0,0,0,0,0,0,0,34,0,0,0,0,115,0,0,0,0,0,0,0,0,5286,0,0,4,1091,0,0,0,0,0,835,0,0,0,0,0,0,0,0,0,0,0,0,0,0,0,0,0,0,0,0,0,0,0,0,0,0,0,342,0,348,0,0,0,0,0,0,0,0,0,0,0,80,1290,36,225,269,0,0,0,0,0,0,0,0,0,0,0,0,0,0,0,0,0,0,0,0,0,0,0,0,0,0,0,0,0,0,0,0,0,0,0,318,1095,0,99,0,2883,0,37,0,0,0,1211,0,0,0,353,0,0,0,0,0,6301,43,0,7,0,0,0,0,3995,1097,0,35,0,16,0,1226,0,0,37,0,0,0,0,0,0,0,0,0,28,22,17994,0,0,54,0,0,0,39,0,0,0,0,12,10731,0,0,1350,0,0,569,0,0,0,20,0,0,0,52,0,0,0,0,0,0,49,0,0,0,0,0,0,0,4,0,0,0,0,0,0,0,0,0,0,0,0,0,0,0,0,0,0,0,0,0,0,0,0,26,99,178,0,51,0,33,0,0,73,0,0,0,12,0,0,0
"SRR22325960",0,0,0,0,0,0,0,0,0,0,0,0,0,0,0,0,0,0,0,0,0,0,0,0,0,0,0,0,0,0,0,0,0,0,311,0,4,8,0,0,9,143,48,0,0,9727,0,0,0,0,0,0,0,0,0,3,0,0,0,0,0,0,0,0,0,0,0,0,0,0,0,0,0,0,0,0,233,0,0,237,0,0,0,0,0,0,0,0,0,9016,0,0,0,0,0,0,0,0,0,0,0,0,0,0,0,0,0,0,0,0,0,0,0,0,0,0,0,0,0,0,0,0,0,0,0,0,0,0,0,0,0,0,0,0,0,0,0,0,0,0,0,0,0,0,0,0,0,857,0,0,0,0,0,0,0,0,0,0,0,0,0,0,0,0,0,0,0,0,0,0,0,0,0,0,0,0,0,0,0,0,0,0,0,0,0,0,0,0,0,0,0,0,0,0,0,0,0,0,0,0,0,0,0,0,0,0,0,0,0,0,0,0,0,0,0,6,0,0,0,0,0,0,0,11,0,0,0,0,0,0,0,0,0,0,0,0,0,0,0,0,0,0,0,0,0,0,0,0,0,0,0,0,0,0,0,0,0,0,0,0,0,0,0,0,0,0,0,0,0,0,0,0,0,0,0,0,19,0,0,0,0,0,0,0,0,0,0,0,0,0,0,9,0,0,0,0,0,0,0,6,0,48,7,0,0,0,0,0,0,0,0,0
"SRR22325961",0,0,0,0,0,0,0,0,0,0,0,0,13,0,0,0,0,0,0,0,0,0,0,0,0,0,0,0,0,0,0,520,0,0,697,0,0,0,0,0,0,0,8,0,0,0,0,0,0,0,741,0,0,0,0,0,0,0,0,0,192,0,0,0,0,0,0,0,0,0,0,0,0,0,0,0,0,0,0,0,0,0,0,0,0,0,0,0,0,0,0,0,0,0,0,0,0,0,0,0,0,0,0,0,0,0,0,0,0,0,0,0,0,0,0,0,3,0,0,0,0,0,0,0,0,0,0,0,0,0,0,0,0,30,0,0,0,0,6,0,0,0,0,0,0,0,0,0,0,0,0,0,0,0,0,0,0,0,0,0,0,0,0,0,0,0,0,0,0,0,0,0,0,0,0,0,0,0,0,0,0,0,36654,0,0,0,0,0,0,0,0,0,0,0,0,0,0,0,0,0,0,0,0,0,0,0,0,0,0,0,0,0,0,3654,0,0,0,0,0,0,0,0,0,0,0,0,0,0,0,0,0,0,0,0,0,0,0,0,0,0,0,0,0,0,0,0,0,0,0,0,0,0,0,0,0,0,0,0,0,0,0,0,0,0,0,0,0,0,0,0,0,0,0,0,0,0,0,0,0,0,0,0,0,0,0,0,0,838,0,0,0,0,0,0,0,0,0,0,14,36,0,0,0,0,0,0,0,0,0,0,0,0
"SRR22325965",0,0,0,0,0,0,0,0,859,0,0,0,3774,161,0,473,0,0,0,1,267,0,0,0,0,0,0,0,0,13,0,0,0,0,16,0,0,23,0,0,0,21,0,0,0,0,0,0,0,0,0,0,0,0,0,0,0,0,0,0,0,0,0,0,0,0,0,0,0,116,0,0,0,0,0,128,0,0,0,0,0,0,0,0,0,0,0,0,0,0,0,0,0,0,0,0,0,0,0,0,0,0,0,0,0,0,0,0,0,0,0,0,0,0,0,0,0,0,0,0,0,0,0,0,3,0,0,0,0,0,0,0,0,0,0,0,0,0,0,0,0,0,0,0,0,0,0,0,0,0,0,0,0,0,0,0,0,0,0,77,0,0,0,0,0,0,0,0,0,0,0,0,0,0,0,0,0,0,0,0,0,0,1955,405,0,0,0,0,0,0,0,0,0,0,0,0,0,0,0,0,0,0,0,0,0,0,0,0,0,0,0,0,0,0,0,0,0,0,0,0,0,0,0,0,0,0,0,0,0,0,0,0,0,0,0,0,0,0,0,0,0,0,0,0,0,0,776,0,0,0,0,0,0,0,0,0,0,0,0,0,0,0,0,0,0,0,0,0,0,0,0,0,0,0,0,0,0,0,0,0,0,0,0,304,0,0,0,0,0,0,0,0,0,0,0,0,0,28,0,0,0,0,0,0,14,0,0,0,0,0,0,218
"SRR22325966",0,0,0,0,0,0,0,0,0,0,0,0,0,16,0,0,0,0,0,65,0,0,0,0,0,0,3,0,0,0,0,0,0,0,654,0,0,0,0,0,0,0,0,0,0,0,0,0,0,0,0,0,0,0,0,0,0,0,0,0,0,0,0,0,0,0,0,0,0,0,0,0,0,0,0,0,0,0,0,0,0,0,0,0,0,0,0,0,0,0,0,0,0,0,0,0,0,0,0,0,0,0,0,0,0,0,0,0,0,0,0,0,0,0,0,0,0,0,0,0,0,0,0,0,0,8,0,0,0,0,0,0,0,8,0,0,0,0,0,0,0,0,0,0,0,0,0,0,0,0,0,0,0,0,0,0,0,0,0,0,0,0,0,0,0,0,0,0,0,0,0,0,0,0,46,23,0,0,0,0,0,0,81,0,0,0,0,0,0,0,0,0,0,0,0,0,0,13,0,0,0,0,0,0,0,0,40,0,0,0,0,0,0,0,0,0,0,0,0,0,0,0,0,0,0,0,60,0,0,0,0,0,0,0,0,0,0,0,0,0,0,0,0,0,0,0,0,0,0,10,0,0,0,0,0,0,0,0,0,0,0,0,0,0,0,0,0,0,0,0,0,0,0,0,0,0,0,0,0,0,0,0,0,0,0,0,0,0,0,0,0,0,0,0,15,51,24,0,0,5,0,10,0,0,484,0,0,0,17,0,0,0
"SRR22325968",0,0,0,0,0,0,0,0,0,0,0,0,0,0,0,0,0,0,0,0,0,0,0,0,0,0,0,0,0,0,0,0,0,0,47,0,0,427,0,0,0,1423,0,0,106,0,0,0,0,0,0,0,0,0,0,3,0,0,0,0,9,0,0,0,0,0,0,0,0,0,0,0,0,0,0,0,0,0,0,268,0,0,0,0,0,0,0,0,0,0,43,0,0,0,0,0,0,0,0,0,0,0,0,0,0,0,0,0,0,0,0,0,0,0,0,0,0,0,0,0,0,0,0,0,0,0,0,0,0,0,0,0,0,0,0,0,0,0,25,0,0,0,0,0,0,0,0,0,0,0,0,0,0,0,0,0,0,0,0,0,0,0,0,0,0,0,0,0,0,0,0,0,0,0,0,0,0,0,0,0,0,0,3165,0,0,0,0,0,0,0,0,0,0,0,0,0,0,0,0,0,0,0,0,0,0,0,232,0,0,0,0,0,0,724,0,0,0,0,0,0,0,0,0,0,0,0,0,0,0,0,0,0,0,0,0,0,0,0,0,0,0,12718,0,0,0,0,0,0,624,0,0,0,0,0,0,0,0,0,0,0,0,0,0,0,0,0,0,0,0,0,0,0,0,0,0,0,0,0,0,0,0,0,0,0,0,0,0,0,0,0,0,63,0,0,2344,0,0,0,0,11,0,0,0,19859,0,0,0,0,0,0,0,0
"SRR22325971",0,0,0,4779,0,0,0,0,8677,0,0,0,11,0,0,0,0,0,0,0,0,0,0,0,0,0,0,0,0,7,0,0,0,0,0,0,0,0,0,0,0,0,0,0,0,0,0,0,0,0,42,0,0,0,0,0,0,0,0,0,0,0,0,0,0,0,0,0,0,0,0,0,0,0,0,0,0,0,0,0,0,0,0,0,0,0,0,0,364,0,0,0,271,0,0,216,0,0,0,0,0,0,0,0,8,0,0,99,11,0,0,0,0,0,0,0,0,0,0,0,0,0,0,0,0,10,0,0,0,0,0,0,0,0,0,1704,0,7691,0,0,0,1377,0,0,27,0,0,7,0,0,0,0,0,0,0,0,0,0,0,0,0,0,0,0,0,0,0,0,0,0,20,0,0,0,0,0,0,0,37,0,0,0,0,0,0,0,0,0,0,0,0,0,0,0,0,0,0,0,0,0,0,0,0,0,0,0,0,0,0,0,0,0,0,0,0,0,0,0,0,0,0,0,0,0,0,0,0,0,0,0,0,0,0,0,0,313,198,0,0,0,0,0,0,0,0,0,732,0,0,0,0,0,0,0,0,0,0,0,0,0,0,0,0,0,0,0,0,0,0,0,0,0,0,0,0,0,0,0,0,0,0,0,18,0,0,0,0,0,0,3531,0,0,0,0,3,5,0,0,0,0,0,0,3,0,0,0,0,0,0,0,0,0
"SRR22325976",0,0,0,729,0,0,0,0,0,0,0,0,0,0,0,9,0,0,0,0,4060,0,0,0,0,0,0,0,0,12,0,0,0,0,94,0,0,0,0,0,0,0,56,0,0,0,0,0,0,0,0,0,0,0,0,2,0,0,0,0,0,0,0,0,0,0,0,0,0,0,0,0,0,0,47,0,0,0,0,0,0,0,0,0,0,0,0,0,153,46,0,0,0,0,0,0,0,0,0,0,0,0,0,0,0,0,0,0,0,0,0,0,0,0,0,0,0,0,0,0,0,0,0,0,0,3,0,0,0,0,0,0,0,0,0,0,0,0,15479,0,0,0,0,0,0,0,0,0,0,0,0,0,0,0,0,0,0,0,0,0,0,0,0,0,0,0,0,0,0,0,0,0,0,0,25,0,0,0,0,0,0,0,7055,0,0,0,0,0,0,0,0,0,0,0,0,0,0,0,0,0,0,0,0,0,0,0,101,0,22,0,0,0,0,0,0,13,0,0,55,0,0,0,0,0,0,0,0,0,0,0,0,0,0,0,0,0,0,0,0,0,0,580,0,0,0,0,0,0,0,1400,0,0,0,0,0,0,0,0,0,0,0,0,0,0,0,0,0,0,0,0,0,0,0,0,0,0,0,0,0,0,0,0,0,0,0,0,0,0,0,0,27,0,0,0,12002,0,0,0,0,0,0,0,0,0,0,0,0,0,0,0,0,0
"SRR22325979",0,0,0,86,9,0,0,0,0,0,0,0,0,2167,0,2658,0,0,0,374,0,0,652,0,0,0,0,0,0,0,0,0,0,0,0,0,0,0,0,0,0,0,15,0,12,0,0,0,0,0,0,0,0,0,0,0,0,0,0,0,0,0,0,0,0,0,0,0,0,0,0,0,0,0,0,0,24,0,0,0,0,0,0,0,0,0,0,0,15,349,604,0,0,0,0,100,0,18,0,16,0,0,0,17,0,0,0,0,0,0,0,0,0,0,0,0,0,0,0,0,0,0,0,0,0,7,0,0,0,0,0,0,0,7574,0,0,0,0,0,0,0,27,0,0,0,0,0,0,0,7,0,0,0,0,25,0,0,0,0,250,0,0,0,0,0,0,0,0,0,0,0,0,0,0,0,65,0,0,0,0,0,0,3516,0,577,0,0,0,0,0,0,0,0,0,0,317,11,0,0,213,0,0,0,0,0,0,0,0,0,0,0,0,0,0,0,0,0,0,0,0,0,0,0,0,0,0,0,0,0,0,0,0,0,0,0,492,104,0,0,0,0,649,0,0,0,0,0,196,0,0,0,0,0,0,0,0,0,0,0,0,0,0,0,0,0,0,0,0,0,0,0,0,0,0,0,0,0,0,0,0,0,0,0,0,0,0,0,0,0,0,12,0,0,0,621,0,6,0,0,0,0,0,0,338,2163,0,0,81,71,0,0,0
"SRR22325982",8,0,36,0,0,0,0,24,17151,0,0,0,40,0,6,0,0,0,8180,0,2047,0,0,0,0,0,0,0,0,15083,0,123,0,0,736,0,0,0,17,6,952,1274,508,131,0,0,9,83,1623,64,0,15,0,322,0,5,3,0,2228,0,1114,0,0,0,0,0,784,0,0,0,0,0,0,69,0,0,128,0,0,0,0,5682,0,0,0,4124,0,0,206,1236,0,0,49,0,0,0,0,0,0,4251,5,0,0,23,0,0,0,0,0,0,0,0,8,0,0,3050,193,0,0,0,19,0,0,0,0,0,0,0,0,0,0,0,8636,1077,11636,0,0,10,17,0,0,4242,275,0,0,0,70,0,29,0,0,0,0,0,0,0,383,0,0,581,0,0,0,0,0,0,0,0,0,0,4,0,279,0,533,95,63,0,105,0,0,0,157,0,290,0,0,0,0,0,95,0,924,17,0,0,0,0,917,109,142,1081,0,0,0,165,0,22,0,1402,122,145,0,0,4836,0,311,0,0,8,0,0,0,0,0,0,0,1179,4677,0,0,0,0,0,1606,68,0,0,58,0,156,0,1357,3883,0,0,0,250,1307,0,144,0,3679,0,0,336,527,20,0,0,435,896,266,212,8118,151,0,101,342,0,0,0,0,0,0,659,0,0,365,820,1551,1630,0,0,0,0,54,0,4,410,1332,92,0,0,0,0,0,0,0,0,0,26,0,0,0,9,0,0,116,0,0,0
"SRR22325984",0,0,44106,156079,0,0,23,0,38,0,0,0,36054,0,5,0,4,0,0,1858,1259,0,0,0,0,0,0,0,0,0,0,0,0,0,130,0,3,255,44,0,2661,175,0,0,0,0,0,0,0,13,0,0,0,0,0,0,0,0,0,0,0,0,0,0,0,0,0,0,0,0,0,0,11,0,0,0,0,0,0,0,0,0,0,0,0,0,0,0,0,0,0,0,0,0,0,0,0,0,0,0,0,0,0,0,0,0,0,0,0,0,0,0,1667,0,0,3,6,0,0,0,0,0,0,0,0,0,0,0,0,0,0,0,0,0,28,0,0,0,0,0,0,11,0,0,2,8,0,0,0,0,0,0,0,0,0,0,0,0,0,0,0,0,0,0,0,0,0,0,0,0,10,0,0,0,0,0,0,0,38,0,0,0,57,0,118,0,0,0,0,0,0,0,0,0,0,0,0,0,0,34,0,14,0,0,0,71,0,0,0,32,0,0,0,0,448,60,0,0,0,0,0,0,0,0,0,0,0,0,95,18,0,0,0,0,0,0,0,0,0,0,0,0,79,0,16,0,0,28,69,0,0,0,431,0,0,0,0,0,0,0,0,5,0,0,0,0,0,0,0,0,41,0,0,0,0,0,0,0,122,0,734,0,8,0,0,0,0,0,0,0,0,13,0,0,5,0,0,0,0,0,0,21,0,0,111,0,0,0,13,0,0,0
"SRR22325988",15301,20,2147,0,476,968,0,65,0,74,50,0,283,597,4,0,0,0,73,0,0,0,0,37,0,0,0,0,0,300,76,0,0,0,417,4546,0,91,0,15,6846,34066,3980,865,159,38,118,0,0,118,0,526,0,786,0,0,7,0,0,0,0,0,36,90,22,26,13,4348,0,0,0,0,0,0,0,0,34,0,0,0,0,0,14,0,2897,0,0,190,281,274,0,0,182,67,27,530,345,24,76473,0,0,3,0,12,169,0,0,0,4,0,0,0,3,0,3901,0,77,0,0,0,519,0,10,0,18,0,72,0,192,0,0,0,0,15,4162,0,0,108,1219,0,0,5508,0,60,38,0,14,12,0,0,0,59,12,335,0,0,107,42,0,986,49,247,36,62,0,0,0,8,18,0,0,0,72,0,0,241,0,0,63,50,0,0,727,0,0,0,0,0,23,0,0,0,0,0,0,0,0,0,63,125,0,0,37,0,10,902,0,107,513,547,23,654,213,0,1920,0,0,123,0,168,0,43,0,0,0,0,0,0,0,2194,0,0,0,0,0,374,0,0,72,0,96,0,188,0,0,57,0,27427,1020,0,158,0,79,0,0,156,0,0,843,0,0,0,0,0,0,371,0,0,6,12,0,110,64,0,429,0,0,0,30,0,63,0,41,0,369,0,0,1170,13,34,22,164,0,11,14133,0,47,0,0,105,0,94,0,0,25,0,0,0,145,0,0,328
"SRR22325989",0,85,0,55,19,30,0,0,0,31,0,0,64,45,19,0,0,0,0,0,23,5,12,0,0,3,0,0,0,10,0,0,0,0,0,0,0,0,1287,0,101249,9838,0,0,0,138069,0,0,0,0,0,0,0,3,0,0,0,0,0,0,3,0,0,0,0,0,0,0,0,0,0,0,0,0,0,0,0,0,0,0,0,0,0,0,0,0,0,0,0,0,0,0,0,0,0,0,0,0,26,0,0,0,0,0,0,0,0,0,0,0,0,0,0,0,0,0,0,0,0,0,0,0,0,0,0,0,0,0,0,0,0,0,12,22,15,0,0,13,0,0,0,0,0,0,0,24,13,0,0,0,0,0,0,0,0,0,0,0,0,0,0,0,0,0,0,0,0,2,0,0,0,0,0,0,0,0,0,0,0,0,0,0,0,0,0,0,0,0,0,0,0,0,0,0,0,0,0,0,0,0,0,0,0,0,0,0,0,0,0,9,0,0,0,0,41,0,0,0,0,0,0,0,0,0,0,0,0,0,7,0,0,0,0,0,0,0,0,0,0,0,0,0,13,0,0,0,0,12,0,0,0,0,31,0,0,25,0,0,0,0,0,39,0,0,4,0,0,0,0,6,0,0,0,0,0,0,0,0,0,0,0,0,0,0,0,0,0,0,7,0,0,0,0,0,8,0,0,0,10,0,0,288,0,0,9,0,0,0,0,0,0,0
"SRR22325991",0,0,28181,9453,2128,2842,0,0,1506,928,1385,0,0,28,9,0,0,0,0,0,1582,12,0,415,0,0,0,0,0,0,3704,0,0,0,0,2,0,0,0,3,723,179,0,0,0,0,2,0,4232,0,0,0,0,0,0,2,0,0,0,0,3,515,0,0,0,0,84,215,0,0,0,0,85,257,0,0,8,0,0,0,370,0,0,0,0,0,0,0,59,12,0,0,37,0,14,109,0,17,0,56,1091,615,6,0,0,39,47,0,0,0,66,0,10,0,0,2478,31,12,0,3,0,0,23,0,7,0,11,0,0,12,1435,101,733,126,1073,0,0,620,2138,0,0,133,0,0,10,665,554,0,0,0,13,0,8,0,0,0,5,20,0,37,0,5,0,0,0,0,0,0,0,0,0,0,0,0,0,0,0,0,0,0,0,0,21,0,20,0,0,0,0,0,0,0,64,0,0,0,75,0,0,3,36,368,0,93,0,25,0,17,0,6959,283,749,0,0,4025,0,0,0,0,245,0,20,35,0,65,0,0,604,2301,0,0,0,202,0,1214,0,0,0,0,0,0,0,37,31,576,0,0,97,0,17,0,0,11557,131,0,0,995,146,1280,0,93,45,567,160,1147,0,0,83,58,0,62,0,0,0,285,413,0,308,0,755,1789,536,0,0,0,0,0,0,4,0,0,21,5,0,0,0,0,0,0,0,0,31,0,0,33,0,80,0,0,0,0,32
"SRR22325992",0,8,559,0,0,3036,6417,29,2201,24794,0,0,86,17673,0,0,0,0,0,19,10,132,0,0,0,0,0,0,0,0,3,0,7735,1582,108,0,15,24,27,0,1045,1828,877,0,0,48,29,66,121,0,0,2604,0,30,0,3,0,0,1376,268,1463,0,0,0,4,51,0,0,0,0,0,0,0,0,0,0,72,0,104,0,0,0,0,0,0,0,0,0,0,1105,0,0,0,0,0,0,0,2,0,0,0,0,0,0,0,0,0,0,0,0,0,0,0,0,0,0,0,94,0,0,0,0,0,0,0,0,0,0,0,0,0,0,0,0,665,0,0,0,0,0,0,194,0,0,0,0,0,85,0,0,66,0,0,0,0,0,0,0,0,0,0,0,0,0,0,0,0,0,0,0,0,116,504,0,0,0,0,0,3511,883,0,0,33076,2398,0,0,0,0,9,0,0,0,0,0,39,0,0,0,0,2318,0,0,0,0,0,19554,0,0,0,0,0,0,0,0,4483,958,0,339,0,0,0,0,0,0,0,0,0,0,0,0,0,0,0,0,0,3835,0,0,0,0,4009,0,303,0,0,0,0,0,136,24,0,0,16,0,0,3489,0,0,0,0,0,0,0,0,0,0,0,0,0,55,9,0,0,0,0,0,0,0,0,0,0,0,258,0,0,0,0,0,0,0,0,39,3,18061,20650,856,0,0,5,0,0,85,0,0,0,0,0,0,0,28,0,0
"SRR22325995",0,0,1572,15662,9742,6351,828,670,0,3155,0,0,3426,15051,7594,0,0,2318,0,1184,1057,0,1480,840,259,77,0,0,0,1946,490,0,35,0,6,0,0,3,8,0,292,47,0,9,0,10,0,0,0,22,40,0,202,567,0,0,0,0,233,0,73,0,17,0,0,0,498,0,0,139,0,0,0,0,0,0,0,0,0,0,211,0,0,41,0,0,0,41,79,98,0,0,231,27,723,50,68,44,0,0,1735,0,93,0,133,0,0,0,0,0,23,0,6,0,0,2199,238,22,65,49,0,0,10,0,74,0,0,0,0,0,0,0,0,0,15,0,0,9670,0,0,0,328,157,0,19,9345,0,0,0,0,32,0,0,0,0,0,28,32,21,57,0,7,19,0,0,0,0,0,0,45,0,0,345,0,0,490,143,0,0,0,0,0,496,0,0,0,0,0,0,24,0,0,0,0,0,1427,482,0,0,48,0,0,0,0,0,374,0,0,0,4300,100,0,0,0,0,31,0,0,0,0,0,20,0,22,0,53,0,0,0,0,0,0,0,0,0,0,0,0,0,0,0,0,1150,0,0,0,39,2436,25,0,0,0,0,0,0,3894,0,0,1563,0,0,18788,0,0,0,311,0,0,0,335,0,1956,0,0,0,0,0,0,0,0,0,0,4,0,0,0,0,0,0,0,70,139,0,0,2142,0,0,0,0,0,0,0,0,0,0,0,17,0,33,0,0,205
"SRR22325998",0,76236,0,37,7,3218,1818,2131,0,6010,0,0,18573,0,0,0,0,9148,0,1408,0,0,0,0,0,0,0,0,339,0,0,0,3,0,0,0,0,62,77,15,201,91,10,0,0,25,0,0,0,634,0,0,3,126,0,6,0,0,179,0,1888,0,0,0,0,0,504,0,0,684,0,0,117,411,0,0,0,0,0,0,0,0,0,0,0,0,0,0,0,129,0,0,0,0,0,102,0,0,11,0,0,0,0,62,0,0,0,0,0,0,0,0,4,0,0,1349,0,0,0,0,0,0,0,0,0,0,0,0,0,0,0,0,2015,10296,871,0,0,6574,647,0,0,0,0,0,0,0,180,0,0,0,0,0,0,0,0,0,0,0,0,83,0,0,0,0,0,0,0,0,0,0,0,0,0,0,0,0,52,0,148,98,0,0,587,0,1167,130,0,0,0,0,0,99,0,38,69,0,0,0,0,87,0,0,0,0,0,0,0,0,0,0,0,917,0,0,10850,0,0,0,0,0,0,0,0,0,0,0,0,1142,2768,0,0,0,0,0,14,0,0,0,43,0,0,0,193,0,2088,0,0,8,93,173,0,0,7260,562,0,4409,705,98,0,0,20,0,0,0,980,0,0,0,914,1045,0,59,26,0,0,0,0,3350,679,0,940,1605,11,0,0,0,42,0,7436,45,0,0,0,0,5,0,0,0,0,0,0,0,0,0,1057,0,0,0,688,0,0,0
"SRR22325999",0,0,0,0,0,0,0,0,0,0,0,0,0,0,0,0,0,0,0,0,0,0,0,0,0,0,0,0,0,0,0,0,48,0,0,0,0,0,0,0,172,1,0,0,0,1,0,0,0,42,2,0,0,0,0,0,0,0,0,0,10734,0,0,0,0,0,0,0,0,0,0,0,0,0,0,0,0,0,0,0,0,0,0,0,0,0,0,0,0,0,0,0,0,0,0,0,0,0,0,0,0,0,0,0,0,0,0,0,0,0,0,0,0,0,0,68,0,0,0,0,0,0,0,0,0,0,0,0,0,0,0,0,0,0,0,0,0,0,0,0,0,0,0,0,0,0,0,0,0,0,0,0,0,0,0,0,0,0,0,0,0,0,0,0,0,0,0,0,0,0,0,0,47,0,0,0,0,0,0,0,0,0,1010,0,0,0,0,0,0,0,0,0,0,0,0,0,0,0,0,29,0,0,0,0,0,0,0,0,9,0,0,0,0,0,0,0,0,440,0,0,0,0,0,0,0,0,0,0,0,0,0,0,0,0,0,0,0,0,0,0,0,0,0,0,0,0,0,0,13,0,0,0,0,15103,0,2995,0,0,0,0,0,0,0,0,0,0,0,0,0,0,0,0,0,0,0,0,0,0,0,0,0,0,9,0,0,0,0,0,1,88,9,219,0,0,0,0,0,0,0,0,0,0,0,0,0,0,0,0,0,0,0,0
"SRR22326000",0,0,72,821,27,0,0,62,0,0,0,18,468,440,3,0,10,0,0,0,1607,18483,0,49,0,10,39,0,102,841,298,0,4,161,80,114,26,146,63,31,849,561,55,0,0,86,69,0,218,0,0,0,0,22,0,0,0,0,300,457,9,248,0,20,14,19,70,0,0,341,0,0,0,0,0,0,0,0,0,0,201,390,0,0,0,33,0,39,100,64,0,0,120,200,21,131,0,24,8944,47,409,975,30,9,14,612,237,34,15,0,15,0,8,0,1685,9,32,14,0,0,0,0,8,0,30,0,0,0,0,26,210,0,409,864,1431,0,0,599,472,0,0,146,0,0,0,1138,0,33,0,0,0,8,43,0,0,118,9,91,64,0,354,10,32,0,1651,48,901,11214,0,8,4,24,0,0,0,63,0,0,0,0,0,0,50,0,198,44,0,0,0,0,0,0,0,42,0,0,51,0,0,0,261,189,0,20,5,0,0,0,0,777,314,2552,0,0,14675,212,0,0,0,417,0,18,54,0,67,0,0,256,2341,0,0,0,170,0,182,0,0,0,17,0,0,0,0,1297,796,0,0,1236,0,74,0,0,5087,0,0,4449,8349,0,52,0,1022,2839,99,243,3156,33,10,0,14,121,339,317,315,0,113,491,0,257,770,570,1700,298,0,0,0,0,0,0,9,0,0,0,0,0,0,6,0,0,0,0,0,205,0,0,0,0,20,0,12,0,0,726
"SRR22326002",0,521,0,8808,0,558,268,147,383,34,0,108,8695,0,384,0,0,0,0,0,526,0,0,0,36,49,9,0,105,3083,114,0,0,0,12,0,0,58,0,0,1911,1552,53,0,92,3126,3,10,0,25,0,0,0,35,71,5,0,0,7,0,9,95,0,31,0,4,211,0,0,0,0,0,282,322,0,0,35,0,0,0,0,0,0,0,207,194,0,0,44,55,0,0,9,8,0,281,0,11,0,107,0,0,0,20,27,48,0,65,183,0,8,0,0,0,1197,691,13,19,0,5,0,0,5,47,0,0,5,0,0,65,813,0,268,1345,3374,0,0,2491,0,0,0,193,0,0,0,240,0,0,14,0,0,6,27,0,0,100,22,57,31,10,5,0,37,0,0,0,0,0,17,5,0,0,29,0,223,253,74,0,23,0,0,0,147,0,756,0,0,23,0,0,0,81,0,0,0,0,18,21,1065,66,0,0,11,0,0,562,0,104,0,1376,231,3032,0,0,8108,44,0,53,13,0,0,14,0,0,37,0,0,143,0,298,0,0,0,0,0,110,0,0,10,0,248,0,107,0,0,24,0,1469,0,0,16,0,3644,1222,0,971,0,0,0,0,0,0,0,0,0,158,0,0,681,0,0,0,0,163,91,0,0,0,1172,0,460,251,0,0,70,0,0,308,0,0,0,8,0,0,0,36,0,0,0,12,30,26,0,0,0,0,27,0,10,0,0,0
"SAMEA4506929",0,0,0,0,0,0,0,630,0,1,0,0,1062,0,0,0,0,0,0,0,0,0,0,0,0,0,0,0,0,1333,0,0,0,0,0,0,0,0,2,0,4,0,0,0,0,690,0,0,0,0,0,0,0,0,0,0,0,0,0,0,0,0,0,0,0,0,0,0,0,0,0,0,0,0,0,0,0,0,0,0,0,0,0,0,0,0,0,0,0,101,0,0,0,0,0,0,0,0,0,0,0,0,0,0,0,0,0,0,0,0,0,0,0,0,0,0,0,0,0,0,0,0,0,0,0,0,0,0,0,0,0,0,0,0,0,0,0,0,0,0,0,0,0,0,0,0,0,0,0,0,0,0,0,0,0,0,0,0,0,0,0,0,0,0,0,0,0,0,0,0,0,0,0,0,0,0,0,0,0,0,0,0,0,0,0,0,0,0,0,0,0,0,0,0,0,0,0,0,0,0,0,0,0,0,0,0,0,0,0,0,0,0,0,0,0,0,0,0,0,0,0,0,0,0,0,0,0,0,0,0,0,0,0,0,0,0,0,0,0,0,0,0,0,0,0,0,0,0,0,0,0,0,0,0,0,0,0,0,0,0,0,0,0,0,0,0,0,0,0,0,0,0,0,0,0,0,0,0,0,0,0,0,0,0,0,0,0,0,0,701,8783,0,0,0,0,0,0,0,0,0,0,0,0,0,0,0,0,0,0,0,0,0
"SAMEA4506930",0,6,0,0,0,1771,70663,46628,23508,0,0,0,58529,0,0,0,0,2619,0,17316,0,0,0,0,0,0,0,0,0,0,0,0,4,0,0,0,0,15,0,0,0,67,0,0,0,16,0,0,0,55,0,0,0,0,0,0,0,0,0,0,0,0,0,0,0,0,0,0,0,0,0,0,0,0,0,0,30,0,0,0,0,0,0,0,0,0,0,0,0,557,0,0,0,0,0,2149,0,0,0,0,0,0,0,0,0,0,0,0,0,0,0,0,0,0,0,2,0,0,0,0,0,0,0,0,0,0,0,0,0,0,0,0,0,0,20,0,0,0,0,0,0,418,0,0,18,0,17,0,0,0,0,0,0,252,0,0,0,13,0,188,0,0,0,0,0,11,0,0,0,0,0,0,0,0,0,0,0,0,144,118,0,0,485,0,0,0,0,0,0,0,0,0,0,0,0,0,0,0,0,596,0,0,0,0,0,3130,0,1351,0,0,0,55,0,0,95,0,0,327,171,0,0,0,0,0,0,0,0,0,0,0,0,0,0,0,0,0,0,0,0,0,0,0,1490,95,0,0,0,673,122,67,0,0,0,4118,0,764,0,0,0,0,0,0,0,0,0,0,0,0,0,0,0,0,0,0,0,0,0,0,0,0,0,0,190,0,0,0,0,0,4,0,0,0,6494,0,2,0,0,0,0,0,0,8,0,0,0,0,0,0,0,0,0,0
"SAMEA4506931",0,0,0,0,0,0,0,0,0,0,0,0,0,203713,0,0,0,0,0,0,0,0,0,0,0,0,0,0,0,0,0,0,0,0,0,0,0,3,13,0,7,134,0,0,0,9716,0,0,0,0,0,0,0,0,0,0,0,0,0,0,0,0,0,0,0,0,0,0,0,0,0,0,44,0,0,0,0,0,0,0,0,0,0,0,0,0,0,0,0,0,0,0,0,0,0,0,0,0,0,0,0,0,0,0,0,0,0,0,0,0,0,0,0,0,0,0,0,0,0,0,0,0,0,0,0,0,0,0,0,0,0,0,0,0,0,0,0,0,0,0,0,0,0,0,0,0,0,0,0,0,0,0,0,0,0,0,0,0,0,0,0,0,0,0,0,0,0,0,0,0,0,0,0,0,0,0,0,0,0,0,0,0,0,0,0,0,0,0,0,0,0,0,0,0,0,0,0,0,0,0,0,0,0,0,0,0,0,0,0,0,0,0,0,0,0,0,0,0,0,0,0,0,0,0,0,0,0,0,0,0,0,0,0,0,0,0,0,0,0,0,0,0,0,0,0,0,0,0,0,0,0,0,0,0,0,0,0,0,0,0,0,0,0,0,0,0,0,0,0,0,0,0,0,0,0,0,0,0,0,0,0,0,0,0,0,0,0,0,0,0,0,1,0,10,0,0,0,0,0,0,0,0,0,0,0,0,0,0,0,0,0,0
"SAMEA4506932",0,133685,0,0,0,7,1210,6,167,0,0,0,6456,0,0,0,0,8,0,0,0,0,0,0,0,0,0,0,0,0,0,0,0,0,0,0,0,0,0,0,3,3,0,0,0,0,0,0,0,0,0,0,0,0,0,0,0,0,0,0,13,0,0,0,0,0,0,0,0,0,0,0,0,0,0,0,0,0,0,0,0,0,0,0,0,0,0,0,0,13,0,0,0,0,0,0,0,0,0,0,0,0,0,0,0,0,0,0,0,0,0,0,0,164,0,0,0,0,0,0,0,0,0,0,0,0,0,0,0,0,0,0,0,0,1300,0,0,0,0,0,0,1,0,0,0,0,0,0,0,0,0,0,0,0,0,0,0,0,0,1,0,0,0,0,0,0,0,0,0,0,0,0,0,0,0,0,0,0,10,0,0,0,167,0,0,0,0,0,0,0,0,0,0,0,0,0,0,0,0,0,0,0,0,0,0,0,0,0,0,0,0,0,0,0,2887,0,1,1,0,0,0,0,0,0,0,0,0,0,0,0,0,0,0,0,0,0,0,0,0,0,1,0,88,0,0,0,0,8,0,26,0,0,0,215,0,0,0,0,0,0,0,0,0,0,0,0,0,0,0,0,0,0,0,0,0,0,0,0,0,0,0,0,0,0,0,0,0,0,34,123,31,55,0,652,0,0,0,0,0,0,0,0,0,0,0,0,0,0,0,0,0,0
"SAMEA4506933",0,4,0,7106,0,7481,13723,4109,36,2158,0,723,85976,4416,0,0,0,0,0,33,9579,0,0,0,0,0,0,0,0,0,2736,14,3,0,43,0,6,1106,0,129,7007,2935,161,37,0,17,0,0,0,273,0,24,0,0,67,0,0,0,0,0,657,0,0,282,4,0,0,0,864,0,46,0,0,0,0,0,84,0,0,0,0,0,0,0,195,1415,0,130,724,9278,0,0,152,0,0,1626,0,790,0,0,0,0,0,75,0,0,0,0,70,0,0,0,0,0,1670,1346,234,0,0,157,150,5,0,35,0,0,0,0,0,0,0,0,0,0,4460,0,0,2970,0,0,0,383,46,0,15,0,0,0,23,0,30,23,0,365,0,0,60,0,0,761,0,4,0,0,0,32,0,0,0,0,0,0,1024,0,1100,212,88,0,542,344,0,0,1830,0,0,0,0,0,4917,13,0,0,0,488,0,0,582,0,884,922,0,666,0,0,0,783,0,330,0,0,0,406,82,0,3948,60,0,0,0,0,0,0,0,0,0,0,0,0,0,0,0,0,0,0,1107,347,0,0,43,0,74,0,5607,0,0,129,0,4918,0,3819,406,0,45,137,0,0,0,0,0,0,0,0,0,0,0,130,0,0,0,0,0,0,0,0,0,0,0,0,0,0,0,0,360,0,631,0,0,1058,54,256,584,399,7,5,11,0,0,0,0,0,19,244,0,0,2082,0,0,0,63,0,17,0
"SAMEA4506934",14,0,0,23467,9436,2236,861,650,0,0,0,78,28178,11534,0,0,0,0,4927,0,0,0,0,612,348,0,118,0,441,344,6438,0,82,106,5,0,0,0,10,0,343,91,55,0,0,0,12,0,3237,0,0,0,0,0,0,0,3,0,17,0,8,325,22,0,0,0,543,112,56,0,0,0,313,736,0,0,13,10,0,0,5020,0,0,0,0,0,0,92,81,70,0,0,78,0,65,195,0,85,2301,288,870,5694,47,46,33,642,231,999,66,0,163,6,0,0,0,0,42,16,0,0,0,9,7,0,53,0,0,0,130,0,1000,0,3254,2210,2321,0,0,2507,7496,0,0,191,0,0,32,4545,42,0,0,0,0,0,36,290,0,0,23,33,17,12,152,22,25,109,605,0,930,28734,28,19,6,0,0,0,0,9,36,0,0,0,0,0,0,0,0,60,0,0,0,0,0,0,132,81,159,0,0,0,0,0,1522,1847,0,577,82,12,0,0,0,1319,191,1580,0,0,5518,0,0,0,0,108,0,0,102,0,285,0,0,557,2130,0,0,0,159,0,790,0,0,0,22,0,0,0,0,703,885,0,0,165,0,0,0,0,10517,169,0,0,1687,447,1953,0,6019,6276,513,429,891,0,3643,699,0,229,491,1622,62,0,10,492,0,920,228,318,691,815,0,0,0,0,0,0,174,0,65,23,4,0,2394,0,0,0,0,0,0,0,0,0,0,51,513,0,0,11,0,1619
"SAMEA4506935",0,0,0,0,0,0,0,0,0,0,0,0,0,0,0,0,0,0,0,0,0,0,0,0,0,0,0,0,0,0,0,0,0,0,0,0,0,0,0,0,0,0,0,0,0,0,0,0,0,0,0,0,0,0,0,0,0,0,0,0,0,0,3,0,0,0,0,0,0,0,0,0,0,0,65,0,0,0,0,0,0,0,0,0,0,0,201,0,0,311,0,0,0,0,0,335,31,15,0,0,0,0,0,0,0,0,0,0,0,0,0,0,0,0,0,0,0,0,0,0,0,0,0,0,30,0,0,0,0,0,0,0,0,0,0,0,0,78,0,0,0,70,0,0,0,0,0,0,0,0,0,0,0,0,0,0,0,0,0,0,0,0,0,0,0,0,0,0,0,0,0,0,0,0,3813,0,0,0,0,0,0,82,7104,0,126,0,11,217,0,0,0,0,0,0,0,0,0,0,0,0,0,0,0,0,0,0,216,0,0,15,0,0,0,23,0,84,0,0,0,0,0,0,0,110,0,0,0,0,0,0,0,144,0,0,0,189,140,0,0,81,36,39,0,0,0,23,0,294,0,0,0,0,0,0,0,0,0,0,0,0,0,0,0,0,0,0,0,0,0,0,0,0,0,0,0,0,0,0,0,0,0,0,0,21,0,0,0,0,0,0,0,0,0,0,0,0,0,0,0,0,0,0,0,0,0,0,84,0,0,12,0,0
"SAMEA4506936",0,0,0,0,0,0,0,0,0,0,0,0,0,0,0,0,0,0,0,0,0,0,0,0,0,0,0,0,0,0,0,0,0,0,0,0,0,0,0,0,0,0,0,0,0,0,0,0,0,0,0,0,0,0,0,0,0,0,0,0,393,0,0,0,0,0,0,0,0,0,0,23,0,0,0,0,0,0,0,0,0,0,0,0,0,0,0,0,0,260,91,0,0,0,0,0,0,0,0,0,0,0,0,0,0,0,0,0,0,0,0,0,0,0,0,0,0,0,0,0,0,0,0,0,0,0,0,0,0,0,0,0,0,0,0,0,0,0,0,0,0,0,0,0,0,0,0,0,0,11,0,0,0,0,0,0,0,0,0,0,0,0,0,0,0,0,0,0,0,0,0,0,0,0,0,0,0,0,0,0,0,0,2677,0,0,0,0,0,0,0,0,0,0,0,0,0,0,0,0,0,0,0,0,0,0,0,231,31,0,0,0,0,0,1591,0,0,0,0,0,0,0,0,0,0,0,0,0,0,0,0,0,0,0,0,0,0,0,0,0,0,0,3,0,0,0,0,0,0,0,0,0,0,0,0,0,0,0,0,0,0,0,0,0,0,0,0,0,0,0,0,0,0,0,0,0,0,0,0,9,0,0,0,0,0,0,0,0,0,0,0,0,0,0,0,0,0,0,0,0,0,0,0,0,0,0,0,0,0,0,0,0,0
"SAMEA4506939",0,0,0,0,0,0,0,0,0,0,0,0,0,0,0,0,0,0,0,0,0,0,0,0,0,0,0,0,0,0,0,0,0,0,0,0,0,0,0,0,0,0,0,0,0,0,0,0,0,0,0,0,0,0,0,0,0,9,0,0,0,0,0,0,0,0,0,0,0,0,0,42,0,0,0,0,0,0,0,0,0,0,0,0,0,0,0,7,291,136,78,0,0,0,0,8,0,0,0,0,0,0,0,0,0,0,0,0,31,0,0,0,0,0,0,0,0,0,0,24,0,0,0,0,0,0,0,0,0,0,0,0,0,0,0,0,0,0,0,0,0,72,0,0,0,0,0,0,0,0,0,0,0,0,0,0,21,0,0,0,0,0,0,0,12,0,0,0,0,0,0,0,0,41,0,0,0,0,0,0,0,14,1280,0,398,51,0,0,0,0,0,0,0,0,0,0,0,0,0,0,0,0,0,0,0,0,1859,742,0,0,0,0,0,32,0,0,0,0,0,0,0,0,0,0,0,0,0,0,0,0,0,0,0,0,0,0,0,0,0,20,79,22,0,0,0,0,0,370,0,0,0,0,0,0,74,355,0,0,0,0,0,0,0,0,0,0,0,0,0,0,0,0,0,0,0,0,0,0,0,0,0,0,0,27,0,0,0,0,0,0,0,0,0,0,0,0,0,0,0,0,0,0,0,0,0,0,0,0,0,0,0,0
"SAMEA4506940",0,0,0,0,0,0,0,0,0,0,0,0,0,0,0,0,0,0,0,0,0,0,0,0,0,0,0,0,0,0,0,0,0,0,0,0,0,0,0,0,0,0,0,0,0,0,0,0,0,0,0,0,0,0,79,0,0,0,0,0,0,0,0,0,0,0,15,0,0,0,0,0,0,0,0,0,0,0,0,0,18,0,0,0,0,0,0,0,0,0,0,0,0,0,0,23,0,0,0,0,0,59,0,0,0,23,0,36,0,16,0,0,0,0,0,0,0,0,0,0,0,0,0,0,0,5,0,0,0,0,0,0,151,270,0,178,151,236,73,0,0,0,0,0,0,0,16,0,0,0,0,0,0,0,0,0,0,0,0,0,0,0,0,0,0,0,5,28,0,0,0,0,0,10,0,0,0,0,0,0,0,0,480,0,22,0,0,0,0,0,0,0,0,0,0,0,0,0,0,0,0,0,0,0,0,0,0,0,0,0,0,18,0,70,0,0,0,0,0,0,0,0,0,0,0,0,0,0,34,0,0,0,0,14,0,0,0,0,0,0,0,0,0,15,0,0,0,16,0,0,0,178,0,0,0,0,0,0,0,0,26,0,136,0,0,0,0,0,0,0,0,0,10,0,0,0,0,0,17,0,0,0,0,0,0,0,0,0,0,0,0,0,0,0,0,0,0,0,0,0,0,0,0,16,0,0,0,0,5,0,0,0
"SAMEA4506941",0,0,13,138,2,5,0,164,59,0,0,38,9496,0,0,0,0,0,0,0,7,0,0,0,0,0,0,0,0,3,0,0,0,0,0,0,0,0,0,0,0,0,0,0,0,0,0,0,0,0,0,0,0,25,0,0,0,0,0,0,36,0,0,0,0,0,0,0,0,0,0,0,0,15,0,0,0,0,0,0,0,16,0,0,0,12,0,0,0,0,0,0,0,0,0,0,0,0,0,3,0,0,0,0,0,0,0,0,0,0,0,0,0,0,4,0,0,0,0,0,0,0,0,0,0,0,0,0,0,0,0,0,184,175,399,0,0,8,0,0,0,0,0,0,0,0,1,0,0,0,0,0,0,0,0,0,0,0,0,0,0,0,0,0,0,0,0,0,0,0,0,0,0,0,5,5,0,0,0,0,0,0,0,0,0,31,0,0,36,0,1,0,0,0,6,0,1,0,0,1,0,0,0,0,0,0,0,0,0,4,0,7,1,0,4,0,0,0,0,5,0,0,0,0,0,0,0,0,0,0,0,0,0,0,0,0,0,0,0,0,0,0,2,0,0,0,0,0,0,4,0,0,1525,301,0,6646,4,0,0,0,0,0,2,11,8,0,0,0,0,0,0,0,0,0,0,0,0,0,0,0,0,0,0,0,0,1,0,0,0,0,0,0,0,0,20,0,0,0,0,0,0,0,0,0,0,0,0,0,0,0,0,0
"SAMEA4506942",0,0,0,0,0,0,0,0,0,0,0,0,0,0,0,0,0,0,0,0,0,0,0,0,0,0,0,0,0,0,0,0,0,0,0,0,0,0,0,0,0,0,0,0,0,0,0,0,0,0,0,0,0,0,0,0,0,0,0,0,0,0,0,0,0,0,0,0,0,0,0,0,0,0,0,0,0,0,0,0,0,0,0,0,0,0,0,0,0,0,0,0,0,0,0,0,0,0,0,0,0,0,0,0,0,0,0,0,0,0,0,0,0,0,0,0,0,0,0,0,0,0,0,0,0,0,0,0,0,0,0,0,144,51,0,0,0,0,0,0,0,0,0,0,0,0,0,0,0,0,0,0,0,0,0,0,0,0,0,0,0,0,0,0,0,0,0,0,0,0,0,9,0,0,231,0,0,0,0,0,0,0,9374,0,46,0,0,0,0,0,0,0,0,0,0,0,0,0,0,0,0,0,0,0,0,0,0,0,0,0,0,0,0,0,0,0,0,0,0,0,0,0,0,0,0,0,0,0,0,0,0,0,0,0,0,0,0,0,0,0,0,351,0,0,0,0,0,0,0,0,0,0,0,0,0,0,0,0,0,0,0,0,0,0,0,0,0,0,0,0,0,0,0,0,0,0,0,0,0,0,0,0,0,0,0,0,0,0,0,0,0,0,0,0,0,7,0,0,0,0,0,0,0,0,0,0,0,0,0,0,0,0
"SAMEA4506943",0,0,0,0,0,0,0,0,0,0,0,0,0,0,0,0,0,0,0,0,0,0,0,0,0,0,0,0,0,0,0,0,0,0,0,0,0,0,0,0,0,0,0,0,0,0,0,0,0,0,0,0,0,0,0,0,0,0,0,0,0,0,0,0,0,0,0,0,0,0,0,61,0,0,0,0,0,0,0,0,0,0,0,0,0,0,0,0,6,117,0,0,0,0,0,104,0,0,0,0,0,0,0,7,0,0,0,0,0,0,0,0,0,0,0,0,0,0,0,0,0,0,0,0,0,0,0,0,0,0,0,72,114,0,0,49,21,0,624,0,0,40,0,0,0,0,0,0,0,0,0,0,0,0,0,15,0,0,0,0,0,0,0,0,0,0,0,0,0,0,0,0,0,0,331,0,0,0,0,0,0,0,1655,144,304,0,0,0,0,0,0,0,72,0,0,0,0,0,0,0,485,0,0,0,0,0,0,0,0,0,0,0,0,240,0,0,0,0,0,0,0,0,0,0,0,0,0,0,19,0,0,0,0,30,0,0,0,0,0,0,0,223,0,0,33,0,0,255,0,0,0,463,0,0,0,0,0,0,0,0,0,0,0,60,0,0,0,0,0,0,0,0,0,0,0,18,0,0,0,0,0,0,0,0,0,0,4,0,0,0,0,0,0,0,0,0,0,0,0,0,0,0,0,0,0,0,0,0,0,0,0,0
"SAMEA4506944",0,0,741,849,14,71,0,5,0,0,0,0,1820,155,0,0,0,0,0,0,0,0,0,0,0,0,0,0,2,0,0,0,0,0,0,0,0,0,0,0,109,32,3,1,0,0,0,0,0,0,0,0,1,0,0,0,0,0,17,0,1,0,0,1,0,0,1,0,0,0,0,0,0,0,0,0,0,0,0,0,0,0,0,2,0,0,0,0,1,1,0,0,0,0,0,3,0,0,0,0,0,0,0,0,0,0,0,14,0,0,0,0,0,0,94,4,1,0,0,0,0,0,0,0,0,0,0,0,0,0,0,0,0,0,4734,0,0,0,0,0,0,1,0,0,0,0,0,0,0,0,0,0,0,0,0,0,0,0,0,0,0,0,0,0,0,0,0,0,1,0,0,0,0,0,1,0,0,0,0,0,0,0,0,0,54,0,0,0,0,0,0,0,0,0,0,0,0,0,1,0,0,0,0,0,0,1,0,0,0,73,0,36,0,0,1002,0,0,0,0,40,0,0,0,0,0,0,0,12,0,3,0,0,0,0,0,4,0,0,0,0,0,0,0,0,1,0,0,32,0,0,0,0,3375,0,0,0,167,197,0,0,0,0,0,0,235,0,3,43,0,0,0,0,0,0,0,3,0,0,0,25,5,6,0,0,1,0,0,22,0,0,0,0,0,0,309,0,0,0,0,0,0,0,0,0,6,0,0,0,0,0,0,0
"SAMEA4506945",0,4765,0,3554,1199,65,0,0,0,70,0,0,5037,4758,2195,0,0,40,720,0,0,0,0,11,3,0,0,12,0,0,2,0,0,0,0,0,0,0,0,0,37,6,0,0,0,0,0,0,0,0,0,0,0,0,0,0,0,0,0,0,0,0,0,0,0,0,0,0,0,0,0,0,0,0,0,0,0,0,0,0,0,0,0,0,0,0,0,0,0,1,0,0,0,0,0,1,0,0,0,0,0,0,0,0,13,0,0,0,0,0,0,0,0,452,0,0,0,0,0,0,0,0,0,0,0,0,0,0,0,0,0,0,0,0,0,0,0,0,0,0,0,209,0,0,0,0,0,0,0,0,0,0,0,0,0,0,0,0,0,2,0,0,0,0,0,0,0,0,0,0,0,0,0,0,0,2,0,0,0,0,0,0,0,0,0,0,0,0,0,0,0,0,0,0,0,0,0,0,0,0,0,0,0,0,0,5,0,0,0,0,0,0,0,0,0,0,0,0,0,0,0,0,0,0,0,0,0,0,0,0,0,0,0,0,0,0,0,0,0,0,0,0,1,0,0,0,0,69,0,0,0,0,1,0,0,0,0,0,0,0,0,0,0,0,0,1,0,0,0,0,0,0,0,0,0,0,0,0,0,0,0,0,0,0,0,0,0,27,0,0,0,0,0,0,0,0,0,0,0,0,0,0,0,0,0,0,0,0,0,0,0,0
"SAMEA4506946",0,0,0,0,0,0,0,0,0,0,0,0,0,0,0,0,0,0,0,0,0,0,0,0,0,0,0,0,0,0,0,0,0,0,0,0,0,0,0,0,0,0,0,0,0,0,0,0,0,0,0,0,0,20,0,0,0,0,0,0,33,0,0,0,0,0,20,0,24,0,0,15,0,0,0,0,0,0,0,0,0,0,0,0,0,27,93,0,22,342,0,0,31,0,0,207,13,18,0,365,93,140,25,0,0,259,0,0,0,0,0,0,822,0,0,0,26,0,71,0,0,0,0,0,45,45,0,36,48,0,0,171,330,84,0,151,63,28,23,0,0,51,0,0,0,144,154,0,0,4,0,0,0,25,0,0,10,0,14,0,0,12,0,0,0,0,0,117,18,29,0,0,0,0,0,0,0,8,0,0,0,0,0,0,0,0,33,0,0,0,0,0,0,0,0,0,8,0,0,0,0,30,0,0,0,0,20,0,0,40,0,27,0,0,0,0,0,0,0,0,0,0,0,14,0,9,0,0,539,0,0,0,0,73,0,0,0,0,0,0,0,286,0,0,0,0,0,117,0,0,0,119,0,0,0,0,0,0,0,0,0,14,0,0,0,0,113,0,82,28,0,0,0,0,0,23,0,0,19,0,0,0,0,0,0,34,0,0,0,0,0,0,0,0,0,0,0,0,0,0,0,0,0,0,72,0,0,0,0,0,0,0
"SAMEA4506947",0,0,0,0,0,0,0,0,0,0,0,0,0,0,0,0,0,0,0,0,0,0,0,0,0,0,0,0,0,0,0,0,0,0,0,0,0,0,0,0,0,0,0,0,0,0,0,0,0,0,0,0,0,0,0,0,0,60,0,0,0,0,0,0,0,0,0,0,0,0,0,0,0,0,0,0,29,0,0,0,0,0,0,11,0,0,5,0,0,41,62,0,0,33,0,0,0,0,0,0,0,0,0,0,0,0,0,0,0,0,0,0,0,0,46,0,0,0,0,0,0,0,0,0,0,8,0,0,0,0,0,0,0,0,0,0,0,0,13,0,0,6,0,0,0,0,0,0,0,0,0,0,0,0,0,0,0,0,0,26,0,0,0,0,0,0,0,0,0,0,0,0,0,38,0,0,0,0,0,0,0,0,1472,0,0,0,0,0,0,0,0,0,0,0,0,0,0,0,0,0,0,0,0,0,0,0,0,0,0,0,0,36,0,41,0,0,0,0,0,0,13,0,0,0,0,32,0,0,0,0,0,0,0,0,0,0,0,0,0,0,0,15,0,0,0,0,0,22,20,68,0,2060,0,0,0,0,0,0,0,0,0,0,0,0,0,0,0,0,0,0,0,0,0,0,0,0,5,0,0,0,0,0,0,0,0,0,11,0,0,0,0,0,0,0,0,34,0,0,0,0,0,0,0,3,0,0,0,0,0,0,0,0
"SAMEA4506949",13982,0,1490,4588,0,2016,2748,0,0,11658,0,0,26484,8946,0,0,17,0,0,0,2079,0,0,266,0,377,0,0,0,7731,289,0,3,0,29,0,0,0,2141,6,1483,159,163,0,0,0,0,0,0,5060,0,0,2,0,0,0,0,0,133,0,37,0,0,0,0,37,0,50,0,0,0,0,0,0,0,0,0,0,137,0,4,0,5,0,272,1360,0,126,1215,2607,0,0,90,102,103,646,0,267,0,156,0,0,0,13,0,0,0,4509,0,0,0,0,0,10,0,7604,5,0,0,18,0,13,0,0,40,0,186,0,184,0,0,0,0,2226,7133,0,0,103,4111,0,0,1516,0,0,44,720,0,15,67,0,28,0,0,649,0,0,92,0,0,2782,0,41,0,0,0,0,0,5,83,0,0,0,190,0,342,244,0,0,418,0,0,0,1343,0,2013,0,0,0,0,15,0,62,535,0,0,0,1784,0,0,262,0,0,56,396,0,9536,0,0,0,0,0,4307,0,0,9,83,0,0,0,0,0,0,108,402,0,0,0,0,0,1659,0,0,0,0,4859,148,0,0,35,0,999,0,3755,0,0,0,0,5052,0,0,0,0,0,0,0,0,485,0,0,0,1125,0,0,0,0,1350,0,0,0,0,0,0,0,316,412,0,0,0,4685,1389,3113,0,441,0,0,0,118,4034,0,0,0,13,0,0,11448,0,0,0,0,0,0,12,0,0,3881,0,0,0,294,0,0,0
"SAMEA4506951",0,0,0,0,0,0,0,0,0,0,0,0,0,0,0,0,0,0,0,0,0,0,0,0,0,0,0,0,0,0,0,0,0,0,0,0,0,0,0,0,0,0,0,0,0,0,0,0,0,0,0,0,0,0,0,0,0,0,0,0,0,0,0,0,0,0,0,0,0,0,0,0,0,0,0,0,0,450,0,0,0,0,0,0,0,0,0,0,0,197,0,0,0,0,0,425,0,0,0,0,0,0,0,0,0,0,0,0,0,0,0,0,0,0,0,0,0,0,0,0,0,0,0,13,0,0,0,0,0,0,0,0,0,0,0,0,0,0,0,0,0,0,0,0,0,0,0,0,0,0,0,0,0,0,0,0,0,0,0,0,0,0,0,0,0,0,0,0,0,0,0,0,0,0,0,0,0,0,0,0,0,0,63,0,0,0,0,0,0,0,0,0,0,0,0,0,0,0,0,0,0,0,0,0,0,0,0,0,0,0,0,0,0,0,0,0,170,0,0,0,37,0,0,0,0,0,0,0,0,0,0,0,0,0,0,0,0,0,0,0,0,197,0,0,0,0,0,0,0,0,0,0,0,0,0,0,0,0,0,0,0,0,0,0,0,0,0,0,0,0,0,0,0,0,0,0,0,0,0,0,0,0,0,0,0,0,0,0,0,0,0,0,0,0,0,11,0,0,0,0,0,0,0,0,0,0,0,0,0,0,0,0
"SAMEA4506952",0,0,37,4,0,10,0,37,0,0,0,0,241,0,0,0,0,0,0,0,0,0,0,0,0,0,0,0,0,3,0,0,0,0,0,0,0,0,0,0,123,197,2,0,0,0,0,0,0,2,0,0,0,0,0,0,0,0,0,0,2,0,0,0,0,0,0,0,0,0,0,0,0,0,0,0,0,0,0,0,0,0,0,0,0,0,0,0,8,92,0,0,0,0,0,8,0,0,0,0,0,0,0,0,0,0,0,0,0,0,0,0,0,451,0,0,1756,0,0,0,0,0,0,0,0,0,0,0,0,0,0,0,0,0,0,0,0,0,0,0,0,1271,104,0,0,0,0,0,1,0,0,0,0,0,0,0,4,0,0,622,0,0,0,0,0,2,0,0,0,0,0,0,50,0,0,18,0,0,7,0,0,0,2811,0,0,0,0,0,0,0,0,0,1,0,0,0,0,0,0,94,0,0,0,0,0,2583,0,0,0,0,0,0,0,0,83,0,0,0,1,0,4,0,0,0,0,0,0,0,0,0,0,0,0,0,6,4,0,0,1,0,0,0,1,0,0,0,0,5553,0,0,0,0,0,1,0,0,0,0,0,3,0,0,0,0,0,0,0,0,0,0,0,0,0,0,0,0,0,0,0,0,0,0,0,0,0,0,0,0,82,0,0,0,0,4182,0,0,0,0,0,0,0,0,0,0,0,0,0,0,0,0,0,0
"SAMEA4506953",15,11,23,0,0,0,0,6562,0,0,0,3,2968,0,0,0,0,0,13,0,0,0,4,0,0,0,0,0,0,9,0,0,0,0,0,0,0,7,280,0,772,107,0,0,0,242,0,0,0,1434,15,0,0,0,0,0,0,0,0,1489,4,0,0,0,0,0,0,0,0,0,516,0,13,0,0,0,29,0,0,0,0,0,0,0,0,2720,0,0,0,20020,0,0,0,0,0,59,0,0,0,0,0,0,0,0,0,0,0,0,0,0,0,0,14,0,0,10,0,0,0,0,0,0,0,0,9,0,0,0,0,0,0,0,14,0,0,0,0,0,7,0,0,0,0,129,8,0,38,25,0,0,0,0,0,0,0,0,244,0,0,0,0,0,0,0,0,0,0,0,0,0,0,0,0,0,0,0,0,0,0,0,0,0,2892,0,0,0,0,0,0,0,0,0,0,0,0,0,0,357,0,0,0,0,0,0,0,3440,0,96,0,0,0,0,0,0,14,0,0,0,0,0,0,0,0,0,0,56,0,0,0,0,13525,0,0,0,8,0,0,0,0,0,0,0,20105,0,0,0,0,0,3530,0,223,0,3952,0,0,0,0,9,0,0,0,11,0,0,1353,0,0,0,0,0,0,0,0,0,0,0,0,0,0,0,0,0,284,0,48,0,0,397,0,0,0,0,0,0,4,0,0,0,0,0,0,0,0,0,0,0,0,0,0,0,0,0
"SAMEA4506955",0,8,50,0,0,0,1,4,0,0,1,0,79,0,0,0,0,0,0,0,0,0,0,0,0,0,0,0,0,0,0,0,0,0,0,0,0,0,0,0,36,0,0,0,0,0,0,0,0,0,0,0,0,0,0,0,0,0,0,0,0,0,0,0,0,0,0,0,0,0,0,0,0,0,0,0,0,0,0,0,0,0,0,0,0,0,0,0,0,0,0,0,0,0,0,0,0,0,0,0,0,0,0,0,0,0,0,0,0,0,0,0,0,0,587,183,4,0,0,0,0,0,0,0,0,0,0,0,0,0,0,0,56,0,0,0,0,0,58,0,0,2,0,0,0,0,0,0,0,0,0,0,0,0,0,0,0,0,0,0,0,0,0,0,0,0,0,0,0,0,0,0,0,0,0,0,0,0,2,0,0,0,6,0,0,0,0,0,0,0,0,0,0,0,0,0,0,0,0,3,0,0,0,0,0,14,0,1,0,0,0,0,0,0,97,1,0,0,0,0,0,0,0,0,0,0,0,0,0,0,0,0,0,0,0,0,0,0,0,0,0,0,11,0,0,0,0,6,0,0,0,0,52637,0,0,6,0,0,0,0,0,0,0,0,0,0,4,2,0,0,0,0,0,0,0,0,0,15,0,0,0,0,0,0,2,0,0,0,4359,0,0,0,0,0,0,0,0,0,0,0,0,0,0,0,0,0,0,0,0,0,0,0
"SAMEA4506956",0,0,0,0,0,0,0,0,0,0,0,0,0,0,0,0,0,0,0,0,0,0,0,0,0,0,0,0,0,0,0,0,0,0,0,0,0,0,0,0,0,0,0,0,0,0,0,0,0,0,0,0,0,0,0,0,0,0,0,0,0,0,0,0,0,0,0,0,0,0,0,0,0,0,18,0,0,0,0,0,0,0,0,0,0,0,0,0,16,208,0,0,0,0,0,0,0,0,0,0,0,0,0,11,0,0,0,0,0,0,0,0,0,0,0,0,0,0,0,0,0,0,0,0,0,0,0,0,0,0,0,0,0,0,0,0,0,0,0,0,0,59,0,0,0,0,0,0,0,0,0,0,0,0,0,15,0,0,0,45,0,0,0,0,0,0,0,0,0,0,0,0,0,69,0,56,0,101,73,0,0,0,1933,0,0,0,1,0,0,0,227,0,0,0,0,0,43,314,0,122,0,0,0,0,0,0,26,0,0,0,0,16,0,0,0,0,0,0,0,0,0,0,0,0,0,0,10,0,0,0,0,0,0,0,0,0,0,0,0,0,0,0,0,0,0,0,0,220,0,0,0,0,0,0,138,54,0,0,0,0,0,0,0,28,0,0,0,0,0,0,0,0,0,0,0,0,0,0,0,0,0,0,0,0,0,0,0,0,0,0,0,0,0,0,0,0,0,0,0,0,0,0,0,0,0,0,0,0,0,0,0,0
"SAMEA4506957",0,0,0,0,0,0,0,0,0,0,0,0,0,0,0,0,0,0,0,0,0,0,0,0,0,0,0,0,0,0,0,0,0,0,0,0,0,0,0,0,0,0,0,0,0,0,0,0,0,0,0,0,0,0,0,0,0,0,0,0,0,0,0,0,0,0,0,0,0,0,0,35,0,0,0,0,0,0,0,0,68,0,0,0,14,0,0,0,36,42,0,0,0,0,81,45,0,0,0,0,0,81,11,0,0,0,30,0,7,0,0,0,455,0,0,212,15,0,0,0,0,0,0,14,0,0,0,0,0,11,10,0,0,26,0,236,118,206,0,0,0,0,0,0,0,271,125,0,0,0,4,0,0,30,0,0,0,6,0,9,0,0,0,0,173,0,0,0,0,0,94,0,0,0,0,22,0,0,0,0,0,0,216,0,233,0,0,0,0,0,0,0,0,0,0,0,0,180,0,0,0,9,0,0,0,0,0,0,0,0,0,43,0,110,0,0,0,0,0,0,0,0,9,21,0,0,0,0,29,0,0,0,0,16,0,0,88,0,0,0,0,0,0,0,0,0,0,144,0,0,0,0,0,0,965,574,0,0,0,0,50,100,49,0,0,0,72,0,0,0,0,0,0,0,0,0,0,0,16,0,0,0,0,0,0,0,0,0,0,0,0,0,0,0,0,0,0,0,0,0,0,0,0,0,0,0,0,0,0,0,0,0
"SAMEA4506958",23,59,1717,5319,0,27,0,25,2582,0,0,169,18639,0,0,0,0,0,0,0,34,6,0,0,53,1576,0,0,589,1015,0,2664,4,635,6,0,89,2992,122,0,2915,1863,78,0,84,42,12,0,0,4180,45,0,0,1782,0,8,9,0,1860,139,3873,0,128,144,0,93,0,223,102,0,0,0,0,0,0,0,20,0,0,0,1549,0,25,0,0,0,0,0,55,383,0,0,0,29,0,344,62,28,0,0,0,5,0,0,0,0,0,0,0,409,0,0,0,0,6806,684,1314,2879,395,7,0,24,9,0,945,0,0,0,0,0,0,0,0,24,0,0,0,13,0,4517,0,463,1518,41,110,0,0,0,47,0,5,0,0,0,0,0,0,83,0,579,0,0,0,0,0,0,0,0,0,28,0,0,64,0,0,102,0,0,309,103,0,0,1929,0,0,0,0,0,0,0,0,0,0,0,0,0,0,0,0,202,0,0,140,0,0,0,0,0,7,765,0,1113,0,0,14739,882,0,40,1440,0,0,0,0,15,0,0,0,430,0,1782,19,0,0,0,0,678,0,0,26,0,0,0,702,0,0,38,0,4158,0,0,0,0,27,66,0,409,0,7,5,0,0,0,0,0,871,0,39,189,0,22,0,131,0,0,0,0,25,0,7,0,0,0,432,0,0,0,0,0,14514,62,0,35,0,0,12,0,0,0,10,0,115,158,0,0,0,0,0,0,0,0,0,0
"SAMEA4506959",11,16,0,67,12,14,0,0,0,22,0,0,56,28,0,0,0,0,0,0,22,0,0,2,0,0,0,0,0,0,0,0,46,0,31,5,0,0,4,50,9323,5822,357,0,144,724,18,0,5,1472,0,0,0,106,260,0,0,684,16,220,0,0,0,0,5,0,0,0,0,0,0,0,0,0,0,0,0,0,0,0,0,0,0,0,0,0,0,0,0,668,0,0,0,0,0,0,0,0,18,0,0,0,0,0,0,0,0,0,0,0,0,0,0,0,0,8,0,0,0,0,0,0,0,0,0,0,0,0,0,0,0,0,23,0,0,0,0,6,8,0,0,435,0,0,0,0,15,0,0,0,0,0,0,0,0,0,0,0,0,0,0,0,0,0,0,0,5,0,0,0,0,24,95,0,0,0,175,0,341,0,0,0,8684,1153,0,0,0,0,0,0,0,0,0,0,0,0,0,0,0,0,0,0,0,0,0,10,0,0,9,9,0,13,0,0,51020,0,0,1971,823,0,5,0,0,0,0,0,0,0,0,0,0,0,0,0,0,0,0,0,0,0,0,0,40632,0,11,0,0,22,0,0,0,0,17,0,0,14,0,10,0,0,0,13,0,0,9,0,0,0,0,128,0,0,0,0,0,0,0,0,0,0,0,0,304,0,0,0,0,0,11,9664,3983,95,7,0,5,0,22,15,0,0,0,59,0,0,0,0,0,0,0,0,0,0
"SAMEA4506961",0,0,0,0,0,0,0,0,0,0,0,0,0,0,0,0,0,0,0,0,0,0,0,0,0,0,0,0,0,0,0,0,0,0,0,0,0,0,0,0,0,0,0,0,0,0,0,0,0,0,0,0,0,0,0,0,0,0,0,0,0,0,0,0,0,0,0,0,0,0,0,0,0,0,12,0,0,0,0,0,0,0,0,0,0,36,0,19,47,535,0,0,0,0,0,1042,0,31,0,0,0,0,0,17,0,0,0,0,0,0,0,0,0,0,0,0,0,0,13,0,0,0,0,29,0,13,0,2,0,0,0,0,0,0,0,0,0,1639,0,0,0,43,28,0,0,0,0,0,0,0,0,0,0,0,0,0,8,0,0,70,0,0,0,0,0,0,0,0,0,0,0,0,0,0,0,111,0,0,31,0,0,0,3516,0,0,0,0,0,0,0,0,0,0,0,0,413,234,0,0,277,0,0,0,0,0,0,74,94,0,0,0,24,0,138,0,47,0,0,0,0,0,0,0,0,0,0,0,0,0,0,0,16,10,0,0,148,71,0,0,0,0,115,0,0,0,0,0,403,0,0,0,0,0,0,0,0,0,0,0,0,0,0,0,0,0,0,0,0,0,0,0,0,0,0,0,0,0,0,0,0,0,0,0,0,199,0,0,0,0,0,0,0,0,0,0,0,0,0,0,0,0,0,0,5,0,0,0,0,6,0,0,0
"SAMEA4506962",0,0,11616,158,1332,742,6249,4336,0,2243,0,198,13128,1781,20,0,5,0,0,0,2318,0,0,150,0,554,0,0,0,123,664,50,0,0,13,20,1481,2725,109,64,2499,12475,12,0,0,2949,0,2,0,189,0,5,0,316,0,0,0,0,296,0,72,0,38,68,10,0,2,0,75,0,33,0,0,0,0,0,23,0,0,0,0,0,4,0,361,1041,0,156,79,30,0,0,132,205,14,236,30,152,4472,0,3,0,467,3,2666,0,0,0,0,0,29,0,4,3630,9212,4,668,661,538,27,0,11,0,149,0,0,91,0,0,0,0,4771,11179,0,0,0,0,7417,0,0,0,1655,0,39,38,395,6,0,39,0,21,9,0,88,0,0,12,111,0,79,2880,9,9,0,179,136,0,0,0,233,58,0,45,0,0,90,0,0,87,0,0,0,450,0,0,0,0,709,0,64,0,19,0,0,0,0,652,111,6,54,0,0,96,0,585,3881,0,0,0,0,0,0,694,0,13,112,34,205,0,0,0,204,0,271,0,2159,0,12,0,0,82,0,0,0,0,145,0,0,58,0,63,0,376,0,0,28,179,7595,0,0,0,0,0,0,0,165,505,0,190,0,0,19,0,0,8,215,438,303,0,0,0,0,0,75,0,0,193,0,0,0,0,0,30,0,51,0,0,41,0,0,0,54,0,0,5031,0,0,11,0,0,0,154,11,0,11114,0,0,0,347,32,366,4018
"SAMEA4506963",6,0,247,7807,861,674,0,0,0,823,0,7,2651,877,0,12845,12098,1873,0,340,0,0,0,0,72,0,5,0,0,67,932,0,0,0,0,0,0,0,5,229,1131,1449,19,0,0,0,0,0,0,0,7,0,0,0,0,0,0,0,364,0,0,0,7,0,0,0,0,25,0,0,43,0,0,0,0,0,0,11,0,0,0,0,5,0,0,0,0,21,46,303,0,0,0,8,12,561,224,23,0,0,15,0,0,0,0,44,0,8,14,0,0,1050,0,0,0,99,50,37,16,5,0,0,0,71,0,0,0,0,0,0,0,0,0,0,0,0,0,1049,0,0,0,36,0,0,12,0,562,0,0,0,0,9,0,26,0,0,7,7,0,58,28,0,0,0,250,4,0,0,0,0,0,0,0,0,0,41,0,0,59,0,0,0,221,0,0,0,0,36,0,15,0,0,0,0,0,74,75,463,0,8,0,0,0,0,0,1945,0,0,0,0,0,151,0,0,0,0,0,51,0,0,14,9,0,18,0,0,0,85,0,78,35,0,24,0,0,0,0,85,0,0,0,0,96,0,0,0,26,0,0,0,0,0,1967,68,0,0,0,0,0,0,0,0,0,0,0,50,319,185,0,0,0,0,192,17,0,0,30,0,0,0,0,0,32,0,0,0,0,53,0,0,0,37,0,787,0,0,0,7,0,0,0,0,0,0,0,0,0,0,76,5,0,9
"SAMEA4506964",0,0,0,0,0,0,0,0,0,0,0,0,0,0,0,0,0,0,0,0,0,0,0,0,0,0,0,0,0,0,0,0,0,0,0,0,0,0,0,0,0,0,0,0,0,0,0,0,0,0,0,0,0,0,0,0,0,0,0,0,0,0,4,0,0,0,0,0,0,0,0,0,0,0,0,88,0,0,0,0,0,0,0,0,713,22,0,0,38,235,0,147,20,0,0,0,0,0,0,0,0,0,0,19,0,0,0,0,0,0,0,0,0,0,0,0,337,0,0,0,0,0,0,0,0,0,0,0,0,0,0,0,0,6,0,0,0,0,0,0,0,434,0,0,0,0,0,0,0,11,0,0,0,0,0,0,0,0,0,61,0,0,0,0,0,0,0,0,0,0,0,0,0,0,369,81,0,40,0,0,0,0,957,0,0,0,156,0,0,0,0,0,0,0,0,0,0,0,0,64,0,0,0,0,0,0,169,37,0,0,0,11,29,149,0,0,10,144,0,0,0,0,0,0,0,26,0,19,0,0,0,84,0,0,0,1327,321,0,20,42,0,785,0,0,0,0,46,177,0,0,7,0,0,0,0,0,0,0,0,0,48,0,0,0,0,0,0,0,0,0,0,0,0,0,0,0,0,0,0,25,0,0,0,0,593,0,0,131,0,0,0,0,0,0,0,0,0,0,0,0,0,0,0,0,0,0,0,88,0,0,0,0
"SAMEA4506966",109,0,0,2796,235,285,248,59,0,844,262,0,0,3766,0,0,0,0,0,0,707,0,0,101,0,0,0,0,0,209,0,0,0,0,19,0,0,0,34,0,117,288,116,0,0,0,0,0,0,195,2,0,0,0,0,0,0,0,553,0,0,0,0,1023,6,0,43,65,104,0,28,0,13,0,0,0,11,0,0,0,0,0,3,220,58,386,0,60,79,437,0,0,19,11,0,790,0,115,0,1245,0,0,0,4,0,0,0,0,0,0,253,0,6289,0,0,3652,0,0,0,34,120,0,0,0,16,0,14,0,13,0,0,0,1373,0,33,0,0,768,129,0,0,536,163,0,113,0,19,8,0,0,0,0,0,47,0,0,5,0,0,343,0,14,5,0,358,111,0,0,0,0,0,0,26,0,246,74,0,0,123,150,0,0,170,0,0,0,0,0,0,9,0,0,0,0,0,0,0,44,0,24,0,0,0,0,19,453,0,0,1251,378,0,132,0,0,4994,110,528,10,0,0,0,43,0,16,0,0,0,104,0,479,0,0,241,0,40333,38,0,0,19,0,25,0,134,282,3970,0,18,309,0,158,0,0,78789,0,0,93,43,0,76,186,0,22,0,0,11705,25,0,0,204,0,42,0,0,0,293,287,0,0,1703,843,855,405,104,0,0,47,0,965,0,0,0,0,0,0,0,0,0,0,0,0,0,36,0,0,0,0,0,0,61,19,0,0
"SAMEA4506967",0,0,0,0,0,0,0,0,0,0,0,0,0,0,0,0,0,0,0,0,0,0,0,0,0,0,0,0,0,0,0,0,0,0,0,0,0,0,0,0,0,0,0,0,0,0,0,0,0,0,0,0,0,0,0,0,0,0,40,0,0,0,6,111,0,0,0,0,60,0,0,0,0,0,0,0,38,0,0,0,0,0,0,0,0,0,246,0,0,108,0,0,148,0,0,450,581,0,0,0,0,0,95,5,0,0,0,0,0,729,0,784,149,0,0,0,86,0,25,22,43,9,0,0,0,48,0,24,267,149,0,0,0,30,0,0,0,46,564,6,0,743,121,0,37,213,0,0,0,11,0,0,0,49,0,0,0,11,0,224,0,0,0,0,0,0,0,0,0,0,0,0,0,0,39,20,0,68,0,0,0,0,39,0,0,0,32,44,0,10,0,0,0,0,0,0,20,0,0,0,0,0,0,0,0,0,0,0,0,557,0,95,0,0,0,28,22,14,0,0,0,0,0,25,0,84,0,0,150,0,0,72,0,0,0,66,0,32,0,0,0,19,0,0,0,10,0,534,0,0,0,0,0,0,0,0,0,0,0,0,0,0,0,0,0,0,0,0,262,0,0,0,0,0,20,0,0,0,0,0,0,0,0,0,0,9,0,0,0,0,0,0,0,0,0,0,0,0,0,0,0,0,0,0,0,0,0,49,86,0,0,0
"SAMEA4506968",0,11,49,51,10,25,0,28,9,23,0,0,69,0,11,0,16,0,0,0,0,23,0,0,0,0,0,0,0,15,8,0,0,2,742,0,234,831,149,0,575,107165,0,0,0,3214,5,0,9,6,0,0,0,0,0,0,0,0,0,0,0,0,0,0,0,0,0,0,0,0,0,0,5,0,0,0,0,0,0,0,0,3,0,0,0,3,0,0,0,12,0,0,0,0,0,3,0,0,0,0,4,0,0,0,0,5,0,0,0,0,0,0,14,0,0,0,0,0,0,0,0,0,0,0,0,0,0,0,0,0,0,0,0,0,31,0,0,10,22,0,0,0,0,0,0,0,9,0,0,0,0,0,0,0,0,0,0,0,0,2,0,0,0,7,0,0,0,15,0,0,0,0,0,0,11,0,0,0,1514,0,0,0,75627,4506,0,0,0,0,0,0,0,0,0,0,0,0,0,0,11,14938,0,0,0,0,0,10821,0,0,0,16,0,11,9,0,43,0,0,17,0,0,0,0,0,0,0,0,0,0,0,0,0,0,0,0,0,0,0,0,0,0,0,0,18,0,0,0,0,10,49,1781,0,0,37,0,0,95,0,5,0,0,0,0,0,0,13,0,7,0,0,0,0,0,0,0,0,3,0,0,0,0,21,0,0,0,0,0,0,0,10,0,0,109,0,0,8,51,0,0,26,0,0,89,0,0,0,5,0,0,0,0,0,0
"SAMEA4506969",0,0,0,0,0,0,0,0,0,0,0,0,0,0,0,0,0,0,0,0,0,0,0,0,0,0,0,0,0,0,0,0,0,0,0,0,0,0,0,0,0,0,0,0,0,0,0,0,0,0,0,0,0,0,0,0,0,0,0,0,0,0,0,0,0,0,0,0,0,0,0,0,0,0,0,0,0,0,0,127,0,0,0,0,0,0,0,0,0,1074,0,0,279,5071,0,2901,0,0,0,0,0,0,0,0,0,0,0,0,0,0,0,0,0,0,0,0,0,0,0,0,0,0,0,0,2121,137,0,0,0,0,0,0,0,0,0,0,3878,718,0,0,0,21,0,0,0,0,0,0,0,0,0,0,0,0,0,0,0,0,0,56,0,0,0,0,0,0,0,0,0,0,0,0,0,0,0,0,0,584,685,0,0,0,16642,0,0,0,167,0,0,0,0,0,0,0,0,0,0,0,0,0,0,0,0,0,0,0,0,0,0,0,0,0,0,0,0,0,0,0,0,0,0,0,0,0,0,0,0,0,0,0,0,0,0,0,0,0,0,482,0,0,0,0,0,0,0,0,0,0,0,0,0,0,0,0,0,0,0,0,0,0,0,0,0,0,0,0,0,0,0,0,0,0,0,0,0,0,0,0,0,0,0,0,0,0,0,0,0,0,0,0,0,0,0,0,0,0,0,0,0,0,0,0,0,0,0,0,0,0,0,0,0,0
"SAMEA4506970",0,0,0,0,0,0,0,0,0,0,0,0,0,0,0,0,0,0,0,0,0,0,0,0,0,0,0,0,0,0,0,0,0,0,0,0,0,0,0,0,7368,0,0,0,1,0,0,0,0,3,0,0,0,0,0,0,0,0,0,0,100,0,0,1,0,0,4,0,0,0,0,0,0,0,0,0,0,0,0,0,0,0,0,0,0,0,0,0,0,0,0,0,3,0,3,0,0,0,4,0,0,0,0,0,0,0,0,0,0,0,0,0,0,0,0,1,0,0,0,0,0,0,0,0,0,0,1,0,0,0,0,0,0,13,703,0,0,0,0,126,0,2,0,0,0,0,20955,0,0,0,0,0,0,0,0,0,0,0,0,0,0,0,0,197,12,0,0,0,0,0,13,0,0,0,0,0,0,0,0,0,0,0,0,0,0,0,0,0,0,0,0,0,0,0,0,0,1,0,0,0,0,6,0,0,2,0,0,0,0,0,0,17,0,0,226,0,73,0,0,0,0,0,0,0,0,0,0,1,0,0,0,0,0,0,1,0,0,0,0,0,0,0,20,92,0,0,0,0,1,4,0,0,9,42,0,31,0,0,0,0,214,0,0,0,16,0,20,1,0,0,0,0,0,0,0,0,0,0,38,0,5,0,0,0,0,0,0,1,481,0,0,0,0,0,0,0,0,0,0,0,0,0,0,0,0,0,0,0,0,0,0,0
"SAMEA4506972",0,0,0,0,0,0,0,0,0,0,0,0,0,0,0,0,0,0,0,0,0,0,0,0,0,0,0,0,0,0,0,0,0,0,0,0,0,0,0,0,0,0,0,0,0,0,0,0,0,0,0,0,0,0,0,0,0,0,0,0,0,0,0,0,0,0,0,0,0,0,0,0,0,0,0,0,0,0,0,0,0,0,0,0,0,0,0,0,0,0,0,0,0,0,0,0,0,0,0,0,0,0,0,0,0,0,0,0,0,0,0,0,0,0,0,0,0,0,0,0,0,0,0,0,0,0,0,0,0,0,0,0,0,0,0,0,0,5,0,0,0,0,0,0,0,0,0,0,0,0,0,0,0,0,0,0,0,0,0,0,0,0,0,0,0,0,0,0,0,0,0,0,0,0,0,0,0,0,0,0,0,0,0,0,0,0,0,0,0,0,0,0,0,0,0,0,0,0,0,0,0,0,0,0,0,0,0,0,0,0,0,0,0,0,0,0,0,0,0,0,0,0,0,0,0,0,0,0,0,0,0,0,0,0,0,0,0,0,0,0,0,0,0,0,0,0,0,0,0,0,0,0,0,0,0,0,0,0,0,0,0,0,0,0,0,0,0,0,0,0,0,0,0,0,0,0,0,0,0,0,0,0,0,0,0,0,0,0,0,0,0,0,0,0,0,0,0,0,0,0,0,0,0,0,0,0,0,0,0,0,0,0
"SAMEA4506975",0,0,0,0,0,0,0,0,0,0,0,0,0,0,0,0,0,0,0,0,0,0,0,0,0,0,0,0,0,0,0,0,0,0,0,0,0,0,0,0,0,0,0,0,0,0,0,0,0,0,0,0,0,0,0,0,0,0,0,0,37,0,0,0,0,0,0,0,0,0,0,0,0,0,0,0,0,0,0,198,0,0,0,0,0,0,0,0,0,0,0,86,0,0,0,71,0,0,0,0,0,0,0,0,0,0,0,0,0,0,0,0,0,0,0,0,0,0,4,0,0,0,0,0,0,8,0,0,0,0,0,0,0,3184,0,0,70,86,0,0,0,0,0,0,0,0,0,0,0,0,0,0,0,0,0,0,0,0,0,0,0,0,0,0,0,0,0,0,0,0,0,0,0,29,733,0,0,75,0,0,0,0,1382,0,0,0,0,0,0,0,0,0,0,0,0,0,0,0,0,385,0,0,0,0,0,0,0,0,0,0,0,0,0,0,0,0,0,0,0,0,0,0,0,0,0,0,0,0,0,0,0,0,0,0,0,0,0,0,0,0,0,842,0,0,0,0,0,125,0,0,0,0,0,0,0,0,0,0,0,0,0,0,0,0,0,0,0,0,0,0,0,0,0,0,0,0,0,0,0,0,0,0,0,0,0,0,0,0,0,0,0,0,0,0,0,0,0,6,0,0,0,0,0,170,0,0,0,0,0,0,0,0
"SAMEA4506976",0,0,0,0,0,0,0,0,0,0,0,0,0,0,0,0,0,0,0,0,0,0,0,0,0,0,0,0,0,0,0,0,0,0,0,0,0,0,0,0,0,0,0,0,0,0,0,0,0,0,0,0,0,0,0,0,0,0,0,0,0,0,0,0,0,0,0,0,17,0,0,0,0,0,0,0,0,0,0,0,0,0,0,0,0,0,87,0,0,1297,543,0,0,0,0,707,0,0,0,0,0,0,0,0,0,0,0,0,0,13,0,0,0,0,0,0,0,0,950,0,0,0,0,0,0,0,0,0,0,0,0,0,0,0,0,0,0,0,0,0,0,348,0,0,0,0,0,0,0,0,0,0,0,0,0,0,0,0,0,65,0,0,0,214,0,0,0,0,0,0,0,0,0,188,0,141,0,123,132,0,0,306,17167,392,0,0,0,0,0,0,0,0,0,0,0,0,0,0,0,487,0,0,0,0,0,0,326,139,0,0,0,0,0,518,0,0,668,0,0,0,79,0,0,159,0,88,21,0,0,0,0,0,0,0,0,0,66,0,0,0,0,1921,0,0,0,0,0,326,0,882,0,0,0,0,0,0,0,0,0,0,0,0,0,0,0,0,0,0,0,0,0,0,0,0,0,0,34,0,0,0,0,0,0,36,0,62,0,0,0,0,0,0,0,0,0,0,0,0,0,0,0,0,0,0,0,0,0,0,0,9,0,0
"SAMEA4506978",0,0,0,0,0,0,0,0,0,0,0,0,0,0,0,0,0,0,0,0,0,0,0,0,0,0,0,0,0,0,0,2,118,0,0,0,0,0,0,0,180,0,3,0,0,1864,0,0,0,0,0,0,0,0,5,0,0,5,0,0,114,0,0,0,0,0,0,0,0,0,0,0,0,0,0,0,0,0,0,0,0,0,0,0,0,0,0,0,0,0,0,0,0,0,0,0,0,0,0,0,0,0,0,0,0,0,0,0,0,0,0,0,0,0,0,0,0,0,0,0,0,0,0,0,0,0,0,0,0,0,0,0,0,0,0,0,0,0,0,0,0,0,0,0,0,0,4,0,0,0,0,0,0,0,0,0,0,0,0,0,0,0,0,0,0,0,0,0,0,0,0,0,0,0,0,0,0,0,0,0,0,0,0,0,0,0,0,0,0,0,21,0,0,0,0,0,0,0,0,0,0,0,0,0,0,0,0,0,0,0,0,0,0,0,33,0,0,0,0,3,0,0,0,0,0,0,0,0,0,0,0,0,0,0,0,0,0,0,0,0,0,0,0,0,0,0,0,0,2,0,0,0,3,6,0,0,0,0,0,0,3,0,0,0,0,0,0,0,0,0,0,0,0,0,0,0,0,0,0,0,0,0,0,0,0,0,0,0,0,0,0,18008,0,0,0,0,0,0,0,0,0,0,0,0,3566,0,0,0,0,0,0,0
"SAMEA4506979",0,0,0,0,0,0,0,0,0,0,0,0,0,0,0,0,0,0,0,0,0,0,0,0,0,0,0,0,0,0,0,0,0,0,0,0,0,0,0,0,0,0,0,0,0,0,0,0,0,0,0,0,0,0,0,0,0,0,0,0,0,0,0,0,0,0,0,0,0,0,0,0,0,0,0,0,5,0,0,0,0,0,0,0,0,223,0,0,154,64,62,0,0,0,0,925,91,80,105,99,0,0,0,0,0,0,0,0,0,0,0,0,0,0,0,187,0,0,0,0,20,0,0,0,30,9,0,25,0,0,0,0,0,0,0,25,0,747,37,0,48,0,27,0,0,0,0,0,0,10,0,0,0,0,0,0,19,0,0,0,0,0,0,0,97,0,0,0,53,0,0,0,0,0,0,0,0,0,0,0,0,0,123,0,0,0,25,0,0,0,0,0,0,0,0,0,0,0,0,0,0,9,0,0,0,0,409,0,0,30,22,57,0,568,0,55,0,0,0,0,0,0,0,0,0,0,0,0,0,0,40,126,0,0,0,283,0,114,17,0,0,311,0,0,0,0,0,666,0,0,0,0,0,0,29,0,0,0,0,0,0,0,0,0,0,0,0,0,0,0,15,0,0,0,0,0,0,0,156,35,0,0,0,0,0,0,0,0,0,0,0,0,0,0,0,0,0,0,0,0,0,0,0,241,635,866,19,0,0,0,0,0
"SAMEA4506980",0,0,0,0,0,0,0,0,0,0,0,0,0,0,0,0,0,0,0,0,0,0,0,0,0,0,0,0,0,0,0,0,0,0,0,0,0,0,0,0,0,0,0,0,0,0,0,0,0,0,0,0,0,0,0,0,0,0,0,0,0,0,0,0,0,0,0,0,0,0,0,0,0,0,0,38,0,0,0,0,0,0,0,0,0,0,566,0,0,256,0,0,0,1606,32,532,87,0,0,0,0,0,0,0,0,0,0,0,0,0,0,0,0,0,0,0,0,0,5,0,0,0,0,0,37,40,10,0,0,0,0,0,0,0,0,0,0,0,0,0,0,189,0,0,0,0,0,0,0,0,0,0,0,0,0,0,0,0,0,104,0,0,0,0,0,0,0,0,0,0,0,0,0,186,0,113,0,67,0,0,124,0,2096,105,0,0,0,0,0,0,0,0,0,0,0,0,0,0,0,487,0,0,0,0,0,0,0,0,0,0,0,0,0,0,0,0,0,0,124,0,39,0,0,0,0,0,66,0,0,0,0,60,0,0,0,16,0,0,0,0,0,28,0,0,0,0,259,0,0,0,0,0,0,0,0,0,0,0,0,0,0,0,0,0,0,100,0,0,0,0,0,0,0,0,0,0,0,0,0,0,0,0,0,20,0,0,0,0,0,0,0,0,0,0,0,0,0,0,0,0,0,0,0,0,0,0,0,0,7,0,0,0
"SAMEA4506981",12022,0,0,15,0,0,0,5865,0,0,0,2568,0,23918,6,0,22,3292,0,21054,0,0,5679,3,0,0,168,0,0,22913,0,0,3,0,0,0,0,228,27,18,1160,1104,0,0,0,0,0,15,0,73,103,59,22,0,0,0,0,0,0,22,0,0,0,0,0,0,0,0,0,0,0,0,0,0,0,0,48,0,0,0,284,0,0,0,0,0,0,0,0,369,0,0,185,94,0,0,0,0,0,0,0,0,0,0,0,0,0,0,0,37,0,0,0,321,0,5,164,0,0,0,0,0,0,0,0,0,0,0,0,0,0,0,14,0,0,0,0,34,0,0,0,34,136,0,0,6,0,0,3,0,56,0,0,0,0,0,0,0,0,176,0,0,0,0,0,0,0,8,0,0,0,0,314,0,0,0,0,0,720,77,0,0,10161,121,0,0,0,31,0,0,0,27,0,0,0,0,0,0,0,813,0,0,0,0,0,0,0,0,0,0,1167,11,0,0,7,116,0,32,402,0,0,0,0,0,0,0,0,0,0,0,0,0,0,0,0,64,0,0,7,0,46,0,466,0,0,0,0,0,0,26,0,0,0,0,0,0,0,616,0,0,0,0,0,0,3758,0,0,0,0,0,0,0,0,0,0,0,0,0,0,0,0,0,776,0,0,0,0,0,432,0,0,26,0,0,0,0,0,0,0,0,0,0,0,0,0,0,0,0,5,0,0,7
"SAMEA4506982",0,0,0,0,0,0,0,0,0,2134,0,0,3819,0,0,0,0,0,0,0,668,0,0,0,0,0,0,0,0,0,0,0,0,0,0,0,0,0,0,0,23,7,0,0,0,0,0,0,0,0,0,0,0,0,0,0,0,0,0,0,0,0,0,0,0,0,0,0,0,0,0,0,0,0,0,0,0,0,0,0,0,0,0,0,0,1,0,0,0,36,0,0,0,2,0,9,0,0,0,0,0,0,0,0,0,0,0,0,0,0,0,0,0,0,0,0,0,0,0,0,0,0,0,0,0,0,0,0,0,0,0,0,0,0,0,0,0,0,0,0,0,1,0,0,0,0,0,0,0,0,0,0,0,0,0,0,0,0,0,0,0,0,0,0,8,0,0,0,0,0,0,0,0,0,2,1,3,0,0,0,0,0,33,2,0,0,0,0,0,0,0,0,0,0,0,0,0,0,0,0,0,0,0,0,0,100,0,0,0,0,0,0,0,0,3329,0,0,0,0,0,0,0,0,0,0,0,0,0,0,3,0,0,0,0,0,1,0,0,0,0,0,0,41,0,0,0,0,10,0,0,0,0,0,163,0,415,2,0,0,0,51,6,0,0,193,0,0,0,0,21,0,0,0,0,0,0,0,0,0,0,0,0,0,0,0,0,0,0,0,1,0,0,0,6847,0,0,0,0,0,0,0,0,0,0,0,0,0,0,0,0,0,0
"SAMEA4506983",0,0,0,0,0,0,0,0,0,0,0,0,0,0,0,0,0,0,0,0,0,0,0,0,0,0,0,0,0,0,0,0,0,0,0,0,0,0,0,0,0,0,0,0,0,0,0,0,0,0,0,0,0,0,0,0,27,0,10,0,0,9,0,0,0,0,18,0,0,0,0,14,0,0,0,0,0,0,0,0,390,0,0,0,0,0,0,41,34,13,0,0,0,0,0,83,0,0,1417,0,171,20,0,8,0,401,0,0,0,0,0,0,1666,0,0,0,111,0,0,27,0,0,12,0,45,0,0,26,233,0,0,0,132,35,0,81,15,298,238,0,0,38,0,0,0,65,0,0,0,7,0,0,0,0,0,0,0,4,12,114,0,11,0,0,82,0,71,0,0,0,0,0,0,0,0,14,0,0,0,0,0,0,19,0,0,0,0,0,0,0,0,0,0,0,0,0,0,0,0,0,0,0,0,0,0,0,0,0,0,40,0,33,0,43,0,0,0,0,0,0,0,0,7,0,0,0,0,44,76,0,0,0,11,19,0,0,0,0,0,0,0,0,0,0,16,0,0,710,0,0,0,9,0,0,0,0,0,0,0,0,0,111,0,0,0,0,0,0,0,0,0,25,0,0,0,16,0,0,54,0,0,0,0,0,61,0,0,0,0,0,0,0,0,0,0,0,0,0,0,0,0,0,0,116,148,0,0,0,0,0,0,0
"SAMEA4506985",0,0,0,729,0,619,0,0,777,0,431,0,8941,0,4893,6,0,0,0,0,376,9,0,3,0,0,0,33,0,14,0,0,0,0,0,6,0,0,5,0,41,0,0,0,0,51,5,0,0,0,0,0,0,0,0,0,0,9,0,0,0,576,0,0,0,0,31,0,9,0,0,0,0,744,0,0,41,0,0,0,0,88,0,0,0,0,0,0,62,109,0,0,11,0,0,189,0,0,0,106,10,4709,0,31,0,83,28,0,22,0,0,0,6167,0,0,0,44,0,0,0,0,0,0,0,0,0,0,0,0,0,50,73,1111,59,2217,0,0,0,4931,0,0,98,0,0,12,0,90,0,14,0,14,0,0,0,0,30,20,0,0,0,0,6,0,0,0,0,0,0,0,0,0,0,0,0,194,27,0,0,0,0,0,0,25,0,571,428,0,0,22,0,0,0,0,39,115,0,0,0,0,6,747,389,0,56,307,72,0,0,0,1150,777,2487,0,0,21559,17,0,0,0,7819,0,0,69,0,51,0,0,3177,12535,0,0,0,520,0,4791,0,0,0,31,0,185,0,237,1132,0,0,0,1313,0,0,13,0,11346,0,0,274,110,123,52,0,0,24,35,0,9309,0,0,0,11,0,176,0,0,23,0,985,0,259,146,2318,1008,532,6,0,232,0,0,0,4052,0,0,0,0,0,4,0,0,0,0,0,0,31,0,0,0,8848,30,0,17,0,17,22
"SAMEA4506987",0,0,0,0,0,0,0,0,0,0,0,0,0,0,0,0,0,0,0,0,0,0,0,0,0,0,0,0,0,0,0,0,0,0,0,0,0,0,0,0,0,0,0,0,0,0,0,0,0,0,0,0,0,0,0,0,0,0,0,0,0,0,0,0,0,0,0,0,0,0,0,0,0,0,0,0,0,0,0,0,0,0,0,0,0,0,0,35,18,264,170,352,0,0,0,3177,0,0,0,0,0,0,0,0,0,0,0,0,0,0,0,0,0,0,0,0,165,0,23,0,0,0,0,12,0,0,0,0,49,0,0,0,0,0,0,0,0,0,0,0,0,1726,0,0,0,0,0,0,0,0,12,0,0,0,0,0,0,0,0,0,0,0,0,0,0,0,0,0,0,0,0,0,0,0,0,0,0,0,0,0,0,0,457,0,0,0,0,0,0,0,0,0,0,0,0,0,126,0,0,0,0,0,0,0,0,0,0,0,0,0,0,0,0,0,0,0,0,0,0,0,138,0,0,0,0,0,0,0,0,0,0,0,0,0,0,0,0,0,0,0,0,0,0,0,0,0,0,0,0,0,0,0,0,0,0,0,0,0,0,0,0,0,0,0,0,0,0,0,0,0,0,0,0,0,0,0,0,0,0,0,0,0,0,0,0,0,0,0,0,0,0,0,0,0,0,0,0,0,0,0,0,0,0,0,0,0,0,0,12,0,0,0
"SAMEA4506988",0,0,0,0,0,0,0,0,0,0,0,0,0,0,0,0,0,0,0,0,0,0,0,0,0,0,0,0,0,0,0,0,0,0,0,0,0,0,0,0,0,0,0,0,0,0,0,0,0,0,0,0,0,0,0,0,6,0,0,0,0,0,0,0,0,0,0,0,0,0,0,0,0,0,0,0,0,0,0,0,0,0,0,0,0,91,0,0,22,102,74,79,0,0,0,167,0,0,0,6,0,0,0,10,0,0,0,0,0,0,0,0,36,0,0,6,0,0,0,0,8,4,0,0,0,0,1286,24,0,0,0,0,0,0,0,9,0,0,0,0,0,85,0,0,0,0,36,0,0,0,0,0,0,0,0,0,0,0,0,38,0,0,0,0,0,0,0,0,0,0,0,0,0,97,0,0,0,93,35,0,0,5,832,0,147,0,0,0,0,0,0,0,0,55,0,0,0,103,0,0,0,0,0,0,0,0,0,0,0,18,0,169,0,103,0,0,0,0,0,0,0,0,0,0,0,0,0,0,12,11,0,0,0,0,0,268,159,0,0,29,0,263,0,0,0,0,0,4809,0,0,0,126,0,0,94,0,0,0,0,0,38,0,52,0,0,1050,0,0,0,0,19,0,0,0,0,0,0,0,70,46,0,0,0,0,0,0,25,0,0,0,0,0,0,0,0,0,0,0,0,0,0,0,0,0,0,0,0,19,0,0,0,0
"SAMEA4506989",0,0,0,0,0,0,0,0,0,0,0,0,0,0,0,0,0,0,0,0,0,0,0,0,0,0,0,0,0,0,0,0,0,0,0,0,0,0,0,0,0,0,0,0,0,0,0,0,0,0,0,0,0,0,14,0,0,0,0,19,0,0,0,0,0,0,0,0,0,0,0,0,0,0,0,0,0,0,0,0,0,0,0,0,0,0,0,0,85,227,348,0,0,0,0,132,0,0,0,0,0,0,0,0,0,22,0,0,0,0,0,0,0,0,0,0,0,0,0,0,0,0,0,0,0,0,0,0,0,0,0,0,0,23,0,0,0,11,0,0,0,108,0,0,0,0,0,0,0,0,0,0,0,0,0,0,0,0,0,0,0,0,0,0,0,0,0,0,0,0,0,0,0,0,0,0,0,165,57,0,189,5,2442,0,0,0,0,0,0,0,0,0,0,0,0,0,0,0,0,0,0,0,0,0,0,0,0,0,0,0,0,0,0,0,0,0,0,0,0,0,0,0,0,0,0,0,0,0,0,0,0,0,0,0,0,0,0,0,0,0,0,285,0,0,0,0,0,163,0,0,0,0,0,0,0,0,0,0,0,0,0,0,0,0,0,0,0,0,0,0,0,0,0,0,0,0,0,0,0,0,0,0,0,0,0,0,0,0,0,0,0,0,0,0,0,0,0,0,0,0,0,0,0,33,0,0,0,0,0,0,30,0
"SAMEA4506990",0,0,0,0,0,0,0,0,0,0,0,0,4,0,0,0,0,0,0,0,0,0,0,0,0,0,0,0,0,0,0,0,0,0,0,0,0,0,0,0,0,0,0,0,0,0,0,0,0,0,0,0,0,0,0,0,0,0,0,0,0,0,0,0,0,0,16,0,0,0,0,0,0,0,0,0,0,0,0,0,0,0,0,0,0,0,0,0,0,215,271,0,0,0,0,0,0,0,0,0,0,0,0,10,0,0,0,0,0,0,0,0,0,0,0,0,0,0,0,0,0,0,0,0,0,0,0,0,0,0,0,0,0,0,0,0,0,0,0,0,0,0,0,0,0,0,0,0,0,0,0,0,0,0,0,0,0,0,0,0,0,0,0,0,0,0,0,0,0,0,0,0,0,0,0,0,0,126,0,0,0,0,508,0,0,0,0,0,0,0,0,0,0,0,0,0,0,0,0,30,0,0,0,0,0,0,64,0,0,0,0,24,86,506,0,0,0,0,0,0,0,0,0,0,0,0,43,0,0,0,0,0,0,0,0,51,147,0,0,0,0,1439,0,0,0,0,0,0,0,0,0,0,0,0,376,0,0,0,0,0,0,0,0,0,0,0,0,0,0,0,0,0,0,0,0,0,0,0,0,0,0,0,0,117,0,0,0,0,0,0,0,0,0,0,0,0,0,0,0,0,0,0,0,0,56,0,0,0,0,0,0,0
"SAMEA4506991",0,1044,1435,107,1,58,0,7,64,0,2,0,578,1167,0,0,0,2,35,0,0,0,0,0,0,0,0,0,0,426,0,0,0,1,0,0,0,0,0,0,1,1,0,0,0,0,0,0,2,0,0,0,0,0,0,0,0,0,0,0,0,0,0,20,0,0,0,0,0,0,0,0,0,0,0,0,0,0,0,0,0,0,0,0,0,0,0,0,0,0,0,0,0,0,0,1,0,0,0,1,5,0,0,0,40,2,0,180,0,0,0,0,0,0,0,0,0,1,0,0,0,0,0,0,0,0,0,0,1,0,0,89,56,9,2,0,0,6,0,0,0,2,1,0,0,0,2,0,0,0,0,0,0,0,0,0,0,0,0,0,0,0,0,0,0,0,0,0,0,0,0,0,0,0,0,0,0,0,0,0,0,0,0,0,0,0,0,0,0,0,0,0,0,0,0,0,0,0,0,0,0,0,0,0,0,0,0,0,0,0,0,0,0,0,2,0,0,0,0,2,0,0,0,0,0,0,0,0,0,0,0,0,0,0,0,0,0,0,0,0,0,0,41,0,0,0,0,378,0,0,0,0,2,0,0,0,0,0,0,4,0,0,0,0,0,0,0,0,0,0,0,0,0,0,0,0,0,0,0,0,0,0,0,0,0,0,0,0,0,1,0,0,0,0,50,0,0,0,0,0,0,0,0,0,22,2,0,0,0,0,0,0
"SAMEA4506993",0,0,0,0,0,0,0,0,0,0,0,0,0,0,0,0,0,0,0,0,0,0,0,0,0,0,0,0,0,0,0,0,0,0,0,0,0,0,0,0,0,0,0,0,0,0,0,0,0,0,0,0,0,0,0,0,0,74,0,0,0,0,0,0,0,0,0,0,0,0,0,0,0,0,0,0,0,0,0,0,0,0,0,0,0,0,0,0,0,0,4463,0,0,0,0,0,0,0,0,0,0,0,0,0,0,0,0,0,0,0,0,0,0,0,0,0,0,0,0,0,0,0,0,0,0,0,0,0,0,0,0,0,0,0,0,70,0,0,0,0,0,0,0,0,0,0,0,0,0,0,0,0,0,0,0,0,0,0,0,0,0,0,0,0,0,0,0,0,0,0,0,0,0,0,0,0,0,0,0,0,0,0,0,0,0,0,0,0,0,0,0,0,0,0,0,0,0,0,0,0,0,0,0,0,0,0,0,0,0,0,0,0,0,0,0,0,0,0,0,0,0,0,0,0,0,0,0,0,0,0,0,0,0,0,0,0,0,0,0,0,0,0,0,0,0,0,0,38,0,0,0,0,0,0,0,0,0,0,0,0,0,0,0,0,0,0,0,0,0,0,0,0,0,0,0,0,0,0,0,0,0,0,0,0,0,0,0,0,0,0,0,0,0,0,0,0,0,0,0,0,0,0,0,0,0,0,0,0,0,0,0,0
"SAMEA4506995",0,0,0,0,0,0,0,0,0,0,0,0,0,0,0,0,0,0,0,0,0,0,0,0,0,0,0,0,0,0,0,0,0,0,0,0,0,0,0,0,0,0,0,0,0,0,0,0,0,0,0,0,0,0,0,0,0,18,0,0,0,0,0,0,0,0,0,0,0,0,0,0,0,0,0,0,25,0,0,0,0,0,0,0,0,0,0,0,0,120,75,0,0,0,0,0,0,0,0,0,0,0,0,0,0,0,0,0,0,0,0,0,0,0,0,0,0,0,0,0,0,0,0,0,0,11,0,0,0,0,0,0,0,0,0,0,0,0,0,0,0,0,0,0,0,0,0,0,0,0,0,0,0,0,0,0,0,0,0,0,0,0,0,0,0,0,0,0,0,0,0,28,0,0,0,0,0,0,0,0,0,0,3833,0,0,0,0,0,0,0,0,0,0,0,0,0,0,0,0,0,0,0,0,0,0,0,14,0,0,0,0,0,0,0,0,0,0,0,37,0,0,0,0,0,0,0,0,0,0,0,0,0,0,0,0,0,0,0,0,0,0,0,0,0,0,0,0,0,0,0,0,0,0,0,0,0,0,0,0,0,0,0,0,0,0,0,0,0,0,0,0,0,0,0,0,0,0,0,0,0,0,0,0,17,0,0,0,0,0,0,0,0,0,0,0,15,0,0,0,0,0,0,0,0,0,0,0,0,0,0,0,0
"SAMEA4506998",0,0,0,0,0,0,0,0,0,0,0,0,0,0,0,0,0,0,0,0,0,0,0,0,0,0,0,0,0,0,0,0,0,0,0,0,0,0,0,0,0,0,0,0,0,0,0,0,0,0,0,0,0,0,0,0,0,0,0,0,0,0,0,0,0,0,0,0,0,0,0,0,0,0,0,0,0,0,113,0,0,0,0,0,0,0,0,0,0,32,0,82,0,0,0,116,0,0,0,0,0,0,0,0,0,0,0,0,0,0,0,0,0,0,0,0,0,0,0,0,0,0,0,0,0,0,0,0,0,0,0,0,0,0,0,0,17,67,0,0,0,0,0,0,0,0,0,0,0,0,0,0,0,0,0,0,0,0,0,0,0,0,0,0,0,0,0,0,0,0,0,0,0,0,207,17,0,0,0,0,0,0,3783,0,0,0,0,0,0,0,0,0,0,0,0,0,0,0,0,41,0,0,0,0,0,0,21,0,0,0,0,0,0,11,0,0,0,0,0,0,7,0,0,0,0,0,0,0,0,0,0,14,0,0,0,10,0,0,0,0,0,46,0,0,0,0,0,0,0,0,0,0,0,0,0,0,0,0,0,0,0,0,0,0,0,0,0,0,4,0,0,0,0,0,0,0,0,0,0,0,0,0,0,0,0,0,0,0,0,0,0,0,0,0,0,11,0,0,0,0,0,0,0,0,0,0,0,0,0,0,0,0
"SAMEA4507000",0,0,0,0,0,0,0,0,0,0,0,0,0,0,0,0,0,0,0,0,0,0,0,0,0,0,0,0,0,0,0,0,0,0,0,0,0,0,0,0,0,0,0,0,0,0,0,0,0,0,0,0,0,42,0,0,0,0,15,0,0,0,0,0,0,0,0,0,0,0,0,0,0,0,0,0,39,52,0,0,0,0,0,0,884,0,0,0,51,468,0,120,0,0,0,282,0,0,0,0,0,0,0,0,0,0,0,0,0,0,0,0,0,0,0,0,0,0,66,0,0,0,0,0,36,0,0,0,0,0,6,0,0,0,0,482,0,1169,0,0,47,31,9,0,16,0,0,0,0,0,0,0,0,0,0,0,0,0,0,0,0,0,0,0,0,0,0,0,0,0,0,0,0,0,771,0,0,0,0,0,0,0,2540,0,0,0,0,73,0,0,0,0,0,0,0,0,0,0,0,0,0,0,0,0,0,0,51,9,0,0,0,332,0,846,0,0,0,0,0,0,278,0,0,0,0,0,0,0,176,0,0,0,0,0,0,53,84,0,0,10,9,644,0,47,0,29,0,1655,0,0,0,0,0,0,0,3474,0,0,0,0,0,0,0,0,0,0,0,0,0,15,0,0,0,0,0,0,44,0,0,0,0,0,0,0,0,0,0,0,0,0,0,0,0,0,0,28,0,0,0,0,0,0,0,0,0,0,0,0,0,0,0,0
"SAMEA4507001",0,0,0,0,0,0,0,0,0,0,0,0,0,0,0,0,0,0,0,0,0,0,0,0,0,0,0,0,0,0,0,0,0,0,0,0,0,0,0,0,0,0,0,0,0,0,0,0,0,0,0,0,0,8,0,0,0,0,73,0,0,0,0,0,0,0,0,0,0,0,0,0,0,0,0,0,0,0,0,0,0,0,0,0,3,0,0,0,0,12,0,0,0,0,0,0,0,0,0,0,0,0,0,0,0,111,0,0,0,0,0,0,16,0,0,0,0,0,0,14,42,0,6,0,0,0,0,0,0,11,0,43,0,444,0,0,0,26,0,0,0,0,10,0,6,18,0,0,0,0,0,0,0,0,0,0,0,0,0,0,0,0,0,0,0,25,0,0,0,0,64,0,0,26,0,0,0,0,0,0,0,0,2079,0,0,0,0,0,0,0,0,0,0,0,0,0,0,0,0,0,0,0,0,0,0,0,0,0,0,0,0,16,0,17,0,0,0,0,0,0,0,0,0,0,0,0,0,6,12,0,0,0,9,35,0,0,0,0,0,0,0,0,0,0,0,0,0,35,0,0,0,0,0,0,0,0,0,0,0,0,0,0,0,0,0,0,0,0,0,0,0,0,0,0,0,0,0,0,13,0,0,0,0,0,0,0,0,0,0,0,0,0,0,0,0,0,0,0,0,0,0,0,0,0,9,0,0,0,0,0,0,0
"SAMEA4507002",0,0,0,0,0,0,0,0,0,0,0,0,0,0,0,0,0,0,0,0,0,0,0,0,0,0,0,0,0,0,0,0,0,0,0,0,0,0,0,0,0,0,0,0,0,0,0,0,0,0,0,0,0,0,0,0,0,0,0,0,0,0,0,0,0,0,0,0,0,0,0,68,0,0,0,0,0,18,18,0,0,0,0,0,0,0,0,0,0,80,0,0,11,0,0,0,0,0,0,0,0,0,0,18,0,0,0,0,0,0,0,0,0,0,0,0,0,0,0,0,0,0,0,0,0,0,0,0,0,0,0,0,507,6228,0,1990,79,0,0,0,94,140,0,0,0,0,0,0,0,8,0,0,0,0,0,0,0,0,0,0,0,0,0,0,0,0,0,0,0,0,0,0,0,0,0,224,0,0,0,0,0,0,2580,1601,0,0,0,0,0,0,0,0,0,0,196,0,0,0,0,0,0,0,0,57,0,0,0,0,0,0,0,47,0,431,0,0,0,0,0,0,18,0,0,0,0,0,0,0,0,0,0,0,0,0,0,0,131,0,0,0,0,78,0,0,0,0,0,0,0,236,0,0,0,0,1045,1681,0,0,0,0,56,65,0,0,0,0,0,0,0,0,0,0,0,0,0,0,0,0,0,0,0,0,51,0,0,0,0,0,0,0,0,0,0,0,0,0,0,6,0,0,0,0,0,0,0,0,0,0,0,0,0,0
"SAMEA4507005",0,0,0,0,0,0,0,0,0,0,0,0,0,0,0,0,0,0,0,0,0,0,0,0,0,0,0,0,0,0,0,2,0,0,0,0,0,0,0,0,0,0,0,0,0,0,0,0,0,0,0,0,0,0,0,0,0,0,0,0,0,0,0,0,0,0,15,0,0,0,0,0,0,0,0,26,0,0,0,0,0,0,0,0,0,0,35,0,24,30,0,0,208,0,27,333,120,28,0,0,0,0,0,10,0,0,0,0,13,0,0,0,0,0,92,373,10,0,19,0,0,0,0,0,10,6,0,0,0,35,0,0,812,0,0,1967,79,3203,0,0,0,20,0,0,0,112,0,0,0,0,0,0,0,0,13,0,0,0,0,0,0,0,0,0,0,0,0,0,0,0,0,0,0,0,0,37,0,60,36,0,0,0,252,0,1414,0,0,0,0,0,0,0,0,15,0,0,0,37,0,0,0,149,0,0,0,0,0,0,0,59,0,0,0,247,0,0,0,0,0,0,0,0,0,0,28,0,0,0,0,0,0,0,0,53,0,15,0,0,0,0,0,0,0,0,0,0,0,83,0,0,0,0,0,0,286,255,0,0,0,0,63,142,0,58,0,0,0,0,1696,0,45,0,0,0,10,0,7,0,0,0,0,0,0,0,0,0,0,83,0,0,0,0,0,0,0,0,0,0,0,0,0,0,0,0,196,0,0,0,10,0,0,0
"SRR28984060",0,0,0,47,0,0,0,1843,0,0,0,0,0,0,0,0,0,0,0,0,0,0,0,0,0,0,0,0,0,29,0,0,0,0,0,19,0,259135,0,0,27,337,0,0,0,52,0,0,0,0,0,0,0,0,0,0,0,0,0,0,0,0,0,0,0,0,0,0,0,0,0,0,0,0,0,0,0,0,0,0,0,0,0,0,0,0,0,0,0,25,0,0,0,0,0,0,0,0,0,0,0,0,0,0,0,0,0,0,0,0,0,0,0,0,0,0,0,0,0,0,0,0,0,0,0,0,0,0,0,0,0,0,0,0,0,0,0,0,0,0,0,0,0,0,0,0,0,0,0,0,0,0,0,0,0,0,0,0,0,0,0,0,0,0,0,0,0,0,0,0,0,0,0,0,0,0,0,0,0,0,0,0,0,0,0,0,0,0,0,0,0,0,0,0,0,0,0,0,0,0,0,0,0,0,0,0,0,0,0,0,0,0,0,0,0,0,0,169,0,0,0,0,0,0,0,0,0,0,0,0,0,0,0,0,0,0,0,0,0,0,0,0,0,0,0,0,0,0,0,0,0,0,0,0,0,0,0,0,0,0,0,0,0,0,0,0,0,0,0,0,0,0,0,0,0,0,0,0,0,0,0,0,0,0,0,0,0,1,0,0,0,11,0,0,0,0,0,0,0,0,0,0,0,0,3,0,0,0,0,0,0,0
"SRR28984075",0,0,0,0,0,836,67,776,0,24,0,0,25005,0,0,0,0,0,0,0,0,0,0,0,0,0,0,0,0,83,0,0,0,1,0,0,0,0,0,0,0,0,0,0,0,0,0,0,0,0,0,0,0,0,0,0,0,0,0,0,0,0,0,0,0,0,0,0,0,0,0,0,0,0,0,0,0,0,0,0,0,0,0,0,0,1,0,0,0,65,0,0,0,0,0,2,0,0,0,0,0,0,0,0,0,0,0,0,0,0,0,0,0,0,0,0,0,0,0,0,0,0,0,0,0,0,0,0,0,0,0,76,269,0,0,0,0,0,0,0,0,0,0,0,0,0,2,0,0,0,0,0,0,0,0,0,0,0,0,0,0,0,0,0,0,0,0,0,0,0,0,0,0,0,3,0,1,0,0,0,0,0,2,0,0,0,0,0,0,0,0,0,1,2,0,0,0,0,0,0,0,0,0,0,0,0,0,0,0,0,0,1,0,0,68,0,0,0,0,0,0,0,0,0,0,0,0,1,2,0,0,0,0,0,0,0,0,0,0,0,0,0,106,21,0,0,0,21,0,1,0,0,84,3,0,96,0,0,0,0,3,0,0,0,0,0,0,0,0,0,0,0,0,0,0,0,0,0,1,0,0,1,0,0,0,0,0,0,0,0,0,0,0,0,0,0,0,0,0,0,0,0,0,0,11,0,0,0,0,0,0,0
"SRR28984090",0,0,0,0,0,0,0,0,0,0,0,0,0,0,0,0,0,0,0,0,0,0,0,0,0,0,0,0,0,0,0,0,0,0,0,0,0,0,0,0,0,0,0,0,0,0,0,0,0,0,0,0,0,0,0,0,0,0,0,0,0,0,0,0,0,0,0,0,0,0,0,43,0,0,0,0,0,0,24,0,0,0,0,0,0,163,0,15,7,0,0,24,34,0,0,0,0,14,0,0,0,0,0,9,0,0,0,0,0,0,0,0,0,0,0,0,0,0,0,0,0,0,0,62,0,3,0,0,0,0,0,0,0,0,0,0,0,0,0,0,0,0,0,0,0,0,0,0,0,0,4,0,0,0,0,0,0,0,0,0,0,0,0,0,13,0,0,0,0,0,0,0,0,11,6037,13,0,0,0,0,0,0,1873,0,1373,36,0,0,100,0,136,0,0,0,0,0,0,0,0,0,104,22,0,0,0,0,145,87,0,0,0,68,0,196,0,0,0,0,0,0,0,0,0,0,0,0,0,0,0,52,0,0,0,0,0,0,0,0,0,0,16,39,0,0,0,0,0,26,0,277,0,829,0,0,0,0,0,0,0,0,0,0,0,0,0,0,0,0,0,0,0,0,0,0,0,0,0,0,70,0,57,0,0,0,8,0,0,0,0,0,0,0,0,0,0,0,0,0,0,0,0,0,0,0,0,0,0,0,0,0,0,0
"SRR28984093",0,0,0,0,0,0,0,0,0,0,0,0,0,0,0,0,0,0,0,0,0,0,0,0,0,0,0,0,0,0,0,0,0,0,0,0,0,0,0,0,0,0,0,0,0,0,0,0,0,0,0,0,0,0,0,0,0,0,0,0,11,0,0,0,0,0,0,0,0,0,0,0,0,0,0,0,0,0,0,0,0,0,0,0,0,0,68,0,0,77,0,32,0,0,0,12,0,0,0,0,0,0,0,0,0,0,0,0,0,0,0,0,0,0,38,9,0,0,0,0,0,0,0,0,0,0,0,0,0,0,0,0,0,0,0,0,0,0,0,0,0,0,0,0,0,0,0,0,0,0,0,0,0,0,0,0,0,0,0,44,0,0,0,0,0,0,0,0,0,0,0,0,0,0,0,0,0,11,0,0,0,0,33,0,0,0,0,0,0,0,0,0,0,0,0,0,0,0,0,32,0,0,0,0,0,0,281,0,0,0,0,0,0,273,0,0,0,0,0,0,0,0,0,0,0,0,14,0,0,20,0,0,0,0,0,0,33,0,0,0,0,35,0,0,0,0,0,0,0,72,0,0,0,0,0,8,0,0,0,0,0,0,0,0,0,0,0,0,53,0,0,0,0,0,0,0,0,0,36,0,121,0,0,0,0,0,0,0,0,0,0,0,0,0,0,0,0,0,0,0,0,0,0,0,0,0,0,0,60,0,0,0
"SRR28984101",0,0,0,0,0,0,0,0,0,0,0,0,0,0,0,0,0,0,0,0,0,0,0,0,0,0,0,0,0,0,0,0,0,0,0,0,0,0,0,0,0,0,0,0,0,0,0,0,0,0,0,0,0,0,0,0,0,0,0,0,0,0,0,0,0,0,0,0,0,0,0,0,0,0,0,0,8,132,6,0,0,0,0,0,0,0,0,0,138,694,0,0,0,0,0,0,0,0,0,0,0,0,0,0,0,0,0,0,0,0,0,0,0,0,0,0,0,0,0,0,0,0,0,0,37,0,0,0,0,0,0,0,0,0,0,0,0,3040,0,0,0,298,0,0,0,0,0,0,0,0,0,0,0,0,0,0,0,0,0,0,0,0,0,0,0,0,0,0,0,0,0,0,0,9,0,0,0,47,0,0,0,0,1796,0,0,0,0,0,0,0,0,0,0,0,0,0,0,0,0,137,0,0,0,0,0,0,0,0,0,14,0,187,0,185,0,0,0,0,0,0,18,0,0,0,0,0,75,0,0,0,0,18,0,0,0,133,69,0,0,0,0,400,0,0,0,0,0,0,0,23,0,0,0,0,0,0,0,0,0,0,13,0,224,279,0,0,0,0,0,0,0,0,0,0,0,0,5,0,0,0,0,0,37,0,0,0,0,0,0,0,0,0,0,0,0,0,0,0,0,0,0,0,0,0,0,0,0,0,139,0,0,0
"SRR28984182",11,0,0,49,0,14,0,0,0,10,0,0,0,36,8,0,0,0,0,0,5731,0,0,0,0,0,0,0,0,23,0,0,0,0,492,0,0,0,1722,0,7149,2273,483,0,0,0,14,0,0,0,31,0,0,0,0,0,0,780,31,570,0,0,0,0,3,10,0,0,0,0,24,0,0,0,0,0,0,0,349,1004,0,2,0,0,0,0,0,0,0,3067,0,0,0,145,0,3,0,0,0,0,0,0,0,0,6,0,0,0,0,0,0,41,12,0,0,0,0,0,0,0,0,0,0,0,0,0,0,0,0,0,0,0,0,0,33,0,0,77,0,0,0,0,0,0,0,0,42,0,0,0,0,0,0,0,0,651,0,0,0,976,0,0,0,0,0,0,0,0,0,0,0,14,1221,0,0,0,0,0,0,0,0,0,10,0,0,0,0,0,0,0,0,0,0,0,765,0,0,10,0,11196,0,0,0,0,0,0,0,0,0,0,0,0,0,0,203,0,0,0,0,0,0,0,0,0,0,29,0,0,0,0,0,0,0,0,8,0,0,300,0,0,0,0,11036,0,0,15,0,0,7334,372,0,0,37,0,0,5202,0,0,0,0,0,0,0,0,7,0,0,0,0,0,0,0,0,0,0,0,8,0,0,8,0,0,0,0,0,0,0,6,9,0,0,77,0,0,0,0,0,5,0,0,0,27,0,0,12,0,0,0,0,37,0,0
"SRR28984190",0,0,0,7298,2701,0,0,0,0,0,0,0,0,0,0,0,0,0,0,0,0,0,0,0,0,0,0,0,0,1,0,0,7,0,0,0,0,0,0,0,41,319,0,0,0,0,0,0,0,0,9,0,0,0,0,0,0,0,0,0,0,0,0,0,0,0,0,0,0,0,0,0,0,0,0,0,0,0,0,0,0,0,0,0,0,0,1,0,0,7,0,0,0,0,0,9,0,0,0,0,0,0,0,0,169,0,0,0,0,0,0,0,0,0,73,0,0,0,0,0,0,0,0,0,0,0,103,0,0,0,0,0,0,0,0,0,0,0,0,0,0,0,7,0,0,0,0,0,0,0,0,0,0,0,0,0,0,0,0,9,0,0,0,8,0,0,0,0,0,0,0,0,3724,0,0,2874,0,0,91,47,0,0,259,0,0,0,0,0,0,0,0,0,0,0,0,0,257,13,0,31,0,0,0,0,0,0,0,0,0,0,0,0,0,0,1071,0,0,0,0,0,0,0,0,0,0,0,0,0,0,0,0,0,0,0,0,0,0,0,0,0,0,0,0,0,0,0,12,0,2,185,0,0,0,47,0,0,0,0,0,0,0,0,0,0,0,0,0,0,0,0,0,0,0,0,0,0,0,0,0,0,0,10,0,0,0,2,0,7,0,0,3,0,0,0,1315,0,0,0,0,0,0,0,0,0,0,0,0,0,0,0,0,0
"SRR28984191",20,0,0,1463,15,189,0,1009,2458,44,140,0,9747,0,13,6,0,0,486,0,632,0,0,4,0,0,0,0,0,149,6,0,0,1324,0,322,11,457,0,60,160,64,10,0,0,19,0,39,0,342,0,0,8,0,0,5,20,0,0,0,0,0,0,0,0,8,2,0,0,0,0,0,0,0,0,0,31,0,0,0,0,0,0,0,54,1109,0,0,0,1505,0,0,0,0,0,253,0,0,0,0,3,0,0,0,19,0,0,0,0,0,0,34,15,0,41,0,86,0,0,0,0,0,0,7,0,0,0,0,0,0,0,0,0,11,15,0,0,3,11,0,0,271,5,0,843,14,41,12,0,0,22,0,0,211,0,0,152,0,0,7,9,0,0,7,1027,0,3,5,0,0,0,0,17,0,993,0,0,0,36,0,0,0,462,0,0,0,0,0,0,0,0,32,229,0,0,0,0,0,0,9,0,0,0,0,0,8228,0,3339,11855,13,0,6164,0,0,17860,19,2672,1172,99,0,0,0,0,0,0,0,0,0,0,0,0,0,0,0,12,185,0,0,34,0,556,0,27119,22,0,0,0,30698,4304,9259,54,0,12228,0,0,1667,0,0,0,0,14,0,0,0,18,49,0,0,0,0,0,0,0,0,0,0,0,0,0,0,14,0,0,0,1128,0,0,455,0,0,11,26,10929,0,6,0,0,0,0,0,0,0,6,0,14,0,0,0,12,0,1169,0
"SRR28984197",0,0,0,0,0,0,0,0,0,0,0,0,0,0,0,0,0,0,0,0,0,0,0,0,0,0,0,0,0,0,0,0,0,0,0,0,0,0,0,0,0,0,0,0,0,0,0,0,0,0,0,0,0,0,0,0,0,0,0,0,0,0,0,0,0,0,0,0,0,0,0,0,0,0,0,0,0,0,0,0,0,0,0,0,0,0,0,0,0,302,107,0,0,0,0,0,0,0,0,0,0,0,0,0,0,0,0,0,0,0,0,0,0,0,0,0,0,0,0,0,0,0,0,0,0,0,0,0,0,0,0,0,0,0,0,0,0,0,0,0,0,0,0,0,0,0,0,0,0,0,0,0,0,0,0,0,0,0,0,0,0,0,0,0,0,0,0,0,0,0,0,0,0,0,166,0,0,0,0,0,0,0,28137,1161,0,9,0,0,0,0,0,0,0,0,0,0,0,0,0,0,0,0,0,0,0,0,28,0,0,0,0,0,0,0,0,0,0,0,0,0,0,0,0,0,0,0,0,0,0,0,0,0,0,0,0,0,0,0,0,0,0,61,0,0,0,0,0,0,0,201,0,24,0,0,0,10,0,0,0,0,0,0,0,0,0,0,0,0,0,0,0,0,0,0,0,0,0,0,0,0,0,0,0,652,0,0,0,0,0,0,0,0,0,0,0,0,0,0,0,0,0,0,0,0,0,0,0,0,0,0,0,0
"SRR28984208",0,25,12,0,0,0,36,0,7,0,0,0,64,0,0,0,0,0,0,15,0,0,0,0,0,0,0,0,0,0,0,0,6992,0,37,0,0,55666,54,0,1735,60,75,391,0,67341,22,0,0,2,0,0,0,0,6275,0,0,0,0,1124,0,0,0,9,0,0,0,0,0,0,0,0,0,0,0,0,0,0,0,0,0,0,0,0,0,0,0,0,0,0,0,0,0,0,0,0,0,0,0,0,0,0,0,0,0,0,0,0,0,0,0,0,0,0,0,0,0,0,0,0,0,0,0,0,0,0,0,0,0,0,0,0,0,0,8,0,0,0,0,0,0,3161,0,0,0,0,0,0,0,0,0,0,0,0,0,0,0,0,0,0,0,0,0,0,0,0,0,0,0,0,0,16,0,0,0,0,0,0,0,0,0,0,25261,17839,0,0,0,0,0,0,0,0,0,0,0,0,0,0,0,0,0,0,0,0,0,16,0,0,0,0,0,0,5,0,0,0,0,0,0,0,0,0,0,0,0,0,0,0,0,0,0,0,0,0,0,0,0,0,0,0,0,0,15,0,0,0,0,10,0,15375,0,0,16108,0,0,0,0,13113,0,0,0,0,0,0,0,0,0,0,0,0,0,0,0,0,0,0,0,0,0,0,0,0,0,0,0,0,0,0,0,247,51,0,4,5,0,0,0,0,12,0,0,84,0,0,0,0,0,0,0,0,0,0
"SRR28984210",9,0,0,38,0,0,0,23,0,0,0,0,44,26,0,0,58,93082,15366,0,0,0,0,0,0,0,0,0,0,22,8,0,83,0,10,0,19,0,80,0,1052,482,208,44,0,606,3,0,0,4,0,0,124,1552,0,0,0,0,84,0,9693,0,0,0,0,0,0,0,0,0,744,0,0,0,0,0,1864,0,0,0,0,0,0,0,0,0,2000,0,152,683,0,0,7,455,0,0,0,0,0,0,0,0,0,0,0,0,0,0,0,0,0,6,0,5,0,5,0,0,0,0,0,0,0,0,0,0,919,0,0,0,0,0,9,0,0,0,0,30,0,0,0,0,0,0,0,3,1181,0,0,0,0,0,0,0,0,0,0,0,0,0,0,0,0,0,0,0,0,9,0,0,0,0,0,0,0,0,0,0,143,0,0,0,824,0,0,0,0,0,0,0,0,0,0,0,0,0,0,0,0,0,0,0,0,0,0,12,0,0,0,0,0,9,0,0,8,0,0,0,0,0,3562,0,0,0,0,0,0,0,0,0,0,0,0,0,0,0,0,0,0,0,0,0,9,0,0,0,0,9,0,0,0,0,11,0,0,0,0,0,0,0,0,0,0,0,0,0,0,0,0,0,0,0,0,0,0,0,0,0,0,0,0,0,0,0,0,0,0,0,0,754,3427,0,0,12,0,0,0,0,0,0,0,23,0,0,0,0,0,0,0,0,0,4
"SRR28984216",0,5216,0,1487,0,182,0,116,0,0,0,0,406,279,0,0,0,107,0,0,0,37,0,0,3,0,0,0,0,0,0,0,0,0,0,0,0,0,0,0,20,2211,8,0,0,0,0,0,0,39,0,0,0,0,0,0,0,0,0,0,80,0,0,94,0,0,42,70,0,0,11,0,0,0,0,0,23,0,0,0,106,0,0,0,0,311,0,38,37,388,0,0,129,0,0,292,0,16,0,0,0,0,0,5,218,0,0,0,0,0,0,0,8943,0,0,601,0,22,0,0,0,0,0,26,0,0,0,0,33,0,0,0,0,32,216,0,0,58,148,0,0,245,11,0,7,0,53826,0,4,0,0,0,0,0,0,0,5,0,9,77,0,0,265,0,76,43,0,0,0,0,0,0,14,0,0,0,0,0,9,0,0,0,69,0,0,0,0,0,0,0,25,11,0,0,0,0,0,0,0,36,0,3,28,0,0,158,0,0,0,171,0,187,0,0,732,0,0,0,32,0,0,0,0,11,0,0,0,0,0,0,11,0,0,0,0,15,0,0,0,0,0,0,17,104,0,0,0,138,0,0,28,0,541,0,0,0,409,0,0,0,89,0,0,0,184,0,49,0,0,0,0,0,43,12,0,0,0,135,0,98,264,0,6,0,0,0,0,18,3,0,0,16,80,0,1753,0,0,0,0,5,0,11,0,0,0,0,9,0,6,3,0,170
"SRR28984219",14,16,15208,5209,0,0,3290,0,0,13638,0,0,0,28488,4,0,0,7,0,0,0,0,0,25,0,0,0,40,0,5,254,0,1714,340,0,4,0,0,23,0,51,232,42,53,0,61,2,0,268,30,0,0,0,63,0,0,0,0,0,0,647,26,0,0,0,0,0,31,0,0,14,0,0,0,0,0,0,62,0,0,0,0,0,0,0,1814,0,114,198,718,0,0,391,50,8,985,0,32,13,0,0,0,0,75,0,0,0,0,0,0,0,17,0,0,0,0,50,0,6,0,10,0,0,0,7,0,7,0,0,0,0,0,17,0,0,0,0,8,0,0,0,179,0,10,0,0,11551,0,0,0,0,0,0,0,0,111,15,0,0,0,7,0,0,0,0,0,1041,0,0,0,0,0,168,0,0,414,78,0,331,198,0,0,1786,0,0,0,0,0,0,0,0,0,0,0,0,0,113,0,0,133,0,0,0,0,0,0,0,0,0,0,0,0,0,0,0,0,22,118,0,0,56,0,0,9,0,34,0,0,0,0,0,0,86,0,0,0,0,0,0,0,0,0,2033,0,0,0,0,0,178,523,0,0,0,0,0,15,0,0,0,101,1692,4879,0,0,0,297,0,0,0,0,0,0,0,0,183,0,0,8,0,0,0,0,358,0,0,0,31,0,10129,34,32,364,0,0,0,0,0,0,0,0,0,0,0,0,165,0,0,0,22,0,482,0
"SRR28984245",0,0,0,0,0,0,0,0,0,0,0,0,0,0,0,0,0,0,0,0,0,0,0,0,0,0,0,0,0,0,0,0,0,0,0,0,0,0,0,0,0,0,0,0,0,0,0,0,0,0,0,0,0,0,0,0,0,0,0,0,0,0,0,0,0,0,0,0,0,0,0,0,0,0,0,0,0,0,1599,0,0,0,0,0,0,0,0,0,0,0,0,42,0,0,0,0,0,0,0,0,0,0,0,0,0,0,0,0,0,0,0,0,0,0,0,0,0,0,0,0,0,0,0,0,0,0,0,0,0,0,0,0,0,0,0,4674,0,0,0,0,0,0,0,0,0,0,0,0,0,0,0,0,0,0,0,0,0,0,0,0,0,0,0,0,0,0,0,0,0,0,0,0,0,0,0,0,0,0,0,0,0,0,0,0,0,0,0,0,0,0,0,0,0,0,0,0,0,0,0,0,0,0,0,0,0,0,0,0,0,0,0,0,0,0,0,0,0,0,0,0,281,0,0,0,0,0,0,0,0,0,0,0,0,0,0,0,105,0,0,0,0,674,0,0,0,0,0,185,0,52,0,0,0,0,0,0,0,0,0,0,0,0,0,0,0,0,0,0,0,0,0,0,0,0,0,0,0,0,0,0,0,0,0,0,0,0,0,0,0,0,0,0,0,0,0,0,0,0,0,0,0,0,0,0,0,0,0,0,0,0,0,0
"SRR28984260",0,0,0,0,0,0,0,0,0,0,0,0,0,0,0,0,0,0,0,0,0,0,0,0,0,0,0,0,0,0,0,2,0,0,0,0,0,0,0,0,0,0,0,0,0,0,0,0,0,0,0,0,0,0,0,0,0,0,0,0,0,0,0,0,0,0,0,0,0,0,0,0,0,0,0,0,0,0,0,0,0,0,0,0,0,0,0,0,0,0,0,20,0,0,0,0,0,0,0,13,0,0,0,0,0,0,0,0,0,0,0,0,0,0,0,0,0,0,0,0,0,0,0,0,0,0,0,0,0,0,0,0,0,0,0,0,0,0,0,0,0,5,0,0,0,0,0,0,0,0,0,0,0,0,0,0,0,0,0,0,0,0,0,0,0,0,0,0,0,0,27,0,0,0,133,155,0,348,186,0,380,0,3986,627,0,0,0,0,0,0,0,0,0,0,0,0,0,32,0,52,0,0,0,0,0,0,54,137,0,0,0,0,0,0,0,0,0,0,0,0,0,0,0,0,0,0,0,0,0,0,0,325,0,0,0,842,533,0,0,0,0,14,0,0,0,0,0,100,0,20,0,0,0,0,0,0,0,0,0,0,0,0,0,0,0,0,0,0,13,0,0,0,0,0,0,0,0,0,0,0,0,0,0,0,0,0,0,0,0,0,0,0,0,0,0,0,0,0,0,0,0,0,0,0,0,0,0,0,0,0,0,0
"SRR28984264",0,0,0,0,0,0,0,0,0,0,0,0,0,0,0,0,0,0,0,0,0,0,0,0,0,0,0,0,0,0,0,0,0,0,0,0,0,0,0,0,0,0,0,0,0,0,0,0,0,0,0,0,0,0,0,0,0,0,0,290,0,0,0,0,0,0,0,0,0,0,0,0,0,0,28,0,0,0,0,0,0,0,0,0,0,0,0,0,0,0,42,0,0,0,0,0,0,0,0,0,0,0,0,3,0,0,0,0,0,0,0,0,0,0,0,0,0,0,0,0,0,0,0,0,0,20,0,0,0,0,0,0,0,0,0,0,0,0,0,0,0,0,0,0,0,0,0,0,0,0,0,0,0,0,0,0,0,0,0,0,0,0,0,0,0,0,0,0,0,0,0,0,0,0,0,16,48,0,0,0,0,0,328,0,1737,0,0,0,44,0,0,0,0,0,0,0,0,0,0,374,0,0,0,0,0,0,30,0,0,0,0,0,0,0,0,0,0,0,0,0,0,0,0,0,0,0,0,0,0,0,0,0,0,0,0,0,0,0,0,131,17,221,0,0,0,0,0,224,190,0,0,0,0,0,0,0,0,0,0,0,0,0,0,0,0,0,0,0,0,0,0,0,0,0,0,0,0,0,0,0,0,0,0,0,0,0,0,0,0,0,0,0,0,0,0,0,0,0,0,0,0,0,0,0,0,0,0,0,0,0,0,0
"SRR28984270",8,0,0,79,0,12,0,40,0,0,0,0,113,0,13,0,0,0,0,0,37,0,0,0,0,0,0,0,0,19,0,0,0,0,0,348,206,32,2780,0,54022,35,126,0,0,103,0,0,4,0,0,0,0,4,0,0,0,0,0,0,0,0,0,0,0,0,0,0,0,0,0,0,0,0,0,0,0,0,0,0,4,0,0,0,0,0,0,0,0,0,0,0,0,0,0,0,0,0,61,0,0,0,0,0,0,0,2,0,0,0,0,0,0,0,11,0,0,0,0,0,0,0,0,0,0,0,0,0,0,0,0,0,0,0,34,0,0,5,23,0,0,9,0,0,0,0,12,0,0,0,0,0,0,0,0,0,0,0,0,0,0,0,0,0,4,0,0,5,0,0,0,0,0,0,0,0,0,0,0,0,0,0,11,0,0,0,0,0,0,0,0,0,0,0,0,0,0,0,0,0,0,4,0,0,0,15,0,0,0,13,0,22,0,0,64,0,0,0,0,0,0,0,0,0,0,0,0,0,0,19,0,0,0,0,0,0,0,0,0,0,0,0,0,0,0,0,0,32,0,0,0,0,52,0,0,0,25,4,12,0,0,0,0,0,0,0,0,0,0,0,0,0,0,0,6,0,0,0,28,0,0,0,0,0,0,0,0,0,8,0,0,0,0,0,19,0,3231,0,225,0,190,837,0,0,0,0,0,0,0,0,0,0
"SRR28984277",0,0,0,0,0,0,0,0,0,0,0,0,0,0,0,0,0,0,0,0,0,0,0,0,0,0,0,0,0,0,0,0,0,0,0,0,0,0,0,0,0,0,0,0,0,0,0,0,0,0,0,0,0,0,61,0,0,0,0,0,0,0,0,0,0,0,2,0,0,0,0,0,0,0,0,0,0,0,30,0,14,0,0,0,0,0,0,0,0,0,0,0,0,0,0,0,0,0,0,0,0,16,0,0,0,0,0,0,0,0,0,0,0,0,0,0,0,0,0,0,0,0,0,0,0,0,0,0,0,0,0,0,70,62,0,82,31,84,0,0,0,0,0,0,0,0,0,0,0,0,0,0,0,0,0,0,0,0,0,0,0,0,0,0,0,0,0,0,0,0,0,0,0,0,1778,0,0,0,0,0,0,0,867,0,0,0,0,0,0,0,0,0,0,0,0,0,0,0,0,0,0,0,0,0,0,0,0,0,0,0,0,0,0,119,0,0,0,0,0,0,0,0,0,0,0,0,0,0,5,0,0,0,0,0,0,21,0,0,0,0,0,82,0,0,76,0,0,66,0,0,0,50,0,0,45,30,0,0,0,0,0,0,0,29,0,0,0,0,0,0,0,0,0,0,0,0,0,0,0,0,0,0,0,0,0,0,0,0,0,0,0,0,0,0,0,0,0,0,0,0,0,0,0,0,0,0,0,0,0,0,0,0
"SRR28984285",0,0,1,11,0,2,0,4,0,1,0,0,41,0,0,0,0,0,0,1,0,0,0,0,0,0,16,0,0,1,0,0,2,0,0,0,0,0,0,0,1,0,0,0,0,0,0,0,0,0,0,0,0,0,0,0,0,0,1,0,0,1,0,0,0,0,0,0,0,0,0,0,1,2,0,0,0,0,0,0,17,0,0,0,0,0,0,0,1,0,0,0,0,0,0,0,0,0,0,1534,68,104,0,0,0,11,26,0,0,0,0,712,0,0,0,0,2,0,0,0,0,0,0,0,0,0,0,0,1,0,0,0,40,4,1,0,0,0,10,0,0,0,0,0,0,4,0,0,0,0,0,0,0,0,0,0,0,0,0,0,0,0,0,0,0,0,0,0,0,0,0,0,0,0,0,0,0,0,0,0,0,0,0,0,0,1,0,0,0,0,0,0,0,0,0,0,0,0,0,0,0,0,0,1,0,0,0,0,0,0,1,0,0,0,31,0,0,0,0,3,0,0,0,0,0,0,0,0,320,0,0,0,0,0,5,0,0,0,0,0,0,0,0,0,1,0,0,0,0,0,0,0,23,1,0,0,0,1,0,0,0,57,0,0,0,0,0,0,0,0,0,0,0,0,0,1,0,0,19,0,1,0,0,0,0,0,0,0,0,0,0,0,0,0,0,0,0,0,0,0,0,0,0,0,0,0,0,0,0,0,0,1
"SRR28984291",0,101586,34,0,23,0,96,39,27,0,0,0,111,0,0,0,0,0,0,25,0,0,0,0,0,3,0,0,0,15,0,0,10,0,0,0,40,72,9,0,1999,11262,0,9909,0,128,21,0,0,285,0,0,0,0,0,0,0,0,164,0,0,0,0,0,7,0,0,0,0,0,0,0,0,0,0,0,0,4,11,0,0,3,0,0,0,0,0,0,0,5228,0,0,0,0,0,10,0,0,0,0,0,0,0,7,0,0,0,0,0,0,0,6,0,0,12,0,0,0,13,0,0,0,0,0,0,0,0,0,0,0,0,0,0,0,27,0,0,4,0,0,0,1444,0,0,0,0,0,0,140,0,0,0,0,0,0,0,0,0,0,0,0,0,0,0,0,0,0,0,0,0,0,0,809,0,0,735,110,0,413,288,0,0,21133,1729,0,0,0,0,0,0,0,0,1865,0,0,0,0,0,0,3857,0,0,0,0,0,16558,0,0,0,0,0,0,0,0,2707,0,0,1749,1294,0,0,0,0,0,0,0,0,0,0,0,0,0,0,0,0,179,0,0,0,0,0,0,28068,0,0,0,0,1430,5343,1023,857,0,39,0,0,0,0,14,0,0,0,0,0,0,0,0,0,0,0,0,0,0,0,0,0,0,0,0,3,0,0,0,387,0,2,0,0,0,7,1877,1867,0,4,0,14,0,0,0,45,0,45,349,12,0,0,0,0,0,146,0,0,0
"SRR28984304",0,0,0,0,0,0,0,0,0,0,0,0,0,27961,0,0,0,0,0,0,0,0,0,0,0,0,1,0,12,1,37,0,0,0,0,0,0,0,0,0,2,0,0,0,0,893,0,0,0,6,0,0,0,0,0,0,0,0,0,0,0,0,0,0,0,0,0,0,0,0,0,0,0,0,0,0,0,0,0,0,0,0,0,0,0,0,0,0,0,25,0,0,0,0,0,0,0,0,0,0,0,0,0,0,0,0,0,0,0,0,0,0,0,0,0,31,469,1,238,0,0,0,0,1,0,0,2,0,0,0,0,0,0,0,0,0,0,0,0,0,0,1275,0,0,0,0,0,0,0,0,0,0,0,0,0,0,0,0,0,0,0,0,0,0,0,0,0,0,0,0,0,0,0,0,0,0,0,0,0,0,0,0,0,0,0,0,0,0,0,0,0,0,0,0,0,0,0,0,0,0,0,0,0,0,0,0,0,0,0,0,0,0,0,0,0,0,0,0,315,0,0,0,0,0,0,0,0,0,0,0,0,0,0,0,0,2,0,0,0,0,0,0,0,0,0,0,0,0,0,0,0,0,0,0,0,0,0,0,0,0,0,0,0,0,0,0,0,0,0,0,0,0,0,0,0,0,0,0,0,0,0,0,0,0,0,0,0,0,0,0,0,0,0,0,0,0,0,0,0,0,0,0,0,0,0,0,0,0,0,0,0,17
"SRR28984306",0,0,0,30,0,0,0,0,42,12,0,0,418,57,0,0,0,0,0,266,0,0,0,0,0,0,0,0,0,9,0,0,0,0,0,0,0,0,0,0,3,0,0,0,0,0,0,0,0,0,0,0,4,0,0,0,0,0,5,0,1,0,0,0,0,0,4,0,0,0,0,0,0,6,0,0,0,0,0,0,0,0,0,0,0,1,0,0,0,1,0,0,0,0,0,1,0,0,0,0,0,0,0,0,0,0,0,0,0,0,0,0,0,0,0,32,0,0,0,0,0,0,0,0,0,0,0,0,0,0,1,0,0,0,428,0,0,0,0,0,0,0,0,0,0,0,0,0,0,0,0,0,0,0,0,0,0,0,0,0,0,0,0,0,1,0,0,0,0,0,0,0,0,0,457,0,0,0,0,0,0,0,0,0,14,0,0,0,2,0,1,0,0,0,0,0,0,0,173,0,1,13,0,0,0,51,0,0,0,0,0,30,2,0,2569,1,0,1,0,0,0,0,0,0,1,0,0,0,176,0,0,0,0,0,897,0,0,0,0,0,0,0,9,0,0,0,0,6,0,0,0,0,0,13,0,29,0,0,0,0,0,0,0,0,0,0,0,0,0,1,0,0,0,0,2,0,0,0,0,0,0,0,0,0,0,0,0,0,0,0,0,0,0,0,4,0,0,0,0,0,0,0,0,0,265,0,0,0,0,0,1,0
"SRR28984321",0,0,0,0,0,0,0,0,0,0,0,0,0,0,0,0,0,0,0,0,0,0,0,0,0,0,0,0,0,0,0,0,0,0,0,0,0,0,0,0,0,0,0,0,0,0,0,0,0,0,0,0,0,0,0,0,0,0,0,0,0,0,0,0,0,0,0,0,0,0,0,0,0,0,0,0,0,0,0,0,0,0,0,0,0,0,0,0,0,0,0,0,0,0,0,655,0,0,0,0,0,0,0,0,0,0,0,0,0,0,0,0,0,0,0,0,0,0,0,0,0,0,0,0,0,0,0,0,0,0,0,0,0,0,0,0,0,0,0,0,0,15,45,0,0,0,0,0,0,0,0,0,0,0,0,0,0,0,0,0,0,0,0,0,0,0,0,0,0,0,0,0,0,0,0,0,0,17,0,0,0,0,582,0,0,0,0,0,0,0,0,0,0,0,0,0,0,0,0,47,0,0,0,0,0,0,0,0,0,0,0,0,0,0,0,0,0,0,0,0,0,0,0,0,0,0,0,0,0,0,0,0,0,0,0,0,0,0,0,0,0,0,0,0,0,0,0,0,0,0,0,0,0,0,0,0,0,0,0,0,0,0,0,0,0,0,0,0,0,0,0,0,0,0,0,0,0,0,0,0,0,0,0,0,0,0,0,0,0,0,0,0,0,0,0,0,0,0,0,0,0,0,0,0,0,0,0,0,22,0,0,0
"SRR28984328",0,0,0,0,0,0,0,0,0,0,0,0,0,0,0,0,0,0,0,0,0,0,0,0,0,0,0,0,0,0,0,0,0,0,0,0,0,0,0,0,0,0,0,0,0,0,0,0,0,0,0,0,0,0,0,0,0,0,0,0,0,0,0,0,0,0,24,0,27,0,0,0,0,0,45,0,0,0,0,0,0,0,0,0,0,963,0,64,142,163,0,339,15,0,0,2017,0,96,0,0,0,0,0,18,0,0,0,0,0,64,0,0,0,0,0,0,0,0,26,13,0,0,0,0,64,0,203,20,0,0,0,0,0,0,0,0,0,0,17,0,0,36,0,0,9,0,0,0,0,6,0,0,0,0,0,0,165,0,0,25,0,0,0,759,0,0,0,0,0,9,0,0,0,0,0,109,0,0,0,0,0,0,1508,0,8300,0,0,0,0,0,358,0,0,0,0,0,0,29,0,62,0,718,0,0,0,0,397,188,0,0,0,184,0,267,0,0,0,0,0,0,0,28,0,0,0,23,0,0,0,0,0,0,0,0,0,168,94,0,0,0,0,223,0,0,0,0,0,223,78,0,0,2442,0,0,102,1139,0,0,0,0,0,0,0,0,0,0,0,0,0,0,0,0,0,0,0,0,23,0,0,0,0,0,0,0,0,173,0,0,0,0,0,0,0,0,0,0,0,0,0,0,0,0,0,0,0,0,0,0,0,0,0,0
"SRR28984329",0,0,0,0,0,0,0,0,0,0,0,0,0,0,0,0,0,0,0,0,0,0,0,0,0,0,0,0,0,0,0,0,0,0,0,0,0,0,0,0,0,0,0,0,0,0,0,0,0,0,0,0,0,0,0,0,0,0,0,0,0,0,0,0,0,0,0,0,0,0,0,0,0,0,0,0,0,0,0,0,0,0,0,0,4,0,0,0,0,47,0,0,0,0,0,35,0,0,0,0,0,0,0,0,0,0,0,0,0,0,0,0,0,0,0,6,0,0,0,0,0,0,0,0,0,0,0,0,0,0,0,0,142,113,0,0,0,850,0,39,0,0,0,0,0,0,0,0,0,0,0,0,0,0,0,0,0,0,0,0,0,0,0,0,0,0,0,0,0,0,0,0,0,0,0,0,0,0,0,0,0,0,2566,0,0,0,0,0,0,0,0,0,0,0,0,153,0,0,0,0,0,0,0,0,0,0,0,0,0,0,0,0,0,16,0,0,0,0,0,0,0,0,0,0,0,0,0,0,0,0,0,0,0,0,0,445,0,0,0,0,0,1319,0,0,0,0,0,112,0,0,0,0,0,0,0,0,0,0,0,0,0,0,0,0,0,0,0,0,0,0,0,0,0,0,0,0,0,0,0,0,0,0,0,0,0,0,0,0,0,0,0,0,0,0,0,0,0,0,0,0,0,0,0,30,0,0,0,0,25,0,0,0
"SRR28984336",0,0,0,0,0,0,0,0,0,0,0,0,0,0,0,0,0,0,0,0,0,0,0,0,0,0,0,0,0,0,0,0,0,0,0,0,0,0,0,0,0,0,0,0,0,0,0,0,0,0,0,0,0,0,0,0,0,0,0,0,0,0,4,0,0,0,0,0,4,16,0,40,0,0,0,0,0,0,0,0,0,0,0,0,0,82,15,0,0,0,73,0,0,0,0,354,9,34,0,0,0,0,0,15,0,0,0,0,0,0,0,3334,0,0,0,0,8,0,0,0,0,0,0,0,8,25,0,6,11,0,20,0,372,0,0,103,1231,0,42,0,0,9,0,0,0,0,0,0,0,0,0,0,0,0,0,0,0,0,0,7,0,0,0,85,0,0,0,0,14,0,0,0,0,21,0,13,0,0,0,0,0,0,778,0,0,0,29,0,0,0,0,0,0,0,0,0,71,147,0,0,0,0,0,0,0,0,186,0,0,0,12,36,0,93,0,35,0,0,0,0,155,0,0,23,0,0,0,0,0,0,0,47,71,0,0,189,0,0,0,0,0,46,0,0,0,0,0,531,0,0,0,0,0,0,0,0,0,0,0,0,0,0,0,9,0,0,0,0,0,0,0,0,0,0,0,88,54,0,0,0,0,0,0,0,0,17,0,0,0,0,0,0,0,0,0,0,0,0,0,0,0,0,0,0,0,0,0,0,0,0,0,0
"SRR28984342",0,0,0,31,0,0,10,0,0,0,0,0,51,0,7,0,0,0,0,0,0,0,0,0,0,0,0,0,0,0,8,0,0,0,0,0,14,4273,0,0,367,17136,0,0,0,0,6,0,0,0,0,0,0,0,0,0,0,0,3,0,0,0,0,0,0,0,0,0,378,0,0,0,0,0,0,0,0,0,0,0,0,0,0,0,0,0,0,0,0,0,0,0,0,0,0,3,0,0,0,0,0,0,0,0,0,0,0,0,0,0,0,0,0,0,0,0,0,0,0,0,0,0,0,0,0,0,0,0,0,0,0,0,0,0,14,0,0,5,0,0,0,0,0,0,0,0,0,0,0,0,0,0,0,0,0,0,0,0,0,0,0,0,0,0,0,0,0,0,0,0,0,0,0,0,0,0,0,0,368,0,0,0,0,0,0,0,0,0,0,0,0,0,0,0,0,0,0,0,0,0,0,6468,0,0,372,2748,0,0,0,0,0,0,0,0,0,0,0,0,0,0,0,0,0,0,0,0,0,0,0,0,0,0,0,0,0,0,0,0,0,0,0,0,0,0,0,0,0,0,0,0,0,0,0,0,0,13,0,0,0,0,0,0,0,0,0,0,0,0,0,0,0,0,0,0,56,0,540,0,0,0,0,0,0,0,0,0,0,0,0,0,39,5178,0,4,0,100,0,0,6,0,14,39,3,0,0,0,0,0,0,0,0,0
"SRR28984343",0,0,0,0,0,0,0,0,0,0,0,0,0,0,0,0,0,0,0,0,0,0,0,0,0,0,0,0,0,0,0,0,0,0,0,0,0,0,0,0,0,0,0,0,0,0,0,0,0,0,0,0,0,0,0,0,0,0,0,25,0,0,0,0,0,0,0,0,0,0,0,0,0,0,0,0,0,0,0,0,0,0,0,0,0,0,0,0,0,0,0,0,0,0,0,0,0,0,0,0,0,0,0,0,0,0,0,0,0,0,0,0,0,0,0,0,0,0,0,0,0,0,0,0,0,0,0,0,0,0,0,0,0,0,0,0,0,0,0,0,0,0,0,0,0,0,0,0,0,0,0,0,0,0,0,0,0,0,0,0,0,0,0,0,0,0,0,0,0,0,0,0,0,0,0,0,0,0,0,0,28,0,14454,0,0,0,0,0,0,0,0,0,0,0,0,0,0,0,0,0,0,0,0,0,0,0,0,0,0,0,0,0,0,0,0,0,0,0,0,0,0,0,0,0,0,0,0,0,0,0,0,0,0,0,0,0,0,0,0,0,0,70,0,0,0,0,0,0,0,0,0,0,0,0,0,0,0,0,0,0,0,0,0,0,0,0,0,0,0,0,0,0,0,0,0,0,0,0,0,0,0,0,0,0,0,0,0,0,0,0,0,0,0,0,0,0,0,0,0,0,0,0,0,0,0,0,0,0,0,0,0,0
"SRR28984352",0,0,0,0,0,0,0,0,0,0,0,0,0,0,0,0,0,0,0,0,0,0,0,0,0,0,0,0,0,0,0,0,0,0,0,0,1,0,0,0,4,2,0,0,0,3,0,0,0,2,0,2,55,15,2,0,0,0,153,0,121,0,0,0,0,0,0,0,0,0,0,0,0,0,0,0,0,0,0,0,0,0,0,0,0,0,0,0,0,5,0,0,0,1,0,0,0,0,0,0,0,0,0,0,0,0,0,0,0,0,0,0,0,98,0,0,0,0,0,0,0,0,0,0,9,0,12,0,0,0,0,0,0,0,0,0,0,0,0,0,0,0,0,0,0,0,0,0,0,0,0,0,0,0,0,0,0,0,0,0,0,0,0,0,0,0,0,0,0,0,0,0,3505,0,0,0,0,0,0,0,0,0,8,0,0,0,0,0,0,0,0,0,0,0,0,0,0,0,0,0,0,0,0,0,0,0,0,0,0,0,0,0,0,0,2408,0,0,98,0,0,0,0,0,0,0,0,0,0,0,0,0,0,0,0,0,6,0,0,0,0,0,0,0,0,0,0,0,75,0,0,0,0,0,0,0,0,0,0,0,0,2,0,0,0,0,1881,0,0,0,0,0,0,0,0,0,0,0,0,0,0,0,0,2,0,0,0,0,0,0,0,0,0,0,0,0,0,0,0,0,0,0,0,0,0,0,0,0,0,0,0,0,0
"SRR28984357",0,0,0,0,0,0,0,0,0,0,0,0,0,0,0,0,0,0,0,0,0,0,0,0,0,0,0,0,0,0,0,0,0,0,0,0,0,0,0,0,0,0,0,0,0,0,0,0,0,0,0,0,0,0,58,0,0,15,0,0,0,0,0,0,0,0,0,0,0,0,0,24,0,0,0,0,0,0,0,0,0,0,0,0,0,0,13,0,0,0,0,0,0,0,5,25,21,0,0,0,0,0,0,0,0,27,0,0,0,0,0,0,0,0,0,0,0,0,0,0,0,0,0,0,0,0,0,0,0,0,0,0,154,168,0,133,133,161,0,0,0,0,0,0,0,0,0,0,0,0,0,0,0,0,0,0,0,0,0,0,0,0,0,0,0,0,4,0,0,0,0,0,0,0,0,0,0,0,0,0,0,0,0,0,15,0,0,0,0,0,0,0,0,0,0,0,0,0,0,0,16,0,0,0,0,0,16,0,0,0,0,0,0,78,0,0,14,0,0,0,0,0,0,0,0,0,0,0,0,0,0,0,0,0,0,0,0,0,0,0,0,53,0,0,0,0,0,38,0,0,0,244,0,0,0,0,0,0,0,0,0,0,100,0,0,0,0,0,0,13,0,0,0,0,0,0,0,0,0,0,0,0,17,0,0,0,0,0,0,0,0,0,0,0,0,0,0,0,0,0,0,0,0,0,0,26,0,0,0,0,0,0
"SRR28984368",0,0,0,0,0,0,0,0,0,0,0,0,0,0,0,0,0,0,0,0,0,0,0,0,0,0,0,0,0,0,0,0,0,0,0,0,0,0,0,0,0,0,0,0,0,0,0,0,0,0,0,0,0,0,0,0,0,0,0,0,0,0,0,0,0,0,7,0,0,0,0,24,0,0,0,0,0,0,0,0,19,0,0,0,0,0,0,10,0,0,0,0,0,0,0,99,0,0,100,0,0,92,0,0,0,92,0,0,0,0,0,0,0,0,0,62,0,0,0,0,0,0,0,0,0,0,0,0,0,0,159,147,1101,1416,0,401,482,140,384,0,0,0,0,0,0,0,0,0,0,0,0,0,0,0,0,0,0,0,0,6,0,0,0,0,0,0,0,0,0,3,0,0,0,0,0,17,0,0,0,0,0,0,0,0,462,53,0,0,0,0,0,0,30,116,64,0,0,0,0,0,152,23,0,58,0,0,0,0,0,16,0,0,0,128,0,0,0,0,0,0,0,0,0,0,40,0,0,18,13,0,0,0,0,23,0,0,0,0,0,0,0,0,0,0,0,0,0,104,0,0,0,69,0,0,48,134,0,0,0,0,293,653,135,188,0,0,99,0,0,0,18,15,112,0,0,9,0,0,0,0,0,0,0,0,0,0,0,0,0,0,0,0,0,0,0,0,0,0,0,0,0,0,0,0,0,0,0,0,0,0,0,0
"SRR28984381",0,0,0,0,0,0,0,0,0,0,0,0,0,0,0,0,0,0,0,0,0,0,0,0,0,0,0,0,0,0,0,0,0,0,0,0,0,0,0,0,0,0,0,0,0,0,0,0,0,0,0,0,0,0,0,0,0,0,0,0,0,0,0,0,0,0,0,0,0,0,0,0,0,0,0,0,0,0,0,0,0,0,0,0,0,0,0,0,0,24,0,0,0,0,0,0,0,0,0,0,0,0,0,0,0,0,0,0,0,0,0,0,35,0,0,0,14,0,0,0,0,0,0,0,0,0,0,0,0,0,0,0,46,0,0,64,0,25,0,0,0,0,0,0,0,20,0,0,0,0,0,0,0,0,0,0,0,0,0,0,0,0,0,0,0,0,0,0,0,0,0,0,0,0,0,0,0,0,0,0,0,0,0,0,0,0,0,0,0,0,0,0,0,0,0,0,0,0,0,0,0,0,0,0,0,0,0,0,0,0,0,0,0,27,0,0,0,0,0,0,0,0,0,0,0,0,0,0,7,0,7,0,0,0,0,0,0,0,0,0,0,0,0,0,0,0,0,0,0,0,0,0,0,0,0,0,0,0,0,0,0,0,0,0,0,0,0,0,0,0,0,0,0,0,0,0,0,0,0,0,0,0,0,0,0,0,0,0,0,0,0,0,0,0,0,115,0,0,0,0,0,0,0,0,0,0,0,0,0,0,0,0
"SRR28984399",19539,0,2748,0,814,1171,0,287,611,366,76,98,0,5747,0,0,0,0,0,0,360,0,0,64,48,322,98,0,853,19507,289,0,2,42,0,0,0,0,0,0,771,50,0,0,0,0,0,0,0,57,15,13,6,107,0,0,0,0,65,0,0,47,3,33,0,44,0,266,0,0,0,0,0,3,0,0,0,0,0,0,0,0,7,85,0,16,0,201,27,9,0,0,90,13,0,339,0,33,0,1066,0,3,0,4,13061,0,0,0,0,0,10,55791,0,0,0,6,181,0,193,0,28,0,0,0,0,0,0,0,228,0,0,0,0,71,13,0,0,202,91,0,17,2167,0,8,0,2256,26,6,0,0,11,0,0,13,0,0,0,0,0,0,9115,24,0,0,0,8,2,9,21,38,0,0,320,0,0,43,0,0,38,0,0,0,160,0,0,0,0,0,0,0,0,0,6,0,0,0,56,0,0,55,0,0,25,0,0,17,0,0,0,0,51,32,0,0,45,8,0,0,0,0,0,130,0,15,0,0,0,11,0,78,0,0,0,0,0,31,0,0,16,0,19,0,17,0,0,8,11,50,0,0,0,0,22,0,0,28,0,16,50,0,134,0,0,0,511,0,0,0,0,0,0,5,0,0,0,0,0,129,0,270,155,0,89,0,0,0,0,0,0,0,0,0,0,0,30,0,0,0,0,0,0,15,0,0,343,0,81,0,70,24,0,304
"SRR28984424",5090,0,13150,4054,0,838,1812,640,1484,663,0,0,2632,0,0,0,0,3085,595,196,589,816,0,0,0,0,0,0,0,0,0,0,4,0,18,0,0,16,0,0,44,1794,71,0,0,29,0,0,0,504,0,0,40,58,0,0,0,0,744,0,406,0,0,0,6,0,0,0,0,0,0,0,0,135,0,0,34,0,0,0,0,3508,0,0,0,0,0,0,196,1235,0,0,100,0,0,608,0,0,0,0,0,4,0,5,0,0,0,0,10,0,0,0,0,0,0,0,220,331,0,4,10,9,0,0,0,0,0,0,0,0,0,0,0,0,46292,0,0,0,0,0,0,204,0,0,12,0,0,0,39,0,0,18,103,0,0,145,50,0,0,602,0,0,0,0,2081,0,0,0,0,0,0,0,127,0,370,245,119,0,160,0,0,0,2582,0,0,0,0,0,0,0,0,0,0,0,0,0,0,0,0,506,0,64,131,0,0,142,0,19,0,108,0,10029,0,0,7834,0,0,0,0,0,0,0,263,0,0,0,0,0,0,218,0,0,223,0,0,910,0,0,25,0,0,0,746,0,0,6,0,10347,0,0,0,0,0,6534,0,103,0,0,0,278,58,70,0,0,0,0,0,0,0,0,5,0,19,0,0,0,0,0,0,0,0,0,42,0,0,0,7,0,10727,0,0,24,10372,12,16,0,0,0,0,6,25,0,9,0,0,0,238,0,0,10,0,0
"SRR28984440",0,0,0,0,0,0,0,0,0,0,0,0,0,0,0,0,0,0,0,0,0,0,0,0,0,0,0,0,0,0,0,0,0,0,0,0,0,0,0,0,0,0,0,0,0,0,0,0,0,0,0,0,0,84,0,0,0,0,0,0,0,0,0,0,0,0,0,0,0,0,0,0,0,0,0,0,0,0,0,0,0,0,0,0,0,115,0,0,55,54,0,0,0,0,0,8,0,0,0,0,0,0,0,30,0,0,0,0,0,0,0,0,0,0,0,0,0,0,0,0,0,0,0,0,0,11,0,0,0,0,0,0,0,0,0,0,0,0,0,0,0,0,0,0,0,0,0,0,0,0,0,0,0,0,0,0,0,0,0,4,0,0,0,0,0,0,0,0,0,0,0,0,0,0,0,48,0,0,0,0,0,0,3437,0,0,0,0,0,0,0,0,0,0,0,0,0,0,32,0,0,0,0,0,0,0,0,434,85,0,0,0,0,0,36,0,0,17,0,0,0,0,0,0,0,0,0,0,0,0,0,0,0,12,0,0,35,0,0,0,0,0,507,0,0,0,0,0,271,0,0,28,0,0,0,0,0,0,0,0,0,0,0,0,0,0,0,0,0,0,0,0,0,0,0,0,0,0,0,0,0,0,0,0,0,0,0,0,0,0,0,0,0,0,0,0,0,0,0,0,0,0,0,0,0,0,0,0,0,0,0,0,0
"SRR28984541",0,13,0,13483,285,1814,1188,1037,16,1941,0,0,12388,2448,10,0,8,23,0,0,0,0,0,203,0,0,0,0,0,2565,154,12,0,0,6,0,0,15,8,325,415,265,49,0,0,0,0,5,0,292,21,0,0,0,0,2,4,0,12,0,0,165,0,0,0,0,2,0,0,0,107,0,0,0,0,0,118,0,0,0,0,0,0,0,0,860,0,0,331,10276,0,0,0,0,0,7698,0,106,0,15,0,8,0,142,0,0,0,0,12,0,0,0,13477,0,5,0,2596,0,0,0,124,20,0,140,0,0,39,0,0,0,0,0,26,0,18,0,0,0,12,0,70,1269,0,91,19,0,22,0,25,0,15,0,96,0,0,0,0,0,0,1450,0,0,0,8086,0,0,0,4,0,0,0,0,373,0,10786,675,0,0,138,0,0,0,1908,0,0,0,0,0,0,0,0,0,0,0,0,0,0,0,5247,15,0,0,0,0,0,2653,0,0,786,0,0,112,4302,0,2550,0,161,1710,0,8,0,0,0,116,0,213,0,4,0,1700,0,1472,0,0,17,151,0,0,26,0,329,0,3689,0,8,22,261,1619,1036,0,0,0,50,0,0,0,0,0,5,216,0,0,0,0,16,14,0,0,0,0,0,0,0,65,0,0,0,0,1235,1813,617,2189,0,0,0,317,61,2147,0,2670,2832,0,0,4,9,0,0,0,0,0,13,0,0,0,0,11,14,0,264,0,0,0
"SRR28984707",0,0,300,18423,1995,2105,0,0,0,2103,0,389,12254,1212,0,31635,29451,1608,0,274,0,0,0,0,101,0,13,0,0,326,531,0,0,0,0,0,0,0,0,232,3959,494,23,0,125,0,0,0,0,9,12,0,0,0,0,0,0,0,0,0,0,0,0,0,0,0,0,0,0,0,49,0,0,0,0,0,0,93,0,0,0,0,5,0,0,0,0,36,27,386,0,0,0,18,100,2805,23,32,0,0,37,0,0,0,0,21,16,0,19,21,0,2676,0,0,0,0,25,32,0,0,23,0,0,52,0,0,28,0,0,0,0,712,996,0,28,0,0,634,0,0,0,37,0,0,19,3,0,0,0,0,9,0,7,70,0,0,9,6,9,42,0,4,0,0,210,13,0,0,39,0,0,0,0,0,0,32,0,0,50,0,0,0,99,0,0,0,0,13,0,0,0,13,0,0,0,54,36,85,0,7,0,0,0,0,9,3280,0,207,0,0,0,106,0,0,0,0,0,0,0,0,67,431,0,17,0,0,0,313,0,80,12,0,0,0,0,0,0,199,25,0,0,0,285,0,0,0,27,0,0,0,0,0,5658,0,0,0,0,0,0,0,277,0,0,0,0,27,0,0,0,0,0,0,0,27,0,0,0,0,3,0,0,0,9,0,0,0,0,0,0,0,0,229,0,7324,0,0,0,0,0,0,0,0,0,0,515,0,0,0,191,0,0,3
"SRR28984716",0,0,0,0,5020,73267,452,0,0,1747,0,0,0,27,0,0,0,33,0,0,3,0,2,1,0,9,0,0,59,2,1,0,0,0,0,0,0,0,0,0,223,30,0,0,0,0,0,0,0,0,0,0,0,7,0,0,0,0,0,0,0,0,0,0,0,0,0,0,0,0,0,0,0,0,0,0,0,0,0,0,0,0,0,0,0,0,0,0,0,4,0,0,0,0,0,3,0,0,0,0,0,0,0,0,0,0,0,0,0,0,0,0,0,0,38,0,0,0,2,0,0,0,0,0,0,0,0,0,0,37,0,0,0,0,0,0,0,0,0,0,0,551,77,0,0,0,0,0,0,0,0,0,0,0,0,0,0,0,0,0,0,0,0,0,0,0,0,0,0,0,0,0,0,0,0,0,0,0,0,0,0,0,72,0,0,0,0,0,0,0,0,0,0,0,0,0,0,0,0,0,0,0,0,0,0,0,0,0,0,0,0,0,0,0,40,0,0,0,0,0,0,0,0,0,0,0,0,0,0,0,1,0,0,0,0,0,0,0,0,0,0,0,0,0,0,0,0,271,0,0,0,0,7,0,0,1,0,0,0,0,0,0,0,0,0,5,0,0,0,0,0,0,0,0,0,0,0,0,0,0,0,0,0,0,0,0,0,0,0,0,0,0,0,0,0,0,0,0,0,0,0,0,0,0,0,0,0,0,0,1,0,1818
