Run,Assay Type,AvgSpotLen,Bases,BioProject,BioSample,Bytes,Center Name,Consent,DATASTORE filetype,DATASTORE provider,DATASTORE region,ENA-FIRST-PUBLIC (run),ena_first_public,ENA-LAST-UPDATE (run),ena_last_update,Experiment,external_id,INSDC_center_name,INSDC_first_public,INSDC_last_update,INSDC_status,Instrument,LibraryLayout,LibrarySelection,LibrarySource,Organism,Platform,ReleaseDate,create_date,version,Sample Name,Sample_name,Scientific_Name,SRA Study,Submitter_Id,INSDC_center_alias,Library Name,collection_date,geo_loc_name_country,geo_loc_name_country_continent,geographic_location_(country_and/or_sea)
ERR10966586,AMPLICON,409,16159843,PRJEB53547,SAMEA112745994,13098245,UNIVERSITY HOSPITAL REGENSBURG,public,"run.zq,sra,fastq","ncbi,s3,gs","ncbi.public,s3.us-east-1,gs.us-east1",2023-03-05,2023-03-05,2023-03-05,2023-03-05,ERX10403424,SAMEA112745994,University Hospital Regensburg,2023-03-05T12:22:36Z,2023-03-05T12:22:36Z,public,Ion GeneStudio S5 Plus,SINGLE,PCR,METAGENOMIC,human metagenome,ION_TORRENT,2023-03-06T00:00:00Z,2023-03-11T00:10:00Z,1,SAMEA112745994,MO16S_001,human metagenome,ERP138358,MO16S_001,University Hospital Regensburg,ERS14741256,,,,
ERR10966587,AMPLICON,414,17092666,PRJEB53547,SAMEA112745995,13868870,UNIVERSITY HOSPITAL REGENSBURG,public,"run.zq,fastq,sra","ncbi,gs,s3","s3.us-east-1,ncbi.public,gs.us-east1",2023-03-05,2023-03-05,2023-03-05,2023-03-05,ERX10403425,SAMEA112745995,University Hospital Regensburg,2023-03-05T12:22:36Z,2023-03-05T12:22:36Z,public,Ion GeneStudio S5 Plus,SINGLE,PCR,METAGENOMIC,human metagenome,ION_TORRENT,2023-03-06T00:00:00Z,2023-03-11T00:55:00Z,2,SAMEA112745995,MO16S_002,human metagenome,ERP138358,MO16S_002,University Hospital Regensburg,ERS14741257,,,,
ERR10966588,AMPLICON,419,16949052,PRJEB53547,SAMEA112745996,13665709,UNIVERSITY HOSPITAL REGENSBURG,public,"sra,fastq,run.zq","ncbi,s3,gs","gs.us-east1,ncbi.public,s3.us-east-1",2023-03-05,2023-03-05,2023-03-05,2023-03-05,ERX10403426,SAMEA112745996,University Hospital Regensburg,2023-03-05T12:22:36Z,2023-03-05T12:22:36Z,public,Ion GeneStudio S5 Plus,SINGLE,PCR,METAGENOMIC,human metagenome,ION_TORRENT,2023-03-06T00:00:00Z,2023-03-11T00:10:00Z,1,SAMEA112745996,MO16S_003,human metagenome,ERP138358,MO16S_003,University Hospital Regensburg,ERS14741258,,,,
ERR10966589,AMPLICON,416,15428408,PRJEB53547,SAMEA112745997,12537637,UNIVERSITY HOSPITAL REGENSBURG,public,"run.zq,sra,fastq","gs,s3,ncbi","ncbi.public,gs.us-east1,s3.us-east-1",2023-03-05,2023-03-05,2023-03-05,2023-03-05,ERX10403427,SAMEA112745997,University Hospital Regensburg,2023-03-05T12:22:36Z,2023-03-05T12:22:36Z,public,Ion GeneStudio S5 Plus,SINGLE,PCR,METAGENOMIC,human metagenome,ION_TORRENT,2023-03-06T00:00:00Z,2023-03-11T00:10:00Z,1,SAMEA112745997,MO16S_004,human metagenome,ERP138358,MO16S_004,University Hospital Regensburg,ERS14741259,,,,
ERR10966590,AMPLICON,413,15894912,PRJEB53547,SAMEA112745998,12906420,UNIVERSITY HOSPITAL REGENSBURG,public,"fastq,run.zq,sra","ncbi,s3,gs","gs.us-east1,ncbi.public,s3.us-east-1",2023-03-05,2023-03-05,2023-03-05,2023-03-05,ERX10403428,SAMEA112745998,University Hospital Regensburg,2023-03-05T12:22:36Z,2023-03-05T12:22:36Z,public,Ion GeneStudio S5 Plus,SINGLE,PCR,METAGENOMIC,human metagenome,ION_TORRENT,2023-03-06T00:00:00Z,2023-03-11T00:11:00Z,1,SAMEA112745998,MO16S_005,human metagenome,ERP138358,MO16S_005,University Hospital Regensburg,ERS14741260,,,,
ERR10966591,AMPLICON,406,15957181,PRJEB53547,SAMEA112745999,12973903,UNIVERSITY HOSPITAL REGENSBURG,public,"run.zq,fastq,sra","s3,gs,ncbi","gs.us-east1,ncbi.public,s3.us-east-1",2023-03-05,2023-03-05,2023-03-05,2023-03-05,ERX10403429,SAMEA112745999,University Hospital Regensburg,2023-03-05T12:22:36Z,2023-03-05T12:22:36Z,public,Ion GeneStudio S5 Plus,SINGLE,PCR,METAGENOMIC,human metagenome,ION_TORRENT,2023-03-06T00:00:00Z,2023-03-11T00:10:00Z,1,SAMEA112745999,MO16S_006,human metagenome,ERP138358,MO16S_006,University Hospital Regensburg,ERS14741261,,,,
ERR10966592,AMPLICON,407,14536031,PRJEB53547,SAMEA112746000,11835261,UNIVERSITY HOSPITAL REGENSBURG,public,"sra,run.zq,fastq","ncbi,gs,s3","ncbi.public,gs.us-east1,s3.us-east-1",2023-03-05,2023-03-05,2023-03-05,2023-03-05,ERX10403430,SAMEA112746000,University Hospital Regensburg,2023-03-05T12:22:36Z,2023-03-05T12:22:36Z,public,Ion GeneStudio S5 Plus,SINGLE,PCR,METAGENOMIC,human metagenome,ION_TORRENT,2023-03-06T00:00:00Z,2023-03-11T00:11:00Z,1,SAMEA112746000,MO16S_007,human metagenome,ERP138358,MO16S_007,University Hospital Regensburg,ERS14741262,,,,
ERR10966593,AMPLICON,405,5475173,PRJEB53547,SAMEA112746001,4506631,UNIVERSITY HOSPITAL REGENSBURG,public,"fastq,sra,run.zq","s3,gs,ncbi","gs.us-east1,s3.us-east-1,ncbi.public",2023-03-05,2023-03-05,2023-03-05,2023-03-05,ERX10403431,SAMEA112746001,University Hospital Regensburg,2023-03-05T12:22:36Z,2023-03-05T12:22:36Z,public,Ion GeneStudio S5 Plus,SINGLE,PCR,METAGENOMIC,human metagenome,ION_TORRENT,2023-03-06T00:00:00Z,2023-03-11T01:30:00Z,2,SAMEA112746001,MO16S_008,human metagenome,ERP138358,MO16S_008,University Hospital Regensburg,ERS14741263,,,,
ERR10966594,AMPLICON,412,17690555,PRJEB53547,SAMEA112746002,14295896,UNIVERSITY HOSPITAL REGENSBURG,public,"sra,run.zq,fastq","gs,s3,ncbi","gs.us-east1,s3.us-east-1,ncbi.public",2023-03-05,2023-03-05,2023-03-05,2023-03-05,ERX10403432,SAMEA112746002,University Hospital Regensburg,2023-03-05T12:22:36Z,2023-03-05T12:22:36Z,public,Ion GeneStudio S5 Plus,SINGLE,PCR,METAGENOMIC,human metagenome,ION_TORRENT,2023-03-06T00:00:00Z,2023-03-11T00:11:00Z,1,SAMEA112746002,MO16S_009,human metagenome,ERP138358,MO16S_009,University Hospital Regensburg,ERS14741264,,,,
ERR10966595,AMPLICON,417,15910695,PRJEB53547,SAMEA112746003,12838297,UNIVERSITY HOSPITAL REGENSBURG,public,"fastq,sra,run.zq","s3,gs,ncbi","s3.us-east-1,gs.us-east1,ncbi.public",2023-03-05,2023-03-05,2023-03-05,2023-03-05,ERX10403433,SAMEA112746003,University Hospital Regensburg,2023-03-05T12:22:36Z,2023-03-05T12:22:36Z,public,Ion GeneStudio S5 Plus,SINGLE,PCR,METAGENOMIC,human metagenome,ION_TORRENT,2023-03-06T00:00:00Z,2023-03-11T00:11:00Z,1,SAMEA112746003,MO16S_010,human metagenome,ERP138358,MO16S_010,University Hospital Regensburg,ERS14741265,,,,
ERR10966596,AMPLICON,434,13611983,PRJEB53547,SAMEA112746004,10888697,UNIVERSITY HOSPITAL REGENSBURG,public,"fastq,run.zq,sra","ncbi,gs,s3","ncbi.public,s3.us-east-1,gs.us-east1",2023-03-05,2023-03-05,2023-03-05,2023-03-05,ERX10403434,SAMEA112746004,University Hospital Regensburg,2023-03-05T12:22:36Z,2023-03-05T12:22:36Z,public,Ion GeneStudio S5 Plus,SINGLE,PCR,METAGENOMIC,human metagenome,ION_TORRENT,2023-03-06T00:00:00Z,2023-03-11T00:11:00Z,1,SAMEA112746004,MO16S_011,human metagenome,ERP138358,MO16S_011,University Hospital Regensburg,ERS14741266,,,,
ERR10966597,AMPLICON,405,17852491,PRJEB53547,SAMEA112746005,14449299,UNIVERSITY HOSPITAL REGENSBURG,public,"run.zq,sra,fastq","s3,ncbi,gs","s3.us-east-1,ncbi.public,gs.us-east1",2023-03-05,2023-03-05,2023-03-05,2023-03-05,ERX10403435,SAMEA112746005,University Hospital Regensburg,2023-03-05T12:22:36Z,2023-03-05T12:22:36Z,public,Ion GeneStudio S5 Plus,SINGLE,PCR,METAGENOMIC,human metagenome,ION_TORRENT,2023-03-06T00:00:00Z,2023-03-11T00:11:00Z,1,SAMEA112746005,MO16S_012,human metagenome,ERP138358,MO16S_012,University Hospital Regensburg,ERS14741267,,,,
ERR10966598,AMPLICON,429,16717299,PRJEB53547,SAMEA112746006,13408630,UNIVERSITY HOSPITAL REGENSBURG,public,"run.zq,sra,fastq","ncbi,s3,gs","ncbi.public,s3.us-east-1,gs.us-east1",2023-03-05,2023-03-05,2023-03-05,2023-03-05,ERX10403436,SAMEA112746006,University Hospital Regensburg,2023-03-05T12:22:36Z,2023-03-05T12:22:36Z,public,Ion GeneStudio S5 Plus,SINGLE,PCR,METAGENOMIC,human metagenome,ION_TORRENT,2023-03-06T00:00:00Z,2023-03-11T00:11:00Z,1,SAMEA112746006,MO16S_013,human metagenome,ERP138358,MO16S_013,University Hospital Regensburg,ERS14741268,,,,
ERR10966599,AMPLICON,416,22531069,PRJEB53547,SAMEA112746007,18144146,UNIVERSITY HOSPITAL REGENSBURG,public,"sra,run.zq,fastq","gs,s3,ncbi","ncbi.public,gs.us-east1,s3.us-east-1",2023-03-05,2023-03-05,2023-03-05,2023-03-05,ERX10403437,SAMEA112746007,University Hospital Regensburg,2023-03-05T12:22:36Z,2023-03-05T12:22:36Z,public,Ion GeneStudio S5 Plus,SINGLE,PCR,METAGENOMIC,human metagenome,ION_TORRENT,2023-03-06T00:00:00Z,2023-03-11T00:11:00Z,1,SAMEA112746007,MO16S_014,human metagenome,ERP138358,MO16S_014,University Hospital Regensburg,ERS14741269,,,,
ERR10966600,AMPLICON,413,18653165,PRJEB53547,SAMEA112746008,15066833,UNIVERSITY HOSPITAL REGENSBURG,public,"fastq,sra,run.zq","s3,gs,ncbi","ncbi.public,gs.us-east1,s3.us-east-1",2023-03-05,2023-03-05,2023-03-05,2023-03-05,ERX10403438,SAMEA112746008,University Hospital Regensburg,2023-03-05T12:22:36Z,2023-03-05T12:22:36Z,public,Ion GeneStudio S5 Plus,SINGLE,PCR,METAGENOMIC,human metagenome,ION_TORRENT,2023-03-06T00:00:00Z,2023-03-11T00:11:00Z,1,SAMEA112746008,MO16S_015,human metagenome,ERP138358,MO16S_015,University Hospital Regensburg,ERS14741270,,,,
ERR10966601,AMPLICON,419,21434830,PRJEB53547,SAMEA112746009,17215658,UNIVERSITY HOSPITAL REGENSBURG,public,"fastq,run.zq,sra","ncbi,s3,gs","s3.us-east-1,gs.us-east1,ncbi.public",2023-03-05,2023-03-05,2023-03-05,2023-03-05,ERX10403439,SAMEA112746009,University Hospital Regensburg,2023-03-05T12:22:36Z,2023-03-05T12:22:36Z,public,Ion GeneStudio S5 Plus,SINGLE,PCR,METAGENOMIC,human metagenome,ION_TORRENT,2023-03-06T00:00:00Z,2023-03-11T00:12:00Z,1,SAMEA112746009,MO16S_016,human metagenome,ERP138358,MO16S_016,University Hospital Regensburg,ERS14741271,,,,
ERR10966602,AMPLICON,414,2971540,PRJEB53547,SAMEA112746010,2460765,UNIVERSITY HOSPITAL REGENSBURG,public,"run.zq,fastq,sra","s3,ncbi,gs","ncbi.public,s3.us-east-1,gs.us-east1",2023-03-05,2023-03-05,2023-03-05,2023-03-05,ERX10403440,SAMEA112746010,University Hospital Regensburg,2023-03-05T12:22:36Z,2023-03-05T12:22:36Z,public,Ion GeneStudio S5 Plus,SINGLE,PCR,METAGENOMIC,human metagenome,ION_TORRENT,2023-03-06T00:00:00Z,2023-03-11T00:12:00Z,1,SAMEA112746010,MO16S_017,human metagenome,ERP138358,MO16S_017,University Hospital Regensburg,ERS14741272,,,,
ERR10966603,AMPLICON,440,1678071,PRJEB53547,SAMEA112746011,1400058,UNIVERSITY HOSPITAL REGENSBURG,public,"sra,run.zq,fastq","gs,s3,ncbi","s3.us-east-1,gs.us-east1,ncbi.public",2023-03-05,2023-03-05,2023-03-05,2023-03-05,ERX10403441,SAMEA112746011,University Hospital Regensburg,2023-03-05T12:22:36Z,2023-03-05T12:22:36Z,public,Ion GeneStudio S5 Plus,SINGLE,PCR,METAGENOMIC,human metagenome,ION_TORRENT,2023-03-06T00:00:00Z,2023-03-11T00:51:00Z,2,SAMEA112746011,MO16S_018,human metagenome,ERP138358,MO16S_018,University Hospital Regensburg,ERS14741273,,,,
ERR10966604,AMPLICON,418,16430497,PRJEB53547,SAMEA112746012,13195542,UNIVERSITY HOSPITAL REGENSBURG,public,"sra,fastq,run.zq","ncbi,s3,gs","s3.us-east-1,gs.us-east1,ncbi.public",2023-03-05,2023-03-05,2023-03-05,2023-03-05,ERX10403442,SAMEA112746012,University Hospital Regensburg,2023-03-05T12:22:36Z,2023-03-05T12:22:36Z,public,Ion GeneStudio S5 Plus,SINGLE,PCR,METAGENOMIC,human metagenome,ION_TORRENT,2023-03-06T00:00:00Z,2023-03-11T00:12:00Z,1,SAMEA112746012,MO16S_019,human metagenome,ERP138358,MO16S_019,University Hospital Regensburg,ERS14741274,,,,
ERR10966605,AMPLICON,428,22013009,PRJEB53547,SAMEA112746013,17661776,UNIVERSITY HOSPITAL REGENSBURG,public,"run.zq,fastq,sra","s3,ncbi,gs","gs.us-east1,s3.us-east-1,ncbi.public",2023-03-05,2023-03-05,2023-03-05,2023-03-05,ERX10403443,SAMEA112746013,University Hospital Regensburg,2023-03-05T12:22:36Z,2023-03-05T12:22:36Z,public,Ion GeneStudio S5 Plus,SINGLE,PCR,METAGENOMIC,human metagenome,ION_TORRENT,2023-03-06T00:00:00Z,2023-03-11T00:12:00Z,1,SAMEA112746013,MO16S_020,human metagenome,ERP138358,MO16S_020,University Hospital Regensburg,ERS14741275,,,,
ERR10966606,AMPLICON,402,12475298,PRJEB53547,SAMEA112746014,10114254,UNIVERSITY HOSPITAL REGENSBURG,public,"run.zq,sra,fastq","s3,gs,ncbi","ncbi.public,gs.us-east1,s3.us-east-1",2023-03-05,2023-03-05,2023-03-05,2023-03-05,ERX10403444,SAMEA112746014,University Hospital Regensburg,2023-03-05T12:22:36Z,2023-03-05T12:22:36Z,public,Ion GeneStudio S5 Plus,SINGLE,PCR,METAGENOMIC,human metagenome,ION_TORRENT,2023-03-06T00:00:00Z,2023-03-11T00:13:00Z,1,SAMEA112746014,MO16S_021,human metagenome,ERP138358,MO16S_021,University Hospital Regensburg,ERS14741276,,,,
ERR10966607,AMPLICON,435,19283246,PRJEB53547,SAMEA112746015,15416836,UNIVERSITY HOSPITAL REGENSBURG,public,"fastq,sra,run.zq","gs,ncbi,s3","s3.us-east-1,ncbi.public,gs.us-east1",2023-03-05,2023-03-05,2023-03-05,2023-03-05,ERX10403445,SAMEA112746015,University Hospital Regensburg,2023-03-05T12:22:36Z,2023-03-05T12:22:36Z,public,Ion GeneStudio S5 Plus,SINGLE,PCR,METAGENOMIC,human metagenome,ION_TORRENT,2023-03-06T00:00:00Z,2023-03-11T00:13:00Z,1,SAMEA112746015,MO16S_022,human metagenome,ERP138358,MO16S_022,University Hospital Regensburg,ERS14741277,,,,
ERR10966608,AMPLICON,429,22652325,PRJEB53547,SAMEA112746016,18016881,UNIVERSITY HOSPITAL REGENSBURG,public,"run.zq,sra,fastq","s3,ncbi,gs","gs.us-east1,s3.us-east-1,ncbi.public",2023-03-05,2023-03-05,2023-03-05,2023-03-05,ERX10403446,SAMEA112746016,University Hospital Regensburg,2023-03-05T12:22:36Z,2023-03-05T12:22:36Z,public,Ion GeneStudio S5 Plus,SINGLE,PCR,METAGENOMIC,human metagenome,ION_TORRENT,2023-03-06T00:00:00Z,2023-03-11T00:13:00Z,1,SAMEA112746016,MO16S_023,human metagenome,ERP138358,MO16S_023,University Hospital Regensburg,ERS14741278,,,,
ERR10966609,AMPLICON,422,19072907,PRJEB53547,SAMEA112746017,15381184,UNIVERSITY HOSPITAL REGENSBURG,public,"fastq,run.zq,sra","ncbi,s3,gs","ncbi.public,s3.us-east-1,gs.us-east1",2023-03-05,2023-03-05,2023-03-05,2023-03-05,ERX10403447,SAMEA112746017,University Hospital Regensburg,2023-03-05T12:22:36Z,2023-03-05T12:22:36Z,public,Ion GeneStudio S5 Plus,SINGLE,PCR,METAGENOMIC,human metagenome,ION_TORRENT,2023-03-06T00:00:00Z,2023-03-11T00:13:00Z,1,SAMEA112746017,MO16S_024,human metagenome,ERP138358,MO16S_024,University Hospital Regensburg,ERS14741279,,,,
ERR10966610,AMPLICON,430,17207595,PRJEB53547,SAMEA112746018,13821551,UNIVERSITY HOSPITAL REGENSBURG,public,"run.zq,sra,fastq","gs,ncbi,s3","gs.us-east1,ncbi.public,s3.us-east-1",2023-03-05,2023-03-05,2023-03-05,2023-03-05,ERX10403448,SAMEA112746018,University Hospital Regensburg,2023-03-05T12:22:36Z,2023-03-05T12:22:36Z,public,Ion GeneStudio S5 Plus,SINGLE,PCR,METAGENOMIC,human metagenome,ION_TORRENT,2023-03-06T00:00:00Z,2023-03-11T00:13:00Z,1,SAMEA112746018,MO16S_025,human metagenome,ERP138358,MO16S_025,University Hospital Regensburg,ERS14741280,,,,
ERR10966611,AMPLICON,425,18682740,PRJEB53547,SAMEA112746019,14954947,UNIVERSITY HOSPITAL REGENSBURG,public,"sra,fastq,run.zq","s3,ncbi,gs","gs.us-east1,ncbi.public,s3.us-east-1",2023-03-05,2023-03-05,2023-03-05,2023-03-05,ERX10403449,SAMEA112746019,University Hospital Regensburg,2023-03-05T12:22:36Z,2023-03-05T12:22:36Z,public,Ion GeneStudio S5 Plus,SINGLE,PCR,METAGENOMIC,human metagenome,ION_TORRENT,2023-03-06T00:00:00Z,2023-03-11T00:13:00Z,1,SAMEA112746019,MO16S_026,human metagenome,ERP138358,MO16S_026,University Hospital Regensburg,ERS14741281,,,,
ERR10966612,AMPLICON,422,20273898,PRJEB53547,SAMEA112746020,16206997,UNIVERSITY HOSPITAL REGENSBURG,public,"fastq,sra,run.zq","s3,ncbi,gs","ncbi.public,gs.us-east1,s3.us-east-1",2023-03-05,2023-03-05,2023-03-05,2023-03-05,ERX10403450,SAMEA112746020,University Hospital Regensburg,2023-03-05T12:22:36Z,2023-03-05T12:22:36Z,public,Ion GeneStudio S5 Plus,SINGLE,PCR,METAGENOMIC,human metagenome,ION_TORRENT,2023-03-06T00:00:00Z,2023-03-11T01:29:00Z,2,SAMEA112746020,MO16S_027,human metagenome,ERP138358,MO16S_027,University Hospital Regensburg,ERS14741282,,,,
ERR10966613,AMPLICON,429,53413456,PRJEB53547,SAMEA112746021,42457228,UNIVERSITY HOSPITAL REGENSBURG,public,"sra,fastq,run.zq","gs,ncbi,s3","ncbi.public,gs.us-east1,s3.us-east-1",2023-03-05,2023-03-05,2023-03-05,2023-03-05,ERX10403451,SAMEA112746021,University Hospital Regensburg,2023-03-05T12:22:36Z,2023-03-05T12:22:36Z,public,Ion GeneStudio S5 Plus,SINGLE,PCR,METAGENOMIC,human metagenome,ION_TORRENT,2023-03-06T00:00:00Z,2023-03-11T00:13:00Z,1,SAMEA112746021,MO16S_028,human metagenome,ERP138358,MO16S_028,University Hospital Regensburg,ERS14741283,,,,
ERR10966614,AMPLICON,429,21031866,PRJEB53547,SAMEA112746022,16749611,UNIVERSITY HOSPITAL REGENSBURG,public,"fastq,sra,run.zq","ncbi,gs,s3","ncbi.public,gs.us-east1,s3.us-east-1",2023-03-05,2023-03-05,2023-03-05,2023-03-05,ERX10403452,SAMEA112746022,University Hospital Regensburg,2023-03-05T12:22:36Z,2023-03-05T12:22:36Z,public,Ion GeneStudio S5 Plus,SINGLE,PCR,METAGENOMIC,human metagenome,ION_TORRENT,2023-03-06T00:00:00Z,2023-03-11T00:13:00Z,1,SAMEA112746022,MO16S_029,human metagenome,ERP138358,MO16S_029,University Hospital Regensburg,ERS14741284,,,,
ERR10966615,AMPLICON,409,19162489,PRJEB53547,SAMEA112746023,15390444,UNIVERSITY HOSPITAL REGENSBURG,public,"run.zq,sra,fastq","s3,gs,ncbi","ncbi.public,s3.us-east-1,gs.us-east1",2023-03-05,2023-03-05,2023-03-05,2023-03-05,ERX10403453,SAMEA112746023,University Hospital Regensburg,2023-03-05T12:22:36Z,2023-03-05T12:22:36Z,public,Ion GeneStudio S5 Plus,SINGLE,PCR,METAGENOMIC,human metagenome,ION_TORRENT,2023-03-06T00:00:00Z,2023-03-11T00:13:00Z,1,SAMEA112746023,MO16S_030,human metagenome,ERP138358,MO16S_030,University Hospital Regensburg,ERS14741285,,,,
ERR10966616,AMPLICON,439,3608777,PRJEB53547,SAMEA112746024,2975809,UNIVERSITY HOSPITAL REGENSBURG,public,"run.zq,fastq,sra","gs,ncbi,s3","s3.us-east-1,ncbi.public,gs.us-east1",2023-03-05,2023-03-05,2023-03-05,2023-03-05,ERX10403454,SAMEA112746024,University Hospital Regensburg,2023-03-05T12:22:36Z,2023-03-05T12:22:36Z,public,Ion GeneStudio S5 Plus,SINGLE,PCR,METAGENOMIC,human metagenome,ION_TORRENT,2023-03-06T00:00:00Z,2023-03-11T00:12:00Z,1,SAMEA112746024,MO16S_031,human metagenome,ERP138358,MO16S_031,University Hospital Regensburg,ERS14741286,,,,
ERR10966617,AMPLICON,432,21684667,PRJEB53547,SAMEA112746025,17223143,UNIVERSITY HOSPITAL REGENSBURG,public,"sra,run.zq,fastq","ncbi,gs,s3","s3.us-east-1,ncbi.public,gs.us-east1",2023-03-05,2023-03-05,2023-03-05,2023-03-05,ERX10403455,SAMEA112746025,University Hospital Regensburg,2023-03-05T12:22:36Z,2023-03-05T12:22:36Z,public,Ion GeneStudio S5 Plus,SINGLE,PCR,METAGENOMIC,human metagenome,ION_TORRENT,2023-03-06T00:00:00Z,2023-03-11T00:13:00Z,1,SAMEA112746025,MO16S_032,human metagenome,ERP138358,MO16S_032,University Hospital Regensburg,ERS14741287,,,,
ERR10966618,AMPLICON,410,15210131,PRJEB53547,SAMEA112746026,12317937,UNIVERSITY HOSPITAL REGENSBURG,public,"run.zq,sra,fastq","ncbi,s3,gs","gs.us-east1,ncbi.public,s3.us-east-1",2023-03-05,2023-03-05,2023-03-05,2023-03-05,ERX10403456,SAMEA112746026,University Hospital Regensburg,2023-03-05T12:22:36Z,2023-03-05T12:22:36Z,public,Ion GeneStudio S5 Plus,SINGLE,PCR,METAGENOMIC,human metagenome,ION_TORRENT,2023-03-06T00:00:00Z,2023-03-11T00:13:00Z,1,SAMEA112746026,MO16S_033,human metagenome,ERP138358,MO16S_033,University Hospital Regensburg,ERS14741288,,,,
ERR10966619,AMPLICON,410,17614932,PRJEB53547,SAMEA112746027,14229903,UNIVERSITY HOSPITAL REGENSBURG,public,"sra,fastq,run.zq","s3,ncbi,gs","gs.us-east1,s3.us-east-1,ncbi.public",2023-03-05,2023-03-05,2023-03-05,2023-03-05,ERX10403457,SAMEA112746027,University Hospital Regensburg,2023-03-05T12:22:36Z,2023-03-05T12:22:36Z,public,Ion GeneStudio S5 Plus,SINGLE,PCR,METAGENOMIC,human metagenome,ION_TORRENT,2023-03-06T00:00:00Z,2023-03-11T00:48:00Z,2,SAMEA112746027,MO16S_034,human metagenome,ERP138358,MO16S_034,University Hospital Regensburg,ERS14741289,,,,
ERR10966620,AMPLICON,446,26549191,PRJEB53547,SAMEA112746028,21118662,UNIVERSITY HOSPITAL REGENSBURG,public,"run.zq,fastq,sra","gs,ncbi,s3","s3.us-east-1,ncbi.public,gs.us-east1",2023-03-05,2023-03-05,2023-03-05,2023-03-05,ERX10403458,SAMEA112746028,University Hospital Regensburg,2023-03-05T12:22:36Z,2023-03-05T12:22:36Z,public,Ion GeneStudio S5 Plus,SINGLE,PCR,METAGENOMIC,human metagenome,ION_TORRENT,2023-03-06T00:00:00Z,2023-03-11T00:13:00Z,1,SAMEA112746028,MO16S_035,human metagenome,ERP138358,MO16S_035,University Hospital Regensburg,ERS14741290,,,,
ERR10966621,AMPLICON,387,10478102,PRJEB53547,SAMEA112746029,8502013,UNIVERSITY HOSPITAL REGENSBURG,public,"run.zq,sra,fastq","ncbi,gs,s3","ncbi.public,s3.us-east-1,gs.us-east1",2023-03-05,2023-03-05,2023-03-05,2023-03-05,ERX10403459,SAMEA112746029,University Hospital Regensburg,2023-03-05T12:22:36Z,2023-03-05T12:22:36Z,public,Ion GeneStudio S5 Plus,SINGLE,PCR,METAGENOMIC,human metagenome,ION_TORRENT,2023-03-06T00:00:00Z,2023-03-11T00:13:00Z,1,SAMEA112746029,MO16S_036,human metagenome,ERP138358,MO16S_036,University Hospital Regensburg,ERS14741291,,,,
ERR10966622,AMPLICON,428,27000175,PRJEB53547,SAMEA112746030,21445434,UNIVERSITY HOSPITAL REGENSBURG,public,"sra,run.zq,fastq","gs,s3,ncbi","s3.us-east-1,ncbi.public,gs.us-east1",2023-03-05,2023-03-05,2023-03-05,2023-03-05,ERX10403460,SAMEA112746030,University Hospital Regensburg,2023-03-05T12:22:36Z,2023-03-05T12:22:36Z,public,Ion GeneStudio S5 Plus,SINGLE,PCR,METAGENOMIC,human metagenome,ION_TORRENT,2023-03-06T00:00:00Z,2023-03-11T00:13:00Z,1,SAMEA112746030,MO16S_037,human metagenome,ERP138358,MO16S_037,University Hospital Regensburg,ERS14741292,,,,
ERR10966623,AMPLICON,436,17204642,PRJEB53547,SAMEA112746031,13789009,UNIVERSITY HOSPITAL REGENSBURG,public,"run.zq,fastq,sra","gs,ncbi,s3","s3.us-east-1,gs.us-east1,ncbi.public",2023-03-05,2023-03-05,2023-03-05,2023-03-05,ERX10403461,SAMEA112746031,University Hospital Regensburg,2023-03-05T12:22:36Z,2023-03-05T12:22:36Z,public,Ion GeneStudio S5 Plus,SINGLE,PCR,METAGENOMIC,human metagenome,ION_TORRENT,2023-03-06T00:00:00Z,2023-03-11T00:13:00Z,1,SAMEA112746031,MO16S_038,human metagenome,ERP138358,MO16S_038,University Hospital Regensburg,ERS14741293,,,,
ERR10966624,AMPLICON,438,18542658,PRJEB53547,SAMEA112746032,14809831,UNIVERSITY HOSPITAL REGENSBURG,public,"fastq,sra,run.zq","s3,ncbi,gs","s3.us-east-1,gs.us-east1,ncbi.public",2023-03-05,2023-03-05,2023-03-05,2023-03-05,ERX10403462,SAMEA112746032,University Hospital Regensburg,2023-03-05T12:22:36Z,2023-03-05T12:22:36Z,public,Ion GeneStudio S5 Plus,SINGLE,PCR,METAGENOMIC,human metagenome,ION_TORRENT,2023-03-06T00:00:00Z,2023-03-11T00:13:00Z,1,SAMEA112746032,MO16S_039,human metagenome,ERP138358,MO16S_039,University Hospital Regensburg,ERS14741294,,,,
ERR10966625,AMPLICON,441,28623563,PRJEB53547,SAMEA112746033,22734557,UNIVERSITY HOSPITAL REGENSBURG,public,"sra,fastq,run.zq","gs,ncbi,s3","gs.us-east1,s3.us-east-1,ncbi.public",2023-03-05,2023-03-05,2023-03-05,2023-03-05,ERX10403463,SAMEA112746033,University Hospital Regensburg,2023-03-05T12:22:36Z,2023-03-05T12:22:36Z,public,Ion GeneStudio S5 Plus,SINGLE,PCR,METAGENOMIC,human metagenome,ION_TORRENT,2023-03-06T00:00:00Z,2023-03-11T00:13:00Z,1,SAMEA112746033,MO16S_040,human metagenome,ERP138358,MO16S_040,University Hospital Regensburg,ERS14741295,,,,
ERR10966626,AMPLICON,436,14469785,PRJEB53547,SAMEA112746034,11549363,UNIVERSITY HOSPITAL REGENSBURG,public,"run.zq,sra,fastq","gs,ncbi,s3","s3.us-east-1,ncbi.public,gs.us-east1",2023-03-05,2023-03-05,2023-03-05,2023-03-05,ERX10403464,SAMEA112746034,University Hospital Regensburg,2023-03-05T12:22:36Z,2023-03-05T12:22:36Z,public,Ion GeneStudio S5 Plus,SINGLE,PCR,METAGENOMIC,human metagenome,ION_TORRENT,2023-03-06T00:00:00Z,2023-03-11T00:13:00Z,1,SAMEA112746034,MO16S_041,human metagenome,ERP138358,MO16S_041,University Hospital Regensburg,ERS14741296,,,,
ERR10966627,AMPLICON,391,4070309,PRJEB53547,SAMEA112746035,3365940,UNIVERSITY HOSPITAL REGENSBURG,public,"fastq,sra,run.zq","gs,ncbi,s3","gs.us-east1,s3.us-east-1,ncbi.public",2023-03-05,2023-03-05,2023-03-05,2023-03-05,ERX10403465,SAMEA112746035,University Hospital Regensburg,2023-03-05T12:22:36Z,2023-03-05T12:22:36Z,public,Ion GeneStudio S5 Plus,SINGLE,PCR,METAGENOMIC,human metagenome,ION_TORRENT,2023-03-06T00:00:00Z,2023-03-11T00:13:00Z,1,SAMEA112746035,MO16S_042,human metagenome,ERP138358,MO16S_042,University Hospital Regensburg,ERS14741297,,,,
ERR10966628,AMPLICON,412,26501855,PRJEB53547,SAMEA112746036,21193795,UNIVERSITY HOSPITAL REGENSBURG,public,"sra,run.zq,fastq","s3,gs,ncbi","s3.us-east-1,ncbi.public,gs.us-east1",2023-03-05,2023-03-05T12:22:36Z,2023-03-05,2023-03-05T12:22:36Z,ERX10403466,SAMEA112746036,University Hospital Regensburg,2023-03-05T12:22:36Z,2023-03-05T12:22:36Z,public,Ion GeneStudio S5 Plus,SINGLE,PCR,METAGENOMIC,human metagenome,ION_TORRENT,2023-03-06T00:00:00Z,2023-03-11T00:13:00Z,1,SAMEA112746036,MO16S_043,human metagenome,ERP138358,MO16S_043,,ERS14741298,,,,
ERR10966629,AMPLICON,401,11301112,PRJEB53547,SAMEA112746037,9139272,UNIVERSITY HOSPITAL REGENSBURG,public,"fastq,run.zq,sra","gs,ncbi,s3","gs.us-east1,ncbi.public,s3.us-east-1",2023-03-05,2023-03-05,2023-03-05,2023-03-05,ERX10403467,SAMEA112746037,University Hospital Regensburg,2023-03-05T12:22:36Z,2023-03-05T12:22:36Z,public,Ion GeneStudio S5 Plus,SINGLE,PCR,METAGENOMIC,human metagenome,ION_TORRENT,2023-03-06T00:00:00Z,2023-03-11T00:13:00Z,1,SAMEA112746037,MO16S_044,human metagenome,ERP138358,MO16S_044,University Hospital Regensburg,ERS14741299,,,,
ERR10966630,AMPLICON,386,16320447,PRJEB53547,SAMEA112746038,13211844,UNIVERSITY HOSPITAL REGENSBURG,public,"fastq,sra,run.zq","ncbi,gs,s3","gs.us-east1,s3.us-east-1,ncbi.public",2023-03-05,2023-03-05,2023-03-05,2023-03-05,ERX10403468,SAMEA112746038,University Hospital Regensburg,2023-03-05T12:22:36Z,2023-03-05T12:22:36Z,public,Ion GeneStudio S5 Plus,SINGLE,PCR,METAGENOMIC,human metagenome,ION_TORRENT,2023-03-06T00:00:00Z,2023-03-11T00:13:00Z,1,SAMEA112746038,MO16S_045,human metagenome,ERP138358,MO16S_045,University Hospital Regensburg,ERS14741300,,,,
ERR10966631,AMPLICON,417,23823,PRJEB53547,SAMEA112746039,99175,UNIVERSITY HOSPITAL REGENSBURG,public,"run.zq,fastq,sra","s3,ncbi,gs","s3.us-east-1,ncbi.public,gs.us-east1",2023-03-05,2023-03-05,2023-03-05,2023-03-05,ERX10403469,SAMEA112746039,University Hospital Regensburg,2023-03-05T12:22:36Z,2023-03-05T12:22:36Z,public,Ion GeneStudio S5 Plus,SINGLE,PCR,METAGENOMIC,human metagenome,ION_TORRENT,2023-03-06T00:00:00Z,2023-03-11T00:13:00Z,1,SAMEA112746039,MO16S_046,human metagenome,ERP138358,MO16S_046,University Hospital Regensburg,ERS14741301,,,,
ERR10966632,AMPLICON,423,27459409,PRJEB53547,SAMEA112746040,22024891,UNIVERSITY HOSPITAL REGENSBURG,public,"fastq,sra,run.zq","gs,s3,ncbi","s3.us-east-1,ncbi.public,gs.us-east1",2023-03-05,2023-03-05,2023-03-05,2023-03-05,ERX10403470,SAMEA112746040,University Hospital Regensburg,2023-03-05T12:22:36Z,2023-03-05T12:22:36Z,public,Ion GeneStudio S5 Plus,SINGLE,PCR,METAGENOMIC,human metagenome,ION_TORRENT,2023-03-06T00:00:00Z,2023-03-11T00:14:00Z,1,SAMEA112746040,MO16S_047,human metagenome,ERP138358,MO16S_047,University Hospital Regensburg,ERS14741302,,,,
ERR10966633,AMPLICON,426,21782820,PRJEB53547,SAMEA112746041,17551441,UNIVERSITY HOSPITAL REGENSBURG,public,"sra,fastq,run.zq","gs,s3,ncbi","ncbi.public,gs.us-east1,s3.us-east-1",2023-03-05,2023-03-05,2023-03-05,2023-03-05,ERX10403471,SAMEA112746041,University Hospital Regensburg,2023-03-05T12:22:36Z,2023-03-05T12:22:36Z,public,Ion GeneStudio S5 Plus,SINGLE,PCR,METAGENOMIC,human metagenome,ION_TORRENT,2023-03-06T00:00:00Z,2023-03-11T00:13:00Z,1,SAMEA112746041,MO16S_048,human metagenome,ERP138358,MO16S_048,University Hospital Regensburg,ERS14741303,,,,
ERR10966634,AMPLICON,424,40170652,PRJEB53547,SAMEA112746042,32198788,UNIVERSITY HOSPITAL REGENSBURG,public,"run.zq,sra,fastq","gs,s3,ncbi","s3.us-east-1,gs.us-east1,ncbi.public",2023-03-05,2023-03-05,2023-03-05,2023-03-05,ERX10403472,SAMEA112746042,University Hospital Regensburg,2023-03-05T12:22:36Z,2023-03-05T12:22:36Z,public,Ion GeneStudio S5 Plus,SINGLE,PCR,METAGENOMIC,human metagenome,ION_TORRENT,2023-03-06T00:00:00Z,2023-03-11T00:13:00Z,1,SAMEA112746042,MO16S_049,human metagenome,ERP138358,MO16S_049,University Hospital Regensburg,ERS14741304,,,,
ERR10966635,AMPLICON,427,13919793,PRJEB53547,SAMEA112746043,11194550,UNIVERSITY HOSPITAL REGENSBURG,public,"fastq,run.zq,sra","ncbi,gs,s3","ncbi.public,s3.us-east-1,gs.us-east1",2023-03-05,2023-03-05,2023-03-05,2023-03-05,ERX10403473,SAMEA112746043,University Hospital Regensburg,2023-03-05T12:22:36Z,2023-03-05T12:22:36Z,public,Ion GeneStudio S5 Plus,SINGLE,PCR,METAGENOMIC,human metagenome,ION_TORRENT,2023-03-06T00:00:00Z,2023-03-11T00:13:00Z,1,SAMEA112746043,MO16S_050,human metagenome,ERP138358,MO16S_050,University Hospital Regensburg,ERS14741305,,,,
ERR10966636,AMPLICON,417,12453505,PRJEB53547,SAMEA112746044,10057285,UNIVERSITY HOSPITAL REGENSBURG,public,"fastq,run.zq,sra","ncbi,s3,gs","ncbi.public,gs.us-east1,s3.us-east-1",2023-03-05,2023-03-05,2023-03-05,2023-03-05,ERX10403474,SAMEA112746044,University Hospital Regensburg,2023-03-05T12:22:36Z,2023-03-05T12:22:36Z,public,Ion GeneStudio S5 Plus,SINGLE,PCR,METAGENOMIC,human metagenome,ION_TORRENT,2023-03-06T00:00:00Z,2023-03-11T00:13:00Z,1,SAMEA112746044,MO16S_051,human metagenome,ERP138358,MO16S_051,University Hospital Regensburg,ERS14741306,,,,
ERR10966637,AMPLICON,425,17022263,PRJEB53547,SAMEA112746045,13723043,UNIVERSITY HOSPITAL REGENSBURG,public,"sra,run.zq,fastq","s3,gs,ncbi","ncbi.public,s3.us-east-1,gs.us-east1",2023-03-05,2023-03-05,2023-03-05,2023-03-05,ERX10403475,SAMEA112746045,University Hospital Regensburg,2023-03-05T12:22:36Z,2023-03-05T12:22:36Z,public,Ion GeneStudio S5 Plus,SINGLE,PCR,METAGENOMIC,human metagenome,ION_TORRENT,2023-03-06T00:00:00Z,2023-03-11T00:13:00Z,1,SAMEA112746045,MO16S_052,human metagenome,ERP138358,MO16S_052,University Hospital Regensburg,ERS14741307,,,,
ERR10966638,AMPLICON,424,19521537,PRJEB53547,SAMEA112746046,15707989,UNIVERSITY HOSPITAL REGENSBURG,public,"sra,run.zq,fastq","ncbi,s3,gs","gs.us-east1,s3.us-east-1,ncbi.public",2023-03-05,2023-03-05,2023-03-05,2023-03-05,ERX10403476,SAMEA112746046,University Hospital Regensburg,2023-03-05T12:22:36Z,2023-03-05T12:22:36Z,public,Ion GeneStudio S5 Plus,SINGLE,PCR,METAGENOMIC,human metagenome,ION_TORRENT,2023-03-06T00:00:00Z,2023-03-11T00:13:00Z,1,SAMEA112746046,MO16S_053,human metagenome,ERP138358,MO16S_053,University Hospital Regensburg,ERS14741308,,,,
ERR10966639,AMPLICON,402,5062938,PRJEB53547,SAMEA112746047,4146644,UNIVERSITY HOSPITAL REGENSBURG,public,"fastq,run.zq,sra","s3,gs,ncbi","gs.us-east1,s3.us-east-1,ncbi.public",2023-03-05,2023-03-05T12:22:36Z,2023-03-05,2023-03-05T12:22:36Z,ERX10403477,SAMEA112746047,University Hospital Regensburg,2023-03-05T12:22:36Z,2023-03-05T12:22:36Z,public,Ion GeneStudio S5 Plus,SINGLE,PCR,METAGENOMIC,human metagenome,ION_TORRENT,2023-03-06T00:00:00Z,2023-03-11T00:53:00Z,2,SAMEA112746047,MO16S_054,human metagenome,ERP138358,MO16S_054,,ERS14741309,,,,
ERR10966640,AMPLICON,423,9663677,PRJEB53547,SAMEA112746048,7826661,UNIVERSITY HOSPITAL REGENSBURG,public,"sra,fastq,run.zq","gs,s3,ncbi","s3.us-east-1,gs.us-east1,ncbi.public",2023-03-05,2023-03-05,2023-03-05,2023-03-05,ERX10403478,SAMEA112746048,University Hospital Regensburg,2023-03-05T12:22:36Z,2023-03-05T12:22:36Z,public,Ion GeneStudio S5 Plus,SINGLE,PCR,METAGENOMIC,human metagenome,ION_TORRENT,2023-03-06T00:00:00Z,2023-03-11T00:13:00Z,1,SAMEA112746048,MO16S_055,human metagenome,ERP138358,MO16S_055,University Hospital Regensburg,ERS14741310,,,,
ERR10966641,AMPLICON,434,17843417,PRJEB53547,SAMEA112746049,14281288,UNIVERSITY HOSPITAL REGENSBURG,public,"run.zq,fastq,sra","ncbi,gs,s3","gs.us-east1,ncbi.public,s3.us-east-1",2023-03-05,2023-03-05,2023-03-05,2023-03-05,ERX10403479,SAMEA112746049,University Hospital Regensburg,2023-03-05T12:22:36Z,2023-03-05T12:22:36Z,public,Ion GeneStudio S5 Plus,SINGLE,PCR,METAGENOMIC,human metagenome,ION_TORRENT,2023-03-06T00:00:00Z,2023-03-11T00:13:00Z,1,SAMEA112746049,MO16S_056,human metagenome,ERP138358,MO16S_056,University Hospital Regensburg,ERS14741311,,,,
ERR10966642,AMPLICON,435,20098889,PRJEB53547,SAMEA112746050,16101337,UNIVERSITY HOSPITAL REGENSBURG,public,"sra,fastq,run.zq","s3,ncbi,gs","s3.us-east-1,ncbi.public,gs.us-east1",2023-03-05,2023-03-05,2023-03-05,2023-03-05,ERX10403480,SAMEA112746050,University Hospital Regensburg,2023-03-05T12:22:36Z,2023-03-05T12:22:36Z,public,Ion GeneStudio S5 Plus,SINGLE,PCR,METAGENOMIC,human metagenome,ION_TORRENT,2023-03-06T00:00:00Z,2023-03-11T00:13:00Z,1,SAMEA112746050,MO16S_057,human metagenome,ERP138358,MO16S_057,University Hospital Regensburg,ERS14741312,,,,
ERR10966643,AMPLICON,430,20484244,PRJEB53547,SAMEA112746051,16308672,UNIVERSITY HOSPITAL REGENSBURG,public,"fastq,run.zq,sra","gs,s3,ncbi","ncbi.public,gs.us-east1,s3.us-east-1",2023-03-05,2023-03-05,2023-03-05,2023-03-05,ERX10403481,SAMEA112746051,University Hospital Regensburg,2023-03-05T12:22:36Z,2023-03-05T12:22:36Z,public,Ion GeneStudio S5 Plus,SINGLE,PCR,METAGENOMIC,human metagenome,ION_TORRENT,2023-03-06T00:00:00Z,2023-03-11T00:13:00Z,1,SAMEA112746051,MO16S_058,human metagenome,ERP138358,MO16S_058,University Hospital Regensburg,ERS14741313,,,,
ERR10966644,AMPLICON,431,15975046,PRJEB53547,SAMEA112746052,12725127,UNIVERSITY HOSPITAL REGENSBURG,public,"run.zq,sra,fastq","s3,gs,ncbi","ncbi.public,gs.us-east1,s3.us-east-1",2023-03-05,2023-03-05,2023-03-05,2023-03-05,ERX10403482,SAMEA112746052,University Hospital Regensburg,2023-03-05T12:22:36Z,2023-03-05T12:22:36Z,public,Ion GeneStudio S5 Plus,SINGLE,PCR,METAGENOMIC,human metagenome,ION_TORRENT,2023-03-06T00:00:00Z,2023-03-11T00:13:00Z,1,SAMEA112746052,MO16S_059,human metagenome,ERP138358,MO16S_059,University Hospital Regensburg,ERS14741314,,,,
ERR10966645,AMPLICON,424,22262138,PRJEB53547,SAMEA112746053,17903537,UNIVERSITY HOSPITAL REGENSBURG,public,"fastq,run.zq,sra","ncbi,gs,s3","ncbi.public,s3.us-east-1,gs.us-east1",2023-03-05,2023-03-05,2023-03-05,2023-03-05,ERX10403483,SAMEA112746053,University Hospital Regensburg,2023-03-05T12:22:36Z,2023-03-05T12:22:36Z,public,Ion GeneStudio S5 Plus,SINGLE,PCR,METAGENOMIC,human metagenome,ION_TORRENT,2023-03-06T00:00:00Z,2023-03-11T00:13:00Z,1,SAMEA112746053,MO16S_060,human metagenome,ERP138358,MO16S_060,University Hospital Regensburg,ERS14741315,,,,
ERR10966646,AMPLICON,411,11357068,PRJEB53547,SAMEA112746054,9221472,UNIVERSITY HOSPITAL REGENSBURG,public,"run.zq,sra,fastq","ncbi,s3,gs","gs.us-east1,ncbi.public,s3.us-east-1",2023-03-05,2023-03-05,2023-03-05,2023-03-05,ERX10403484,SAMEA112746054,University Hospital Regensburg,2023-03-05T12:22:36Z,2023-03-05T12:22:36Z,public,Ion GeneStudio S5 Plus,SINGLE,PCR,METAGENOMIC,human metagenome,ION_TORRENT,2023-03-06T00:00:00Z,2023-03-11T00:13:00Z,1,SAMEA112746054,MO16S_061,human metagenome,ERP138358,MO16S_061,University Hospital Regensburg,ERS14741316,,,,
ERR10966647,AMPLICON,445,13396086,PRJEB53547,SAMEA112746055,10705717,UNIVERSITY HOSPITAL REGENSBURG,public,"fastq,run.zq,sra","s3,ncbi,gs","ncbi.public,gs.us-east1,s3.us-east-1",2023-03-05,2023-03-05,2023-03-05,2023-03-05,ERX10403485,SAMEA112746055,University Hospital Regensburg,2023-03-05T12:22:36Z,2023-03-05T12:22:36Z,public,Ion GeneStudio S5 Plus,SINGLE,PCR,METAGENOMIC,human metagenome,ION_TORRENT,2023-03-06T00:00:00Z,2023-03-11T00:14:00Z,1,SAMEA112746055,MO16S_062,human metagenome,ERP138358,MO16S_062,University Hospital Regensburg,ERS14741317,,,,
ERR10966648,AMPLICON,408,7752038,PRJEB53547,SAMEA112746056,6271385,UNIVERSITY HOSPITAL REGENSBURG,public,"run.zq,sra,fastq","ncbi,s3,gs","gs.us-east1,s3.us-east-1,ncbi.public",2023-03-05,2023-03-05,2023-03-05,2023-03-05,ERX10403486,SAMEA112746056,University Hospital Regensburg,2023-03-05T12:22:36Z,2023-03-05T12:22:36Z,public,Ion GeneStudio S5 Plus,SINGLE,PCR,METAGENOMIC,human metagenome,ION_TORRENT,2023-03-06T00:00:00Z,2023-03-11T00:13:00Z,1,SAMEA112746056,MO16S_063,human metagenome,ERP138358,MO16S_063,University Hospital Regensburg,ERS14741318,,,,
ERR10966649,AMPLICON,397,4045198,PRJEB53547,SAMEA112746057,3320854,UNIVERSITY HOSPITAL REGENSBURG,public,"fastq,run.zq,sra","ncbi,s3,gs","s3.us-east-1,ncbi.public,gs.us-east1",2023-03-05,2023-03-05,2023-03-05,2023-03-05,ERX10403487,SAMEA112746057,University Hospital Regensburg,2023-03-05T12:22:36Z,2023-03-05T12:22:36Z,public,Ion GeneStudio S5 Plus,SINGLE,PCR,METAGENOMIC,human metagenome,ION_TORRENT,2023-03-06T00:00:00Z,2023-03-11T00:13:00Z,1,SAMEA112746057,MO16S_064,human metagenome,ERP138358,MO16S_064,University Hospital Regensburg,ERS14741319,,,,
ERR10966650,AMPLICON,377,6956650,PRJEB53547,SAMEA112746058,5699768,UNIVERSITY HOSPITAL REGENSBURG,public,"fastq,sra,run.zq","gs,s3,ncbi","gs.us-east1,ncbi.public,s3.us-east-1",2023-03-05,2023-03-05,2023-03-05,2023-03-05,ERX10403488,SAMEA112746058,University Hospital Regensburg,2023-03-05T12:22:36Z,2023-03-05T12:22:36Z,public,Ion GeneStudio S5 Plus,SINGLE,PCR,METAGENOMIC,human metagenome,ION_TORRENT,2023-03-06T00:00:00Z,2023-03-11T00:13:00Z,1,SAMEA112746058,MO16S_065,human metagenome,ERP138358,MO16S_065,University Hospital Regensburg,ERS14741320,,,,
ERR10966651,AMPLICON,431,27432738,PRJEB53547,SAMEA112746059,22035078,UNIVERSITY HOSPITAL REGENSBURG,public,"fastq,sra,run.zq","gs,s3,ncbi","ncbi.public,s3.us-east-1,gs.us-east1",2023-03-05,2023-03-05,2023-03-05,2023-03-05,ERX10403489,SAMEA112746059,University Hospital Regensburg,2023-03-05T12:22:36Z,2023-03-05T12:22:36Z,public,Ion GeneStudio S5 Plus,SINGLE,PCR,METAGENOMIC,human metagenome,ION_TORRENT,2023-03-06T00:00:00Z,2023-03-11T00:13:00Z,1,SAMEA112746059,MO16S_066,human metagenome,ERP138358,MO16S_066,University Hospital Regensburg,ERS14741321,,,,
ERR10966652,AMPLICON,430,14076996,PRJEB53547,SAMEA112746060,11453767,UNIVERSITY HOSPITAL REGENSBURG,public,"run.zq,fastq,sra","s3,gs,ncbi","ncbi.public,s3.us-east-1,gs.us-east1",2023-03-05,2023-03-05,2023-03-05,2023-03-05,ERX10403490,SAMEA112746060,University Hospital Regensburg,2023-03-05T12:22:36Z,2023-03-05T12:22:36Z,public,Ion GeneStudio S5 Plus,SINGLE,PCR,METAGENOMIC,human metagenome,ION_TORRENT,2023-03-06T00:00:00Z,2023-03-11T00:13:00Z,1,SAMEA112746060,MO16S_067,human metagenome,ERP138358,MO16S_067,University Hospital Regensburg,ERS14741322,,,,
ERR10966653,AMPLICON,430,6553712,PRJEB53547,SAMEA112746061,5348281,UNIVERSITY HOSPITAL REGENSBURG,public,"sra,run.zq,fastq","s3,gs,ncbi","ncbi.public,gs.us-east1,s3.us-east-1",2023-03-05,2023-03-05,2023-03-05,2023-03-05,ERX10403491,SAMEA112746061,University Hospital Regensburg,2023-03-05T12:22:36Z,2023-03-05T12:22:36Z,public,Ion GeneStudio S5 Plus,SINGLE,PCR,METAGENOMIC,human metagenome,ION_TORRENT,2023-03-06T00:00:00Z,2023-03-11T00:13:00Z,1,SAMEA112746061,MO16S_068,human metagenome,ERP138358,MO16S_068,University Hospital Regensburg,ERS14741323,,,,
ERR10966654,AMPLICON,429,22273186,PRJEB53547,SAMEA112746062,17730853,UNIVERSITY HOSPITAL REGENSBURG,public,"fastq,sra,run.zq","ncbi,s3,gs","gs.us-east1,s3.us-east-1,ncbi.public",2023-03-05,2023-03-05,2023-03-05,2023-03-05,ERX10403492,SAMEA112746062,University Hospital Regensburg,2023-03-05T12:22:36Z,2023-03-05T12:22:36Z,public,Ion GeneStudio S5 Plus,SINGLE,PCR,METAGENOMIC,human metagenome,ION_TORRENT,2023-03-06T00:00:00Z,2023-03-11T00:13:00Z,1,SAMEA112746062,MO16S_069,human metagenome,ERP138358,MO16S_069,University Hospital Regensburg,ERS14741324,,,,
ERR10966655,AMPLICON,429,35656689,PRJEB53547,SAMEA112746063,28365359,UNIVERSITY HOSPITAL REGENSBURG,public,"run.zq,fastq,sra","ncbi,gs,s3","ncbi.public,s3.us-east-1,gs.us-east1",2023-03-05,2023-03-05,2023-03-05,2023-03-05,ERX10403493,SAMEA112746063,University Hospital Regensburg,2023-03-05T12:22:36Z,2023-03-05T12:22:36Z,public,Ion GeneStudio S5 Plus,SINGLE,PCR,METAGENOMIC,human metagenome,ION_TORRENT,2023-03-06T00:00:00Z,2023-03-11T00:14:00Z,1,SAMEA112746063,MO16S_070,human metagenome,ERP138358,MO16S_070,University Hospital Regensburg,ERS14741325,,,,
ERR10966656,AMPLICON,411,32380989,PRJEB53547,SAMEA112746064,25863154,UNIVERSITY HOSPITAL REGENSBURG,public,"run.zq,fastq,sra","gs,s3,ncbi","ncbi.public,s3.us-east-1,gs.us-east1",2023-03-05,2023-03-05,2023-03-05,2023-03-05,ERX10403494,SAMEA112746064,University Hospital Regensburg,2023-03-05T12:22:36Z,2023-03-05T12:22:36Z,public,Ion GeneStudio S5 Plus,SINGLE,PCR,METAGENOMIC,human metagenome,ION_TORRENT,2023-03-06T00:00:00Z,2023-03-11T00:14:00Z,1,SAMEA112746064,MO16S_071,human metagenome,ERP138358,MO16S_071,University Hospital Regensburg,ERS14741326,,,,
ERR10966657,AMPLICON,423,17411437,PRJEB53547,SAMEA112746065,14121196,UNIVERSITY HOSPITAL REGENSBURG,public,"run.zq,fastq,sra","gs,s3,ncbi","s3.us-east-1,ncbi.public,gs.us-east1",2023-03-05,2023-03-05,2023-03-05,2023-03-05,ERX10403495,SAMEA112746065,University Hospital Regensburg,2023-03-05T12:22:36Z,2023-03-05T12:22:36Z,public,Ion GeneStudio S5 Plus,SINGLE,PCR,METAGENOMIC,human metagenome,ION_TORRENT,2023-03-06T00:00:00Z,2023-03-11T00:14:00Z,1,SAMEA112746065,MO16S_072,human metagenome,ERP138358,MO16S_072,University Hospital Regensburg,ERS14741327,,,,
ERR10966658,AMPLICON,423,20431500,PRJEB53547,SAMEA112746066,16471149,UNIVERSITY HOSPITAL REGENSBURG,public,"fastq,run.zq,sra","gs,ncbi,s3","s3.us-east-1,ncbi.public,gs.us-east1",2023-03-05,2023-03-05,2023-03-05,2023-03-05,ERX10403496,SAMEA112746066,University Hospital Regensburg,2023-03-05T12:22:36Z,2023-03-05T12:22:36Z,public,Ion GeneStudio S5 Plus,SINGLE,PCR,METAGENOMIC,human metagenome,ION_TORRENT,2023-03-06T00:00:00Z,2023-03-11T00:14:00Z,1,SAMEA112746066,MO16S_073,human metagenome,ERP138358,MO16S_073,University Hospital Regensburg,ERS14741328,,,,
ERR10966659,AMPLICON,404,12466217,PRJEB53547,SAMEA112746067,10130883,UNIVERSITY HOSPITAL REGENSBURG,public,"fastq,sra,run.zq","s3,gs,ncbi","s3.us-east-1,ncbi.public,gs.us-east1",2023-03-05,2023-03-05,2023-03-05,2023-03-05,ERX10403497,SAMEA112746067,University Hospital Regensburg,2023-03-05T12:22:36Z,2023-03-05T12:22:36Z,public,Ion GeneStudio S5 Plus,SINGLE,PCR,METAGENOMIC,human metagenome,ION_TORRENT,2023-03-06T00:00:00Z,2023-03-11T00:13:00Z,1,SAMEA112746067,MO16S_074,human metagenome,ERP138358,MO16S_074,University Hospital Regensburg,ERS14741329,,,,
ERR10966660,AMPLICON,432,15151967,PRJEB53547,SAMEA112746068,12220739,UNIVERSITY HOSPITAL REGENSBURG,public,"sra,fastq,run.zq","ncbi,s3,gs","gs.us-east1,ncbi.public,s3.us-east-1",2023-03-05,2023-03-05,2023-03-05,2023-03-05,ERX10403498,SAMEA112746068,University Hospital Regensburg,2023-03-05T12:22:36Z,2023-03-05T12:22:36Z,public,Ion GeneStudio S5 Plus,SINGLE,PCR,METAGENOMIC,human metagenome,ION_TORRENT,2023-03-06T00:00:00Z,2023-03-11T00:14:00Z,1,SAMEA112746068,MO16S_075,human metagenome,ERP138358,MO16S_075,University Hospital Regensburg,ERS14741330,,,,
ERR10966661,AMPLICON,352,15366503,PRJEB53547,SAMEA112746069,12593243,UNIVERSITY HOSPITAL REGENSBURG,public,"fastq,run.zq,sra","gs,ncbi,s3","ncbi.public,s3.us-east-1,gs.us-east1",2023-03-05,2023-03-05,2023-03-05,2023-03-05,ERX10403499,SAMEA112746069,University Hospital Regensburg,2023-03-05T12:22:36Z,2023-03-05T12:22:36Z,public,Ion GeneStudio S5 Plus,SINGLE,PCR,METAGENOMIC,human metagenome,ION_TORRENT,2023-03-06T00:00:00Z,2023-03-11T00:14:00Z,1,SAMEA112746069,MO16S_076,human metagenome,ERP138358,MO16S_076,University Hospital Regensburg,ERS14741331,,,,
ERR10966662,AMPLICON,389,19307328,PRJEB53547,SAMEA112746070,15647197,UNIVERSITY HOSPITAL REGENSBURG,public,"run.zq,sra,fastq","s3,ncbi,gs","s3.us-east-1,gs.us-east1,ncbi.public",2023-03-05,2023-03-05,2023-03-05,2023-03-05,ERX10403500,SAMEA112746070,University Hospital Regensburg,2023-03-05T12:22:36Z,2023-03-05T12:22:36Z,public,Ion GeneStudio S5 Plus,SINGLE,PCR,METAGENOMIC,human metagenome,ION_TORRENT,2023-03-06T00:00:00Z,2023-03-11T00:14:00Z,1,SAMEA112746070,MO16S_077,human metagenome,ERP138358,MO16S_077,University Hospital Regensburg,ERS14741332,,,,
ERR10966663,AMPLICON,421,17016246,PRJEB53547,SAMEA112746071,13714439,UNIVERSITY HOSPITAL REGENSBURG,public,"run.zq,fastq,sra","s3,gs,ncbi","s3.us-east-1,ncbi.public,gs.us-east1",2023-03-05,2023-03-05,2023-03-05,2023-03-05,ERX10403501,SAMEA112746071,University Hospital Regensburg,2023-03-05T12:22:36Z,2023-03-05T12:22:36Z,public,Ion GeneStudio S5 Plus,SINGLE,PCR,METAGENOMIC,human metagenome,ION_TORRENT,2023-03-06T00:00:00Z,2023-03-11T00:14:00Z,1,SAMEA112746071,MO16S_078,human metagenome,ERP138358,MO16S_078,University Hospital Regensburg,ERS14741333,,,,
ERR10966664,AMPLICON,407,11915140,PRJEB53547,SAMEA112746072,9673477,UNIVERSITY HOSPITAL REGENSBURG,public,"fastq,sra,run.zq","ncbi,s3,gs","ncbi.public,gs.us-east1,s3.us-east-1",2023-03-05,2023-03-05,2023-03-05,2023-03-05,ERX10403502,SAMEA112746072,University Hospital Regensburg,2023-03-05T12:22:36Z,2023-03-05T12:22:36Z,public,Ion GeneStudio S5 Plus,SINGLE,PCR,METAGENOMIC,human metagenome,ION_TORRENT,2023-03-06T00:00:00Z,2023-03-11T00:14:00Z,1,SAMEA112746072,MO16S_079,human metagenome,ERP138358,MO16S_079,University Hospital Regensburg,ERS14741334,,,,
ERR10966665,AMPLICON,402,14661422,PRJEB53547,SAMEA112746073,11947250,UNIVERSITY HOSPITAL REGENSBURG,public,"sra,fastq,run.zq","ncbi,s3,gs","s3.us-east-1,gs.us-east1,ncbi.public",2023-03-05,2023-03-05,2023-03-05,2023-03-05,ERX10403503,SAMEA112746073,University Hospital Regensburg,2023-03-05T12:22:36Z,2023-03-05T12:22:36Z,public,Ion GeneStudio S5 Plus,SINGLE,PCR,METAGENOMIC,human metagenome,ION_TORRENT,2023-03-06T00:00:00Z,2023-03-11T00:14:00Z,1,SAMEA112746073,MO16S_080,human metagenome,ERP138358,MO16S_080,University Hospital Regensburg,ERS14741335,,,,
ERR10966666,AMPLICON,426,23257519,PRJEB53547,SAMEA112746074,18766797,UNIVERSITY HOSPITAL REGENSBURG,public,"sra,fastq,run.zq","s3,ncbi,gs","gs.us-east1,s3.us-east-1,ncbi.public",2023-03-05,2023-03-05,2023-03-05,2023-03-05,ERX10403504,SAMEA112746074,University Hospital Regensburg,2023-03-05T12:22:36Z,2023-03-05T12:22:36Z,public,Ion GeneStudio S5 Plus,SINGLE,PCR,METAGENOMIC,human metagenome,ION_TORRENT,2023-03-06T00:00:00Z,2023-03-11T00:14:00Z,1,SAMEA112746074,MO16S_081,human metagenome,ERP138358,MO16S_081,University Hospital Regensburg,ERS14741336,,,,
ERR10966667,AMPLICON,405,19484015,PRJEB53547,SAMEA112746075,15899781,UNIVERSITY HOSPITAL REGENSBURG,public,"fastq,run.zq,sra","gs,ncbi,s3","gs.us-east1,ncbi.public,s3.us-east-1",2023-03-05,2023-03-05,2023-03-05,2023-03-05,ERX10403505,SAMEA112746075,University Hospital Regensburg,2023-03-05T12:22:36Z,2023-03-05T12:22:36Z,public,Ion GeneStudio S5 Plus,SINGLE,PCR,METAGENOMIC,human metagenome,ION_TORRENT,2023-03-06T00:00:00Z,2023-03-11T00:14:00Z,1,SAMEA112746075,MO16S_082,human metagenome,ERP138358,MO16S_082,University Hospital Regensburg,ERS14741337,,,,
ERR10966668,AMPLICON,372,14737988,PRJEB53547,SAMEA112746076,11947084,UNIVERSITY HOSPITAL REGENSBURG,public,"sra,run.zq,fastq","ncbi,gs,s3","s3.us-east-1,gs.us-east1,ncbi.public",2023-03-05,2023-03-05,2023-03-05,2023-03-05,ERX10403506,SAMEA112746076,University Hospital Regensburg,2023-03-05T12:22:36Z,2023-03-05T12:22:36Z,public,Ion GeneStudio S5 Plus,SINGLE,PCR,METAGENOMIC,human metagenome,ION_TORRENT,2023-03-06T00:00:00Z,2023-03-11T00:14:00Z,1,SAMEA112746076,MO16S_083,human metagenome,ERP138358,MO16S_083,University Hospital Regensburg,ERS14741338,,,,
ERR10966669,AMPLICON,378,13971966,PRJEB53547,SAMEA112746077,11346378,UNIVERSITY HOSPITAL REGENSBURG,public,"sra,run.zq,fastq","gs,ncbi,s3","ncbi.public,s3.us-east-1,gs.us-east1",2023-03-05,2023-03-05,2023-03-05,2023-03-05,ERX10403507,SAMEA112746077,University Hospital Regensburg,2023-03-05T12:22:36Z,2023-03-05T12:22:36Z,public,Ion GeneStudio S5 Plus,SINGLE,PCR,METAGENOMIC,human metagenome,ION_TORRENT,2023-03-06T00:00:00Z,2023-03-11T00:14:00Z,1,SAMEA112746077,MO16S_084,human metagenome,ERP138358,MO16S_084,University Hospital Regensburg,ERS14741339,,,,
ERR10966670,AMPLICON,394,15369845,PRJEB53547,SAMEA112746078,12483281,UNIVERSITY HOSPITAL REGENSBURG,public,"run.zq,sra,fastq","s3,gs,ncbi","s3.us-east-1,ncbi.public,gs.us-east1",2023-03-05,2023-03-05,2023-03-05,2023-03-05,ERX10403508,SAMEA112746078,University Hospital Regensburg,2023-03-05T12:22:37Z,2023-03-05T12:22:37Z,public,Ion GeneStudio S5 Plus,SINGLE,PCR,METAGENOMIC,human metagenome,ION_TORRENT,2023-03-06T00:00:00Z,2023-03-11T00:14:00Z,1,SAMEA112746078,MO16S_085,human metagenome,ERP138358,MO16S_085,University Hospital Regensburg,ERS14741340,,,,
ERR10966671,AMPLICON,424,11186202,PRJEB53547,SAMEA112746079,9022821,UNIVERSITY HOSPITAL REGENSBURG,public,"fastq,sra,run.zq","ncbi,gs,s3","s3.us-east-1,gs.us-east1,ncbi.public",2023-03-05,2023-03-05,2023-03-05,2023-03-05,ERX10403509,SAMEA112746079,University Hospital Regensburg,2023-03-05T12:22:37Z,2023-03-05T12:22:37Z,public,Ion GeneStudio S5 Plus,SINGLE,PCR,METAGENOMIC,human metagenome,ION_TORRENT,2023-03-06T00:00:00Z,2023-03-11T00:14:00Z,1,SAMEA112746079,MO16S_086,human metagenome,ERP138358,MO16S_086,University Hospital Regensburg,ERS14741341,,,,
ERR10966672,AMPLICON,407,24555008,PRJEB53547,SAMEA112746080,19848492,UNIVERSITY HOSPITAL REGENSBURG,public,"fastq,run.zq,sra","gs,ncbi,s3","s3.us-east-1,ncbi.public,gs.us-east1",2023-03-05,2023-03-05,2023-03-05,2023-03-05,ERX10403510,SAMEA112746080,University Hospital Regensburg,2023-03-05T12:22:37Z,2023-03-05T12:22:37Z,public,Ion GeneStudio S5 Plus,SINGLE,PCR,METAGENOMIC,human metagenome,ION_TORRENT,2023-03-06T00:00:00Z,2023-03-11T00:14:00Z,1,SAMEA112746080,MO16S_087,human metagenome,ERP138358,MO16S_087,University Hospital Regensburg,ERS14741342,,,,
ERR10966673,AMPLICON,414,8989137,PRJEB53547,SAMEA112746081,7290761,UNIVERSITY HOSPITAL REGENSBURG,public,"sra,run.zq,fastq","gs,ncbi,s3","ncbi.public,s3.us-east-1,gs.us-east1",2023-03-05,2023-03-05,2023-03-05,2023-03-05,ERX10403511,SAMEA112746081,University Hospital Regensburg,2023-03-05T12:22:37Z,2023-03-05T12:22:37Z,public,Ion GeneStudio S5 Plus,SINGLE,PCR,METAGENOMIC,human metagenome,ION_TORRENT,2023-03-06T00:00:00Z,2023-03-11T00:14:00Z,1,SAMEA112746081,MO16S_088,human metagenome,ERP138358,MO16S_088,University Hospital Regensburg,ERS14741343,,,,
ERR10966674,AMPLICON,410,23652044,PRJEB53547,SAMEA112746082,19076474,UNIVERSITY HOSPITAL REGENSBURG,public,"fastq,run.zq,sra","s3,gs,ncbi","ncbi.public,gs.us-east1,s3.us-east-1",2023-03-05,2023-03-05,2023-03-05,2023-03-05,ERX10403512,SAMEA112746082,University Hospital Regensburg,2023-03-05T12:22:37Z,2023-03-05T12:22:37Z,public,Ion GeneStudio S5 Plus,SINGLE,PCR,METAGENOMIC,human metagenome,ION_TORRENT,2023-03-06T00:00:00Z,2023-03-11T00:14:00Z,1,SAMEA112746082,MO16S_089,human metagenome,ERP138358,MO16S_089,University Hospital Regensburg,ERS14741344,,,,
ERR10966675,AMPLICON,411,9966487,PRJEB53547,SAMEA112746083,8098084,UNIVERSITY HOSPITAL REGENSBURG,public,"fastq,sra,run.zq","ncbi,s3,gs","s3.us-east-1,ncbi.public,gs.us-east1",2023-03-05,2023-03-05,2023-03-05,2023-03-05,ERX10403513,SAMEA112746083,University Hospital Regensburg,2023-03-05T12:22:37Z,2023-03-05T12:22:37Z,public,Ion GeneStudio S5 Plus,SINGLE,PCR,METAGENOMIC,human metagenome,ION_TORRENT,2023-03-06T00:00:00Z,2023-03-11T00:14:00Z,1,SAMEA112746083,MO16S_090,human metagenome,ERP138358,MO16S_090,University Hospital Regensburg,ERS14741345,,,,
ERR10966676,AMPLICON,390,27920522,PRJEB53547,SAMEA112746084,22431481,UNIVERSITY HOSPITAL REGENSBURG,public,"fastq,sra,run.zq","ncbi,s3,gs","gs.us-east1,s3.us-east-1,ncbi.public",2023-03-05,2023-03-05,2023-03-05,2023-03-05,ERX10403514,SAMEA112746084,University Hospital Regensburg,2023-03-05T12:22:37Z,2023-03-05T12:22:37Z,public,Ion GeneStudio S5 Plus,SINGLE,PCR,METAGENOMIC,human metagenome,ION_TORRENT,2023-03-06T00:00:00Z,2023-03-11T00:14:00Z,1,SAMEA112746084,MO16S_091,human metagenome,ERP138358,MO16S_091,University Hospital Regensburg,ERS14741346,,,,
ERR10966677,AMPLICON,420,34361297,PRJEB53547,SAMEA112746085,27338196,UNIVERSITY HOSPITAL REGENSBURG,public,"run.zq,sra,fastq","ncbi,gs,s3","ncbi.public,gs.us-east1,s3.us-east-1",2023-03-05,2023-03-05,2023-03-05,2023-03-05,ERX10403515,SAMEA112746085,University Hospital Regensburg,2023-03-05T12:22:37Z,2023-03-05T12:22:37Z,public,Ion GeneStudio S5 Plus,SINGLE,PCR,METAGENOMIC,human metagenome,ION_TORRENT,2023-03-06T00:00:00Z,2023-03-11T00:14:00Z,1,SAMEA112746085,MO16S_092,human metagenome,ERP138358,MO16S_092,University Hospital Regensburg,ERS14741347,,,,
ERR10966678,AMPLICON,414,36215623,PRJEB53547,SAMEA112746086,28964285,UNIVERSITY HOSPITAL REGENSBURG,public,"run.zq,fastq,sra","gs,ncbi,s3","gs.us-east1,ncbi.public,s3.us-east-1",2023-03-05,2023-03-05,2023-03-05,2023-03-05,ERX10403516,SAMEA112746086,University Hospital Regensburg,2023-03-05T12:22:37Z,2023-03-05T12:22:37Z,public,Ion GeneStudio S5 Plus,SINGLE,PCR,METAGENOMIC,human metagenome,ION_TORRENT,2023-03-06T00:00:00Z,2023-03-11T00:14:00Z,1,SAMEA112746086,MO16S_093,human metagenome,ERP138358,MO16S_093,University Hospital Regensburg,ERS14741348,,,,
ERR10966679,AMPLICON,432,39456487,PRJEB53547,SAMEA112746087,31283153,UNIVERSITY HOSPITAL REGENSBURG,public,"sra,fastq,run.zq","s3,gs,ncbi","gs.us-east1,ncbi.public,s3.us-east-1",2023-03-05,2023-03-05,2023-03-05,2023-03-05,ERX10403517,SAMEA112746087,University Hospital Regensburg,2023-03-05T12:22:37Z,2023-03-05T12:22:37Z,public,Ion GeneStudio S5 Plus,SINGLE,PCR,METAGENOMIC,human metagenome,ION_TORRENT,2023-03-06T00:00:00Z,2023-03-11T00:14:00Z,1,SAMEA112746087,MO16S_094,human metagenome,ERP138358,MO16S_094,University Hospital Regensburg,ERS14741349,,,,
ERR10966680,AMPLICON,420,39277133,PRJEB53547,SAMEA112746088,31307413,UNIVERSITY HOSPITAL REGENSBURG,public,"sra,run.zq,fastq","ncbi,gs,s3","s3.us-east-1,gs.us-east1,ncbi.public",2023-03-05,2023-03-05,2023-03-05,2023-03-05,ERX10403518,SAMEA112746088,University Hospital Regensburg,2023-03-05T12:22:37Z,2023-03-05T12:22:37Z,public,Ion GeneStudio S5 Plus,SINGLE,PCR,METAGENOMIC,human metagenome,ION_TORRENT,2023-03-06T00:00:00Z,2023-03-11T00:14:00Z,1,SAMEA112746088,MO16S_095,human metagenome,ERP138358,MO16S_095,University Hospital Regensburg,ERS14741350,,,,
ERR10966681,AMPLICON,413,49362277,PRJEB53547,SAMEA112746089,39708183,UNIVERSITY HOSPITAL REGENSBURG,public,"run.zq,sra,fastq","s3,ncbi,gs","s3.us-east-1,ncbi.public,gs.us-east1",2023-03-05,2023-03-05,2023-03-05,2023-03-05,ERX10403519,SAMEA112746089,University Hospital Regensburg,2023-03-05T12:22:37Z,2023-03-05T12:22:37Z,public,Ion GeneStudio S5 Plus,SINGLE,PCR,METAGENOMIC,human metagenome,ION_TORRENT,2023-03-06T00:00:00Z,2023-03-11T00:14:00Z,1,SAMEA112746089,MO16S_096,human metagenome,ERP138358,MO16S_096,University Hospital Regensburg,ERS14741351,,,,
ERR10966682,AMPLICON,416,38259085,PRJEB53547,SAMEA112746090,30884057,UNIVERSITY HOSPITAL REGENSBURG,public,"run.zq,sra,fastq","s3,ncbi,gs","ncbi.public,gs.us-east1,s3.us-east-1",2023-03-05,2023-03-05,2023-03-05,2023-03-05,ERX10403520,SAMEA112746090,University Hospital Regensburg,2023-03-05T12:22:37Z,2023-03-05T12:22:37Z,public,Ion GeneStudio S5 Plus,SINGLE,PCR,METAGENOMIC,human metagenome,ION_TORRENT,2023-03-06T00:00:00Z,2023-03-11T00:14:00Z,1,SAMEA112746090,MO16S_097,human metagenome,ERP138358,MO16S_097,University Hospital Regensburg,ERS14741352,,,,
ERR10966683,AMPLICON,416,41777420,PRJEB53547,SAMEA112746091,33660787,UNIVERSITY HOSPITAL REGENSBURG,public,"run.zq,sra,fastq","gs,ncbi,s3","gs.us-east1,s3.us-east-1,ncbi.public",2023-03-05,2023-03-05,2023-03-05,2023-03-05,ERX10403521,SAMEA112746091,University Hospital Regensburg,2023-03-05T12:22:37Z,2023-03-05T12:22:37Z,public,Ion GeneStudio S5 Plus,SINGLE,PCR,METAGENOMIC,human metagenome,ION_TORRENT,2023-03-06T00:00:00Z,2023-03-11T00:14:00Z,1,SAMEA112746091,MO16S_098,human metagenome,ERP138358,MO16S_098,University Hospital Regensburg,ERS14741353,,,,
ERR10966684,AMPLICON,417,43104452,PRJEB53547,SAMEA112746092,34586514,UNIVERSITY HOSPITAL REGENSBURG,public,"sra,fastq,run.zq","gs,s3,ncbi","s3.us-east-1,gs.us-east1,ncbi.public",2023-03-05,2023-03-05,2023-03-05,2023-03-05,ERX10403522,SAMEA112746092,University Hospital Regensburg,2023-03-05T12:22:37Z,2023-03-05T12:22:37Z,public,Ion GeneStudio S5 Plus,SINGLE,PCR,METAGENOMIC,human metagenome,ION_TORRENT,2023-03-06T00:00:00Z,2023-03-11T00:15:00Z,1,SAMEA112746092,MO16S_099,human metagenome,ERP138358,MO16S_099,University Hospital Regensburg,ERS14741354,,,,
ERR10966685,AMPLICON,418,34756673,PRJEB53547,SAMEA112746093,27857435,UNIVERSITY HOSPITAL REGENSBURG,public,"run.zq,sra,fastq","gs,s3,ncbi","gs.us-east1,ncbi.public,s3.us-east-1",2023-03-05,2023-03-05,2023-03-05,2023-03-05,ERX10403523,SAMEA112746093,University Hospital Regensburg,2023-03-05T12:22:37Z,2023-03-05T12:22:37Z,public,Ion GeneStudio S5 Plus,SINGLE,PCR,METAGENOMIC,human metagenome,ION_TORRENT,2023-03-06T00:00:00Z,2023-03-11T00:14:00Z,1,SAMEA112746093,MO16S_100,human metagenome,ERP138358,MO16S_100,University Hospital Regensburg,ERS14741355,,,,
ERR10966686,AMPLICON,413,34252407,PRJEB53547,SAMEA112746094,27546363,UNIVERSITY HOSPITAL REGENSBURG,public,"run.zq,sra,fastq","s3,ncbi,gs","gs.us-east1,s3.us-east-1,ncbi.public",2023-03-05,2023-03-05,2023-03-05,2023-03-05,ERX10403524,SAMEA112746094,University Hospital Regensburg,2023-03-05T12:22:37Z,2023-03-05T12:22:37Z,public,Ion GeneStudio S5 Plus,SINGLE,PCR,METAGENOMIC,human metagenome,ION_TORRENT,2023-03-06T00:00:00Z,2023-03-11T00:14:00Z,1,SAMEA112746094,MO16S_101,human metagenome,ERP138358,MO16S_101,University Hospital Regensburg,ERS14741356,,,,
ERR10966687,AMPLICON,430,44968712,PRJEB53547,SAMEA112746095,35996438,UNIVERSITY HOSPITAL REGENSBURG,public,"fastq,run.zq,sra","s3,ncbi,gs","s3.us-east-1,ncbi.public,gs.us-east1",2023-03-05,2023-03-05,2023-03-05,2023-03-05,ERX10403525,SAMEA112746095,University Hospital Regensburg,2023-03-05T12:22:37Z,2023-03-05T12:22:37Z,public,Ion GeneStudio S5 Plus,SINGLE,PCR,METAGENOMIC,human metagenome,ION_TORRENT,2023-03-06T00:00:00Z,2023-03-11T00:15:00Z,1,SAMEA112746095,MO16S_102,human metagenome,ERP138358,MO16S_102,University Hospital Regensburg,ERS14741357,,,,
ERR10966688,AMPLICON,391,38733115,PRJEB53547,SAMEA112746096,30996242,UNIVERSITY HOSPITAL REGENSBURG,public,"sra,run.zq,fastq","ncbi,s3,gs","ncbi.public,gs.us-east1,s3.us-east-1",2023-03-05,2023-03-05,2023-03-05,2023-03-05,ERX10403526,SAMEA112746096,University Hospital Regensburg,2023-03-05T12:22:37Z,2023-03-05T12:22:37Z,public,Ion GeneStudio S5 Plus,SINGLE,PCR,METAGENOMIC,human metagenome,ION_TORRENT,2023-03-06T00:00:00Z,2023-03-11T00:14:00Z,1,SAMEA112746096,MO16S_103,human metagenome,ERP138358,MO16S_103,University Hospital Regensburg,ERS14741358,,,,
ERR10966689,AMPLICON,418,40094783,PRJEB53547,SAMEA112746097,32052310,UNIVERSITY HOSPITAL REGENSBURG,public,"fastq,sra,run.zq","gs,s3,ncbi","s3.us-east-1,ncbi.public,gs.us-east1",2023-03-05,2023-03-05,2023-03-05,2023-03-05,ERX10403527,SAMEA112746097,University Hospital Regensburg,2023-03-05T12:22:37Z,2023-03-05T12:22:37Z,public,Ion GeneStudio S5 Plus,SINGLE,PCR,METAGENOMIC,human metagenome,ION_TORRENT,2023-03-06T00:00:00Z,2023-03-11T00:15:00Z,1,SAMEA112746097,MO16S_104,human metagenome,ERP138358,MO16S_104,University Hospital Regensburg,ERS14741359,,,,
ERR10966690,AMPLICON,419,9987690,PRJEB53547,SAMEA112746098,7893596,UNIVERSITY HOSPITAL REGENSBURG,public,"fastq,sra,run.zq","gs,s3,ncbi","gs.us-east1,s3.us-east-1,ncbi.public",2023-03-05,2023-03-05,2023-03-05,2023-03-05,ERX10403528,SAMEA112746098,University Hospital Regensburg,2023-03-05T12:22:37Z,2023-03-05T12:22:37Z,public,Ion GeneStudio S5 Plus,SINGLE,PCR,METAGENOMIC,human metagenome,ION_TORRENT,2023-03-06T00:00:00Z,2023-03-11T00:15:00Z,1,SAMEA112746098,MO16S_105,human metagenome,ERP138358,MO16S_105,University Hospital Regensburg,ERS14741360,,,,
ERR10966691,AMPLICON,411,13544576,PRJEB53547,SAMEA112746099,10690293,UNIVERSITY HOSPITAL REGENSBURG,public,"run.zq,fastq,sra","ncbi,gs,s3","s3.us-east-1,gs.us-east1,ncbi.public",2023-03-05,2023-03-05,2023-03-05,2023-03-05,ERX10403529,SAMEA112746099,University Hospital Regensburg,2023-03-05T12:22:37Z,2023-03-05T12:22:37Z,public,Ion GeneStudio S5 Plus,SINGLE,PCR,METAGENOMIC,human metagenome,ION_TORRENT,2023-03-06T00:00:00Z,2023-03-11T00:14:00Z,1,SAMEA112746099,MO16S_106,human metagenome,ERP138358,MO16S_106,University Hospital Regensburg,ERS14741361,,,,
ERR10966692,AMPLICON,413,36492055,PRJEB53547,SAMEA112746100,29191057,UNIVERSITY HOSPITAL REGENSBURG,public,"run.zq,sra,fastq","ncbi,gs,s3","s3.us-east-1,gs.us-east1,ncbi.public",2023-03-05,2023-03-05,2023-03-05,2023-03-05,ERX10403530,SAMEA112746100,University Hospital Regensburg,2023-03-05T12:22:37Z,2023-03-05T12:22:37Z,public,Ion GeneStudio S5 Plus,SINGLE,PCR,METAGENOMIC,human metagenome,ION_TORRENT,2023-03-06T00:00:00Z,2023-03-11T00:15:00Z,1,SAMEA112746100,MO16S_107,human metagenome,ERP138358,MO16S_107,University Hospital Regensburg,ERS14741362,,,,
ERR10966693,AMPLICON,414,44330775,PRJEB53547,SAMEA112746101,35454064,UNIVERSITY HOSPITAL REGENSBURG,public,"run.zq,sra,fastq","ncbi,gs,s3","gs.us-east1,s3.us-east-1,ncbi.public",2023-03-05,2023-03-05,2023-03-05,2023-03-05,ERX10403531,SAMEA112746101,University Hospital Regensburg,2023-03-05T12:22:37Z,2023-03-05T12:22:37Z,public,Ion GeneStudio S5 Plus,SINGLE,PCR,METAGENOMIC,human metagenome,ION_TORRENT,2023-03-06T00:00:00Z,2023-03-11T00:15:00Z,1,SAMEA112746101,MO16S_108,human metagenome,ERP138358,MO16S_108,University Hospital Regensburg,ERS14741363,,,,
ERR10966694,AMPLICON,370,11797377,PRJEB53547,SAMEA112746102,9315412,UNIVERSITY HOSPITAL REGENSBURG,public,"fastq,run.zq,sra","ncbi,gs,s3","ncbi.public,gs.us-east1,s3.us-east-1",2023-03-05,2023-03-05,2023-03-05,2023-03-05,ERX10403532,SAMEA112746102,University Hospital Regensburg,2023-03-05T12:22:37Z,2023-03-05T12:22:37Z,public,Ion GeneStudio S5 Plus,SINGLE,PCR,METAGENOMIC,human metagenome,ION_TORRENT,2023-03-06T00:00:00Z,2023-03-11T00:15:00Z,1,SAMEA112746102,MO16S_109,human metagenome,ERP138358,MO16S_109,University Hospital Regensburg,ERS14741364,,,,
ERR10966695,AMPLICON,375,12353897,PRJEB53547,SAMEA112746103,9829872,UNIVERSITY HOSPITAL REGENSBURG,public,"sra,run.zq,fastq","ncbi,s3,gs","ncbi.public,s3.us-east-1,gs.us-east1",2023-03-05,2023-03-05,2023-03-05,2023-03-05,ERX10403533,SAMEA112746103,University Hospital Regensburg,2023-03-05T12:22:37Z,2023-03-05T12:22:37Z,public,Ion GeneStudio S5 Plus,SINGLE,PCR,METAGENOMIC,human metagenome,ION_TORRENT,2023-03-06T00:00:00Z,2023-03-11T00:15:00Z,1,SAMEA112746103,MO16S_110,human metagenome,ERP138358,MO16S_110,University Hospital Regensburg,ERS14741365,,,,
ERR10966696,AMPLICON,437,3155208,PRJEB53547,SAMEA112746104,2576221,UNIVERSITY HOSPITAL REGENSBURG,public,"run.zq,fastq,sra","ncbi,gs,s3","ncbi.public,gs.us-east1,s3.us-east-1",2023-03-05,2023-03-05,2023-03-05,2023-03-05,ERX10403534,SAMEA112746104,University Hospital Regensburg,2023-03-05T12:22:37Z,2023-03-05T12:22:37Z,public,Ion GeneStudio S5 Plus,SINGLE,PCR,METAGENOMIC,human metagenome,ION_TORRENT,2023-03-06T00:00:00Z,2023-03-11T00:15:00Z,1,SAMEA112746104,MO16S_111,human metagenome,ERP138358,MO16S_111,University Hospital Regensburg,ERS14741366,,,,
ERR10966697,AMPLICON,422,38507860,PRJEB53547,SAMEA112746105,30855852,UNIVERSITY HOSPITAL REGENSBURG,public,"run.zq,fastq,sra","ncbi,s3,gs","s3.us-east-1,ncbi.public,gs.us-east1",2023-03-05,2023-03-05,2023-03-05,2023-03-05,ERX10403535,SAMEA112746105,University Hospital Regensburg,2023-03-05T12:22:37Z,2023-03-05T12:22:37Z,public,Ion GeneStudio S5 Plus,SINGLE,PCR,METAGENOMIC,human metagenome,ION_TORRENT,2023-03-06T00:00:00Z,2023-03-11T00:15:00Z,1,SAMEA112746105,MO16S_112,human metagenome,ERP138358,MO16S_112,University Hospital Regensburg,ERS14741367,,,,
ERR10966698,AMPLICON,426,12104773,PRJEB53547,SAMEA112746106,9696580,UNIVERSITY HOSPITAL REGENSBURG,public,"run.zq,fastq,sra","ncbi,s3,gs","s3.us-east-1,ncbi.public,gs.us-east1",2023-03-05,2023-03-05,2023-03-05,2023-03-05,ERX10403536,SAMEA112746106,University Hospital Regensburg,2023-03-05T12:22:37Z,2023-03-05T12:22:37Z,public,Ion GeneStudio S5 Plus,SINGLE,PCR,METAGENOMIC,human metagenome,ION_TORRENT,2023-03-06T00:00:00Z,2023-03-11T00:15:00Z,1,SAMEA112746106,MO16S_113,human metagenome,ERP138358,MO16S_113,University Hospital Regensburg,ERS14741368,,,,
ERR10966699,AMPLICON,334,2450822,PRJEB53547,SAMEA112746107,2059640,UNIVERSITY HOSPITAL REGENSBURG,public,"fastq,run.zq,sra","ncbi,s3,gs","gs.us-east1,s3.us-east-1,ncbi.public",2023-03-05,2023-03-05,2023-03-05,2023-03-05,ERX10403537,SAMEA112746107,University Hospital Regensburg,2023-03-05T12:22:37Z,2023-03-05T12:22:37Z,public,Ion GeneStudio S5 Plus,SINGLE,PCR,METAGENOMIC,human metagenome,ION_TORRENT,2023-03-06T00:00:00Z,2023-03-11T00:15:00Z,1,SAMEA112746107,MO16S_114,human metagenome,ERP138358,MO16S_114,University Hospital Regensburg,ERS14741369,,,,
ERR10966700,AMPLICON,397,11556407,PRJEB53547,SAMEA112746108,9251356,UNIVERSITY HOSPITAL REGENSBURG,public,"fastq,sra,run.zq","ncbi,gs,s3","gs.us-east1,ncbi.public,s3.us-east-1",2023-03-05,2023-03-05,2023-03-05,2023-03-05,ERX10403538,SAMEA112746108,University Hospital Regensburg,2023-03-05T12:22:37Z,2023-03-05T12:22:37Z,public,Ion GeneStudio S5 Plus,SINGLE,PCR,METAGENOMIC,human metagenome,ION_TORRENT,2023-03-06T00:00:00Z,2023-03-11T00:15:00Z,1,SAMEA112746108,MO16S_115,human metagenome,ERP138358,MO16S_115,University Hospital Regensburg,ERS14741370,,,,
ERR10966701,AMPLICON,405,7990331,PRJEB53547,SAMEA112746109,6352509,UNIVERSITY HOSPITAL REGENSBURG,public,"sra,fastq,run.zq","s3,gs,ncbi","gs.us-east1,ncbi.public,s3.us-east-1",2023-03-05,2023-03-05,2023-03-05,2023-03-05,ERX10403539,SAMEA112746109,University Hospital Regensburg,2023-03-05T12:22:37Z,2023-03-05T12:22:37Z,public,Ion GeneStudio S5 Plus,SINGLE,PCR,METAGENOMIC,human metagenome,ION_TORRENT,2023-03-06T00:00:00Z,2023-03-11T00:15:00Z,1,SAMEA112746109,MO16S_116,human metagenome,ERP138358,MO16S_116,University Hospital Regensburg,ERS14741371,,,,
ERR10966702,AMPLICON,421,9563137,PRJEB53547,SAMEA112746110,7574422,UNIVERSITY HOSPITAL REGENSBURG,public,"run.zq,sra,fastq","ncbi,s3,gs","gs.us-east1,s3.us-east-1,ncbi.public",2023-03-05,2023-03-05,2023-03-05,2023-03-05,ERX10403540,SAMEA112746110,University Hospital Regensburg,2023-03-05T12:22:37Z,2023-03-05T12:22:37Z,public,Ion GeneStudio S5 Plus,SINGLE,PCR,METAGENOMIC,human metagenome,ION_TORRENT,2023-03-06T00:00:00Z,2023-03-11T00:15:00Z,1,SAMEA112746110,MO16S_117,human metagenome,ERP138358,MO16S_117,University Hospital Regensburg,ERS14741372,,,,
ERR10966703,AMPLICON,411,12307333,PRJEB53547,SAMEA112746111,9733229,UNIVERSITY HOSPITAL REGENSBURG,public,"fastq,sra,run.zq","s3,gs,ncbi","gs.us-east1,s3.us-east-1,ncbi.public",2023-03-05,2023-03-05,2023-03-05,2023-03-05,ERX10403541,SAMEA112746111,University Hospital Regensburg,2023-03-05T12:22:37Z,2023-03-05T12:22:37Z,public,Ion GeneStudio S5 Plus,SINGLE,PCR,METAGENOMIC,human metagenome,ION_TORRENT,2023-03-06T00:00:00Z,2023-03-11T00:15:00Z,1,SAMEA112746111,MO16S_118,human metagenome,ERP138358,MO16S_118,University Hospital Regensburg,ERS14741373,,,,
ERR10966704,AMPLICON,400,7405262,PRJEB53547,SAMEA112746112,5880890,UNIVERSITY HOSPITAL REGENSBURG,public,"sra,run.zq,fastq","s3,ncbi,gs","ncbi.public,s3.us-east-1,gs.us-east1",2023-03-05,2023-03-05,2023-03-05,2023-03-05,ERX10403542,SAMEA112746112,University Hospital Regensburg,2023-03-05T12:22:37Z,2023-03-05T12:22:37Z,public,Ion GeneStudio S5 Plus,SINGLE,PCR,METAGENOMIC,human metagenome,ION_TORRENT,2023-03-06T00:00:00Z,2023-03-11T00:15:00Z,1,SAMEA112746112,MO16S_119,human metagenome,ERP138358,MO16S_119,University Hospital Regensburg,ERS14741374,,,,
ERR10966705,AMPLICON,394,16605979,PRJEB53547,SAMEA112746113,13178321,UNIVERSITY HOSPITAL REGENSBURG,public,"run.zq,sra,fastq","ncbi,gs,s3","s3.us-east-1,ncbi.public,gs.us-east1",2023-03-05,2023-03-05,2023-03-05,2023-03-05,ERX10403543,SAMEA112746113,University Hospital Regensburg,2023-03-05T12:22:37Z,2023-03-05T12:22:37Z,public,Ion GeneStudio S5 Plus,SINGLE,PCR,METAGENOMIC,human metagenome,ION_TORRENT,2023-03-06T00:00:00Z,2023-03-11T00:17:00Z,1,SAMEA112746113,MO16S_120,human metagenome,ERP138358,MO16S_120,University Hospital Regensburg,ERS14741375,,,,
ERR10966706,AMPLICON,406,13878310,PRJEB53547,SAMEA112746114,11057596,UNIVERSITY HOSPITAL REGENSBURG,public,"fastq,sra,run.zq","s3,ncbi,gs","gs.us-east1,s3.us-east-1,ncbi.public",2023-03-05,2023-03-05,2023-03-05,2023-03-05,ERX10403544,SAMEA112746114,University Hospital Regensburg,2023-03-05T12:22:37Z,2023-03-05T12:22:37Z,public,Ion GeneStudio S5 Plus,SINGLE,PCR,METAGENOMIC,human metagenome,ION_TORRENT,2023-03-06T00:00:00Z,2023-03-11T00:15:00Z,1,SAMEA112746114,MO16S_121,human metagenome,ERP138358,MO16S_121,University Hospital Regensburg,ERS14741376,,,,
ERR10966707,AMPLICON,398,6027974,PRJEB53547,SAMEA112746115,4803972,UNIVERSITY HOSPITAL REGENSBURG,public,"run.zq,sra,fastq","gs,ncbi,s3","gs.us-east1,s3.us-east-1,ncbi.public",2023-03-05,2023-03-05,2023-03-05,2023-03-05,ERX10403545,SAMEA112746115,University Hospital Regensburg,2023-03-05T12:22:37Z,2023-03-05T12:22:37Z,public,Ion GeneStudio S5 Plus,SINGLE,PCR,METAGENOMIC,human metagenome,ION_TORRENT,2023-03-06T00:00:00Z,2023-03-11T00:15:00Z,1,SAMEA112746115,MO16S_122,human metagenome,ERP138358,MO16S_122,University Hospital Regensburg,ERS14741377,,,,
ERR10966708,AMPLICON,440,14327380,PRJEB53547,SAMEA112746116,11306340,UNIVERSITY HOSPITAL REGENSBURG,public,"run.zq,fastq,sra","gs,s3,ncbi","gs.us-east1,ncbi.public,s3.us-east-1",2023-03-05,2023-03-05,2023-03-05,2023-03-05,ERX10403546,SAMEA112746116,University Hospital Regensburg,2023-03-05T12:22:37Z,2023-03-05T12:22:37Z,public,Ion GeneStudio S5 Plus,SINGLE,PCR,METAGENOMIC,human metagenome,ION_TORRENT,2023-03-06T00:00:00Z,2023-03-11T00:15:00Z,1,SAMEA112746116,MO16S_123,human metagenome,ERP138358,MO16S_123,University Hospital Regensburg,ERS14741378,,,,
ERR10966709,AMPLICON,434,12600519,PRJEB53547,SAMEA112746117,9990717,UNIVERSITY HOSPITAL REGENSBURG,public,"run.zq,sra,fastq","gs,s3,ncbi","s3.us-east-1,gs.us-east1,ncbi.public",2023-03-05,2023-03-05,2023-03-05,2023-03-05,ERX10403547,SAMEA112746117,University Hospital Regensburg,2023-03-05T12:22:37Z,2023-03-05T12:22:37Z,public,Ion GeneStudio S5 Plus,SINGLE,PCR,METAGENOMIC,human metagenome,ION_TORRENT,2023-03-06T00:00:00Z,2023-03-11T00:15:00Z,1,SAMEA112746117,MO16S_124,human metagenome,ERP138358,MO16S_124,University Hospital Regensburg,ERS14741379,,,,
ERR10966710,AMPLICON,407,6523350,PRJEB53547,SAMEA112746118,5212525,UNIVERSITY HOSPITAL REGENSBURG,public,"fastq,run.zq,sra","ncbi,s3,gs","gs.us-east1,s3.us-east-1,ncbi.public",2023-03-05,2023-03-05,2023-03-05,2023-03-05,ERX10403548,SAMEA112746118,University Hospital Regensburg,2023-03-05T12:22:37Z,2023-03-05T12:22:37Z,public,Ion GeneStudio S5 Plus,SINGLE,PCR,METAGENOMIC,human metagenome,ION_TORRENT,2023-03-06T00:00:00Z,2023-03-11T00:15:00Z,1,SAMEA112746118,MO16S_125,human metagenome,ERP138358,MO16S_125,University Hospital Regensburg,ERS14741380,,,,
ERR10966711,AMPLICON,406,16507983,PRJEB53547,SAMEA112746119,13124901,UNIVERSITY HOSPITAL REGENSBURG,public,"sra,run.zq,fastq","s3,ncbi,gs","ncbi.public,gs.us-east1,s3.us-east-1",2023-03-05,2023-03-05,2023-03-05,2023-03-05,ERX10403549,SAMEA112746119,University Hospital Regensburg,2023-03-05T12:22:37Z,2023-03-05T12:22:37Z,public,Ion GeneStudio S5 Plus,SINGLE,PCR,METAGENOMIC,human metagenome,ION_TORRENT,2023-03-06T00:00:00Z,2023-03-11T00:17:00Z,1,SAMEA112746119,MO16S_126,human metagenome,ERP138358,MO16S_126,University Hospital Regensburg,ERS14741381,,,,
ERR10966712,AMPLICON,427,21885579,PRJEB53547,SAMEA112746120,17414318,UNIVERSITY HOSPITAL REGENSBURG,public,"fastq,run.zq,sra","gs,ncbi,s3","gs.us-east1,ncbi.public,s3.us-east-1",2023-03-05,2023-03-05,2023-03-05,2023-03-05,ERX10403550,SAMEA112746120,University Hospital Regensburg,2023-03-05T12:22:37Z,2023-03-05T12:22:37Z,public,Ion GeneStudio S5 Plus,SINGLE,PCR,METAGENOMIC,human metagenome,ION_TORRENT,2023-03-06T00:00:00Z,2023-03-11T00:17:00Z,1,SAMEA112746120,MO16S_127,human metagenome,ERP138358,MO16S_127,University Hospital Regensburg,ERS14741382,,,,
ERR10966713,AMPLICON,411,14747827,PRJEB53547,SAMEA112746121,11656178,UNIVERSITY HOSPITAL REGENSBURG,public,"run.zq,sra,fastq","gs,ncbi,s3","ncbi.public,gs.us-east1,s3.us-east-1",2023-03-05,2023-03-05T12:22:37Z,2023-03-05,2023-03-05T12:22:37Z,ERX10403551,SAMEA112746121,University Hospital Regensburg,2023-03-05T12:22:37Z,2023-03-05T12:22:37Z,public,Ion GeneStudio S5 Plus,SINGLE,PCR,METAGENOMIC,human metagenome,ION_TORRENT,2023-03-06T00:00:00Z,2023-03-11T00:17:00Z,1,SAMEA112746121,MO16S_128,human metagenome,ERP138358,MO16S_128,,ERS14741383,,,,
ERR10966714,AMPLICON,346,2637065,PRJEB53547,SAMEA112746122,2170370,UNIVERSITY HOSPITAL REGENSBURG,public,"run.zq,sra,fastq","ncbi,gs,s3","s3.us-east-1,ncbi.public,gs.us-east1",2023-03-05,2023-03-05,2023-03-05,2023-03-05,ERX10403552,SAMEA112746122,University Hospital Regensburg,2023-03-05T12:22:37Z,2023-03-05T12:22:37Z,public,Ion GeneStudio S5 Plus,SINGLE,PCR,METAGENOMIC,human metagenome,ION_TORRENT,2023-03-06T00:00:00Z,2023-03-11T00:17:00Z,1,SAMEA112746122,MO16S_129,human metagenome,ERP138358,MO16S_129,University Hospital Regensburg,ERS14741384,,,,
ERR10966715,AMPLICON,368,9276490,PRJEB53547,SAMEA112746123,7428265,UNIVERSITY HOSPITAL REGENSBURG,public,"sra,fastq,run.zq","ncbi,gs,s3","gs.us-east1,ncbi.public,s3.us-east-1",2023-03-05,2023-03-05,2023-03-05,2023-03-05,ERX10403553,SAMEA112746123,University Hospital Regensburg,2023-03-05T12:22:37Z,2023-03-05T12:22:37Z,public,Ion GeneStudio S5 Plus,SINGLE,PCR,METAGENOMIC,human metagenome,ION_TORRENT,2023-03-06T00:00:00Z,2023-03-11T00:17:00Z,1,SAMEA112746123,MO16S_130,human metagenome,ERP138358,MO16S_130,University Hospital Regensburg,ERS14741385,,,,
ERR10966716,AMPLICON,431,10024039,PRJEB53547,SAMEA112746124,7883175,UNIVERSITY HOSPITAL REGENSBURG,public,"sra,fastq,run.zq","ncbi,gs,s3","gs.us-east1,s3.us-east-1,ncbi.public",2023-03-05,2023-03-05,2023-03-05,2023-03-05,ERX10403554,SAMEA112746124,University Hospital Regensburg,2023-03-05T12:22:37Z,2023-03-05T12:22:37Z,public,Ion GeneStudio S5 Plus,SINGLE,PCR,METAGENOMIC,human metagenome,ION_TORRENT,2023-03-06T00:00:00Z,2023-03-11T00:17:00Z,1,SAMEA112746124,MO16S_131,human metagenome,ERP138358,MO16S_131,University Hospital Regensburg,ERS14741386,,,,
ERR10966717,AMPLICON,332,6228486,PRJEB53547,SAMEA112746125,5040224,UNIVERSITY HOSPITAL REGENSBURG,public,"fastq,run.zq,sra","ncbi,gs,s3","s3.us-east-1,ncbi.public,gs.us-east1",2023-03-05,2023-03-05,2023-03-05,2023-03-05,ERX10403555,SAMEA112746125,University Hospital Regensburg,2023-03-05T12:22:37Z,2023-03-05T12:22:37Z,public,Ion GeneStudio S5 Plus,SINGLE,PCR,METAGENOMIC,human metagenome,ION_TORRENT,2023-03-06T00:00:00Z,2023-03-11T00:17:00Z,1,SAMEA112746125,MO16S_132,human metagenome,ERP138358,MO16S_132,University Hospital Regensburg,ERS14741387,,,,
ERR10966718,AMPLICON,423,15581115,PRJEB53547,SAMEA112746126,12279796,UNIVERSITY HOSPITAL REGENSBURG,public,"run.zq,fastq,sra","s3,ncbi,gs","gs.us-east1,s3.us-east-1,ncbi.public",2023-03-05,2023-03-05,2023-03-05,2023-03-05,ERX10403556,SAMEA112746126,University Hospital Regensburg,2023-03-05T12:22:37Z,2023-03-05T12:22:37Z,public,Ion GeneStudio S5 Plus,SINGLE,PCR,METAGENOMIC,human metagenome,ION_TORRENT,2023-03-06T00:00:00Z,2023-03-11T00:17:00Z,1,SAMEA112746126,MO16S_133,human metagenome,ERP138358,MO16S_133,University Hospital Regensburg,ERS14741388,,,,
ERR10966719,AMPLICON,345,5895919,PRJEB53547,SAMEA112746127,4822829,UNIVERSITY HOSPITAL REGENSBURG,public,"sra,run.zq,fastq","gs,s3,ncbi","gs.us-east1,ncbi.public,s3.us-east-1",2023-03-05,2023-03-05,2023-03-05,2023-03-05,ERX10403557,SAMEA112746127,University Hospital Regensburg,2023-03-05T12:22:37Z,2023-03-05T12:22:37Z,public,Ion GeneStudio S5 Plus,SINGLE,PCR,METAGENOMIC,human metagenome,ION_TORRENT,2023-03-06T00:00:00Z,2023-03-11T00:17:00Z,1,SAMEA112746127,MO16S_134,human metagenome,ERP138358,MO16S_134,University Hospital Regensburg,ERS14741389,,,,
ERR10966720,AMPLICON,399,7653784,PRJEB53547,SAMEA112746128,6084777,UNIVERSITY HOSPITAL REGENSBURG,public,"run.zq,sra,fastq","s3,ncbi,gs","s3.us-east-1,ncbi.public,gs.us-east1",2023-03-05,2023-03-05,2023-03-05,2023-03-05,ERX10403558,SAMEA112746128,University Hospital Regensburg,2023-03-05T12:22:37Z,2023-03-05T12:22:37Z,public,Ion GeneStudio S5 Plus,SINGLE,PCR,METAGENOMIC,human metagenome,ION_TORRENT,2023-03-06T00:00:00Z,2023-03-11T00:17:00Z,1,SAMEA112746128,MO16S_135,human metagenome,ERP138358,MO16S_135,University Hospital Regensburg,ERS14741390,,,,
ERR10966721,AMPLICON,409,13450118,PRJEB53547,SAMEA112746129,10690363,UNIVERSITY HOSPITAL REGENSBURG,public,"sra,fastq,run.zq","s3,gs,ncbi","ncbi.public,gs.us-east1,s3.us-east-1",2023-03-05,2023-03-05,2023-03-05,2023-03-05,ERX10403559,SAMEA112746129,University Hospital Regensburg,2023-03-05T12:22:37Z,2023-03-05T12:22:37Z,public,Ion GeneStudio S5 Plus,SINGLE,PCR,METAGENOMIC,human metagenome,ION_TORRENT,2023-03-06T00:00:00Z,2023-03-11T00:17:00Z,1,SAMEA112746129,MO16S_136,human metagenome,ERP138358,MO16S_136,University Hospital Regensburg,ERS14741391,,,,
ERR10966722,AMPLICON,414,18934253,PRJEB53547,SAMEA112746130,14997753,UNIVERSITY HOSPITAL REGENSBURG,public,"fastq,run.zq,sra","gs,s3,ncbi","s3.us-east-1,ncbi.public,gs.us-east1",2023-03-05,2023-03-05,2023-03-05,2023-03-05,ERX10403560,SAMEA112746130,University Hospital Regensburg,2023-03-05T12:22:37Z,2023-03-05T12:22:37Z,public,Ion GeneStudio S5 Plus,SINGLE,PCR,METAGENOMIC,human metagenome,ION_TORRENT,2023-03-06T00:00:00Z,2023-03-11T00:17:00Z,1,SAMEA112746130,MO16S_137,human metagenome,ERP138358,MO16S_137,University Hospital Regensburg,ERS14741392,,,,
ERR10966723,AMPLICON,416,13461099,PRJEB53547,SAMEA112746131,10641952,UNIVERSITY HOSPITAL REGENSBURG,public,"fastq,run.zq,sra","s3,ncbi,gs","ncbi.public,s3.us-east-1,gs.us-east1",2023-03-05,2023-03-05,2023-03-05,2023-03-05,ERX10403561,SAMEA112746131,University Hospital Regensburg,2023-03-05T12:22:37Z,2023-03-05T12:22:37Z,public,Ion GeneStudio S5 Plus,SINGLE,PCR,METAGENOMIC,human metagenome,ION_TORRENT,2023-03-06T00:00:00Z,2023-03-11T00:17:00Z,1,SAMEA112746131,MO16S_138,human metagenome,ERP138358,MO16S_138,University Hospital Regensburg,ERS14741393,,,,
ERR10966724,AMPLICON,409,17503739,PRJEB53547,SAMEA112746132,13836586,UNIVERSITY HOSPITAL REGENSBURG,public,"sra,run.zq,fastq","s3,ncbi,gs","gs.us-east1,s3.us-east-1,ncbi.public",2023-03-05,2023-03-05,2023-03-05,2023-03-05,ERX10403562,SAMEA112746132,University Hospital Regensburg,2023-03-05T12:22:37Z,2023-03-05T12:22:37Z,public,Ion GeneStudio S5 Plus,SINGLE,PCR,METAGENOMIC,human metagenome,ION_TORRENT,2023-03-06T00:00:00Z,2023-03-11T00:18:00Z,1,SAMEA112746132,MO16S_139,human metagenome,ERP138358,MO16S_139,University Hospital Regensburg,ERS14741394,,,,
ERR10966725,AMPLICON,410,15626616,PRJEB53547,SAMEA112746133,12334985,UNIVERSITY HOSPITAL REGENSBURG,public,"sra,run.zq,fastq","gs,ncbi,s3","s3.us-east-1,ncbi.public,gs.us-east1",2023-03-05,2023-03-05,2023-03-05,2023-03-05,ERX10403563,SAMEA112746133,University Hospital Regensburg,2023-03-05T12:22:37Z,2023-03-05T12:22:37Z,public,Ion GeneStudio S5 Plus,SINGLE,PCR,METAGENOMIC,human metagenome,ION_TORRENT,2023-03-06T00:00:00Z,2023-03-11T00:18:00Z,1,SAMEA112746133,MO16S_140,human metagenome,ERP138358,MO16S_140,University Hospital Regensburg,ERS14741395,,,,
ERR10966726,AMPLICON,395,9164922,PRJEB53547,SAMEA112746134,7320836,UNIVERSITY HOSPITAL REGENSBURG,public,"fastq,run.zq,sra","gs,s3,ncbi","gs.us-east1,ncbi.public,s3.us-east-1",2023-03-05,2023-03-05,2023-03-05,2023-03-05,ERX10403564,SAMEA112746134,University Hospital Regensburg,2023-03-05T12:22:37Z,2023-03-05T12:22:37Z,public,Ion GeneStudio S5 Plus,SINGLE,PCR,METAGENOMIC,human metagenome,ION_TORRENT,2023-03-06T00:00:00Z,2023-03-11T00:17:00Z,1,SAMEA112746134,MO16S_141,human metagenome,ERP138358,MO16S_141,University Hospital Regensburg,ERS14741396,,,,
ERR10966727,AMPLICON,410,13338901,PRJEB53547,SAMEA112746135,10560946,UNIVERSITY HOSPITAL REGENSBURG,public,"fastq,run.zq,sra","s3,gs,ncbi","gs.us-east1,s3.us-east-1,ncbi.public",2023-03-05,2023-03-05,2023-03-05,2023-03-05,ERX10403565,SAMEA112746135,University Hospital Regensburg,2023-03-05T12:22:37Z,2023-03-05T12:22:37Z,public,Ion GeneStudio S5 Plus,SINGLE,PCR,METAGENOMIC,human metagenome,ION_TORRENT,2023-03-06T00:00:00Z,2023-03-11T00:17:00Z,1,SAMEA112746135,MO16S_142,human metagenome,ERP138358,MO16S_142,University Hospital Regensburg,ERS14741397,,,,
ERR10966728,AMPLICON,391,11898535,PRJEB53547,SAMEA112746136,9427344,UNIVERSITY HOSPITAL REGENSBURG,public,"sra,run.zq,fastq","ncbi,gs,s3","s3.us-east-1,gs.us-east1,ncbi.public",2023-03-05,2023-03-05,2023-03-05,2023-03-05,ERX10403566,SAMEA112746136,University Hospital Regensburg,2023-03-05T12:22:37Z,2023-03-05T12:22:37Z,public,Ion GeneStudio S5 Plus,SINGLE,PCR,METAGENOMIC,human metagenome,ION_TORRENT,2023-03-06T00:00:00Z,2023-03-11T00:18:00Z,1,SAMEA112746136,MO16S_143,human metagenome,ERP138358,MO16S_143,University Hospital Regensburg,ERS14741398,,,,
ERR10966729,AMPLICON,354,7055056,PRJEB53547,SAMEA112746137,5663414,UNIVERSITY HOSPITAL REGENSBURG,public,"sra,run.zq,fastq","gs,s3,ncbi","s3.us-east-1,ncbi.public,gs.us-east1",2023-03-05,2023-03-05,2023-03-05,2023-03-05,ERX10403567,SAMEA112746137,University Hospital Regensburg,2023-03-05T12:22:37Z,2023-03-05T12:22:37Z,public,Ion GeneStudio S5 Plus,SINGLE,PCR,METAGENOMIC,human metagenome,ION_TORRENT,2023-03-06T00:00:00Z,2023-03-11T00:17:00Z,1,SAMEA112746137,MO16S_144,human metagenome,ERP138358,MO16S_144,University Hospital Regensburg,ERS14741399,,,,
ERR10966730,AMPLICON,333,7966387,PRJEB53547,SAMEA112746138,6432413,UNIVERSITY HOSPITAL REGENSBURG,public,"sra,fastq,run.zq","s3,gs,ncbi","gs.us-east1,s3.us-east-1,ncbi.public",2023-03-05,2023-03-05,2023-03-05,2023-03-05,ERX10403568,SAMEA112746138,University Hospital Regensburg,2023-03-05T12:22:37Z,2023-03-05T12:22:37Z,public,Ion GeneStudio S5 Plus,SINGLE,PCR,METAGENOMIC,human metagenome,ION_TORRENT,2023-03-06T00:00:00Z,2023-03-11T00:18:00Z,1,SAMEA112746138,MO16S_145,human metagenome,ERP138358,MO16S_145,University Hospital Regensburg,ERS14741400,,,,
ERR10966731,AMPLICON,407,16736915,PRJEB53547,SAMEA112746139,13279048,UNIVERSITY HOSPITAL REGENSBURG,public,"run.zq,sra,fastq","gs,ncbi,s3","s3.us-east-1,gs.us-east1,ncbi.public",2023-03-05,2023-03-05,2023-03-05,2023-03-05,ERX10403569,SAMEA112746139,University Hospital Regensburg,2023-03-05T12:22:37Z,2023-03-05T12:22:37Z,public,Ion GeneStudio S5 Plus,SINGLE,PCR,METAGENOMIC,human metagenome,ION_TORRENT,2023-03-06T00:00:00Z,2023-03-11T00:18:00Z,1,SAMEA112746139,MO16S_146,human metagenome,ERP138358,MO16S_146,University Hospital Regensburg,ERS14741401,,,,
ERR10966732,AMPLICON,426,18305607,PRJEB53547,SAMEA112746140,14325645,UNIVERSITY HOSPITAL REGENSBURG,public,"sra,fastq,run.zq","ncbi,gs,s3","s3.us-east-1,ncbi.public,gs.us-east1",2023-03-05,2023-03-05,2023-03-05,2023-03-05,ERX10403570,SAMEA112746140,University Hospital Regensburg,2023-03-05T12:22:37Z,2023-03-05T12:22:37Z,public,Ion GeneStudio S5 Plus,SINGLE,PCR,METAGENOMIC,human metagenome,ION_TORRENT,2023-03-06T00:00:00Z,2023-03-11T00:18:00Z,1,SAMEA112746140,MO16S_147,human metagenome,ERP138358,MO16S_147,University Hospital Regensburg,ERS14741402,,,,
ERR10966733,AMPLICON,404,14215912,PRJEB53547,SAMEA112746141,11256266,UNIVERSITY HOSPITAL REGENSBURG,public,"run.zq,sra,fastq","s3,ncbi,gs","ncbi.public,gs.us-east1,s3.us-east-1",2023-03-05,2023-03-05,2023-03-05,2023-03-05,ERX10403571,SAMEA112746141,University Hospital Regensburg,2023-03-05T12:22:37Z,2023-03-05T12:22:37Z,public,Ion GeneStudio S5 Plus,SINGLE,PCR,METAGENOMIC,human metagenome,ION_TORRENT,2023-03-06T00:00:00Z,2023-03-11T00:18:00Z,1,SAMEA112746141,MO16S_148,human metagenome,ERP138358,MO16S_148,University Hospital Regensburg,ERS14741403,,,,
ERR10966734,AMPLICON,415,6248409,PRJEB53547,SAMEA112746142,4975635,UNIVERSITY HOSPITAL REGENSBURG,public,"sra,fastq,run.zq","ncbi,s3,gs","gs.us-east1,ncbi.public,s3.us-east-1",2023-03-05,2023-03-05,2023-03-05,2023-03-05,ERX10403572,SAMEA112746142,University Hospital Regensburg,2023-03-05T12:22:37Z,2023-03-05T12:22:37Z,public,Ion GeneStudio S5 Plus,SINGLE,PCR,METAGENOMIC,human metagenome,ION_TORRENT,2023-03-06T00:00:00Z,2023-03-11T00:19:00Z,1,SAMEA112746142,MO16S_149,human metagenome,ERP138358,MO16S_149,University Hospital Regensburg,ERS14741404,,,,
ERR10966735,AMPLICON,423,11767098,PRJEB53547,SAMEA112746143,9273835,UNIVERSITY HOSPITAL REGENSBURG,public,"sra,fastq,run.zq","s3,gs,ncbi","gs.us-east1,ncbi.public,s3.us-east-1",2023-03-05,2023-03-05,2023-03-05,2023-03-05,ERX10403573,SAMEA112746143,University Hospital Regensburg,2023-03-05T12:22:37Z,2023-03-05T12:22:37Z,public,Ion GeneStudio S5 Plus,SINGLE,PCR,METAGENOMIC,human metagenome,ION_TORRENT,2023-03-06T00:00:00Z,2023-03-11T00:19:00Z,1,SAMEA112746143,MO16S_150,human metagenome,ERP138358,MO16S_150,University Hospital Regensburg,ERS14741405,,,,
ERR10966736,AMPLICON,404,13256990,PRJEB53547,SAMEA112746144,10442894,UNIVERSITY HOSPITAL REGENSBURG,public,"run.zq,fastq,sra","gs,ncbi,s3","gs.us-east1,ncbi.public,s3.us-east-1",2023-03-05,2023-03-05,2023-03-05,2023-03-05,ERX10403574,SAMEA112746144,University Hospital Regensburg,2023-03-05T12:22:37Z,2023-03-05T12:22:37Z,public,Ion GeneStudio S5 Plus,SINGLE,PCR,METAGENOMIC,human metagenome,ION_TORRENT,2023-03-06T00:00:00Z,2023-03-11T00:19:00Z,1,SAMEA112746144,MO16S_151,human metagenome,ERP138358,MO16S_151,University Hospital Regensburg,ERS14741406,,,,
ERR10966737,AMPLICON,402,10595391,PRJEB53547,SAMEA112746145,8374394,UNIVERSITY HOSPITAL REGENSBURG,public,"run.zq,fastq,sra","gs,ncbi,s3","gs.us-east1,ncbi.public,s3.us-east-1",2023-03-05,2023-03-05,2023-03-05,2023-03-05,ERX10403575,SAMEA112746145,University Hospital Regensburg,2023-03-05T12:22:37Z,2023-03-05T12:22:37Z,public,Ion GeneStudio S5 Plus,SINGLE,PCR,METAGENOMIC,human metagenome,ION_TORRENT,2023-03-06T00:00:00Z,2023-03-11T00:25:00Z,1,SAMEA112746145,MO16S_152,human metagenome,ERP138358,MO16S_152,University Hospital Regensburg,ERS14741407,,,,
ERR10966738,AMPLICON,394,874868,PRJEB53547,SAMEA112746146,775215,UNIVERSITY HOSPITAL REGENSBURG,public,"fastq,run.zq,sra","s3,gs,ncbi","s3.us-east-1,ncbi.public,gs.us-east1",2023-03-05,2023-03-05,2023-03-05,2023-03-05,ERX10403576,SAMEA112746146,University Hospital Regensburg,2023-03-05T12:22:37Z,2023-03-05T12:22:37Z,public,Ion GeneStudio S5 Plus,SINGLE,PCR,METAGENOMIC,human metagenome,ION_TORRENT,2023-03-06T00:00:00Z,2023-03-11T00:23:00Z,1,SAMEA112746146,MO16S_153,human metagenome,ERP138358,MO16S_153,University Hospital Regensburg,ERS14741408,,,,
ERR10966739,AMPLICON,403,11233384,PRJEB53547,SAMEA112746147,8938959,UNIVERSITY HOSPITAL REGENSBURG,public,"run.zq,sra,fastq","gs,ncbi,s3","ncbi.public,s3.us-east-1,gs.us-east1",2023-03-05,2023-03-05,2023-03-05,2023-03-05,ERX10403577,SAMEA112746147,University Hospital Regensburg,2023-03-05T12:22:37Z,2023-03-05T12:22:37Z,public,Ion GeneStudio S5 Plus,SINGLE,PCR,METAGENOMIC,human metagenome,ION_TORRENT,2023-03-06T00:00:00Z,2023-03-11T00:23:00Z,1,SAMEA112746147,MO16S_154,human metagenome,ERP138358,MO16S_154,University Hospital Regensburg,ERS14741409,,,,
ERR10966740,AMPLICON,408,18819479,PRJEB53547,SAMEA112746148,14844664,UNIVERSITY HOSPITAL REGENSBURG,public,"sra,run.zq,fastq","gs,ncbi,s3","s3.us-east-1,gs.us-east1,ncbi.public",2023-03-05,2023-03-05,2023-03-05,2023-03-05,ERX10403578,SAMEA112746148,University Hospital Regensburg,2023-03-05T12:22:37Z,2023-03-05T12:22:37Z,public,Ion GeneStudio S5 Plus,SINGLE,PCR,METAGENOMIC,human metagenome,ION_TORRENT,2023-03-06T00:00:00Z,2023-03-11T00:25:00Z,1,SAMEA112746148,MO16S_155,human metagenome,ERP138358,MO16S_155,University Hospital Regensburg,ERS14741410,,,,
ERR10966741,AMPLICON,411,12115786,PRJEB53547,SAMEA112746149,9617975,UNIVERSITY HOSPITAL REGENSBURG,public,"run.zq,sra,fastq","ncbi,gs,s3","ncbi.public,s3.us-east-1,gs.us-east1",2023-03-05,2023-03-05,2023-03-05,2023-03-05,ERX10403579,SAMEA112746149,University Hospital Regensburg,2023-03-05T12:22:37Z,2023-03-05T12:22:37Z,public,Ion GeneStudio S5 Plus,SINGLE,PCR,METAGENOMIC,human metagenome,ION_TORRENT,2023-03-06T00:00:00Z,2023-03-11T00:23:00Z,1,SAMEA112746149,MO16S_156,human metagenome,ERP138358,MO16S_156,University Hospital Regensburg,ERS14741411,,,,
ERR10966742,AMPLICON,398,15869969,PRJEB53547,SAMEA112746150,12527988,UNIVERSITY HOSPITAL REGENSBURG,public,"sra,run.zq,fastq","gs,ncbi,s3","s3.us-east-1,gs.us-east1,ncbi.public",2023-03-05,2023-03-05,2023-03-05,2023-03-05,ERX10403580,SAMEA112746150,University Hospital Regensburg,2023-03-05T12:22:37Z,2023-03-05T12:22:37Z,public,Ion GeneStudio S5 Plus,SINGLE,PCR,METAGENOMIC,human metagenome,ION_TORRENT,2023-03-06T00:00:00Z,2023-03-11T00:25:00Z,1,SAMEA112746150,MO16S_157,human metagenome,ERP138358,MO16S_157,University Hospital Regensburg,ERS14741412,,,,
ERR10966743,AMPLICON,381,12609781,PRJEB53547,SAMEA112746151,10129251,UNIVERSITY HOSPITAL REGENSBURG,public,"run.zq,fastq,sra","s3,ncbi,gs","ncbi.public,s3.us-east-1,gs.us-east1",2023-03-05,2023-03-05,2023-03-05,2023-03-05,ERX10403581,SAMEA112746151,University Hospital Regensburg,2023-03-05T12:22:37Z,2023-03-05T12:22:37Z,public,Ion GeneStudio S5 Plus,SINGLE,PCR,METAGENOMIC,human metagenome,ION_TORRENT,2023-03-06T00:00:00Z,2023-03-11T00:25:00Z,1,SAMEA112746151,MO16S_158,human metagenome,ERP138358,MO16S_158,University Hospital Regensburg,ERS14741413,,,,
ERR10966744,AMPLICON,414,14455277,PRJEB53547,SAMEA112746152,11444608,UNIVERSITY HOSPITAL REGENSBURG,public,"sra,fastq,run.zq","ncbi,s3,gs","ncbi.public,gs.us-east1,s3.us-east-1",2023-03-05,2023-03-05,2023-03-05,2023-03-05,ERX10403582,SAMEA112746152,University Hospital Regensburg,2023-03-05T12:22:37Z,2023-03-05T12:22:37Z,public,Ion GeneStudio S5 Plus,SINGLE,PCR,METAGENOMIC,human metagenome,ION_TORRENT,2023-03-06T00:00:00Z,2023-03-11T00:25:00Z,1,SAMEA112746152,MO16S_159,human metagenome,ERP138358,MO16S_159,University Hospital Regensburg,ERS14741414,,,,
ERR10966745,AMPLICON,364,6031561,PRJEB53547,SAMEA112746153,4890874,UNIVERSITY HOSPITAL REGENSBURG,public,"sra,fastq,run.zq","gs,s3,ncbi","ncbi.public,s3.us-east-1,gs.us-east1",2023-03-05,2023-03-05,2023-03-05,2023-03-05,ERX10403583,SAMEA112746153,University Hospital Regensburg,2023-03-05T12:22:37Z,2023-03-05T12:22:37Z,public,Ion GeneStudio S5 Plus,SINGLE,PCR,METAGENOMIC,human metagenome,ION_TORRENT,2023-03-06T00:00:00Z,2023-03-11T00:33:00Z,1,SAMEA112746153,MO16S_160,human metagenome,ERP138358,MO16S_160,University Hospital Regensburg,ERS14741415,,,,
ERR10966746,AMPLICON,410,12295400,PRJEB53547,SAMEA112746154,9768279,UNIVERSITY HOSPITAL REGENSBURG,public,"run.zq,sra,fastq","s3,ncbi,gs","gs.us-east1,ncbi.public,s3.us-east-1",2023-03-05,2023-03-05,2023-03-05,2023-03-05,ERX10403584,SAMEA112746154,University Hospital Regensburg,2023-03-05T12:22:37Z,2023-03-05T12:22:37Z,public,Ion GeneStudio S5 Plus,SINGLE,PCR,METAGENOMIC,human metagenome,ION_TORRENT,2023-03-06T00:00:00Z,2023-03-11T00:26:00Z,1,SAMEA112746154,MO16S_161,human metagenome,ERP138358,MO16S_161,University Hospital Regensburg,ERS14741416,,,,
ERR10966747,AMPLICON,332,4685566,PRJEB53547,SAMEA112746155,3795539,UNIVERSITY HOSPITAL REGENSBURG,public,"sra,fastq,run.zq","gs,ncbi,s3","gs.us-east1,s3.us-east-1,ncbi.public",2023-03-05,2023-03-05,2023-03-05,2023-03-05,ERX10403585,SAMEA112746155,University Hospital Regensburg,2023-03-05T12:22:37Z,2023-03-05T12:22:37Z,public,Ion GeneStudio S5 Plus,SINGLE,PCR,METAGENOMIC,human metagenome,ION_TORRENT,2023-03-06T00:00:00Z,2023-03-11T00:30:00Z,1,SAMEA112746155,MO16S_162,human metagenome,ERP138358,MO16S_162,University Hospital Regensburg,ERS14741417,,,,
ERR10966748,AMPLICON,403,17112380,PRJEB53547,SAMEA112746156,13616854,UNIVERSITY HOSPITAL REGENSBURG,public,"run.zq,fastq,sra","s3,gs,ncbi","gs.us-east1,s3.us-east-1,ncbi.public",2023-03-05,2023-03-05,2023-03-05,2023-03-05,ERX10403586,SAMEA112746156,University Hospital Regensburg,2023-03-05T12:22:37Z,2023-03-05T12:22:37Z,public,Ion GeneStudio S5 Plus,SINGLE,PCR,METAGENOMIC,human metagenome,ION_TORRENT,2023-03-06T00:00:00Z,2023-03-11T00:37:00Z,1,SAMEA112746156,MO16S_163,human metagenome,ERP138358,MO16S_163,University Hospital Regensburg,ERS14741418,,,,
ERR10966749,AMPLICON,401,14004282,PRJEB53547,SAMEA112746157,11044590,UNIVERSITY HOSPITAL REGENSBURG,public,"fastq,run.zq,sra","gs,s3,ncbi","ncbi.public,s3.us-east-1,gs.us-east1",2023-03-05,2023-03-05,2023-03-05,2023-03-05,ERX10403587,SAMEA112746157,University Hospital Regensburg,2023-03-05T12:22:37Z,2023-03-05T12:22:37Z,public,Ion GeneStudio S5 Plus,SINGLE,PCR,METAGENOMIC,human metagenome,ION_TORRENT,2023-03-06T00:00:00Z,2023-03-11T00:37:00Z,1,SAMEA112746157,MO16S_164,human metagenome,ERP138358,MO16S_164,University Hospital Regensburg,ERS14741419,,,,
ERR10966750,AMPLICON,438,16417125,PRJEB53547,SAMEA112746158,12987499,UNIVERSITY HOSPITAL REGENSBURG,public,"run.zq,sra,fastq","gs,s3,ncbi","s3.us-east-1,gs.us-east1,ncbi.public",2023-03-05,2023-03-05,2023-03-05,2023-03-05,ERX10403588,SAMEA112746158,University Hospital Regensburg,2023-03-05T12:22:37Z,2023-03-05T12:22:37Z,public,Ion GeneStudio S5 Plus,SINGLE,PCR,METAGENOMIC,human metagenome,ION_TORRENT,2023-03-06T00:00:00Z,2023-03-11T00:38:00Z,1,SAMEA112746158,MO16S_165,human metagenome,ERP138358,MO16S_165,University Hospital Regensburg,ERS14741420,,,,
ERR10966751,AMPLICON,296,25135447,PRJEB53547,SAMEA112746159,20184494,UNIVERSITY HOSPITAL REGENSBURG,public,"sra,fastq,run.zq","gs,ncbi,s3","s3.us-east-1,ncbi.public,gs.us-east1",2023-03-05,2023-03-05,2023-03-05,2023-03-05,ERX10403589,SAMEA112746159,University Hospital Regensburg,2023-03-05T12:22:37Z,2023-03-05T12:22:37Z,public,Ion GeneStudio S5 Plus,SINGLE,PCR,METAGENOMIC,human metagenome,ION_TORRENT,2023-03-06T00:00:00Z,2023-03-11T00:37:00Z,1,SAMEA112746159,MO16S_166,human metagenome,ERP138358,MO16S_166,University Hospital Regensburg,ERS14741421,,,,
ERR10966752,AMPLICON,401,9551995,PRJEB53547,SAMEA112746160,7593535,UNIVERSITY HOSPITAL REGENSBURG,public,"fastq,run.zq,sra","ncbi,gs,s3","ncbi.public,s3.us-east-1,gs.us-east1",2023-03-05,2023-03-05,2023-03-05,2023-03-05,ERX10403590,SAMEA112746160,University Hospital Regensburg,2023-03-05T12:22:37Z,2023-03-05T12:22:37Z,public,Ion GeneStudio S5 Plus,SINGLE,PCR,METAGENOMIC,human metagenome,ION_TORRENT,2023-03-06T00:00:00Z,2023-03-11T00:37:00Z,1,SAMEA112746160,MO16S_167,human metagenome,ERP138358,MO16S_167,University Hospital Regensburg,ERS14741422,,,,
ERR10966753,AMPLICON,399,11862632,PRJEB53547,SAMEA112746161,9419057,UNIVERSITY HOSPITAL REGENSBURG,public,"run.zq,sra,fastq","s3,ncbi,gs","gs.us-east1,s3.us-east-1,ncbi.public",2023-03-05,2023-03-05,2023-03-05,2023-03-05,ERX10403591,SAMEA112746161,University Hospital Regensburg,2023-03-05T12:22:37Z,2023-03-05T12:22:37Z,public,Ion GeneStudio S5 Plus,SINGLE,PCR,METAGENOMIC,human metagenome,ION_TORRENT,2023-03-06T00:00:00Z,2023-03-11T00:38:00Z,1,SAMEA112746161,MO16S_168,human metagenome,ERP138358,MO16S_168,University Hospital Regensburg,ERS14741423,,,,
ERR10966754,AMPLICON,403,11094957,PRJEB53547,SAMEA112746162,8836473,UNIVERSITY HOSPITAL REGENSBURG,public,"fastq,run.zq,sra","gs,s3,ncbi","ncbi.public,s3.us-east-1,gs.us-east1",2023-03-05,2023-03-05,2023-03-05,2023-03-05,ERX10403592,SAMEA112746162,University Hospital Regensburg,2023-03-05T12:22:37Z,2023-03-05T12:22:37Z,public,Ion GeneStudio S5 Plus,SINGLE,PCR,METAGENOMIC,human metagenome,ION_TORRENT,2023-03-06T00:00:00Z,2023-03-11T00:38:00Z,1,SAMEA112746162,MO16S_169,human metagenome,ERP138358,MO16S_169,University Hospital Regensburg,ERS14741424,,,,
ERR10966755,AMPLICON,410,10493507,PRJEB53547,SAMEA112746163,8343797,UNIVERSITY HOSPITAL REGENSBURG,public,"run.zq,fastq,sra","s3,ncbi,gs","gs.us-east1,ncbi.public,s3.us-east-1",2023-03-05,2023-03-05,2023-03-05,2023-03-05,ERX10403593,SAMEA112746163,University Hospital Regensburg,2023-03-05T12:22:37Z,2023-03-05T12:22:37Z,public,Ion GeneStudio S5 Plus,SINGLE,PCR,METAGENOMIC,human metagenome,ION_TORRENT,2023-03-06T00:00:00Z,2023-03-11T00:38:00Z,1,SAMEA112746163,MO16S_170,human metagenome,ERP138358,MO16S_170,University Hospital Regensburg,ERS14741425,,,,
ERR10966756,AMPLICON,374,10387503,PRJEB53547,SAMEA112746164,8259146,UNIVERSITY HOSPITAL REGENSBURG,public,"run.zq,fastq,sra","ncbi,s3,gs","s3.us-east-1,ncbi.public,gs.us-east1",2023-03-05,2023-03-05,2023-03-05,2023-03-05,ERX10403594,SAMEA112746164,University Hospital Regensburg,2023-03-05T12:22:37Z,2023-03-05T12:22:37Z,public,Ion GeneStudio S5 Plus,SINGLE,PCR,METAGENOMIC,human metagenome,ION_TORRENT,2023-03-06T00:00:00Z,2023-03-11T00:38:00Z,1,SAMEA112746164,MO16S_171,human metagenome,ERP138358,MO16S_171,University Hospital Regensburg,ERS14741426,,,,
ERR10966757,AMPLICON,368,4087828,PRJEB53547,SAMEA112746165,3304271,UNIVERSITY HOSPITAL REGENSBURG,public,"fastq,sra,run.zq","s3,gs,ncbi","ncbi.public,gs.us-east1,s3.us-east-1",2023-03-05,2023-03-05,2023-03-05,2023-03-05,ERX10403595,SAMEA112746165,University Hospital Regensburg,2023-03-05T12:22:37Z,2023-03-05T12:22:37Z,public,Ion GeneStudio S5 Plus,SINGLE,PCR,METAGENOMIC,human metagenome,ION_TORRENT,2023-03-06T00:00:00Z,2023-03-11T00:39:00Z,1,SAMEA112746165,MO16S_172,human metagenome,ERP138358,MO16S_172,University Hospital Regensburg,ERS14741427,,,,
ERR10966758,AMPLICON,325,4658959,PRJEB53547,SAMEA112746166,3797156,UNIVERSITY HOSPITAL REGENSBURG,public,"run.zq,sra,fastq","gs,s3,ncbi","ncbi.public,gs.us-east1,s3.us-east-1",2023-03-05,2023-03-05,2023-03-05,2023-03-05,ERX10403596,SAMEA112746166,University Hospital Regensburg,2023-03-05T12:22:37Z,2023-03-05T12:22:37Z,public,Ion GeneStudio S5 Plus,SINGLE,PCR,METAGENOMIC,human metagenome,ION_TORRENT,2023-03-06T00:00:00Z,2023-03-11T00:38:00Z,1,SAMEA112746166,MO16S_173,human metagenome,ERP138358,MO16S_173,University Hospital Regensburg,ERS14741428,,,,
ERR10966759,AMPLICON,410,12037667,PRJEB53547,SAMEA112746167,9528144,UNIVERSITY HOSPITAL REGENSBURG,public,"sra,fastq,run.zq","s3,gs,ncbi","ncbi.public,gs.us-east1,s3.us-east-1",2023-03-05,2023-03-05,2023-03-05,2023-03-05,ERX10403597,SAMEA112746167,University Hospital Regensburg,2023-03-05T12:22:37Z,2023-03-05T12:22:37Z,public,Ion GeneStudio S5 Plus,SINGLE,PCR,METAGENOMIC,human metagenome,ION_TORRENT,2023-03-06T00:00:00Z,2023-03-11T00:38:00Z,1,SAMEA112746167,MO16S_174,human metagenome,ERP138358,MO16S_174,University Hospital Regensburg,ERS14741429,,,,
ERR10966760,AMPLICON,416,8671400,PRJEB53547,SAMEA112746168,6907282,UNIVERSITY HOSPITAL REGENSBURG,public,"sra,fastq,run.zq","s3,ncbi,gs","ncbi.public,s3.us-east-1,gs.us-east1",2023-03-05,2023-03-05,2023-03-05,2023-03-05,ERX10403598,SAMEA112746168,University Hospital Regensburg,2023-03-05T12:22:37Z,2023-03-05T12:22:37Z,public,Ion GeneStudio S5 Plus,SINGLE,PCR,METAGENOMIC,human metagenome,ION_TORRENT,2023-03-06T00:00:00Z,2023-03-11T00:38:00Z,1,SAMEA112746168,MO16S_175,human metagenome,ERP138358,MO16S_175,University Hospital Regensburg,ERS14741430,,,,
ERR10966761,AMPLICON,407,15710079,PRJEB53547,SAMEA112746169,12405479,UNIVERSITY HOSPITAL REGENSBURG,public,"run.zq,sra,fastq","ncbi,s3,gs","s3.us-east-1,gs.us-east1,ncbi.public",2023-03-05,2023-03-05,2023-03-05,2023-03-05,ERX10403599,SAMEA112746169,University Hospital Regensburg,2023-03-05T12:22:37Z,2023-03-05T12:22:37Z,public,Ion GeneStudio S5 Plus,SINGLE,PCR,METAGENOMIC,human metagenome,ION_TORRENT,2023-03-06T00:00:00Z,2023-03-11T00:39:00Z,1,SAMEA112746169,MO16S_176,human metagenome,ERP138358,MO16S_176,University Hospital Regensburg,ERS14741431,,,,
ERR10966762,AMPLICON,390,4883484,PRJEB53547,SAMEA112746170,3925431,UNIVERSITY HOSPITAL REGENSBURG,public,"fastq,run.zq,sra","s3,ncbi,gs","gs.us-east1,s3.us-east-1,ncbi.public",2023-03-05,2023-03-05,2023-03-05,2023-03-05,ERX10403600,SAMEA112746170,University Hospital Regensburg,2023-03-05T12:22:37Z,2023-03-05T12:22:37Z,public,Ion GeneStudio S5 Plus,SINGLE,PCR,METAGENOMIC,human metagenome,ION_TORRENT,2023-03-06T00:00:00Z,2023-03-11T00:39:00Z,1,SAMEA112746170,MO16S_177,human metagenome,ERP138358,MO16S_177,University Hospital Regensburg,ERS14741432,,,,
ERR10966763,AMPLICON,374,7684980,PRJEB53547,SAMEA112746171,6196390,UNIVERSITY HOSPITAL REGENSBURG,public,"fastq,run.zq,sra","s3,gs,ncbi","ncbi.public,gs.us-east1,s3.us-east-1",2023-03-05,2023-03-05,2023-03-05,2023-03-05,ERX10403601,SAMEA112746171,University Hospital Regensburg,2023-03-05T12:22:37Z,2023-03-05T12:22:37Z,public,Ion GeneStudio S5 Plus,SINGLE,PCR,METAGENOMIC,human metagenome,ION_TORRENT,2023-03-06T00:00:00Z,2023-03-11T00:39:00Z,1,SAMEA112746171,MO16S_178,human metagenome,ERP138358,MO16S_178,University Hospital Regensburg,ERS14741433,,,,
ERR10966764,AMPLICON,397,11907256,PRJEB53547,SAMEA112746172,9469153,UNIVERSITY HOSPITAL REGENSBURG,public,"fastq,sra,run.zq","gs,s3,ncbi","gs.us-east1,s3.us-east-1,ncbi.public",2023-03-05,2023-03-05,2023-03-05,2023-03-05,ERX10403602,SAMEA112746172,University Hospital Regensburg,2023-03-05T12:22:37Z,2023-03-05T12:22:37Z,public,Ion GeneStudio S5 Plus,SINGLE,PCR,METAGENOMIC,human metagenome,ION_TORRENT,2023-03-06T00:00:00Z,2023-03-11T00:39:00Z,1,SAMEA112746172,MO16S_179,human metagenome,ERP138358,MO16S_179,University Hospital Regensburg,ERS14741434,,,,
ERR10966765,AMPLICON,414,7642411,PRJEB53547,SAMEA112746173,6070691,UNIVERSITY HOSPITAL REGENSBURG,public,"fastq,sra,run.zq","gs,ncbi,s3","gs.us-east1,s3.us-east-1,ncbi.public",2023-03-05,2023-03-05,2023-03-05,2023-03-05,ERX10403603,SAMEA112746173,University Hospital Regensburg,2023-03-05T12:22:37Z,2023-03-05T12:22:37Z,public,Ion GeneStudio S5 Plus,SINGLE,PCR,METAGENOMIC,human metagenome,ION_TORRENT,2023-03-06T00:00:00Z,2023-03-11T00:38:00Z,1,SAMEA112746173,MO16S_180,human metagenome,ERP138358,MO16S_180,University Hospital Regensburg,ERS14741435,,,,
ERR10966766,AMPLICON,398,2975954,PRJEB53547,SAMEA112746174,2410627,UNIVERSITY HOSPITAL REGENSBURG,public,"run.zq,fastq,sra","s3,ncbi,gs","ncbi.public,s3.us-east-1,gs.us-east1",2023-03-05,2023-03-05,2023-03-05,2023-03-05,ERX10403604,SAMEA112746174,University Hospital Regensburg,2023-03-05T12:22:37Z,2023-03-05T12:22:37Z,public,Ion GeneStudio S5 Plus,SINGLE,PCR,METAGENOMIC,human metagenome,ION_TORRENT,2023-03-06T00:00:00Z,2023-03-11T00:38:00Z,1,SAMEA112746174,MO16S_181,human metagenome,ERP138358,MO16S_181,University Hospital Regensburg,ERS14741436,,,,
ERR10966767,AMPLICON,411,7563956,PRJEB53547,SAMEA112746175,6015406,UNIVERSITY HOSPITAL REGENSBURG,public,"sra,run.zq,fastq","s3,gs,ncbi","ncbi.public,s3.us-east-1,gs.us-east1",2023-03-05,2023-03-05,2023-03-05,2023-03-05,ERX10403605,SAMEA112746175,University Hospital Regensburg,2023-03-05T12:22:37Z,2023-03-05T12:22:37Z,public,Ion GeneStudio S5 Plus,SINGLE,PCR,METAGENOMIC,human metagenome,ION_TORRENT,2023-03-06T00:00:00Z,2023-03-11T00:39:00Z,1,SAMEA112746175,MO16S_182,human metagenome,ERP138358,MO16S_182,University Hospital Regensburg,ERS14741437,,,,
ERR10966768,AMPLICON,400,13534919,PRJEB53547,SAMEA112746176,10763226,UNIVERSITY HOSPITAL REGENSBURG,public,"fastq,sra,run.zq","ncbi,s3,gs","gs.us-east1,s3.us-east-1,ncbi.public",2023-03-05,2023-03-05,2023-03-05,2023-03-05,ERX10403606,SAMEA112746176,University Hospital Regensburg,2023-03-05T12:22:37Z,2023-03-05T12:22:37Z,public,Ion GeneStudio S5 Plus,SINGLE,PCR,METAGENOMIC,human metagenome,ION_TORRENT,2023-03-06T00:00:00Z,2023-03-11T00:38:00Z,1,SAMEA112746176,MO16S_183,human metagenome,ERP138358,MO16S_183,University Hospital Regensburg,ERS14741438,,,,
ERR10966769,AMPLICON,334,10605592,PRJEB53547,SAMEA112746177,8495739,UNIVERSITY HOSPITAL REGENSBURG,public,"sra,run.zq,fastq","s3,gs,ncbi","gs.us-east1,ncbi.public,s3.us-east-1",2023-03-05,2023-03-05,2023-03-05,2023-03-05,ERX10403607,SAMEA112746177,University Hospital Regensburg,2023-03-05T12:22:37Z,2023-03-05T12:22:37Z,public,Ion GeneStudio S5 Plus,SINGLE,PCR,METAGENOMIC,human metagenome,ION_TORRENT,2023-03-06T00:00:00Z,2023-03-11T00:39:00Z,1,SAMEA112746177,MO16S_184,human metagenome,ERP138358,MO16S_184,University Hospital Regensburg,ERS14741439,,,,
ERR10966770,AMPLICON,385,8785142,PRJEB53547,SAMEA112746178,6968015,UNIVERSITY HOSPITAL REGENSBURG,public,"run.zq,sra,fastq","s3,gs,ncbi","ncbi.public,gs.us-east1,s3.us-east-1",2023-03-05,2023-03-05,2023-03-05,2023-03-05,ERX10403608,SAMEA112746178,University Hospital Regensburg,2023-03-05T12:22:37Z,2023-03-05T12:22:37Z,public,Ion GeneStudio S5 Plus,SINGLE,PCR,METAGENOMIC,human metagenome,ION_TORRENT,2023-03-06T00:00:00Z,2023-03-11T00:39:00Z,1,SAMEA112746178,MO16S_185,human metagenome,ERP138358,MO16S_185,University Hospital Regensburg,ERS14741440,,,,
ERR10966771,AMPLICON,410,10269466,PRJEB53547,SAMEA112746179,8158054,UNIVERSITY HOSPITAL REGENSBURG,public,"fastq,sra,run.zq","ncbi,s3,gs","ncbi.public,s3.us-east-1,gs.us-east1",2023-03-05,2023-03-05,2023-03-05,2023-03-05,ERX10403609,SAMEA112746179,University Hospital Regensburg,2023-03-05T12:22:37Z,2023-03-05T12:22:37Z,public,Ion GeneStudio S5 Plus,SINGLE,PCR,METAGENOMIC,human metagenome,ION_TORRENT,2023-03-06T00:00:00Z,2023-03-11T00:39:00Z,1,SAMEA112746179,MO16S_186,human metagenome,ERP138358,MO16S_186,University Hospital Regensburg,ERS14741441,,,,
ERR10966772,AMPLICON,406,11292763,PRJEB53547,SAMEA112746180,8972180,UNIVERSITY HOSPITAL REGENSBURG,public,"sra,fastq,run.zq","gs,ncbi,s3","s3.us-east-1,gs.us-east1,ncbi.public",2023-03-05,2023-03-05,2023-03-05,2023-03-05,ERX10403610,SAMEA112746180,University Hospital Regensburg,2023-03-05T12:22:37Z,2023-03-05T12:22:37Z,public,Ion GeneStudio S5 Plus,SINGLE,PCR,METAGENOMIC,human metagenome,ION_TORRENT,2023-03-06T00:00:00Z,2023-03-11T00:40:00Z,1,SAMEA112746180,MO16S_187,human metagenome,ERP138358,MO16S_187,University Hospital Regensburg,ERS14741442,,,,
ERR10966773,AMPLICON,336,3775453,PRJEB53547,SAMEA112746181,3077846,UNIVERSITY HOSPITAL REGENSBURG,public,"sra,fastq,run.zq","ncbi,gs,s3","ncbi.public,gs.us-east1,s3.us-east-1",2023-03-05,2023-03-05,2023-03-05,2023-03-05,ERX10403611,SAMEA112746181,University Hospital Regensburg,2023-03-05T12:22:37Z,2023-03-05T12:22:37Z,public,Ion GeneStudio S5 Plus,SINGLE,PCR,METAGENOMIC,human metagenome,ION_TORRENT,2023-03-06T00:00:00Z,2023-03-11T00:39:00Z,1,SAMEA112746181,MO16S_188,human metagenome,ERP138358,MO16S_188,University Hospital Regensburg,ERS14741443,,,,
ERR10966774,AMPLICON,325,4160716,PRJEB53547,SAMEA112746182,3381058,UNIVERSITY HOSPITAL REGENSBURG,public,"fastq,run.zq,sra","s3,gs,ncbi","gs.us-east1,s3.us-east-1,ncbi.public",2023-03-05,2023-03-05,2023-03-05,2023-03-05,ERX10403612,SAMEA112746182,University Hospital Regensburg,2023-03-05T12:22:37Z,2023-03-05T12:22:37Z,public,Ion GeneStudio S5 Plus,SINGLE,PCR,METAGENOMIC,human metagenome,ION_TORRENT,2023-03-06T00:00:00Z,2023-03-11T00:39:00Z,1,SAMEA112746182,MO16S_189,human metagenome,ERP138358,MO16S_189,University Hospital Regensburg,ERS14741444,,,,
ERR10966775,AMPLICON,385,8939259,PRJEB53547,SAMEA112746183,7191296,UNIVERSITY HOSPITAL REGENSBURG,public,"fastq,run.zq,sra","ncbi,s3,gs","gs.us-east1,ncbi.public,s3.us-east-1",2023-03-05,2023-03-05,2023-03-05,2023-03-05,ERX10403613,SAMEA112746183,University Hospital Regensburg,2023-03-05T12:22:37Z,2023-03-05T12:22:37Z,public,Ion GeneStudio S5 Plus,SINGLE,PCR,METAGENOMIC,human metagenome,ION_TORRENT,2023-03-06T00:00:00Z,2023-03-11T00:40:00Z,1,SAMEA112746183,MO16S_190,human metagenome,ERP138358,MO16S_190,University Hospital Regensburg,ERS14741445,,,,
ERR10966776,AMPLICON,391,4369215,PRJEB53547,SAMEA112746184,3517125,UNIVERSITY HOSPITAL REGENSBURG,public,"sra,run.zq,fastq","ncbi,s3,gs","ncbi.public,gs.us-east1,s3.us-east-1",2023-03-05,2023-03-05,2023-03-05,2023-03-05,ERX10403614,SAMEA112746184,University Hospital Regensburg,2023-03-05T12:22:37Z,2023-03-05T12:22:37Z,public,Ion GeneStudio S5 Plus,SINGLE,PCR,METAGENOMIC,human metagenome,ION_TORRENT,2023-03-06T00:00:00Z,2023-03-11T00:39:00Z,1,SAMEA112746184,MO16S_191,human metagenome,ERP138358,MO16S_191,University Hospital Regensburg,ERS14741446,,,,
ERR10966777,AMPLICON,391,8063757,PRJEB53547,SAMEA112746185,6411891,UNIVERSITY HOSPITAL REGENSBURG,public,"fastq,run.zq,sra","s3,gs,ncbi","gs.us-east1,ncbi.public,s3.us-east-1",2023-03-05,2023-03-05,2023-03-05,2023-03-05,ERX10403615,SAMEA112746185,University Hospital Regensburg,2023-03-05T12:22:37Z,2023-03-05T12:22:37Z,public,Ion GeneStudio S5 Plus,SINGLE,PCR,METAGENOMIC,human metagenome,ION_TORRENT,2023-03-06T00:00:00Z,2023-03-11T00:39:00Z,1,SAMEA112746185,MO16S_192,human metagenome,ERP138358,MO16S_192,University Hospital Regensburg,ERS14741447,,,,
ERR10966778,AMPLICON,404,4055989,PRJEB53547,SAMEA112746186,3251457,UNIVERSITY HOSPITAL REGENSBURG,public,"sra,run.zq,fastq","s3,gs,ncbi","ncbi.public,gs.us-east1,s3.us-east-1",2023-03-05,2023-03-05T12:22:37Z,2023-03-05,2023-03-05T12:22:37Z,ERX10403616,SAMEA112746186,University Hospital Regensburg,2023-03-05T12:22:37Z,2023-03-05T12:22:37Z,public,Ion GeneStudio S5 Plus,SINGLE,PCR,METAGENOMIC,human metagenome,ION_TORRENT,2023-03-06T00:00:00Z,2023-03-11T00:40:00Z,1,SAMEA112746186,MO16S_193,human metagenome,ERP138358,MO16S_193,,ERS14741448,,,,
ERR10966779,AMPLICON,398,8490166,PRJEB53547,SAMEA112746187,6743809,UNIVERSITY HOSPITAL REGENSBURG,public,"sra,fastq,run.zq","s3,gs,ncbi","s3.us-east-1,ncbi.public,gs.us-east1",2023-03-05,2023-03-05,2023-03-05,2023-03-05,ERX10403617,SAMEA112746187,University Hospital Regensburg,2023-03-05T12:22:37Z,2023-03-05T12:22:37Z,public,Ion GeneStudio S5 Plus,SINGLE,PCR,METAGENOMIC,human metagenome,ION_TORRENT,2023-03-06T00:00:00Z,2023-03-11T00:40:00Z,1,SAMEA112746187,MO16S_194,human metagenome,ERP138358,MO16S_194,University Hospital Regensburg,ERS14741449,,,,
ERR10966780,AMPLICON,428,14240134,PRJEB53547,SAMEA112746188,11538227,UNIVERSITY HOSPITAL REGENSBURG,public,"run.zq,fastq,sra","gs,ncbi,s3","ncbi.public,s3.us-east-1,gs.us-east1",2023-03-05,2023-03-05,2023-03-05,2023-03-05,ERX10403618,SAMEA112746188,University Hospital Regensburg,2023-03-05T12:22:37Z,2023-03-05T12:22:37Z,public,Ion GeneStudio S5 Plus,SINGLE,PCR,METAGENOMIC,human metagenome,ION_TORRENT,2023-03-06T00:00:00Z,2023-03-11T00:39:00Z,1,SAMEA112746188,MO16S_195,human metagenome,ERP138358,MO16S_195,University Hospital Regensburg,ERS14741450,,,,
ERR10966781,AMPLICON,430,19187624,PRJEB53547,SAMEA112746189,15498627,UNIVERSITY HOSPITAL REGENSBURG,public,"sra,fastq,run.zq","ncbi,s3,gs","s3.us-east-1,gs.us-east1,ncbi.public",2023-03-05,2023-03-05,2023-03-05,2023-03-05,ERX10403619,SAMEA112746189,University Hospital Regensburg,2023-03-05T12:22:37Z,2023-03-05T12:22:37Z,public,Ion GeneStudio S5 Plus,SINGLE,PCR,METAGENOMIC,human metagenome,ION_TORRENT,2023-03-06T00:00:00Z,2023-03-11T00:40:00Z,1,SAMEA112746189,MO16S_196,human metagenome,ERP138358,MO16S_196,University Hospital Regensburg,ERS14741451,,,,
ERR10966782,AMPLICON,430,11548375,PRJEB53547,SAMEA112746190,9376371,UNIVERSITY HOSPITAL REGENSBURG,public,"fastq,sra,run.zq","gs,s3,ncbi","gs.us-east1,s3.us-east-1,ncbi.public",2023-03-05,2023-03-05,2023-03-05,2023-03-05,ERX10403620,SAMEA112746190,University Hospital Regensburg,2023-03-05T12:22:37Z,2023-03-05T12:22:37Z,public,Ion GeneStudio S5 Plus,SINGLE,PCR,METAGENOMIC,human metagenome,ION_TORRENT,2023-03-06T00:00:00Z,2023-03-11T00:40:00Z,1,SAMEA112746190,MO16S_197,human metagenome,ERP138358,MO16S_197,University Hospital Regensburg,ERS14741452,,,,
ERR10966783,AMPLICON,446,13068974,PRJEB53547,SAMEA112746191,10605280,UNIVERSITY HOSPITAL REGENSBURG,public,"fastq,sra,run.zq","ncbi,s3,gs","ncbi.public,s3.us-east-1,gs.us-east1",2023-03-05,2023-03-05,2023-03-05,2023-03-05,ERX10403621,SAMEA112746191,University Hospital Regensburg,2023-03-05T12:22:37Z,2023-03-05T12:22:37Z,public,Ion GeneStudio S5 Plus,SINGLE,PCR,METAGENOMIC,human metagenome,ION_TORRENT,2023-03-06T00:00:00Z,2023-03-11T00:40:00Z,1,SAMEA112746191,MO16S_198,human metagenome,ERP138358,MO16S_198,University Hospital Regensburg,ERS14741453,,,,
ERR10966784,AMPLICON,429,17668947,PRJEB53547,SAMEA112746192,14080505,UNIVERSITY HOSPITAL REGENSBURG,public,"run.zq,sra,fastq","ncbi,gs,s3","ncbi.public,gs.us-east1,s3.us-east-1",2023-03-05,2023-03-05,2023-03-05,2023-03-05,ERX10403622,SAMEA112746192,University Hospital Regensburg,2023-03-05T12:22:37Z,2023-03-05T12:22:37Z,public,Ion GeneStudio S5 Plus,SINGLE,PCR,METAGENOMIC,human metagenome,ION_TORRENT,2023-03-06T00:00:00Z,2023-03-11T00:40:00Z,1,SAMEA112746192,MO16S_199,human metagenome,ERP138358,MO16S_199,University Hospital Regensburg,ERS14741454,,,,
ERR10966785,AMPLICON,436,13499908,PRJEB53547,SAMEA112746193,10946003,UNIVERSITY HOSPITAL REGENSBURG,public,"sra,fastq,run.zq","s3,gs,ncbi","gs.us-east1,s3.us-east-1,ncbi.public",2023-03-05,2023-03-05,2023-03-05,2023-03-05,ERX10403623,SAMEA112746193,University Hospital Regensburg,2023-03-05T12:22:37Z,2023-03-05T12:22:37Z,public,Ion GeneStudio S5 Plus,SINGLE,PCR,METAGENOMIC,human metagenome,ION_TORRENT,2023-03-06T00:00:00Z,2023-03-11T00:40:00Z,1,SAMEA112746193,MO16S_200,human metagenome,ERP138358,MO16S_200,University Hospital Regensburg,ERS14741455,,,,
ERR10966786,AMPLICON,447,21356255,PRJEB53547,SAMEA112746194,17149476,UNIVERSITY HOSPITAL REGENSBURG,public,"sra,fastq,run.zq","s3,ncbi,gs","s3.us-east-1,gs.us-east1,ncbi.public",2023-03-05,2023-03-05,2023-03-05,2023-03-05,ERX10403624,SAMEA112746194,University Hospital Regensburg,2023-03-05T12:22:37Z,2023-03-05T12:22:37Z,public,Ion GeneStudio S5 Plus,SINGLE,PCR,METAGENOMIC,human metagenome,ION_TORRENT,2023-03-06T00:00:00Z,2023-03-11T00:40:00Z,1,SAMEA112746194,MO16S_201,human metagenome,ERP138358,MO16S_201,University Hospital Regensburg,ERS14741456,,,,
ERR10966787,AMPLICON,454,22271911,PRJEB53547,SAMEA112746195,17867078,UNIVERSITY HOSPITAL REGENSBURG,public,"run.zq,fastq,sra","ncbi,gs,s3","ncbi.public,s3.us-east-1,gs.us-east1",2023-03-05,2023-03-05,2023-03-05,2023-03-05,ERX10403625,SAMEA112746195,University Hospital Regensburg,2023-03-05T12:22:37Z,2023-03-05T12:22:37Z,public,Ion GeneStudio S5 Plus,SINGLE,PCR,METAGENOMIC,human metagenome,ION_TORRENT,2023-03-06T00:00:00Z,2023-03-11T00:40:00Z,1,SAMEA112746195,MO16S_202,human metagenome,ERP138358,MO16S_202,University Hospital Regensburg,ERS14741457,,,,
ERR10966788,AMPLICON,442,24541885,PRJEB53547,SAMEA112746196,19794390,UNIVERSITY HOSPITAL REGENSBURG,public,"sra,run.zq,fastq","s3,ncbi,gs","gs.us-east1,s3.us-east-1,ncbi.public",2023-03-05,2023-03-05,2023-03-05,2023-03-05,ERX10403626,SAMEA112746196,University Hospital Regensburg,2023-03-05T12:22:37Z,2023-03-05T12:22:37Z,public,Ion GeneStudio S5 Plus,SINGLE,PCR,METAGENOMIC,human metagenome,ION_TORRENT,2023-03-06T00:00:00Z,2023-03-11T00:40:00Z,1,SAMEA112746196,MO16S_203,human metagenome,ERP138358,MO16S_203,University Hospital Regensburg,ERS14741458,,,,
ERR10966789,AMPLICON,453,26271757,PRJEB53547,SAMEA112746197,21095836,UNIVERSITY HOSPITAL REGENSBURG,public,"fastq,run.zq,sra","gs,s3,ncbi","gs.us-east1,ncbi.public,s3.us-east-1",2023-03-05,2023-03-05,2023-03-05,2023-03-05,ERX10403627,SAMEA112746197,University Hospital Regensburg,2023-03-05T12:22:37Z,2023-03-05T12:22:37Z,public,Ion GeneStudio S5 Plus,SINGLE,PCR,METAGENOMIC,human metagenome,ION_TORRENT,2023-03-06T00:00:00Z,2023-03-11T00:40:00Z,1,SAMEA112746197,MO16S_204,human metagenome,ERP138358,MO16S_204,University Hospital Regensburg,ERS14741459,,,,
ERR10966790,AMPLICON,452,22143344,PRJEB53547,SAMEA112746198,17796477,UNIVERSITY HOSPITAL REGENSBURG,public,"fastq,sra,run.zq","s3,gs,ncbi","ncbi.public,s3.us-east-1,gs.us-east1",2023-03-05,2023-03-05,2023-03-05,2023-03-05,ERX10403628,SAMEA112746198,University Hospital Regensburg,2023-03-05T12:22:37Z,2023-03-05T12:22:37Z,public,Ion GeneStudio S5 Plus,SINGLE,PCR,METAGENOMIC,human metagenome,ION_TORRENT,2023-03-06T00:00:00Z,2023-03-11T00:40:00Z,1,SAMEA112746198,MO16S_205,human metagenome,ERP138358,MO16S_205,University Hospital Regensburg,ERS14741460,,,,
ERR10966791,AMPLICON,448,24194789,PRJEB53547,SAMEA112746199,19445241,UNIVERSITY HOSPITAL REGENSBURG,public,"run.zq,fastq,sra","ncbi,s3,gs","ncbi.public,s3.us-east-1,gs.us-east1",2023-03-05,2023-03-05,2023-03-05,2023-03-05,ERX10403629,SAMEA112746199,University Hospital Regensburg,2023-03-05T12:22:37Z,2023-03-05T12:22:37Z,public,Ion GeneStudio S5 Plus,SINGLE,PCR,METAGENOMIC,human metagenome,ION_TORRENT,2023-03-06T00:00:00Z,2023-03-11T00:40:00Z,1,SAMEA112746199,MO16S_206,human metagenome,ERP138358,MO16S_206,University Hospital Regensburg,ERS14741461,,,,
ERR10966792,AMPLICON,447,25584825,PRJEB53547,SAMEA112746200,20635155,UNIVERSITY HOSPITAL REGENSBURG,public,"sra,run.zq,fastq","s3,ncbi,gs","gs.us-east1,ncbi.public,s3.us-east-1",2023-03-05,2023-03-05,2023-03-05,2023-03-05,ERX10403630,SAMEA112746200,University Hospital Regensburg,2023-03-05T12:22:37Z,2023-03-05T12:22:37Z,public,Ion GeneStudio S5 Plus,SINGLE,PCR,METAGENOMIC,human metagenome,ION_TORRENT,2023-03-06T00:00:00Z,2023-03-11T00:42:00Z,1,SAMEA112746200,MO16S_207,human metagenome,ERP138358,MO16S_207,University Hospital Regensburg,ERS14741462,,,,
ERR10966793,AMPLICON,429,31141446,PRJEB53547,SAMEA112746201,24813655,UNIVERSITY HOSPITAL REGENSBURG,public,"run.zq,sra,fastq","ncbi,s3,gs","gs.us-east1,ncbi.public,s3.us-east-1",2023-03-05,2023-03-05,2023-03-05,2023-03-05,ERX10403631,SAMEA112746201,University Hospital Regensburg,2023-03-05T12:22:37Z,2023-03-05T12:22:37Z,public,Ion GeneStudio S5 Plus,SINGLE,PCR,METAGENOMIC,human metagenome,ION_TORRENT,2023-03-06T00:00:00Z,2023-03-11T00:41:00Z,1,SAMEA112746201,MO16S_208,human metagenome,ERP138358,MO16S_208,University Hospital Regensburg,ERS14741463,,,,
ERR10966794,AMPLICON,459,13615964,PRJEB53547,SAMEA112746202,10933196,UNIVERSITY HOSPITAL REGENSBURG,public,"sra,fastq,run.zq","s3,ncbi,gs","ncbi.public,s3.us-east-1,gs.us-east1",2023-03-05,2023-03-05,2023-03-05,2023-03-05,ERX10403632,SAMEA112746202,University Hospital Regensburg,2023-03-05T12:22:37Z,2023-03-05T12:22:37Z,public,Ion GeneStudio S5 Plus,SINGLE,PCR,METAGENOMIC,human metagenome,ION_TORRENT,2023-03-06T00:00:00Z,2023-03-11T00:42:00Z,1,SAMEA112746202,MO16S_209,human metagenome,ERP138358,MO16S_209,University Hospital Regensburg,ERS14741464,,,,
ERR10966795,AMPLICON,443,23792394,PRJEB53547,SAMEA112746203,19112105,UNIVERSITY HOSPITAL REGENSBURG,public,"run.zq,fastq,sra","s3,ncbi,gs","s3.us-east-1,gs.us-east1,ncbi.public",2023-03-05,2023-03-05,2023-03-05,2023-03-05,ERX10403633,SAMEA112746203,University Hospital Regensburg,2023-03-05T12:22:37Z,2023-03-05T12:22:37Z,public,Ion GeneStudio S5 Plus,SINGLE,PCR,METAGENOMIC,human metagenome,ION_TORRENT,2023-03-06T00:00:00Z,2023-03-11T00:42:00Z,1,SAMEA112746203,MO16S_210,human metagenome,ERP138358,MO16S_210,University Hospital Regensburg,ERS14741465,,,,
ERR10966796,AMPLICON,450,29168675,PRJEB53547,SAMEA112746204,23327341,UNIVERSITY HOSPITAL REGENSBURG,public,"fastq,run.zq,sra","gs,s3,ncbi","gs.us-east1,ncbi.public,s3.us-east-1",2023-03-05,2023-03-05,2023-03-05,2023-03-05,ERX10403634,SAMEA112746204,University Hospital Regensburg,2023-03-05T12:22:37Z,2023-03-05T12:22:37Z,public,Ion GeneStudio S5 Plus,SINGLE,PCR,METAGENOMIC,human metagenome,ION_TORRENT,2023-03-06T00:00:00Z,2023-03-11T00:42:00Z,1,SAMEA112746204,MO16S_211,human metagenome,ERP138358,MO16S_211,University Hospital Regensburg,ERS14741466,,,,
ERR10966797,AMPLICON,362,7287949,PRJEB53547,SAMEA112746205,6075984,UNIVERSITY HOSPITAL REGENSBURG,public,"fastq,sra,run.zq","gs,ncbi,s3","ncbi.public,s3.us-east-1,gs.us-east1",2023-03-05,2023-03-05,2023-03-05,2023-03-05,ERX10403635,SAMEA112746205,University Hospital Regensburg,2023-03-05T12:22:37Z,2023-03-05T12:22:37Z,public,Ion GeneStudio S5 Plus,SINGLE,PCR,METAGENOMIC,human metagenome,ION_TORRENT,2023-03-06T00:00:00Z,2023-03-11T00:42:00Z,1,SAMEA112746205,MO16S_212,human metagenome,ERP138358,MO16S_212,University Hospital Regensburg,ERS14741467,,,,
ERR10966798,AMPLICON,437,22701247,PRJEB53547,SAMEA112746206,18248246,UNIVERSITY HOSPITAL REGENSBURG,public,"run.zq,sra,fastq","ncbi,gs,s3","s3.us-east-1,gs.us-east1,ncbi.public",2023-03-05,2023-03-05,2023-03-05,2023-03-05,ERX10403636,SAMEA112746206,University Hospital Regensburg,2023-03-05T12:22:37Z,2023-03-05T12:22:37Z,public,Ion GeneStudio S5 Plus,SINGLE,PCR,METAGENOMIC,human metagenome,ION_TORRENT,2023-03-06T00:00:00Z,2023-03-11T00:42:00Z,1,SAMEA112746206,MO16S_213,human metagenome,ERP138358,MO16S_213,University Hospital Regensburg,ERS14741468,,,,
ERR10966799,AMPLICON,446,21999011,PRJEB53547,SAMEA112746207,17589089,UNIVERSITY HOSPITAL REGENSBURG,public,"fastq,run.zq,sra","s3,ncbi,gs","ncbi.public,s3.us-east-1,gs.us-east1",2023-03-05,2023-03-05T12:22:37Z,2023-03-05,2023-03-05T12:22:37Z,ERX10403637,SAMEA112746207,University Hospital Regensburg,2023-03-05T12:22:37Z,2023-03-05T12:22:37Z,public,Ion GeneStudio S5 Plus,SINGLE,PCR,METAGENOMIC,human metagenome,ION_TORRENT,2023-03-06T00:00:00Z,2023-03-11T00:51:00Z,2,SAMEA112746207,MO16S_214,human metagenome,ERP138358,MO16S_214,,ERS14741469,,,,
ERR10966800,AMPLICON,429,26395452,PRJEB53547,SAMEA112746208,20970898,UNIVERSITY HOSPITAL REGENSBURG,public,"run.zq,sra,fastq","ncbi,gs,s3","ncbi.public,s3.us-east-1,gs.us-east1",2023-03-05,2023-03-05,2023-03-05,2023-03-05,ERX10403638,SAMEA112746208,University Hospital Regensburg,2023-03-05T12:22:37Z,2023-03-05T12:22:37Z,public,Ion GeneStudio S5 Plus,SINGLE,PCR,METAGENOMIC,human metagenome,ION_TORRENT,2023-03-06T00:00:00Z,2023-03-11T00:42:00Z,1,SAMEA112746208,MO16S_215,human metagenome,ERP138358,MO16S_215,University Hospital Regensburg,ERS14741470,,,,
ERR10966801,AMPLICON,427,22638427,PRJEB53547,SAMEA112746209,17996594,UNIVERSITY HOSPITAL REGENSBURG,public,"run.zq,fastq,sra","s3,ncbi,gs","ncbi.public,gs.us-east1,s3.us-east-1",2023-03-05,2023-03-05,2023-03-05,2023-03-05,ERX10403639,SAMEA112746209,University Hospital Regensburg,2023-03-05T12:22:37Z,2023-03-05T12:22:37Z,public,Ion GeneStudio S5 Plus,SINGLE,PCR,METAGENOMIC,human metagenome,ION_TORRENT,2023-03-06T00:00:00Z,2023-03-11T00:42:00Z,1,SAMEA112746209,MO16S_216,human metagenome,ERP138358,MO16S_216,University Hospital Regensburg,ERS14741471,,,,
ERR10966802,AMPLICON,426,27526938,PRJEB53547,SAMEA112746210,22003331,UNIVERSITY HOSPITAL REGENSBURG,public,"fastq,sra,run.zq","gs,s3,ncbi","gs.us-east1,ncbi.public,s3.us-east-1",2023-03-05,2023-03-05,2023-03-05,2023-03-05,ERX10403640,SAMEA112746210,University Hospital Regensburg,2023-03-05T12:22:37Z,2023-03-05T12:22:37Z,public,Ion GeneStudio S5 Plus,SINGLE,PCR,METAGENOMIC,human metagenome,ION_TORRENT,2023-03-06T00:00:00Z,2023-03-11T00:42:00Z,1,SAMEA112746210,MO16S_217,human metagenome,ERP138358,MO16S_217,University Hospital Regensburg,ERS14741472,,,,
ERR10966803,AMPLICON,445,21978550,PRJEB53547,SAMEA112746211,17681863,UNIVERSITY HOSPITAL REGENSBURG,public,"run.zq,sra,fastq","gs,s3,ncbi","ncbi.public,gs.us-east1,s3.us-east-1",2023-03-05,2023-03-05,2023-03-05,2023-03-05,ERX10403641,SAMEA112746211,University Hospital Regensburg,2023-03-05T12:22:37Z,2023-03-05T12:22:37Z,public,Ion GeneStudio S5 Plus,SINGLE,PCR,METAGENOMIC,human metagenome,ION_TORRENT,2023-03-06T00:00:00Z,2023-03-11T00:52:00Z,2,SAMEA112746211,MO16S_218,human metagenome,ERP138358,MO16S_218,University Hospital Regensburg,ERS14741473,,,,
ERR10966804,AMPLICON,457,28965867,PRJEB53547,SAMEA112746212,23259040,UNIVERSITY HOSPITAL REGENSBURG,public,"fastq,run.zq,sra","ncbi,s3,gs","ncbi.public,gs.us-east1,s3.us-east-1",2023-03-05,2023-03-05,2023-03-05,2023-03-05,ERX10403642,SAMEA112746212,University Hospital Regensburg,2023-03-05T12:22:37Z,2023-03-05T12:22:37Z,public,Ion GeneStudio S5 Plus,SINGLE,PCR,METAGENOMIC,human metagenome,ION_TORRENT,2023-03-06T00:00:00Z,2023-03-11T00:42:00Z,1,SAMEA112746212,MO16S_219,human metagenome,ERP138358,MO16S_219,University Hospital Regensburg,ERS14741474,,,,
ERR10966805,AMPLICON,455,24565216,PRJEB53547,SAMEA112746213,19833069,UNIVERSITY HOSPITAL REGENSBURG,public,"run.zq,sra,fastq","gs,ncbi,s3","ncbi.public,gs.us-east1,s3.us-east-1",2023-03-05,2023-03-05,2023-03-05,2023-03-05,ERX10403643,SAMEA112746213,University Hospital Regensburg,2023-03-05T12:22:37Z,2023-03-05T12:22:37Z,public,Ion GeneStudio S5 Plus,SINGLE,PCR,METAGENOMIC,human metagenome,ION_TORRENT,2023-03-06T00:00:00Z,2023-03-11T00:51:00Z,2,SAMEA112746213,MO16S_220,human metagenome,ERP138358,MO16S_220,University Hospital Regensburg,ERS14741475,,,,
ERR10966806,AMPLICON,449,19597890,PRJEB53547,SAMEA112746214,15826229,UNIVERSITY HOSPITAL REGENSBURG,public,"sra,run.zq,fastq","ncbi,s3,gs","ncbi.public,gs.us-east1,s3.us-east-1",2023-03-05,2023-03-05,2023-03-05,2023-03-05,ERX10403644,SAMEA112746214,University Hospital Regensburg,2023-03-05T12:22:37Z,2023-03-05T12:22:37Z,public,Ion GeneStudio S5 Plus,SINGLE,PCR,METAGENOMIC,human metagenome,ION_TORRENT,2023-03-06T00:00:00Z,2023-03-11T00:42:00Z,1,SAMEA112746214,MO16S_221,human metagenome,ERP138358,MO16S_221,University Hospital Regensburg,ERS14741476,,,,
ERR10966807,AMPLICON,453,15819016,PRJEB53547,SAMEA112746215,12753553,UNIVERSITY HOSPITAL REGENSBURG,public,"run.zq,sra,fastq","gs,s3,ncbi","s3.us-east-1,ncbi.public,gs.us-east1",2023-03-05,2023-03-05,2023-03-05,2023-03-05,ERX10403645,SAMEA112746215,University Hospital Regensburg,2023-03-05T12:22:37Z,2023-03-05T12:22:37Z,public,Ion GeneStudio S5 Plus,SINGLE,PCR,METAGENOMIC,human metagenome,ION_TORRENT,2023-03-06T00:00:00Z,2023-03-11T00:42:00Z,1,SAMEA112746215,MO16S_222,human metagenome,ERP138358,MO16S_222,University Hospital Regensburg,ERS14741477,,,,
ERR10966808,AMPLICON,455,29416279,PRJEB53547,SAMEA112746216,23492898,UNIVERSITY HOSPITAL REGENSBURG,public,"fastq,sra,run.zq","ncbi,gs,s3","s3.us-east-1,ncbi.public,gs.us-east1",2023-03-05,2023-03-05,2023-03-05,2023-03-05,ERX10403646,SAMEA112746216,University Hospital Regensburg,2023-03-05T12:22:37Z,2023-03-05T12:22:37Z,public,Ion GeneStudio S5 Plus,SINGLE,PCR,METAGENOMIC,human metagenome,ION_TORRENT,2023-03-06T00:00:00Z,2023-03-11T00:42:00Z,1,SAMEA112746216,MO16S_223,human metagenome,ERP138358,MO16S_223,University Hospital Regensburg,ERS14741478,,,,
ERR10966809,AMPLICON,448,21316292,PRJEB53547,SAMEA112746217,17255201,UNIVERSITY HOSPITAL REGENSBURG,public,"fastq,sra,run.zq","gs,ncbi,s3","s3.us-east-1,ncbi.public,gs.us-east1",2023-03-05,2023-03-05,2023-03-05,2023-03-05,ERX10403647,SAMEA112746217,University Hospital Regensburg,2023-03-05T12:22:37Z,2023-03-05T12:22:37Z,public,Ion GeneStudio S5 Plus,SINGLE,PCR,METAGENOMIC,human metagenome,ION_TORRENT,2023-03-06T00:00:00Z,2023-03-11T00:43:00Z,1,SAMEA112746217,MO16S_224,human metagenome,ERP138358,MO16S_224,University Hospital Regensburg,ERS14741479,,,,
ERR10966810,AMPLICON,452,11819577,PRJEB53547,SAMEA112746218,9537320,UNIVERSITY HOSPITAL REGENSBURG,public,"sra,fastq,run.zq","ncbi,gs,s3","s3.us-east-1,gs.us-east1,ncbi.public",2023-03-05,2023-03-05,2023-03-05,2023-03-05,ERX10403648,SAMEA112746218,University Hospital Regensburg,2023-03-05T12:22:37Z,2023-03-05T12:22:37Z,public,Ion GeneStudio S5 Plus,SINGLE,PCR,METAGENOMIC,human metagenome,ION_TORRENT,2023-03-06T00:00:00Z,2023-03-11T00:43:00Z,1,SAMEA112746218,MO16S_225,human metagenome,ERP138358,MO16S_225,University Hospital Regensburg,ERS14741480,,,,
ERR10966811,AMPLICON,435,21690360,PRJEB53547,SAMEA112746219,17419745,UNIVERSITY HOSPITAL REGENSBURG,public,"fastq,run.zq,sra","gs,s3,ncbi","ncbi.public,s3.us-east-1,gs.us-east1",2023-03-05,2023-03-05,2023-03-05,2023-03-05,ERX10403649,SAMEA112746219,University Hospital Regensburg,2023-03-05T12:22:37Z,2023-03-05T12:22:37Z,public,Ion GeneStudio S5 Plus,SINGLE,PCR,METAGENOMIC,human metagenome,ION_TORRENT,2023-03-06T00:00:00Z,2023-03-11T00:43:00Z,1,SAMEA112746219,MO16S_226,human metagenome,ERP138358,MO16S_226,University Hospital Regensburg,ERS14741481,,,,
ERR10966812,AMPLICON,443,46744267,PRJEB53547,SAMEA112746220,37646639,UNIVERSITY HOSPITAL REGENSBURG,public,"fastq,sra,run.zq","ncbi,gs,s3","gs.us-east1,s3.us-east-1,ncbi.public",2023-03-05,2023-03-05,2023-03-05,2023-03-05,ERX10403650,SAMEA112746220,University Hospital Regensburg,2023-03-05T12:22:37Z,2023-03-05T12:22:37Z,public,Ion GeneStudio S5 Plus,SINGLE,PCR,METAGENOMIC,human metagenome,ION_TORRENT,2023-03-06T00:00:00Z,2023-03-11T00:43:00Z,1,SAMEA112746220,MO16S_227,human metagenome,ERP138358,MO16S_227,University Hospital Regensburg,ERS14741482,,,,
ERR10966813,AMPLICON,433,21332178,PRJEB53547,SAMEA112746221,17177115,UNIVERSITY HOSPITAL REGENSBURG,public,"fastq,run.zq,sra","ncbi,s3,gs","gs.us-east1,s3.us-east-1,ncbi.public",2023-03-05,2023-03-05,2023-03-05,2023-03-05,ERX10403651,SAMEA112746221,University Hospital Regensburg,2023-03-05T12:22:37Z,2023-03-05T12:22:37Z,public,Ion GeneStudio S5 Plus,SINGLE,PCR,METAGENOMIC,human metagenome,ION_TORRENT,2023-03-06T00:00:00Z,2023-03-11T00:43:00Z,1,SAMEA112746221,MO16S_228,human metagenome,ERP138358,MO16S_228,University Hospital Regensburg,ERS14741483,,,,
ERR10966814,AMPLICON,429,19647726,PRJEB53547,SAMEA112746222,15884818,UNIVERSITY HOSPITAL REGENSBURG,public,"fastq,run.zq,sra","s3,ncbi,gs","ncbi.public,gs.us-east1,s3.us-east-1",2023-03-05,2023-03-05,2023-03-05,2023-03-05,ERX10403652,SAMEA112746222,University Hospital Regensburg,2023-03-05T12:22:37Z,2023-03-05T12:22:37Z,public,Ion GeneStudio S5 Plus,SINGLE,PCR,METAGENOMIC,human metagenome,ION_TORRENT,2023-03-06T00:00:00Z,2023-03-11T00:48:00Z,2,SAMEA112746222,MO16S_229,human metagenome,ERP138358,MO16S_229,University Hospital Regensburg,ERS14741484,,,,
ERR10966815,AMPLICON,405,15489949,PRJEB53547,SAMEA112746223,12607180,UNIVERSITY HOSPITAL REGENSBURG,public,"fastq,run.zq,sra","gs,s3,ncbi","ncbi.public,gs.us-east1,s3.us-east-1",2023-03-05,2023-03-05,2023-03-05,2023-03-05,ERX10403653,SAMEA112746223,University Hospital Regensburg,2023-03-05T12:22:37Z,2023-03-05T12:22:37Z,public,Ion GeneStudio S5 Plus,SINGLE,PCR,METAGENOMIC,human metagenome,ION_TORRENT,2023-03-06T00:00:00Z,2023-03-11T00:43:00Z,1,SAMEA112746223,MO16S_230,human metagenome,ERP138358,MO16S_230,University Hospital Regensburg,ERS14741485,,,,
ERR10966816,AMPLICON,404,12238809,PRJEB53547,SAMEA112746224,9989067,UNIVERSITY HOSPITAL REGENSBURG,public,"sra,run.zq,fastq","gs,ncbi,s3","gs.us-east1,ncbi.public,s3.us-east-1",2023-03-05,2023-03-05,2023-03-05,2023-03-05,ERX10403654,SAMEA112746224,University Hospital Regensburg,2023-03-05T12:22:37Z,2023-03-05T12:22:37Z,public,Ion GeneStudio S5 Plus,SINGLE,PCR,METAGENOMIC,human metagenome,ION_TORRENT,2023-03-06T00:00:00Z,2023-03-11T00:52:00Z,2,SAMEA112746224,MO16S_231,human metagenome,ERP138358,MO16S_231,University Hospital Regensburg,ERS14741486,,,,
ERR10966817,AMPLICON,437,21379660,PRJEB53547,SAMEA112746225,17206549,UNIVERSITY HOSPITAL REGENSBURG,public,"sra,fastq,run.zq","ncbi,s3,gs","s3.us-east-1,gs.us-east1,ncbi.public",2023-03-05,2023-03-05,2023-03-05,2023-03-05,ERX10403655,SAMEA112746225,University Hospital Regensburg,2023-03-05T12:22:37Z,2023-03-05T12:22:37Z,public,Ion GeneStudio S5 Plus,SINGLE,PCR,METAGENOMIC,human metagenome,ION_TORRENT,2023-03-06T00:00:00Z,2023-03-11T00:43:00Z,1,SAMEA112746225,MO16S_232,human metagenome,ERP138358,MO16S_232,University Hospital Regensburg,ERS14741487,,,,
ERR10966818,AMPLICON,438,19702081,PRJEB53547,SAMEA112746226,15957107,UNIVERSITY HOSPITAL REGENSBURG,public,"run.zq,sra,fastq","ncbi,gs,s3","gs.us-east1,ncbi.public,s3.us-east-1",2023-03-05,2023-03-05,2023-03-05,2023-03-05,ERX10403656,SAMEA112746226,University Hospital Regensburg,2023-03-05T12:22:37Z,2023-03-05T12:22:37Z,public,Ion GeneStudio S5 Plus,SINGLE,PCR,METAGENOMIC,human metagenome,ION_TORRENT,2023-03-06T00:00:00Z,2023-03-11T00:43:00Z,1,SAMEA112746226,MO16S_233,human metagenome,ERP138358,MO16S_233,University Hospital Regensburg,ERS14741488,,,,
ERR10966819,AMPLICON,431,21421784,PRJEB53547,SAMEA112746227,17261638,UNIVERSITY HOSPITAL REGENSBURG,public,"fastq,sra,run.zq","ncbi,gs,s3","gs.us-east1,s3.us-east-1,ncbi.public",2023-03-05,2023-03-05,2023-03-05,2023-03-05,ERX10403657,SAMEA112746227,University Hospital Regensburg,2023-03-05T12:22:37Z,2023-03-05T12:22:37Z,public,Ion GeneStudio S5 Plus,SINGLE,PCR,METAGENOMIC,human metagenome,ION_TORRENT,2023-03-06T00:00:00Z,2023-03-11T00:43:00Z,1,SAMEA112746227,MO16S_234,human metagenome,ERP138358,MO16S_234,University Hospital Regensburg,ERS14741489,,,,
ERR10966820,AMPLICON,424,22048785,PRJEB53547,SAMEA112746228,17810834,UNIVERSITY HOSPITAL REGENSBURG,public,"sra,run.zq,fastq","s3,ncbi,gs","ncbi.public,s3.us-east-1,gs.us-east1",2023-03-05,2023-03-05,2023-03-05,2023-03-05,ERX10403658,SAMEA112746228,University Hospital Regensburg,2023-03-05T12:22:37Z,2023-03-05T12:22:37Z,public,Ion GeneStudio S5 Plus,SINGLE,PCR,METAGENOMIC,human metagenome,ION_TORRENT,2023-03-06T00:00:00Z,2023-03-11T00:43:00Z,1,SAMEA112746228,MO16S_235,human metagenome,ERP138358,MO16S_235,University Hospital Regensburg,ERS14741490,,,,
ERR10966821,AMPLICON,419,23481977,PRJEB53547,SAMEA112746229,18738378,UNIVERSITY HOSPITAL REGENSBURG,public,"fastq,run.zq,sra","gs,s3,ncbi","s3.us-east-1,ncbi.public,gs.us-east1",2023-03-05,2023-03-05,2023-03-05,2023-03-05,ERX10403659,SAMEA112746229,University Hospital Regensburg,2023-03-05T12:22:37Z,2023-03-05T12:22:37Z,public,Ion GeneStudio S5 Plus,SINGLE,PCR,METAGENOMIC,human metagenome,ION_TORRENT,2023-03-06T00:00:00Z,2023-03-11T00:51:00Z,2,SAMEA112746229,MO16S_236,human metagenome,ERP138358,MO16S_236,University Hospital Regensburg,ERS14741491,,,,
ERR10966822,AMPLICON,441,25812392,PRJEB53547,SAMEA112746230,20761834,UNIVERSITY HOSPITAL REGENSBURG,public,"fastq,run.zq,sra","gs,ncbi,s3","s3.us-east-1,gs.us-east1,ncbi.public",2023-03-05,2023-03-05,2023-03-05,2023-03-05,ERX10403660,SAMEA112746230,University Hospital Regensburg,2023-03-05T12:22:37Z,2023-03-05T12:22:37Z,public,Ion GeneStudio S5 Plus,SINGLE,PCR,METAGENOMIC,human metagenome,ION_TORRENT,2023-03-06T00:00:00Z,2023-03-11T00:43:00Z,1,SAMEA112746230,MO16S_237,human metagenome,ERP138358,MO16S_237,University Hospital Regensburg,ERS14741492,,,,
ERR10966823,AMPLICON,444,7495218,PRJEB53547,SAMEA112746231,6068312,UNIVERSITY HOSPITAL REGENSBURG,public,"sra,fastq,run.zq","ncbi,gs,s3","gs.us-east1,ncbi.public,s3.us-east-1",2023-03-05,2023-03-05,2023-03-05,2023-03-05,ERX10403661,SAMEA112746231,University Hospital Regensburg,2023-03-05T12:22:37Z,2023-03-05T12:22:37Z,public,Ion GeneStudio S5 Plus,SINGLE,PCR,METAGENOMIC,human metagenome,ION_TORRENT,2023-03-06T00:00:00Z,2023-03-11T00:43:00Z,1,SAMEA112746231,MO16S_238,human metagenome,ERP138358,MO16S_238,University Hospital Regensburg,ERS14741493,,,,
ERR10966824,AMPLICON,435,26616357,PRJEB53547,SAMEA112746232,21503532,UNIVERSITY HOSPITAL REGENSBURG,public,"fastq,run.zq,sra","gs,ncbi,s3","gs.us-east1,ncbi.public,s3.us-east-1",2023-03-05,2023-03-05,2023-03-05,2023-03-05,ERX10403662,SAMEA112746232,University Hospital Regensburg,2023-03-05T12:22:37Z,2023-03-05T12:22:37Z,public,Ion GeneStudio S5 Plus,SINGLE,PCR,METAGENOMIC,human metagenome,ION_TORRENT,2023-03-06T00:00:00Z,2023-03-11T00:43:00Z,1,SAMEA112746232,MO16S_239,human metagenome,ERP138358,MO16S_239,University Hospital Regensburg,ERS14741494,,,,
ERR10966825,AMPLICON,437,22746033,PRJEB53547,SAMEA112746233,18373797,UNIVERSITY HOSPITAL REGENSBURG,public,"sra,run.zq,fastq","ncbi,s3,gs","gs.us-east1,s3.us-east-1,ncbi.public",2023-03-05,2023-03-05,2023-03-05,2023-03-05,ERX10403663,SAMEA112746233,University Hospital Regensburg,2023-03-05T12:22:37Z,2023-03-05T12:22:37Z,public,Ion GeneStudio S5 Plus,SINGLE,PCR,METAGENOMIC,human metagenome,ION_TORRENT,2023-03-06T00:00:00Z,2023-03-11T00:51:00Z,2,SAMEA112746233,MO16S_240,human metagenome,ERP138358,MO16S_240,University Hospital Regensburg,ERS14741495,,,,
ERR10966826,AMPLICON,420,38153192,PRJEB53547,SAMEA112746234,30421028,UNIVERSITY HOSPITAL REGENSBURG,public,"sra,run.zq,fastq","s3,gs,ncbi","s3.us-east-1,ncbi.public,gs.us-east1",2023-03-05,2023-03-05,2023-03-05,2023-03-05,ERX10403664,SAMEA112746234,University Hospital Regensburg,2023-03-05T12:22:37Z,2023-03-05T12:22:37Z,public,Ion GeneStudio S5 Plus,SINGLE,PCR,METAGENOMIC,human metagenome,ION_TORRENT,2023-03-06T00:00:00Z,2023-03-11T00:43:00Z,1,SAMEA112746234,MO16S_241,human metagenome,ERP138358,MO16S_241,University Hospital Regensburg,ERS14741496,,,,
ERR10966827,AMPLICON,424,27637017,PRJEB53547,SAMEA112746235,21977652,UNIVERSITY HOSPITAL REGENSBURG,public,"fastq,run.zq,sra","gs,s3,ncbi","gs.us-east1,s3.us-east-1,ncbi.public",2023-03-05,2023-03-05,2023-03-05,2023-03-05,ERX10403665,SAMEA112746235,University Hospital Regensburg,2023-03-05T12:22:37Z,2023-03-05T12:22:37Z,public,Ion GeneStudio S5 Plus,SINGLE,PCR,METAGENOMIC,human metagenome,ION_TORRENT,2023-03-06T00:00:00Z,2023-03-11T00:43:00Z,1,SAMEA112746235,MO16S_242,human metagenome,ERP138358,MO16S_242,University Hospital Regensburg,ERS14741497,,,,
ERR10966828,AMPLICON,447,22339243,PRJEB53547,SAMEA112746236,18012150,UNIVERSITY HOSPITAL REGENSBURG,public,"sra,run.zq,fastq","gs,ncbi,s3","gs.us-east1,s3.us-east-1,ncbi.public",2023-03-05,2023-03-05,2023-03-05,2023-03-05,ERX10403666,SAMEA112746236,University Hospital Regensburg,2023-03-05T12:22:37Z,2023-03-05T12:22:37Z,public,Ion GeneStudio S5 Plus,SINGLE,PCR,METAGENOMIC,human metagenome,ION_TORRENT,2023-03-06T00:00:00Z,2023-03-11T00:43:00Z,1,SAMEA112746236,MO16S_243,human metagenome,ERP138358,MO16S_243,University Hospital Regensburg,ERS14741498,,,,
ERR10966829,AMPLICON,422,13439037,PRJEB53547,SAMEA112746237,10831732,UNIVERSITY HOSPITAL REGENSBURG,public,"run.zq,sra,fastq","ncbi,gs,s3","s3.us-east-1,gs.us-east1,ncbi.public",2023-03-05,2023-03-05,2023-03-05,2023-03-05,ERX10403667,SAMEA112746237,University Hospital Regensburg,2023-03-05T12:22:37Z,2023-03-05T12:22:37Z,public,Ion GeneStudio S5 Plus,SINGLE,PCR,METAGENOMIC,human metagenome,ION_TORRENT,2023-03-06T00:00:00Z,2023-03-11T00:43:00Z,1,SAMEA112746237,MO16S_244,human metagenome,ERP138358,MO16S_244,University Hospital Regensburg,ERS14741499,,,,
ERR10966830,AMPLICON,415,18538319,PRJEB53547,SAMEA112746238,15090895,UNIVERSITY HOSPITAL REGENSBURG,public,"fastq,run.zq,sra","s3,gs,ncbi","s3.us-east-1,ncbi.public,gs.us-east1",2023-03-05,2023-03-05,2023-03-05,2023-03-05,ERX10403668,SAMEA112746238,University Hospital Regensburg,2023-03-05T12:22:37Z,2023-03-05T12:22:37Z,public,Ion GeneStudio S5 Plus,SINGLE,PCR,METAGENOMIC,human metagenome,ION_TORRENT,2023-03-06T00:00:00Z,2023-03-11T00:44:00Z,1,SAMEA112746238,MO16S_245,human metagenome,ERP138358,MO16S_245,University Hospital Regensburg,ERS14741500,,,,
ERR10966831,AMPLICON,412,25544096,PRJEB53547,SAMEA112746239,20688763,UNIVERSITY HOSPITAL REGENSBURG,public,"run.zq,sra,fastq","gs,s3,ncbi","ncbi.public,s3.us-east-1,gs.us-east1",2023-03-05,2023-03-05T12:22:37Z,2023-03-05,2023-03-05T12:22:37Z,ERX10403669,SAMEA112746239,University Hospital Regensburg,2023-03-05T12:22:37Z,2023-03-05T12:22:37Z,public,Ion GeneStudio S5 Plus,SINGLE,PCR,METAGENOMIC,human metagenome,ION_TORRENT,2023-03-06T00:00:00Z,2023-03-11T00:55:00Z,2,SAMEA112746239,MO16S_246,human metagenome,ERP138358,MO16S_246,,ERS14741501,,,,
ERR10966832,AMPLICON,443,17764765,PRJEB53547,SAMEA112746240,14347670,UNIVERSITY HOSPITAL REGENSBURG,public,"fastq,run.zq,sra","s3,gs,ncbi","ncbi.public,s3.us-east-1,gs.us-east1",2023-03-05,2023-03-05,2023-03-05,2023-03-05,ERX10403670,SAMEA112746240,University Hospital Regensburg,2023-03-05T12:22:37Z,2023-03-05T12:22:37Z,public,Ion GeneStudio S5 Plus,SINGLE,PCR,METAGENOMIC,human metagenome,ION_TORRENT,2023-03-06T00:00:00Z,2023-03-11T00:44:00Z,1,SAMEA112746240,MO16S_247,human metagenome,ERP138358,MO16S_247,University Hospital Regensburg,ERS14741502,,,,
ERR10966833,AMPLICON,442,33173366,PRJEB53547,SAMEA112746241,26668889,UNIVERSITY HOSPITAL REGENSBURG,public,"sra,fastq,run.zq","ncbi,s3,gs","gs.us-east1,ncbi.public,s3.us-east-1",2023-03-05,2023-03-05,2023-03-05,2023-03-05,ERX10403671,SAMEA112746241,University Hospital Regensburg,2023-03-05T12:22:37Z,2023-03-05T12:22:37Z,public,Ion GeneStudio S5 Plus,SINGLE,PCR,METAGENOMIC,human metagenome,ION_TORRENT,2023-03-06T00:00:00Z,2023-03-11T00:56:00Z,2,SAMEA112746241,MO16S_248,human metagenome,ERP138358,MO16S_248,University Hospital Regensburg,ERS14741503,,,,
ERR10966834,AMPLICON,441,39425338,PRJEB53547,SAMEA112746242,31836624,UNIVERSITY HOSPITAL REGENSBURG,public,"fastq,sra,run.zq","s3,gs,ncbi","ncbi.public,s3.us-east-1,gs.us-east1",2023-03-05,2023-03-05,2023-03-05,2023-03-05,ERX10403672,SAMEA112746242,University Hospital Regensburg,2023-03-05T12:22:37Z,2023-03-05T12:22:37Z,public,Ion GeneStudio S5 Plus,SINGLE,PCR,METAGENOMIC,human metagenome,ION_TORRENT,2023-03-06T00:00:00Z,2023-03-11T00:43:00Z,1,SAMEA112746242,MO16S_249,human metagenome,ERP138358,MO16S_249,University Hospital Regensburg,ERS14741504,,,,
ERR10966835,AMPLICON,443,34594260,PRJEB53547,SAMEA112746243,27948949,UNIVERSITY HOSPITAL REGENSBURG,public,"run.zq,fastq,sra","s3,ncbi,gs","ncbi.public,gs.us-east1,s3.us-east-1",2023-03-05,2023-03-05,2023-03-05,2023-03-05,ERX10403673,SAMEA112746243,University Hospital Regensburg,2023-03-05T12:22:37Z,2023-03-05T12:22:37Z,public,Ion GeneStudio S5 Plus,SINGLE,PCR,METAGENOMIC,human metagenome,ION_TORRENT,2023-03-06T00:00:00Z,2023-03-11T00:44:00Z,1,SAMEA112746243,MO16S_250,human metagenome,ERP138358,MO16S_250,University Hospital Regensburg,ERS14741505,,,,
ERR10966836,AMPLICON,432,26459248,PRJEB53547,SAMEA112746244,21364724,UNIVERSITY HOSPITAL REGENSBURG,public,"fastq,run.zq,sra","ncbi,s3,gs","gs.us-east1,ncbi.public,s3.us-east-1",2023-03-05,2023-03-05,2023-03-05,2023-03-05,ERX10403674,SAMEA112746244,University Hospital Regensburg,2023-03-05T12:22:37Z,2023-03-05T12:22:37Z,public,Ion GeneStudio S5 Plus,SINGLE,PCR,METAGENOMIC,human metagenome,ION_TORRENT,2023-03-06T00:00:00Z,2023-03-11T00:43:00Z,1,SAMEA112746244,MO16S_251,human metagenome,ERP138358,MO16S_251,University Hospital Regensburg,ERS14741506,,,,
ERR10966837,AMPLICON,432,33253105,PRJEB53547,SAMEA112746245,26860212,UNIVERSITY HOSPITAL REGENSBURG,public,"run.zq,fastq,sra","gs,ncbi,s3","gs.us-east1,ncbi.public,s3.us-east-1",2023-03-05,2023-03-05,2023-03-05,2023-03-05,ERX10403675,SAMEA112746245,University Hospital Regensburg,2023-03-05T12:22:37Z,2023-03-05T12:22:37Z,public,Ion GeneStudio S5 Plus,SINGLE,PCR,METAGENOMIC,human metagenome,ION_TORRENT,2023-03-06T00:00:00Z,2023-03-11T00:44:00Z,1,SAMEA112746245,MO16S_252,human metagenome,ERP138358,MO16S_252,University Hospital Regensburg,ERS14741507,,,,
ERR10966838,AMPLICON,446,34312617,PRJEB53547,SAMEA112746246,27526691,UNIVERSITY HOSPITAL REGENSBURG,public,"run.zq,sra,fastq","ncbi,s3,gs","s3.us-east-1,gs.us-east1,ncbi.public",2023-03-05,2023-03-05,2023-03-05,2023-03-05,ERX10403676,SAMEA112746246,University Hospital Regensburg,2023-03-05T12:22:37Z,2023-03-05T12:22:37Z,public,Ion GeneStudio S5 Plus,SINGLE,PCR,METAGENOMIC,human metagenome,ION_TORRENT,2023-03-06T00:00:00Z,2023-03-11T00:44:00Z,1,SAMEA112746246,MO16S_253,human metagenome,ERP138358,MO16S_253,University Hospital Regensburg,ERS14741508,,,,
ERR10966839,AMPLICON,437,29284708,PRJEB53547,SAMEA112746247,23640402,UNIVERSITY HOSPITAL REGENSBURG,public,"sra,fastq,run.zq","s3,ncbi,gs","gs.us-east1,s3.us-east-1,ncbi.public",2023-03-05,2023-03-05,2023-03-05,2023-03-05,ERX10403677,SAMEA112746247,University Hospital Regensburg,2023-03-05T12:22:37Z,2023-03-05T12:22:37Z,public,Ion GeneStudio S5 Plus,SINGLE,PCR,METAGENOMIC,human metagenome,ION_TORRENT,2023-03-06T00:00:00Z,2023-03-11T00:44:00Z,1,SAMEA112746247,MO16S_254,human metagenome,ERP138358,MO16S_254,University Hospital Regensburg,ERS14741509,,,,
ERR10966840,AMPLICON,418,32384041,PRJEB53547,SAMEA112746248,25823986,UNIVERSITY HOSPITAL REGENSBURG,public,"fastq,run.zq,sra","ncbi,gs,s3","gs.us-east1,ncbi.public,s3.us-east-1",2023-03-05,2023-03-05,2023-03-05,2023-03-05,ERX10403678,SAMEA112746248,University Hospital Regensburg,2023-03-05T12:22:37Z,2023-03-05T12:22:37Z,public,Ion GeneStudio S5 Plus,SINGLE,PCR,METAGENOMIC,human metagenome,ION_TORRENT,2023-03-06T00:00:00Z,2023-03-11T00:44:00Z,1,SAMEA112746248,MO16S_255,human metagenome,ERP138358,MO16S_255,University Hospital Regensburg,ERS14741510,,,,
ERR10966841,AMPLICON,399,17757452,PRJEB53547,SAMEA112746249,14373257,UNIVERSITY HOSPITAL REGENSBURG,public,"run.zq,sra,fastq","gs,ncbi,s3","ncbi.public,s3.us-east-1,gs.us-east1",2023-03-05,2023-03-05,2023-03-05,2023-03-05,ERX10403679,SAMEA112746249,University Hospital Regensburg,2023-03-05T12:22:37Z,2023-03-05T12:22:37Z,public,Ion GeneStudio S5 Plus,SINGLE,PCR,METAGENOMIC,human metagenome,ION_TORRENT,2023-03-06T00:00:00Z,2023-03-11T00:44:00Z,1,SAMEA112746249,MO16S_256,human metagenome,ERP138358,MO16S_256,University Hospital Regensburg,ERS14741511,,,,
ERR10966842,AMPLICON,447,24554466,PRJEB53547,SAMEA112746250,19741593,UNIVERSITY HOSPITAL REGENSBURG,public,"run.zq,sra,fastq","ncbi,gs,s3","s3.us-east-1,gs.us-east1,ncbi.public",2023-03-05,2023-03-05,2023-03-05,2023-03-05,ERX10403680,SAMEA112746250,University Hospital Regensburg,2023-03-05T12:22:37Z,2023-03-05T12:22:37Z,public,Ion GeneStudio S5 Plus,SINGLE,PCR,METAGENOMIC,human metagenome,ION_TORRENT,2023-03-06T00:00:00Z,2023-03-11T00:44:00Z,1,SAMEA112746250,MO16S_257,human metagenome,ERP138358,MO16S_257,University Hospital Regensburg,ERS14741512,,,,
ERR10966843,AMPLICON,446,31519422,PRJEB53547,SAMEA112746251,25424077,UNIVERSITY HOSPITAL REGENSBURG,public,"fastq,sra,run.zq","ncbi,s3,gs","ncbi.public,gs.us-east1,s3.us-east-1",2023-03-05,2023-03-05,2023-03-05,2023-03-05,ERX10403681,SAMEA112746251,University Hospital Regensburg,2023-03-05T12:22:37Z,2023-03-05T12:22:37Z,public,Ion GeneStudio S5 Plus,SINGLE,PCR,METAGENOMIC,human metagenome,ION_TORRENT,2023-03-06T00:00:00Z,2023-03-11T00:45:00Z,1,SAMEA112746251,MO16S_258,human metagenome,ERP138358,MO16S_258,University Hospital Regensburg,ERS14741513,,,,
ERR10966844,AMPLICON,447,30868688,PRJEB53547,SAMEA112746252,24837691,UNIVERSITY HOSPITAL REGENSBURG,public,"run.zq,fastq,sra","ncbi,s3,gs","ncbi.public,gs.us-east1,s3.us-east-1",2023-03-05,2023-03-05,2023-03-05,2023-03-05,ERX10403682,SAMEA112746252,University Hospital Regensburg,2023-03-05T12:22:37Z,2023-03-05T12:22:37Z,public,Ion GeneStudio S5 Plus,SINGLE,PCR,METAGENOMIC,human metagenome,ION_TORRENT,2023-03-06T00:00:00Z,2023-03-11T00:44:00Z,1,SAMEA112746252,MO16S_259,human metagenome,ERP138358,MO16S_259,University Hospital Regensburg,ERS14741514,,,,
ERR10966845,AMPLICON,450,13749909,PRJEB53547,SAMEA112746253,11118993,UNIVERSITY HOSPITAL REGENSBURG,public,"fastq,run.zq,sra","ncbi,s3,gs","ncbi.public,gs.us-east1,s3.us-east-1",2023-03-05,2023-03-05,2023-03-05,2023-03-05,ERX10403683,SAMEA112746253,University Hospital Regensburg,2023-03-05T12:22:37Z,2023-03-05T12:22:37Z,public,Ion GeneStudio S5 Plus,SINGLE,PCR,METAGENOMIC,human metagenome,ION_TORRENT,2023-03-06T00:00:00Z,2023-03-11T00:44:00Z,1,SAMEA112746253,MO16S_260,human metagenome,ERP138358,MO16S_260,University Hospital Regensburg,ERS14741515,,,,
ERR10966846,AMPLICON,437,25698051,PRJEB53547,SAMEA112746254,20765498,UNIVERSITY HOSPITAL REGENSBURG,public,"sra,run.zq,fastq","ncbi,gs,s3","ncbi.public,gs.us-east1,s3.us-east-1",2023-03-05,2023-03-05,2023-03-05,2023-03-05,ERX10403684,SAMEA112746254,University Hospital Regensburg,2023-03-05T12:22:37Z,2023-03-05T12:22:37Z,public,Ion GeneStudio S5 Plus,SINGLE,PCR,METAGENOMIC,human metagenome,ION_TORRENT,2023-03-06T00:00:00Z,2023-03-11T00:44:00Z,1,SAMEA112746254,MO16S_261,human metagenome,ERP138358,MO16S_261,University Hospital Regensburg,ERS14741516,,,,
ERR10966847,AMPLICON,419,34936869,PRJEB53547,SAMEA112746255,27849096,UNIVERSITY HOSPITAL REGENSBURG,public,"sra,fastq,run.zq","ncbi,gs,s3","gs.us-east1,s3.us-east-1,ncbi.public",2023-03-05,2023-03-05,2023-03-05,2023-03-05,ERX10403685,SAMEA112746255,University Hospital Regensburg,2023-03-05T12:22:37Z,2023-03-05T12:22:37Z,public,Ion GeneStudio S5 Plus,SINGLE,PCR,METAGENOMIC,human metagenome,ION_TORRENT,2023-03-06T00:00:00Z,2023-03-11T00:45:00Z,1,SAMEA112746255,MO16S_262,human metagenome,ERP138358,MO16S_262,University Hospital Regensburg,ERS14741517,,,,
ERR10966848,AMPLICON,374,12632734,PRJEB53547,SAMEA112746256,10482544,UNIVERSITY HOSPITAL REGENSBURG,public,"fastq,sra,run.zq","ncbi,s3,gs","ncbi.public,s3.us-east-1,gs.us-east1",2023-03-05,2023-03-05,2023-03-05,2023-03-05,ERX10403686,SAMEA112746256,University Hospital Regensburg,2023-03-05T12:22:37Z,2023-03-05T12:22:37Z,public,Ion GeneStudio S5 Plus,SINGLE,PCR,METAGENOMIC,human metagenome,ION_TORRENT,2023-03-06T00:00:00Z,2023-03-11T00:45:00Z,1,SAMEA112746256,MO16S_263,human metagenome,ERP138358,MO16S_263,University Hospital Regensburg,ERS14741518,,,,
ERR10966849,AMPLICON,366,5969472,PRJEB53547,SAMEA112746257,5006443,UNIVERSITY HOSPITAL REGENSBURG,public,"run.zq,fastq,sra","s3,gs,ncbi","s3.us-east-1,gs.us-east1,ncbi.public",2023-03-05,2023-03-05,2023-03-05,2023-03-05,ERX10403687,SAMEA112746257,University Hospital Regensburg,2023-03-05T12:22:37Z,2023-03-05T12:22:37Z,public,Ion GeneStudio S5 Plus,SINGLE,PCR,METAGENOMIC,human metagenome,ION_TORRENT,2023-03-06T00:00:00Z,2023-03-11T00:54:00Z,2,SAMEA112746257,MO16S_264,human metagenome,ERP138358,MO16S_264,University Hospital Regensburg,ERS14741519,,,,
ERR10966850,AMPLICON,369,9111525,PRJEB53547,SAMEA112746258,7583946,UNIVERSITY HOSPITAL REGENSBURG,public,"fastq,sra,run.zq","s3,gs,ncbi","ncbi.public,s3.us-east-1,gs.us-east1",2023-03-05,2023-03-05,2023-03-05,2023-03-05,ERX10403688,SAMEA112746258,University Hospital Regensburg,2023-03-05T12:22:37Z,2023-03-05T12:22:37Z,public,Ion GeneStudio S5 Plus,SINGLE,PCR,METAGENOMIC,human metagenome,ION_TORRENT,2023-03-06T00:00:00Z,2023-03-11T00:45:00Z,1,SAMEA112746258,MO16S_265,human metagenome,ERP138358,MO16S_265,University Hospital Regensburg,ERS14741520,,,,
ERR10966851,AMPLICON,424,25417193,PRJEB53547,SAMEA112746259,20594432,UNIVERSITY HOSPITAL REGENSBURG,public,"run.zq,sra,fastq","gs,s3,ncbi","ncbi.public,gs.us-east1,s3.us-east-1",2023-03-05,2023-03-05,2023-03-05,2023-03-05,ERX10403689,SAMEA112746259,University Hospital Regensburg,2023-03-05T12:22:37Z,2023-03-05T12:22:37Z,public,Ion GeneStudio S5 Plus,SINGLE,PCR,METAGENOMIC,human metagenome,ION_TORRENT,2023-03-06T00:00:00Z,2023-03-11T00:45:00Z,1,SAMEA112746259,MO16S_266,human metagenome,ERP138358,MO16S_266,University Hospital Regensburg,ERS14741521,,,,
ERR10966852,AMPLICON,439,25750977,PRJEB53547,SAMEA112746260,20778288,UNIVERSITY HOSPITAL REGENSBURG,public,"fastq,sra,run.zq","gs,ncbi,s3","gs.us-east1,s3.us-east-1,ncbi.public",2023-03-05,2023-03-05,2023-03-05,2023-03-05,ERX10403690,SAMEA112746260,University Hospital Regensburg,2023-03-05T12:22:37Z,2023-03-05T12:22:37Z,public,Ion GeneStudio S5 Plus,SINGLE,PCR,METAGENOMIC,human metagenome,ION_TORRENT,2023-03-06T00:00:00Z,2023-03-11T00:45:00Z,1,SAMEA112746260,MO16S_267,human metagenome,ERP138358,MO16S_267,University Hospital Regensburg,ERS14741522,,,,
ERR10966853,AMPLICON,419,11962167,PRJEB53547,SAMEA112746261,9760160,UNIVERSITY HOSPITAL REGENSBURG,public,"fastq,sra,run.zq","s3,gs,ncbi","s3.us-east-1,gs.us-east1,ncbi.public",2023-03-05,2023-03-05,2023-03-05,2023-03-05,ERX10403691,SAMEA112746261,University Hospital Regensburg,2023-03-05T12:22:37Z,2023-03-05T12:22:37Z,public,Ion GeneStudio S5 Plus,SINGLE,PCR,METAGENOMIC,human metagenome,ION_TORRENT,2023-03-06T00:00:00Z,2023-03-11T00:45:00Z,1,SAMEA112746261,MO16S_268,human metagenome,ERP138358,MO16S_268,University Hospital Regensburg,ERS14741523,,,,
ERR10966854,AMPLICON,430,7922059,PRJEB53547,SAMEA112746262,6448570,UNIVERSITY HOSPITAL REGENSBURG,public,"run.zq,sra,fastq","ncbi,s3,gs","gs.us-east1,s3.us-east-1,ncbi.public",2023-03-05,2023-03-05,2023-03-05,2023-03-05,ERX10403692,SAMEA112746262,University Hospital Regensburg,2023-03-05T12:22:37Z,2023-03-05T12:22:37Z,public,Ion GeneStudio S5 Plus,SINGLE,PCR,METAGENOMIC,human metagenome,ION_TORRENT,2023-03-06T00:00:00Z,2023-03-11T00:45:00Z,1,SAMEA112746262,MO16S_269,human metagenome,ERP138358,MO16S_269,University Hospital Regensburg,ERS14741524,,,,
ERR10966855,AMPLICON,376,7740208,PRJEB53547,SAMEA112746263,6397157,UNIVERSITY HOSPITAL REGENSBURG,public,"run.zq,sra,fastq","ncbi,s3,gs","ncbi.public,gs.us-east1,s3.us-east-1",2023-03-05,2023-03-05,2023-03-05,2023-03-05,ERX10403693,SAMEA112746263,University Hospital Regensburg,2023-03-05T12:22:37Z,2023-03-05T12:22:37Z,public,Ion GeneStudio S5 Plus,SINGLE,PCR,METAGENOMIC,human metagenome,ION_TORRENT,2023-03-06T00:00:00Z,2023-03-11T00:45:00Z,1,SAMEA112746263,MOITS_001,human metagenome,ERP138358,MOITS_001,University Hospital Regensburg,ERS14741525,,,,
ERR10966856,AMPLICON,402,4468684,PRJEB53547,SAMEA112746264,3739823,UNIVERSITY HOSPITAL REGENSBURG,public,"run.zq,fastq,sra","ncbi,s3,gs","gs.us-east1,ncbi.public,s3.us-east-1",2023-03-05,2023-03-05,2023-03-05,2023-03-05,ERX10403694,SAMEA112746264,University Hospital Regensburg,2023-03-05T12:22:37Z,2023-03-05T12:22:37Z,public,Ion GeneStudio S5 Plus,SINGLE,PCR,METAGENOMIC,human metagenome,ION_TORRENT,2023-03-06T00:00:00Z,2023-03-11T00:45:00Z,1,SAMEA112746264,MOITS_002,human metagenome,ERP138358,MOITS_002,University Hospital Regensburg,ERS14741526,,,,
ERR10966857,AMPLICON,339,1904860,PRJEB53547,SAMEA112746265,1648921,UNIVERSITY HOSPITAL REGENSBURG,public,"sra,run.zq,fastq","gs,ncbi,s3","s3.us-east-1,gs.us-east1,ncbi.public",2023-03-05,2023-03-05,2023-03-05,2023-03-05,ERX10403695,SAMEA112746265,University Hospital Regensburg,2023-03-05T12:22:37Z,2023-03-05T12:22:37Z,public,Ion GeneStudio S5 Plus,SINGLE,PCR,METAGENOMIC,human metagenome,ION_TORRENT,2023-03-06T00:00:00Z,2023-03-11T00:45:00Z,1,SAMEA112746265,MOITS_003,human metagenome,ERP138358,MOITS_003,University Hospital Regensburg,ERS14741527,,,,
ERR10966858,AMPLICON,370,10330455,PRJEB53547,SAMEA112746266,8390140,UNIVERSITY HOSPITAL REGENSBURG,public,"fastq,run.zq,sra","ncbi,gs,s3","gs.us-east1,ncbi.public,s3.us-east-1",2023-03-05,2023-03-05,2023-03-05,2023-03-05,ERX10403696,SAMEA112746266,University Hospital Regensburg,2023-03-05T12:22:37Z,2023-03-05T12:22:37Z,public,Ion GeneStudio S5 Plus,SINGLE,PCR,METAGENOMIC,human metagenome,ION_TORRENT,2023-03-06T00:00:00Z,2023-03-11T00:45:00Z,1,SAMEA112746266,MOITS_004,human metagenome,ERP138358,MOITS_004,University Hospital Regensburg,ERS14741528,,,,
ERR10966859,AMPLICON,320,12788058,PRJEB53547,SAMEA112746267,10525624,UNIVERSITY HOSPITAL REGENSBURG,public,"sra,fastq,run.zq","s3,gs,ncbi","s3.us-east-1,gs.us-east1,ncbi.public",2023-03-05,2023-03-05,2023-03-05,2023-03-05,ERX10403697,SAMEA112746267,University Hospital Regensburg,2023-03-05T12:22:37Z,2023-03-05T12:22:37Z,public,Ion GeneStudio S5 Plus,SINGLE,PCR,METAGENOMIC,human metagenome,ION_TORRENT,2023-03-06T00:00:00Z,2023-03-11T00:45:00Z,1,SAMEA112746267,MOITS_005,human metagenome,ERP138358,MOITS_005,University Hospital Regensburg,ERS14741529,,,,
ERR10966860,AMPLICON,309,15142412,PRJEB53547,SAMEA112746268,12443914,UNIVERSITY HOSPITAL REGENSBURG,public,"fastq,run.zq,sra","s3,ncbi,gs","gs.us-east1,s3.us-east-1,ncbi.public",2023-03-05,2023-03-05,2023-03-05,2023-03-05,ERX10403698,SAMEA112746268,University Hospital Regensburg,2023-03-05T12:22:37Z,2023-03-05T12:22:37Z,public,Ion GeneStudio S5 Plus,SINGLE,PCR,METAGENOMIC,human metagenome,ION_TORRENT,2023-03-06T00:00:00Z,2023-03-11T00:45:00Z,1,SAMEA112746268,MOITS_006,human metagenome,ERP138358,MOITS_006,University Hospital Regensburg,ERS14741530,,,,
ERR10966861,AMPLICON,375,4646839,PRJEB53547,SAMEA112746269,3840463,UNIVERSITY HOSPITAL REGENSBURG,public,"fastq,run.zq,sra","gs,ncbi,s3","s3.us-east-1,gs.us-east1,ncbi.public",2023-03-05,2023-03-05,2023-03-05,2023-03-05,ERX10403699,SAMEA112746269,University Hospital Regensburg,2023-03-05T12:22:37Z,2023-03-05T12:22:37Z,public,Ion GeneStudio S5 Plus,SINGLE,PCR,METAGENOMIC,human metagenome,ION_TORRENT,2023-03-06T00:00:00Z,2023-03-11T00:45:00Z,1,SAMEA112746269,MOITS_007,human metagenome,ERP138358,MOITS_007,University Hospital Regensburg,ERS14741531,,,,
ERR10966862,AMPLICON,272,6832807,PRJEB53547,SAMEA112746270,5611626,UNIVERSITY HOSPITAL REGENSBURG,public,"fastq,run.zq,sra","s3,gs,ncbi","gs.us-east1,s3.us-east-1,ncbi.public",2023-03-05,2023-03-05,2023-03-05,2023-03-05,ERX10403700,SAMEA112746270,University Hospital Regensburg,2023-03-05T12:22:37Z,2023-03-05T12:22:37Z,public,Ion GeneStudio S5 Plus,SINGLE,PCR,METAGENOMIC,human metagenome,ION_TORRENT,2023-03-06T00:00:00Z,2023-03-11T00:52:00Z,2,SAMEA112746270,MOITS_008,human metagenome,ERP138358,MOITS_008,University Hospital Regensburg,ERS14741532,,,,
ERR10966863,AMPLICON,354,9624942,PRJEB53547,SAMEA112746271,7927909,UNIVERSITY HOSPITAL REGENSBURG,public,"fastq,run.zq,sra","ncbi,s3,gs","s3.us-east-1,ncbi.public,gs.us-east1",2023-03-05,2023-03-05,2023-03-05,2023-03-05,ERX10403701,SAMEA112746271,University Hospital Regensburg,2023-03-05T12:22:37Z,2023-03-05T12:22:37Z,public,Ion GeneStudio S5 Plus,SINGLE,PCR,METAGENOMIC,human metagenome,ION_TORRENT,2023-03-06T00:00:00Z,2023-03-11T00:45:00Z,1,SAMEA112746271,MOITS_009,human metagenome,ERP138358,MOITS_009,University Hospital Regensburg,ERS14741533,,,,
ERR10966864,AMPLICON,250,1989347,PRJEB53547,SAMEA112746272,1752839,UNIVERSITY HOSPITAL REGENSBURG,public,"run.zq,sra,fastq","gs,s3,ncbi","ncbi.public,gs.us-east1,s3.us-east-1",2023-03-05,2023-03-05,2023-03-05,2023-03-05,ERX10403702,SAMEA112746272,University Hospital Regensburg,2023-03-05T12:22:37Z,2023-03-05T12:22:37Z,public,Ion GeneStudio S5 Plus,SINGLE,PCR,METAGENOMIC,human metagenome,ION_TORRENT,2023-03-06T00:00:00Z,2023-03-11T00:45:00Z,1,SAMEA112746272,MOITS_010,human metagenome,ERP138358,MOITS_010,University Hospital Regensburg,ERS14741534,,,,
ERR10966865,AMPLICON,257,2453314,PRJEB53547,SAMEA112746273,2143489,UNIVERSITY HOSPITAL REGENSBURG,public,"sra,run.zq,fastq","ncbi,gs,s3","s3.us-east-1,gs.us-east1,ncbi.public",2023-03-05,2023-03-05,2023-03-05,2023-03-05,ERX10403703,SAMEA112746273,University Hospital Regensburg,2023-03-05T12:22:37Z,2023-03-05T12:22:37Z,public,Ion GeneStudio S5 Plus,SINGLE,PCR,METAGENOMIC,human metagenome,ION_TORRENT,2023-03-06T00:00:00Z,2023-03-11T00:45:00Z,1,SAMEA112746273,MOITS_011,human metagenome,ERP138358,MOITS_011,University Hospital Regensburg,ERS14741535,,,,
ERR10966866,AMPLICON,358,12514095,PRJEB53547,SAMEA112746274,10319073,UNIVERSITY HOSPITAL REGENSBURG,public,"sra,fastq,run.zq","gs,ncbi,s3","gs.us-east1,ncbi.public,s3.us-east-1",2023-03-05,2023-03-05,2023-03-05,2023-03-05,ERX10403704,SAMEA112746274,University Hospital Regensburg,2023-03-05T12:22:37Z,2023-03-05T12:22:37Z,public,Ion GeneStudio S5 Plus,SINGLE,PCR,METAGENOMIC,human metagenome,ION_TORRENT,2023-03-06T00:00:00Z,2023-03-11T00:45:00Z,1,SAMEA112746274,MOITS_012,human metagenome,ERP138358,MOITS_012,University Hospital Regensburg,ERS14741536,,,,
ERR10966867,AMPLICON,356,17065371,PRJEB53547,SAMEA112746275,13908755,UNIVERSITY HOSPITAL REGENSBURG,public,"fastq,run.zq,sra","gs,ncbi,s3","ncbi.public,s3.us-east-1,gs.us-east1",2023-03-05,2023-03-05,2023-03-05,2023-03-05,ERX10403705,SAMEA112746275,University Hospital Regensburg,2023-03-05T12:22:37Z,2023-03-05T12:22:37Z,public,Ion GeneStudio S5 Plus,SINGLE,PCR,METAGENOMIC,human metagenome,ION_TORRENT,2023-03-06T00:00:00Z,2023-03-11T00:45:00Z,1,SAMEA112746275,MOITS_013,human metagenome,ERP138358,MOITS_013,University Hospital Regensburg,ERS14741537,,,,
ERR10966868,AMPLICON,337,17128219,PRJEB53547,SAMEA112746276,14088384,UNIVERSITY HOSPITAL REGENSBURG,public,"run.zq,sra,fastq","s3,gs,ncbi","gs.us-east1,s3.us-east-1,ncbi.public",2023-03-05,2023-03-05,2023-03-05,2023-03-05,ERX10403706,SAMEA112746276,University Hospital Regensburg,2023-03-05T12:22:37Z,2023-03-05T12:22:37Z,public,Ion GeneStudio S5 Plus,SINGLE,PCR,METAGENOMIC,human metagenome,ION_TORRENT,2023-03-06T00:00:00Z,2023-03-11T00:45:00Z,1,SAMEA112746276,MOITS_014,human metagenome,ERP138358,MOITS_014,University Hospital Regensburg,ERS14741538,,,,
ERR10966869,AMPLICON,344,20280362,PRJEB53547,SAMEA112746277,16644526,UNIVERSITY HOSPITAL REGENSBURG,public,"fastq,run.zq,sra","gs,ncbi,s3","gs.us-east1,s3.us-east-1,ncbi.public",2023-03-05,2023-03-05,2023-03-05,2023-03-05,ERX10403707,SAMEA112746277,University Hospital Regensburg,2023-03-05T12:22:37Z,2023-03-05T12:22:37Z,public,Ion GeneStudio S5 Plus,SINGLE,PCR,METAGENOMIC,human metagenome,ION_TORRENT,2023-03-06T00:00:00Z,2023-03-11T00:45:00Z,1,SAMEA112746277,MOITS_015,human metagenome,ERP138358,MOITS_015,University Hospital Regensburg,ERS14741539,,,,
ERR10966870,AMPLICON,332,19175819,PRJEB53547,SAMEA112746278,15873322,UNIVERSITY HOSPITAL REGENSBURG,public,"sra,fastq,run.zq","s3,gs,ncbi","s3.us-east-1,gs.us-east1,ncbi.public",2023-03-05,2023-03-05,2023-03-05,2023-03-05,ERX10403708,SAMEA112746278,University Hospital Regensburg,2023-03-05T12:22:37Z,2023-03-05T12:22:37Z,public,Ion GeneStudio S5 Plus,SINGLE,PCR,METAGENOMIC,human metagenome,ION_TORRENT,2023-03-06T00:00:00Z,2023-03-11T00:45:00Z,1,SAMEA112746278,MOITS_016,human metagenome,ERP138358,MOITS_016,University Hospital Regensburg,ERS14741540,,,,
ERR10966871,AMPLICON,333,32040142,PRJEB53547,SAMEA112746279,25709355,UNIVERSITY HOSPITAL REGENSBURG,public,"fastq,sra,run.zq","ncbi,s3,gs","gs.us-east1,s3.us-east-1,ncbi.public",2023-03-05,2023-03-05,2023-03-05,2023-03-05,ERX10403709,SAMEA112746279,University Hospital Regensburg,2023-03-05T12:22:37Z,2023-03-05T12:22:37Z,public,Ion GeneStudio S5 Plus,SINGLE,PCR,METAGENOMIC,human metagenome,ION_TORRENT,2023-03-06T00:00:00Z,2023-03-11T00:45:00Z,1,SAMEA112746279,MOITS_017,human metagenome,ERP138358,MOITS_017,University Hospital Regensburg,ERS14741541,,,,
ERR10966872,AMPLICON,328,56461180,PRJEB53547,SAMEA112746280,44411968,UNIVERSITY HOSPITAL REGENSBURG,public,"sra,run.zq,fastq","s3,ncbi,gs","s3.us-east-1,gs.us-east1,ncbi.public",2023-03-05,2023-03-05,2023-03-05,2023-03-05,ERX10403710,SAMEA112746280,University Hospital Regensburg,2023-03-05T12:22:37Z,2023-03-05T12:22:37Z,public,Ion GeneStudio S5 Plus,SINGLE,PCR,METAGENOMIC,human metagenome,ION_TORRENT,2023-03-06T00:00:00Z,2023-03-11T00:45:00Z,1,SAMEA112746280,MOITS_018,human metagenome,ERP138358,MOITS_018,University Hospital Regensburg,ERS14741542,,,,
ERR10966873,AMPLICON,413,13735330,PRJEB53547,SAMEA112746281,11378980,UNIVERSITY HOSPITAL REGENSBURG,public,"run.zq,fastq,sra","gs,ncbi,s3","ncbi.public,gs.us-east1,s3.us-east-1",2023-03-05,2023-03-05,2023-03-05,2023-03-05,ERX10403711,SAMEA112746281,University Hospital Regensburg,2023-03-05T12:22:37Z,2023-03-05T12:22:37Z,public,Ion GeneStudio S5 Plus,SINGLE,PCR,METAGENOMIC,human metagenome,ION_TORRENT,2023-03-06T00:00:00Z,2023-03-11T00:45:00Z,1,SAMEA112746281,MOITS_019,human metagenome,ERP138358,MOITS_019,University Hospital Regensburg,ERS14741543,,,,
ERR10966874,AMPLICON,352,12807463,PRJEB53547,SAMEA112746282,10566414,UNIVERSITY HOSPITAL REGENSBURG,public,"fastq,run.zq,sra","ncbi,gs,s3","s3.us-east-1,gs.us-east1,ncbi.public",2023-03-05,2023-03-05,2023-03-05,2023-03-05,ERX10403712,SAMEA112746282,University Hospital Regensburg,2023-03-05T12:22:37Z,2023-03-05T12:22:37Z,public,Ion GeneStudio S5 Plus,SINGLE,PCR,METAGENOMIC,human metagenome,ION_TORRENT,2023-03-06T00:00:00Z,2023-03-11T01:30:00Z,2,SAMEA112746282,MOITS_020,human metagenome,ERP138358,MOITS_020,University Hospital Regensburg,ERS14741544,,,,
ERR10966875,AMPLICON,369,15643905,PRJEB53547,SAMEA112746283,12894725,UNIVERSITY HOSPITAL REGENSBURG,public,"run.zq,sra,fastq","gs,s3,ncbi","gs.us-east1,ncbi.public,s3.us-east-1",2023-03-05,2023-03-05,2023-03-05,2023-03-05,ERX10403713,SAMEA112746283,University Hospital Regensburg,2023-03-05T12:22:37Z,2023-03-05T12:22:37Z,public,Ion GeneStudio S5 Plus,SINGLE,PCR,METAGENOMIC,human metagenome,ION_TORRENT,2023-03-06T00:00:00Z,2023-03-11T00:45:00Z,1,SAMEA112746283,MOITS_021,human metagenome,ERP138358,MOITS_021,University Hospital Regensburg,ERS14741545,,,,
ERR10966876,AMPLICON,359,5674017,PRJEB53547,SAMEA112746284,4726848,UNIVERSITY HOSPITAL REGENSBURG,public,"fastq,sra,run.zq","gs,s3,ncbi","s3.us-east-1,ncbi.public,gs.us-east1",2023-03-05,2023-03-05,2023-03-05,2023-03-05,ERX10403714,SAMEA112746284,University Hospital Regensburg,2023-03-05T12:22:37Z,2023-03-05T12:22:37Z,public,Ion GeneStudio S5 Plus,SINGLE,PCR,METAGENOMIC,human metagenome,ION_TORRENT,2023-03-06T00:00:00Z,2023-03-11T00:45:00Z,1,SAMEA112746284,MOITS_022,human metagenome,ERP138358,MOITS_022,University Hospital Regensburg,ERS14741546,,,,
ERR10966877,AMPLICON,333,579490,PRJEB53547,SAMEA112746285,546916,UNIVERSITY HOSPITAL REGENSBURG,public,"fastq,sra,run.zq","gs,s3,ncbi","gs.us-east1,s3.us-east-1,ncbi.public",2023-03-05,2023-03-05,2023-03-05,2023-03-05,ERX10403715,SAMEA112746285,University Hospital Regensburg,2023-03-05T12:22:37Z,2023-03-05T12:22:37Z,public,Ion GeneStudio S5 Plus,SINGLE,PCR,METAGENOMIC,human metagenome,ION_TORRENT,2023-03-06T00:00:00Z,2023-03-11T00:45:00Z,1,SAMEA112746285,MOITS_023,human metagenome,ERP138358,MOITS_023,University Hospital Regensburg,ERS14741547,,,,
ERR10966878,AMPLICON,332,27145558,PRJEB53547,SAMEA112746286,21946941,UNIVERSITY HOSPITAL REGENSBURG,public,"run.zq,fastq,sra","ncbi,gs,s3","ncbi.public,gs.us-east1,s3.us-east-1",2023-03-05,2023-03-05,2023-03-05,2023-03-05,ERX10403716,SAMEA112746286,University Hospital Regensburg,2023-03-05T12:22:37Z,2023-03-05T12:22:37Z,public,Ion GeneStudio S5 Plus,SINGLE,PCR,METAGENOMIC,human metagenome,ION_TORRENT,2023-03-06T00:00:00Z,2023-03-11T00:52:00Z,2,SAMEA112746286,MOITS_024,human metagenome,ERP138358,MOITS_024,University Hospital Regensburg,ERS14741548,,,,
ERR10966879,AMPLICON,344,38388203,PRJEB53547,SAMEA112746287,31279436,UNIVERSITY HOSPITAL REGENSBURG,public,"fastq,run.zq,sra","ncbi,s3,gs","s3.us-east-1,gs.us-east1,ncbi.public",2023-03-05,2023-03-05,2023-03-05,2023-03-05,ERX10403717,SAMEA112746287,University Hospital Regensburg,2023-03-05T12:22:37Z,2023-03-05T12:22:37Z,public,Ion GeneStudio S5 Plus,SINGLE,PCR,METAGENOMIC,human metagenome,ION_TORRENT,2023-03-06T00:00:00Z,2023-03-11T00:45:00Z,1,SAMEA112746287,MOITS_025,human metagenome,ERP138358,MOITS_025,University Hospital Regensburg,ERS14741549,,,,
ERR10966880,AMPLICON,326,2077592,PRJEB53547,SAMEA112746288,1794409,UNIVERSITY HOSPITAL REGENSBURG,public,"fastq,run.zq,sra","ncbi,s3,gs","gs.us-east1,ncbi.public,s3.us-east-1",2023-03-05,2023-03-05,2023-03-05,2023-03-05,ERX10403718,SAMEA112746288,University Hospital Regensburg,2023-03-05T12:22:37Z,2023-03-05T12:22:37Z,public,Ion GeneStudio S5 Plus,SINGLE,PCR,METAGENOMIC,human metagenome,ION_TORRENT,2023-03-06T00:00:00Z,2023-03-11T00:54:00Z,2,SAMEA112746288,MOITS_026,human metagenome,ERP138358,MOITS_026,University Hospital Regensburg,ERS14741550,,,,
ERR10966881,AMPLICON,336,16505587,PRJEB53547,SAMEA112746289,13666794,UNIVERSITY HOSPITAL REGENSBURG,public,"run.zq,fastq,sra","gs,ncbi,s3","s3.us-east-1,gs.us-east1,ncbi.public",2023-03-05,2023-03-05T12:22:37Z,2023-03-05,2023-03-05T12:22:37Z,ERX10403719,SAMEA112746289,University Hospital Regensburg,2023-03-05T12:22:37Z,2023-03-05T12:22:37Z,public,Ion GeneStudio S5 Plus,SINGLE,PCR,METAGENOMIC,human metagenome,ION_TORRENT,2023-03-06T00:00:00Z,2023-03-11T00:45:00Z,1,SAMEA112746289,MOITS_027,human metagenome,ERP138358,MOITS_027,,ERS14741551,,,,
ERR10966882,AMPLICON,357,13579005,PRJEB53547,SAMEA112746290,11206377,UNIVERSITY HOSPITAL REGENSBURG,public,"run.zq,fastq,sra","s3,gs,ncbi","gs.us-east1,s3.us-east-1,ncbi.public",2023-03-05,2023-03-05,2023-03-05,2023-03-05,ERX10403720,SAMEA112746290,University Hospital Regensburg,2023-03-05T12:22:37Z,2023-03-05T12:22:37Z,public,Ion GeneStudio S5 Plus,SINGLE,PCR,METAGENOMIC,human metagenome,ION_TORRENT,2023-03-06T00:00:00Z,2023-03-11T00:45:00Z,1,SAMEA112746290,MOITS_028,human metagenome,ERP138358,MOITS_028,University Hospital Regensburg,ERS14741552,,,,
ERR10966883,AMPLICON,371,14302218,PRJEB53547,SAMEA112746291,11786050,UNIVERSITY HOSPITAL REGENSBURG,public,"run.zq,sra,fastq","gs,ncbi,s3","s3.us-east-1,ncbi.public,gs.us-east1",2023-03-05,2023-03-05,2023-03-05,2023-03-05,ERX10403721,SAMEA112746291,University Hospital Regensburg,2023-03-05T12:22:37Z,2023-03-05T12:22:37Z,public,Ion GeneStudio S5 Plus,SINGLE,PCR,METAGENOMIC,human metagenome,ION_TORRENT,2023-03-06T00:00:00Z,2023-03-11T00:45:00Z,1,SAMEA112746291,MOITS_029,human metagenome,ERP138358,MOITS_029,University Hospital Regensburg,ERS14741553,,,,
ERR10966884,AMPLICON,343,16395500,PRJEB53547,SAMEA112746292,13337500,UNIVERSITY HOSPITAL REGENSBURG,public,"run.zq,fastq,sra","gs,s3,ncbi","ncbi.public,gs.us-east1,s3.us-east-1",2023-03-05,2023-03-05,2023-03-05,2023-03-05,ERX10403722,SAMEA112746292,University Hospital Regensburg,2023-03-05T12:22:37Z,2023-03-05T12:22:37Z,public,Ion GeneStudio S5 Plus,SINGLE,PCR,METAGENOMIC,human metagenome,ION_TORRENT,2023-03-06T00:00:00Z,2023-03-11T00:45:00Z,1,SAMEA112746292,MOITS_030,human metagenome,ERP138358,MOITS_030,University Hospital Regensburg,ERS14741554,,,,
ERR10966885,AMPLICON,392,2812758,PRJEB53547,SAMEA112746293,2404290,UNIVERSITY HOSPITAL REGENSBURG,public,"sra,run.zq,fastq","gs,s3,ncbi","gs.us-east1,ncbi.public,s3.us-east-1",2023-03-05,2023-03-05,2023-03-05,2023-03-05,ERX10403723,SAMEA112746293,University Hospital Regensburg,2023-03-05T12:22:37Z,2023-03-05T12:22:37Z,public,Ion GeneStudio S5 Plus,SINGLE,PCR,METAGENOMIC,human metagenome,ION_TORRENT,2023-03-06T00:00:00Z,2023-03-11T00:45:00Z,1,SAMEA112746293,MOITS_031,human metagenome,ERP138358,MOITS_031,University Hospital Regensburg,ERS14741555,,,,
ERR10966886,AMPLICON,381,8751846,PRJEB53547,SAMEA112746294,7146591,UNIVERSITY HOSPITAL REGENSBURG,public,"run.zq,fastq,sra","s3,ncbi,gs","ncbi.public,gs.us-east1,s3.us-east-1",2023-03-05,2023-03-05,2023-03-05,2023-03-05,ERX10403724,SAMEA112746294,University Hospital Regensburg,2023-03-05T12:22:37Z,2023-03-05T12:22:37Z,public,Ion GeneStudio S5 Plus,SINGLE,PCR,METAGENOMIC,human metagenome,ION_TORRENT,2023-03-06T00:00:00Z,2023-03-11T00:45:00Z,1,SAMEA112746294,MOITS_032,human metagenome,ERP138358,MOITS_032,University Hospital Regensburg,ERS14741556,,,,
ERR10966887,AMPLICON,356,12915998,PRJEB53547,SAMEA112746295,10668356,UNIVERSITY HOSPITAL REGENSBURG,public,"sra,run.zq,fastq","gs,ncbi,s3","ncbi.public,gs.us-east1,s3.us-east-1",2023-03-05,2023-03-05,2023-03-05,2023-03-05,ERX10403725,SAMEA112746295,University Hospital Regensburg,2023-03-05T12:22:37Z,2023-03-05T12:22:37Z,public,Ion GeneStudio S5 Plus,SINGLE,PCR,METAGENOMIC,human metagenome,ION_TORRENT,2023-03-06T00:00:00Z,2023-03-11T00:45:00Z,1,SAMEA112746295,MOITS_033,human metagenome,ERP138358,MOITS_033,University Hospital Regensburg,ERS14741557,,,,
ERR10966888,AMPLICON,358,14307110,PRJEB53547,SAMEA112746296,11809528,UNIVERSITY HOSPITAL REGENSBURG,public,"sra,run.zq,fastq","ncbi,gs,s3","gs.us-east1,ncbi.public,s3.us-east-1",2023-03-05,2023-03-05,2023-03-05,2023-03-05,ERX10403726,SAMEA112746296,University Hospital Regensburg,2023-03-05T12:22:37Z,2023-03-05T12:22:37Z,public,Ion GeneStudio S5 Plus,SINGLE,PCR,METAGENOMIC,human metagenome,ION_TORRENT,2023-03-06T00:00:00Z,2023-03-11T01:30:00Z,2,SAMEA112746296,MOITS_034,human metagenome,ERP138358,MOITS_034,University Hospital Regensburg,ERS14741558,,,,
ERR10966889,AMPLICON,338,16744902,PRJEB53547,SAMEA112746297,13706309,UNIVERSITY HOSPITAL REGENSBURG,public,"fastq,sra,run.zq","gs,s3,ncbi","s3.us-east-1,gs.us-east1,ncbi.public",2023-03-05,2023-03-05,2023-03-05,2023-03-05,ERX10403727,SAMEA112746297,University Hospital Regensburg,2023-03-05T12:22:37Z,2023-03-05T12:22:37Z,public,Ion GeneStudio S5 Plus,SINGLE,PCR,METAGENOMIC,human metagenome,ION_TORRENT,2023-03-06T00:00:00Z,2023-03-11T00:45:00Z,1,SAMEA112746297,MOITS_035,human metagenome,ERP138358,MOITS_035,University Hospital Regensburg,ERS14741559,,,,
ERR10966890,AMPLICON,362,14329538,PRJEB53547,SAMEA112746298,11822646,UNIVERSITY HOSPITAL REGENSBURG,public,"sra,run.zq,fastq","ncbi,s3,gs","gs.us-east1,ncbi.public,s3.us-east-1",2023-03-05,2023-03-05,2023-03-05,2023-03-05,ERX10403728,SAMEA112746298,University Hospital Regensburg,2023-03-05T12:22:37Z,2023-03-05T12:22:37Z,public,Ion GeneStudio S5 Plus,SINGLE,PCR,METAGENOMIC,human metagenome,ION_TORRENT,2023-03-06T00:00:00Z,2023-03-11T00:45:00Z,1,SAMEA112746298,MOITS_036,human metagenome,ERP138358,MOITS_036,University Hospital Regensburg,ERS14741560,,,,
ERR10966891,AMPLICON,346,13002275,PRJEB53547,SAMEA112746299,10751903,UNIVERSITY HOSPITAL REGENSBURG,public,"sra,fastq,run.zq","s3,ncbi,gs","s3.us-east-1,gs.us-east1,ncbi.public",2023-03-05,2023-03-05,2023-03-05,2023-03-05,ERX10403729,SAMEA112746299,University Hospital Regensburg,2023-03-05T12:22:37Z,2023-03-05T12:22:37Z,public,Ion GeneStudio S5 Plus,SINGLE,PCR,METAGENOMIC,human metagenome,ION_TORRENT,2023-03-06T00:00:00Z,2023-03-11T00:45:00Z,1,SAMEA112746299,MOITS_037,human metagenome,ERP138358,MOITS_037,University Hospital Regensburg,ERS14741561,,,,
ERR10966892,AMPLICON,308,6607599,PRJEB53547,SAMEA112746300,5547343,UNIVERSITY HOSPITAL REGENSBURG,public,"sra,fastq,run.zq","gs,s3,ncbi","ncbi.public,gs.us-east1,s3.us-east-1",2023-03-05,2023-03-05,2023-03-05,2023-03-05,ERX10403730,SAMEA112746300,University Hospital Regensburg,2023-03-05T12:22:37Z,2023-03-05T12:22:37Z,public,Ion GeneStudio S5 Plus,SINGLE,PCR,METAGENOMIC,human metagenome,ION_TORRENT,2023-03-06T00:00:00Z,2023-03-11T00:45:00Z,1,SAMEA112746300,MOITS_038,human metagenome,ERP138358,MOITS_038,University Hospital Regensburg,ERS14741562,,,,
ERR10966893,AMPLICON,367,9575855,PRJEB53547,SAMEA112746301,7858713,UNIVERSITY HOSPITAL REGENSBURG,public,"run.zq,fastq,sra","s3,ncbi,gs","s3.us-east-1,gs.us-east1,ncbi.public",2023-03-05,2023-03-05,2023-03-05,2023-03-05,ERX10403731,SAMEA112746301,University Hospital Regensburg,2023-03-05T12:22:37Z,2023-03-05T12:22:37Z,public,Ion GeneStudio S5 Plus,SINGLE,PCR,METAGENOMIC,human metagenome,ION_TORRENT,2023-03-06T00:00:00Z,2023-03-11T00:45:00Z,1,SAMEA112746301,MOITS_039,human metagenome,ERP138358,MOITS_039,University Hospital Regensburg,ERS14741563,,,,
ERR10966894,AMPLICON,354,19240653,PRJEB53547,SAMEA112746302,15758557,UNIVERSITY HOSPITAL REGENSBURG,public,"run.zq,fastq,sra","s3,gs,ncbi","ncbi.public,s3.us-east-1,gs.us-east1",2023-03-05,2023-03-05,2023-03-05,2023-03-05,ERX10403732,SAMEA112746302,University Hospital Regensburg,2023-03-05T12:22:38Z,2023-03-05T12:22:38Z,public,Ion GeneStudio S5 Plus,SINGLE,PCR,METAGENOMIC,human metagenome,ION_TORRENT,2023-03-06T00:00:00Z,2023-03-11T00:46:00Z,1,SAMEA112746302,MOITS_040,human metagenome,ERP138358,MOITS_040,University Hospital Regensburg,ERS14741564,,,,
ERR10966895,AMPLICON,388,23685,PRJEB53547,SAMEA112746303,99848,UNIVERSITY HOSPITAL REGENSBURG,public,"sra,run.zq,fastq","gs,ncbi,s3","gs.us-east1,ncbi.public,s3.us-east-1",2023-03-05,2023-03-05,2023-03-05,2023-03-05,ERX10403733,SAMEA112746303,University Hospital Regensburg,2023-03-05T12:22:38Z,2023-03-05T12:22:38Z,public,Ion GeneStudio S5 Plus,SINGLE,PCR,METAGENOMIC,human metagenome,ION_TORRENT,2023-03-06T00:00:00Z,2023-03-11T00:45:00Z,1,SAMEA112746303,MOITS_041,human metagenome,ERP138358,MOITS_041,University Hospital Regensburg,ERS14741565,,,,
ERR10966896,AMPLICON,331,26219195,PRJEB53547,SAMEA112746304,21236998,UNIVERSITY HOSPITAL REGENSBURG,public,"sra,run.zq,fastq","s3,ncbi,gs","s3.us-east-1,ncbi.public,gs.us-east1",2023-03-05,2023-03-05,2023-03-05,2023-03-05,ERX10403734,SAMEA112746304,University Hospital Regensburg,2023-03-05T12:22:38Z,2023-03-05T12:22:38Z,public,Ion GeneStudio S5 Plus,SINGLE,PCR,METAGENOMIC,human metagenome,ION_TORRENT,2023-03-06T00:00:00Z,2023-03-11T01:30:00Z,2,SAMEA112746304,MOITS_042,human metagenome,ERP138358,MOITS_042,University Hospital Regensburg,ERS14741566,,,,
ERR10966897,AMPLICON,360,15133838,PRJEB53547,SAMEA112746305,12431987,UNIVERSITY HOSPITAL REGENSBURG,public,"fastq,run.zq,sra","s3,ncbi,gs","gs.us-east1,ncbi.public,s3.us-east-1",2023-03-05,2023-03-05,2023-03-05,2023-03-05,ERX10403735,SAMEA112746305,University Hospital Regensburg,2023-03-05T12:22:38Z,2023-03-05T12:22:38Z,public,Ion GeneStudio S5 Plus,SINGLE,PCR,METAGENOMIC,human metagenome,ION_TORRENT,2023-03-06T00:00:00Z,2023-03-11T01:27:00Z,2,SAMEA112746305,MOITS_043,human metagenome,ERP138358,MOITS_043,University Hospital Regensburg,ERS14741567,,,,
ERR10966898,AMPLICON,358,12212041,PRJEB53547,SAMEA112746306,10091301,UNIVERSITY HOSPITAL REGENSBURG,public,"sra,run.zq,fastq","ncbi,s3,gs","ncbi.public,s3.us-east-1,gs.us-east1",2023-03-05,2023-03-05,2023-03-05,2023-03-05,ERX10403736,SAMEA112746306,University Hospital Regensburg,2023-03-05T12:22:38Z,2023-03-05T12:22:38Z,public,Ion GeneStudio S5 Plus,SINGLE,PCR,METAGENOMIC,human metagenome,ION_TORRENT,2023-03-06T00:00:00Z,2023-03-11T00:45:00Z,1,SAMEA112746306,MOITS_044,human metagenome,ERP138358,MOITS_044,University Hospital Regensburg,ERS14741568,,,,
ERR10966899,AMPLICON,369,13686168,PRJEB53547,SAMEA112746307,11223267,UNIVERSITY HOSPITAL REGENSBURG,public,"sra,run.zq,fastq","gs,s3,ncbi","s3.us-east-1,gs.us-east1,ncbi.public",2023-03-05,2023-03-05,2023-03-05,2023-03-05,ERX10403737,SAMEA112746307,University Hospital Regensburg,2023-03-05T12:22:38Z,2023-03-05T12:22:38Z,public,Ion GeneStudio S5 Plus,SINGLE,PCR,METAGENOMIC,human metagenome,ION_TORRENT,2023-03-06T00:00:00Z,2023-03-11T00:45:00Z,1,SAMEA112746307,MOITS_045,human metagenome,ERP138358,MOITS_045,University Hospital Regensburg,ERS14741569,,,,
ERR10966900,AMPLICON,356,16286420,PRJEB53547,SAMEA112746308,13447030,UNIVERSITY HOSPITAL REGENSBURG,public,"sra,run.zq,fastq","s3,gs,ncbi","ncbi.public,s3.us-east-1,gs.us-east1",2023-03-05,2023-03-05,2023-03-05,2023-03-05,ERX10403738,SAMEA112746308,University Hospital Regensburg,2023-03-05T12:22:38Z,2023-03-05T12:22:38Z,public,Ion GeneStudio S5 Plus,SINGLE,PCR,METAGENOMIC,human metagenome,ION_TORRENT,2023-03-06T00:00:00Z,2023-03-11T00:46:00Z,1,SAMEA112746308,MOITS_046,human metagenome,ERP138358,MOITS_046,University Hospital Regensburg,ERS14741570,,,,
ERR10966901,AMPLICON,360,14832270,PRJEB53547,SAMEA112746309,12210869,UNIVERSITY HOSPITAL REGENSBURG,public,"run.zq,sra,fastq","gs,ncbi,s3","ncbi.public,s3.us-east-1,gs.us-east1",2023-03-05,2023-03-05,2023-03-05,2023-03-05,ERX10403739,SAMEA112746309,University Hospital Regensburg,2023-03-05T12:22:38Z,2023-03-05T12:22:38Z,public,Ion GeneStudio S5 Plus,SINGLE,PCR,METAGENOMIC,human metagenome,ION_TORRENT,2023-03-06T00:00:00Z,2023-03-11T00:46:00Z,1,SAMEA112746309,MOITS_047,human metagenome,ERP138358,MOITS_047,University Hospital Regensburg,ERS14741571,,,,
ERR10966902,AMPLICON,307,18217654,PRJEB53547,SAMEA112746310,15139908,UNIVERSITY HOSPITAL REGENSBURG,public,"fastq,run.zq,sra","gs,s3,ncbi","s3.us-east-1,gs.us-east1,ncbi.public",2023-03-05,2023-03-05,2023-03-05,2023-03-05,ERX10403740,SAMEA112746310,University Hospital Regensburg,2023-03-05T12:22:38Z,2023-03-05T12:22:38Z,public,Ion GeneStudio S5 Plus,SINGLE,PCR,METAGENOMIC,human metagenome,ION_TORRENT,2023-03-06T00:00:00Z,2023-03-11T00:46:00Z,1,SAMEA112746310,MOITS_048,human metagenome,ERP138358,MOITS_048,University Hospital Regensburg,ERS14741572,,,,
ERR10966903,AMPLICON,381,22373877,PRJEB53547,SAMEA112746311,18184288,UNIVERSITY HOSPITAL REGENSBURG,public,"run.zq,sra,fastq","ncbi,s3,gs","gs.us-east1,s3.us-east-1,ncbi.public",2023-03-05,2023-03-05,2023-03-05,2023-03-05,ERX10403741,SAMEA112746311,University Hospital Regensburg,2023-03-05T12:22:38Z,2023-03-05T12:22:38Z,public,Ion GeneStudio S5 Plus,SINGLE,PCR,METAGENOMIC,human metagenome,ION_TORRENT,2023-03-06T00:00:00Z,2023-03-11T00:46:00Z,1,SAMEA112746311,MOITS_049,human metagenome,ERP138358,MOITS_049,University Hospital Regensburg,ERS14741573,,,,
ERR10966904,AMPLICON,363,13599770,PRJEB53547,SAMEA112746312,11179236,UNIVERSITY HOSPITAL REGENSBURG,public,"fastq,run.zq,sra","ncbi,s3,gs","s3.us-east-1,gs.us-east1,ncbi.public",2023-03-05,2023-03-05,2023-03-05,2023-03-05,ERX10403742,SAMEA112746312,University Hospital Regensburg,2023-03-05T12:22:38Z,2023-03-05T12:22:38Z,public,Ion GeneStudio S5 Plus,SINGLE,PCR,METAGENOMIC,human metagenome,ION_TORRENT,2023-03-06T00:00:00Z,2023-03-11T00:46:00Z,1,SAMEA112746312,MOITS_050,human metagenome,ERP138358,MOITS_050,University Hospital Regensburg,ERS14741574,,,,
ERR10966905,AMPLICON,350,13698617,PRJEB53547,SAMEA112746313,11294929,UNIVERSITY HOSPITAL REGENSBURG,public,"sra,fastq,run.zq","gs,s3,ncbi","ncbi.public,s3.us-east-1,gs.us-east1",2023-03-05,2023-03-05,2023-03-05,2023-03-05,ERX10403743,SAMEA112746313,University Hospital Regensburg,2023-03-05T12:22:38Z,2023-03-05T12:22:38Z,public,Ion GeneStudio S5 Plus,SINGLE,PCR,METAGENOMIC,human metagenome,ION_TORRENT,2023-03-06T00:00:00Z,2023-03-11T00:46:00Z,1,SAMEA112746313,MOITS_051,human metagenome,ERP138358,MOITS_051,University Hospital Regensburg,ERS14741575,,,,
ERR10966906,AMPLICON,359,16185511,PRJEB53547,SAMEA112746314,13260511,UNIVERSITY HOSPITAL REGENSBURG,public,"sra,fastq,run.zq","gs,ncbi,s3","gs.us-east1,ncbi.public,s3.us-east-1",2023-03-05,2023-03-05,2023-03-05,2023-03-05,ERX10403744,SAMEA112746314,University Hospital Regensburg,2023-03-05T12:22:38Z,2023-03-05T12:22:38Z,public,Ion GeneStudio S5 Plus,SINGLE,PCR,METAGENOMIC,human metagenome,ION_TORRENT,2023-03-06T00:00:00Z,2023-03-11T00:46:00Z,1,SAMEA112746314,MOITS_052,human metagenome,ERP138358,MOITS_052,University Hospital Regensburg,ERS14741576,,,,
ERR10966907,AMPLICON,354,10941669,PRJEB53547,SAMEA112746315,9071279,UNIVERSITY HOSPITAL REGENSBURG,public,"fastq,sra,run.zq","s3,ncbi,gs","gs.us-east1,s3.us-east-1,ncbi.public",2023-03-05,2023-03-05T12:22:38Z,2023-03-05,2023-03-05T12:22:38Z,ERX10403745,SAMEA112746315,University Hospital Regensburg,2023-03-05T12:22:38Z,2023-03-05T12:22:38Z,public,Ion GeneStudio S5 Plus,SINGLE,PCR,METAGENOMIC,human metagenome,ION_TORRENT,2023-03-06T00:00:00Z,2023-03-11T00:46:00Z,1,SAMEA112746315,MOITS_053,human metagenome,ERP138358,MOITS_053,,ERS14741577,,,,
ERR10966908,AMPLICON,341,23977206,PRJEB53547,SAMEA112746316,19477934,UNIVERSITY HOSPITAL REGENSBURG,public,"run.zq,fastq,sra","ncbi,gs,s3","ncbi.public,gs.us-east1,s3.us-east-1",2023-03-05,2023-03-05T12:22:38Z,2023-03-05,2023-03-05T12:22:38Z,ERX10403746,SAMEA112746316,University Hospital Regensburg,2023-03-05T12:22:38Z,2023-03-05T12:22:38Z,public,Ion GeneStudio S5 Plus,SINGLE,PCR,METAGENOMIC,human metagenome,ION_TORRENT,2023-03-06T00:00:00Z,2023-03-11T00:46:00Z,1,SAMEA112746316,MOITS_054,human metagenome,ERP138358,MOITS_054,,ERS14741578,,,,
ERR10966909,AMPLICON,356,14474329,PRJEB53547,SAMEA112746317,11860558,UNIVERSITY HOSPITAL REGENSBURG,public,"run.zq,sra,fastq","gs,s3,ncbi","gs.us-east1,ncbi.public,s3.us-east-1",2023-03-05,2023-03-05,2023-03-05,2023-03-05,ERX10403747,SAMEA112746317,University Hospital Regensburg,2023-03-05T12:22:38Z,2023-03-05T12:22:38Z,public,Ion GeneStudio S5 Plus,SINGLE,PCR,METAGENOMIC,human metagenome,ION_TORRENT,2023-03-06T00:00:00Z,2023-03-11T00:46:00Z,1,SAMEA112746317,MOITS_055,human metagenome,ERP138358,MOITS_055,University Hospital Regensburg,ERS14741579,,,,
ERR10966910,AMPLICON,370,17245183,PRJEB53547,SAMEA112746318,14139521,UNIVERSITY HOSPITAL REGENSBURG,public,"fastq,sra,run.zq","s3,gs,ncbi","ncbi.public,gs.us-east1,s3.us-east-1",2023-03-05,2023-03-05,2023-03-05,2023-03-05,ERX10403748,SAMEA112746318,University Hospital Regensburg,2023-03-05T12:22:38Z,2023-03-05T12:22:38Z,public,Ion GeneStudio S5 Plus,SINGLE,PCR,METAGENOMIC,human metagenome,ION_TORRENT,2023-03-06T00:00:00Z,2023-03-11T00:46:00Z,1,SAMEA112746318,MOITS_056,human metagenome,ERP138358,MOITS_056,University Hospital Regensburg,ERS14741580,,,,
ERR10966911,AMPLICON,351,25707684,PRJEB53547,SAMEA112746319,20978025,UNIVERSITY HOSPITAL REGENSBURG,public,"sra,fastq,run.zq","s3,ncbi,gs","s3.us-east-1,ncbi.public,gs.us-east1",2023-03-05,2023-03-05,2023-03-05,2023-03-05,ERX10403749,SAMEA112746319,University Hospital Regensburg,2023-03-05T12:22:38Z,2023-03-05T12:22:38Z,public,Ion GeneStudio S5 Plus,SINGLE,PCR,METAGENOMIC,human metagenome,ION_TORRENT,2023-03-06T00:00:00Z,2023-03-11T00:46:00Z,1,SAMEA112746319,MOITS_057,human metagenome,ERP138358,MOITS_057,University Hospital Regensburg,ERS14741581,,,,
ERR10966912,AMPLICON,353,15933098,PRJEB53547,SAMEA112746320,13171675,UNIVERSITY HOSPITAL REGENSBURG,public,"sra,run.zq,fastq","gs,ncbi,s3","ncbi.public,gs.us-east1,s3.us-east-1",2023-03-05,2023-03-05,2023-03-05,2023-03-05,ERX10403750,SAMEA112746320,University Hospital Regensburg,2023-03-05T12:22:38Z,2023-03-05T12:22:38Z,public,Ion GeneStudio S5 Plus,SINGLE,PCR,METAGENOMIC,human metagenome,ION_TORRENT,2023-03-06T00:00:00Z,2023-03-11T00:54:00Z,2,SAMEA112746320,MOITS_058,human metagenome,ERP138358,MOITS_058,University Hospital Regensburg,ERS14741582,,,,
ERR10966913,AMPLICON,162,40881525,PRJEB53547,SAMEA112746321,29217214,UNIVERSITY HOSPITAL REGENSBURG,public,"fastq,run.zq,sra","ncbi,s3,gs","ncbi.public,gs.us-east1,s3.us-east-1",2023-03-05,2023-03-05,2023-03-05,2023-03-05,ERX10403751,SAMEA112746321,University Hospital Regensburg,2023-03-05T12:22:38Z,2023-03-05T12:22:38Z,public,Ion GeneStudio S5 Plus,SINGLE,PCR,METAGENOMIC,human metagenome,ION_TORRENT,2023-03-06T00:00:00Z,2023-03-11T00:46:00Z,1,SAMEA112746321,MOITS_059,human metagenome,ERP138358,MOITS_059,University Hospital Regensburg,ERS14741583,,,,
ERR10966914,AMPLICON,374,35860653,PRJEB53547,SAMEA112746322,29571256,UNIVERSITY HOSPITAL REGENSBURG,public,"sra,run.zq,fastq","s3,ncbi,gs","gs.us-east1,s3.us-east-1,ncbi.public",2023-03-05,2023-03-05,2023-03-05,2023-03-05,ERX10403752,SAMEA112746322,University Hospital Regensburg,2023-03-05T12:22:38Z,2023-03-05T12:22:38Z,public,Ion GeneStudio S5 Plus,SINGLE,PCR,METAGENOMIC,human metagenome,ION_TORRENT,2023-03-06T00:00:00Z,2023-03-11T00:46:00Z,1,SAMEA112746322,MOITS_060,human metagenome,ERP138358,MOITS_060,University Hospital Regensburg,ERS14741584,,,,
ERR10966915,AMPLICON,273,10922668,PRJEB53547,SAMEA112746323,9086206,UNIVERSITY HOSPITAL REGENSBURG,public,"sra,fastq,run.zq","ncbi,s3,gs","ncbi.public,gs.us-east1,s3.us-east-1",2023-03-05,2023-03-05,2023-03-05,2023-03-05,ERX10403753,SAMEA112746323,University Hospital Regensburg,2023-03-05T12:22:38Z,2023-03-05T12:22:38Z,public,Ion GeneStudio S5 Plus,SINGLE,PCR,METAGENOMIC,human metagenome,ION_TORRENT,2023-03-06T00:00:00Z,2023-03-11T00:46:00Z,1,SAMEA112746323,MOITS_061,human metagenome,ERP138358,MOITS_061,University Hospital Regensburg,ERS14741585,,,,
ERR10966916,AMPLICON,360,8566291,PRJEB53547,SAMEA112746324,7087947,UNIVERSITY HOSPITAL REGENSBURG,public,"sra,fastq,run.zq","ncbi,s3,gs","ncbi.public,gs.us-east1,s3.us-east-1",2023-03-05,2023-03-05,2023-03-05,2023-03-05,ERX10403754,SAMEA112746324,University Hospital Regensburg,2023-03-05T12:22:38Z,2023-03-05T12:22:38Z,public,Ion GeneStudio S5 Plus,SINGLE,PCR,METAGENOMIC,human metagenome,ION_TORRENT,2023-03-06T00:00:00Z,2023-03-11T00:47:00Z,1,SAMEA112746324,MOITS_062,human metagenome,ERP138358,MOITS_062,University Hospital Regensburg,ERS14741586,,,,
ERR10966917,AMPLICON,334,11477559,PRJEB53547,SAMEA112746325,9465812,UNIVERSITY HOSPITAL REGENSBURG,public,"run.zq,fastq,sra","s3,ncbi,gs","s3.us-east-1,ncbi.public,gs.us-east1",2023-03-05,2023-03-05,2023-03-05,2023-03-05,ERX10403755,SAMEA112746325,University Hospital Regensburg,2023-03-05T12:22:38Z,2023-03-05T12:22:38Z,public,Ion GeneStudio S5 Plus,SINGLE,PCR,METAGENOMIC,human metagenome,ION_TORRENT,2023-03-06T00:00:00Z,2023-03-11T00:46:00Z,1,SAMEA112746325,MOITS_063,human metagenome,ERP138358,MOITS_063,University Hospital Regensburg,ERS14741587,,,,
ERR10966918,AMPLICON,317,11705628,PRJEB53547,SAMEA112746326,9749549,UNIVERSITY HOSPITAL REGENSBURG,public,"sra,run.zq,fastq","ncbi,s3,gs","ncbi.public,s3.us-east-1,gs.us-east1",2023-03-05,2023-03-05,2023-03-05,2023-03-05,ERX10403756,SAMEA112746326,University Hospital Regensburg,2023-03-05T12:22:38Z,2023-03-05T12:22:38Z,public,Ion GeneStudio S5 Plus,SINGLE,PCR,METAGENOMIC,human metagenome,ION_TORRENT,2023-03-06T00:00:00Z,2023-03-11T00:47:00Z,1,SAMEA112746326,MOITS_064,human metagenome,ERP138358,MOITS_064,University Hospital Regensburg,ERS14741588,,,,
ERR10966919,AMPLICON,365,11608002,PRJEB53547,SAMEA112746327,9568093,UNIVERSITY HOSPITAL REGENSBURG,public,"sra,fastq,run.zq","ncbi,s3,gs","ncbi.public,s3.us-east-1,gs.us-east1",2023-03-05,2023-03-05,2023-03-05,2023-03-05,ERX10403757,SAMEA112746327,University Hospital Regensburg,2023-03-05T12:22:38Z,2023-03-05T12:22:38Z,public,Ion GeneStudio S5 Plus,SINGLE,PCR,METAGENOMIC,human metagenome,ION_TORRENT,2023-03-06T00:00:00Z,2023-03-11T00:47:00Z,1,SAMEA112746327,MOITS_065,human metagenome,ERP138358,MOITS_065,University Hospital Regensburg,ERS14741589,,,,
ERR10966920,AMPLICON,357,12617492,PRJEB53547,SAMEA112746328,10402418,UNIVERSITY HOSPITAL REGENSBURG,public,"run.zq,fastq,sra","s3,ncbi,gs","gs.us-east1,s3.us-east-1,ncbi.public",2023-03-05,2023-03-05,2023-03-05,2023-03-05,ERX10403758,SAMEA112746328,University Hospital Regensburg,2023-03-05T12:22:38Z,2023-03-05T12:22:38Z,public,Ion GeneStudio S5 Plus,SINGLE,PCR,METAGENOMIC,human metagenome,ION_TORRENT,2023-03-06T00:00:00Z,2023-03-11T00:47:00Z,1,SAMEA112746328,MOITS_066,human metagenome,ERP138358,MOITS_066,University Hospital Regensburg,ERS14741590,,,,
ERR10966921,AMPLICON,349,88659,PRJEB53547,SAMEA112746329,151804,UNIVERSITY HOSPITAL REGENSBURG,public,"run.zq,sra,fastq","ncbi,gs,s3","ncbi.public,s3.us-east-1,gs.us-east1",2023-03-05,2023-03-05,2023-03-05,2023-03-05,ERX10403759,SAMEA112746329,University Hospital Regensburg,2023-03-05T12:22:38Z,2023-03-05T12:22:38Z,public,Ion GeneStudio S5 Plus,SINGLE,PCR,METAGENOMIC,human metagenome,ION_TORRENT,2023-03-06T00:00:00Z,2023-03-11T00:46:00Z,1,SAMEA112746329,MOITS_067,human metagenome,ERP138358,MOITS_067,University Hospital Regensburg,ERS14741591,,,,
ERR10966922,AMPLICON,347,15744944,PRJEB53547,SAMEA112746330,12998431,UNIVERSITY HOSPITAL REGENSBURG,public,"run.zq,sra,fastq","gs,ncbi,s3","s3.us-east-1,gs.us-east1,ncbi.public",2023-03-05,2023-03-05,2023-03-05,2023-03-05,ERX10403760,SAMEA112746330,University Hospital Regensburg,2023-03-05T12:22:38Z,2023-03-05T12:22:38Z,public,Ion GeneStudio S5 Plus,SINGLE,PCR,METAGENOMIC,human metagenome,ION_TORRENT,2023-03-06T00:00:00Z,2023-03-11T00:47:00Z,1,SAMEA112746330,MOITS_068,human metagenome,ERP138358,MOITS_068,University Hospital Regensburg,ERS14741592,,,,
ERR10966923,AMPLICON,360,11357381,PRJEB53547,SAMEA112746331,9386643,UNIVERSITY HOSPITAL REGENSBURG,public,"fastq,run.zq,sra","ncbi,s3,gs","ncbi.public,gs.us-east1,s3.us-east-1",2023-03-05,2023-03-05,2023-03-05,2023-03-05,ERX10403761,SAMEA112746331,University Hospital Regensburg,2023-03-05T12:22:38Z,2023-03-05T12:22:38Z,public,Ion GeneStudio S5 Plus,SINGLE,PCR,METAGENOMIC,human metagenome,ION_TORRENT,2023-03-06T00:00:00Z,2023-03-11T00:47:00Z,1,SAMEA112746331,MOITS_069,human metagenome,ERP138358,MOITS_069,University Hospital Regensburg,ERS14741593,,,,
ERR10966924,AMPLICON,352,15700371,PRJEB53547,SAMEA112746332,12900851,UNIVERSITY HOSPITAL REGENSBURG,public,"run.zq,fastq,sra","ncbi,gs,s3","gs.us-east1,s3.us-east-1,ncbi.public",2023-03-05,2023-03-05,2023-03-05,2023-03-05,ERX10403762,SAMEA112746332,University Hospital Regensburg,2023-03-05T12:22:38Z,2023-03-05T12:22:38Z,public,Ion GeneStudio S5 Plus,SINGLE,PCR,METAGENOMIC,human metagenome,ION_TORRENT,2023-03-06T00:00:00Z,2023-03-11T00:47:00Z,1,SAMEA112746332,MOITS_070,human metagenome,ERP138358,MOITS_070,University Hospital Regensburg,ERS14741594,,,,
ERR10966925,AMPLICON,344,19490521,PRJEB53547,SAMEA112746333,15816535,UNIVERSITY HOSPITAL REGENSBURG,public,"run.zq,fastq,sra","gs,s3,ncbi","ncbi.public,s3.us-east-1,gs.us-east1",2023-03-05,2023-03-05,2023-03-05,2023-03-05,ERX10403763,SAMEA112746333,University Hospital Regensburg,2023-03-05T12:22:38Z,2023-03-05T12:22:38Z,public,Ion GeneStudio S5 Plus,SINGLE,PCR,METAGENOMIC,human metagenome,ION_TORRENT,2023-03-06T00:00:00Z,2023-03-11T00:47:00Z,1,SAMEA112746333,MOITS_071,human metagenome,ERP138358,MOITS_071,University Hospital Regensburg,ERS14741595,,,,
ERR10966926,AMPLICON,342,21410179,PRJEB53547,SAMEA112746334,17515173,UNIVERSITY HOSPITAL REGENSBURG,public,"fastq,sra,run.zq","gs,s3,ncbi","s3.us-east-1,gs.us-east1,ncbi.public",2023-03-05,2023-03-05,2023-03-05,2023-03-05,ERX10403764,SAMEA112746334,University Hospital Regensburg,2023-03-05T12:22:38Z,2023-03-05T12:22:38Z,public,Ion GeneStudio S5 Plus,SINGLE,PCR,METAGENOMIC,human metagenome,ION_TORRENT,2023-03-06T00:00:00Z,2023-03-11T01:27:00Z,2,SAMEA112746334,MOITS_072,human metagenome,ERP138358,MOITS_072,University Hospital Regensburg,ERS14741596,,,,
ERR10966927,AMPLICON,347,15069752,PRJEB53547,SAMEA112746335,12379381,UNIVERSITY HOSPITAL REGENSBURG,public,"fastq,sra,run.zq","ncbi,gs,s3","s3.us-east-1,gs.us-east1,ncbi.public",2023-03-05,2023-03-05,2023-03-05,2023-03-05,ERX10403765,SAMEA112746335,University Hospital Regensburg,2023-03-05T12:22:38Z,2023-03-05T12:22:38Z,public,Ion GeneStudio S5 Plus,SINGLE,PCR,METAGENOMIC,human metagenome,ION_TORRENT,2023-03-06T00:00:00Z,2023-03-11T01:30:00Z,2,SAMEA112746335,MOITS_073,human metagenome,ERP138358,MOITS_073,University Hospital Regensburg,ERS14741597,,,,
ERR10966928,AMPLICON,365,12937384,PRJEB53547,SAMEA112746336,10635995,UNIVERSITY HOSPITAL REGENSBURG,public,"fastq,run.zq,sra","gs,ncbi,s3","s3.us-east-1,ncbi.public,gs.us-east1",2023-03-05,2023-03-05,2023-03-05,2023-03-05,ERX10403766,SAMEA112746336,University Hospital Regensburg,2023-03-05T12:22:38Z,2023-03-05T12:22:38Z,public,Ion GeneStudio S5 Plus,SINGLE,PCR,METAGENOMIC,human metagenome,ION_TORRENT,2023-03-06T00:00:00Z,2023-03-11T00:47:00Z,1,SAMEA112746336,MOITS_074,human metagenome,ERP138358,MOITS_074,University Hospital Regensburg,ERS14741598,,,,
ERR10966929,AMPLICON,375,16425199,PRJEB53547,SAMEA112746337,13467668,UNIVERSITY HOSPITAL REGENSBURG,public,"fastq,run.zq,sra","ncbi,s3,gs","gs.us-east1,ncbi.public,s3.us-east-1",2023-03-05,2023-03-05,2023-03-05,2023-03-05,ERX10403767,SAMEA112746337,University Hospital Regensburg,2023-03-05T12:22:38Z,2023-03-05T12:22:38Z,public,Ion GeneStudio S5 Plus,SINGLE,PCR,METAGENOMIC,human metagenome,ION_TORRENT,2023-03-06T00:00:00Z,2023-03-11T00:47:00Z,1,SAMEA112746337,MOITS_075,human metagenome,ERP138358,MOITS_075,University Hospital Regensburg,ERS14741599,,,,
ERR10966930,AMPLICON,313,1698839,PRJEB53547,SAMEA112746338,1404837,UNIVERSITY HOSPITAL REGENSBURG,public,"fastq,run.zq,sra","s3,ncbi,gs","s3.us-east-1,ncbi.public,gs.us-east1",2023-03-05,2023-03-05,2023-03-05,2023-03-05,ERX10403768,SAMEA112746338,University Hospital Regensburg,2023-03-05T12:22:38Z,2023-03-05T12:22:38Z,public,Ion GeneStudio S5 Plus,SINGLE,PCR,METAGENOMIC,human metagenome,ION_TORRENT,2023-03-06T00:00:00Z,2023-03-11T00:46:00Z,1,SAMEA112746338,MOITS_076,human metagenome,ERP138358,MOITS_076,University Hospital Regensburg,ERS14741600,,,,
ERR10966931,AMPLICON,293,8101716,PRJEB53547,SAMEA112746339,6756980,UNIVERSITY HOSPITAL REGENSBURG,public,"sra,run.zq,fastq","s3,ncbi,gs","ncbi.public,s3.us-east-1,gs.us-east1",2023-03-05,2023-03-05,2023-03-05,2023-03-05,ERX10403769,SAMEA112746339,University Hospital Regensburg,2023-03-05T12:22:38Z,2023-03-05T12:22:38Z,public,Ion GeneStudio S5 Plus,SINGLE,PCR,METAGENOMIC,human metagenome,ION_TORRENT,2023-03-06T00:00:00Z,2023-03-11T00:47:00Z,1,SAMEA112746339,MOITS_077,human metagenome,ERP138358,MOITS_077,University Hospital Regensburg,ERS14741601,,,,
ERR10966932,AMPLICON,366,5640330,PRJEB53547,SAMEA112746340,4714830,UNIVERSITY HOSPITAL REGENSBURG,public,"sra,run.zq,fastq","s3,ncbi,gs","s3.us-east-1,ncbi.public,gs.us-east1",2023-03-05,2023-03-05,2023-03-05,2023-03-05,ERX10403770,SAMEA112746340,University Hospital Regensburg,2023-03-05T12:22:38Z,2023-03-05T12:22:38Z,public,Ion GeneStudio S5 Plus,SINGLE,PCR,METAGENOMIC,human metagenome,ION_TORRENT,2023-03-06T00:00:00Z,2023-03-11T00:47:00Z,1,SAMEA112746340,MOITS_078,human metagenome,ERP138358,MOITS_078,University Hospital Regensburg,ERS14741602,,,,
ERR10966933,AMPLICON,332,14422069,PRJEB53547,SAMEA112746341,11705829,UNIVERSITY HOSPITAL REGENSBURG,public,"run.zq,sra,fastq","s3,gs,ncbi","s3.us-east-1,ncbi.public,gs.us-east1",2023-03-05,2023-03-05,2023-03-05,2023-03-05,ERX10403771,SAMEA112746341,University Hospital Regensburg,2023-03-05T12:22:38Z,2023-03-05T12:22:38Z,public,Ion GeneStudio S5 Plus,SINGLE,PCR,METAGENOMIC,human metagenome,ION_TORRENT,2023-03-06T00:00:00Z,2023-03-11T00:47:00Z,1,SAMEA112746341,MOITS_079,human metagenome,ERP138358,MOITS_079,University Hospital Regensburg,ERS14741603,,,,
ERR10966934,AMPLICON,328,19257417,PRJEB53547,SAMEA112746342,15238723,UNIVERSITY HOSPITAL REGENSBURG,public,"fastq,run.zq,sra","ncbi,gs,s3","s3.us-east-1,ncbi.public,gs.us-east1",2023-03-05,2023-03-05,2023-03-05,2023-03-05,ERX10403772,SAMEA112746342,University Hospital Regensburg,2023-03-05T12:22:38Z,2023-03-05T12:22:38Z,public,Ion GeneStudio S5 Plus,SINGLE,PCR,METAGENOMIC,human metagenome,ION_TORRENT,2023-03-06T00:00:00Z,2023-03-11T00:47:00Z,1,SAMEA112746342,MOITS_080,human metagenome,ERP138358,MOITS_080,University Hospital Regensburg,ERS14741604,,,,
ERR10966935,AMPLICON,376,12042756,PRJEB53547,SAMEA112746343,9982563,UNIVERSITY HOSPITAL REGENSBURG,public,"fastq,run.zq,sra","gs,ncbi,s3","ncbi.public,gs.us-east1,s3.us-east-1",2023-03-05,2023-03-05,2023-03-05,2023-03-05,ERX10403773,SAMEA112746343,University Hospital Regensburg,2023-03-05T12:22:38Z,2023-03-05T12:22:38Z,public,Ion GeneStudio S5 Plus,SINGLE,PCR,METAGENOMIC,human metagenome,ION_TORRENT,2023-03-06T00:00:00Z,2023-03-11T00:47:00Z,1,SAMEA112746343,MOITS_081,human metagenome,ERP138358,MOITS_081,University Hospital Regensburg,ERS14741605,,,,
ERR10966936,AMPLICON,332,13318046,PRJEB53547,SAMEA112746344,10995234,UNIVERSITY HOSPITAL REGENSBURG,public,"run.zq,sra,fastq","ncbi,gs,s3","gs.us-east1,ncbi.public,s3.us-east-1",2023-03-05,2023-03-05,2023-03-05,2023-03-05,ERX10403774,SAMEA112746344,University Hospital Regensburg,2023-03-05T12:22:38Z,2023-03-05T12:22:38Z,public,Ion GeneStudio S5 Plus,SINGLE,PCR,METAGENOMIC,human metagenome,ION_TORRENT,2023-03-06T00:00:00Z,2023-03-11T00:47:00Z,1,SAMEA112746344,MOITS_082,human metagenome,ERP138358,MOITS_082,University Hospital Regensburg,ERS14741606,,,,
ERR10966937,AMPLICON,406,9516711,PRJEB53547,SAMEA112746345,7806033,UNIVERSITY HOSPITAL REGENSBURG,public,"sra,fastq,run.zq","s3,ncbi,gs","ncbi.public,gs.us-east1,s3.us-east-1",2023-03-05,2023-03-05,2023-03-05,2023-03-05,ERX10403775,SAMEA112746345,University Hospital Regensburg,2023-03-05T12:22:38Z,2023-03-05T12:22:38Z,public,Ion GeneStudio S5 Plus,SINGLE,PCR,METAGENOMIC,human metagenome,ION_TORRENT,2023-03-06T00:00:00Z,2023-03-11T00:47:00Z,1,SAMEA112746345,MOITS_083,human metagenome,ERP138358,MOITS_083,University Hospital Regensburg,ERS14741607,,,,
ERR10966938,AMPLICON,329,14356694,PRJEB53547,SAMEA112746346,11893414,UNIVERSITY HOSPITAL REGENSBURG,public,"run.zq,fastq,sra","gs,ncbi,s3","s3.us-east-1,ncbi.public,gs.us-east1",2023-03-05,2023-03-05T12:22:38Z,2023-03-05,2023-03-05T12:22:38Z,ERX10403776,SAMEA112746346,University Hospital Regensburg,2023-03-05T12:22:38Z,2023-03-05T12:22:38Z,public,Ion GeneStudio S5 Plus,SINGLE,PCR,METAGENOMIC,human metagenome,ION_TORRENT,2023-03-06T00:00:00Z,2023-03-11T00:47:00Z,1,SAMEA112746346,MOITS_084,human metagenome,ERP138358,MOITS_084,,ERS14741608,,,,
ERR10966939,AMPLICON,353,12265398,PRJEB53547,SAMEA112746347,10119702,UNIVERSITY HOSPITAL REGENSBURG,public,"sra,fastq,run.zq","s3,ncbi,gs","s3.us-east-1,gs.us-east1,ncbi.public",2023-03-05,2023-03-05,2023-03-05,2023-03-05,ERX10403777,SAMEA112746347,University Hospital Regensburg,2023-03-05T12:22:38Z,2023-03-05T12:22:38Z,public,Ion GeneStudio S5 Plus,SINGLE,PCR,METAGENOMIC,human metagenome,ION_TORRENT,2023-03-06T00:00:00Z,2023-03-11T00:47:00Z,1,SAMEA112746347,MOITS_085,human metagenome,ERP138358,MOITS_085,University Hospital Regensburg,ERS14741609,,,,
ERR10966940,AMPLICON,359,13077514,PRJEB53547,SAMEA112746348,10785630,UNIVERSITY HOSPITAL REGENSBURG,public,"fastq,sra,run.zq","gs,s3,ncbi","ncbi.public,gs.us-east1,s3.us-east-1",2023-03-05,2023-03-05,2023-03-05,2023-03-05,ERX10403778,SAMEA112746348,University Hospital Regensburg,2023-03-05T12:22:38Z,2023-03-05T12:22:38Z,public,Ion GeneStudio S5 Plus,SINGLE,PCR,METAGENOMIC,human metagenome,ION_TORRENT,2023-03-06T00:00:00Z,2023-03-11T01:30:00Z,2,SAMEA112746348,MOITS_086,human metagenome,ERP138358,MOITS_086,University Hospital Regensburg,ERS14741610,,,,
ERR10966941,AMPLICON,351,15356849,PRJEB53547,SAMEA112746349,12678736,UNIVERSITY HOSPITAL REGENSBURG,public,"fastq,sra,run.zq","s3,gs,ncbi","s3.us-east-1,gs.us-east1,ncbi.public",2023-03-05,2023-03-05,2023-03-05,2023-03-05,ERX10403779,SAMEA112746349,University Hospital Regensburg,2023-03-05T12:22:38Z,2023-03-05T12:22:38Z,public,Ion GeneStudio S5 Plus,SINGLE,PCR,METAGENOMIC,human metagenome,ION_TORRENT,2023-03-06T00:00:00Z,2023-03-11T01:30:00Z,2,SAMEA112746349,MOITS_087,human metagenome,ERP138358,MOITS_087,University Hospital Regensburg,ERS14741611,,,,
ERR10966942,AMPLICON,360,13263247,PRJEB53547,SAMEA112746350,10907451,UNIVERSITY HOSPITAL REGENSBURG,public,"run.zq,sra,fastq","gs,ncbi,s3","ncbi.public,s3.us-east-1,gs.us-east1",2023-03-05,2023-03-05,2023-03-05,2023-03-05,ERX10403780,SAMEA112746350,University Hospital Regensburg,2023-03-05T12:22:38Z,2023-03-05T12:22:38Z,public,Ion GeneStudio S5 Plus,SINGLE,PCR,METAGENOMIC,human metagenome,ION_TORRENT,2023-03-06T00:00:00Z,2023-03-11T00:47:00Z,1,SAMEA112746350,MOITS_088,human metagenome,ERP138358,MOITS_088,University Hospital Regensburg,ERS14741612,,,,
ERR10966943,AMPLICON,397,9579489,PRJEB53547,SAMEA112746351,7940357,UNIVERSITY HOSPITAL REGENSBURG,public,"sra,fastq,run.zq","gs,s3,ncbi","gs.us-east1,s3.us-east-1,ncbi.public",2023-03-05,2023-03-05,2023-03-05,2023-03-05,ERX10403781,SAMEA112746351,University Hospital Regensburg,2023-03-05T12:22:38Z,2023-03-05T12:22:38Z,public,Ion GeneStudio S5 Plus,SINGLE,PCR,METAGENOMIC,human metagenome,ION_TORRENT,2023-03-06T00:00:00Z,2023-08-08T13:57:00Z,1,SAMEA112746351,MOITS_089,human metagenome,ERP138358,MOITS_089,University Hospital Regensburg,ERS14741613,,,,
ERR10966944,AMPLICON,399,11083054,PRJEB53547,SAMEA112746352,9165876,UNIVERSITY HOSPITAL REGENSBURG,public,"sra,fastq,run.zq","ncbi,s3,gs","s3.us-east-1,ncbi.public,gs.us-east1",2023-03-05,2023-03-05,2023-03-05,2023-03-05,ERX10403782,SAMEA112746352,University Hospital Regensburg,2023-03-05T12:22:38Z,2023-03-05T12:22:38Z,public,Ion GeneStudio S5 Plus,SINGLE,PCR,METAGENOMIC,human metagenome,ION_TORRENT,2023-03-06T00:00:00Z,2023-08-08T13:57:00Z,1,SAMEA112746352,MOITS_090,human metagenome,ERP138358,MOITS_090,University Hospital Regensburg,ERS14741614,,,,
ERR10966945,AMPLICON,367,9770851,PRJEB53547,SAMEA112746353,8125276,UNIVERSITY HOSPITAL REGENSBURG,public,"sra,fastq,run.zq","ncbi,s3,gs","s3.us-east-1,ncbi.public,gs.us-east1",2023-03-05,2023-03-05,2023-03-05,2023-03-05,ERX10403783,SAMEA112746353,University Hospital Regensburg,2023-03-05T12:22:38Z,2023-03-05T12:22:38Z,public,Ion GeneStudio S5 Plus,SINGLE,PCR,METAGENOMIC,human metagenome,ION_TORRENT,2023-03-06T00:00:00Z,2023-03-11T00:47:00Z,1,SAMEA112746353,MOITS_091,human metagenome,ERP138358,MOITS_091,University Hospital Regensburg,ERS14741615,,,,
ERR10966946,AMPLICON,389,6509703,PRJEB53547,SAMEA112746354,5420077,UNIVERSITY HOSPITAL REGENSBURG,public,"run.zq,sra,fastq","ncbi,gs,s3","s3.us-east-1,gs.us-east1,ncbi.public",2023-03-05,2023-03-05,2023-03-05,2023-03-05,ERX10403784,SAMEA112746354,University Hospital Regensburg,2023-03-05T12:22:38Z,2023-03-05T12:22:38Z,public,Ion GeneStudio S5 Plus,SINGLE,PCR,METAGENOMIC,human metagenome,ION_TORRENT,2023-03-06T00:00:00Z,2023-08-08T13:57:00Z,1,SAMEA112746354,MOITS_092,human metagenome,ERP138358,MOITS_092,University Hospital Regensburg,ERS14741616,,,,
ERR10966947,AMPLICON,343,8876603,PRJEB53547,SAMEA112746355,7373228,UNIVERSITY HOSPITAL REGENSBURG,public,"run.zq,fastq,sra","gs,ncbi,s3","s3.us-east-1,gs.us-east1,ncbi.public",2023-03-05,2023-03-05,2023-03-05,2023-03-05,ERX10403785,SAMEA112746355,University Hospital Regensburg,2023-03-05T12:22:38Z,2023-03-05T12:22:38Z,public,Ion GeneStudio S5 Plus,SINGLE,PCR,METAGENOMIC,human metagenome,ION_TORRENT,2023-03-06T00:00:00Z,2023-08-08T13:57:00Z,1,SAMEA112746355,MOITS_093,human metagenome,ERP138358,MOITS_093,University Hospital Regensburg,ERS14741617,,,,
ERR10966948,AMPLICON,402,7794338,PRJEB53547,SAMEA112746356,6468434,UNIVERSITY HOSPITAL REGENSBURG,public,"run.zq,sra,fastq","gs,ncbi,s3","gs.us-east1,ncbi.public,s3.us-east-1",2023-03-05,2023-03-05,2023-03-05,2023-03-05,ERX10403786,SAMEA112746356,University Hospital Regensburg,2023-03-05T12:22:38Z,2023-03-05T12:22:38Z,public,Ion GeneStudio S5 Plus,SINGLE,PCR,METAGENOMIC,human metagenome,ION_TORRENT,2023-03-06T00:00:00Z,2023-03-11T00:47:00Z,1,SAMEA112746356,MOITS_094,human metagenome,ERP138358,MOITS_094,University Hospital Regensburg,ERS14741618,,,,
ERR10966949,AMPLICON,375,9738995,PRJEB53547,SAMEA112746357,8007224,UNIVERSITY HOSPITAL REGENSBURG,public,"sra,fastq,run.zq","gs,s3,ncbi","gs.us-east1,s3.us-east-1,ncbi.public",2023-03-05,2023-03-05,2023-03-05,2023-03-05,ERX10403787,SAMEA112746357,University Hospital Regensburg,2023-03-05T12:22:38Z,2023-03-05T12:22:38Z,public,Ion GeneStudio S5 Plus,SINGLE,PCR,METAGENOMIC,human metagenome,ION_TORRENT,2023-03-06T00:00:00Z,2023-08-08T13:57:00Z,1,SAMEA112746357,MOITS_095,human metagenome,ERP138358,MOITS_095,University Hospital Regensburg,ERS14741619,,,,
ERR10966950,AMPLICON,384,10882789,PRJEB53547,SAMEA112746358,9002298,UNIVERSITY HOSPITAL REGENSBURG,public,"run.zq,sra,fastq","gs,s3,ncbi","gs.us-east1,ncbi.public,s3.us-east-1",2023-03-05,2023-03-05,2023-03-05,2023-03-05,ERX10403788,SAMEA112746358,University Hospital Regensburg,2023-03-05T12:22:38Z,2023-03-05T12:22:38Z,public,Ion GeneStudio S5 Plus,SINGLE,PCR,METAGENOMIC,human metagenome,ION_TORRENT,2023-03-06T00:00:00Z,2023-03-11T00:47:00Z,1,SAMEA112746358,MOITS_096,human metagenome,ERP138358,MOITS_096,University Hospital Regensburg,ERS14741620,,,,
ERR10966951,AMPLICON,395,6444530,PRJEB53547,SAMEA112746359,5383045,UNIVERSITY HOSPITAL REGENSBURG,public,"sra,run.zq,fastq","gs,ncbi,s3","gs.us-east1,s3.us-east-1,ncbi.public",2023-03-05,2023-03-05,2023-03-05,2023-03-05,ERX10403789,SAMEA112746359,University Hospital Regensburg,2023-03-05T12:22:38Z,2023-03-05T12:22:38Z,public,Ion GeneStudio S5 Plus,SINGLE,PCR,METAGENOMIC,human metagenome,ION_TORRENT,2023-03-06T00:00:00Z,2023-08-08T13:57:00Z,1,SAMEA112746359,MOITS_097,human metagenome,ERP138358,MOITS_097,University Hospital Regensburg,ERS14741621,,,,
ERR10966952,AMPLICON,382,6650216,PRJEB53547,SAMEA112746360,5557725,UNIVERSITY HOSPITAL REGENSBURG,public,"sra,run.zq,fastq","ncbi,gs,s3","ncbi.public,s3.us-east-1,gs.us-east1",2023-03-05,2023-03-05,2023-03-05,2023-03-05,ERX10403790,SAMEA112746360,University Hospital Regensburg,2023-03-05T12:22:38Z,2023-03-05T12:22:38Z,public,Ion GeneStudio S5 Plus,SINGLE,PCR,METAGENOMIC,human metagenome,ION_TORRENT,2023-03-06T00:00:00Z,2023-08-08T13:57:00Z,1,SAMEA112746360,MOITS_098,human metagenome,ERP138358,MOITS_098,University Hospital Regensburg,ERS14741622,,,,
ERR10966953,AMPLICON,374,11804465,PRJEB53547,SAMEA112746361,9793018,UNIVERSITY HOSPITAL REGENSBURG,public,"run.zq,sra,fastq","s3,gs,ncbi","s3.us-east-1,gs.us-east1,ncbi.public",2023-03-05,2023-03-05,2023-03-05,2023-03-05,ERX10403791,SAMEA112746361,University Hospital Regensburg,2023-03-05T12:22:38Z,2023-03-05T12:22:38Z,public,Ion GeneStudio S5 Plus,SINGLE,PCR,METAGENOMIC,human metagenome,ION_TORRENT,2023-03-06T00:00:00Z,2023-03-11T00:47:00Z,1,SAMEA112746361,MOITS_099,human metagenome,ERP138358,MOITS_099,University Hospital Regensburg,ERS14741623,,,,
ERR10966954,AMPLICON,370,8003272,PRJEB53547,SAMEA112746362,6672579,UNIVERSITY HOSPITAL REGENSBURG,public,"sra,fastq,run.zq","gs,ncbi,s3","gs.us-east1,ncbi.public,s3.us-east-1",2023-03-05,2023-03-05,2023-03-05,2023-03-05,ERX10403792,SAMEA112746362,University Hospital Regensburg,2023-03-05T12:22:38Z,2023-03-05T12:22:38Z,public,Ion GeneStudio S5 Plus,SINGLE,PCR,METAGENOMIC,human metagenome,ION_TORRENT,2023-03-06T00:00:00Z,2023-03-11T00:47:00Z,1,SAMEA112746362,MOITS_100,human metagenome,ERP138358,MOITS_100,University Hospital Regensburg,ERS14741624,,,,
ERR10966955,AMPLICON,378,7217662,PRJEB53547,SAMEA112746363,5985493,UNIVERSITY HOSPITAL REGENSBURG,public,"fastq,run.zq,sra","gs,s3,ncbi","gs.us-east1,ncbi.public,s3.us-east-1",2023-03-05,2023-03-05,2023-03-05,2023-03-05,ERX10403793,SAMEA112746363,University Hospital Regensburg,2023-03-05T12:22:38Z,2023-03-05T12:22:38Z,public,Ion GeneStudio S5 Plus,SINGLE,PCR,METAGENOMIC,human metagenome,ION_TORRENT,2023-03-06T00:00:00Z,2023-03-11T00:47:00Z,1,SAMEA112746363,MOITS_101,human metagenome,ERP138358,MOITS_101,University Hospital Regensburg,ERS14741625,,,,
ERR10966956,AMPLICON,383,6333389,PRJEB53547,SAMEA112746364,5275700,UNIVERSITY HOSPITAL REGENSBURG,public,"run.zq,sra,fastq","gs,s3,ncbi","s3.us-east-1,gs.us-east1,ncbi.public",2023-03-05,2023-03-05,2023-03-05,2023-03-05,ERX10403794,SAMEA112746364,University Hospital Regensburg,2023-03-05T12:22:38Z,2023-03-05T12:22:38Z,public,Ion GeneStudio S5 Plus,SINGLE,PCR,METAGENOMIC,human metagenome,ION_TORRENT,2023-03-06T00:00:00Z,2023-03-11T00:47:00Z,1,SAMEA112746364,MOITS_102,human metagenome,ERP138358,MOITS_102,University Hospital Regensburg,ERS14741626,,,,
ERR10966957,AMPLICON,396,6809953,PRJEB53547,SAMEA112746365,5651140,UNIVERSITY HOSPITAL REGENSBURG,public,"sra,run.zq,fastq","s3,gs,ncbi","ncbi.public,gs.us-east1,s3.us-east-1",2023-03-05,2023-03-05,2023-03-05,2023-03-05,ERX10403795,SAMEA112746365,University Hospital Regensburg,2023-03-05T12:22:38Z,2023-03-05T12:22:38Z,public,Ion GeneStudio S5 Plus,SINGLE,PCR,METAGENOMIC,human metagenome,ION_TORRENT,2023-03-06T00:00:00Z,2023-03-11T00:47:00Z,1,SAMEA112746365,MOITS_103,human metagenome,ERP138358,MOITS_103,University Hospital Regensburg,ERS14741627,,,,
ERR10966958,AMPLICON,396,7031031,PRJEB53547,SAMEA112746366,5835300,UNIVERSITY HOSPITAL REGENSBURG,public,"fastq,run.zq,sra","s3,gs,ncbi","ncbi.public,gs.us-east1,s3.us-east-1",2023-03-05,2023-03-05,2023-03-05,2023-03-05,ERX10403796,SAMEA112746366,University Hospital Regensburg,2023-03-05T12:22:38Z,2023-03-05T12:22:38Z,public,Ion GeneStudio S5 Plus,SINGLE,PCR,METAGENOMIC,human metagenome,ION_TORRENT,2023-03-06T00:00:00Z,2023-03-11T00:47:00Z,1,SAMEA112746366,MOITS_104,human metagenome,ERP138358,MOITS_104,University Hospital Regensburg,ERS14741628,,,,
ERR10966959,AMPLICON,380,5033845,PRJEB53547,SAMEA112746367,4228815,UNIVERSITY HOSPITAL REGENSBURG,public,"run.zq,sra,fastq","s3,ncbi,gs","ncbi.public,s3.us-east-1,gs.us-east1",2023-03-05,2023-03-05,2023-03-05,2023-03-05,ERX10403797,SAMEA112746367,University Hospital Regensburg,2023-03-05T12:22:38Z,2023-03-05T12:22:38Z,public,Ion GeneStudio S5 Plus,SINGLE,PCR,METAGENOMIC,human metagenome,ION_TORRENT,2023-03-06T00:00:00Z,2023-03-11T00:47:00Z,1,SAMEA112746367,MOITS_105,human metagenome,ERP138358,MOITS_105,University Hospital Regensburg,ERS14741629,,,,
ERR10966960,AMPLICON,308,5576210,PRJEB53547,SAMEA112746368,4701990,UNIVERSITY HOSPITAL REGENSBURG,public,"sra,fastq,run.zq","gs,s3,ncbi","gs.us-east1,s3.us-east-1,ncbi.public",2023-03-05,2023-03-05,2023-03-05,2023-03-05,ERX10403798,SAMEA112746368,University Hospital Regensburg,2023-03-05T12:22:38Z,2023-03-05T12:22:38Z,public,Ion GeneStudio S5 Plus,SINGLE,PCR,METAGENOMIC,human metagenome,ION_TORRENT,2023-03-06T00:00:00Z,2023-03-11T01:28:00Z,2,SAMEA112746368,MOITS_106,human metagenome,ERP138358,MOITS_106,University Hospital Regensburg,ERS14741630,,,,
ERR10966961,AMPLICON,338,49029774,PRJEB53547,SAMEA112746369,38515894,UNIVERSITY HOSPITAL REGENSBURG,public,"run.zq,fastq,sra","gs,s3,ncbi","ncbi.public,s3.us-east-1,gs.us-east1",2023-03-05,2023-03-05,2023-03-05,2023-03-05,ERX10403799,SAMEA112746369,University Hospital Regensburg,2023-03-05T12:22:38Z,2023-03-05T12:22:38Z,public,Ion GeneStudio S5 Plus,SINGLE,PCR,METAGENOMIC,human metagenome,ION_TORRENT,2023-03-06T00:00:00Z,2023-03-11T00:47:00Z,1,SAMEA112746369,MOITS_107,human metagenome,ERP138358,MOITS_107,University Hospital Regensburg,ERS14741631,,,,
ERR10966962,AMPLICON,385,7158483,PRJEB53547,SAMEA112746370,5961660,UNIVERSITY HOSPITAL REGENSBURG,public,"fastq,run.zq,sra","ncbi,gs,s3","ncbi.public,s3.us-east-1,gs.us-east1",2023-03-05,2023-03-05,2023-03-05,2023-03-05,ERX10403800,SAMEA112746370,University Hospital Regensburg,2023-03-05T12:22:38Z,2023-03-05T12:22:38Z,public,Ion GeneStudio S5 Plus,SINGLE,PCR,METAGENOMIC,human metagenome,ION_TORRENT,2023-03-06T00:00:00Z,2023-03-11T01:28:00Z,2,SAMEA112746370,MOITS_108,human metagenome,ERP138358,MOITS_108,University Hospital Regensburg,ERS14741632,,,,
ERR10966963,AMPLICON,379,207561495,PRJEB53547,SAMEA112746371,170388627,UNIVERSITY HOSPITAL REGENSBURG,public,"fastq,sra,run.zq","s3,ncbi,gs","gs.us-east1,s3.us-east-1,ncbi.public",2023-03-05,2023-03-05,2023-03-05,2023-03-05,ERX10403801,SAMEA112746371,University Hospital Regensburg,2023-03-05T12:22:38Z,2023-03-05T12:22:38Z,public,Ion GeneStudio S5 Plus,SINGLE,PCR,METAGENOMIC,human metagenome,ION_TORRENT,2023-03-06T00:00:00Z,2023-03-11T00:47:00Z,1,SAMEA112746371,MOITS_109,human metagenome,ERP138358,MOITS_109,University Hospital Regensburg,ERS14741633,,,,
ERR10966964,AMPLICON,419,12069900,PRJEB53547,SAMEA112746372,9984373,UNIVERSITY HOSPITAL REGENSBURG,public,"run.zq,sra,fastq","gs,ncbi,s3","s3.us-east-1,gs.us-east1,ncbi.public",2023-03-05,2023-03-05,2023-03-05,2023-03-05,ERX10403802,SAMEA112746372,University Hospital Regensburg,2023-03-05T12:22:38Z,2023-03-05T12:22:38Z,public,Ion GeneStudio S5 Plus,SINGLE,PCR,METAGENOMIC,human metagenome,ION_TORRENT,2023-03-06T00:00:00Z,2023-03-11T00:47:00Z,1,SAMEA112746372,MOITS_110,human metagenome,ERP138358,MOITS_110,University Hospital Regensburg,ERS14741634,,,,
ERR10966965,AMPLICON,385,6351709,PRJEB53547,SAMEA112746373,5305260,UNIVERSITY HOSPITAL REGENSBURG,public,"fastq,run.zq,sra","s3,gs,ncbi","s3.us-east-1,ncbi.public,gs.us-east1",2023-03-05,2023-03-05,2023-03-05,2023-03-05,ERX10403803,SAMEA112746373,University Hospital Regensburg,2023-03-05T12:22:38Z,2023-03-05T12:22:38Z,public,Ion GeneStudio S5 Plus,SINGLE,PCR,METAGENOMIC,human metagenome,ION_TORRENT,2023-03-06T00:00:00Z,2023-03-11T00:47:00Z,1,SAMEA112746373,MOITS_111,human metagenome,ERP138358,MOITS_111,University Hospital Regensburg,ERS14741635,,,,
ERR10966966,AMPLICON,378,8607919,PRJEB53547,SAMEA112746374,7138684,UNIVERSITY HOSPITAL REGENSBURG,public,"fastq,sra,run.zq","s3,ncbi,gs","ncbi.public,gs.us-east1,s3.us-east-1",2023-03-05,2023-03-05,2023-03-05,2023-03-05,ERX10403804,SAMEA112746374,University Hospital Regensburg,2023-03-05T12:22:38Z,2023-03-05T12:22:38Z,public,Ion GeneStudio S5 Plus,SINGLE,PCR,METAGENOMIC,human metagenome,ION_TORRENT,2023-03-06T00:00:00Z,2023-03-11T01:29:00Z,2,SAMEA112746374,MOITS_112,human metagenome,ERP138358,MOITS_112,University Hospital Regensburg,ERS14741636,,,,
ERR10966967,AMPLICON,333,2695428,PRJEB53547,SAMEA112746375,2317193,UNIVERSITY HOSPITAL REGENSBURG,public,"sra,run.zq,fastq","s3,ncbi,gs","ncbi.public,gs.us-east1,s3.us-east-1",2023-03-05,2023-03-05,2023-03-05,2023-03-05,ERX10403805,SAMEA112746375,University Hospital Regensburg,2023-03-05T12:22:38Z,2023-03-05T12:22:38Z,public,Ion GeneStudio S5 Plus,SINGLE,PCR,METAGENOMIC,human metagenome,ION_TORRENT,2023-03-06T00:00:00Z,2023-03-11T00:48:00Z,1,SAMEA112746375,MOITS_113,human metagenome,ERP138358,MOITS_113,University Hospital Regensburg,ERS14741637,,,,
ERR10966968,AMPLICON,397,7599283,PRJEB53547,SAMEA112746376,6305052,UNIVERSITY HOSPITAL REGENSBURG,public,"run.zq,fastq,sra","gs,ncbi,s3","s3.us-east-1,gs.us-east1,ncbi.public",2023-03-05,2023-03-05,2023-03-05,2023-03-05,ERX10403806,SAMEA112746376,University Hospital Regensburg,2023-03-05T12:22:38Z,2023-03-05T12:22:38Z,public,Ion GeneStudio S5 Plus,SINGLE,PCR,METAGENOMIC,human metagenome,ION_TORRENT,2023-03-06T00:00:00Z,2023-03-11T01:29:00Z,2,SAMEA112746376,MOITS_114,human metagenome,ERP138358,MOITS_114,University Hospital Regensburg,ERS14741638,,,,
ERR10966969,AMPLICON,391,7860588,PRJEB53547,SAMEA112746377,6542921,UNIVERSITY HOSPITAL REGENSBURG,public,"run.zq,fastq,sra","gs,s3,ncbi","ncbi.public,gs.us-east1,s3.us-east-1",2023-03-05,2023-03-05,2023-03-05,2023-03-05,ERX10403807,SAMEA112746377,University Hospital Regensburg,2023-03-05T12:22:38Z,2023-03-05T12:22:38Z,public,Ion GeneStudio S5 Plus,SINGLE,PCR,METAGENOMIC,human metagenome,ION_TORRENT,2023-03-06T00:00:00Z,2023-03-11T00:48:00Z,1,SAMEA112746377,MOITS_115,human metagenome,ERP138358,MOITS_115,University Hospital Regensburg,ERS14741639,,,,
ERR10966970,AMPLICON,375,8850051,PRJEB53547,SAMEA112746378,7353033,UNIVERSITY HOSPITAL REGENSBURG,public,"fastq,sra,run.zq","s3,ncbi,gs","s3.us-east-1,gs.us-east1,ncbi.public",2023-03-05,2023-03-05,2023-03-05,2023-03-05,ERX10403808,SAMEA112746378,University Hospital Regensburg,2023-03-05T12:22:38Z,2023-03-05T12:22:38Z,public,Ion GeneStudio S5 Plus,SINGLE,PCR,METAGENOMIC,human metagenome,ION_TORRENT,2023-03-06T00:00:00Z,2023-03-11T00:49:00Z,1,SAMEA112746378,MOITS_116,human metagenome,ERP138358,MOITS_116,University Hospital Regensburg,ERS14741640,,,,
ERR10966971,AMPLICON,391,8899350,PRJEB53547,SAMEA112746379,7383839,UNIVERSITY HOSPITAL REGENSBURG,public,"sra,run.zq,fastq","s3,ncbi,gs","ncbi.public,s3.us-east-1,gs.us-east1",2023-03-05,2023-03-05,2023-03-05,2023-03-05,ERX10403809,SAMEA112746379,University Hospital Regensburg,2023-03-05T12:22:38Z,2023-03-05T12:22:38Z,public,Ion GeneStudio S5 Plus,SINGLE,PCR,METAGENOMIC,human metagenome,ION_TORRENT,2023-03-06T00:00:00Z,2023-03-11T00:47:00Z,1,SAMEA112746379,MOITS_117,human metagenome,ERP138358,MOITS_117,University Hospital Regensburg,ERS14741641,,,,
ERR10966972,AMPLICON,356,8500551,PRJEB53547,SAMEA112746380,7072358,UNIVERSITY HOSPITAL REGENSBURG,public,"sra,fastq,run.zq","gs,ncbi,s3","s3.us-east-1,ncbi.public,gs.us-east1",2023-03-05,2023-03-05,2023-03-05,2023-03-05,ERX10403810,SAMEA112746380,University Hospital Regensburg,2023-03-05T12:22:38Z,2023-03-05T12:22:38Z,public,Ion GeneStudio S5 Plus,SINGLE,PCR,METAGENOMIC,human metagenome,ION_TORRENT,2023-03-06T00:00:00Z,2023-03-11T00:47:00Z,1,SAMEA112746380,MOITS_118,human metagenome,ERP138358,MOITS_118,University Hospital Regensburg,ERS14741642,,,,
ERR10966973,AMPLICON,352,11955251,PRJEB53547,SAMEA112746381,9918347,UNIVERSITY HOSPITAL REGENSBURG,public,"fastq,run.zq,sra","gs,s3,ncbi","gs.us-east1,s3.us-east-1,ncbi.public",2023-03-05,2023-03-05,2023-03-05,2023-03-05,ERX10403811,SAMEA112746381,University Hospital Regensburg,2023-03-05T12:22:38Z,2023-03-05T12:22:38Z,public,Ion GeneStudio S5 Plus,SINGLE,PCR,METAGENOMIC,human metagenome,ION_TORRENT,2023-03-06T00:00:00Z,2023-03-11T00:48:00Z,1,SAMEA112746381,MOITS_119,human metagenome,ERP138358,MOITS_119,University Hospital Regensburg,ERS14741643,,,,
ERR10966974,AMPLICON,381,7173045,PRJEB53547,SAMEA112746382,5969910,UNIVERSITY HOSPITAL REGENSBURG,public,"run.zq,fastq,sra","ncbi,gs,s3","ncbi.public,s3.us-east-1,gs.us-east1",2023-03-05,2023-03-05,2023-03-05,2023-03-05,ERX10403812,SAMEA112746382,University Hospital Regensburg,2023-03-05T12:22:38Z,2023-03-05T12:22:38Z,public,Ion GeneStudio S5 Plus,SINGLE,PCR,METAGENOMIC,human metagenome,ION_TORRENT,2023-03-06T00:00:00Z,2023-03-11T00:49:00Z,1,SAMEA112746382,MOITS_120,human metagenome,ERP138358,MOITS_120,University Hospital Regensburg,ERS14741644,,,,
ERR10966975,AMPLICON,275,14517402,PRJEB53547,SAMEA112746383,11588177,UNIVERSITY HOSPITAL REGENSBURG,public,"fastq,run.zq,sra","s3,ncbi,gs","s3.us-east-1,ncbi.public,gs.us-east1",2023-03-05,2023-03-05,2023-03-05,2023-03-05,ERX10403813,SAMEA112746383,University Hospital Regensburg,2023-03-05T12:22:38Z,2023-03-05T12:22:38Z,public,Ion GeneStudio S5 Plus,SINGLE,PCR,METAGENOMIC,human metagenome,ION_TORRENT,2023-03-06T00:00:00Z,2023-03-11T01:29:00Z,2,SAMEA112746383,MOITS_121,human metagenome,ERP138358,MOITS_121,University Hospital Regensburg,ERS14741645,,,,
ERR10966976,AMPLICON,378,7098612,PRJEB53547,SAMEA112746384,5925858,UNIVERSITY HOSPITAL REGENSBURG,public,"run.zq,sra,fastq","gs,ncbi,s3","gs.us-east1,s3.us-east-1,ncbi.public",2023-03-05,2023-03-05,2023-03-05,2023-03-05,ERX10403814,SAMEA112746384,University Hospital Regensburg,2023-03-05T12:22:38Z,2023-03-05T12:22:38Z,public,Ion GeneStudio S5 Plus,SINGLE,PCR,METAGENOMIC,human metagenome,ION_TORRENT,2023-03-06T00:00:00Z,2023-03-11T00:49:00Z,1,SAMEA112746384,MOITS_122,human metagenome,ERP138358,MOITS_122,University Hospital Regensburg,ERS14741646,,,,
ERR10966977,AMPLICON,350,4188712,PRJEB53547,SAMEA112746385,3542320,UNIVERSITY HOSPITAL REGENSBURG,public,"fastq,run.zq,sra","ncbi,s3,gs","s3.us-east-1,ncbi.public,gs.us-east1",2023-03-05,2023-03-05,2023-03-05,2023-03-05,ERX10403815,SAMEA112746385,University Hospital Regensburg,2023-03-05T12:22:38Z,2023-03-05T12:22:38Z,public,Ion GeneStudio S5 Plus,SINGLE,PCR,METAGENOMIC,human metagenome,ION_TORRENT,2023-03-06T00:00:00Z,2023-03-11T00:48:00Z,1,SAMEA112746385,MOITS_123,human metagenome,ERP138358,MOITS_123,University Hospital Regensburg,ERS14741647,,,,
ERR10966978,AMPLICON,377,7234360,PRJEB53547,SAMEA112746386,6029663,UNIVERSITY HOSPITAL REGENSBURG,public,"sra,fastq,run.zq","gs,ncbi,s3","ncbi.public,s3.us-east-1,gs.us-east1",2023-03-05,2023-03-05,2023-03-05,2023-03-05,ERX10403816,SAMEA112746386,University Hospital Regensburg,2023-03-05T12:22:38Z,2023-03-05T12:22:38Z,public,Ion GeneStudio S5 Plus,SINGLE,PCR,METAGENOMIC,human metagenome,ION_TORRENT,2023-03-06T00:00:00Z,2023-03-11T00:49:00Z,1,SAMEA112746386,MOITS_124,human metagenome,ERP138358,MOITS_124,University Hospital Regensburg,ERS14741648,,,,
ERR10966979,AMPLICON,379,6203113,PRJEB53547,SAMEA112746387,5181698,UNIVERSITY HOSPITAL REGENSBURG,public,"fastq,run.zq,sra","gs,s3,ncbi","s3.us-east-1,ncbi.public,gs.us-east1",2023-03-05,2023-03-05,2023-03-05,2023-03-05,ERX10403817,SAMEA112746387,University Hospital Regensburg,2023-03-05T12:22:38Z,2023-03-05T12:22:38Z,public,Ion GeneStudio S5 Plus,SINGLE,PCR,METAGENOMIC,human metagenome,ION_TORRENT,2023-03-06T00:00:00Z,2023-03-11T00:49:00Z,1,SAMEA112746387,MOITS_125,human metagenome,ERP138358,MOITS_125,University Hospital Regensburg,ERS14741649,,,,
ERR10966980,AMPLICON,282,34591520,PRJEB53547,SAMEA112746388,28565870,UNIVERSITY HOSPITAL REGENSBURG,public,"fastq,run.zq,sra","ncbi,gs,s3","ncbi.public,gs.us-east1,s3.us-east-1",2023-03-05,2023-03-05,2023-03-05,2023-03-05,ERX10403818,SAMEA112746388,University Hospital Regensburg,2023-03-05T12:22:38Z,2023-03-05T12:22:38Z,public,Ion GeneStudio S5 Plus,SINGLE,PCR,METAGENOMIC,human metagenome,ION_TORRENT,2023-03-06T00:00:00Z,2023-03-11T00:49:00Z,1,SAMEA112746388,MOITS_126,human metagenome,ERP138358,MOITS_126,University Hospital Regensburg,ERS14741650,,,,
ERR10966981,AMPLICON,352,12257652,PRJEB53547,SAMEA112746389,10041530,UNIVERSITY HOSPITAL REGENSBURG,public,"run.zq,sra,fastq","ncbi,gs,s3","s3.us-east-1,ncbi.public,gs.us-east1",2023-03-05,2023-03-05,2023-03-05,2023-03-05,ERX10403819,SAMEA112746389,University Hospital Regensburg,2023-03-05T12:22:38Z,2023-03-05T12:22:38Z,public,Ion GeneStudio S5 Plus,SINGLE,PCR,METAGENOMIC,human metagenome,ION_TORRENT,2023-03-06T00:00:00Z,2023-03-11T00:49:00Z,1,SAMEA112746389,MOITS_127,human metagenome,ERP138358,MOITS_127,University Hospital Regensburg,ERS14741651,,,,
ERR10966982,AMPLICON,386,7305923,PRJEB53547,SAMEA112746390,6086296,UNIVERSITY HOSPITAL REGENSBURG,public,"run.zq,sra,fastq","gs,ncbi,s3","gs.us-east1,ncbi.public,s3.us-east-1",2023-03-05,2023-03-05,2023-03-05,2023-03-05,ERX10403820,SAMEA112746390,University Hospital Regensburg,2023-03-05T12:22:38Z,2023-03-05T12:22:38Z,public,Ion GeneStudio S5 Plus,SINGLE,PCR,METAGENOMIC,human metagenome,ION_TORRENT,2023-03-06T00:00:00Z,2023-03-17T04:44:00Z,1,SAMEA112746390,MOITS_128,human metagenome,ERP138358,MOITS_128,University Hospital Regensburg,ERS14741652,,,,
ERR10966983,AMPLICON,391,6690986,PRJEB53547,SAMEA112746391,5589756,UNIVERSITY HOSPITAL REGENSBURG,public,"sra,fastq,run.zq","gs,ncbi,s3","s3.us-east-1,ncbi.public,gs.us-east1",2023-03-05,2023-03-05,2023-03-05,2023-03-05,ERX10403821,SAMEA112746391,University Hospital Regensburg,2023-03-05T12:22:38Z,2023-03-05T12:22:38Z,public,Ion GeneStudio S5 Plus,SINGLE,PCR,METAGENOMIC,human metagenome,ION_TORRENT,2023-03-06T00:00:00Z,2023-03-11T00:49:00Z,1,SAMEA112746391,MOITS_129,human metagenome,ERP138358,MOITS_129,University Hospital Regensburg,ERS14741653,,,,
ERR10966984,AMPLICON,376,6308540,PRJEB53547,SAMEA112746392,5284899,UNIVERSITY HOSPITAL REGENSBURG,public,"run.zq,fastq,sra","gs,ncbi,s3","s3.us-east-1,ncbi.public,gs.us-east1",2023-03-05,2023-03-05,2023-03-05,2023-03-05,ERX10403822,SAMEA112746392,University Hospital Regensburg,2023-03-05T12:22:38Z,2023-03-05T12:22:38Z,public,Ion GeneStudio S5 Plus,SINGLE,PCR,METAGENOMIC,human metagenome,ION_TORRENT,2023-03-06T00:00:00Z,2023-08-08T13:57:00Z,1,SAMEA112746392,MOITS_130,human metagenome,ERP138358,MOITS_130,University Hospital Regensburg,ERS14741654,,,,
ERR10966985,AMPLICON,380,9536881,PRJEB53547,SAMEA112746393,7929356,UNIVERSITY HOSPITAL REGENSBURG,public,"run.zq,sra,fastq","gs,ncbi,s3","gs.us-east1,s3.us-east-1,ncbi.public",2023-03-05,2023-03-05,2023-03-05,2023-03-05,ERX10403823,SAMEA112746393,University Hospital Regensburg,2023-03-05T12:22:38Z,2023-03-05T12:22:38Z,public,Ion GeneStudio S5 Plus,SINGLE,PCR,METAGENOMIC,human metagenome,ION_TORRENT,2023-03-06T00:00:00Z,2023-03-11T00:49:00Z,1,SAMEA112746393,MOITS_131,human metagenome,ERP138358,MOITS_131,University Hospital Regensburg,ERS14741655,,,,
ERR10966986,AMPLICON,383,7302287,PRJEB53547,SAMEA112746394,6084627,UNIVERSITY HOSPITAL REGENSBURG,public,"sra,run.zq,fastq","s3,ncbi,gs","gs.us-east1,s3.us-east-1,ncbi.public",2023-03-05,2023-03-05,2023-03-05,2023-03-05,ERX10403824,SAMEA112746394,University Hospital Regensburg,2023-03-05T12:22:38Z,2023-03-05T12:22:38Z,public,Ion GeneStudio S5 Plus,SINGLE,PCR,METAGENOMIC,human metagenome,ION_TORRENT,2023-03-06T00:00:00Z,2023-08-08T13:57:00Z,1,SAMEA112746394,MOITS_132,human metagenome,ERP138358,MOITS_132,University Hospital Regensburg,ERS14741656,,,,
ERR10966987,AMPLICON,366,10466401,PRJEB53547,SAMEA112746395,8700287,UNIVERSITY HOSPITAL REGENSBURG,public,"fastq,sra,run.zq","s3,gs,ncbi","gs.us-east1,ncbi.public,s3.us-east-1",2023-03-05,2023-03-05,2023-03-05,2023-03-05,ERX10403825,SAMEA112746395,University Hospital Regensburg,2023-03-05T12:22:38Z,2023-03-05T12:22:38Z,public,Ion GeneStudio S5 Plus,SINGLE,PCR,METAGENOMIC,human metagenome,ION_TORRENT,2023-03-06T00:00:00Z,2023-03-11T00:49:00Z,1,SAMEA112746395,MOITS_133,human metagenome,ERP138358,MOITS_133,University Hospital Regensburg,ERS14741657,,,,
ERR10966988,AMPLICON,349,10133089,PRJEB53547,SAMEA112746396,8425739,UNIVERSITY HOSPITAL REGENSBURG,public,"fastq,sra,run.zq","ncbi,gs,s3","ncbi.public,s3.us-east-1,gs.us-east1",2023-03-05,2023-03-05,2023-03-05,2023-03-05,ERX10403826,SAMEA112746396,University Hospital Regensburg,2023-03-05T12:22:38Z,2023-03-05T12:22:38Z,public,Ion GeneStudio S5 Plus,SINGLE,PCR,METAGENOMIC,human metagenome,ION_TORRENT,2023-03-06T00:00:00Z,2023-03-11T00:49:00Z,1,SAMEA112746396,MOITS_134,human metagenome,ERP138358,MOITS_134,University Hospital Regensburg,ERS14741658,,,,
ERR10966989,AMPLICON,389,10483373,PRJEB53547,SAMEA112746397,8670535,UNIVERSITY HOSPITAL REGENSBURG,public,"sra,fastq,run.zq","ncbi,gs,s3","s3.us-east-1,gs.us-east1,ncbi.public",2023-03-05,2023-03-05,2023-03-05,2023-03-05,ERX10403827,SAMEA112746397,University Hospital Regensburg,2023-03-05T12:22:38Z,2023-03-05T12:22:38Z,public,Ion GeneStudio S5 Plus,SINGLE,PCR,METAGENOMIC,human metagenome,ION_TORRENT,2023-03-06T00:00:00Z,2023-03-11T00:49:00Z,1,SAMEA112746397,MOITS_135,human metagenome,ERP138358,MOITS_135,University Hospital Regensburg,ERS14741659,,,,
ERR10966990,AMPLICON,361,10463628,PRJEB53547,SAMEA112746398,8658305,UNIVERSITY HOSPITAL REGENSBURG,public,"run.zq,sra,fastq","s3,gs,ncbi","gs.us-east1,ncbi.public,s3.us-east-1",2023-03-05,2023-03-05,2023-03-05,2023-03-05,ERX10403828,SAMEA112746398,University Hospital Regensburg,2023-03-05T12:22:38Z,2023-03-05T12:22:38Z,public,Ion GeneStudio S5 Plus,SINGLE,PCR,METAGENOMIC,human metagenome,ION_TORRENT,2023-03-06T00:00:00Z,2023-03-11T00:49:00Z,1,SAMEA112746398,MOITS_136,human metagenome,ERP138358,MOITS_136,University Hospital Regensburg,ERS14741660,,,,
ERR10966991,AMPLICON,331,37237741,PRJEB53547,SAMEA112746399,29244974,UNIVERSITY HOSPITAL REGENSBURG,public,"run.zq,sra,fastq","gs,ncbi,s3","s3.us-east-1,gs.us-east1,ncbi.public",2023-03-05,2023-03-05,2023-03-05,2023-03-05,ERX10403829,SAMEA112746399,University Hospital Regensburg,2023-03-05T12:22:38Z,2023-03-05T12:22:38Z,public,Ion GeneStudio S5 Plus,SINGLE,PCR,METAGENOMIC,human metagenome,ION_TORRENT,2023-03-06T00:00:00Z,2023-03-11T00:49:00Z,1,SAMEA112746399,MOITS_137,human metagenome,ERP138358,MOITS_137,University Hospital Regensburg,ERS14741661,,,,
ERR10966992,AMPLICON,330,36694797,PRJEB53547,SAMEA112746400,28818954,UNIVERSITY HOSPITAL REGENSBURG,public,"run.zq,sra,fastq","s3,ncbi,gs","ncbi.public,gs.us-east1,s3.us-east-1",2023-03-05,2023-03-05,2023-03-05,2023-03-05,ERX10403830,SAMEA112746400,University Hospital Regensburg,2023-03-05T12:22:38Z,2023-03-05T12:22:38Z,public,Ion GeneStudio S5 Plus,SINGLE,PCR,METAGENOMIC,human metagenome,ION_TORRENT,2023-03-06T00:00:00Z,2023-03-11T00:49:00Z,1,SAMEA112746400,MOITS_138,human metagenome,ERP138358,MOITS_138,University Hospital Regensburg,ERS14741662,,,,
ERR10966993,AMPLICON,350,6587243,PRJEB53547,SAMEA112746401,5448440,UNIVERSITY HOSPITAL REGENSBURG,public,"run.zq,fastq,sra","ncbi,s3,gs","ncbi.public,s3.us-east-1,gs.us-east1",2023-03-05,2023-03-05,2023-03-05,2023-03-05,ERX10403831,SAMEA112746401,University Hospital Regensburg,2023-03-05T12:22:38Z,2023-03-05T12:22:38Z,public,Ion GeneStudio S5 Plus,SINGLE,PCR,METAGENOMIC,human metagenome,ION_TORRENT,2023-03-06T00:00:00Z,2023-03-11T00:49:00Z,1,SAMEA112746401,MOITS_139,human metagenome,ERP138358,MOITS_139,University Hospital Regensburg,ERS14741663,,,,
ERR10966994,AMPLICON,376,6190756,PRJEB53547,SAMEA112746402,5173229,UNIVERSITY HOSPITAL REGENSBURG,public,"fastq,sra,run.zq","gs,ncbi,s3","ncbi.public,s3.us-east-1,gs.us-east1",2023-03-05,2023-03-05T12:22:38Z,2023-03-05,2023-03-05T12:22:38Z,ERX10403832,SAMEA112746402,University Hospital Regensburg,2023-03-05T12:22:38Z,2023-03-05T12:22:38Z,public,Ion GeneStudio S5 Plus,SINGLE,PCR,METAGENOMIC,human metagenome,ION_TORRENT,2023-03-06T00:00:00Z,2023-03-11T00:49:00Z,1,SAMEA112746402,MOITS_140,human metagenome,ERP138358,MOITS_140,,ERS14741664,,,,
ERR10966995,AMPLICON,389,6444068,PRJEB53547,SAMEA112746403,5372680,UNIVERSITY HOSPITAL REGENSBURG,public,"fastq,sra,run.zq","gs,s3,ncbi","s3.us-east-1,ncbi.public,gs.us-east1",2023-03-05,2023-03-05,2023-03-05,2023-03-05,ERX10403833,SAMEA112746403,University Hospital Regensburg,2023-03-05T12:22:38Z,2023-03-05T12:22:38Z,public,Ion GeneStudio S5 Plus,SINGLE,PCR,METAGENOMIC,human metagenome,ION_TORRENT,2023-03-06T00:00:00Z,2023-03-11T00:49:00Z,1,SAMEA112746403,MOITS_141,human metagenome,ERP138358,MOITS_141,University Hospital Regensburg,ERS14741665,,,,
ERR10966996,AMPLICON,332,57763050,PRJEB53547,SAMEA112746404,45229921,UNIVERSITY HOSPITAL REGENSBURG,public,"sra,run.zq,fastq","ncbi,s3,gs","s3.us-east-1,ncbi.public,gs.us-east1",2023-03-05,2023-03-05,2023-03-05,2023-03-05,ERX10403834,SAMEA112746404,University Hospital Regensburg,2023-03-05T12:22:38Z,2023-03-05T12:22:38Z,public,Ion GeneStudio S5 Plus,SINGLE,PCR,METAGENOMIC,human metagenome,ION_TORRENT,2023-03-06T00:00:00Z,2023-03-11T00:49:00Z,1,SAMEA112746404,MOITS_142,human metagenome,ERP138358,MOITS_142,University Hospital Regensburg,ERS14741666,,,,
ERR10966997,AMPLICON,386,8597838,PRJEB53547,SAMEA112746405,7136418,UNIVERSITY HOSPITAL REGENSBURG,public,"fastq,sra,run.zq","s3,gs,ncbi","s3.us-east-1,gs.us-east1,ncbi.public",2023-03-05,2023-03-05,2023-03-05,2023-03-05,ERX10403835,SAMEA112746405,University Hospital Regensburg,2023-03-05T12:22:38Z,2023-03-05T12:22:38Z,public,Ion GeneStudio S5 Plus,SINGLE,PCR,METAGENOMIC,human metagenome,ION_TORRENT,2023-03-06T00:00:00Z,2023-03-11T00:49:00Z,1,SAMEA112746405,MOITS_143,human metagenome,ERP138358,MOITS_143,University Hospital Regensburg,ERS14741667,,,,
ERR10966998,AMPLICON,381,6809037,PRJEB53547,SAMEA112746406,5671860,UNIVERSITY HOSPITAL REGENSBURG,public,"sra,fastq,run.zq","s3,ncbi,gs","gs.us-east1,s3.us-east-1,ncbi.public",2023-03-05,2023-03-05,2023-03-05,2023-03-05,ERX10403836,SAMEA112746406,University Hospital Regensburg,2023-03-05T12:22:38Z,2023-03-05T12:22:38Z,public,Ion GeneStudio S5 Plus,SINGLE,PCR,METAGENOMIC,human metagenome,ION_TORRENT,2023-03-06T00:00:00Z,2023-03-11T00:49:00Z,1,SAMEA112746406,MOITS_144,human metagenome,ERP138358,MOITS_144,University Hospital Regensburg,ERS14741668,,,,
ERR10966999,AMPLICON,344,2274032,PRJEB53547,SAMEA112746407,1920917,UNIVERSITY HOSPITAL REGENSBURG,public,"fastq,run.zq,sra","s3,gs,ncbi","s3.us-east-1,gs.us-east1,ncbi.public",2023-03-05,2023-03-05,2023-03-05,2023-03-05,ERX10403837,SAMEA112746407,University Hospital Regensburg,2023-03-05T12:22:38Z,2023-03-05T12:22:38Z,public,Ion GeneStudio S5 Plus,SINGLE,PCR,METAGENOMIC,human metagenome,ION_TORRENT,2023-03-06T00:00:00Z,2023-03-11T00:49:00Z,1,SAMEA112746407,MOITS_145,human metagenome,ERP138358,MOITS_145,University Hospital Regensburg,ERS14741669,,,,
ERR10967000,AMPLICON,336,14905458,PRJEB53547,SAMEA112746408,12310973,UNIVERSITY HOSPITAL REGENSBURG,public,"run.zq,fastq,sra","ncbi,s3,gs","gs.us-east1,ncbi.public,s3.us-east-1",2023-03-05,2023-03-05,2023-03-05,2023-03-05,ERX10403838,SAMEA112746408,University Hospital Regensburg,2023-03-05T12:22:38Z,2023-03-05T12:22:38Z,public,Ion GeneStudio S5 Plus,SINGLE,PCR,METAGENOMIC,human metagenome,ION_TORRENT,2023-03-06T00:00:00Z,2023-03-11T00:49:00Z,1,SAMEA112746408,MOITS_146,human metagenome,ERP138358,MOITS_146,University Hospital Regensburg,ERS14741670,,,,
ERR10967001,AMPLICON,386,8257206,PRJEB53547,SAMEA112746409,6863807,UNIVERSITY HOSPITAL REGENSBURG,public,"run.zq,fastq,sra","s3,gs,ncbi","ncbi.public,gs.us-east1,s3.us-east-1",2023-03-05,2023-03-05,2023-03-05,2023-03-05,ERX10403839,SAMEA112746409,University Hospital Regensburg,2023-03-05T12:22:38Z,2023-03-05T12:22:38Z,public,Ion GeneStudio S5 Plus,SINGLE,PCR,METAGENOMIC,human metagenome,ION_TORRENT,2023-03-06T00:00:00Z,2023-03-11T00:49:00Z,1,SAMEA112746409,MOITS_147,human metagenome,ERP138358,MOITS_147,University Hospital Regensburg,ERS14741671,,,,
ERR10967002,AMPLICON,349,11000634,PRJEB53547,SAMEA112746410,9148106,UNIVERSITY HOSPITAL REGENSBURG,public,"fastq,run.zq,sra","gs,ncbi,s3","gs.us-east1,s3.us-east-1,ncbi.public",2023-03-05,2023-03-05,2023-03-05,2023-03-05,ERX10403840,SAMEA112746410,University Hospital Regensburg,2023-03-05T12:22:38Z,2023-03-05T12:22:38Z,public,Ion GeneStudio S5 Plus,SINGLE,PCR,METAGENOMIC,human metagenome,ION_TORRENT,2023-03-06T00:00:00Z,2023-03-11T00:49:00Z,1,SAMEA112746410,MOITS_148,human metagenome,ERP138358,MOITS_148,University Hospital Regensburg,ERS14741672,,,,
ERR10967003,AMPLICON,359,6550188,PRJEB53547,SAMEA112746411,5471233,UNIVERSITY HOSPITAL REGENSBURG,public,"run.zq,fastq,sra","ncbi,s3,gs","s3.us-east-1,gs.us-east1,ncbi.public",2023-03-05,2023-03-05,2023-03-05,2023-03-05,ERX10403841,SAMEA112746411,University Hospital Regensburg,2023-03-05T12:22:38Z,2023-03-05T12:22:38Z,public,Ion GeneStudio S5 Plus,SINGLE,PCR,METAGENOMIC,human metagenome,ION_TORRENT,2023-03-06T00:00:00Z,2023-03-11T00:49:00Z,1,SAMEA112746411,MOITS_149,human metagenome,ERP138358,MOITS_149,University Hospital Regensburg,ERS14741673,,,,
ERR10967004,AMPLICON,338,22444287,PRJEB53547,SAMEA112746412,18509129,UNIVERSITY HOSPITAL REGENSBURG,public,"run.zq,sra,fastq","s3,gs,ncbi","ncbi.public,s3.us-east-1,gs.us-east1",2023-03-05,2023-03-05,2023-03-05,2023-03-05,ERX10403842,SAMEA112746412,University Hospital Regensburg,2023-03-05T12:22:38Z,2023-03-05T12:22:38Z,public,Ion GeneStudio S5 Plus,SINGLE,PCR,METAGENOMIC,human metagenome,ION_TORRENT,2023-03-06T00:00:00Z,2023-03-11T00:49:00Z,1,SAMEA112746412,MOITS_150,human metagenome,ERP138358,MOITS_150,University Hospital Regensburg,ERS14741674,,,,
ERR10967005,AMPLICON,237,45566102,PRJEB53547,SAMEA112746413,37558756,UNIVERSITY HOSPITAL REGENSBURG,public,"run.zq,fastq,sra","gs,s3,ncbi","ncbi.public,s3.us-east-1,gs.us-east1",2023-03-05,2023-03-05,2023-03-05,2023-03-05,ERX10403843,SAMEA112746413,University Hospital Regensburg,2023-03-05T12:22:38Z,2023-03-05T12:22:38Z,public,Ion GeneStudio S5 Plus,SINGLE,PCR,METAGENOMIC,human metagenome,ION_TORRENT,2023-03-06T00:00:00Z,2023-03-11T00:49:00Z,1,SAMEA112746413,MOITS_151,human metagenome,ERP138358,MOITS_151,University Hospital Regensburg,ERS14741675,,,,
ERR10967006,AMPLICON,333,14533591,PRJEB53547,SAMEA112746414,11906230,UNIVERSITY HOSPITAL REGENSBURG,public,"sra,fastq,run.zq","ncbi,gs,s3","s3.us-east-1,gs.us-east1,ncbi.public",2023-03-05,2023-03-05,2023-03-05,2023-03-05,ERX10403844,SAMEA112746414,University Hospital Regensburg,2023-03-05T12:22:36Z,2023-03-05T12:22:36Z,public,Ion GeneStudio S5 Plus,SINGLE,PCR,METAGENOMIC,human metagenome,ION_TORRENT,2023-03-06T00:00:00Z,2023-03-11T00:49:00Z,1,SAMEA112746414,MOITS_152,human metagenome,ERP138358,MOITS_152,University Hospital Regensburg,ERS14741676,,,,
ERR10967007,AMPLICON,393,6385303,PRJEB53547,SAMEA112746415,5307985,UNIVERSITY HOSPITAL REGENSBURG,public,"fastq,run.zq,sra","s3,ncbi,gs","gs.us-east1,ncbi.public,s3.us-east-1",2023-03-05,2023-03-05,2023-03-05,2023-03-05,ERX10403845,SAMEA112746415,University Hospital Regensburg,2023-03-05T12:22:36Z,2023-03-05T12:22:36Z,public,Ion GeneStudio S5 Plus,SINGLE,PCR,METAGENOMIC,human metagenome,ION_TORRENT,2023-03-06T00:00:00Z,2023-03-11T00:49:00Z,1,SAMEA112746415,MOITS_153,human metagenome,ERP138358,MOITS_153,University Hospital Regensburg,ERS14741677,,,,
ERR10967008,AMPLICON,386,7921447,PRJEB53547,SAMEA112746416,6590994,UNIVERSITY HOSPITAL REGENSBURG,public,"sra,run.zq,fastq","ncbi,s3,gs","s3.us-east-1,ncbi.public,gs.us-east1",2023-03-05,2023-03-05,2023-03-05,2023-03-05,ERX10403846,SAMEA112746416,University Hospital Regensburg,2023-03-05T12:22:36Z,2023-03-05T12:22:36Z,public,Ion GeneStudio S5 Plus,SINGLE,PCR,METAGENOMIC,human metagenome,ION_TORRENT,2023-03-06T00:00:00Z,2023-03-11T00:49:00Z,1,SAMEA112746416,MOITS_154,human metagenome,ERP138358,MOITS_154,University Hospital Regensburg,ERS14741678,,,,
ERR10967009,AMPLICON,318,23026353,PRJEB53547,SAMEA112746417,18895921,UNIVERSITY HOSPITAL REGENSBURG,public,"fastq,run.zq,sra","gs,ncbi,s3","ncbi.public,s3.us-east-1,gs.us-east1",2023-03-05,2023-03-05,2023-03-05,2023-03-05,ERX10403847,SAMEA112746417,University Hospital Regensburg,2023-03-05T12:22:36Z,2023-03-05T12:22:36Z,public,Ion GeneStudio S5 Plus,SINGLE,PCR,METAGENOMIC,human metagenome,ION_TORRENT,2023-03-06T00:00:00Z,2023-03-11T00:49:00Z,1,SAMEA112746417,MOITS_155,human metagenome,ERP138358,MOITS_155,University Hospital Regensburg,ERS14741679,,,,
ERR10967010,AMPLICON,386,8881593,PRJEB53547,SAMEA112746418,7400949,UNIVERSITY HOSPITAL REGENSBURG,public,"fastq,sra,run.zq","gs,s3,ncbi","ncbi.public,s3.us-east-1,gs.us-east1",2023-03-05,2023-03-05,2023-03-05,2023-03-05,ERX10403848,SAMEA112746418,University Hospital Regensburg,2023-03-05T12:22:36Z,2023-03-05T12:22:36Z,public,Ion GeneStudio S5 Plus,SINGLE,PCR,METAGENOMIC,human metagenome,ION_TORRENT,2023-03-06T00:00:00Z,2023-03-11T00:49:00Z,1,SAMEA112746418,MOITS_156,human metagenome,ERP138358,MOITS_156,University Hospital Regensburg,ERS14741680,,,,
ERR10967011,AMPLICON,397,7412451,PRJEB53547,SAMEA112746419,6150303,UNIVERSITY HOSPITAL REGENSBURG,public,"sra,run.zq,fastq","ncbi,gs,s3","ncbi.public,gs.us-east1,s3.us-east-1",2023-03-05,2023-03-05T12:22:36Z,2023-03-05,2023-03-05T12:22:36Z,ERX10403849,SAMEA112746419,University Hospital Regensburg,2023-03-05T12:22:36Z,2023-03-05T12:22:36Z,public,Ion GeneStudio S5 Plus,SINGLE,PCR,METAGENOMIC,human metagenome,ION_TORRENT,2023-03-06T00:00:00Z,2023-03-11T00:49:00Z,1,SAMEA112746419,MOITS_157,human metagenome,ERP138358,MOITS_157,,ERS14741681,,,,
ERR10967012,AMPLICON,378,8498020,PRJEB53547,SAMEA112746420,7068830,UNIVERSITY HOSPITAL REGENSBURG,public,"sra,fastq,run.zq","gs,ncbi,s3","s3.us-east-1,gs.us-east1,ncbi.public",2023-03-05,2023-03-05,2023-03-05,2023-03-05,ERX10403850,SAMEA112746420,University Hospital Regensburg,2023-03-05T12:22:36Z,2023-03-05T12:22:36Z,public,Ion GeneStudio S5 Plus,SINGLE,PCR,METAGENOMIC,human metagenome,ION_TORRENT,2023-03-06T00:00:00Z,2023-03-11T00:50:00Z,1,SAMEA112746420,MOITS_158,human metagenome,ERP138358,MOITS_158,University Hospital Regensburg,ERS14741682,,,,
ERR10967013,AMPLICON,295,49881362,PRJEB53547,SAMEA112746421,38915073,UNIVERSITY HOSPITAL REGENSBURG,public,"run.zq,sra,fastq","s3,gs,ncbi","s3.us-east-1,gs.us-east1,ncbi.public",2023-03-05,2023-03-05,2023-03-05,2023-03-05,ERX10403851,SAMEA112746421,University Hospital Regensburg,2023-03-05T12:22:36Z,2023-03-05T12:22:36Z,public,Ion GeneStudio S5 Plus,SINGLE,PCR,METAGENOMIC,human metagenome,ION_TORRENT,2023-03-06T00:00:00Z,2023-03-11T00:50:00Z,1,SAMEA112746421,MOITS_159,human metagenome,ERP138358,MOITS_159,University Hospital Regensburg,ERS14741683,,,,
ERR10967014,AMPLICON,396,13488220,PRJEB53547,SAMEA112746422,11185629,UNIVERSITY HOSPITAL REGENSBURG,public,"sra,fastq,run.zq","ncbi,gs,s3","ncbi.public,gs.us-east1,s3.us-east-1",2023-03-05,2023-03-05,2023-03-05,2023-03-05,ERX10403852,SAMEA112746422,University Hospital Regensburg,2023-03-05T12:22:36Z,2023-03-05T12:22:36Z,public,Ion GeneStudio S5 Plus,SINGLE,PCR,METAGENOMIC,human metagenome,ION_TORRENT,2023-03-06T00:00:00Z,2023-03-11T00:49:00Z,1,SAMEA112746422,MOITS_160,human metagenome,ERP138358,MOITS_160,University Hospital Regensburg,ERS14741684,,,,
ERR10967015,AMPLICON,386,8227570,PRJEB53547,SAMEA112746423,6829622,UNIVERSITY HOSPITAL REGENSBURG,public,"run.zq,sra,fastq","ncbi,gs,s3","ncbi.public,gs.us-east1,s3.us-east-1",2023-03-05,2023-03-05,2023-03-05,2023-03-05,ERX10403853,SAMEA112746423,University Hospital Regensburg,2023-03-05T12:22:36Z,2023-03-05T12:22:36Z,public,Ion GeneStudio S5 Plus,SINGLE,PCR,METAGENOMIC,human metagenome,ION_TORRENT,2023-03-06T00:00:00Z,2023-03-11T00:49:00Z,1,SAMEA112746423,MOITS_161,human metagenome,ERP138358,MOITS_161,University Hospital Regensburg,ERS14741685,,,,
ERR10967016,AMPLICON,377,7386381,PRJEB53547,SAMEA112746424,6136367,UNIVERSITY HOSPITAL REGENSBURG,public,"run.zq,fastq,sra","gs,s3,ncbi","s3.us-east-1,gs.us-east1,ncbi.public",2023-03-05,2023-03-05,2023-03-05,2023-03-05,ERX10403854,SAMEA112746424,University Hospital Regensburg,2023-03-05T12:22:36Z,2023-03-05T12:22:36Z,public,Ion GeneStudio S5 Plus,SINGLE,PCR,METAGENOMIC,human metagenome,ION_TORRENT,2023-03-06T00:00:00Z,2023-03-11T01:30:00Z,2,SAMEA112746424,MOITS_162,human metagenome,ERP138358,MOITS_162,University Hospital Regensburg,ERS14741686,,,,
ERR10967017,AMPLICON,281,26221529,PRJEB53547,SAMEA112746425,20964685,UNIVERSITY HOSPITAL REGENSBURG,public,"run.zq,sra,fastq","gs,s3,ncbi","gs.us-east1,s3.us-east-1,ncbi.public",2023-03-05,2023-03-05,2023-03-05,2023-03-05,ERX10403855,SAMEA112746425,University Hospital Regensburg,2023-03-05T12:22:36Z,2023-03-05T12:22:36Z,public,Ion GeneStudio S5 Plus,SINGLE,PCR,METAGENOMIC,human metagenome,ION_TORRENT,2023-03-06T00:00:00Z,2023-03-11T00:49:00Z,1,SAMEA112746425,MOITS_163,human metagenome,ERP138358,MOITS_163,University Hospital Regensburg,ERS14741687,,,,
ERR10967018,AMPLICON,376,7258506,PRJEB53547,SAMEA112746426,6034479,UNIVERSITY HOSPITAL REGENSBURG,public,"fastq,sra,run.zq","ncbi,gs,s3","ncbi.public,s3.us-east-1,gs.us-east1",2023-03-05,2023-03-05,2023-03-05,2023-03-05,ERX10403856,SAMEA112746426,University Hospital Regensburg,2023-03-05T12:22:36Z,2023-03-05T12:22:36Z,public,Ion GeneStudio S5 Plus,SINGLE,PCR,METAGENOMIC,human metagenome,ION_TORRENT,2023-03-06T00:00:00Z,2023-03-11T00:49:00Z,1,SAMEA112746426,MOITS_164,human metagenome,ERP138358,MOITS_164,University Hospital Regensburg,ERS14741688,,,,
ERR10967019,AMPLICON,371,5984850,PRJEB53547,SAMEA112746427,5005765,UNIVERSITY HOSPITAL REGENSBURG,public,"fastq,run.zq,sra","ncbi,s3,gs","gs.us-east1,ncbi.public,s3.us-east-1",2023-03-05,2023-03-05,2023-03-05,2023-03-05,ERX10403857,SAMEA112746427,University Hospital Regensburg,2023-03-05T12:22:36Z,2023-03-05T12:22:36Z,public,Ion GeneStudio S5 Plus,SINGLE,PCR,METAGENOMIC,human metagenome,ION_TORRENT,2023-03-06T00:00:00Z,2023-03-11T00:49:00Z,1,SAMEA112746427,MOITS_165,human metagenome,ERP138358,MOITS_165,University Hospital Regensburg,ERS14741689,,,,
ERR10967020,AMPLICON,402,5207420,PRJEB53547,SAMEA112746428,4352204,UNIVERSITY HOSPITAL REGENSBURG,public,"fastq,run.zq,sra","gs,s3,ncbi","gs.us-east1,ncbi.public,s3.us-east-1",2023-03-05,2023-03-05,2023-03-05,2023-03-05,ERX10403858,SAMEA112746428,University Hospital Regensburg,2023-03-05T12:22:36Z,2023-03-05T12:22:36Z,public,Ion GeneStudio S5 Plus,SINGLE,PCR,METAGENOMIC,human metagenome,ION_TORRENT,2023-03-06T00:00:00Z,2023-03-11T00:49:00Z,1,SAMEA112746428,MOITS_166,human metagenome,ERP138358,MOITS_166,University Hospital Regensburg,ERS14741690,,,,
ERR10967021,AMPLICON,382,7777584,PRJEB53547,SAMEA112746429,6471669,UNIVERSITY HOSPITAL REGENSBURG,public,"fastq,run.zq,sra","gs,ncbi,s3","ncbi.public,gs.us-east1,s3.us-east-1",2023-03-05,2023-03-05,2023-03-05,2023-03-05,ERX10403859,SAMEA112746429,University Hospital Regensburg,2023-03-05T12:22:36Z,2023-03-05T12:22:36Z,public,Ion GeneStudio S5 Plus,SINGLE,PCR,METAGENOMIC,human metagenome,ION_TORRENT,2023-03-06T00:00:00Z,2023-03-11T00:49:00Z,1,SAMEA112746429,MOITS_167,human metagenome,ERP138358,MOITS_167,University Hospital Regensburg,ERS14741691,,,,
ERR10967022,AMPLICON,400,8049686,PRJEB53547,SAMEA112746430,6682795,UNIVERSITY HOSPITAL REGENSBURG,public,"sra,run.zq,fastq","s3,ncbi,gs","s3.us-east-1,ncbi.public,gs.us-east1",2023-03-05,2023-03-05,2023-03-05,2023-03-05,ERX10403860,SAMEA112746430,University Hospital Regensburg,2023-03-05T12:22:36Z,2023-03-05T12:22:36Z,public,Ion GeneStudio S5 Plus,SINGLE,PCR,METAGENOMIC,human metagenome,ION_TORRENT,2023-03-06T00:00:00Z,2023-03-11T00:50:00Z,1,SAMEA112746430,MOITS_168,human metagenome,ERP138358,MOITS_168,University Hospital Regensburg,ERS14741692,,,,
ERR10967023,AMPLICON,379,7592583,PRJEB53547,SAMEA112746431,6335005,UNIVERSITY HOSPITAL REGENSBURG,public,"sra,fastq,run.zq","s3,gs,ncbi","gs.us-east1,s3.us-east-1,ncbi.public",2023-03-05,2023-03-05,2023-03-05,2023-03-05,ERX10403861,SAMEA112746431,University Hospital Regensburg,2023-03-05T12:22:36Z,2023-03-05T12:22:36Z,public,Ion GeneStudio S5 Plus,SINGLE,PCR,METAGENOMIC,human metagenome,ION_TORRENT,2023-03-06T00:00:00Z,2023-03-11T00:49:00Z,1,SAMEA112746431,MOITS_169,human metagenome,ERP138358,MOITS_169,University Hospital Regensburg,ERS14741693,,,,
ERR10967024,AMPLICON,354,9480878,PRJEB53547,SAMEA112746432,7969459,UNIVERSITY HOSPITAL REGENSBURG,public,"sra,fastq,run.zq","ncbi,gs,s3","gs.us-east1,s3.us-east-1,ncbi.public",2023-03-05,2023-03-05,2023-03-05,2023-03-05,ERX10403862,SAMEA112746432,University Hospital Regensburg,2023-03-05T12:22:36Z,2023-03-05T12:22:36Z,public,Ion GeneStudio S5 Plus,SINGLE,PCR,METAGENOMIC,human metagenome,ION_TORRENT,2023-03-06T00:00:00Z,2023-03-11T00:49:00Z,1,SAMEA112746432,MOITS_170,human metagenome,ERP138358,MOITS_170,University Hospital Regensburg,ERS14741694,,,,
ERR10967025,AMPLICON,360,7025550,PRJEB53547,SAMEA112746433,5859873,UNIVERSITY HOSPITAL REGENSBURG,public,"fastq,sra,run.zq","gs,s3,ncbi","gs.us-east1,s3.us-east-1,ncbi.public",2023-03-05,2023-03-05,2023-03-05,2023-03-05,ERX10403863,SAMEA112746433,University Hospital Regensburg,2023-03-05T12:22:36Z,2023-03-05T12:22:36Z,public,Ion GeneStudio S5 Plus,SINGLE,PCR,METAGENOMIC,human metagenome,ION_TORRENT,2023-03-06T00:00:00Z,2023-03-11T00:50:00Z,1,SAMEA112746433,MOITS_171,human metagenome,ERP138358,MOITS_171,University Hospital Regensburg,ERS14741695,,,,
ERR10967026,AMPLICON,393,8780715,PRJEB53547,SAMEA112746434,7275945,UNIVERSITY HOSPITAL REGENSBURG,public,"run.zq,sra,fastq","s3,ncbi,gs","ncbi.public,gs.us-east1,s3.us-east-1",2023-03-05,2023-03-05,2023-03-05,2023-03-05,ERX10403864,SAMEA112746434,University Hospital Regensburg,2023-03-05T12:22:36Z,2023-03-05T12:22:36Z,public,Ion GeneStudio S5 Plus,SINGLE,PCR,METAGENOMIC,human metagenome,ION_TORRENT,2023-03-06T00:00:00Z,2023-03-11T00:50:00Z,1,SAMEA112746434,MOITS_172,human metagenome,ERP138358,MOITS_172,University Hospital Regensburg,ERS14741696,,,,
ERR10967027,AMPLICON,321,39675897,PRJEB53547,SAMEA112746435,32795790,UNIVERSITY HOSPITAL REGENSBURG,public,"fastq,run.zq,sra","ncbi,s3,gs","gs.us-east1,s3.us-east-1,ncbi.public",2023-03-05,2023-03-05,2023-03-05,2023-03-05,ERX10403865,SAMEA112746435,University Hospital Regensburg,2023-03-05T12:22:36Z,2023-03-05T12:22:36Z,public,Ion GeneStudio S5 Plus,SINGLE,PCR,METAGENOMIC,human metagenome,ION_TORRENT,2023-03-06T00:00:00Z,2023-03-11T00:50:00Z,1,SAMEA112746435,MOITS_173,human metagenome,ERP138358,MOITS_173,University Hospital Regensburg,ERS14741697,,,,
ERR10967028,AMPLICON,350,7315768,PRJEB53547,SAMEA112746436,6123151,UNIVERSITY HOSPITAL REGENSBURG,public,"fastq,run.zq,sra","ncbi,s3,gs","gs.us-east1,s3.us-east-1,ncbi.public",2023-03-05,2023-03-05,2023-03-05,2023-03-05,ERX10403866,SAMEA112746436,University Hospital Regensburg,2023-03-05T12:22:36Z,2023-03-05T12:22:36Z,public,Ion GeneStudio S5 Plus,SINGLE,PCR,METAGENOMIC,human metagenome,ION_TORRENT,2023-03-06T00:00:00Z,2023-03-11T00:49:00Z,1,SAMEA112746436,MOITS_174,human metagenome,ERP138358,MOITS_174,University Hospital Regensburg,ERS14741698,,,,
ERR10967029,AMPLICON,385,10126269,PRJEB53547,SAMEA112746437,8386029,UNIVERSITY HOSPITAL REGENSBURG,public,"sra,run.zq,fastq","gs,s3,ncbi","s3.us-east-1,ncbi.public,gs.us-east1",2023-03-05,2023-03-05,2023-03-05,2023-03-05,ERX10403867,SAMEA112746437,University Hospital Regensburg,2023-03-05T12:22:36Z,2023-03-05T12:22:36Z,public,Ion GeneStudio S5 Plus,SINGLE,PCR,METAGENOMIC,human metagenome,ION_TORRENT,2023-03-06T00:00:00Z,2023-03-11T00:50:00Z,1,SAMEA112746437,MOITS_175,human metagenome,ERP138358,MOITS_175,University Hospital Regensburg,ERS14741699,,,,
ERR10967030,AMPLICON,395,8759915,PRJEB53547,SAMEA112746438,7272470,UNIVERSITY HOSPITAL REGENSBURG,public,"sra,run.zq,fastq","gs,ncbi,s3","gs.us-east1,ncbi.public,s3.us-east-1",2023-03-05,2023-03-05,2023-03-05,2023-03-05,ERX10403868,SAMEA112746438,University Hospital Regensburg,2023-03-05T12:22:36Z,2023-03-05T12:22:36Z,public,Ion GeneStudio S5 Plus,SINGLE,PCR,METAGENOMIC,human metagenome,ION_TORRENT,2023-03-06T00:00:00Z,2023-03-11T01:28:00Z,2,SAMEA112746438,MOITS_176,human metagenome,ERP138358,MOITS_176,University Hospital Regensburg,ERS14741700,,,,
ERR10967031,AMPLICON,372,15018210,PRJEB53547,SAMEA112746439,12440170,UNIVERSITY HOSPITAL REGENSBURG,public,"fastq,sra,run.zq","gs,s3,ncbi","ncbi.public,gs.us-east1,s3.us-east-1",2023-03-05,2023-03-05,2023-03-05,2023-03-05,ERX10403869,SAMEA112746439,University Hospital Regensburg,2023-03-05T12:22:36Z,2023-03-05T12:22:36Z,public,Ion GeneStudio S5 Plus,SINGLE,PCR,METAGENOMIC,human metagenome,ION_TORRENT,2023-03-06T00:00:00Z,2023-03-11T00:50:00Z,1,SAMEA112746439,MOITS_177,human metagenome,ERP138358,MOITS_177,University Hospital Regensburg,ERS14741701,,,,
ERR10967032,AMPLICON,382,7955655,PRJEB53547,SAMEA112746440,6617658,UNIVERSITY HOSPITAL REGENSBURG,public,"sra,fastq,run.zq","s3,ncbi,gs","gs.us-east1,s3.us-east-1,ncbi.public",2023-03-05,2023-03-05,2023-03-05,2023-03-05,ERX10403870,SAMEA112746440,University Hospital Regensburg,2023-03-05T12:22:36Z,2023-03-05T12:22:36Z,public,Ion GeneStudio S5 Plus,SINGLE,PCR,METAGENOMIC,human metagenome,ION_TORRENT,2023-03-06T00:00:00Z,2023-03-11T00:50:00Z,1,SAMEA112746440,MOITS_178,human metagenome,ERP138358,MOITS_178,University Hospital Regensburg,ERS14741702,,,,
ERR10967033,AMPLICON,375,1014121,PRJEB53547,SAMEA112746441,911303,UNIVERSITY HOSPITAL REGENSBURG,public,"run.zq,fastq,sra","ncbi,gs,s3","s3.us-east-1,gs.us-east1,ncbi.public",2023-03-05,2023-03-05,2023-03-05,2023-03-05,ERX10403871,SAMEA112746441,University Hospital Regensburg,2023-03-05T12:22:36Z,2023-03-05T12:22:36Z,public,Ion GeneStudio S5 Plus,SINGLE,PCR,METAGENOMIC,human metagenome,ION_TORRENT,2023-03-06T00:00:00Z,2023-03-11T00:49:00Z,1,SAMEA112746441,MOITS_179,human metagenome,ERP138358,MOITS_179,University Hospital Regensburg,ERS14741703,,,,
ERR10967034,AMPLICON,360,11611843,PRJEB53547,SAMEA112746442,9553902,UNIVERSITY HOSPITAL REGENSBURG,public,"fastq,run.zq,sra","s3,gs,ncbi","s3.us-east-1,ncbi.public,gs.us-east1",2023-03-05,2023-03-05,2023-03-05,2023-03-05,ERX10403872,SAMEA112746442,University Hospital Regensburg,2023-03-05T12:22:36Z,2023-03-05T12:22:36Z,public,Ion GeneStudio S5 Plus,SINGLE,PCR,METAGENOMIC,human metagenome,ION_TORRENT,2023-03-06T00:00:00Z,2023-03-11T00:50:00Z,1,SAMEA112746442,MOITS_180,human metagenome,ERP138358,MOITS_180,University Hospital Regensburg,ERS14741704,,,,
ERR10967035,AMPLICON,320,22948235,PRJEB53547,SAMEA112746443,19077512,UNIVERSITY HOSPITAL REGENSBURG,public,"sra,fastq,run.zq","ncbi,gs,s3","ncbi.public,gs.us-east1,s3.us-east-1",2023-03-05,2023-03-05,2023-03-05,2023-03-05,ERX10403873,SAMEA112746443,University Hospital Regensburg,2023-03-05T12:22:36Z,2023-03-05T12:22:36Z,public,Ion GeneStudio S5 Plus,SINGLE,PCR,METAGENOMIC,human metagenome,ION_TORRENT,2023-03-06T00:00:00Z,2023-03-11T00:50:00Z,1,SAMEA112746443,MOITS_181,human metagenome,ERP138358,MOITS_181,University Hospital Regensburg,ERS14741705,,,,
ERR10967036,AMPLICON,385,5940798,PRJEB53547,SAMEA112746444,4928408,UNIVERSITY HOSPITAL REGENSBURG,public,"run.zq,fastq,sra","ncbi,s3,gs","gs.us-east1,s3.us-east-1,ncbi.public",2023-03-05,2023-03-05,2023-03-05,2023-03-05,ERX10403874,SAMEA112746444,University Hospital Regensburg,2023-03-05T12:22:36Z,2023-03-05T12:22:36Z,public,Ion GeneStudio S5 Plus,SINGLE,PCR,METAGENOMIC,human metagenome,ION_TORRENT,2023-03-06T00:00:00Z,2023-03-11T00:50:00Z,1,SAMEA112746444,MOITS_182,human metagenome,ERP138358,MOITS_182,University Hospital Regensburg,ERS14741706,,,,
ERR10967037,AMPLICON,373,9991139,PRJEB53547,SAMEA112746445,8218634,UNIVERSITY HOSPITAL REGENSBURG,public,"sra,fastq,run.zq","gs,ncbi,s3","ncbi.public,gs.us-east1,s3.us-east-1",2023-03-05,2023-03-05,2023-03-05,2023-03-05,ERX10403875,SAMEA112746445,University Hospital Regensburg,2023-03-05T12:22:36Z,2023-03-05T12:22:36Z,public,Ion GeneStudio S5 Plus,SINGLE,PCR,METAGENOMIC,human metagenome,ION_TORRENT,2023-03-06T00:00:00Z,2023-03-11T00:50:00Z,1,SAMEA112746445,MOITS_183,human metagenome,ERP138358,MOITS_183,University Hospital Regensburg,ERS14741707,,,,
ERR10967038,AMPLICON,389,11296965,PRJEB53547,SAMEA112746446,9331882,UNIVERSITY HOSPITAL REGENSBURG,public,"sra,run.zq,fastq","ncbi,s3,gs","ncbi.public,s3.us-east-1,gs.us-east1",2023-03-05,2023-03-05,2023-03-05,2023-03-05,ERX10403876,SAMEA112746446,University Hospital Regensburg,2023-03-05T12:22:36Z,2023-03-05T12:22:36Z,public,Ion GeneStudio S5 Plus,SINGLE,PCR,METAGENOMIC,human metagenome,ION_TORRENT,2023-03-06T00:00:00Z,2023-08-08T13:57:00Z,1,SAMEA112746446,MOITS_184,human metagenome,ERP138358,MOITS_184,University Hospital Regensburg,ERS14741708,,,,
ERR10967039,AMPLICON,387,7188352,PRJEB53547,SAMEA112746447,5924309,UNIVERSITY HOSPITAL REGENSBURG,public,"run.zq,sra,fastq","gs,s3,ncbi","gs.us-east1,ncbi.public,s3.us-east-1",2023-03-05,2023-03-05,2023-03-05,2023-03-05,ERX10403877,SAMEA112746447,University Hospital Regensburg,2023-03-05T12:22:36Z,2023-03-05T12:22:36Z,public,Ion GeneStudio S5 Plus,SINGLE,PCR,METAGENOMIC,human metagenome,ION_TORRENT,2023-03-06T00:00:00Z,2023-03-11T00:50:00Z,1,SAMEA112746447,MOITS_185,human metagenome,ERP138358,MOITS_185,University Hospital Regensburg,ERS14741709,,,,
ERR10967040,AMPLICON,347,18734327,PRJEB53547,SAMEA112746448,14606772,UNIVERSITY HOSPITAL REGENSBURG,public,"sra,fastq,run.zq","s3,gs,ncbi","gs.us-east1,s3.us-east-1,ncbi.public",2023-03-05,2023-03-05,2023-03-05,2023-03-05,ERX10403878,SAMEA112746448,University Hospital Regensburg,2023-03-05T12:22:36Z,2023-03-05T12:22:36Z,public,Ion GeneStudio S5 Plus,SINGLE,PCR,METAGENOMIC,human metagenome,ION_TORRENT,2023-03-06T00:00:00Z,2023-03-11T00:50:00Z,1,SAMEA112746448,MOITS_186,human metagenome,ERP138358,MOITS_186,University Hospital Regensburg,ERS14741710,,,,
ERR10967041,AMPLICON,356,8705653,PRJEB53547,SAMEA112746449,7087881,UNIVERSITY HOSPITAL REGENSBURG,public,"fastq,run.zq,sra","ncbi,gs,s3","s3.us-east-1,ncbi.public,gs.us-east1",2023-03-05,2023-03-05,2023-03-05,2023-03-05,ERX10403879,SAMEA112746449,University Hospital Regensburg,2023-03-05T12:22:36Z,2023-03-05T12:22:36Z,public,Ion GeneStudio S5 Plus,SINGLE,PCR,METAGENOMIC,human metagenome,ION_TORRENT,2023-03-06T00:00:00Z,2023-03-11T00:50:00Z,1,SAMEA112746449,MOITS_187,human metagenome,ERP138358,MOITS_187,University Hospital Regensburg,ERS14741711,,,,
ERR10967042,AMPLICON,386,5215641,PRJEB53547,SAMEA112746450,4355640,UNIVERSITY HOSPITAL REGENSBURG,public,"run.zq,sra,fastq","s3,ncbi,gs","gs.us-east1,s3.us-east-1,ncbi.public",2023-03-05,2023-03-05,2023-03-05,2023-03-05,ERX10403880,SAMEA112746450,University Hospital Regensburg,2023-03-05T12:22:36Z,2023-03-05T12:22:36Z,public,Ion GeneStudio S5 Plus,SINGLE,PCR,METAGENOMIC,human metagenome,ION_TORRENT,2023-03-06T00:00:00Z,2023-03-11T00:50:00Z,1,SAMEA112746450,MOITS_188,human metagenome,ERP138358,MOITS_188,University Hospital Regensburg,ERS14741712,,,,
ERR10967043,AMPLICON,281,23251935,PRJEB53547,SAMEA112746451,19114740,UNIVERSITY HOSPITAL REGENSBURG,public,"fastq,sra,run.zq","ncbi,s3,gs","ncbi.public,s3.us-east-1,gs.us-east1",2023-03-05,2023-03-05,2023-03-05,2023-03-05,ERX10403881,SAMEA112746451,University Hospital Regensburg,2023-03-05T12:22:36Z,2023-03-05T12:22:36Z,public,Ion GeneStudio S5 Plus,SINGLE,PCR,METAGENOMIC,human metagenome,ION_TORRENT,2023-03-06T00:00:00Z,2023-03-11T00:50:00Z,1,SAMEA112746451,MOITS_189,human metagenome,ERP138358,MOITS_189,University Hospital Regensburg,ERS14741713,,,,
ERR10967044,AMPLICON,376,15462628,PRJEB53547,SAMEA112746452,12445912,UNIVERSITY HOSPITAL REGENSBURG,public,"fastq,run.zq,sra","s3,gs,ncbi","ncbi.public,gs.us-east1,s3.us-east-1",2023-03-05,2023-03-05,2023-03-05,2023-03-05,ERX10403882,SAMEA112746452,University Hospital Regensburg,2023-03-05T12:22:36Z,2023-03-05T12:22:36Z,public,Ion GeneStudio S5 Plus,SINGLE,PCR,METAGENOMIC,human metagenome,ION_TORRENT,2023-03-06T00:00:00Z,2023-03-11T00:50:00Z,1,SAMEA112746452,MOITS_190,human metagenome,ERP138358,MOITS_190,University Hospital Regensburg,ERS14741714,,,,
ERR10967045,AMPLICON,399,7644763,PRJEB53547,SAMEA112746453,6326661,UNIVERSITY HOSPITAL REGENSBURG,public,"fastq,sra,run.zq","ncbi,s3,gs","gs.us-east1,s3.us-east-1,ncbi.public",2023-03-05,2023-03-05,2023-03-05,2023-03-05,ERX10403883,SAMEA112746453,University Hospital Regensburg,2023-03-05T12:22:36Z,2023-03-05T12:22:36Z,public,Ion GeneStudio S5 Plus,SINGLE,PCR,METAGENOMIC,human metagenome,ION_TORRENT,2023-03-06T00:00:00Z,2023-03-11T00:50:00Z,1,SAMEA112746453,MOITS_191,human metagenome,ERP138358,MOITS_191,University Hospital Regensburg,ERS14741715,,,,
ERR10967046,AMPLICON,417,5924667,PRJEB53547,SAMEA112746454,4915866,UNIVERSITY HOSPITAL REGENSBURG,public,"sra,fastq,run.zq","s3,gs,ncbi","gs.us-east1,s3.us-east-1,ncbi.public",2023-03-05,2023-03-05,2023-03-05,2023-03-05,ERX10403884,SAMEA112746454,University Hospital Regensburg,2023-03-05T12:22:36Z,2023-03-05T12:22:36Z,public,Ion GeneStudio S5 Plus,SINGLE,PCR,METAGENOMIC,human metagenome,ION_TORRENT,2023-03-06T00:00:00Z,2023-03-11T00:50:00Z,1,SAMEA112746454,MOITS_192,human metagenome,ERP138358,MOITS_192,University Hospital Regensburg,ERS14741716,,,,
ERR10967047,AMPLICON,349,16674019,PRJEB53547,SAMEA112746455,13637340,UNIVERSITY HOSPITAL REGENSBURG,public,"fastq,run.zq,sra","gs,s3,ncbi","s3.us-east-1,gs.us-east1,ncbi.public",2023-03-05,2023-03-05,2023-03-05,2023-03-05,ERX10403885,SAMEA112746455,University Hospital Regensburg,2023-03-05T12:22:36Z,2023-03-05T12:22:36Z,public,Ion GeneStudio S5 Plus,SINGLE,PCR,METAGENOMIC,human metagenome,ION_TORRENT,2023-03-06T00:00:00Z,2023-03-11T00:50:00Z,1,SAMEA112746455,MOITS_193,human metagenome,ERP138358,MOITS_193,University Hospital Regensburg,ERS14741717,,,,
ERR10967048,AMPLICON,346,17677068,PRJEB53547,SAMEA112746456,14439352,UNIVERSITY HOSPITAL REGENSBURG,public,"fastq,sra,run.zq","gs,ncbi,s3","gs.us-east1,s3.us-east-1,ncbi.public",2023-03-05,2023-03-05,2023-03-05,2023-03-05,ERX10403886,SAMEA112746456,University Hospital Regensburg,2023-03-05T12:22:36Z,2023-03-05T12:22:36Z,public,Ion GeneStudio S5 Plus,SINGLE,PCR,METAGENOMIC,human metagenome,ION_TORRENT,2023-03-06T00:00:00Z,2023-03-11T00:50:00Z,1,SAMEA112746456,MOITS_194,human metagenome,ERP138358,MOITS_194,University Hospital Regensburg,ERS14741718,,,,
ERR10967049,AMPLICON,409,7421802,PRJEB53547,SAMEA112746457,6170244,UNIVERSITY HOSPITAL REGENSBURG,public,"run.zq,sra,fastq","ncbi,s3,gs","ncbi.public,s3.us-east-1,gs.us-east1",2023-03-05,2023-03-05,2023-03-05,2023-03-05,ERX10403887,SAMEA112746457,University Hospital Regensburg,2023-03-05T12:22:36Z,2023-03-05T12:22:36Z,public,Ion GeneStudio S5 Plus,SINGLE,PCR,METAGENOMIC,human metagenome,ION_TORRENT,2023-03-06T00:00:00Z,2023-03-11T00:50:00Z,1,SAMEA112746457,MOITS_195,human metagenome,ERP138358,MOITS_195,University Hospital Regensburg,ERS14741719,,,,
ERR10967050,AMPLICON,240,17463891,PRJEB53547,SAMEA112746458,13463379,UNIVERSITY HOSPITAL REGENSBURG,public,"sra,run.zq,fastq","ncbi,gs,s3","s3.us-east-1,ncbi.public,gs.us-east1",2023-03-05,2023-03-05,2023-03-05,2023-03-05,ERX10403888,SAMEA112746458,University Hospital Regensburg,2023-03-05T12:22:36Z,2023-03-05T12:22:36Z,public,Ion GeneStudio S5 Plus,SINGLE,PCR,METAGENOMIC,human metagenome,ION_TORRENT,2023-03-06T00:00:00Z,2023-03-11T00:50:00Z,1,SAMEA112746458,MOITS_196,human metagenome,ERP138358,MOITS_196,University Hospital Regensburg,ERS14741720,,,,
ERR10967051,AMPLICON,388,9775333,PRJEB53547,SAMEA112746459,7946491,UNIVERSITY HOSPITAL REGENSBURG,public,"fastq,run.zq,sra","ncbi,s3,gs","gs.us-east1,ncbi.public,s3.us-east-1",2023-03-05,2023-03-05,2023-03-05,2023-03-05,ERX10403889,SAMEA112746459,University Hospital Regensburg,2023-03-05T12:22:36Z,2023-03-05T12:22:36Z,public,Ion GeneStudio S5 Plus,SINGLE,PCR,METAGENOMIC,human metagenome,ION_TORRENT,2023-03-06T00:00:00Z,2023-03-11T00:50:00Z,1,SAMEA112746459,MOITS_197,human metagenome,ERP138358,MOITS_197,University Hospital Regensburg,ERS14741721,,,,
ERR10967052,AMPLICON,393,10889616,PRJEB53547,SAMEA112746460,8943097,UNIVERSITY HOSPITAL REGENSBURG,public,"run.zq,fastq,sra","s3,gs,ncbi","ncbi.public,s3.us-east-1,gs.us-east1",2023-03-05,2023-03-05,2023-03-05,2023-03-05,ERX10403890,SAMEA112746460,University Hospital Regensburg,2023-03-05T12:22:36Z,2023-03-05T12:22:36Z,public,Ion GeneStudio S5 Plus,SINGLE,PCR,METAGENOMIC,human metagenome,ION_TORRENT,2023-03-06T00:00:00Z,2023-03-11T00:55:00Z,2,SAMEA112746460,MOITS_198,human metagenome,ERP138358,MOITS_198,University Hospital Regensburg,ERS14741722,,,,
ERR10967053,AMPLICON,395,7104155,PRJEB53547,SAMEA112746461,5898643,UNIVERSITY HOSPITAL REGENSBURG,public,"run.zq,fastq,sra","ncbi,s3,gs","s3.us-east-1,gs.us-east1,ncbi.public",2023-03-05,2023-03-05,2023-03-05,2023-03-05,ERX10403891,SAMEA112746461,University Hospital Regensburg,2023-03-05T12:22:36Z,2023-03-05T12:22:36Z,public,Ion GeneStudio S5 Plus,SINGLE,PCR,METAGENOMIC,human metagenome,ION_TORRENT,2023-03-06T00:00:00Z,2023-03-11T00:50:00Z,1,SAMEA112746461,MOITS_199,human metagenome,ERP138358,MOITS_199,University Hospital Regensburg,ERS14741723,,,,
ERR10967054,AMPLICON,350,26425288,PRJEB53547,SAMEA112746462,21496798,UNIVERSITY HOSPITAL REGENSBURG,public,"run.zq,sra,fastq","gs,ncbi,s3","s3.us-east-1,gs.us-east1,ncbi.public",2023-03-05,2023-03-05,2023-03-05,2023-03-05,ERX10403892,SAMEA112746462,University Hospital Regensburg,2023-03-05T12:22:36Z,2023-03-05T12:22:36Z,public,Ion GeneStudio S5 Plus,SINGLE,PCR,METAGENOMIC,human metagenome,ION_TORRENT,2023-03-06T00:00:00Z,2023-03-11T00:50:00Z,1,SAMEA112746462,MOITS_200,human metagenome,ERP138358,MOITS_200,University Hospital Regensburg,ERS14741724,,,,
ERR10967055,AMPLICON,345,33040063,PRJEB53547,SAMEA112746463,26408110,UNIVERSITY HOSPITAL REGENSBURG,public,"sra,run.zq,fastq","ncbi,gs,s3","gs.us-east1,ncbi.public,s3.us-east-1",2023-03-05,2023-03-05,2023-03-05,2023-03-05,ERX10403893,SAMEA112746463,University Hospital Regensburg,2023-03-05T12:22:36Z,2023-03-05T12:22:36Z,public,Ion GeneStudio S5 Plus,SINGLE,PCR,METAGENOMIC,human metagenome,ION_TORRENT,2023-03-06T00:00:00Z,2023-03-11T00:50:00Z,1,SAMEA112746463,MOITS_201,human metagenome,ERP138358,MOITS_201,University Hospital Regensburg,ERS14741725,,,,
ERR10967056,AMPLICON,356,26678130,PRJEB53547,SAMEA112746464,21590148,UNIVERSITY HOSPITAL REGENSBURG,public,"run.zq,fastq,sra","ncbi,gs,s3","s3.us-east-1,gs.us-east1,ncbi.public",2023-03-05,2023-03-05,2023-03-05,2023-03-05,ERX10403894,SAMEA112746464,University Hospital Regensburg,2023-03-05T12:22:36Z,2023-03-05T12:22:36Z,public,Ion GeneStudio S5 Plus,SINGLE,PCR,METAGENOMIC,human metagenome,ION_TORRENT,2023-03-06T00:00:00Z,2023-03-11T00:50:00Z,1,SAMEA112746464,MOITS_202,human metagenome,ERP138358,MOITS_202,University Hospital Regensburg,ERS14741726,,,,
ERR10967057,AMPLICON,337,13584369,PRJEB53547,SAMEA112746465,11206781,UNIVERSITY HOSPITAL REGENSBURG,public,"fastq,run.zq,sra","gs,s3,ncbi","gs.us-east1,s3.us-east-1,ncbi.public",2023-03-05,2023-03-05,2023-03-05,2023-03-05,ERX10403895,SAMEA112746465,University Hospital Regensburg,2023-03-05T12:22:36Z,2023-03-05T12:22:36Z,public,Ion GeneStudio S5 Plus,SINGLE,PCR,METAGENOMIC,human metagenome,ION_TORRENT,2023-03-06T00:00:00Z,2023-03-11T00:50:00Z,1,SAMEA112746465,MOITS_203,human metagenome,ERP138358,MOITS_203,University Hospital Regensburg,ERS14741727,,,,
ERR10967058,AMPLICON,391,8193587,PRJEB53547,SAMEA112746466,6790158,UNIVERSITY HOSPITAL REGENSBURG,public,"sra,run.zq,fastq","ncbi,gs,s3","gs.us-east1,ncbi.public,s3.us-east-1",2023-03-05,2023-03-05,2023-03-05,2023-03-05,ERX10403896,SAMEA112746466,University Hospital Regensburg,2023-03-05T12:22:36Z,2023-03-05T12:22:36Z,public,Ion GeneStudio S5 Plus,SINGLE,PCR,METAGENOMIC,human metagenome,ION_TORRENT,2023-03-06T00:00:00Z,2023-03-11T00:50:00Z,1,SAMEA112746466,MOITS_204,human metagenome,ERP138358,MOITS_204,University Hospital Regensburg,ERS14741728,,,,
ERR10967059,AMPLICON,373,5364571,PRJEB53547,SAMEA112746467,4445571,UNIVERSITY HOSPITAL REGENSBURG,public,"fastq,sra,run.zq","s3,ncbi,gs","ncbi.public,gs.us-east1,s3.us-east-1",2023-03-05,2023-03-05,2023-03-05,2023-03-05,ERX10403897,SAMEA112746467,University Hospital Regensburg,2023-03-05T12:22:36Z,2023-03-05T12:22:36Z,public,Ion GeneStudio S5 Plus,SINGLE,PCR,METAGENOMIC,human metagenome,ION_TORRENT,2023-03-06T00:00:00Z,2023-03-11T00:50:00Z,1,SAMEA112746467,MOITS_205,human metagenome,ERP138358,MOITS_205,University Hospital Regensburg,ERS14741729,,,,
ERR10967060,AMPLICON,438,5242369,PRJEB53547,SAMEA112746468,4343224,UNIVERSITY HOSPITAL REGENSBURG,public,"run.zq,sra,fastq","gs,ncbi,s3","gs.us-east1,ncbi.public,s3.us-east-1",2023-03-05,2023-03-05,2023-03-05,2023-03-05,ERX10403898,SAMEA112746468,University Hospital Regensburg,2023-03-05T12:22:36Z,2023-03-05T12:22:36Z,public,Ion GeneStudio S5 Plus,SINGLE,PCR,METAGENOMIC,human metagenome,ION_TORRENT,2023-03-06T00:00:00Z,2023-03-11T00:50:00Z,1,SAMEA112746468,MOITS_206,human metagenome,ERP138358,MOITS_206,University Hospital Regensburg,ERS14741730,,,,
ERR10967061,AMPLICON,450,11154938,PRJEB53547,SAMEA112746469,9151409,UNIVERSITY HOSPITAL REGENSBURG,public,"run.zq,sra,fastq","gs,s3,ncbi","ncbi.public,s3.us-east-1,gs.us-east1",2023-03-05,2023-03-05,2023-03-05,2023-03-05,ERX10403899,SAMEA112746469,University Hospital Regensburg,2023-03-05T12:22:36Z,2023-03-05T12:22:36Z,public,Ion GeneStudio S5 Plus,SINGLE,PCR,METAGENOMIC,human metagenome,ION_TORRENT,2023-03-06T00:00:00Z,2023-03-11T00:50:00Z,1,SAMEA112746469,MOITS_207,human metagenome,ERP138358,MOITS_207,University Hospital Regensburg,ERS14741731,,,,
ERR10967062,AMPLICON,414,15348167,PRJEB53547,SAMEA112746470,12533959,UNIVERSITY HOSPITAL REGENSBURG,public,"sra,fastq,run.zq","gs,ncbi,s3","s3.us-east-1,gs.us-east1,ncbi.public",2023-03-05,2023-03-05,2023-03-05,2023-03-05,ERX10403900,SAMEA112746470,University Hospital Regensburg,2023-03-05T12:22:36Z,2023-03-05T12:22:36Z,public,Ion GeneStudio S5 Plus,SINGLE,PCR,METAGENOMIC,human metagenome,ION_TORRENT,2023-03-06T00:00:00Z,2023-03-11T00:50:00Z,1,SAMEA112746470,MOITS_208,human metagenome,ERP138358,MOITS_208,University Hospital Regensburg,ERS14741732,,,,
ERR10967063,AMPLICON,349,29022657,PRJEB53547,SAMEA112746471,23117004,UNIVERSITY HOSPITAL REGENSBURG,public,"run.zq,sra,fastq","ncbi,s3,gs","s3.us-east-1,ncbi.public,gs.us-east1",2023-03-05,2023-03-05,2023-03-05,2023-03-05,ERX10403901,SAMEA112746471,University Hospital Regensburg,2023-03-05T12:22:36Z,2023-03-05T12:22:36Z,public,Ion GeneStudio S5 Plus,SINGLE,PCR,METAGENOMIC,human metagenome,ION_TORRENT,2023-03-06T00:00:00Z,2023-03-11T00:51:00Z,1,SAMEA112746471,MOITS_209,human metagenome,ERP138358,MOITS_209,University Hospital Regensburg,ERS14741733,,,,
ERR10967064,AMPLICON,409,23979611,PRJEB53547,SAMEA112746472,19474217,UNIVERSITY HOSPITAL REGENSBURG,public,"sra,run.zq,fastq","gs,ncbi,s3","ncbi.public,gs.us-east1,s3.us-east-1",2023-03-05,2023-03-05,2023-03-05,2023-03-05,ERX10403902,SAMEA112746472,University Hospital Regensburg,2023-03-05T12:22:36Z,2023-03-05T12:22:36Z,public,Ion GeneStudio S5 Plus,SINGLE,PCR,METAGENOMIC,human metagenome,ION_TORRENT,2023-03-06T00:00:00Z,2023-03-11T00:51:00Z,1,SAMEA112746472,MOITS_210,human metagenome,ERP138358,MOITS_210,University Hospital Regensburg,ERS14741734,,,,
ERR10967065,AMPLICON,238,33262498,PRJEB53547,SAMEA112746473,24830904,UNIVERSITY HOSPITAL REGENSBURG,public,"fastq,sra,run.zq","gs,ncbi,s3","s3.us-east-1,ncbi.public,gs.us-east1",2023-03-05,2023-03-05,2023-03-05,2023-03-05,ERX10403903,SAMEA112746473,University Hospital Regensburg,2023-03-05T12:22:36Z,2023-03-05T12:22:36Z,public,Ion GeneStudio S5 Plus,SINGLE,PCR,METAGENOMIC,human metagenome,ION_TORRENT,2023-03-06T00:00:00Z,2023-03-11T00:51:00Z,1,SAMEA112746473,MOITS_211,human metagenome,ERP138358,MOITS_211,University Hospital Regensburg,ERS14741735,,,,
ERR10967066,AMPLICON,242,30905761,PRJEB53547,SAMEA112746474,23165664,UNIVERSITY HOSPITAL REGENSBURG,public,"sra,run.zq,fastq","gs,ncbi,s3","gs.us-east1,ncbi.public,s3.us-east-1",2023-03-05,2023-03-05,2023-03-05,2023-03-05,ERX10403904,SAMEA112746474,University Hospital Regensburg,2023-03-05T12:22:36Z,2023-03-05T12:22:36Z,public,Ion GeneStudio S5 Plus,SINGLE,PCR,METAGENOMIC,human metagenome,ION_TORRENT,2023-03-06T00:00:00Z,2023-03-11T00:51:00Z,1,SAMEA112746474,MOITS_212,human metagenome,ERP138358,MOITS_212,University Hospital Regensburg,ERS14741736,,,,
ERR10967067,AMPLICON,347,17259572,PRJEB53547,SAMEA112746475,13236702,UNIVERSITY HOSPITAL REGENSBURG,public,"sra,fastq,run.zq","ncbi,gs,s3","s3.us-east-1,gs.us-east1,ncbi.public",2023-03-05,2023-03-05,2023-03-05,2023-03-05,ERX10403905,SAMEA112746475,University Hospital Regensburg,2023-03-05T12:22:36Z,2023-03-05T12:22:36Z,public,Ion GeneStudio S5 Plus,SINGLE,PCR,METAGENOMIC,human metagenome,ION_TORRENT,2023-03-06T00:00:00Z,2023-03-11T00:51:00Z,1,SAMEA112746475,MOITS_213,human metagenome,ERP138358,MOITS_213,University Hospital Regensburg,ERS14741737,,,,
ERR10967068,AMPLICON,403,18638243,PRJEB53547,SAMEA112746476,15262791,UNIVERSITY HOSPITAL REGENSBURG,public,"run.zq,sra,fastq","gs,s3,ncbi","gs.us-east1,s3.us-east-1,ncbi.public",2023-03-05,2023-03-05,2023-03-05,2023-03-05,ERX10403906,SAMEA112746476,University Hospital Regensburg,2023-03-05T12:22:36Z,2023-03-05T12:22:36Z,public,Ion GeneStudio S5 Plus,SINGLE,PCR,METAGENOMIC,human metagenome,ION_TORRENT,2023-03-06T00:00:00Z,2023-03-11T00:51:00Z,1,SAMEA112746476,MOITS_214,human metagenome,ERP138358,MOITS_214,University Hospital Regensburg,ERS14741738,,,,
ERR10967069,AMPLICON,275,26289810,PRJEB53547,SAMEA112746477,19982558,UNIVERSITY HOSPITAL REGENSBURG,public,"run.zq,sra,fastq","gs,s3,ncbi","gs.us-east1,ncbi.public,s3.us-east-1",2023-03-05,2023-03-05,2023-03-05,2023-03-05,ERX10403907,SAMEA112746477,University Hospital Regensburg,2023-03-05T12:22:36Z,2023-03-05T12:22:36Z,public,Ion GeneStudio S5 Plus,SINGLE,PCR,METAGENOMIC,human metagenome,ION_TORRENT,2023-03-06T00:00:00Z,2023-03-11T00:51:00Z,1,SAMEA112746477,MOITS_215,human metagenome,ERP138358,MOITS_215,University Hospital Regensburg,ERS14741739,,,,
ERR10967070,AMPLICON,329,11796278,PRJEB53547,SAMEA112746478,9402708,UNIVERSITY HOSPITAL REGENSBURG,public,"sra,run.zq,fastq","s3,gs,ncbi","s3.us-east-1,ncbi.public,gs.us-east1",2023-03-05,2023-03-05,2023-03-05,2023-03-05,ERX10403908,SAMEA112746478,University Hospital Regensburg,2023-03-05T12:22:36Z,2023-03-05T12:22:36Z,public,Ion GeneStudio S5 Plus,SINGLE,PCR,METAGENOMIC,human metagenome,ION_TORRENT,2023-03-06T00:00:00Z,2023-03-11T00:51:00Z,1,SAMEA112746478,MOITS_216,human metagenome,ERP138358,MOITS_216,University Hospital Regensburg,ERS14741740,,,,
ERR10967071,AMPLICON,436,5170406,PRJEB53547,SAMEA112746479,4312146,UNIVERSITY HOSPITAL REGENSBURG,public,"run.zq,fastq,sra","gs,s3,ncbi","ncbi.public,gs.us-east1,s3.us-east-1",2023-03-05,2023-03-05,2023-03-05,2023-03-05,ERX10403909,SAMEA112746479,University Hospital Regensburg,2023-03-05T12:22:36Z,2023-03-05T12:22:36Z,public,Ion GeneStudio S5 Plus,SINGLE,PCR,METAGENOMIC,human metagenome,ION_TORRENT,2023-03-06T00:00:00Z,2023-03-11T00:51:00Z,1,SAMEA112746479,MOITS_217,human metagenome,ERP138358,MOITS_217,University Hospital Regensburg,ERS14741741,,,,
ERR10967072,AMPLICON,407,4320460,PRJEB53547,SAMEA112746480,3620788,UNIVERSITY HOSPITAL REGENSBURG,public,"sra,fastq,run.zq","gs,s3,ncbi","gs.us-east1,ncbi.public,s3.us-east-1",2023-03-05,2023-03-05,2023-03-05,2023-03-05,ERX10403910,SAMEA112746480,University Hospital Regensburg,2023-03-05T12:22:36Z,2023-03-05T12:22:36Z,public,Ion GeneStudio S5 Plus,SINGLE,PCR,METAGENOMIC,human metagenome,ION_TORRENT,2023-03-06T00:00:00Z,2023-03-11T00:51:00Z,1,SAMEA112746480,MOITS_218,human metagenome,ERP138358,MOITS_218,University Hospital Regensburg,ERS14741742,,,,
ERR10967073,AMPLICON,387,7080707,PRJEB53547,SAMEA112746481,5848986,UNIVERSITY HOSPITAL REGENSBURG,public,"sra,fastq,run.zq","ncbi,gs,s3","s3.us-east-1,gs.us-east1,ncbi.public",2023-03-05,2023-03-05,2023-03-05,2023-03-05,ERX10403911,SAMEA112746481,University Hospital Regensburg,2023-03-05T12:22:36Z,2023-03-05T12:22:36Z,public,Ion GeneStudio S5 Plus,SINGLE,PCR,METAGENOMIC,human metagenome,ION_TORRENT,2023-03-06T00:00:00Z,2023-03-11T00:51:00Z,1,SAMEA112746481,MOITS_219,human metagenome,ERP138358,MOITS_219,University Hospital Regensburg,ERS14741743,,,,
ERR10967074,AMPLICON,368,11784017,PRJEB53547,SAMEA112746482,9473864,UNIVERSITY HOSPITAL REGENSBURG,public,"fastq,sra,run.zq","ncbi,s3,gs","ncbi.public,s3.us-east-1,gs.us-east1",2023-03-05,2023-03-05,2023-03-05,2023-03-05,ERX10403912,SAMEA112746482,University Hospital Regensburg,2023-03-05T12:22:36Z,2023-03-05T12:22:36Z,public,Ion GeneStudio S5 Plus,SINGLE,PCR,METAGENOMIC,human metagenome,ION_TORRENT,2023-03-06T00:00:00Z,2023-03-11T00:51:00Z,1,SAMEA112746482,MOITS_220,human metagenome,ERP138358,MOITS_220,University Hospital Regensburg,ERS14741744,,,,
ERR10967075,AMPLICON,416,9605942,PRJEB53547,SAMEA112746483,7860244,UNIVERSITY HOSPITAL REGENSBURG,public,"sra,fastq,run.zq","gs,ncbi,s3","gs.us-east1,s3.us-east-1,ncbi.public",2023-03-05,2023-03-05,2023-03-05,2023-03-05,ERX10403913,SAMEA112746483,University Hospital Regensburg,2023-03-05T12:22:36Z,2023-03-05T12:22:36Z,public,Ion GeneStudio S5 Plus,SINGLE,PCR,METAGENOMIC,human metagenome,ION_TORRENT,2023-03-06T00:00:00Z,2023-03-11T00:51:00Z,1,SAMEA112746483,MOITS_221,human metagenome,ERP138358,MOITS_221,University Hospital Regensburg,ERS14741745,,,,
ERR10967076,AMPLICON,415,15199305,PRJEB53547,SAMEA112746484,12519980,UNIVERSITY HOSPITAL REGENSBURG,public,"run.zq,sra,fastq","ncbi,s3,gs","ncbi.public,s3.us-east-1,gs.us-east1",2023-03-05,2023-03-05,2023-03-05,2023-03-05,ERX10403914,SAMEA112746484,University Hospital Regensburg,2023-03-05T12:22:36Z,2023-03-05T12:22:36Z,public,Ion GeneStudio S5 Plus,SINGLE,PCR,METAGENOMIC,human metagenome,ION_TORRENT,2023-03-06T00:00:00Z,2023-03-11T00:51:00Z,1,SAMEA112746484,MOITS_222,human metagenome,ERP138358,MOITS_222,University Hospital Regensburg,ERS14741746,,,,
ERR10967077,AMPLICON,347,29575478,PRJEB53547,SAMEA112746485,23601682,UNIVERSITY HOSPITAL REGENSBURG,public,"fastq,run.zq,sra","s3,gs,ncbi","ncbi.public,gs.us-east1,s3.us-east-1",2023-03-05,2023-03-05,2023-03-05,2023-03-05,ERX10403915,SAMEA112746485,University Hospital Regensburg,2023-03-05T12:22:36Z,2023-03-05T12:22:36Z,public,Ion GeneStudio S5 Plus,SINGLE,PCR,METAGENOMIC,human metagenome,ION_TORRENT,2023-03-06T00:00:00Z,2023-03-11T00:51:00Z,1,SAMEA112746485,MOITS_223,human metagenome,ERP138358,MOITS_223,University Hospital Regensburg,ERS14741747,,,,
ERR10967078,AMPLICON,376,30390963,PRJEB53547,SAMEA112746486,24414509,UNIVERSITY HOSPITAL REGENSBURG,public,"fastq,sra,run.zq","s3,gs,ncbi","ncbi.public,gs.us-east1,s3.us-east-1",2023-03-05,2023-03-05,2023-03-05,2023-03-05,ERX10403916,SAMEA112746486,University Hospital Regensburg,2023-03-05T12:22:36Z,2023-03-05T12:22:36Z,public,Ion GeneStudio S5 Plus,SINGLE,PCR,METAGENOMIC,human metagenome,ION_TORRENT,2023-03-06T00:00:00Z,2023-03-11T00:51:00Z,1,SAMEA112746486,MOITS_224,human metagenome,ERP138358,MOITS_224,University Hospital Regensburg,ERS14741748,,,,
ERR10967079,AMPLICON,441,7102689,PRJEB53547,SAMEA112746487,5901331,UNIVERSITY HOSPITAL REGENSBURG,public,"run.zq,fastq,sra","ncbi,s3,gs","ncbi.public,s3.us-east-1,gs.us-east1",2023-03-05,2023-03-05,2023-03-05,2023-03-05,ERX10403917,SAMEA112746487,University Hospital Regensburg,2023-03-05T12:22:36Z,2023-03-05T12:22:36Z,public,Ion GeneStudio S5 Plus,SINGLE,PCR,METAGENOMIC,human metagenome,ION_TORRENT,2023-03-06T00:00:00Z,2023-03-11T00:51:00Z,1,SAMEA112746487,MOITS_225,human metagenome,ERP138358,MOITS_225,University Hospital Regensburg,ERS14741749,,,,
ERR10967080,AMPLICON,396,7859487,PRJEB53547,SAMEA112746488,6529394,UNIVERSITY HOSPITAL REGENSBURG,public,"sra,fastq,run.zq","gs,ncbi,s3","s3.us-east-1,gs.us-east1,ncbi.public",2023-03-05,2023-03-05,2023-03-05,2023-03-05,ERX10403918,SAMEA112746488,University Hospital Regensburg,2023-03-05T12:22:36Z,2023-03-05T12:22:36Z,public,Ion GeneStudio S5 Plus,SINGLE,PCR,METAGENOMIC,human metagenome,ION_TORRENT,2023-03-06T00:00:00Z,2023-03-11T00:51:00Z,1,SAMEA112746488,MOITS_226,human metagenome,ERP138358,MOITS_226,University Hospital Regensburg,ERS14741750,,,,
ERR10967081,AMPLICON,411,9402989,PRJEB53547,SAMEA112746489,7656117,UNIVERSITY HOSPITAL REGENSBURG,public,"run.zq,sra,fastq","s3,gs,ncbi","ncbi.public,gs.us-east1,s3.us-east-1",2023-03-05,2023-03-05,2023-03-05,2023-03-05,ERX10403919,SAMEA112746489,University Hospital Regensburg,2023-03-05T12:22:36Z,2023-03-05T12:22:36Z,public,Ion GeneStudio S5 Plus,SINGLE,PCR,METAGENOMIC,human metagenome,ION_TORRENT,2023-03-06T00:00:00Z,2023-03-11T00:51:00Z,1,SAMEA112746489,MOITS_227,human metagenome,ERP138358,MOITS_227,University Hospital Regensburg,ERS14741751,,,,
ERR10967082,AMPLICON,439,5141559,PRJEB53547,SAMEA112746490,4285819,UNIVERSITY HOSPITAL REGENSBURG,public,"run.zq,sra,fastq","s3,ncbi,gs","gs.us-east1,ncbi.public,s3.us-east-1",2023-03-05,2023-03-05,2023-03-05,2023-03-05,ERX10403920,SAMEA112746490,University Hospital Regensburg,2023-03-05T12:22:36Z,2023-03-05T12:22:36Z,public,Ion GeneStudio S5 Plus,SINGLE,PCR,METAGENOMIC,human metagenome,ION_TORRENT,2023-03-06T00:00:00Z,2023-03-11T00:51:00Z,1,SAMEA112746490,MOITS_228,human metagenome,ERP138358,MOITS_228,University Hospital Regensburg,ERS14741752,,,,
ERR10967083,AMPLICON,426,11800648,PRJEB53547,SAMEA112746491,9746975,UNIVERSITY HOSPITAL REGENSBURG,public,"run.zq,fastq,sra","gs,s3,ncbi","ncbi.public,s3.us-east-1,gs.us-east1",2023-03-05,2023-03-05,2023-03-05,2023-03-05,ERX10403921,SAMEA112746491,University Hospital Regensburg,2023-03-05T12:22:36Z,2023-03-05T12:22:36Z,public,Ion GeneStudio S5 Plus,SINGLE,PCR,METAGENOMIC,human metagenome,ION_TORRENT,2023-03-06T00:00:00Z,2023-03-11T00:51:00Z,1,SAMEA112746491,MOITS_229,human metagenome,ERP138358,MOITS_229,University Hospital Regensburg,ERS14741753,,,,
ERR10967084,AMPLICON,414,19011560,PRJEB53547,SAMEA112746492,15427188,UNIVERSITY HOSPITAL REGENSBURG,public,"run.zq,sra,fastq","gs,ncbi,s3","s3.us-east-1,ncbi.public,gs.us-east1",2023-03-05,2023-03-05,2023-03-05,2023-03-05,ERX10403922,SAMEA112746492,University Hospital Regensburg,2023-03-05T12:22:36Z,2023-03-05T12:22:36Z,public,Ion GeneStudio S5 Plus,SINGLE,PCR,METAGENOMIC,human metagenome,ION_TORRENT,2023-03-06T00:00:00Z,2023-03-11T01:29:00Z,2,SAMEA112746492,MOITS_230,human metagenome,ERP138358,MOITS_230,University Hospital Regensburg,ERS14741754,,,,
ERR10967085,AMPLICON,369,16397171,PRJEB53547,SAMEA112746493,13343180,UNIVERSITY HOSPITAL REGENSBURG,public,"sra,fastq,run.zq","ncbi,s3,gs","ncbi.public,s3.us-east-1,gs.us-east1",2023-03-05,2023-03-05,2023-03-05,2023-03-05,ERX10403923,SAMEA112746493,University Hospital Regensburg,2023-03-05T12:22:36Z,2023-03-05T12:22:36Z,public,Ion GeneStudio S5 Plus,SINGLE,PCR,METAGENOMIC,human metagenome,ION_TORRENT,2023-03-06T00:00:00Z,2023-03-11T00:51:00Z,1,SAMEA112746493,MOITS_231,human metagenome,ERP138358,MOITS_231,University Hospital Regensburg,ERS14741755,,,,
ERR10967086,AMPLICON,408,14374145,PRJEB53547,SAMEA112746494,11729456,UNIVERSITY HOSPITAL REGENSBURG,public,"sra,run.zq,fastq","ncbi,s3,gs","gs.us-east1,s3.us-east-1,ncbi.public",2023-03-05,2023-03-05,2023-03-05,2023-03-05,ERX10403924,SAMEA112746494,University Hospital Regensburg,2023-03-05T12:22:36Z,2023-03-05T12:22:36Z,public,Ion GeneStudio S5 Plus,SINGLE,PCR,METAGENOMIC,human metagenome,ION_TORRENT,2023-03-06T00:00:00Z,2023-03-11T00:52:00Z,1,SAMEA112746494,MOITS_232,human metagenome,ERP138358,MOITS_232,University Hospital Regensburg,ERS14741756,,,,
ERR10967087,AMPLICON,434,5274062,PRJEB53547,SAMEA112746495,4385122,UNIVERSITY HOSPITAL REGENSBURG,public,"run.zq,fastq,sra","s3,gs,ncbi","gs.us-east1,ncbi.public,s3.us-east-1",2023-03-05,2023-03-05,2023-03-05,2023-03-05,ERX10403925,SAMEA112746495,University Hospital Regensburg,2023-03-05T12:22:36Z,2023-03-05T12:22:36Z,public,Ion GeneStudio S5 Plus,SINGLE,PCR,METAGENOMIC,human metagenome,ION_TORRENT,2023-03-06T00:00:00Z,2023-03-11T00:51:00Z,1,SAMEA112746495,MOITS_233,human metagenome,ERP138358,MOITS_233,University Hospital Regensburg,ERS14741757,,,,
ERR10967088,AMPLICON,270,37454716,PRJEB53547,SAMEA112746496,29453632,UNIVERSITY HOSPITAL REGENSBURG,public,"sra,run.zq,fastq","ncbi,gs,s3","ncbi.public,gs.us-east1,s3.us-east-1",2023-03-05,2023-03-05,2023-03-05,2023-03-05,ERX10403926,SAMEA112746496,University Hospital Regensburg,2023-03-05T12:22:36Z,2023-03-05T12:22:36Z,public,Ion GeneStudio S5 Plus,SINGLE,PCR,METAGENOMIC,human metagenome,ION_TORRENT,2023-03-06T00:00:00Z,2023-03-11T00:52:00Z,1,SAMEA112746496,MOITS_234,human metagenome,ERP138358,MOITS_234,University Hospital Regensburg,ERS14741758,,,,
ERR10967089,AMPLICON,408,9091471,PRJEB53547,SAMEA112746497,7495547,UNIVERSITY HOSPITAL REGENSBURG,public,"fastq,sra,run.zq","ncbi,s3,gs","gs.us-east1,s3.us-east-1,ncbi.public",2023-03-05,2023-03-05,2023-03-05,2023-03-05,ERX10403927,SAMEA112746497,University Hospital Regensburg,2023-03-05T12:22:36Z,2023-03-05T12:22:36Z,public,Ion GeneStudio S5 Plus,SINGLE,PCR,METAGENOMIC,human metagenome,ION_TORRENT,2023-03-06T00:00:00Z,2023-03-11T00:51:00Z,1,SAMEA112746497,MOITS_235,human metagenome,ERP138358,MOITS_235,University Hospital Regensburg,ERS14741759,,,,
ERR10967090,AMPLICON,420,13375799,PRJEB53547,SAMEA112746498,11001343,UNIVERSITY HOSPITAL REGENSBURG,public,"sra,run.zq,fastq","gs,s3,ncbi","s3.us-east-1,gs.us-east1,ncbi.public",2023-03-05,2023-03-05,2023-03-05,2023-03-05,ERX10403928,SAMEA112746498,University Hospital Regensburg,2023-03-05T12:22:36Z,2023-03-05T12:22:36Z,public,Ion GeneStudio S5 Plus,SINGLE,PCR,METAGENOMIC,human metagenome,ION_TORRENT,2023-03-06T00:00:00Z,2023-03-11T00:51:00Z,1,SAMEA112746498,MOITS_236,human metagenome,ERP138358,MOITS_236,University Hospital Regensburg,ERS14741760,,,,
ERR10967091,AMPLICON,389,13586309,PRJEB53547,SAMEA112746499,11125022,UNIVERSITY HOSPITAL REGENSBURG,public,"fastq,sra,run.zq","ncbi,gs,s3","s3.us-east-1,ncbi.public,gs.us-east1",2023-03-05,2023-03-05,2023-03-05,2023-03-05,ERX10403929,SAMEA112746499,University Hospital Regensburg,2023-03-05T12:22:36Z,2023-03-05T12:22:36Z,public,Ion GeneStudio S5 Plus,SINGLE,PCR,METAGENOMIC,human metagenome,ION_TORRENT,2023-03-06T00:00:00Z,2023-03-11T00:52:00Z,1,SAMEA112746499,MOITS_237,human metagenome,ERP138358,MOITS_237,University Hospital Regensburg,ERS14741761,,,,
ERR10967092,AMPLICON,327,7787025,PRJEB53547,SAMEA112746500,6392002,UNIVERSITY HOSPITAL REGENSBURG,public,"run.zq,fastq,sra","gs,s3,ncbi","ncbi.public,gs.us-east1,s3.us-east-1",2023-03-05,2023-03-05,2023-03-05,2023-03-05,ERX10403930,SAMEA112746500,University Hospital Regensburg,2023-03-05T12:22:36Z,2023-03-05T12:22:36Z,public,Ion GeneStudio S5 Plus,SINGLE,PCR,METAGENOMIC,human metagenome,ION_TORRENT,2023-03-06T00:00:00Z,2023-03-11T00:51:00Z,1,SAMEA112746500,MOITS_238,human metagenome,ERP138358,MOITS_238,University Hospital Regensburg,ERS14741762,,,,
ERR10967093,AMPLICON,427,10525746,PRJEB53547,SAMEA112746501,8701389,UNIVERSITY HOSPITAL REGENSBURG,public,"sra,fastq,run.zq","s3,ncbi,gs","s3.us-east-1,gs.us-east1,ncbi.public",2023-03-05,2023-03-05,2023-03-05,2023-03-05,ERX10403931,SAMEA112746501,University Hospital Regensburg,2023-03-05T12:22:36Z,2023-03-05T12:22:36Z,public,Ion GeneStudio S5 Plus,SINGLE,PCR,METAGENOMIC,human metagenome,ION_TORRENT,2023-03-06T00:00:00Z,2023-03-11T00:51:00Z,1,SAMEA112746501,MOITS_239,human metagenome,ERP138358,MOITS_239,University Hospital Regensburg,ERS14741763,,,,
ERR10967094,AMPLICON,424,8501270,PRJEB53547,SAMEA112746502,7028182,UNIVERSITY HOSPITAL REGENSBURG,public,"run.zq,fastq,sra","ncbi,s3,gs","gs.us-east1,ncbi.public,s3.us-east-1",2023-03-05,2023-03-05,2023-03-05,2023-03-05,ERX10403932,SAMEA112746502,University Hospital Regensburg,2023-03-05T12:22:36Z,2023-03-05T12:22:36Z,public,Ion GeneStudio S5 Plus,SINGLE,PCR,METAGENOMIC,human metagenome,ION_TORRENT,2023-03-06T00:00:00Z,2023-03-11T00:51:00Z,1,SAMEA112746502,MOITS_240,human metagenome,ERP138358,MOITS_240,University Hospital Regensburg,ERS14741764,,,,
ERR10967095,AMPLICON,349,8053004,PRJEB53547,SAMEA112746503,6590514,UNIVERSITY HOSPITAL REGENSBURG,public,"fastq,run.zq,sra","ncbi,gs,s3","gs.us-east1,s3.us-east-1,ncbi.public",2023-03-05,2023-03-05,2023-03-05,2023-03-05,ERX10403933,SAMEA112746503,University Hospital Regensburg,2023-03-05T12:22:36Z,2023-03-05T12:22:36Z,public,Ion GeneStudio S5 Plus,SINGLE,PCR,METAGENOMIC,human metagenome,ION_TORRENT,2023-03-06T00:00:00Z,2023-03-11T00:52:00Z,1,SAMEA112746503,MOITS_241,human metagenome,ERP138358,MOITS_241,University Hospital Regensburg,ERS14741765,,,,
ERR10967096,AMPLICON,367,9196566,PRJEB53547,SAMEA112746504,7572495,UNIVERSITY HOSPITAL REGENSBURG,public,"sra,fastq,run.zq","ncbi,s3,gs","ncbi.public,gs.us-east1,s3.us-east-1",2023-03-05,2023-03-05,2023-03-05,2023-03-05,ERX10403934,SAMEA112746504,University Hospital Regensburg,2023-03-05T12:22:36Z,2023-03-05T12:22:36Z,public,Ion GeneStudio S5 Plus,SINGLE,PCR,METAGENOMIC,human metagenome,ION_TORRENT,2023-03-06T00:00:00Z,2023-03-11T00:52:00Z,1,SAMEA112746504,MOITS_242,human metagenome,ERP138358,MOITS_242,University Hospital Regensburg,ERS14741766,,,,
ERR10967097,AMPLICON,287,17053716,PRJEB53547,SAMEA112746505,13383268,UNIVERSITY HOSPITAL REGENSBURG,public,"sra,fastq,run.zq","s3,gs,ncbi","ncbi.public,gs.us-east1,s3.us-east-1",2023-03-05,2023-03-05,2023-03-05,2023-03-05,ERX10403935,SAMEA112746505,University Hospital Regensburg,2023-03-05T12:22:36Z,2023-03-05T12:22:36Z,public,Ion GeneStudio S5 Plus,SINGLE,PCR,METAGENOMIC,human metagenome,ION_TORRENT,2023-03-06T00:00:00Z,2023-03-11T00:52:00Z,1,SAMEA112746505,MOITS_243,human metagenome,ERP138358,MOITS_243,University Hospital Regensburg,ERS14741767,,,,
ERR10967098,AMPLICON,434,6857432,PRJEB53547,SAMEA112746506,5665238,UNIVERSITY HOSPITAL REGENSBURG,public,"fastq,sra,run.zq","gs,s3,ncbi","s3.us-east-1,gs.us-east1,ncbi.public",2023-03-05,2023-03-05,2023-03-05,2023-03-05,ERX10403936,SAMEA112746506,University Hospital Regensburg,2023-03-05T12:22:36Z,2023-03-05T12:22:36Z,public,Ion GeneStudio S5 Plus,SINGLE,PCR,METAGENOMIC,human metagenome,ION_TORRENT,2023-03-06T00:00:00Z,2023-03-11T00:51:00Z,1,SAMEA112746506,MOITS_244,human metagenome,ERP138358,MOITS_244,University Hospital Regensburg,ERS14741768,,,,
ERR10967099,AMPLICON,309,32050532,PRJEB53547,SAMEA112746507,25604584,UNIVERSITY HOSPITAL REGENSBURG,public,"sra,run.zq,fastq","gs,s3,ncbi","gs.us-east1,ncbi.public,s3.us-east-1",2023-03-05,2023-03-05,2023-03-05,2023-03-05,ERX10403937,SAMEA112746507,University Hospital Regensburg,2023-03-05T12:22:36Z,2023-03-05T12:22:36Z,public,Ion GeneStudio S5 Plus,SINGLE,PCR,METAGENOMIC,human metagenome,ION_TORRENT,2023-03-06T00:00:00Z,2023-03-11T00:52:00Z,1,SAMEA112746507,MOITS_245,human metagenome,ERP138358,MOITS_245,University Hospital Regensburg,ERS14741769,,,,
ERR10967100,AMPLICON,417,6470219,PRJEB53547,SAMEA112746508,5358418,UNIVERSITY HOSPITAL REGENSBURG,public,"fastq,run.zq,sra","s3,ncbi,gs","s3.us-east-1,gs.us-east1,ncbi.public",2023-03-05,2023-03-05,2023-03-05,2023-03-05,ERX10403938,SAMEA112746508,University Hospital Regensburg,2023-03-05T12:22:36Z,2023-03-05T12:22:36Z,public,Ion GeneStudio S5 Plus,SINGLE,PCR,METAGENOMIC,human metagenome,ION_TORRENT,2023-03-06T00:00:00Z,2023-03-11T00:51:00Z,1,SAMEA112746508,MOITS_246,human metagenome,ERP138358,MOITS_246,University Hospital Regensburg,ERS14741770,,,,
ERR10967101,AMPLICON,367,5431321,PRJEB53547,SAMEA112746509,4533380,UNIVERSITY HOSPITAL REGENSBURG,public,"run.zq,fastq,sra","gs,s3,ncbi","ncbi.public,gs.us-east1,s3.us-east-1",2023-03-05,2023-03-05,2023-03-05,2023-03-05,ERX10403939,SAMEA112746509,University Hospital Regensburg,2023-03-05T12:22:36Z,2023-03-05T12:22:36Z,public,Ion GeneStudio S5 Plus,SINGLE,PCR,METAGENOMIC,human metagenome,ION_TORRENT,2023-03-06T00:00:00Z,2023-03-11T00:52:00Z,1,SAMEA112746509,MOITS_247,human metagenome,ERP138358,MOITS_247,University Hospital Regensburg,ERS14741771,,,,
ERR11577471,AMPLICON,412,27373762,PRJEB53547,SAMEA113722850,22341027,UNIVERSITY HOSPITAL REGENSBURG,public,"sra,run.zq,fastq","gs,ncbi,s3","ncbi.public,gs.us-east1,s3.us-east-1",2023-06-19,2023-06-19,2023-06-19,2023-06-19,ERX10981397,SAMEA113722850,University Hospital Regensburg,2023-06-19T20:24:20Z,2023-06-19T20:24:20Z,public,Ion GeneStudio S5 Plus,SINGLE,PCR,METAGENOMIC,human metagenome,ION_TORRENT,2023-09-20T00:00:00Z,2023-09-26T07:29:00Z,1,SAMEA113722850,SJ16S_025,human metagenome,ERP138358,SJ16S_025,University Hospital Regensburg,ERS15717019,2021,Germany,Europe,Germany
ERR11577472,AMPLICON,420,31529553,PRJEB53547,SAMEA113722842,25490454,UNIVERSITY HOSPITAL REGENSBURG,public,"run.zq,sra,fastq","s3,ncbi,gs","ncbi.public,s3.us-east-1,gs.us-east1",2023-06-19,2023-06-19,2023-06-19,2023-06-19,ERX10981398,SAMEA113722842,University Hospital Regensburg,2023-06-19T20:24:20Z,2023-06-19T20:24:20Z,public,Ion GeneStudio S5 Plus,SINGLE,PCR,METAGENOMIC,human metagenome,ION_TORRENT,2023-09-20T00:00:00Z,2023-09-26T07:29:00Z,1,SAMEA113722842,SJ16S_017,human metagenome,ERP138358,SJ16S_017,University Hospital Regensburg,ERS15717011,2021,Germany,Europe,Germany
ERR11577473,AMPLICON,451,35895661,PRJEB53547,SAMEA113722841,28784945,UNIVERSITY HOSPITAL REGENSBURG,public,"run.zq,fastq,sra","ncbi,gs,s3","gs.us-east1,s3.us-east-1,ncbi.public",2023-06-19,2023-06-19,2023-06-19,2023-06-19,ERX10981399,SAMEA113722841,University Hospital Regensburg,2023-06-19T20:24:20Z,2023-06-19T20:24:20Z,public,Ion GeneStudio S5 Plus,SINGLE,PCR,METAGENOMIC,human metagenome,ION_TORRENT,2023-09-20T00:00:00Z,2023-09-26T07:29:00Z,1,SAMEA113722841,SJ16S_016,human metagenome,ERP138358,SJ16S_016,University Hospital Regensburg,ERS15717010,2021,Germany,Europe,Germany
ERR11577474,AMPLICON,463,48406480,PRJEB53547,SAMEA113722858,38640357,UNIVERSITY HOSPITAL REGENSBURG,public,"sra,run.zq,fastq","gs,s3,ncbi","s3.us-east-1,gs.us-east1,ncbi.public",2023-06-19,2023-06-19,2023-06-19,2023-06-19,ERX10981400,SAMEA113722858,University Hospital Regensburg,2023-06-19T20:24:20Z,2023-06-19T20:24:20Z,public,Ion GeneStudio S5 Plus,SINGLE,PCR,METAGENOMIC,human metagenome,ION_TORRENT,2023-09-20T00:00:00Z,2023-09-26T07:29:00Z,1,SAMEA113722858,SJ16S_033,human metagenome,ERP138358,SJ16S_033,University Hospital Regensburg,ERS15717027,2021,Germany,Europe,Germany
ERR11577475,AMPLICON,467,40677814,PRJEB53547,SAMEA113722845,32375082,UNIVERSITY HOSPITAL REGENSBURG,public,"run.zq,fastq,sra","ncbi,gs,s3","s3.us-east-1,gs.us-east1,ncbi.public",2023-06-19,2023-06-19,2023-06-19,2023-06-19,ERX10981401,SAMEA113722845,University Hospital Regensburg,2023-06-19T20:24:20Z,2023-06-19T20:24:20Z,public,Ion GeneStudio S5 Plus,SINGLE,PCR,METAGENOMIC,human metagenome,ION_TORRENT,2023-09-20T00:00:00Z,2023-09-26T07:29:00Z,1,SAMEA113722845,SJ16S_020,human metagenome,ERP138358,SJ16S_020,University Hospital Regensburg,ERS15717014,2021,Germany,Europe,Germany
ERR11577476,AMPLICON,378,28514472,PRJEB53547,SAMEA113722854,23539288,UNIVERSITY HOSPITAL REGENSBURG,public,"fastq,sra,run.zq","gs,ncbi,s3","s3.us-east-1,ncbi.public,gs.us-east1",2023-06-19,2023-06-19,2023-06-19,2023-06-19,ERX10981402,SAMEA113722854,University Hospital Regensburg,2023-06-19T20:24:20Z,2023-06-19T20:24:20Z,public,Ion GeneStudio S5 Plus,SINGLE,PCR,METAGENOMIC,human metagenome,ION_TORRENT,2023-09-20T00:00:00Z,2023-09-26T07:29:00Z,1,SAMEA113722854,SJ16S_029,human metagenome,ERP138358,SJ16S_029,University Hospital Regensburg,ERS15717023,2021,Germany,Europe,Germany
ERR11577477,AMPLICON,416,21252410,PRJEB53547,SAMEA113722860,17461248,UNIVERSITY HOSPITAL REGENSBURG,public,"sra,run.zq,fastq","gs,s3,ncbi","ncbi.public,gs.us-east1,s3.us-east-1",2023-06-19,2023-06-19,2023-06-19,2023-06-19,ERX10981403,SAMEA113722860,University Hospital Regensburg,2023-06-19T20:24:20Z,2023-06-19T20:24:20Z,public,Ion GeneStudio S5 Plus,SINGLE,PCR,METAGENOMIC,human metagenome,ION_TORRENT,2023-09-20T00:00:00Z,2023-09-26T07:29:00Z,1,SAMEA113722860,SJ16S_035,human metagenome,ERP138358,SJ16S_035,University Hospital Regensburg,ERS15717029,2021,Germany,Europe,Germany
ERR11577478,AMPLICON,419,13885620,PRJEB53547,SAMEA113722830,11370156,UNIVERSITY HOSPITAL REGENSBURG,public,"fastq,sra,run.zq","s3,ncbi,gs","ncbi.public,s3.us-east-1,gs.us-east1",2023-06-19,2023-06-19,2023-06-19,2023-06-19,ERX10981404,SAMEA113722830,University Hospital Regensburg,2023-06-19T20:24:20Z,2023-06-19T20:24:20Z,public,Ion GeneStudio S5 Plus,SINGLE,PCR,METAGENOMIC,human metagenome,ION_TORRENT,2023-09-20T00:00:00Z,2023-09-26T07:28:00Z,1,SAMEA113722830,SJ16S_005,human metagenome,ERP138358,SJ16S_005,University Hospital Regensburg,ERS15716999,2021,Germany,Europe,Germany
ERR11577479,AMPLICON,410,15260354,PRJEB53547,SAMEA113722844,12493279,UNIVERSITY HOSPITAL REGENSBURG,public,"sra,run.zq,fastq","ncbi,gs,s3","s3.us-east-1,gs.us-east1,ncbi.public",2023-06-19,2023-06-19,2023-06-19,2023-06-19,ERX10981405,SAMEA113722844,University Hospital Regensburg,2023-06-19T20:24:20Z,2023-06-19T20:24:20Z,public,Ion GeneStudio S5 Plus,SINGLE,PCR,METAGENOMIC,human metagenome,ION_TORRENT,2023-09-20T00:00:00Z,2023-09-26T07:29:00Z,1,SAMEA113722844,SJ16S_019,human metagenome,ERP138358,SJ16S_019,University Hospital Regensburg,ERS15717013,2021,Germany,Europe,Germany
ERR11577480,AMPLICON,406,16082577,PRJEB53547,SAMEA113722855,13169363,UNIVERSITY HOSPITAL REGENSBURG,public,"fastq,sra,run.zq","gs,s3,ncbi","s3.us-east-1,ncbi.public,gs.us-east1",2023-06-19,2023-06-19,2023-06-19,2023-06-19,ERX10981406,SAMEA113722855,University Hospital Regensburg,2023-06-19T20:24:20Z,2023-06-19T20:24:20Z,public,Ion GeneStudio S5 Plus,SINGLE,PCR,METAGENOMIC,human metagenome,ION_TORRENT,2023-09-20T00:00:00Z,2023-09-26T07:29:00Z,1,SAMEA113722855,SJ16S_030,human metagenome,ERP138358,SJ16S_030,University Hospital Regensburg,ERS15717024,2021,Germany,Europe,Germany
ERR11577481,AMPLICON,447,16941602,PRJEB53547,SAMEA113722856,13711068,UNIVERSITY HOSPITAL REGENSBURG,public,"run.zq,fastq,sra","ncbi,gs,s3","ncbi.public,s3.us-east-1,gs.us-east1",2023-06-19,2023-06-19,2023-06-19,2023-06-19,ERX10981407,SAMEA113722856,University Hospital Regensburg,2023-06-19T20:24:20Z,2023-06-19T20:24:20Z,public,Ion GeneStudio S5 Plus,SINGLE,PCR,METAGENOMIC,human metagenome,ION_TORRENT,2023-09-20T00:00:00Z,2023-09-26T07:29:00Z,1,SAMEA113722856,SJ16S_031,human metagenome,ERP138358,SJ16S_031,University Hospital Regensburg,ERS15717025,2021,Germany,Europe,Germany
ERR11577482,AMPLICON,399,11123791,PRJEB53547,SAMEA113722834,9147786,UNIVERSITY HOSPITAL REGENSBURG,public,"sra,fastq,run.zq","gs,s3,ncbi","gs.us-east1,s3.us-east-1,ncbi.public",2023-06-19,2023-06-19,2023-06-19,2023-06-19,ERX10981408,SAMEA113722834,University Hospital Regensburg,2023-06-19T20:24:20Z,2023-06-19T20:24:20Z,public,Ion GeneStudio S5 Plus,SINGLE,PCR,METAGENOMIC,human metagenome,ION_TORRENT,2023-09-20T00:00:00Z,2023-09-26T07:28:00Z,1,SAMEA113722834,SJ16S_009,human metagenome,ERP138358,SJ16S_009,University Hospital Regensburg,ERS15717003,2021,Germany,Europe,Germany
ERR11577483,AMPLICON,427,18190453,PRJEB53547,SAMEA113722835,14824421,UNIVERSITY HOSPITAL REGENSBURG,public,"sra,fastq,run.zq","s3,ncbi,gs","ncbi.public,s3.us-east-1,gs.us-east1",2023-06-19,2023-06-19,2023-06-19,2023-06-19,ERX10981409,SAMEA113722835,University Hospital Regensburg,2023-06-19T20:24:20Z,2023-06-19T20:24:20Z,public,Ion GeneStudio S5 Plus,SINGLE,PCR,METAGENOMIC,human metagenome,ION_TORRENT,2023-09-20T00:00:00Z,2023-09-26T07:29:00Z,1,SAMEA113722835,SJ16S_010,human metagenome,ERP138358,SJ16S_010,University Hospital Regensburg,ERS15717004,2021,Germany,Europe,Germany
ERR11577485,AMPLICON,414,53289833,PRJEB53547,SAMEA113722832,42767212,UNIVERSITY HOSPITAL REGENSBURG,public,"run.zq,sra,fastq","gs,ncbi,s3","gs.us-east1,ncbi.public,s3.us-east-1",2023-06-19,2023-06-19,2023-06-19,2023-06-19,ERX10981411,SAMEA113722832,University Hospital Regensburg,2023-06-19T20:24:20Z,2023-06-19T20:24:20Z,public,Ion GeneStudio S5 Plus,SINGLE,PCR,METAGENOMIC,human metagenome,ION_TORRENT,2023-09-20T00:00:00Z,2023-09-26T07:29:00Z,1,SAMEA113722832,SJ16S_007,human metagenome,ERP138358,SJ16S_007,University Hospital Regensburg,ERS15717001,2021,Germany,Europe,Germany
ERR11577486,AMPLICON,423,41244588,PRJEB53547,SAMEA113722828,32974791,UNIVERSITY HOSPITAL REGENSBURG,public,"sra,fastq,run.zq","ncbi,gs,s3","gs.us-east1,s3.us-east-1,ncbi.public",2023-06-19,2023-06-19,2023-06-19,2023-06-19,ERX10981412,SAMEA113722828,University Hospital Regensburg,2023-06-19T20:24:20Z,2023-06-19T20:24:20Z,public,Ion GeneStudio S5 Plus,SINGLE,PCR,METAGENOMIC,human metagenome,ION_TORRENT,2023-09-20T00:00:00Z,2023-09-26T07:29:00Z,1,SAMEA113722828,SJ16S_003,human metagenome,ERP138358,SJ16S_003,University Hospital Regensburg,ERS15716997,2021,Germany,Europe,Germany
ERR11577487,AMPLICON,436,37481415,PRJEB53547,SAMEA113722826,30011960,UNIVERSITY HOSPITAL REGENSBURG,public,"sra,run.zq,fastq","gs,s3,ncbi","gs.us-east1,s3.us-east-1,ncbi.public",2023-06-19,2023-06-19,2023-06-19,2023-06-19,ERX10981413,SAMEA113722826,University Hospital Regensburg,2023-06-19T20:24:20Z,2023-06-19T20:24:20Z,public,Ion GeneStudio S5 Plus,SINGLE,PCR,METAGENOMIC,human metagenome,ION_TORRENT,2023-09-20T00:00:00Z,2023-09-26T07:28:00Z,1,SAMEA113722826,SJ16S_001,human metagenome,ERP138358,SJ16S_001,University Hospital Regensburg,ERS15716995,2021,Germany,Europe,Germany
ERR11577488,AMPLICON,432,29739274,PRJEB53547,SAMEA113722833,23996645,UNIVERSITY HOSPITAL REGENSBURG,public,"sra,fastq,run.zq","gs,ncbi,s3","ncbi.public,s3.us-east-1,gs.us-east1",2023-06-19,2023-06-19,2023-06-19,2023-06-19,ERX10981414,SAMEA113722833,University Hospital Regensburg,2023-06-19T20:24:20Z,2023-06-19T20:24:20Z,public,Ion GeneStudio S5 Plus,SINGLE,PCR,METAGENOMIC,human metagenome,ION_TORRENT,2023-09-20T00:00:00Z,2023-09-26T07:29:00Z,1,SAMEA113722833,SJ16S_008,human metagenome,ERP138358,SJ16S_008,University Hospital Regensburg,ERS15717002,2021,Germany,Europe,Germany
ERR11577490,AMPLICON,426,11204635,PRJEB53547,SAMEA113722837,8994576,UNIVERSITY HOSPITAL REGENSBURG,public,"sra,fastq,run.zq","gs,ncbi,s3","s3.us-east-1,gs.us-east1,ncbi.public",2023-06-19,2023-06-19,2023-06-19,2023-06-19,ERX10981416,SAMEA113722837,University Hospital Regensburg,2023-06-19T20:24:20Z,2023-06-19T20:24:20Z,public,Ion GeneStudio S5 Plus,SINGLE,PCR,METAGENOMIC,human metagenome,ION_TORRENT,2023-09-20T00:00:00Z,2023-09-26T07:29:00Z,1,SAMEA113722837,SJ16S_012,human metagenome,ERP138358,SJ16S_012,University Hospital Regensburg,ERS15717006,2021,Germany,Europe,Germany
ERR11577491,AMPLICON,422,31500689,PRJEB53547,SAMEA113722838,25351491,UNIVERSITY HOSPITAL REGENSBURG,public,"run.zq,sra,fastq","ncbi,s3,gs","gs.us-east1,s3.us-east-1,ncbi.public",2023-06-19,2023-06-19,2023-06-19,2023-06-19,ERX10981417,SAMEA113722838,University Hospital Regensburg,2023-06-19T20:24:20Z,2023-06-19T20:24:20Z,public,Ion GeneStudio S5 Plus,SINGLE,PCR,METAGENOMIC,human metagenome,ION_TORRENT,2023-09-20T00:00:00Z,2023-09-26T07:29:00Z,1,SAMEA113722838,SJ16S_013,human metagenome,ERP138358,SJ16S_013,University Hospital Regensburg,ERS15717007,2021,Germany,Europe,Germany
ERR11577492,AMPLICON,422,38425012,PRJEB53547,SAMEA113722843,30745533,UNIVERSITY HOSPITAL REGENSBURG,public,"run.zq,sra,fastq","ncbi,s3,gs","ncbi.public,s3.us-east-1,gs.us-east1",2023-06-19,2023-06-19,2023-06-19,2023-06-19,ERX10981418,SAMEA113722843,University Hospital Regensburg,2023-06-19T20:24:20Z,2023-06-19T20:24:20Z,public,Ion GeneStudio S5 Plus,SINGLE,PCR,METAGENOMIC,human metagenome,ION_TORRENT,2023-09-20T00:00:00Z,2023-09-26T07:29:00Z,1,SAMEA113722843,SJ16S_018,human metagenome,ERP138358,SJ16S_018,University Hospital Regensburg,ERS15717012,2021,Germany,Europe,Germany
ERR11577493,AMPLICON,407,28182946,PRJEB53547,SAMEA113722847,22713110,UNIVERSITY HOSPITAL REGENSBURG,public,"run.zq,sra,fastq","gs,s3,ncbi","s3.us-east-1,gs.us-east1,ncbi.public",2023-06-19,2023-06-19,2023-06-19,2023-06-19,ERX10981419,SAMEA113722847,University Hospital Regensburg,2023-06-19T20:24:20Z,2023-06-19T20:24:20Z,public,Ion GeneStudio S5 Plus,SINGLE,PCR,METAGENOMIC,human metagenome,ION_TORRENT,2023-09-20T00:00:00Z,2023-09-26T07:29:00Z,1,SAMEA113722847,SJ16S_022,human metagenome,ERP138358,SJ16S_022,University Hospital Regensburg,ERS15717016,2021,Germany,Europe,Germany
ERR11577494,AMPLICON,408,16323256,PRJEB53547,SAMEA113722848,13407658,UNIVERSITY HOSPITAL REGENSBURG,public,"run.zq,sra,fastq","gs,s3,ncbi","s3.us-east-1,ncbi.public,gs.us-east1",2023-06-19,2023-06-19,2023-06-19,2023-06-19,ERX10981420,SAMEA113722848,University Hospital Regensburg,2023-06-19T20:24:20Z,2023-06-19T20:24:20Z,public,Ion GeneStudio S5 Plus,SINGLE,PCR,METAGENOMIC,human metagenome,ION_TORRENT,2023-09-20T00:00:00Z,2023-09-26T07:29:00Z,1,SAMEA113722848,SJ16S_023,human metagenome,ERP138358,SJ16S_023,University Hospital Regensburg,ERS15717017,2021,Germany,Europe,Germany
ERR11577495,AMPLICON,435,27053586,PRJEB53547,SAMEA113722846,21767126,UNIVERSITY HOSPITAL REGENSBURG,public,"run.zq,sra,fastq","s3,gs,ncbi","s3.us-east-1,gs.us-east1,ncbi.public",2023-06-19,2023-06-19,2023-06-19,2023-06-19,ERX10981421,SAMEA113722846,University Hospital Regensburg,2023-06-19T20:24:20Z,2023-06-19T20:24:20Z,public,Ion GeneStudio S5 Plus,SINGLE,PCR,METAGENOMIC,human metagenome,ION_TORRENT,2023-09-20T00:00:00Z,2023-09-26T07:29:00Z,1,SAMEA113722846,SJ16S_021,human metagenome,ERP138358,SJ16S_021,University Hospital Regensburg,ERS15717015,2021,Germany,Europe,Germany
ERR11577496,AMPLICON,428,40736533,PRJEB53547,SAMEA113722851,32605226,UNIVERSITY HOSPITAL REGENSBURG,public,"sra,run.zq,fastq","ncbi,s3,gs","gs.us-east1,s3.us-east-1,ncbi.public",2023-06-19,2023-06-19,2023-06-19,2023-06-19,ERX10981422,SAMEA113722851,University Hospital Regensburg,2023-06-19T20:24:20Z,2023-06-19T20:24:20Z,public,Ion GeneStudio S5 Plus,SINGLE,PCR,METAGENOMIC,human metagenome,ION_TORRENT,2023-09-20T00:00:00Z,2023-09-26T07:29:00Z,1,SAMEA113722851,SJ16S_026,human metagenome,ERP138358,SJ16S_026,University Hospital Regensburg,ERS15717020,2021,Germany,Europe,Germany
ERR11577497,AMPLICON,430,34816283,PRJEB53547,SAMEA113722853,28144781,UNIVERSITY HOSPITAL REGENSBURG,public,"fastq,run.zq,sra","ncbi,s3,gs","s3.us-east-1,gs.us-east1,ncbi.public",2023-06-19,2023-06-19,2023-06-19,2023-06-19,ERX10981423,SAMEA113722853,University Hospital Regensburg,2023-06-19T20:24:20Z,2023-06-19T20:24:20Z,public,Ion GeneStudio S5 Plus,SINGLE,PCR,METAGENOMIC,human metagenome,ION_TORRENT,2023-09-20T00:00:00Z,2023-09-26T07:29:00Z,1,SAMEA113722853,SJ16S_028,human metagenome,ERP138358,SJ16S_028,University Hospital Regensburg,ERS15717022,2021,Germany,Europe,Germany
ERR11577498,AMPLICON,426,30454913,PRJEB53547,SAMEA113722867,24485234,UNIVERSITY HOSPITAL REGENSBURG,public,"fastq,sra,run.zq","s3,ncbi,gs","s3.us-east-1,ncbi.public,gs.us-east1",2023-06-19,2023-06-19,2023-06-19,2023-06-19,ERX10981424,SAMEA113722867,University Hospital Regensburg,2023-06-19T20:24:20Z,2023-06-19T20:24:20Z,public,Ion GeneStudio S5 Plus,SINGLE,PCR,METAGENOMIC,human metagenome,ION_TORRENT,2023-09-20T00:00:00Z,2023-09-26T07:29:00Z,1,SAMEA113722867,SJ16S_042,human metagenome,ERP138358,SJ16S_042,University Hospital Regensburg,ERS15717036,2021,Germany,Europe,Germany
ERR11577499,AMPLICON,429,33370162,PRJEB53547,SAMEA113722831,26905581,UNIVERSITY HOSPITAL REGENSBURG,public,"run.zq,sra,fastq","ncbi,gs,s3","s3.us-east-1,gs.us-east1,ncbi.public",2023-06-19,2023-06-19,2023-06-19,2023-06-19,ERX10981425,SAMEA113722831,University Hospital Regensburg,2023-06-19T20:24:20Z,2023-06-19T20:24:20Z,public,Ion GeneStudio S5 Plus,SINGLE,PCR,METAGENOMIC,human metagenome,ION_TORRENT,2023-09-20T00:00:00Z,2023-09-26T07:29:00Z,1,SAMEA113722831,SJ16S_006,human metagenome,ERP138358,SJ16S_006,University Hospital Regensburg,ERS15717000,2021,Germany,Europe,Germany
ERR11577500,AMPLICON,410,10786255,PRJEB53547,SAMEA113722862,8551892,UNIVERSITY HOSPITAL REGENSBURG,public,"sra,run.zq,fastq","s3,gs,ncbi","gs.us-east1,s3.us-east-1,ncbi.public",2023-06-19,2023-06-19,2023-06-19,2023-06-19,ERX10981426,SAMEA113722862,University Hospital Regensburg,2023-06-19T20:24:20Z,2023-06-19T20:24:20Z,public,Ion GeneStudio S5 Plus,SINGLE,PCR,METAGENOMIC,human metagenome,ION_TORRENT,2023-09-20T00:00:00Z,2023-09-26T07:29:00Z,1,SAMEA113722862,SJ16S_037,human metagenome,ERP138358,SJ16S_037,University Hospital Regensburg,ERS15717031,2021,Germany,Europe,Germany
ERR11577501,AMPLICON,406,17017879,PRJEB53547,SAMEA113722863,13439144,UNIVERSITY HOSPITAL REGENSBURG,public,"run.zq,sra,fastq","ncbi,gs,s3","s3.us-east-1,ncbi.public,gs.us-east1",2023-06-19,2023-06-19,2023-06-19,2023-06-19,ERX10981427,SAMEA113722863,University Hospital Regensburg,2023-06-19T20:24:20Z,2023-06-19T20:24:20Z,public,Ion GeneStudio S5 Plus,SINGLE,PCR,METAGENOMIC,human metagenome,ION_TORRENT,2023-09-20T00:00:00Z,2023-09-26T07:29:00Z,1,SAMEA113722863,SJ16S_038,human metagenome,ERP138358,SJ16S_038,University Hospital Regensburg,ERS15717032,2021,Germany,Europe,Germany
ERR11577502,AMPLICON,417,21506349,PRJEB53547,SAMEA113722864,17049178,UNIVERSITY HOSPITAL REGENSBURG,public,"run.zq,sra,fastq","gs,s3,ncbi","gs.us-east1,ncbi.public,s3.us-east-1",2023-06-19,2023-06-19,2023-06-19,2023-06-19,ERX10981428,SAMEA113722864,University Hospital Regensburg,2023-06-19T20:24:20Z,2023-06-19T20:24:20Z,public,Ion GeneStudio S5 Plus,SINGLE,PCR,METAGENOMIC,human metagenome,ION_TORRENT,2023-09-20T00:00:00Z,2023-09-26T07:29:00Z,1,SAMEA113722864,SJ16S_039,human metagenome,ERP138358,SJ16S_039,University Hospital Regensburg,ERS15717033,2021,Germany,Europe,Germany
ERR11577503,AMPLICON,411,24938243,PRJEB53547,SAMEA113722865,19762776,UNIVERSITY HOSPITAL REGENSBURG,public,"sra,run.zq,fastq","ncbi,gs,s3","s3.us-east-1,ncbi.public,gs.us-east1",2023-06-19,2023-06-19,2023-06-19,2023-06-19,ERX10981429,SAMEA113722865,University Hospital Regensburg,2023-06-19T20:24:20Z,2023-06-19T20:24:20Z,public,Ion GeneStudio S5 Plus,SINGLE,PCR,METAGENOMIC,human metagenome,ION_TORRENT,2023-09-20T00:00:00Z,2023-09-26T07:29:00Z,1,SAMEA113722865,SJ16S_040,human metagenome,ERP138358,SJ16S_040,University Hospital Regensburg,ERS15717034,2021,Germany,Europe,Germany
ERR11577504,AMPLICON,428,25102149,PRJEB53547,SAMEA113722866,19884010,UNIVERSITY HOSPITAL REGENSBURG,public,"sra,fastq,run.zq","gs,s3,ncbi","ncbi.public,gs.us-east1,s3.us-east-1",2023-06-19,2023-06-19,2023-06-19,2023-06-19,ERX10981430,SAMEA113722866,University Hospital Regensburg,2023-06-19T20:24:20Z,2023-06-19T20:24:20Z,public,Ion GeneStudio S5 Plus,SINGLE,PCR,METAGENOMIC,human metagenome,ION_TORRENT,2023-09-20T00:00:00Z,2023-09-26T07:29:00Z,1,SAMEA113722866,SJ16S_041,human metagenome,ERP138358,SJ16S_041,University Hospital Regensburg,ERS15717035,2021,Germany,Europe,Germany
ERR11577505,AMPLICON,411,9032747,PRJEB53547,SAMEA113722869,7226562,UNIVERSITY HOSPITAL REGENSBURG,public,"sra,fastq,run.zq","gs,s3,ncbi","ncbi.public,s3.us-east-1,gs.us-east1",2023-06-19,2023-06-19,2023-06-19,2023-06-19,ERX10981431,SAMEA113722869,University Hospital Regensburg,2023-06-19T20:24:20Z,2023-06-19T20:24:20Z,public,Ion GeneStudio S5 Plus,SINGLE,PCR,METAGENOMIC,human metagenome,ION_TORRENT,2023-09-20T00:00:00Z,2023-09-26T07:29:00Z,1,SAMEA113722869,SJ16S_044,human metagenome,ERP138358,SJ16S_044,University Hospital Regensburg,ERS15717038,2021,Germany,Europe,Germany
ERR11577506,AMPLICON,407,7728519,PRJEB53547,SAMEA113722871,6139030,UNIVERSITY HOSPITAL REGENSBURG,public,"fastq,run.zq,sra","ncbi,gs,s3","gs.us-east1,ncbi.public,s3.us-east-1",2023-06-19,2023-06-19,2023-06-19,2023-06-19,ERX10981432,SAMEA113722871,University Hospital Regensburg,2023-06-19T20:24:20Z,2023-06-19T20:24:20Z,public,Ion GeneStudio S5 Plus,SINGLE,PCR,METAGENOMIC,human metagenome,ION_TORRENT,2023-09-20T00:00:00Z,2023-09-26T07:29:00Z,1,SAMEA113722871,SJ16S_046,human metagenome,ERP138358,SJ16S_046,University Hospital Regensburg,ERS15717040,2021,Germany,Europe,Germany
ERR11577507,AMPLICON,387,14297556,PRJEB53547,SAMEA113722872,11404985,UNIVERSITY HOSPITAL REGENSBURG,public,"run.zq,sra,fastq","ncbi,s3,gs","gs.us-east1,ncbi.public,s3.us-east-1",2023-06-19,2023-06-19,2023-06-19,2023-06-19,ERX10981433,SAMEA113722872,University Hospital Regensburg,2023-06-19T20:24:20Z,2023-06-19T20:24:20Z,public,Ion GeneStudio S5 Plus,SINGLE,PCR,METAGENOMIC,human metagenome,ION_TORRENT,2023-09-20T00:00:00Z,2023-09-26T07:29:00Z,1,SAMEA113722872,SJ16S_047,human metagenome,ERP138358,SJ16S_047,University Hospital Regensburg,ERS15717041,2021,Germany,Europe,Germany
ERR11577509,AMPLICON,394,67760471,PRJEB53547,SAMEA113722870,53974670,UNIVERSITY HOSPITAL REGENSBURG,public,"fastq,sra,run.zq","gs,ncbi,s3","s3.us-east-1,ncbi.public,gs.us-east1",2023-06-19,2023-06-19,2023-06-19,2023-06-19,ERX10981435,SAMEA113722870,University Hospital Regensburg,2023-06-19T20:24:20Z,2023-06-19T20:24:20Z,public,Ion GeneStudio S5 Plus,SINGLE,PCR,METAGENOMIC,human metagenome,ION_TORRENT,2023-09-20T00:00:00Z,2023-09-26T07:29:00Z,1,SAMEA113722870,SJ16S_045,human metagenome,ERP138358,SJ16S_045,University Hospital Regensburg,ERS15717039,2021,Germany,Europe,Germany
ERR11577510,AMPLICON,442,23871183,PRJEB53547,SAMEA113722874,18885395,UNIVERSITY HOSPITAL REGENSBURG,public,"sra,fastq,run.zq","s3,gs,ncbi","gs.us-east1,s3.us-east-1,ncbi.public",2023-06-19,2023-06-19,2023-06-19,2023-06-19,ERX10981436,SAMEA113722874,University Hospital Regensburg,2023-06-19T20:24:20Z,2023-06-19T20:24:20Z,public,Ion GeneStudio S5 Plus,SINGLE,PCR,METAGENOMIC,human metagenome,ION_TORRENT,2023-09-20T00:00:00Z,2023-09-26T07:29:00Z,1,SAMEA113722874,SJ16S_049,human metagenome,ERP138358,SJ16S_049,University Hospital Regensburg,ERS15717043,2021,Germany,Europe,Germany
ERR11577511,AMPLICON,406,36792550,PRJEB53547,SAMEA113722829,29014436,UNIVERSITY HOSPITAL REGENSBURG,public,"sra,fastq,run.zq","ncbi,gs,s3","s3.us-east-1,gs.us-east1,ncbi.public",2023-06-19,2023-06-19,2023-06-19,2023-06-19,ERX10981437,SAMEA113722829,University Hospital Regensburg,2023-06-19T20:24:20Z,2023-06-19T20:24:20Z,public,Ion GeneStudio S5 Plus,SINGLE,PCR,METAGENOMIC,human metagenome,ION_TORRENT,2023-09-20T00:00:00Z,2023-09-26T07:29:00Z,1,SAMEA113722829,SJ16S_004,human metagenome,ERP138358,SJ16S_004,University Hospital Regensburg,ERS15716998,2021,Germany,Europe,Germany
ERR11577512,AMPLICON,410,42658814,PRJEB53547,SAMEA113722827,32991903,UNIVERSITY HOSPITAL REGENSBURG,public,"run.zq,fastq,sra","gs,s3,ncbi","ncbi.public,s3.us-east-1,gs.us-east1",2023-06-19,2023-06-19,2023-06-19,2023-06-19,ERX10981438,SAMEA113722827,University Hospital Regensburg,2023-06-19T20:24:20Z,2023-06-19T20:24:20Z,public,Ion GeneStudio S5 Plus,SINGLE,PCR,METAGENOMIC,human metagenome,ION_TORRENT,2023-09-20T00:00:00Z,2023-09-26T07:29:00Z,1,SAMEA113722827,SJ16S_002,human metagenome,ERP138358,SJ16S_002,University Hospital Regensburg,ERS15716996,2021,Germany,Europe,Germany
ERR11577513,AMPLICON,398,31849108,PRJEB53547,SAMEA113722840,25370522,UNIVERSITY HOSPITAL REGENSBURG,public,"sra,fastq,run.zq","gs,ncbi,s3","s3.us-east-1,ncbi.public,gs.us-east1",2023-06-19,2023-06-19,2023-06-19,2023-06-19,ERX10981439,SAMEA113722840,University Hospital Regensburg,2023-06-19T20:24:20Z,2023-06-19T20:24:20Z,public,Ion GeneStudio S5 Plus,SINGLE,PCR,METAGENOMIC,human metagenome,ION_TORRENT,2023-09-20T00:00:00Z,2023-09-26T07:29:00Z,1,SAMEA113722840,SJ16S_015,human metagenome,ERP138358,SJ16S_015,University Hospital Regensburg,ERS15717009,2021,Germany,Europe,Germany
ERR11577514,AMPLICON,372,16267948,PRJEB53547,SAMEA113722839,13022203,UNIVERSITY HOSPITAL REGENSBURG,public,"fastq,run.zq,sra","s3,gs,ncbi","s3.us-east-1,ncbi.public,gs.us-east1",2023-06-19,2023-06-19,2023-06-19,2023-06-19,ERX10981440,SAMEA113722839,University Hospital Regensburg,2023-06-19T20:24:20Z,2023-06-19T20:24:20Z,public,Ion GeneStudio S5 Plus,SINGLE,PCR,METAGENOMIC,human metagenome,ION_TORRENT,2023-09-20T00:00:00Z,2023-09-26T07:29:00Z,1,SAMEA113722839,SJ16S_014,human metagenome,ERP138358,SJ16S_014,University Hospital Regensburg,ERS15717008,2021,Germany,Europe,Germany
ERR11577515,AMPLICON,421,33142562,PRJEB53547,SAMEA113722849,26015725,UNIVERSITY HOSPITAL REGENSBURG,public,"fastq,run.zq,sra","s3,ncbi,gs","s3.us-east-1,gs.us-east1,ncbi.public",2023-06-19,2023-06-19,2023-06-19,2023-06-19,ERX10981441,SAMEA113722849,University Hospital Regensburg,2023-06-19T20:24:20Z,2023-06-19T20:24:20Z,public,Ion GeneStudio S5 Plus,SINGLE,PCR,METAGENOMIC,human metagenome,ION_TORRENT,2023-09-20T00:00:00Z,2023-09-26T07:29:00Z,1,SAMEA113722849,SJ16S_024,human metagenome,ERP138358,SJ16S_024,University Hospital Regensburg,ERS15717018,2021,Germany,Europe,Germany
ERR11577516,AMPLICON,383,17883769,PRJEB53547,SAMEA113722859,14166530,UNIVERSITY HOSPITAL REGENSBURG,public,"run.zq,fastq,sra","gs,ncbi,s3","gs.us-east1,s3.us-east-1,ncbi.public",2023-06-19,2023-06-19,2023-06-19,2023-06-19,ERX10981442,SAMEA113722859,University Hospital Regensburg,2023-06-19T20:24:20Z,2023-06-19T20:24:20Z,public,Ion GeneStudio S5 Plus,SINGLE,PCR,METAGENOMIC,human metagenome,ION_TORRENT,2023-09-20T00:00:00Z,2023-09-26T07:29:00Z,1,SAMEA113722859,SJ16S_034,human metagenome,ERP138358,SJ16S_034,University Hospital Regensburg,ERS15717028,2021,Germany,Europe,Germany
ERR11577517,AMPLICON,400,26808613,PRJEB53547,SAMEA113722857,21204241,UNIVERSITY HOSPITAL REGENSBURG,public,"sra,run.zq,fastq","s3,gs,ncbi","gs.us-east1,ncbi.public,s3.us-east-1",2023-06-19,2023-06-19,2023-06-19,2023-06-19,ERX10981443,SAMEA113722857,University Hospital Regensburg,2023-06-19T20:24:20Z,2023-06-19T20:24:20Z,public,Ion GeneStudio S5 Plus,SINGLE,PCR,METAGENOMIC,human metagenome,ION_TORRENT,2023-09-20T00:00:00Z,2023-09-26T07:29:00Z,1,SAMEA113722857,SJ16S_032,human metagenome,ERP138358,SJ16S_032,University Hospital Regensburg,ERS15717026,2021,Germany,Europe,Germany
ERR11577518,AMPLICON,421,27163057,PRJEB53547,SAMEA113722861,21545071,UNIVERSITY HOSPITAL REGENSBURG,public,"run.zq,fastq,sra","s3,ncbi,gs","ncbi.public,gs.us-east1,s3.us-east-1",2023-06-19,2023-06-19,2023-06-19,2023-06-19,ERX10981444,SAMEA113722861,University Hospital Regensburg,2023-06-19T20:24:20Z,2023-06-19T20:24:20Z,public,Ion GeneStudio S5 Plus,SINGLE,PCR,METAGENOMIC,human metagenome,ION_TORRENT,2023-09-20T00:00:00Z,2023-09-26T07:29:00Z,1,SAMEA113722861,SJ16S_036,human metagenome,ERP138358,SJ16S_036,University Hospital Regensburg,ERS15717030,2021,Germany,Europe,Germany
ERR11577519,AMPLICON,393,22850867,PRJEB53547,SAMEA113722876,18127758,UNIVERSITY HOSPITAL REGENSBURG,public,"fastq,sra,run.zq","ncbi,s3,gs","ncbi.public,s3.us-east-1,gs.us-east1",2023-06-19,2023-06-19,2023-06-19,2023-06-19,ERX10981445,SAMEA113722876,University Hospital Regensburg,2023-06-19T20:24:20Z,2023-06-19T20:24:20Z,public,Ion GeneStudio S5 Plus,SINGLE,PCR,METAGENOMIC,human metagenome,ION_TORRENT,2023-09-20T00:00:00Z,2023-09-26T07:29:00Z,1,SAMEA113722876,SJ16S_051,human metagenome,ERP138358,SJ16S_051,University Hospital Regensburg,ERS15717045,2021,Germany,Europe,Germany
ERR11577520,AMPLICON,393,16560670,PRJEB53547,SAMEA113722880,13137548,UNIVERSITY HOSPITAL REGENSBURG,public,"run.zq,sra,fastq","s3,gs,ncbi","ncbi.public,gs.us-east1,s3.us-east-1",2023-06-19,2023-06-19,2023-06-19,2023-06-19,ERX10981446,SAMEA113722880,University Hospital Regensburg,2023-06-19T20:24:20Z,2023-06-19T20:24:20Z,public,Ion GeneStudio S5 Plus,SINGLE,PCR,METAGENOMIC,human metagenome,ION_TORRENT,2023-09-20T00:00:00Z,2023-09-26T07:29:00Z,1,SAMEA113722880,SJ16S_055,human metagenome,ERP138358,SJ16S_055,University Hospital Regensburg,ERS15717049,2021,Germany,Europe,Germany
ERR11577521,AMPLICON,417,18708013,PRJEB53547,SAMEA113722881,14750096,UNIVERSITY HOSPITAL REGENSBURG,public,"run.zq,sra,fastq","s3,gs,ncbi","ncbi.public,gs.us-east1,s3.us-east-1",2023-06-19,2023-06-19,2023-06-19,2023-06-19,ERX10981447,SAMEA113722881,University Hospital Regensburg,2023-06-19T20:24:20Z,2023-06-19T20:24:20Z,public,Ion GeneStudio S5 Plus,SINGLE,PCR,METAGENOMIC,human metagenome,ION_TORRENT,2023-09-20T00:00:00Z,2023-09-26T07:29:00Z,1,SAMEA113722881,SJ16S_056,human metagenome,ERP138358,SJ16S_056,University Hospital Regensburg,ERS15717050,2021,Germany,Europe,Germany
ERR11577522,AMPLICON,411,16561818,PRJEB53547,SAMEA113722882,13003667,UNIVERSITY HOSPITAL REGENSBURG,public,"run.zq,fastq,sra","gs,s3,ncbi","ncbi.public,gs.us-east1,s3.us-east-1",2023-06-19,2023-06-19,2023-06-19,2023-06-19,ERX10981448,SAMEA113722882,University Hospital Regensburg,2023-06-19T20:24:20Z,2023-06-19T20:24:20Z,public,Ion GeneStudio S5 Plus,SINGLE,PCR,METAGENOMIC,human metagenome,ION_TORRENT,2023-09-20T00:00:00Z,2023-09-26T07:29:00Z,1,SAMEA113722882,SJ16S_057,human metagenome,ERP138358,SJ16S_057,University Hospital Regensburg,ERS15717051,2021,Germany,Europe,Germany
ERR11577523,AMPLICON,421,19471887,PRJEB53547,SAMEA113722873,15292419,UNIVERSITY HOSPITAL REGENSBURG,public,"sra,run.zq,fastq","s3,ncbi,gs","ncbi.public,s3.us-east-1,gs.us-east1",2023-06-19,2023-06-19,2023-06-19,2023-06-19,ERX10981449,SAMEA113722873,University Hospital Regensburg,2023-06-19T20:24:20Z,2023-06-19T20:24:20Z,public,Ion GeneStudio S5 Plus,SINGLE,PCR,METAGENOMIC,human metagenome,ION_TORRENT,2023-09-20T00:00:00Z,2023-09-26T07:29:00Z,1,SAMEA113722873,SJ16S_048,human metagenome,ERP138358,SJ16S_048,University Hospital Regensburg,ERS15717042,2021,Germany,Europe,Germany
ERR11577524,AMPLICON,409,11055942,PRJEB53547,SAMEA113722875,8830473,UNIVERSITY HOSPITAL REGENSBURG,public,"fastq,run.zq,sra","gs,s3,ncbi","ncbi.public,gs.us-east1,s3.us-east-1",2023-06-19,2023-06-19,2023-06-19,2023-06-19,ERX10981450,SAMEA113722875,University Hospital Regensburg,2023-06-19T20:24:20Z,2023-06-19T20:24:20Z,public,Ion GeneStudio S5 Plus,SINGLE,PCR,METAGENOMIC,human metagenome,ION_TORRENT,2023-09-20T00:00:00Z,2023-09-26T07:29:00Z,1,SAMEA113722875,SJ16S_050,human metagenome,ERP138358,SJ16S_050,University Hospital Regensburg,ERS15717044,2021,Germany,Europe,Germany
ERR11577525,AMPLICON,411,19504613,PRJEB53547,SAMEA113722877,15279552,UNIVERSITY HOSPITAL REGENSBURG,public,"run.zq,fastq,sra","ncbi,s3,gs","ncbi.public,gs.us-east1,s3.us-east-1",2023-06-19,2023-06-19,2023-06-19,2023-06-19,ERX10981451,SAMEA113722877,University Hospital Regensburg,2023-06-19T20:24:20Z,2023-06-19T20:24:20Z,public,Ion GeneStudio S5 Plus,SINGLE,PCR,METAGENOMIC,human metagenome,ION_TORRENT,2023-09-20T00:00:00Z,2023-09-26T07:29:00Z,1,SAMEA113722877,SJ16S_052,human metagenome,ERP138358,SJ16S_052,University Hospital Regensburg,ERS15717046,2021,Germany,Europe,Germany
ERR11577526,AMPLICON,411,17962123,PRJEB53547,SAMEA113722878,14123098,UNIVERSITY HOSPITAL REGENSBURG,public,"fastq,run.zq,sra","gs,s3,ncbi","s3.us-east-1,gs.us-east1,ncbi.public",2023-06-19,2023-06-19,2023-06-19,2023-06-19,ERX10981452,SAMEA113722878,University Hospital Regensburg,2023-06-19T20:24:20Z,2023-06-19T20:24:20Z,public,Ion GeneStudio S5 Plus,SINGLE,PCR,METAGENOMIC,human metagenome,ION_TORRENT,2023-09-20T00:00:00Z,2023-09-26T07:29:00Z,1,SAMEA113722878,SJ16S_053,human metagenome,ERP138358,SJ16S_053,University Hospital Regensburg,ERS15717047,2021,Germany,Europe,Germany
ERR11577527,AMPLICON,410,17673224,PRJEB53547,SAMEA113722879,13909943,UNIVERSITY HOSPITAL REGENSBURG,public,"sra,fastq,run.zq","gs,s3,ncbi","ncbi.public,s3.us-east-1,gs.us-east1",2023-06-19,2023-06-19,2023-06-19,2023-06-19,ERX10981453,SAMEA113722879,University Hospital Regensburg,2023-06-19T20:24:20Z,2023-06-19T20:24:20Z,public,Ion GeneStudio S5 Plus,SINGLE,PCR,METAGENOMIC,human metagenome,ION_TORRENT,2023-09-20T00:00:00Z,2023-09-26T07:29:00Z,1,SAMEA113722879,SJ16S_054,human metagenome,ERP138358,SJ16S_054,University Hospital Regensburg,ERS15717048,2021,Germany,Europe,Germany
