paper,statement_id,page,location,quote,mechanism_as_named,microbial_function,host_target,phase,taxon_as_cited,taxon_rank_as_cited,direction,evidence_as_stated,cited_refs
Paredes_2026,PAR_001,2,figure 1,"Antibiotics are administered prophylactically to prevent and to treat infections. All of these drugs are potent inducers of microbial dysbiosis and shifts in the bacterial metabolome","conditioning drugs induce dysbiosis",,gut microbial composition / bacterial metabolome,conditioning,none,community,exacerbating,unspecified,
Paredes_2026,PAR_002,3,box 1,"a positive association between levels of the eukaryotic Picobirnaviridae and acute gastrointestinal GVHD was found","Picobirnaviridae associated with GI aGVHD",,,acute,Picobirnaviridae,family,exacerbating,human observational,Legoff 2017
Paredes_2026,PAR_003,3,box 1,"The study uncovered a microbial signature of Lachnospiraceae and Oscillospiraceae and associated bacteriophages correlating with immunomodulatory metabolites (IMMs). A risk score based on IMM abundance was developed, associating low IMM levels with higher risks for reduced overall survival, GVHD and relapse","Lachnospiraceae/Oscillospiraceae IMM signature",immunomodulatory metabolite production,,,Lachnospiraceae,family,protective,human observational,Thiele 2024
Paredes_2026,PAR_004,3,box 1,"The study uncovered a microbial signature of Lachnospiraceae and Oscillospiraceae and associated bacteriophages correlating with immunomodulatory metabolites (IMMs). A risk score based on IMM abundance was developed, associating low IMM levels with higher risks for reduced overall survival, GVHD and relapse","Lachnospiraceae/Oscillospiraceae IMM signature",immunomodulatory metabolite production,,,Oscillospiraceae,family,protective,human observational,Thiele 2024
Paredes_2026,PAR_005,3,box 1,"In patients classified as low risk for these complications by the score, short-chain fatty acid (SCFA) synthesis pathways, and specifically the butyric acid-synthesis gene BCoAT, were enriched","SCFA/BCoAT enrichment in low-risk patients",SCFA / butyric acid synthesis,,,none,community,protective,human observational,Thiele 2024
Paredes_2026,PAR_006,3,box 1,"The authors identified two bacteriophages encoding the gene, providing intriguing evidence for a clinical benefit derived from bacteriophage-mediated modulation of gut bacteria","bacteriophage-mediated SCFA gene delivery",SCFA synthesis gene (BCoAT),,,bacteriophages,functional group,protective,human observational,Thiele 2024
Paredes_2026,PAR_007,3,box 1,"culture-based studies, finding that faecal samples collected post transplant were more likely to yield culturable fungi compared with pre-transplant samples, and identifying patients with fungal dysbiosis based on culture positivity and expansion of Candida parapsilosis complex species. These patients had lower overall survival and higher transplant-related mortality","Candida parapsilosis expansion worsens outcomes",,overall survival / transplant-related mortality,,Candida parapsilosis complex,species,exacerbating,human observational,Rolling 2021
Paredes_2026,PAR_008,3,box 1,"a culture-based study of 153 patients undergoing allo-HCT found that oral or gastrointestinal colonization with Candida species was positively associated with the development of acute GVHD and, specifically, gastrointestinal GVHD","Candida colonization associated with aGVHD",,,acute,Candida,genus,exacerbating,human observational, 2013
Paredes_2026,PAR_009,3,body,"dysbiosis, which is the disruption of the function and composition of the microbiome characterized by loss of microbial diversity and expansion of individual taxa, has been associated with allo-HCT outcomes, including GVHD","dysbiosis associated with GVHD",,,,none,community,exacerbating,human observational,Vriesendorp 2016; Neuerburg 2024; Zheng 2020; Taur 2012; Holler 2014; Taur 2014; Jenq 2015; Shono 2016; Golob 2017; Peled 2017; Weber 2017; Hidaka 2018; Peled 2020
Paredes_2026,PAR_010,4,body,"microbial dysbiosis is negatively associated with overall survival after allo-HCT","dysbiosis negatively associated with overall survival",,overall survival,,none,community,exacerbating,human observational,Taur 2012; Golob 2017; Peled 2017; Rashidi 2022
Paredes_2026,PAR_011,4,body,"gut microbial diversity predicted mortality after allo-HCT. In this study, 16S ribosomal RNA sequencing analysis of faecal samples from a large cohort of patients at four centres in the USA, Germany and Japan revealed loss of microbiota diversity during transplantation, commonly including domination by bacterial taxa such as Enterococcus and Klebsiella","Peled 2020 Enterococcus/Klebsiella domination",,,,Enterococcus,genus,exacerbating,human observational,Peled 2020
Paredes_2026,PAR_012,4,body,"gut microbial diversity predicted mortality after allo-HCT. In this study, 16S ribosomal RNA sequencing analysis of faecal samples from a large cohort of patients at four centres in the USA, Germany and Japan revealed loss of microbiota diversity during transplantation, commonly including domination by bacterial taxa such as Enterococcus and Klebsiella","Peled 2020 Enterococcus/Klebsiella domination",,,,Klebsiella,genus,exacerbating,human observational,Peled 2020
Paredes_2026,PAR_013,4,body,"Patients with higher versus lower gut diversity, particularly during the neutrophil peri-engraftment period (days 7–21 post transplant), had a 29–51% lower risk of mortality","high diversity reduces mortality",,,,none,community,protective,human observational,Peled 2020
Paredes_2026,PAR_014,4,body,"Those patients receiving broad-spectrum antibiotics such as the penicillin and β-lactamase inhibitor combination piperacillin–tazobactam and the carbapenem drug meropenem for the treatment of infectious complications had lower microbiota diversity and increased mortality risk","broad-spectrum antibiotics increase mortality",,,,none,community,exacerbating,human observational,Peled 2020
Paredes_2026,PAR_015,4,body,"patients with lower microbiota diversity had a higher risk of transplantation-related and GVHD-related mortality, but not a higher risk of relapse","low diversity increases GVHD-related mortality",,,,none,community,exacerbating,human observational,Peled 2020
Paredes_2026,PAR_016,4,body,"the study identified a predictive signature of microbiota (that is, Enterococcus dominance) associated with a higher risk of mortality","Enterococcus dominance predicts mortality",,,,Enterococcus,genus,exacerbating,human observational,Peled 2020
Paredes_2026,PAR_017,4,body,"Neutropenic fever after allo-HCT has been positively associated with an increased abundance of Akkermansia muciniphila","Akkermansia muciniphila associated with neutropenic fever",,neutropenic fever,,Akkermansia muciniphila,species,exacerbating,human observational,Schwabkey 2022
Paredes_2026,PAR_018,4,body,"A. muciniphila breaks down mucin, the main component of the intestinal mucus layer, as its primary nutrient source. In mouse models of neutropenic fever, the expansion of A. muciniphila leads to thinning of the colonic mucus layer and increased abundance of inflammatory cytokines","A. muciniphila mucin degradation thins mucus",mucin degradation,colonic mucus layer / inflammatory cytokines,,Akkermansia muciniphila,species,exacerbating,murine,Schwabkey 2022
Paredes_2026,PAR_019,4,body,"The effect can be reversed by targeted antibiotic eradication of A. muciniphila or by administration of the SCFA propionate, which likely inhibits mucin utilization by the bacteria","propionate reverses A. muciniphila mucin utilization",propionate signaling,A. muciniphila mucin utilization,,Akkermansia muciniphila,species,protective,murine,Schwabkey 2022
Paredes_2026,PAR_020,4,body,"a higher risk of relapse with low abundance of Blautia","low Blautia increases relapse risk",,relapse,,Blautia,genus,protective,human observational,Jenq 2015
Paredes_2026,PAR_021,4,body,"likelier remission with high abundance of Eubacterium limosum","Eubacterium limosum associated with remission",,remission,,Eubacterium limosum,species,protective,human observational,Peled 2017
Paredes_2026,PAR_022,4,body,"studies in germ-free mice and antibiotic-treated transplant mouse models suggesting that gut bacteria have a key role","germ-free/antibiotic mice establish gut bacteria role in aGVHD",,,,none,community,exacerbating,murine,Jones 1971; Bekkum 1974
Paredes_2026,PAR_023,4,body,"recipients of allo-HCT with lower-gastrointestinal aGVHD had worse survival outcomes and reduced levels of strict anaerobic bacteria, particularly members of the class Clostridia and genera that produce the SCFA butyrate, such as Blautia, Anaerostipes, Eubacterium and Ruminococcus","loss of Clostridia butyrate producers in GI aGVHD",butyrate production,,acute,Clostridia,class,protective,human observational,Burgos 2022
Paredes_2026,PAR_024,4,body,"recipients of allo-HCT with lower-gastrointestinal aGVHD had worse survival outcomes and reduced levels of strict anaerobic bacteria, particularly members of the class Clostridia and genera that produce the SCFA butyrate, such as Blautia, Anaerostipes, Eubacterium and Ruminococcus","loss of butyrate producers in GI aGVHD",butyrate production,,acute,Blautia,genus,protective,human observational,Burgos 2022
Paredes_2026,PAR_025,4,body,"recipients of allo-HCT with lower-gastrointestinal aGVHD had worse survival outcomes and reduced levels of strict anaerobic bacteria, particularly members of the class Clostridia and genera that produce the SCFA butyrate, such as Blautia, Anaerostipes, Eubacterium and Ruminococcus","loss of butyrate producers in GI aGVHD",butyrate production,,acute,Anaerostipes,genus,protective,human observational,Burgos 2022
Paredes_2026,PAR_026,4,body,"recipients of allo-HCT with lower-gastrointestinal aGVHD had worse survival outcomes and reduced levels of strict anaerobic bacteria, particularly members of the class Clostridia and genera that produce the SCFA butyrate, such as Blautia, Anaerostipes, Eubacterium and Ruminococcus","loss of butyrate producers in GI aGVHD",butyrate production,,acute,Eubacterium,genus,protective,human observational,Burgos 2022
Paredes_2026,PAR_027,4,body,"recipients of allo-HCT with lower-gastrointestinal aGVHD had worse survival outcomes and reduced levels of strict anaerobic bacteria, particularly members of the class Clostridia and genera that produce the SCFA butyrate, such as Blautia, Anaerostipes, Eubacterium and Ruminococcus","loss of butyrate producers in GI aGVHD",butyrate production,,acute,Ruminococcus,genus,protective,human observational,Burgos 2022
Paredes_2026,PAR_028,4,body,"Following the onset of aGVHD, butyrate-producing bacteria continue to decline, whereas facultative anaerobes such as Enterococcus expand","Enterococcus expansion in aGVHD",,,acute,Enterococcus,genus,exacerbating,human observational,Burgos 2022
Paredes_2026,PAR_029,4,body,"Patients with lower-gastrointestinal aGVHD also exhibit decreased microbial pathways for SCFA fermentation, particularly butyrate production, and increased pathways for antibiotic resistance and nucleotide biosynthesis as demonstrated by functional metagenomic analysis","SCFA pathway decrease in GI aGVHD",SCFA fermentation / butyrate production,,acute,none,community,protective,human observational,Burgos 2022
Paredes_2026,PAR_030,4,body,"Another study similarly linked reduced levels of Blautia and Ruminococcaceae, as well as low levels of SCFAs, with severe aGVHD","low Blautia/Ruminococcaceae and SCFAs with severe aGVHD",SCFA production,,acute,Blautia,genus,protective,human observational,Payen 2020
Paredes_2026,PAR_031,4,body,"Another study similarly linked reduced levels of Blautia and Ruminococcaceae, as well as low levels of SCFAs, with severe aGVHD","low Blautia/Ruminococcaceae and SCFAs with severe aGVHD",SCFA production,,acute,Ruminococcaceae,family,protective,human observational,Payen 2020
Paredes_2026,PAR_032,4,body,"Hayase et al. reported a lower abundance of Bacteroides ovatus in patients with steroid-refractory lower-gastrointestinal aGVHD and showed in a mouse model that reintroducing this bacterial species led to reduced GVHD severity and improved survival","Bacteroides ovatus reduces GVHD severity",,,acute,Bacteroides ovatus,species,protective,murine,Hayase 2024
Paredes_2026,PAR_033,4,body,"A small study (11 patients with cGVHD and 13 patients without GVHD) found a greater loss of alpha diversity after allo-HCT in patients who went on to develop cGVHD","alpha diversity loss predicts cGVHD",,,chronic,none,community,exacerbating,human observational,ElJurdi 2023
Paredes_2026,PAR_034,4,body,"butyrate-producing Clostridium was present in a higher abundance at pre-transplant baseline in patients with cGVHD and showed a significantly greater decline post engraftment compared with controls","Clostridium butyrate producer decline predicts cGVHD",butyrate production,,chronic,Clostridium,genus,protective,human observational,ElJurdi 2023
Paredes_2026,PAR_035,4,body,"Another study found a positive association between the lower circulation of SCFAs such as butyrate at 3 months post transplant and the development of cGVHD","low circulating butyrate predicts cGVHD",SCFA / butyrate production,,chronic,none,community,protective,human observational,Markey 2020
Paredes_2026,PAR_036,4,body,"A longitudinal analysis of 29 patients with cGVHD versus 51 individuals without GVHD revealed an oral expansion of Streptococcus salivarius and Veillonella parvula and a high degree of overlap between oral and gut bacterial species, suggesting ectopic gut colonization","oral Streptococcus salivarius and Veillonella parvula expansion in cGVHD",,,chronic,Streptococcus salivarius,species,exacerbating,human observational,Rashidi 2024
Paredes_2026,PAR_037,4,body,"A longitudinal analysis of 29 patients with cGVHD versus 51 individuals without GVHD revealed an oral expansion of Streptococcus salivarius and Veillonella parvula and a high degree of overlap between oral and gut bacterial species, suggesting ectopic gut colonization","oral Streptococcus salivarius and Veillonella parvula expansion in cGVHD",,,chronic,Veillonella parvula,species,exacerbating,human observational,Rashidi 2024
Paredes_2026,PAR_038,5,figure 2,"Lachnospiraceae ... Associated with longer survival and higher protective immunomodulatory metabolites","Lachnospiraceae associated with longer survival",immunomodulatory metabolite production,survival,,Lachnospiraceae,family,protective,human observational,
Paredes_2026,PAR_039,5,figure 2,"Lachnoclostridium ... Associated with decreased GVHD development","Lachnoclostridium associated with decreased GVHD",,,,Lachnoclostridium,genus,protective,human observational,
Paredes_2026,PAR_040,5,figure 2,"Ruminococcus ... Associated with increased numbers of neutrophils and monocytes","Ruminococcus associated with neutrophil/monocyte recovery",,neutrophils / monocytes,,Ruminococcus,genus,protective,human observational,
Paredes_2026,PAR_041,5,figure 2,"Faecalibacterium ... Associated with increased numbers of neutrophils and monocytes","Faecalibacterium associated with neutrophil/monocyte recovery",,neutrophils / monocytes,,Faecalibacterium,genus,protective,human observational,
Paredes_2026,PAR_042,5,figure 2,"Ruminococcaceae ... Associated with high 3-IS levels and decreased GVHD","Ruminococcaceae associated with high 3-IS and decreased GVHD",3-indoxyl sulfate production,,,Ruminococcaceae,family,protective,human observational,
Paredes_2026,PAR_043,5,figure 2,"Oscillospiraceae ... Associated with higher protective immunomodulatory metabolites","Oscillospiraceae associated with protective IMMs",immunomodulatory metabolite production,,,Oscillospiraceae,family,protective,human observational,
Paredes_2026,PAR_044,5,figure 2,"Clostridia ... Low abundance is associated with shorter overall survival and higher GVHD-related mortality","low Clostridia increases GVHD-related mortality",,,,Clostridia,class,protective,human observational,
Paredes_2026,PAR_045,5,figure 2,"Clostridium ... Low abundance is associated with decreased numbers of neutrophils and monocytes","low Clostridium decreases neutrophils/monocytes",,neutrophils / monocytes,,Clostridium,genus,protective,human observational,
Paredes_2026,PAR_046,5,figure 2,"Blautia ... Associated with higher intestinal MAIT cell frequency, lower lethality from GVHD","Blautia associated with intestinal MAIT and reduced lethality",,intestinal MAIT cells / GVHD lethality,,Blautia,genus,protective,human observational,
Paredes_2026,PAR_047,5,figure 2,"Staphylococcus ... Associated with worse CD4+ T cell recovery","Staphylococcus associated with worse CD4 recovery",,CD4+ T cell recovery,,Staphylococcus,genus,exacerbating,human observational,
Paredes_2026,PAR_048,5,figure 2,"Bacilli ... Associated with low 3-IS levels","Bacilli associated with low 3-IS",,3-indoxyl sulfate,,Bacilli,class,exacerbating,human observational,
Paredes_2026,PAR_049,5,figure 2,"Enterococcus ... Associated with bloodstream infections, GVHD and poor survival","Enterococcus associated with bloodstream infection and GVHD",,bloodstream infection / GVHD / survival,,Enterococcus,genus,exacerbating,human observational,
Paredes_2026,PAR_050,5,figure 2,"Streptococcus ... Abundant after allo-HCT","Streptococcus abundant after allo-HCT",,,,Streptococcus,genus,unspecified,human observational,
Paredes_2026,PAR_051,5,figure 2,"Lactobacillales ... Associated with increased severe GVHD","Lactobacillales associated with severe GVHD",,,,Lactobacillales,order,exacerbating,human observational,
Paredes_2026,PAR_052,5,figure 2,"Akkermansia ... Associated with GVHD development","Akkermansia associated with GVHD development",,,,Akkermansia,genus,exacerbating,human observational,
Paredes_2026,PAR_053,5,figure 2,"Bacteroidota ... Associated with higher intestinal MAIT cell frequency","Bacteroidota associated with intestinal MAIT",,intestinal MAIT cells,,Bacteroidota,phylum,protective,human observational,
Paredes_2026,PAR_054,5,figure 2,"Bacteroides ovatus ... Depleted after high-risk antibiotic exposure, low abundance associated with steroid-refractory GVHD","B. ovatus depletion with high-risk antibiotics associates with steroid-refractory GVHD",,steroid-refractory GVHD,,Bacteroides ovatus,species,protective,human observational,
Paredes_2026,PAR_055,5,figure 2,"Pseudomonadota ... Associated with bloodstream infections","Pseudomonadota associated with bloodstream infections",,bloodstream infection,,Pseudomonadota,phylum,exacerbating,human observational,
Paredes_2026,PAR_056,5,figure 2,"Gammaproteobacteria ... Associated with pulmonary complications","Gammaproteobacteria associated with pulmonary complications",,pulmonary complications,,Gammaproteobacteria,class,exacerbating,human observational,
Paredes_2026,PAR_057,5,figure 2,"Clostridiales ... Depleted in mouse models of GVHD","Clostridiales depleted in mouse GVHD",,,,Clostridiales,order,protective,murine,
Paredes_2026,PAR_058,5,figure 2,"Actinomycetaceae ... Associated with longer survival","Actinomycetaceae associated with longer survival",,survival,,Actinomycetaceae,family,protective,human observational,
Paredes_2026,PAR_059,5,figure 2,"Thomasclavelia ... Associated with severe GVHD, abundant following high-risk antibiotic exposure","Thomasclavelia associated with severe GVHD",,,,Thomasclavelia,genus,exacerbating,human observational,
Paredes_2026,PAR_060,5,body,"In a mouse model, bilateral molar ligatures (an orthodontic technique) in recipients of allo-HCT disrupted the oral flora, exacerbated cGVHD and led to an expansion of Enterococcaceae in the oral cavity and the gut, also indicative of ectopic gut colonization","oral dysbiosis / Enterococcaceae ectopic colonization exacerbates cGVHD",,,chronic,Enterococcaceae,family,exacerbating,murine,Kambara 2025
Paredes_2026,PAR_061,5,body,"patients who went on to develop cGVHD already showed an increase in CD20–CD38hi plasmablasts by day 90 after allo-HCT. These plasmablasts generated antibodies targeting specific commensal bacteria, particularly those producing SCFAs, suggesting that dysregulated mucosal immune responses to gut microbiota may contribute to cGVHD pathogenesis","anti-SCFA-producer plasmablast antibodies in cGVHD",SCFA production,plasmablast IgG targeting commensals,chronic,SCFA-producing commensal bacteria,functional group,exacerbating,human observational,Habenicht 2025
Paredes_2026,PAR_062,6,body,"the anaerobe-targeting antibiotic metronidazole has been positively associated with intestinal domination by Enterococcus, which is a risk factor for vancomycin-resistant Enterococcus (VRE) bacteraemia","metronidazole promotes Enterococcus domination",,,,Enterococcus,genus,exacerbating,human observational,Taur 2012
Paredes_2026,PAR_063,6,body,"Early administration of azithromycin to prevent bronchiolitis obliterans syndrome after allo-HCT has been positively associated with Bacteroides fragilis abundance and risk of tumour relapse","azithromycin promotes B. fragilis and relapse",,,,Bacteroides fragilis,species,exacerbating,human observational,Vallet 2023; Bergeron 2017
Paredes_2026,PAR_064,6,body,"treatment with broad-spectrum antibiotics such as β-lactams and carbapenems has been consistently and reproducibly associated with increased incidence of intestinal aGVHD and steroid-refractory GVHD","β-lactams/carbapenems increase aGVHD and steroid-refractory GVHD",,,acute,none,community,exacerbating,human observational,Taur 2014; Jenq 2015; Hayase 2024; Elgarten 2021; Lee 2019
Paredes_2026,PAR_065,6,body,"The respective gastrointestinal environment often shows an expansion of Bacteroides and low concentrations of butyrate and propionate in the colonic lumen","Bacteroides expansion with low SCFAs",butyrate / propionate production,,,Bacteroides,genus,exacerbating,human observational,Hayase 2024; Hayase 2022; Mathewson 2016; Fujiwara 2018
Paredes_2026,PAR_066,6,body,"Intestinal microbial diversity declines after conditioning treatment, particularly in patients receiving myeloablative regimens rather than non-myeloablative regimens","myeloablative conditioning reduces diversity",,,conditioning,none,community,exacerbating,human observational,Jørgensen 2022
Paredes_2026,PAR_067,6,body,"Total body irradiation, which is sometimes used in conditioning, has also been found to reduce microbial diversity in mouse models","TBI reduces microbial diversity",,,conditioning,none,community,exacerbating,murine,Schwabkey 2022; Li 2022
Paredes_2026,PAR_068,6,body,"Antiemetics and opioids, which are frequently administered to respectively counteract chemotherapy-induced nausea and pain due to mucositis, were associated with increased Enterococcus abundance and decreased gut microbial diversity","antiemetics/opioids promote Enterococcus",,,,Enterococcus,genus,exacerbating,human observational,Nguyen 2023
Paredes_2026,PAR_069,6,body,"patients receiving primarily enteral nutrition compared with parenteral nutrition had higher abundance of taxa associated with protection from GVHD, such as Ruminococcus bromii and Faecalibacterium prausnitzii","enteral nutrition promotes R. bromii / F. prausnitzii",,,,Ruminococcus bromii,species,protective,clinical trial,Andersen 2020
Paredes_2026,PAR_070,6,body,"patients receiving primarily enteral nutrition compared with parenteral nutrition had higher abundance of taxa associated with protection from GVHD, such as Ruminococcus bromii and Faecalibacterium prausnitzii","enteral nutrition promotes R. bromii / F. prausnitzii",,,,Faecalibacterium prausnitzii,species,protective,clinical trial,Andersen 2020
Paredes_2026,PAR_071,6,body,"long-term use of total parenteral nutrition (≥10 days) was associated with a loss of Blautia, whereas increased levels of Blautia were found to be associated with reduced GVHD-related mortality","parenteral nutrition reduces Blautia",,,,Blautia,genus,protective,human observational,Jenq 2015
Paredes_2026,PAR_072,6,body,"in mice, a fibre-free 'Western' diet leads to decreased microbiota diversity and increased A. muciniphila abundance","fibre-free Western diet increases A. muciniphila",,,,Akkermansia muciniphila,species,exacerbating,murine,Schroeder 2018; Ng 2020; Parrish 2023
Paredes_2026,PAR_073,6,body,"In humans, a high-fibre diet has been linked to higher bifidobacteria abundance and faecal butyrate concentrations, which are both positively associated with favourable outcomes following allo-HCT","high-fibre diet promotes Bifidobacteria and butyrate",butyrate production,,,bifidobacteria,genus,protective,human observational,Taur 2012; So 2018; Lindner 2020
Paredes_2026,PAR_074,6,body,"a diet high in fermented foods has been reported to have a positive association with microbiota diversity and a negative association with inflammatory markers","fermented food diet promotes diversity",,inflammatory markers,,none,community,protective,human observational,Wastyk 2021
Paredes_2026,PAR_075,6,body,"A multicentre study found that dietary lactose promoted the expansion of Enterococcus, which can metabolize lactose and thrives in a lactose-rich environment, contributing to increased gut permeability and inflammation","dietary lactose drives Enterococcus expansion",lactose metabolism,gut permeability / inflammation,,Enterococcus,genus,exacerbating,human observational,Stein-Thoeringer 2019
Paredes_2026,PAR_076,6,body,"in mouse models of allo-HCT, dietary interventions such as lactose restriction have been found to reduce the expansion of Enterococcus and alleviate GVHD severity","lactose restriction reduces Enterococcus",,,,Enterococcus,genus,protective,murine,Stein-Thoeringer 2019
Paredes_2026,PAR_077,6,body,"In a recent clinical study, patients undergoing allo-HCT and following a lactose-free diet had significantly reduced colonization with VRE","lactose-free diet reduces VRE",,,,vancomycin-resistant Enterococcus (VRE),species,protective,clinical trial,Morello 2024
Paredes_2026,PAR_078,6,body,"Microbiome-mediated degradation of mucus in the colon is a key factor contributing to damage to the intestinal barrier in GVHD","microbial mucus degradation damages intestinal barrier",mucin degradation,intestinal barrier,,none,community,exacerbating,unspecified,
Paredes_2026,PAR_079,6,body,"administration of meropenem during –10 to +30 days relative to allo-HCT positively associates with acute intestinal GVHD incidence in patients, and that meropenem treatment leads to a dysbiotic state with an expansion of Bacteroides","meropenem induces Bacteroides expansion with aGVHD",,,acute,Bacteroides,genus,exacerbating,human observational,Hayase 2022
Paredes_2026,PAR_080,6,body,"meropenem-treated mice had aggravated intestinal GVHD, severe epithelial damage and a thinner intestinal mucus layer compared with controls. Moreover, these mice exhibited an expansion of Bacteroides thetaiotaomicron in the gut, decreased levels of luminal xylose and upregulated expression of glycoside hydrolases from B. thetaiotaomicron, which are enzymes responsible for breaking down mucin glycoproteins in the intestinal mucus layer","B. thetaiotaomicron glycoside hydrolase mucin degradation",glycoside hydrolase mucin degradation,mucus layer / epithelial barrier,acute,Bacteroides thetaiotaomicron,species,exacerbating,murine,Hayase 2022
Paredes_2026,PAR_081,6,body,"Oral supplementation of xylose improved GVHD-related survival and prevented thinning of the colonic mucus layer, suggesting that xylose suppresses the mucus-degrading behaviour of B. thetaiotaomicron","xylose suppresses B. thetaiotaomicron mucin degradation",,colonic mucus / survival,,Bacteroides thetaiotaomicron,species,protective,murine,Hayase 2022
Paredes_2026,PAR_082,6,body,"the introduction of B. ovatus reduced GVHD-related mortality... this beneficial effect was also only observed when B. ovatus was able to degrade xylose-containing polysaccharides and produce xylose","B. ovatus produces xylose to reduce GVHD",xylose production from polysaccharide,colonic mucus,,Bacteroides ovatus,species,protective,murine,Hayase 2024
Paredes_2026,PAR_083,7,figure 3,"dietary fibre supports the growth of microbial taxa such as Blautia, Clostridium and Faecalibacterium, which ferment fibre into short-chain fatty acids (SCFAs) including butyrate, propionate and succinate","fiber-fermenting SCFA producers",fiber fermentation to SCFA (butyrate, propionate, succinate),,,Blautia,genus,protective,unspecified,
Paredes_2026,PAR_084,7,figure 3,"dietary fibre supports the growth of microbial taxa such as Blautia, Clostridium and Faecalibacterium, which ferment fibre into short-chain fatty acids (SCFAs) including butyrate, propionate and succinate","fiber-fermenting SCFA producers",fiber fermentation to SCFA,,,Clostridium,genus,protective,unspecified,
Paredes_2026,PAR_085,7,figure 3,"dietary fibre supports the growth of microbial taxa such as Blautia, Clostridium and Faecalibacterium, which ferment fibre into short-chain fatty acids (SCFAs) including butyrate, propionate and succinate","fiber-fermenting SCFA producers",fiber fermentation to SCFA,,,Faecalibacterium,genus,protective,unspecified,
Paredes_2026,PAR_086,7,figure 3,"These metabolites increase the protein production of epithelial tight junctions and immune tolerance via G-protein-coupled receptor (GPCR) signalling and inhibition of histone deacetylases (HDACs)","SCFA-GPCR/HDAC inhibition tightens barrier and promotes tolerance",SCFA signaling,epithelial tight junctions / HDAC inhibition / immune tolerance,,none,community,protective,unspecified,
Paredes_2026,PAR_087,7,figure 3,"Dietary fats contribute to the generation of bile acid derivatives including ursodeoxycholic acid (UDCA), lithocholic acid (LCA), tauroursodeoxycholic acid (TUDCA) and hydroxymethylglutarate (HMG), through microbial metabolism performed by bacterial species such as Clostridium cluster XIVa and Ruminococcus","Clostridium cluster XIVa / Ruminococcus generate bile acid derivatives",bile acid metabolism,,,Clostridium cluster XIVa,functional group,protective,unspecified,
Paredes_2026,PAR_088,7,figure 3,"Dietary fats contribute to the generation of bile acid derivatives including ursodeoxycholic acid (UDCA), lithocholic acid (LCA), tauroursodeoxycholic acid (TUDCA) and hydroxymethylglutarate (HMG), through microbial metabolism performed by bacterial species such as Clostridium cluster XIVa and Ruminococcus","Clostridium cluster XIVa / Ruminococcus generate bile acid derivatives",bile acid metabolism,,,Ruminococcus,genus,protective,unspecified,
Paredes_2026,PAR_089,7,figure 3,"These metabolites activate the farnesoid X receptor (FXR) and Takeda G-protein-coupled receptor 5 (TGR5), found on epithelial cells, immune cells (such as macrophages) and enteric neurons. Activation of these receptors modulates epithelial responses by enhancing barrier integrity, stimulating antimicrobial peptide secretion and regulating bile acid transport","bile acid-FXR/TGR5 signaling enhances barrier",bile acid signaling,FXR / TGR5 / epithelial barrier / antimicrobial peptide secretion,,none,community,protective,unspecified,Bunnett 2014; Parks 2015
Paredes_2026,PAR_090,7,figure 3,"TGR5 signalling limits inflammation through suppression of pro-inflammatory cytokine production and maintenance of mucosal homeostasis","TGR5 limits inflammation",bile acid signaling,TGR5 / pro-inflammatory cytokines,,none,community,protective,unspecified,Bunnett 2014
Paredes_2026,PAR_091,7,figure 3,"Amino acids, particularly tryptophan, are metabolized by bacteria such as Bacteroides, Lactobacillus reuteri and Eubacterium into indole derivatives (for example, indole-3-propionic acid (IPA)) and aryl hydrocarbon receptor (AhR) ligands","tryptophan metabolized to indole/AhR ligands",tryptophan metabolism to indole derivatives,AhR ligands,,Bacteroides,genus,protective,unspecified,
Paredes_2026,PAR_092,7,figure 3,"Amino acids, particularly tryptophan, are metabolized by bacteria such as Bacteroides, Lactobacillus reuteri and Eubacterium into indole derivatives (for example, indole-3-propionic acid (IPA)) and aryl hydrocarbon receptor (AhR) ligands","tryptophan metabolized to indole/AhR ligands",tryptophan metabolism to indole derivatives,AhR ligands,,Lactobacillus reuteri,species,protective,unspecified,
Paredes_2026,PAR_093,7,figure 3,"Amino acids, particularly tryptophan, are metabolized by bacteria such as Bacteroides, Lactobacillus reuteri and Eubacterium into indole derivatives (for example, indole-3-propionic acid (IPA)) and aryl hydrocarbon receptor (AhR) ligands","tryptophan metabolized to indole/AhR ligands",tryptophan metabolism to indole derivatives,AhR ligands,,Eubacterium,genus,protective,unspecified,
Paredes_2026,PAR_094,7,figure 3,"These metabolites regulate the balance between T helper 17 cells (TH17 cells) and regulatory T cells (Treg cells) and enhance gut barrier function through activation of receptors including AhR, GPR35, hydroxycarboxylic acid receptor 2 (HCA2; also known as GPR109A) and pregnane X receptor (PXR)","indole/AhR axis balances Th17/Treg and gut barrier",tryptophan/indole metabolites,AhR / GPR35 / HCA2 / PXR / Th17-Treg balance,,none,community,protective,unspecified,
Paredes_2026,PAR_095,7,figure 3,"Group 3 innate lymphoid cells (ILC3s), which reside in the gut mucosa, are activated by microbial metabolites, and contribute to epithelial barrier repair and immune regulation by producing cytokines such as interleukin-22 (IL-22), which has a key role in barrier protection by inducing epithelial cell proliferation, stimulating goblet cells to secrete mucins and upregulating antimicrobial peptide expression","microbial-metabolite ILC3 IL-22 induction",,ILC3 / IL-22 / epithelial proliferation / mucin / antimicrobial peptides,,none,community,protective,unspecified,Parks 2015
Paredes_2026,PAR_096,7,figure 3,"In GVHD, dysbiosis and impaired microbial metabolism result in reduced production of these protective metabolites, contributing to epithelial cell damage and immune dysregulation. Pro-inflammatory cytokines such as tumour necrosis factor (TNF), IL-1β and IL-6 are upregulated, perpetuating tissue injury","dysbiosis reduces protective metabolites and increases pro-inflammatory cytokines",,TNF / IL-1β / IL-6,,none,community,exacerbating,unspecified,
Paredes_2026,PAR_097,7,body,"a reported positive association between exposure to the carbapenem imipenem–cilastatin and increased GVHD severity and expansion of the mucus-degrading bacterial species A. muciniphila as demonstrated in a mouse model of allo-HCT","imipenem-cilastatin expands A. muciniphila and worsens GVHD",,,,Akkermansia muciniphila,species,exacerbating,murine,Shono 2016
Paredes_2026,PAR_098,7,body,"A study by Seike et al. suggests that dysbiosis is a consequence rather than a cause of GVHD. These investigators found no pathogenic effects of allo-HCT-induced dysbiosis in naive mice","Seike: dysbiosis is consequence not cause",,,,none,community,context-dependent,murine,Seike 2023
Paredes_2026,PAR_099,8,body,"The gut is normally a hypoxic environment, and intestinal epithelial cells (IECs) rely on microbial metabolites, such as SCFAs, as their main energy source for oxidative phosphorylation (OXPHOS)","SCFAs fuel IEC oxidative phosphorylation and maintain gut hypoxia",SCFA / OXPHOS,IEC energy metabolism / gut hypoxia,,none,community,protective,unspecified,Donohoe 2011
Paredes_2026,PAR_100,8,body,"allogenic T cells can disrupt OXPHOS in IECs, reducing physiological hypoxia in the intestinal lumen and, in turn, suppressing obligate anaerobes while promoting facultative anaerobes","alloreactive T cells disrupt OXPHOS, raise luminal O2, shift anaerobes to facultative anaerobes",,IEC OXPHOS / luminal oxygen / obligate vs facultative anaerobes,,none,community,exacerbating,murine,Fujiwara 2021; Seike 2023
Paredes_2026,PAR_101,8,body,"oral chelation of iron reduced intestinal ambient oxygen levels, alleviated dysbiosis and decreased the severity of gastrointestinal GVHD, but did not alter donor T cell immune responses","oral iron chelation lowers luminal oxygen and attenuates GI GVHD",iron chelation / ambient oxygen,gastrointestinal GVHD,,none,community,protective,murine,Seike 2023
Paredes_2026,PAR_102,8,body,"Intestinal oxygen levels also impacted GVHD severity via direct effects on IECs by disrupting hypoxia-inducible factor 1α (HIF1α) signalling, which crucially regulates intestinal homeostasis under low oxygen conditions","luminal oxygen alters IEC HIF1α signaling",HIF1α signaling,IEC homeostasis,,none,community,context-dependent,murine,Seike 2023; Kelly 2015
Paredes_2026,PAR_103,8,body,"IEC-specific Hif1a-knockout mice showed greater GVHD severity and mortality than their wild-type counterparts, despite being co-housed together to harmonize their microbiomes","IEC Hif1a is required to limit GVHD severity",HIF1α,IEC / GVHD severity,,none,community,protective,murine,Seike 2023
Paredes_2026,PAR_104,8,body,"IEC-derived MHC class II supports gut immune homeostasis by increasing levels of microbial-bound immunoglobulin A, maintaining regulatory T cell (Treg cell) populations and shaping gut microbiota composition","IEC MHC class II supports IgA, Tregs and microbiota composition",MHC class II antigen presentation,IEC / IgA / Tregs,,none,community,protective,murine,Stephens 2021
Paredes_2026,PAR_105,8,body,"intestinal mononuclear phagocytes can acquire MHC class II molecules from IECs, suggesting that myeloid–epithelial interactions shape the adaptive immune response in the gut","IEC-to-phagocyte MHC class II transfer shapes gut adaptive immunity",MHC class II transfer,intestinal mononuclear phagocytes / adaptive immunity,,none,community,context-dependent,murine,Stephens 2021
Paredes_2026,PAR_106,8,body,"germ-free mice and mice treated with broad-spectrum antibiotics exhibit reduced MHC class II expression and linked dysbiosis during allo-HCT with increased MHC class II expression on IECs, as well as increased donor CD4+ T cell expansion","microbiota drives ileal MHC class II expression and CD4+ T cell expansion",,ileal IEC MHC class II / donor CD4+ T cells,,none,community,exacerbating,murine,Koyama 2019
Paredes_2026,PAR_107,8,body,"mice with IEC-specific deletion of MHC class II had significantly reduced GVHD-related mortality and T cell expansion in the gut, demonstrating that MHCII+ IECs can induce CD4+-dependent lethal GVHD","IEC MHC class II drives CD4+-dependent lethal GVHD",MHC class II antigen presentation,IEC / CD4+ T cells / GVHD lethality,,none,community,exacerbating,murine,Koyama 2019
Paredes_2026,PAR_108,8,body,"genetically identical mice from different vendors (harbouring different microbiota) had different expression levels of MHC class II in the ileum, which were positively correlated with CD4+ T cell-mediated GVHD severity when respective mice served as recipients in preclinical models of allo-HCT","vendor microbiota determines ileal MHC class II and GVHD severity",,ileal MHC class II / CD4+ T cell GVHD,,none,community,exacerbating,murine,Koyama 2023
Paredes_2026,PAR_109,8,body,"mice receiving an oral antibiotic treatment to specifically abrogate MHC class II-inducing bacteria prior to allo-HCT had attenuated GVHD severity","targeted depletion of MHC class II-inducing bacteria attenuates GVHD",,MHC class II / GVHD severity,,none,community,protective,murine,Koyama 2023
Paredes_2026,PAR_110,8,body,"Koyama et al. reported a similar relationship between gut microbiome composition, human leukocyte antigen (HLA) class II expression and GVHD in a cohort of patients undergoing allo-HCT","microbiome composition linked to HLA class II expression and GVHD in patients",,HLA class II / GVHD,,none,community,context-dependent,clinical cohort,Koyama 2023
Paredes_2026,PAR_111,8,body,"recipient microbiota dictate donor T cell expansion and its role in GVHD severity. Using Bayesian modelling to analyse T cell receptor (TCR) clonality across genetically identical donor–recipient pairs, they identified a subset of donor CD4+ T cell clonotypes that underwent differential expansion despite identical recipient genetics","recipient microbiota dictates donor CD4+ T clonal expansion",,donor CD4+ T cells / TCR clonality,,none,community,exacerbating,murine,Yeh 2024
Paredes_2026,PAR_112,8,body,"microbiota-specific donor T cells exacerbated GVHD severity when recognizing microbial antigens presented by the gastrointestinal epithelium","microbiota-specific donor T cells exacerbate GVHD via GI antigen presentation",microbial antigen presentation,donor T cells / GI epithelium,,none,community,exacerbating,murine,Yeh 2024
Paredes_2026,PAR_113,8,body,"transgenic donor T cells specific for known microbial antigens, including segmented filamentous bacteria and flagellin-expressing commensals. These T cells expanded preferentially in recipients harbouring the cognate microorganisms and augmented GVHD-mediated lethality when co-transplanted with alloreactive T cells","SFB-specific donor T cells expand in SFB-colonized recipients and worsen GVHD",microbial antigen presentation,donor T cells / GVHD lethality,segmented filamentous bacteria,functional group,exacerbating,murine,Yeh 2024
Paredes_2026,PAR_114,8,body,"transgenic donor T cells specific for known microbial antigens, including segmented filamentous bacteria and flagellin-expressing commensals. These T cells expanded preferentially in recipients harbouring the cognate microorganisms and augmented GVHD-mediated lethality when co-transplanted with alloreactive T cells","flagellin-expressing commensals drive microbe-specific donor T cell expansion worsening GVHD",flagellin antigen presentation,donor T cells / GVHD lethality,flagellin-expressing commensals,functional group,exacerbating,murine,Yeh 2024
Paredes_2026,PAR_115,8,body,"microbial antigen presentation by gut epithelial cells is MHC class II-dependent, further implicating the microbiota in driving pathogenic T cell expansion","microbial antigen presentation by IEC is MHC class II-dependent",MHC class II antigen presentation,IEC / donor T cell expansion,,none,community,exacerbating,murine,Yeh 2024
Paredes_2026,PAR_116,8,body,"the severity of aGVHD and exposure to antibiotics with subsequent dysbiosis were positively associated with clonal enrichment of activated CD8+ T cells and a relative reduction of Treg cells in the gastrointestinal tract","aGVHD severity and antibiotics associate with CD8+ clonal enrichment and Treg reduction",,gastrointestinal CD8+ T cells / Tregs,,none,community,exacerbating,clinical cohort,Jarosch 2023
Paredes_2026,PAR_117,8,body,"this study identified a reduced functionality phenotype in gut-infiltrating Treg cells from patients exposed to antibiotics","antibiotic exposure reduces gut Treg functionality",,gut-infiltrating Tregs,,none,community,exacerbating,clinical cohort,Jarosch 2023
Paredes_2026,PAR_118,8,body,"SCFA-producing bacterial taxa, including F. prausnitzii, were associated with increased numbers of Treg cells, and these functional Treg cells were able to reduce the clonal expansion of CD8+ T cells that are likely to drive GVHD","F. prausnitzii associated with increased functional gut Tregs",SCFA production,gastrointestinal Tregs / CD8+ T cells,Faecalibacterium prausnitzii,species,protective,clinical cohort,Jarosch 2023
Paredes_2026,PAR_119,8,body,"one clinical case of steroid-refractory gastrointestinal GVHD with complete response to faecal microbiota transplantation (FMT). Treg cell infiltration into the gastrointestinal tract of this patient increased after FMT, potentially indicating increased interactions between Treg cells and CD8+ T cells","FMT in steroid-refractory GI GVHD boosts gut Treg infiltration",,gastrointestinal Tregs / FMT,,none,community,protective,clinical case report,Jarosch 2023
Paredes_2026,PAR_120,9,body,"ileal neutrophil infiltration post allo-HCT is microbiota-dependent and contributes to GVHD severity through the production of reactive oxygen species (ROS) and T cell activation, with germ-free conditions or neutrophil depletion significantly reducing disease severity","microbiota-driven ileal neutrophils generate ROS and expand T cells, worsening GVHD",ROS production,ileal neutrophils / T cells,,none,community,exacerbating,murine,Schwab 2014
Paredes_2026,PAR_121,9,body,"A second study traced neutrophils from the ileum to mesenteric lymph nodes, where they presented antigen via MHC class II and promoted T cell expansion. This process likely relied on bacterial translocation after allo-HCT, as antibiotic pretreatment of mice reduced the bacterial load in the ileum and abrogated neutrophil migration","ileal neutrophils traffic to MLN and present MHC class II antigen after bacterial translocation",MHC class II antigen presentation,ileal neutrophils / mesenteric lymph nodes / T cells,,none,community,exacerbating,murine,Hülsdünker 2018
Paredes_2026,PAR_122,9,body,"administration of human β-defensin 2, an endogenous, epithelial cell-derived peptide with antimicrobial qualities, reduced neutrophil infiltration into the ileum and local T cell activation by modulating the microbiota and dampening TCR signalling, resulting in reduced GVHD severity and mortality","β-defensin 2 modulates microbiota to reduce ileal neutrophils and GVHD",antimicrobial peptide (β-defensin 2),ileal neutrophils / TCR signaling,,none,community,protective,murine,Rückert 2022
Paredes_2026,PAR_123,9,body,"distinct gut enterotypes and their associated metabolomes correlated with T cell exhaustion and relapse risk","gut enterotypes correlate with T cell exhaustion and relapse",,peripheral T cells / relapse risk,,none,community,context-dependent,clinical cohort,Vallet 2023
Paredes_2026,PAR_124,9,body,"B. fragilis and related phylotypes were positively associated with relapse and an increase in the numbers of exhausted peripheral T cells, suggesting impaired anti-tumour immunity","B. fragilis associated with relapse and exhausted peripheral T cells",,peripheral T cell exhaustion / relapse,Bacteroides fragilis,species,exacerbating,clinical cohort,Vallet 2023
Paredes_2026,PAR_125,9,body,"Patients with an Enterococcus-dominant enterotype that associated with higher relapse risk showed increased primary bile acid metabolism, suggesting impaired metabolic functioning","Enterococcus-dominant enterotype linked to higher relapse risk and primary bile acid metabolism",primary bile acid metabolism,relapse risk,Enterococcus,genus,exacerbating,clinical cohort,Vallet 2023
Paredes_2026,PAR_126,9,body,"the gut virome in these processes, as bacteriophages co-occurred with enterotypes associated with T cell exhaustion","bacteriophages co-occur with enterotypes linked to T cell exhaustion",,peripheral T cell exhaustion,bacteriophages,functional group,context-dependent,clinical cohort,Vallet 2023
Paredes_2026,PAR_127,9,body,"SCFAs, the primary metabolic products of dietary fibre fermentation by gut bacteria, are a crucial energy source for colonic epithelial cells (colonocytes), for which butyrate oxidation in particular provides up to 70% of the energy needs in maintaining a healthy gut barrier","butyrate oxidation fuels colonocyte energy and barrier integrity",SCFA (butyrate) production,colonocytes / gut barrier,,none,community,protective,unspecified,Peng 2009
Paredes_2026,PAR_128,9,body,"SCFAs enhance the production of protective mucus by stimulating goblet cells in the intestinal epithelium to increase mucin gene expression and, consequently, synthesis and secretion of mucus; and also upregulate tight junction proteins, strengthening the barrier against pathogens","SCFAs stimulate mucin production and tight junctions",SCFA production,goblet cells / mucin / tight junctions,,none,community,protective,unspecified,Rooks 2016; Chelakkot 2018
Paredes_2026,PAR_129,9,body,"SCFAs modulate immune cell function by promoting anti-inflammatory properties, such as by inhibiting histone deacetylases (HDACs) in Treg cells to promote their differentiation and thereby suppress excessive immune responses","SCFAs induce Treg differentiation via HDAC inhibition",SCFA / HDAC inhibition,Tregs,,none,community,protective,unspecified,Du 2024; Kim 2021
Paredes_2026,PAR_130,9,body,"The role of butyrate in GVHD has been validated in preclinical models, in which its administration mitigates both aGVHD and cGVHD","butyrate administration mitigates aGVHD and cGVHD",SCFA (butyrate),aGVHD / cGVHD,,none,community,protective,murine,Markey 2020
Paredes_2026,PAR_131,9,body,"Golob et al. found that higher levels of butyrogenic bacteria post GVHD were associated with steroid refractoriness","higher butyrogenic bacteria post-GVHD linked to steroid refractoriness",SCFA (butyrate) production,steroid refractoriness,butyrogenic bacteria,functional group,exacerbating,clinical cohort,Golob 2019
Paredes_2026,PAR_132,9,body,"loss of microbial diversity, and not just butyrogenic bacteria, is associated with GVHD severity and outcomes","loss of microbial diversity associated with GVHD severity",,GVHD severity,,none,community,exacerbating,clinical cohort,Peled 2020
Paredes_2026,PAR_133,9,body,"Metabolites derived from amino acids, including indoles such as indole-3-aldehyde (I3A), also promote intestinal barrier function and prevent epithelial damage","indoles including I3A promote intestinal barrier function",tryptophan/indole metabolism,intestinal barrier / epithelial cells,,none,community,protective,unspecified,Scott 2020
Paredes_2026,PAR_134,9,body,"Indoles are derived from tryptophan catabolism performed by the gut microbiota and can modulate immune responses by influencing the balance of the secretion between pro-inflammatory and anti-inflammatory cytokines, as well as preventing secondary infections by promoting epithelial homeostasis and barrier integrity and, therefore, preventing bacterial translocation from the large intestine","microbial tryptophan catabolism to indoles modulates cytokines and barrier",tryptophan catabolism,epithelial homeostasis / cytokine balance,,none,community,protective,unspecified,Scott 2020
Paredes_2026,PAR_135,9,body,"many indole derivatives, including I3A, engage the aryl hydrocarbon receptor (AhR) in innate lymphoid cells and other immune cells, which in turn activates the transcription of interleukin-22 (IL-22). IL-22 then promotes the production of antimicrobial peptides and the repair of damaged epithelial cells, suppressing the excessive immune responses characteristic of GVHD to prevent tissue damage","I3A/AhR axis induces IL-22, antimicrobial peptides and epithelial repair",indole-AhR signaling,ILCs / IL-22 / epithelial repair,,none,community,protective,unspecified,Zelante 2013
Paredes_2026,PAR_136,9,body,"Studies in patients with ulcerative colitis have found significantly reduced levels of the SBAs lithocholic acid (LCA) and deoxycholic acid (DCA), which in turn are also associated with decreased levels of Ruminococcaceae, a family of bacteria known to produce SBAs","Ruminococcaceae depletion associates with reduced LCA/DCA in UC",SBA (LCA, DCA) production,secondary bile acid pool,Ruminococcaceae,family,protective,clinical cohort,Sinha 2020
Paredes_2026,PAR_137,9,body,"SBAs activate the bile acid receptor Takeda G-protein-coupled receptor 5 (TGR5; also known as GPBAR1), leading to the suppression of pro-inflammatory cytokines and chemokines and contributing to an anti-inflammatory environment in the gut","SBAs activate TGR5 to suppress gut pro-inflammatory cytokines",SBA/TGR5 signaling,gut cytokine environment,,none,community,protective,unspecified,Cipriani 2011
Paredes_2026,PAR_138,9,body,"in vitro studies have found that SBAs can suppress pro-inflammatory cytokine production from human peripheral blood-derived macrophages","SBAs suppress macrophage pro-inflammatory cytokines",SBA signaling,macrophages,,none,community,protective,in vitro (human macrophages),Sinha 2020
Paredes_2026,PAR_139,9,body,"LCA specifically has been shown to impair T helper 1 cell (TH1 cell) activation, reducing their secretion of the pro-inflammatory cytokines tumour necrosis factor (TNF) and interferon-γ (IFNγ)","LCA impairs Th1 activation and TNF/IFNγ secretion",SBA (LCA) signaling,Th1 cells / TNF / IFNγ,,none,community,protective,in vitro (human macrophages),Sinha 2020
Paredes_2026,PAR_140,9,body,"ursodeoxycholic acid (UDCA), another SBA derived from microbial metabolism that activates the TGR5 receptor, has demonstrated the capacity to regulate the pro-inflammatory responses of antigen-presenting cells and, in doing so, contribute to intestinal health and homeostasis","UDCA/TGR5 regulates antigen-presenting cell inflammation",SBA (UDCA)/TGR5,antigen-presenting cells,,none,community,protective,unspecified,Fathima 2024
Paredes_2026,PAR_141,9,body,"TGR5 signalling can inhibit nuclear factor-κB (NF-κB) activation through the cAMP–protein kinase A (PKA) pathway","TGR5 inhibits NF-κB via cAMP-PKA",TGR5/cAMP/PKA signaling,NF-κB,,none,community,protective,unspecified,Holter 2020
Paredes_2026,PAR_142,10,body,"UDCA markedly decreased the production and release of pro-inflammatory cytokines, including TNF, IL-6, IL-12 and IL-1β by lipopolysaccharide (LPS)-stimulated macrophages","UDCA decreases LPS-induced macrophage TNF/IL-6/IL-12/IL-1β",SBA (UDCA) signaling,macrophages / TNF / IL-6 / IL-12 / IL-1β,,none,community,protective,in vitro (LPS-stimulated macrophages),Fathima 2024
Paredes_2026,PAR_143,10,body,"UDCA can also interact with the farnesoid X receptor (FXR), which is implicated in cholestatic diseases","UDCA interacts with FXR",SBA (UDCA)/FXR signaling,FXR,,none,community,context-dependent,unspecified,Mueller 2015
Paredes_2026,PAR_144,10,body,"Some studies suggest that UDCA acts as an antagonist to FXR activation, whereas others have reported UDCA as an agonist","UDCA has conflicting FXR agonist/antagonist activity",SBA (UDCA)/FXR signaling,FXR,,none,community,context-dependent,unspecified,Prayitno 2023; Brevini 2023
Paredes_2026,PAR_145,10,body,"They developed the IMM risk index, based on levels of five microbial metabolites positively associated with outcome or of biological relevance for overall survival, severe GVHD, treatment-related mortality and disease relapse. Low versus high IMM risk index scores indicate high or depleted IMM levels and are associated with lower versus higher rates of GVHD-related complications","IMM risk index of five microbial metabolites predicts GVHD outcomes",immunomodulatory metabolite production,overall survival / GVHD / TRM / relapse,,none,community,protective,clinical cohort,Thiele 2024
Paredes_2026,PAR_146,10,body,"Butyrate biosynthesis pathways were enriched in patients with a low IMM risk index, in particular the butyryl-coenzyme A (CoA):acetate CoA transferase (BCoAT) pathway, which has a central role in SCFA production by gut microbiota","BCoAT butyrate biosynthesis pathway enriched in low-IMM-risk patients",butyrate biosynthesis (BCoAT),immunomodulatory metabolites,,none,community,protective,clinical cohort,Thiele 2024
Paredes_2026,PAR_147,10,body,"Bacteriophages encoding genes for butyrate production were also identified, suggesting that the gut virome may contribute to beneficial metabolite synthesis by introducing genetic pathways associated with SCFA generation to microorganisms through transduction","bacteriophage-encoded butyrate biosynthesis contributes to SCFA pool",butyrate biosynthesis,SCFA pool,bacteriophages,functional group,protective,clinical cohort,Thiele 2024
Paredes_2026,PAR_148,10,body,"patients who had received broad-spectrum antibiotics during allo-HCT exhibited disruptions in bacterial and viral communities and decreased levels of SCFAs","broad-spectrum antibiotics disrupt bacteria and virome and reduce SCFAs",,SCFA pool,,none,community,exacerbating,clinical cohort,Thiele 2024
Paredes_2026,PAR_149,10,body,"low levels of intestinal SCFAs have been linked to severe aGVHD","low intestinal SCFAs linked to severe aGVHD",SCFA production,aGVHD severity,,none,community,exacerbating,clinical cohort,Payen 2020
Paredes_2026,PAR_150,10,body,"tryptophan-derived metabolites, indoles, were higher in recipients without GVHD compared with those with GVHD, and these differences were especially evident at the onset of GVHD","indoles higher in GVHD-free recipients at onset",tryptophan/indole metabolism,GVHD onset,,none,community,protective,clinical cohort,Michonneau 2019
Paredes_2026,PAR_151,10,body,"allo-HCT disrupted bile acid metabolism, reducing the intestinal pool of bile acids and increasing the expression of FXR while decreasing the expression of TGR5 in the IECs, both of which, as mentioned above, are crucial for epithelial homeostasis and immune function","allo-HCT shrinks bile acid pool, raises IEC FXR and lowers TGR5",bile acid metabolism,IEC FXR / TGR5 / epithelial homeostasis,,none,community,exacerbating,murine,Haring 2021
Paredes_2026,PAR_152,10,body,"They identified tauroursodeoxycholic acid (TUDCA) as the most potent bile acid metabolite and demonstrated in vitro that it protected IECs from TNF-induced and IFNγ-induced apoptosis","TUDCA protects IECs from TNF/IFNγ-induced apoptosis",SBA (TUDCA) signaling,IEC apoptosis,,none,community,protective,in vitro (IEC),Haring 2021
Paredes_2026,PAR_153,10,body,"In preclinical models of allo-HCT, mice treated with TUDCA had improved survival, lower histopathological GVHD scores in various target organs and lower serum cytokine levels. TUDCA also modulated antigen presentation by IECs by downregulating MHC class II expression","TUDCA improves GVHD survival and downregulates IEC MHC class II",SBA (TUDCA) signaling,IEC MHC class II / GVHD severity,,none,community,protective,murine,Haring 2021
Paredes_2026,PAR_154,10,body,"TUDCA preserved graft-versus-leukaemia activity, as donor cytotoxic T lymphocytes maintained their ability to eliminate leukaemic cells","TUDCA preserves graft-versus-leukemia activity",SBA (TUDCA) signaling,donor cytotoxic T lymphocytes / graft-versus-leukemia,,none,community,protective,murine,Haring 2021
Paredes_2026,PAR_155,10,body,"TUDCA did not significantly alter gut microbiota composition or diversity, indicating that the observed effects were independent of the gut bacteria and could instead be the result of a direct interaction with the epithelium","TUDCA effects are independent of microbiota composition",SBA (TUDCA) signaling,gut epithelium,,none,community,context-dependent,murine,Haring 2021
Paredes_2026,PAR_156,10,body,"mice exhibiting GVHD had significantly reduced abundance of the gene encoding microbial bile salt hydrolase (BSH), the protein product of which helps transform primary bile acids into secondary ones","GVHD reduces microbial BSH gene abundance and SBA production",bile salt hydrolase (BSH) / SBA production,secondary bile acid pool,,none,community,exacerbating,murine,Lindner 2024
Paredes_2026,PAR_157,10,body,"Metagenomic analysis of faecal samples from patients with GVHD revealed a loss of key bacterial taxa responsible for bile acid metabolism","GVHD patients lose bile-acid-metabolizing taxa",bile acid metabolism,secondary bile acid pool,,none,community,exacerbating,clinical cohort,Lindner 2024
Paredes_2026,PAR_158,10,body,"functional metagenomic analysis confirmed the downregulation of the gene encoding BSH, and uncovered the downregulation of genes such as baiA, baiB, baiCD and baiE, which catalyse 7α-dehydroxylation, another key reaction in SBA production","downregulation of BSH and bai genes reduces SBA production in GVHD",BSH / 7α-dehydroxylation (bai operon),secondary bile acid pool,,none,community,exacerbating,clinical cohort,Lindner 2024
Paredes_2026,PAR_159,10,body,"the host-derived primary bile acid chenodeoxycholic acid (CDCA) induced strong FXR signalling, whereas various microorganism-derived SBAs lowered CDCA-induced FXR activation, suggesting that microbial bile acid metabolism impacts FXR activation","microbial SBAs attenuate CDCA-induced FXR signaling",SBA/FXR signaling,FXR,,none,community,protective,in vitro (FXR reporter),Lindner 2024
Paredes_2026,PAR_160,10,body,"T cell-specific FXR ablation reduced GVHD histopathology scores in the large intestine and liver, but not in other organs, suggesting that FXR signalling may modulate allogenic T cell functions in organs exposed to microorganism-derived bile acids","T cell FXR ablation reduces GI and liver GVHD",FXR signaling,donor T cells / large intestine / liver,,none,community,protective,murine,Lindner 2024
Paredes_2026,PAR_161,10,body,"in mice with GVHD, pharmacological activation of FXR led to increased mortality, whereas genetic ablation of FXR in donor T cells decreased mortality","FXR activation worsens and FXR ablation improves GVHD mortality",FXR signaling,donor T cells / GVHD mortality,,none,community,exacerbating,murine,Lindner 2024
Paredes_2026,PAR_162,10,body,"Lindner et al. also revealed associations between the purported FXR antagonist UDCA and both reduced T cell proliferation and lower risk of GVHD-related mortality in patients","UDCA associates with reduced T cell proliferation and lower GVHD-related mortality",SBA (UDCA)/FXR signaling,T cell proliferation / GVHD mortality,,none,community,protective,clinical cohort,Lindner 2024
Paredes_2026,PAR_163,10,body,"replenishing bacterial strains capable of bile acid metabolism, such as Clostridium cluster XIVa and Ruminococcus species, or supplementation with specific SBAs such as UDCA","Clostridium XIVa restoration is a candidate strategy to restore SBA metabolism",bile acid metabolism,SBA pool,Clostridium cluster XIVa,functional group,protective,unspecified,Lindner 2024
Paredes_2026,PAR_164,10,body,"replenishing bacterial strains capable of bile acid metabolism, such as Clostridium cluster XIVa and Ruminococcus species, or supplementation with specific SBAs such as UDCA","Ruminococcus restoration is a candidate strategy to restore SBA metabolism",bile acid metabolism,SBA pool,Ruminococcus,genus,protective,unspecified,Lindner 2024
Paredes_2026,PAR_165,10,body,"supplementation with UDCA in patients with GVHD restored bile acid balance and limited T cell-driven inflammation, in part, by inhibiting FXR activation via its antagonistic activity","UDCA supplementation restores bile acid balance and limits T cell inflammation via FXR antagonism",SBA (UDCA)/FXR signaling,bile acid balance / T cell inflammation,,none,community,protective,clinical cohort,Lindner 2024
Paredes_2026,PAR_166,11,body,"in the GVHD group, a dysregulated IL-1-mediated immune response was identified, characterized by increased expression of IL-1β, IL-1 receptor type 1 (IL-1R1) and IL-1 receptor accessory protein (IL-1RAP), and decreased expression of IL-1 receptor antagonist protein (IL-1RN; the natural inhibitor of IL-1 signalling) by several immune cell subsets","dysregulated IL-1 signaling in GVHD immune cells",,IL-1β / IL-1R1 / IL-1RAP / IL-1RN,,none,community,exacerbating,clinical cohort,Han 2024
Paredes_2026,PAR_167,11,body,"microbial compounds are known drivers of IL-1 production","microbial compounds drive IL-1 production",microbial PAMP signaling,IL-1,,none,community,exacerbating,unspecified,Kovtonyuk 2022
Paredes_2026,PAR_168,11,body,"patients without GVHD exhibited an upregulation of antimicrobial peptides, such as resistin and defensins on immune effector cells, suggesting antimicrobial efficiency that may have a role in mitigating disease severity","antimicrobial peptides (resistin, defensins) upregulated in GVHD-free patients",antimicrobial peptide production,immune effector cells / disease severity,,none,community,protective,clinical cohort,Han 2024
Paredes_2026,PAR_169,11,body,"significant changes in the gut microbial composition between patients with and without aGVHD, including a reduced abundance of Bacteroides, key bacterial producers of SBAs, in the GVHD group","Bacteroides depletion in aGVHD impairs SBA production",SBA production,secondary bile acid pool,Bacteroides,genus,protective,clinical cohort,Han 2024
Paredes_2026,PAR_170,11,body,"several Clostridia-affiliated taxa enriched in the non-GVHD group","Clostridia taxa enriched in GVHD-free patients",,,Clostridia,class,protective,clinical cohort,Han 2024
Paredes_2026,PAR_171,11,body,"those patients with aGVHD had disrupted bile acid metabolism and reduced levels of SBAs including isochenodeoxycholic acid (isoCDCA), 6-keto-lithocholic acid (6-keto-LCA) and 3-oxocholic acid (3-oxo-CA). In patients without GVHD, these bile acids were positively associated with several enriched Clostridia taxa","Clostridia-linked SBAs (isoCDCA, 6-keto-LCA, 3-oxo-CA) reduced in aGVHD",SBA production (isoCDCA, 6-keto-LCA, 3-oxo-CA),secondary bile acid pool,Clostridia,class,protective,clinical cohort,Han 2024
Paredes_2026,PAR_172,11,body,"there is a bidirectional relationship between dysbiosis of the gut microbiota and aGVHD onset when tissue injury and immune activation are amplified in a cycle in which GVHD and dysbiosis reinforce one another","dysbiosis and aGVHD reinforce each other bidirectionally",,,,none,community,exacerbating,unspecified,Thiele 2024; Seike 2023; Han 2024
Paredes_2026,PAR_173,11,body,"higher intestinal diversity was associated with a significantly reduced risk of GVHD-related mortality (hazard ratio 0.49; 95% confidence interval 0.26–0.90) over a 24-month follow-up period","higher intestinal diversity associated with ~halved GVHD-related mortality",,GVHD-related mortality,,none,community,protective,clinical cohort,Peled 2020
Paredes_2026,PAR_174,11,body,"the eradication of intestinal microorganisms can lessen aGVHD severity","gut decontamination lessens aGVHD severity",,aGVHD severity,,none,community,protective,murine,Jones 1971; Bekkum 1974; Storb 1983
Paredes_2026,PAR_175,11,body,"more recent clinical trials showed no clear advantage, although they were potentially confounded by a lack of treatment standardization across centres, and the most recent randomized phase II trial found no impact on GVHD-related outcomes","modern gut-decontamination trials show no clear GVHD advantage",,aGVHD outcomes,,none,community,context-dependent,clinical trial,Beelen 1999; Beelen 1992; Vossen 1990; Severyn 2022
Paredes_2026,PAR_176,11,body,"broad-spectrum antibiotic exposure in patients receiving allo-HCT is associated with severe perturbations of the gut microbiome and higher incidences and severity of GVHD","broad-spectrum antibiotic exposure associates with worse GVHD",,GVHD incidence / severity,,none,community,exacerbating,clinical cohort,Shono 2016; Weber 2017; Hidaka 2018; Lee 2019; Farowski 2018; Han 2019; Weber 2018
Paredes_2026,PAR_177,11,body,"antibiotic stewardship via evidence-based use of narrow-spectrum antibiotics, ideally for a short duration of time, is prudent to spare beneficial anaerobic bacteria (for example, Blautia spp.)","narrow-spectrum antibiotics spare Blautia and other beneficial anaerobes",,beneficial anaerobes,Blautia,genus,protective,clinical cohort,Shono 2016; Weber 2018
Paredes_2026,PAR_178,11,body,"evidence against the use of carbapenems in the first 2 weeks following allo-HCT, which has been associated with higher aGVHD rates in a large retrospective study","early carbapenem exposure associated with higher aGVHD rates",,aGVHD incidence,,none,community,exacerbating,clinical cohort,Tanaka 2020
Paredes_2026,PAR_179,11,body,"oral administration of either polymer-coated activated charcoal (allowing for its liberation in the ileum and the inactivation of antibiotics in the colon) or β-lactamases, which degrade excess antibiotics, can prevent dysbiosis","oral charcoal or β-lactamase sequesters/degrades colonic antibiotics to prevent dysbiosis",antibiotic sequestration / degradation,gut microbiome,,none,community,protective,clinical trial,Rashidi 2023; Vehreschild 2022; Kokai-Kun 2019
Paredes_2026,PAR_180,11,body,"microbiome-repletion strategies could be used to reintroduce defined microbial consortia","defined microbial consortia can replete the microbiome","microbial consortium therapy",gut microbiome,,none,community,protective,unspecified,Menon 2025
Paredes_2026,PAR_181,11,body,"A systematic review and meta-analysis confirmed the superiority of enteral nutrition over parenteral nutrition in reducing the incidence of aGVHD and gastrointestinal aGVHD but found no differences in 100-day overall survival","enteral over parenteral nutrition reduces aGVHD incidence",enteral nutrition,aGVHD incidence / gastrointestinal aGVHD,,none,community,protective,systematic review,Baumgartner 2017
Paredes_2026,PAR_182,12,table 1,"SCFAs; Faecalibacterium prausnitzii, Bifidobacterium, Ruminococcus; Dietary fibre; Bind to GPCRs, such as GPR43; Anti-inflammatory effects, maintenance of gut barrier integrity","SCFA production from dietary fibre via GPCR/GPR43 signaling",SCFA production from dietary fibre,GPR43 / gut barrier / anti-inflammatory,Faecalibacterium prausnitzii,species,protective,unspecified,Thiele 2024
Paredes_2026,PAR_183,12,table 1,"SCFAs; Faecalibacterium prausnitzii, Bifidobacterium, Ruminococcus; Dietary fibre; Bind to GPCRs, such as GPR43; Anti-inflammatory effects, maintenance of gut barrier integrity","SCFA production from dietary fibre via GPCR/GPR43 signaling",SCFA production from dietary fibre,GPR43 / gut barrier / anti-inflammatory,Bifidobacterium,genus,protective,unspecified,Thiele 2024
Paredes_2026,PAR_184,12,table 1,"SCFAs; Faecalibacterium prausnitzii, Bifidobacterium, Ruminococcus; Dietary fibre; Bind to GPCRs, such as GPR43; Anti-inflammatory effects, maintenance of gut barrier integrity","SCFA production from dietary fibre via GPCR/GPR43 signaling",SCFA production from dietary fibre,GPR43 / gut barrier / anti-inflammatory,Ruminococcus,genus,protective,unspecified,Thiele 2024
Paredes_2026,PAR_185,12,table 1,"Butyrate or butyric acid; F. prausnitzii, Roseburia hominis, Eubacterium rectale; Dietary fibre, resistant starch; Stimulates mucosal healing; inhibits HDACs; Maintenance of gut barrier integrity and function, immune modulation, such as promotion of Treg cell differentiation, enhancement of microbial diversity, reduced production of pro-inflammatory cytokines, and promotion of anti-inflammatory pathways","butyrate from fibre inhibits HDACs and promotes Treg differentiation",butyrate production / HDAC inhibition,gut barrier / Tregs / pro-inflammatory cytokines,Faecalibacterium prausnitzii,species,protective,unspecified,Burgos da Silva 2022; Payen 2020
Paredes_2026,PAR_186,12,table 1,"Butyrate or butyric acid; F. prausnitzii, Roseburia hominis, Eubacterium rectale; Dietary fibre, resistant starch; Stimulates mucosal healing; inhibits HDACs; Maintenance of gut barrier integrity and function, immune modulation, such as promotion of Treg cell differentiation, enhancement of microbial diversity, reduced production of pro-inflammatory cytokines, and promotion of anti-inflammatory pathways","butyrate from fibre inhibits HDACs and promotes Treg differentiation",butyrate production / HDAC inhibition,gut barrier / Tregs / pro-inflammatory cytokines,Roseburia hominis,species,protective,unspecified,Burgos da Silva 2022; Payen 2020
Paredes_2026,PAR_187,12,table 1,"Butyrate or butyric acid; F. prausnitzii, Roseburia hominis, Eubacterium rectale; Dietary fibre, resistant starch; Stimulates mucosal healing; inhibits HDACs; Maintenance of gut barrier integrity and function, immune modulation, such as promotion of Treg cell differentiation, enhancement of microbial diversity, reduced production of pro-inflammatory cytokines, and promotion of anti-inflammatory pathways","butyrate from fibre inhibits HDACs and promotes Treg differentiation",butyrate production / HDAC inhibition,gut barrier / Tregs / pro-inflammatory cytokines,Eubacterium rectale,species,protective,unspecified,Burgos da Silva 2022; Payen 2020
Paredes_2026,PAR_188,12,table 1,"Propionate; Bacteroides thetaiotaomicron, Propionibacterium freudenreichii; Dietary fibre; Inhibits pro-inflammatory cytokine release and modulates gut immune environment; Immune regulation, inflammation reduction","propionate from fibre inhibits pro-inflammatory cytokines",propionate production,gut immune environment,Bacteroides thetaiotaomicron,species,protective,unspecified,Schwabkey 2022; Michonneau 2019
Paredes_2026,PAR_189,12,table 1,"Propionate; Bacteroides thetaiotaomicron, Propionibacterium freudenreichii; Dietary fibre; Inhibits pro-inflammatory cytokine release and modulates gut immune environment; Immune regulation, inflammation reduction","propionate from fibre inhibits pro-inflammatory cytokines",propionate production,gut immune environment,Propionibacterium freudenreichii,species,protective,unspecified,Schwabkey 2022; Michonneau 2019
Paredes_2026,PAR_190,12,table 1,"Bile acids: taurocholic acid and deoxycholic acid (DCA); Clostridium spp., Bacteroides spp.; Cholesterol; Interacts with FXR receptors, controlling cytokine production and immune responses; dysbiosis alters bile acid metabolism, promoting inflammation; Regulation of T cell activation and cytokine production","Clostridium-derived DCA/taurocholic acid acts via FXR",bile acid (DCA, taurocholic acid) production / FXR signaling,T cell activation / cytokine production,Clostridium,genus,protective,unspecified,Han 2024
Paredes_2026,PAR_191,12,table 1,"Bile acids: taurocholic acid and deoxycholic acid (DCA); Clostridium spp., Bacteroides spp.; Cholesterol; Interacts with FXR receptors, controlling cytokine production and immune responses; dysbiosis alters bile acid metabolism, promoting inflammation; Regulation of T cell activation and cytokine production","Bacteroides-derived DCA/taurocholic acid acts via FXR",bile acid (DCA, taurocholic acid) production / FXR signaling,T cell activation / cytokine production,Bacteroides,genus,protective,unspecified,Han 2024
Paredes_2026,PAR_192,12,table 1,"Secondary bile acids (SBAs); Clostridium scindens, Ruminococcus gnavus, Eubacterium spp.; Primary bile acids; Modulates FXR and TGR5 signalling; Inflammation reduction and improved epithelial barrier function","SBAs from Clostridium scindens modulate FXR and TGR5",SBA production / FXR / TGR5 signaling,epithelial barrier / inflammation,Clostridium scindens,species,protective,unspecified,Michonneau 2019; Haring 2021
Paredes_2026,PAR_193,12,table 1,"Secondary bile acids (SBAs); Clostridium scindens, Ruminococcus gnavus, Eubacterium spp.; Primary bile acids; Modulates FXR and TGR5 signalling; Inflammation reduction and improved epithelial barrier function","SBAs from Ruminococcus gnavus modulate FXR and TGR5",SBA production / FXR / TGR5 signaling,epithelial barrier / inflammation,Ruminococcus gnavus,species,protective,unspecified,Michonneau 2019; Haring 2021
Paredes_2026,PAR_194,12,table 1,"Secondary bile acids (SBAs); Clostridium scindens, Ruminococcus gnavus, Eubacterium spp.; Primary bile acids; Modulates FXR and TGR5 signalling; Inflammation reduction and improved epithelial barrier function","SBAs from Eubacterium modulate FXR and TGR5",SBA production / FXR / TGR5 signaling,epithelial barrier / inflammation,Eubacterium,genus,protective,unspecified,Michonneau 2019; Haring 2021
Paredes_2026,PAR_195,12,table 1,"Tauroursodeoxycholic acid (TUDCA); Clostridium, Bacteroides; Primary bile acids; Activates FXR and TGR5 to reduce endoplasmic reticulum stress; Suppression of the release of pro-inflammatory cytokines, enhanced epithelial barrier integrity; FDA approved for liver diseases","TUDCA from Clostridium reduces ER stress via FXR/TGR5",TUDCA production / FXR / TGR5 signaling,ER stress / epithelial barrier / pro-inflammatory cytokines,Clostridium,genus,protective,unspecified,Haring 2021; Lindner 2024
Paredes_2026,PAR_196,12,table 1,"Tauroursodeoxycholic acid (TUDCA); Clostridium, Bacteroides; Primary bile acids; Activates FXR and TGR5 to reduce endoplasmic reticulum stress; Suppression of the release of pro-inflammatory cytokines, enhanced epithelial barrier integrity; FDA approved for liver diseases","TUDCA from Bacteroides reduces ER stress via FXR/TGR5",TUDCA production / FXR / TGR5 signaling,ER stress / epithelial barrier / pro-inflammatory cytokines,Bacteroides,genus,protective,unspecified,Haring 2021; Lindner 2024
Paredes_2026,PAR_197,12,table 1,"Ursodeoxycholic acid (UDCA); Clostridium cluster XIVa (for example, Clostridium leptum, Clostridium coccoides); Primary bile acids; Restores bile acid balance; Reduced production of pro-inflammatory cytokines, gut epithelial barrier repair; FDA approved for liver diseases","UDCA from Clostridium leptum restores bile acid balance",UDCA production,bile acid balance / gut epithelial barrier / pro-inflammatory cytokines,Clostridium leptum,species,protective,unspecified,Lindner 2024
Paredes_2026,PAR_198,12,table 1,"Ursodeoxycholic acid (UDCA); Clostridium cluster XIVa (for example, Clostridium leptum, Clostridium coccoides); Primary bile acids; Restores bile acid balance; Reduced production of pro-inflammatory cytokines, gut epithelial barrier repair; FDA approved for liver diseases","UDCA from Clostridium coccoides restores bile acid balance",UDCA production,bile acid balance / gut epithelial barrier / pro-inflammatory cytokines,Clostridium coccoides,species,protective,unspecified,Lindner 2024
Paredes_2026,PAR_199,12,table 1,"Lithocholic acid (LCA); Clostridium; CDCA; Acts through FXR to reduce T cell-driven inflammation and promote immune homeostasis; Anti-inflammatory properties, reduction of pro-inflammatory T cell activity","LCA from Clostridium reduces T cell-driven inflammation via FXR",LCA production from CDCA / FXR signaling,T cell inflammation,Clostridium,genus,protective,unspecified,Lindner 2024
Paredes_2026,PAR_200,13,table 1,"Tryptophan; Bacteroides fragilis, Clostridium sporogenes, Eubacterium hallii; Dietary protein; Converted into bioactive metabolites that regulate immune cells; Restores microbial diversity and enhances production of immune-modulating metabolites; reduces the severity of GVHD","B. fragilis tryptophan catabolism yields immune-modulating metabolites",tryptophan catabolism,immune cells / GVHD severity,Bacteroides fragilis,species,protective,unspecified,Weber 2015
Paredes_2026,PAR_201,13,table 1,"Tryptophan; Bacteroides fragilis, Clostridium sporogenes, Eubacterium hallii; Dietary protein; Converted into bioactive metabolites that regulate immune cells; Restores microbial diversity and enhances production of immune-modulating metabolites; reduces the severity of GVHD","C. sporogenes tryptophan catabolism yields immune-modulating metabolites",tryptophan catabolism,immune cells / GVHD severity,Clostridium sporogenes,species,protective,unspecified,Weber 2015
Paredes_2026,PAR_202,13,table 1,"Tryptophan; Bacteroides fragilis, Clostridium sporogenes, Eubacterium hallii; Dietary protein; Converted into bioactive metabolites that regulate immune cells; Restores microbial diversity and enhances production of immune-modulating metabolites; reduces the severity of GVHD","E. hallii tryptophan catabolism yields immune-modulating metabolites",tryptophan catabolism,immune cells / GVHD severity,Eubacterium hallii,species,protective,unspecified,Weber 2015
Paredes_2026,PAR_203,13,table 1,"Indole-3-propionic acid (IPA); C. sporogenes; Dietary protein, tryptophan; Activates the PXR; Antioxidant and anti-inflammatory properties, protection of the gut lining and modulation of immune responses; immune regulation and tolerance, inflammation reduction","C. sporogenes IPA activates PXR for anti-inflammatory and barrier protection",indole-3-propionic acid (IPA) production / PXR activation,gut lining / immune responses,Clostridium sporogenes,species,protective,unspecified,Weber 2015
Paredes_2026,PAR_204,13,table 1,"Indole-3-aldehyde (IAld); Lactobacillus reuteri, Lactobacillus plantarum; Dietary protein, tryptophan; Activates the AhR; Promotes IL-22 production by innate lymphoid cells (ILC3s), which is the primary driver of intestinal stem cell regeneration","L. reuteri IAld activates AhR to drive ILC3 IL-22 and stem cell regeneration",indole-3-aldehyde (IAld) production / AhR activation,ILC3 / IL-22 / intestinal stem cells,Lactobacillus reuteri,species,protective,unspecified,Zelante 2013
Paredes_2026,PAR_205,13,table 1,"Indole-3-aldehyde (IAld); Lactobacillus reuteri, Lactobacillus plantarum; Dietary protein, tryptophan; Activates the AhR; Promotes IL-22 production by innate lymphoid cells (ILC3s), which is the primary driver of intestinal stem cell regeneration","L. plantarum IAld activates AhR to drive ILC3 IL-22 and stem cell regeneration",indole-3-aldehyde (IAld) production / AhR activation,ILC3 / IL-22 / intestinal stem cells,Lactobacillus plantarum,species,protective,unspecified,Zelante 2013
Paredes_2026,PAR_206,13,table 1,"Isovaleric acid; Bacteroides spp., Prevotella spp.; Branched amino acids; Influences branched-chain amino acid metabolism, modulates immune cell activation; Modulation of systemic branched-chain amino acids homeostasis and attenuation of TH1 cell-mediated inflammatory responses","Bacteroides-derived isovaleric acid modulates BCAA metabolism and Th1 responses",branched-chain amino acid metabolism / isovaleric acid production,BCAA homeostasis / Th1 cells,Bacteroides,genus,protective,unspecified,Thiele 2024
Paredes_2026,PAR_207,13,table 1,"Isovaleric acid; Bacteroides spp., Prevotella spp.; Branched amino acids; Influences branched-chain amino acid metabolism, modulates immune cell activation; Modulation of systemic branched-chain amino acids homeostasis and attenuation of TH1 cell-mediated inflammatory responses","Prevotella-derived isovaleric acid modulates BCAA metabolism and Th1 responses",branched-chain amino acid metabolism / isovaleric acid production,BCAA homeostasis / Th1 cells,Prevotella,genus,protective,unspecified,Thiele 2024
Paredes_2026,PAR_208,13,table 1,"Lactate; Lactobacillus spp., Bifidobacterium spp.; Carbohydrates; Enhances protein expression of tight junctions in the epithelium and reduces levels of pro-inflammatory cytokines; Maintenance of gut barrier integrity, enhanced epithelial cell survival, and modulation of immune responses to reduce inflammation","Lactobacillus-produced lactate enhances tight junctions and reduces pro-inflammatory cytokines",lactate production,tight junctions / epithelial survival / pro-inflammatory cytokines,Lactobacillus,genus,protective,unspecified,Thiele 2024
Paredes_2026,PAR_209,13,table 1,"Lactate; Lactobacillus spp., Bifidobacterium spp.; Carbohydrates; Enhances protein expression of tight junctions in the epithelium and reduces levels of pro-inflammatory cytokines; Maintenance of gut barrier integrity, enhanced epithelial cell survival, and modulation of immune responses to reduce inflammation","Bifidobacterium-produced lactate enhances tight junctions and reduces pro-inflammatory cytokines",lactate production,tight junctions / epithelial survival / pro-inflammatory cytokines,Bifidobacterium,genus,protective,unspecified,Thiele 2024
Paredes_2026,PAR_210,13,table 1,"Human milk oligosaccharide (HMO); Lactobacillus spp., Bifidobacterium spp.; Carbohydrates; Drives the metabolic production of SCFAs and lactate, which lower luminal pH and provide essential energy substrates for colonocytes to maintain intestinal barrier homeostasis; Supports redox homeostasis by favouring the expansion of commensal taxa that mitigate oxidative stress-induced dysbiosis","Lactobacillus HMO fermentation generates SCFA/lactate and maintains barrier",HMO fermentation / SCFA and lactate production,luminal pH / colonocytes / intestinal barrier,Lactobacillus,genus,protective,unspecified,Thiele 2024; Jarosch 2023
Paredes_2026,PAR_211,13,table 1,"Human milk oligosaccharide (HMO); Lactobacillus spp., Bifidobacterium spp.; Carbohydrates; Drives the metabolic production of SCFAs and lactate, which lower luminal pH and provide essential energy substrates for colonocytes to maintain intestinal barrier homeostasis; Supports redox homeostasis by favouring the expansion of commensal taxa that mitigate oxidative stress-induced dysbiosis","Bifidobacterium HMO fermentation generates SCFA/lactate and maintains barrier",HMO fermentation / SCFA and lactate production,luminal pH / colonocytes / intestinal barrier,Bifidobacterium,genus,protective,unspecified,Thiele 2024; Jarosch 2023
Paredes_2026,PAR_212,13,table 1,"Urolithins; Akkermansia muciniphila, Eggerthella spp.; Dietary polyphenols; Acts through the AhR, regulating mucosal immunity and gut barrier function; Modulation of mucus production, immune response regulation, maintenance of epithelial barrier integrity; promising for GVHD management","A. muciniphila urolithin production acts through AhR to regulate gut barrier",urolithin production / AhR signaling,mucus / mucosal immunity / epithelial barrier,Akkermansia muciniphila,species,protective,unspecified,Schwabkey 2022
Paredes_2026,PAR_213,13,table 1,"Urolithins; Akkermansia muciniphila, Eggerthella spp.; Dietary polyphenols; Acts through the AhR, regulating mucosal immunity and gut barrier function; Modulation of mucus production, immune response regulation, maintenance of epithelial barrier integrity; promising for GVHD management","Eggerthella urolithin production acts through AhR to regulate gut barrier",urolithin production / AhR signaling,mucus / mucosal immunity / epithelial barrier,Eggerthella,genus,protective,unspecified,Schwabkey 2022
Paredes_2026,PAR_214,13,table 1,"Phenylacetic acid; Clostridium spp., Bacteroides spp.; Phenylalanine; Interacts with T cells and macrophages, influences Treg cell differentiation, modulates cytokine production and immune responses; Reduction of inflammatory signalling in GVHD","Clostridium-derived phenylacetic acid promotes Treg differentiation and modulates cytokines",phenylacetic acid production,T cells / macrophages / Treg differentiation / cytokines,Clostridium,genus,protective,unspecified,Han 2024
Paredes_2026,PAR_215,13,table 1,"Phenylacetic acid; Clostridium spp., Bacteroides spp.; Phenylalanine; Interacts with T cells and macrophages, influences Treg cell differentiation, modulates cytokine production and immune responses; Reduction of inflammatory signalling in GVHD","Bacteroides-derived phenylacetic acid promotes Treg differentiation and modulates cytokines",phenylacetic acid production,T cells / macrophages / Treg differentiation / cytokines,Bacteroides,genus,protective,unspecified,Han 2024
Paredes_2026,PAR_216,13,table 1,"Methionine-derived metabolites; Bacteroides spp.; Methionine; Regulates redox balance and supports microbial cross-feeding; Microbial resilience, metabolite production; promising for the mitigation of GVHD","Bacteroides methionine metabolites regulate redox balance and support cross-feeding",methionine metabolism,redox balance / microbial cross-feeding,Bacteroides,genus,protective,unspecified,Han 2024
Paredes_2026,PAR_217,14,table 2,"'Microbiota dynamics in a randomized trial of gut decontamination during allogeneic hematopoietic cell transplantation'; Vancomycin–polymyxin B vs no treatment; No difference in microbial diversity or GVHD outcomes between treatment and control arm","vancomycin-polymyxin B gut decontamination gives no diversity or GVHD difference",antibiotic gut decontamination,gut microbiome composition / GVHD outcomes,,none,community,context-dependent,clinical trial,Severyn 2022
Paredes_2026,PAR_218,14,table 2,"'Treatment of steroid refractory gastrointestinal acute GVHD after allogeneic hematopoietic stem cell transplantation with faecal microbiota transfer (HERACLES)'; Pooled allogeneic faecal microbiota (MaaT013); Overall response rate 38% (HERACLES)/58% (expanded access programme)","pooled allogeneic FMT (MaaT013) yields 38-58% response in steroid-refractory GI aGVHD",faecal microbiota transfer (MaaT013),gastrointestinal GVHD response,,none,community,protective,clinical trial,Malard 2023
Paredes_2026,PAR_219,14,table 2,"'Randomized double-blind phase II trial of fecal microbiota transplantation versus placebo in allogeneic hematopoietic cell transplantation and AML'; FMT in two independent cohorts; No significant reduction in the infections","FMT shows no significant reduction in infections in randomized phase II trial",faecal microbiota transplantation,infections post allo-HCT,,none,community,context-dependent,clinical trial,Rashidi 2023
Paredes_2026,PAR_220,14,table 2,"'Donor fecal microbiota transplantation ameliorates intestinal graft-versus-host disease in allogeneic hematopoietic cell transplantation recipients'; FMT in patients with steroid-dependent or refractory gastrointestinal GVHD; Complete clinical response in 10 out of 15 patients","donor FMT yields complete clinical response in 10/15 steroid-refractory GI GVHD",faecal microbiota transplantation,gastrointestinal GVHD,,none,community,protective,clinical trial,van Lier 2020
Paredes_2026,PAR_221,14,table 2,"'Safety and efficacy of fecal microbiota transplantation for patients with grade IV steroid refractory GI-GVHD: interim results from FMT2017002 trial'; FMT vs no treatment in patients with grade IV steroid-refractory gastrointestinal GVHD; Increased median survival time in FMT group (P = 0.02)","FMT increases median survival in grade IV steroid-refractory GI GVHD",faecal microbiota transplantation,gastrointestinal GVHD survival,,none,community,protective,clinical trial,Zhao 2021
Paredes_2026,PAR_222,16,body,"a phase II study at the University of Michigan is assessing the feasibility, safety and potential benefits of modifying the gut microbiome through administering a resistant potato starch supplement to increase intestinal butyrate levels and reduce aGVHD","resistant potato starch supplement increases intestinal butyrate to reduce aGVHD",resistant starch fermentation / butyrate production,intestinal butyrate / aGVHD,,none,community,protective,clinical trial,NCT02763033
Paredes_2026,PAR_223,16,body,"the administration of Lactobacillus alleviates GVHD in mouse models","Lactobacillus administration alleviates GVHD in mice",,GVHD severity,Lactobacillus,genus,protective,murine,Jenq 2012; Gerbitz 2004
Paredes_2026,PAR_224,16,body,"a clinical trial examining Lactobacillus rhamnosus GG administration in patients receiving allo-HCT was terminated early when an interim analysis did not detect a probiotic-related change in the microbiome or in GVHD incidence","L. rhamnosus GG trial terminated early with no microbiome or GVHD change",,gut microbiome / GVHD incidence,Lactobacillus rhamnosus,species,context-dependent,clinical trial,Gorshein 2017
Paredes_2026,PAR_225,16,body,"Clostridium butyricum MIYAIRI 588 (CBM588) is being studied as an LBP in a randomized open-label pilot study with peri-transplant administration. Patients in the treatment group showed increased alpha diversity in their gut microbiome and lower abundance of Enterococcus and Bacteroides, which were both more common in patients who developed GVHD","CBM588 increases alpha diversity and lowers Enterococcus/Bacteroides",LBP (CBM588),gut alpha diversity / Enterococcus / Bacteroides,Clostridium butyricum,species,protective,clinical trial,Fukushima 2024
Paredes_2026,PAR_226,16,body,"Clostridium butyricum MIYAIRI 588 (CBM588) is being studied as an LBP in a randomized open-label pilot study with peri-transplant administration. Patients in the treatment group showed increased alpha diversity in their gut microbiome and lower abundance of Enterococcus and Bacteroides, which were both more common in patients who developed GVHD","Enterococcus abundance higher in patients who developed GVHD",,GVHD occurrence,Enterococcus,genus,exacerbating,clinical trial,Fukushima 2024
Paredes_2026,PAR_227,16,body,"Clostridium butyricum MIYAIRI 588 (CBM588) is being studied as an LBP in a randomized open-label pilot study with peri-transplant administration. Patients in the treatment group showed increased alpha diversity in their gut microbiome and lower abundance of Enterococcus and Bacteroides, which were both more common in patients who developed GVHD","Bacteroides abundance higher in patients who developed GVHD",,GVHD occurrence,Bacteroides,genus,exacerbating,clinical trial,Fukushima 2024
Paredes_2026,PAR_228,16,body,"SER-155 is an investigational oral LBP being studied to improve clinical outcomes in patients receiving allo-HCT. Although the bacterial species in SER-155 are proprietary, its composition has been rationally designed based on taxa associated with reduced risk of bloodstream infections and GVHD in human studies. Initial results presented at the 2024 Tandem Meetings of American Society for Transplantation and Cellular Therapy (ASTCT) and Center for International Blood and Marrow Transplant Research (CIBMTR) demonstrated that patients tolerated the product well, drug strains successfully engrafted and patients had reduced pathogen domination in their gut microbiomes","SER-155 LBP engrafts and reduces pathogen domination",LBP (SER-155),gut microbiome / pathogen domination,,none,community,protective,clinical trial,Ponce 2024
Paredes_2026,PAR_229,16,body,"Fructo-oligosaccharides (FOS) are well-studied prebiotic carbohydrates that have successfully been used in patients with inflammatory bowel disease","FOS prebiotic established in inflammatory bowel disease",FOS fermentation,inflammatory bowel disease,,none,community,protective,clinical cohort,Wasilewski 2015
Paredes_2026,PAR_230,16,body,"studies in mouse models found that FOS supplementation increased intestinal SCFA levels, which in turn can lower GVHD severity","FOS supplementation increases intestinal SCFAs and lowers GVHD severity in mice",FOS fermentation / SCFA production,intestinal SCFAs / GVHD severity,,none,community,protective,murine,Takai 2020
Paredes_2026,PAR_231,17,body,"a phase I dose-escalation trial demonstrated that FOS were well tolerated in recipients of allo-HCT, supporting the feasibility of supplementation for modulation of the gut microbiota","FOS supplementation feasible for microbiome modulation in allo-HCT",FOS fermentation,gut microbiota,,none,community,protective,clinical trial,Andermann 2021
Paredes_2026,PAR_232,17,body,"a pilot randomized clinical trial of the commercially available probiotic supplement FamiLact (comprising seven beneficial bacterial strains) in combination with FOS found a reduced risk of severe aGVHD and increased levels of Treg cells in a small intervention group undergoing allo-HCT","FamiLact + FOS reduces severe aGVHD risk and increases Tregs",probiotic + FOS fermentation,aGVHD risk / Tregs,,none,community,protective,clinical trial,Yazdandoust 2023
Paredes_2026,PAR_233,17,body,"a non-randomized prospective study of these supplements demonstrated significantly reduced GVHD severity in patients receiving allo-HCT relative to a historical control group","GFO + resistant starch supplementation reduces GVHD severity",glutamine + fibre + oligosaccharide (GFO) + resistant starch,GVHD severity,,none,community,protective,clinical cohort,Yoshifuji 2020
Paredes_2026,PAR_234,17,body,"GFO and resistant starch may promote beneficial gut bacteria, particularly Bifidobacterium, increasing the production of SCFAs and enhancing integrity of the gut barrier","GFO + resistant starch promotes Bifidobacterium and SCFAs for gut barrier",glutamine + fibre + oligosaccharide + resistant starch fermentation / SCFA production,gut barrier,Bifidobacterium,genus,protective,unspecified,Yoshifuji 2020
Paredes_2026,PAR_235,17,body,"a recent pilot study found administration of resistant starch alone to be feasible and well tolerated in patients receiving allo-HCT, and that the intervention may mitigate disruption of the microbiome and associated metabolites","resistant starch mitigates microbiome and metabolite disruption",resistant starch fermentation,gut microbiome / metabolites,,none,community,protective,clinical trial,Riwes 2023
Paredes_2026,PAR_236,17,body,"preclinical studies have demonstrated beneficial effects of several postbiotics in mouse models of GVHD, such as the alleviation of GVHD severity after restoration of butyrate or propionate levels","restoration of butyrate or propionate levels alleviates GVHD in mice",SCFA (butyrate, propionate) administration,GVHD severity,,none,community,protective,murine,Mathewson 2016; Fujiwara 2018
Paredes_2026,PAR_237,17,body,"Other promising approaches based on findings from mouse studies are the supplementation of xylose (a B. ovatus product inhibiting mucus-degrading bacteria that compromise the intestinal barrier)","xylose supplementation inhibits mucus-degrading bacteria and preserves intestinal barrier",xylose (B. ovatus product),mucus-degrading bacteria / intestinal barrier,Bacteroides ovatus,species,protective,murine,Hayase 2024
Paredes_2026,PAR_238,17,body,"a documented transmission of a multidrug-resistant Escherichia coli from a single FMT donor to two recipients of allo-HCT resulted in one death, underscoring the need for strict donor screening","FMT can transmit multidrug-resistant E. coli from donor to recipients",faecal microbiota transplantation,recipient infection / mortality,Escherichia coli,species,exacerbating,clinical case report,DeFilipp 2019
Paredes_2026,PAR_239,17,body,"administration of either autologous or healthy donor faecal material to patients after allo-HCT is feasible and safe, and can restore microbial diversity while reducing the abundance of potentially pathogenic taxa","FMT restores microbial diversity and reduces pathogenic taxa after allo-HCT",faecal microbiota transplantation,microbial diversity / pathogenic taxa,,none,community,protective,clinical trial,Taur 2018; van Lier 2020
Paredes_2026,PAR_240,17,body,"the first randomized, double-blind, placebo-controlled study of third-party FMT administered at the time of neutrophil recovery following allo-HCT found a generally favourable impact on the composition of the microbiome, but no improvement in clinical outcomes. Furthermore, the 4-month all-cause infection rate, which was the primary end-point, did not improve, and the study even reported a numerically higher incidence of grade III–IV aGVHD after FMT","third-party FMT at neutrophil recovery shows no clinical outcome improvement",faecal microbiota transplantation,infection rate / grade III-IV aGVHD,,none,community,context-dependent,clinical trial,Rashidi 2023
Paredes_2026,PAR_241,17,body,"a subset analysis by the researchers revealed variability in the engraftment of donor FMT-derived bacterial strains and identified low microbial diversity pre-FMT as a predictor of engraftment, suggesting that patients with lower diversity might particularly benefit from FMT","low pre-FMT diversity predicts donor strain engraftment",faecal microbiota transplantation,donor strain engraftment,,none,community,context-dependent,clinical trial,Reddi 2025
Paredes_2026,PAR_242,17,body,"Another recent study indicated that donor choice can be critical for FMT engraftment and clinical outcomes","donor choice affects FMT engraftment and clinical outcomes",faecal microbiota transplantation,FMT engraftment / clinical outcomes,,none,community,context-dependent,clinical trial,Malard 2023
Paredes_2026,PAR_243,17,body,"Among 24 patients with steroid-resistant gastrointestinal aGVHD taking part in the trial, the gastrointestinal overall response rate (defined as complete resolution of gastrointestinal aGVHD symptoms) was 38%, whereas an additional 52 patients treated under a French expanded access programme showed an overall response rate of 58%. Responders in both cohorts exhibited increased microbiota diversity and higher abundances of beneficial bacteria, particularly producers of butyrate, along with elevated levels of SCFAs","MaaT013 responders have increased diversity, butyrate producers and SCFAs",pooled microbiota consortium (MaaT013) / butyrate production,microbiota diversity / SCFA pool,,none,community,protective,clinical trial,Malard 2023
Paredes_2026,PAR_244,19,body,"non-responders had higher levels of pathogenic pro-inflammatory bacteria and increased levels of systemic inflammatory markers","MaaT013 non-responders have higher pathogenic pro-inflammatory bacteria",,systemic inflammatory markers,,none,community,exacerbating,clinical trial,Malard 2023
Paredes_2026,PAR_245,19,body,"a phase III, single-arm trial was conducted across 50 sites in Europe (ARES (NCT04769895)), evaluating the efficacy of MaaT013 in 66 patients with steroid-refractory and ruxolitinib-refractory gastrointestinal aGVHD. The findings have not yet been peer reviewed but, according to an abstract presented at the 2025 annual meeting of the American Society of Hematology, the primary end-point of the study was met, with a gastrointestinal overall response rate at day 28 of 62%. Furthermore, 12-month overall survival was significantly higher in responders versus non-responders (67% versus 28%, P < 0.0001)","MaaT013 ARES phase III: 62% GI response and 67% vs 28% survival",pooled microbiota consortium (MaaT013),gastrointestinal aGVHD response / overall survival,,none,community,protective,clinical trial,Malard 2025
