Title,Abstract
Intestinal Microbiota at Engraftment Influence Acute Graft-Versus-Host Disease via the Treg/Th17 Balance in Allo-HSCT Recipients,"Animal models have indicated that intestinal microbiota influence acute graft-versus-host disease (aGVHD) by modulating immune homeostasis. But, in humans, the mechanism by which the microbiota induces aGVHD remains unclear. In this study, we investigated the relationship between the intestinal microbiota and T cell subsets in patients who undergo allogeneic hematopoietic stem cell transplantation (allo-HSCT) to explore the mechanism by which microbiota induced aGVHD. Based on aGVHD, this study was categorized into two groups: grades II‚ÄìIV aGVHD (aGVHD group, n = 32) and grade 0‚ÄìI aGVHD (non-aGVHD group, n = 49). The intestinal microbiota was detected by 16S rRNA gene sequencing, and the T cell subsets and histone 3 (H3) acetylation in CD4+ T cells in the peripheral blood was assayed by flow cytometry at the time of engraftment. The aGVHD group had greater low microbial diversity than the non-aGVHD group (56.3 versus 24.5%, p = 0.004). The bacterial community was depleted of Clostridia (e.g., the Lachnospiraceae and Ruminococcaceae families) and enriched for Gammaproteobacteria (e.g., the Enterobacteriaceae family) in the aGVHD group compared with the non-aGVHD group. The relative abundance of Lachnospiraceae and Ruminococcaceae was positively correlated with the Treg/Th17 ratio counts (r = 0.469 and 0.419; p < 0.001 and <0.001, respectively), whereas Enterobacteriaceae was negatively correlated with the Treg/Th17 ratio (r = ‚àí0.277; p = 0.012). The level of acetylated H3 in CD4+ T cells was not only correlated with Lachnospiraceae/Ruminococcaceae, but also with the Treg/Th17 ratio (r = 0.354; p = 0.001). In conclusions, our results suggest that decreased Lachnospiraceae and Ruminococcaceae and increased Enterobacteriaceae, correlate with a Treg/Th17 imbalance, which might be through acetylated H3 in CD4+ T cells. These findings suggest that intestinal microbiota might induce aGVHD by influencing the Treg/Th17 balance."
Intestinal Microbiota Can Predict Acute Graft-versus-Host Disease Following Allogeneic Hematopoietic Stem Cell Transplantation,"The intestinal microbiome plays an important role in the development of acute graft-versus-host disease (aGVHD). However, whether intestinal microbiota can predict the development of aGVHD has been reported only rarely. Here we conducted a prospective study of microbiota in 141 patients after allogeneic hematopoietic stem cell transplantation. We found lower microbiota diversity in the aGVHD group compared with the non-aGVHD group at day 0 and day 15 ¬± 1 (P‚ÄØ=‚ÄØ.018 and .009, respectively). Diversity was negatively associated with conditioning intensity (P‚ÄØ=‚ÄØ.017, day 0; P‚ÄØ=‚ÄØ.045, day 15) and Œ≤-lactam antibiotic administration (P‚ÄØ=‚ÄØ.004, day 15). Intensified conditioning and Œ≤-lactam antibiotics were associated with a lower regulatory T (Treg)/T helper 17 (Th17) cell ratio at day 15 (P‚ÄØ=‚ÄØ.030 and .047, respectively). At day 15, the levels of the inflammatory factors (tumor necrosis factor Œ±, interleukin [IL]-6, IL-17A, IL-1Œ≤, and lipopolysaccharide) were higher in the intensified conditioning group compared with the standard group (P < .05). The accumulated intestinal microbiota (AIM) score was defined as microbiota diversity and gradient of the 4 bacterials (Lachnospiraceae, Peptostreptococcaceae, Erysipelotrichaceae, and Enterobacteriaceae) at day 15 post-transplantation. The AIM score was positively correlated with aGVHD grade (r‚ÄØ=‚ÄØ.481, P < .001), and the AIM score could be predictive of the development of aGVHD (grade II-IV aGVHD: area under the curve [AUC], .75, P < .001; grade III-IV aGVHD: AUC, .84, P < .001). These findings suggest that intestinal microbiota and conditioning might induce aGVHD by inflammatory factors and the Treg/Th17 balance. The constitution of the intestinal microbiota at neutrophil engraftment may predict the development of aGVHD."
Multi-omics analysis reveals a feedback loop amplifying immune responses in acute       graft-versus-host disease due to imbalanced gut microbiota and bile acid       metabolism.,"Acute graft-versus-host disease (aGVHD) is primarily driven by allogeneic donor T       cells associated with an altered composition of the host gut microbiome and its       metabolites. The severity of aGVHD after allogeneic hematopoietic stem cell       transplantation (allo-HSCT) is not solely determined by the host and donor       characteristics; however, the underlying mechanisms remain unclear. Using       single-cell RNA sequencing, we decoded the immune cell atlas of 12 patients who       underwent allo-HSCT: six with aGVHD and six with non-aGVHD. We performed a fecal       microbiota (16SrRNA sequencing) analysis to investigate the fecal bacterial       composition of 82 patients: 30 with aGVHD and 52 with non-aGVHD. Fecal samples       from these patients were analyzed for bile acid metabolism. Through multi-omic       analysis, we identified a feedback loop involving ""immune cell-gut microbes-bile       acid metabolites"" contributing to heightened immune responses in patients with       aGVHD. The dysbiosis of the gut microbiota and disruption of bile acid metabolism       contributed to an exaggerated interleukin-1 mediated immune response. Our       findings suggest that resistin and defensins are crucial in mitigating against       aGVHD. Therefore, a comprehensive multi-omic atlas incorporating immune cells,       gut microbes, and bile acid metabolites was developed in this study and used to       propose novel, non-immunosuppressive approaches to prevent aGVHD."
Intestinal microbiota score could predict survival following allogeneic       hematopoietic stem cell transplantation.,"Intestinal microbiota is an important prognostic factor for allogeneic       hematopoietic stem cell transplantation (allo-HSCT), but its role in predicting       survival has not been determined. Here, stool samples at day 15‚Äâ¬±‚Äâ1       posttransplant were obtained from 209 patients at two centers. Microbiota was       examined using 16S rRNA sequencing. The microbiota diversity and abundance of       specific bacteria (including Lachnospiraceae, Ruminococcaceae,       Erysipelotrichaceae, and Enterobacteriaceae) were assigned a value of 0 or 1       depending on whether they were positive or negative associated with survival,       respectively. An accumulated intestinal microbiota (AIM) score was generated, and       patients were divided into low- and high-score groups. A low score was associated       with a better 3-year cumulative overall survival (OS) as well as lower mortality       than a high score (88.5 vs. 43.9% and 7.1 vs. 35.8%, respectively; both       P‚Äâ<‚Äâ0.001). In multivariate analysis, a high score was found to be an independent       risk factor for OS and transplant-related mortality (hazard ratio‚Äâ=‚Äâ5.68 and       3.92, respectively; P‚Äâ<‚Äâ0.001 and 0.003, respectively). Furthermore, the AIM       score could serve as a predictor for survival (area under receiver operating       characteristic curve‚Äâ=‚Äâ0.836, P‚Äâ<‚Äâ0.001). Therefore, the intestinal microbiota       score at neutrophil recovery could predict survival following allo-HSCT."
Impact of anti-anaerobic antibiotic activity on graft-versus-host disease in       allogeneic hematopoietic stem cell transplant (HSCT) recipients at an institution       that utilizes antibiotic cycling.,"BACKGROUND: At our institution, antibiotic cycling for febrile neutropenia is       utilized to increase heterogeneity of antibiotic exposure in patients who have       undergone an allogeneic hematopoietic stem cell transplantation (allo-HSCT).       Development of acute graft-versus-host disease (aGVHD) has been associated with       low diversity within stool microbiota. To date, discordant outcomes have been       reported implicating anti-anaerobic antibiotic use with the development of aGVHD,       and there is currently a lack of published data available in an antibiotic cycled       environment. The objective of this study was to determine if there is a       difference in the rate of aGVHD in patients who receive anti-anaerobic cycled       antibiotics compared with other cycled antibiotics. METHODS: This was a       retrospective, observational study evaluating rates of aGVHD in patients who       received antibiotics with anaerobic vs non-anaerobic coverage post-allo-HSCT from       January 2008 to January 2018. Univariate and multivariable analyses were       performed to assess associations with aGVHD. Secondary outcomes include rate of       all stages of aGVHD, progression-free survival, overall survival, 100-day       treatment-related mortality (TRM), and 1-year TRM. RESULTS: A total of 273       patients were included in the study. Baseline characteristics were similar       between groups, except patients who received anti-anaerobic antibiotics had more       unrelated donors (P¬†=¬†.002), were more likely to get myeloablative preparatory       regimens (P¬†=¬†.009), had less subtherapeutic calcineurin inhibitor serum       concentrations (P¬†=¬†.001), and more often received T-cell depletion (P¬†=¬†.004).       The incidence of grades II-IV aGVHD post-HSCT in patients who received       anti-anaerobic antibiotics was 32.6% compared with 18.8% in patients who received       other antibiotics (P¬†=¬†.015). Multivariable analysis showed that the occurrence       of grades II-IV aGVHD was associated with cytomegalovirus reactivation (OR¬†=¬†2.1,       95% CI¬†=¬†1.0-4.5, P¬†=¬†.047), unrelated donors (OR¬†=¬†6.1, 95% CI¬†=¬†2.3-16.6,       P¬†<¬†.001), and use of anti-anaerobic antibiotics (OR¬†=¬†2.3, 95% CI¬†=¬†1.1-4.8,       P¬†=¬†.021). A 100-day TRM in patients who received anti-anaerobic antibiotics was       9.6% compared with 3.6% in patients who received other antibiotics (P¬†=¬†.046).       One-year TRM in patients who received anti-anaerobic antibiotics was 25.2%       compared with 13.8% in patients who received other antibiotics (P¬†=¬†.017). There       was no statistically significant difference seen between groups in progression       free survival or overall survival. CONCLUSION: Variability in baseline       characteristics limits ability to make strong conclusions, but patients who       received antibiotics with anaerobic coverage during the first 30¬†days after an       allogeneic HSCT appeared to be at an increased risk of developing aGVHD and TRM.       Larger well-controlled trials are warranted to further clarify these       relationships."
Bile acids regulate intestinal antigen presentation and reduce graft-versus-host       disease without impairing the graft-versus-leukemia effect.,"Acute graft-versus-host disease causes significant mortality in patients       undergoing allogeneic hematopoietic cell transplantation. Immunosuppressive       treatment for graft-versus-host disease can impair the beneficial       graft-versus-leukemia effect and facilitate malignancy relapse. Therefore, novel       approaches that protect and regenerate injured tissues without impeding the donor       immune system are needed. Bile acids regulate multiple cellular processes and are       in close contact with the intestinal epithelium, a major target of acute       graft-versus-host disease. Here, we found that the bile acid pool is reduced       following graft-versus-host disease induction in a preclinical model. We       evaluated the efficacy of bile acids to protect the intestinal epithelium without       reducing anti-tumor immunity. We observed that application of bile acids       decreased cytokine-induced cell death in intestinal organoids and cell lines.       Systemic prophylactic administration of tauroursodeoxycholic acid, the most       potent compound in our in vitro studies, reduced graft-versus-host disease       severity in three different murine transplantation models. This effect was       mediated by decreased activity of the antigen presentation machinery and       subsequent prevention of apoptosis of the intestinal epithelium. Moreover, bile       acid administration did not alter the bacterial composition in the intestine       suggesting that its effects are cell-specific and independent of the microbiome.       Treatment of human and murine leukemic cell lines with tauroursodeoxycholic acid       did not interfere with the expression of antigen presentation-related molecules.       Systemic T cell expansion and especially their cytotoxic capacity against       leukemic cells remained intact. This study establishes a role for bile acids in       the prevention of acute graft-versus-host disease without impairing the       graft-versus-leukemia effect. In particular, we provide a scientific rationale       for the systematic use of tauroursodeoxycholic acid in patients undergoing       allogeneic hematopoietic cell transplantation."
[Key players in intestinal GVHD].,"Acute graft versus host disease (GVHD) is a potentially life threatening       complication after allogeneic hematopoietic stem cell transplantation. The gut is       one of the most frequently affected organs in GVHD. Intestinal GVHD is often       resistant to current therapies for GVHD and greatly affects the nutritional       status of patients. Recent advances in understanding the biology of the       intestinal immune system have revealed the significance of mechanical and       chemical barriers involving the intestinal mucosa and intestinal microflora in       the pathophysiology of GVHD. These barriers and flora are tightly regulated by       key populations such as intestinal stem cells, Paneth cells, innate lymphoid       cells, and macrophages. Recent findings for these key players in the process of       intestinal GVHD are reviewed in this article."
[Graft-versus-host disease: new insights into disease pathogenesis].,"Graft-versus-host disease (GVHD) is a potentially life-threatening complication       associated with allogeneic hematopoietic stem cell transplantation (allo-SCT).       Although prophylaxis and GVHD treatment using immunosuppressants are essential       for a successful allo-SCT, profound immunosuppression could lead to an infection       and/or the recurrence of malignant diseases. Recently, the concept of tissue       tolerance has emerged. This concept has been identified as a means to suppress       GVHD by relying on tissue-intrinsic mechanisms that are independent from those       underlying immune tolerance. Thus, GVHD prophylaxis and treatments targeting the       mechanisms that promote tissue tolerance could help suppress GVHD and maintain       leukocyte-mediated immune responses against tumors and infectious pathogens.       Epithelial regeneration from LGR5-positive intestinal stem cells and epithelial       maintenance mediated by metabolites from the intestinal microbiota are       representative mechanisms that promote tissue tolerance in the gut. However,       these protective mechanisms are weakened by GVHD and conditioning regimens. This       review focuses on the pathophysiology of acute GVHD and tissue-intrinsic       mechanisms that promote tissue tolerance."
A single nucleotide polymorphism at chromosome 2q21.3 (LCT -13910C>T) associates       with clinical outcome after allogeneic hematopoietic stem cell transplantation.,"A single nucleotide polymorphism (SNP) responsible for lactase persistence (LCT       -13910C>T) changes intestinal microflora. Considering the influence of bacterial       microflora on various immune effects, we tested DNA from 111 recipients/donors       and analyzed whether this SNP interferes with survival and the incidence of acute       graft-versus-host disease (aGVHD) after allogeneic hematopoetic stem cell       transplantations (HSCT). Median overall survival (OS) was significantly longer       when donors had a CC genotype (not reached after 133 vs 11.1 months, P = .004).       Multivariate analysis identified a donor T allele (hazard ratio 2.63, 95%       confidence interval 1.29-5.33, P = .008) as independent risk factor for death.       Surprisingly, recipient genotypes did not influence outcome and there were no       differences regarding aGVHD. Transplantation-related mortality (TRM), relapse and       pneumonia were significantly less frequent in patients with CC donors. These       findings add to the growing list of non-HLA polymorphisms with impact on outcome       after allogeneic HSCT."
[Induction and regulation of intestinal graft-versus-host disease by the       intestinal microbiota].,"The intestinal microbiota is an important prognostic factor for allogeneic       hematopoietic stem cell transplantation (allo-HCT), and decreased diversity of       the intestinal microbiota is linked to shorter overall survival, high       transplant-related mortality, and acute graft-versus-host disease (GVHD). Major       factors that alter the intestinal microbiota during allo-HCT are broad-spectrum       antibiotics and intestinal GVHD. Broad-spectrum antibiotics dysregulate the       immune system and impair intestinal epithelial regeneration by reducing       beneficial commensal bacteria and activating mucus-degrading bacteria, which       disrupts the colonic barrier function. Intestinal GVHD leads to decreased       secretion of antimicrobial peptides into the intestinal lumen, as well as       mitochondrial dysfunction in the intestinal epithelium, altering the intestinal       microbiota. Various therapeutic approaches targeting the intestinal microbiota       have been investigated in clinical trials. Protecting the intestinal microbiota       may further enhance the safety and efficacy of allo-HCT by regulating intestinal       immune responses, promoting intestinal epithelial regeneration, and facilitating       the production of beneficial metabolites derived from commensal bacteria."
Bacteroides ovatus alleviates dysbiotic microbiota-induced graft-versus-host       disease.,"Acute lower gastrointestinal GVHD (aLGI-GVHD) is a serious complication of       allogeneic hematopoietic stem cell transplantation. Although the intestinal       microbiota is associated with the incidence of aLGI-GVHD, how the intestinal       microbiota impacts treatment responses in aLGI-GVHD has not been thoroughly       studied. In a cohort of patients with aLGI-GVHD (n¬†= 37), we found that       non-response to standard therapy with corticosteroids was associated with prior       treatment with carbapenem antibiotics and a disrupted fecal microbiome       characterized by reduced abundances of Bacteroides ovatus. In a murine GVHD model       aggravated by carbapenem antibiotics, introducing B.¬†ovatus reduced GVHD severity       and improved survival. These beneficial effects of Bacteroides ovatus were linked       to its ability to metabolize dietary polysaccharides into monosaccharides, which       suppressed the mucus-degrading capabilities of colonic mucus degraders such as       Bacteroides thetaiotaomicron and Akkermansia muciniphila, thus reducing       GVHD-related mortality. Collectively, these findings reveal the importance of       microbiota in aLGI-GVHD and therapeutic potential of B.¬†ovatus."
[Disruption of gut immune system caused by damage of intestinal stem cells and       their niche in graft-versus-host disease after allogeneic hematopoietic stem cell       transplantation.].,"Allogeneic hematopoietic stem cell transplantation(allo-SCT)is curative therapy       for various hematological diseases. Graft-versus-host disease(GVHD)and infection       remain the main problems in allo-SCT. Gastrointestinal tract is targeted by GVHD.       In intestinal GVHD, intestinal stem cells and Paneth cells reside at the base of       crypts are damaged by donor T cells. These damage leads to disruption of       intestinal mucosal barrier and intestinal dysbiosis, resulting in more       exaggerated GVHD. Recently, we and others have reported that R-Spondin1 and       interleukin-22 as factors regenerated intestinal tissue homeostasis in murine       model of bone marrow transplantation. It is important to understand biology of       various cells targeted by intestinal GVHD and develop novel methods to protect       them from GVHD damage."
Biomarkers in Graft-Versus-Host Disease: from Prediction and Diagnosis to       Insights into Complex Graft/Host Interactions.,"PURPOSE OF REVIEW: Acute graft versus host disease (aGVHD) is a frequent cause of       treatment-related mortality after allogeneic hematopoietic stem cell       transplantation (alloHCT), with few effective treatment options beyond systemic       steroids. Discovery of biomarkers for aGVHD may provide insight into the       pathophysiology of aGVHD and suggest novel mechanisms for treatment. RECENT       FINDINGS: We highlight biomarkers within innate immune activation,       T-cell-mediated tissue damage, endothelial damage, dysbiosis, and poor wound       healing that can be obtained prior to transplant, in the early transplant period,       or at the onset of aGVHD. aGVHD biomarkers have predictive and prognostic utility       but also suggest novel mechanisms of recipient tissue damage and impaired       regenerative capacity. These mechanisms should be further studied and tested in       therapeutic clinical trials to improve outcomes post-alloHCT."
Dental Biofilm Microbiota Dysbiosis Is Associated With the Risk of Acute       Graft-Versus-Host Disease After Allogeneic Hematopoietic Stem Cell       Transplantation.,"Acute graft-versus-host disease (aGVHD) is one of the major causes of death after       allogeneic hematopoietic stem cell transplantation (allo-HSCT). Recently, aGVHD       onset was linked to intestinal microbiota (IM) dysbiosis. However, other       bacterial-rich gastrointestinal sites, such as the mouth, which hosts several       distinctive microbiotas, may also impact the risk of GVHD. The dental biofilm       microbiota (DBM) is highly diverse and, like the IM, interacts with host cells       and modulates immune homeostasis. We characterized changes in the DBM of patients       during allo-HSCT and evaluated whether the DBM could be associated with the risk       of aGVHD. DBM dysbiosis during allo-HSCT was marked by a gradual loss of       bacterial diversity and changes in DBM genera composition, with commensal genera       reductions and potentially pathogenic bacteria overgrowths. High Streptococcus       and high Corynebacterium relative abundance at preconditioning were associated       with a higher risk of aGVHD (67% vs. 33%; HR = 2.89, P = 0.04 and 73% vs. 37%; HR       = 2.74, P = 0.04, respectively), while high Veillonella relative abundance was       associated with a lower risk of aGVHD (27% vs. 73%; HR = 0.24, P < 0.01).       Enterococcus faecalis bloom during allo-HSCT was observed in 17% of allo-HSCT       recipients and was associated with a higher risk of aGVHD (100% vs. 40%; HR =       4.07, P < 0.001) and severe aGVHD (60% vs. 12%; HR = 6.82, P = 0.01). To the best       of our knowledge, this is the first study demonstrating that DBM dysbiosis is       associated with the aGVHD risk after allo-HSCT."
Experimental and clinical gnotobiotics: influence of the microflora on       graft-versus-host disease after allogeneic bone marrow transplantation.,"One of the major complications of allogeneic bone marrow transplantation (BMT) is       graft-versus-host disease (GvHD), which is caused by donor type lymphocytes which       react against the recipient's tissues. An important factor which influences GvHD       is the recipient's gastrointestinal microflora. This was originally observed in       gnotobiotic mice. Infusion of 10(7) H-2 incompatible bone marrow cells into       lethally irradiated (9.0 Gy X-rays) conventional mice results in a late onset       type GvHD which causes the death of the majority of the recipients during the       first two months after BMT. This mortality can be completely prevented if the       recipients are germfree mice, or when they are conventional animals which have       been subjected to complete or selective gastrointestinal decontamination (GID).       In a mouse model, the mechanism responsible for the influence of the microflora       on GvHD after allogeneic BMT was investigated. These studies indicate that GvHD       can be induced by activated T-lymphocytes from donor origin reacting against       bacterial antigens which might be cross-reactive with the recipient's epithelial       tissue antigens. Activation of these T-lymphocytes is confined to antigens of       certain bacterial species of the recipient which are not present in the       indigenous microflora of the donor mice. These bacteria most likely belong to the       anaerobic flora of the recipient. The latter hypothesis is strongly supported by       the observation in human patients that, in contrast to complete GID, selective       decontamination of the gastrointestinal tract did not have any beneficial effect       on moderately severe to severe GvHD after transplantation with MHC-matched       sibling donor bone marrow grafts."
The clinical role of the gut microbiome and fecal microbiota transplantation in allogeneic stem cell transplantation,"Outcomes of allogeneic hematopoietic stem cell transplantation (allo- HSCT) have improved in the recent decade; however, infections and graft-versus-host disease remain two leading complications significantly contributing to early transplant-related mortality. In past years, the human intestinal microbial composition (microbiota) has been found to be associated with various disease states, including cancer, response to cancer immunotherapy and to modulate the gut innate and adaptive immune response. In the setting of allo-HSCT, the intestinal microbiota diversity and composition appear to have an impact on infection risk, mortality and overall survival. Microbial metabolites have been shown to contribute to the health and integrity of intestinal epithelial cells during inflammation, thus mitigating graft-versus-host disease in animal models. While the cause-andeffect relationship between the intestinal microbiota and transplant-associated complications has not yet been fully elucidated, the above findings have already resulted in the implementation of various interventions aiming to restore the intestinal microbiota diversity and composition. Among others, these interventions include the administration of fecal microbiota transplantation. The present review, based on published data, is intended to define the role of the latter approach in the setting of allo-HSCT."
The association between the incidence of intestinal graft-vs-host disease and       antibiotic use after allogeneic hematopoietic stem cell transplantation.,"Intestinal microbiota plays an important role in the regulation of allogeneic       immune reaction after allogeneic hematopoietic stem cell transplantation       (allo-SCT). Intestinal graft-vs-host disease (GVHD) is one of the major causes of       mortality after allo-SCT and often complicated with intestinal dysbiosis. Recent       studies suggest that antibiotic-induced dysbiosis is a risk factor for intestinal       GVHD. We retrospectively evaluated the impacts of antibiotic use on the incidence       of intestinal GVHD occurring before day 100 after allo-SCT. Among 213 patients       who underwent allo-SCT, 200 patients achieving engraftment were analyzed.       Antibiotics were classified into carbapenem, quinolone, penicillin, cephem, and       glycopeptide. Among 128 patients who developed acute GVHD, intestinal GVHD       developed in 36 patients. Patients with intestinal GVHD received significantly       longer administration of carbapenem and glycopeptide compared to those without it       in periengraftment period. In multivariate analysis, use of carbapenem for       greater than 7¬†days was associated with an increased risk of intestinal GVHD.       However, use of antibiotics for greater than 7¬†days was not associated with poor       overall survival and high nonrelapse mortality. Long use of carbapenem in       periengraftment period may be a risk for intestinal GVHD. Prospective studies are       required to validate our findings."
Current Concepts and Advances in Graft-Versus-Host Disease Immunology.,"Worldwide, each year over 30,000 patients undergo an allogeneic hema-topoietic       stem cell transplantation with the intent to cure high-risk hematologic       malignancy, immunodeficiency, metabolic disease, or a life-threatening bone       marrow failure syndrome. Despite substantial advances in donor selection and       conditioning regimens and greater availability of allograft sources, transplant       recipients still endure the morbidity and mortality of graft-versus-host disease       (GVHD). Herein, we identify key aspects of acute and chronic GVHD       pathophysiology, including host/donor cell effectors, gut dysbiosis, immune       system and cytokine imbalance, and the interface between inflammation and tissue       fibrosis. In particular, we also summarize the translational application of this       heightened understanding of immune dysregulation in the design of novel therapies       to prevent and treat GVHD."
Prolonged gut microbial alterations in post-transplant survivors of allogeneic       haematopoietic stem cell transplantation.,"Dysbiosis of the gut microbiota has been reported to increase early complications       after allogeneic haematopoietic stem cell transplantation (allo-HSCT). However,       it remains unclear whether gut microbial alterations persist during late       complications, such as chronic graft-versus-host disease (cGVHD) or secondary       cancers. Here, we analysed the gut microbiota of 59 patients who survived for       1-21.7‚Äâyears (median, 6.4‚Äâyears) after allo-HSCT. Long-term survivors showed       lower gut microbial diversity than the age- and sex-matched healthy controls.       This decreased diversity was reflected in the reduced abundance of the       butyrate-producing bacteria. Patients with a history of grade 3 acute       graft-versus-host disease (aGVHD) exhibited higher Veillonella abundance than       patients with a history of grade 1-2 or non-aGVHD cases. The abundance of       Faecalibacterium showed no decrease only in limited cGVHD cases. Additionally,       the microbial structure in the secondary cancer group was significantly different       (p‚Äâ<‚Äâ0.05) from that in the non-secondary cancer group. This study is the first       to show that microbial dysbiosis is present over a 10-year lifetime after       discharge following allo-HSCT. Our results suggest that these prolonged gut       microbial alterations may be associated with the development and exacerbation of       late complications in post-transplant survivors."
Prolonged gut microbial alterations in post-transplant survivors of allogeneic haematopoietic stem cell transplantation,
Distinct Regulatory and Effector T Cell Metabolic Demands during       Graft-Versus-Host Disease.,"Despite graft-versus-host disease (GVHD) prophylactic agents, the success and       wider utilization of allogeneic hematopoietic stem cell transplantation       (allo-HSCT) is limited by GVHD. Increasing donor graft regulatory T¬†cell       (Treg):effector T¬†cell (Teff) ratios can substantially reduce GVHD in cancer       patients, but pre-HSCT conditioning regimens and GVHD create a challenging       inflammatory environment for Treg stability, persistence, and function.       Metabolism plays a crucial role in¬†T¬†cell and Treg differentiation, and       development of effector function. Although glycolysis is a¬†main driver of       allogeneic T¬†cell-driven GVHD, oxidative phosphorylation is a main driver of¬†Treg       suppressor function. This review focuses on recent advances in our understanding       of Treg metabolism in the context of GVHD, and discusses potential therapeutic       applications of Tregs in the prevention or treatment of GVHD in cancer patients."
Metagenomic Analysis of the Stool Microbiome in Patients Receiving Allogeneic Stem Cell Transplantation: Loss of Diversity Is Associated with Use of Systemic Antibiotics and More Pronounced in Gastrointestinal Graft-versus-Host Disease," Next-generation sequencing of the hypervariable V3 region of the 16s rRNA gene isolated from serial stool specimens collected from 31 patients receiving allogeneic stem cell transplantation (SCT) was performed to¬†elucidate variations in the composition of the intestinal microbiome in the course of allogeneic SCT. Metagenomic analysis was complemented by strain-specific enterococcal PCR and indirect assessment of bacterial load by liquid chromatography-tandem mass spectrometry of urinary indoxyl sulfate. At the time of admission, patients showed a predominance of commensal bacteria. After transplantation, a relative shift toward enterococci was observed, which was more pronounced under antibiotic prophylaxis and treatment of neutropenic infections. The shift was particularly prominent in patients that developed subsequently or suffered from active gastrointestinal (GI) graft-versus-host disease (GVHD). The mean proportion of enterococci in post-transplant stool specimens was 21% in patients who did not develop GI GVHD as compared with 46% in those that subsequently developed GI GVHD and 74% at the time of active GVHD. Enterococcal PCR confirmed predominance of Enterococcus faecium or both E.¬†faecium and Enterococcus faecalis in these specimens. As a consequence of the loss of bacterial diversity, mean urinary indoxyl sulfate¬†levels dropped from 42.5¬†¬±¬†11¬†Œºmol/L to 11.8¬†¬±¬†2.8¬†Œºmol/L in all post-transplant samples and to 3.5¬†¬±¬†3¬†Œºmol/L in samples from patients with active GVHD. Our study reveals major microbiome shifts in the course of allogeneic SCT that occur in the period of antibiotic treatment but are more prominent in association with GI GVHD. Our data indicate early microbiome shifts and a loss of diversity of the intestinal microbiome that may affect intestinal inflammation in the setting of allogeneic SCT."
Interplay Between the Intestinal Microbiota and Acute Graft-Versus-Host Disease: Experimental Evidence and Clinical Significance,"Allogeneic hematopoietic stem cell transplantation (allo-HSCT) is a potentially curative therapy for many hematological disorders and autoimmune diseases, but acute graft-versus-host disease (aGVHD) has remained a major obstacle that limits allo-HSCT and exhibits a daunting mortality rate. The gastrointestinal system is among the most common sites affected by aGVHD. Experimental advances in the field of intestinal microbiota research enhanced our understanding - not only of the quantity and diversity of intestinal microbiota - but also their association with homeostasis of the immune system and disease pathogenesis, including that of aGVHD. Meanwhile, ever-growing clinical evidence suggest that the intestinal microbiota is dysregulated in patients who develop aGVHD and that the imbalance may affect clinical outcomes, indicating a potential predictive role for microbiota dysregulation in aGVHD severity and prognosis. The current animal and human studies investigating the intestinal microbiota in aGVHD and the understanding of the influence and management of the microbiota in the clinic are reviewed herein. Taken together, monitoring and remodeling the intestinal microecology following allo-HSCT may provide us with promising avenues for diagnosing, preventing or treating aGVHD in the clinic."
Pharmacomicrobiomics in blood cancers: How the gut microbiome and its metabolites       shape drug efficacy and toxicity.,"Clinical management of hematologic cancers is frequently complicated by marked,       unpredictable inter-patient variation in both therapeutic benefit and adverse       effects. Beyond host genetics, accumulating mechanistic and translational data       implicate the gut microbiota and its small-molecule metabolome as active       modifiers of drug chemistry, host immune tone, and clinical outcomes. In this       review we synthesize three recurring, actionable findings: (1) discrete microbial       enzymes, most prominently bacterial Œ≤-glucuronidases, repeatedly re-activate       hepatic drug-glucuronides in the gut and amplify local gastrointestinal toxicity       (e.g., irinotecan and mycophenolate), a pathway successfully targeted in       preclinical and translational studies. (2) loss of anaerobic short-chain fatty       acid production, especially butyrate, is a recurrent, causal mediator of mucosal       injury and aggravated graft-versus-host disease after allogeneic hematopoietic       cell transplantation. (3) reduced gut microbial diversity and the depletion of       key functional taxa predict worse transplant outcomes (including mortality),       arguing that baseline ecosystem state is a prognostic biomarker that merits       routine consideration in trial design. Building on these syntheses, we propose a       compact clinical framework for hematology trials and practice: (A) baseline       ecosystem phenotyping (shotgun metagenome + targeted metabolite panel including       butyrate and measured bacterial Œ≤-glucuronidase activity), (B) risk-stratified       interventions (enzyme-targeted inhibitors, defined consortia, or metabolite       replacement for high-risk patients), and (C) embedded holo-omic endpoints to       confirm on-target biochemical modulation and link molecular change to clinical       benefit. Together, these elements move Pharmacomicrobiomics beyond descriptive       cataloging toward mechanistic stratification and testable interventions that can       reduce unexplained variability in drug response and toxicity for patients with       leukemia, lymphoma and myeloma."
Associations of the gut microbiome and clinical factors with acute GVHD in       allogeneic HSCT recipients.,"Acute graft-versus-host disease (aGVHD) is a leading cause of       transplantation-related mortality after allogeneic hematopoietic stem cell       transplantation (aHSCT). 16S ribosomal RNA (16S rRNA) gene-based studies have       reported that lower gut bacterial diversity and the relative abundance of certain       bacteria after aHSCT are associated with aGVHD. Using shotgun metagenomic       sequencing and a large cohort, we aimed to confirm and extend these observations.       Adult aHSCT recipients with stool samples collected from day -30 to day 100       relative to aHSCT were included. One sample was selected per patient per period       (pre-aHSCT (day -30 to day 0), early post-aHSCT (day 1 to day 28), and late       post-aHSCT (day 29 to day 100)), resulting in 150 aHSCT recipients and 259       samples. Microbial and clinical factors were tested for differences between time       periods and an association with subsequent aGVHD. Patients showed a decline in       gut bacterial diversity posttransplant, with several patients developing a       dominance of Enterococcus. A total of 36 recipients developed aGVHD at a median       of 34 days (interquartile range, 26-50 days) post-aHSCT. Lower microbial gene       richness (P = .02), a lower abundance of the genus Blautia (P = .05), and a lower       abundance of Akkermansia muciniphila (P = .01) early post-aHSCT was observed in       those who developed aGVHD. Myeloablative conditioning was associated with aGVHD       along with a reduction in gene richness and abundance of Blautia and A       muciniphila. These results confirm low diversity and Blautia being associated       with aGVHD. Crucially, we add that pretransplant conditioning is associated with       changes in gut microbiota. Investigations are warranted to determine the       interplay of gut microbiota and conditioning in the development of aGVHD."
Understanding Luminal Microorganisms and Their Potential Effectiveness in Treating Intestinal Inflammation,
Specific gut microbiome members are associated with distinct immune markers in pediatric allogeneic hematopoietic stem cell transplantation,"Increasing evidence reveals the importance of the microbiome in health and disease and inseparable host-microbial dependencies. Host-microbe interactions are highly relevant in patients receiving allogeneic hematopoietic stem cell transplantation (HSCT), i.e., a replacement of the cellular components of the patients‚Äô immune system with that of a foreign donor. HSCT is employed as curative immunotherapy for a number of non-malignant and malignant hematologic conditions, including cancers such as acute lymphoblastic leukemia. The procedure can be accompanied by severe side effects such as infections, acute graft-versus-host disease (aGvHD), and death. Here, we performed a longitudinal analysis of immunological markers, immune reconstitution and gut microbiota composition in relation to clinical outcomes in children undergoing HSCT. Such an analysis could reveal biomarkers, e.g., at the time point prior to HSCT, that in the future could be used to predict which patients are of high risk in relation to side effects and clinical outcomes and guide treatment strategies accordingly. In two multivariate analyses (sparse partial least squares regression and canonical correspondence analysis), we identified three consistent clusters: (1) high concentrations of the antimicrobial peptide human beta-defensin 2 (hBD2) prior to the transplantation in patients with high abundances of Lactobacillaceae, who later developed moderate or severe aGvHD and exhibited high mortality. (2) Rapid reconstitution of NK and B cells in patients with high abundances of obligate anaerobes such as Ruminococcaceae, who developed no or mild aGvHD and exhibited low mortality. (3) High inflammation, indicated by high levels of C-reactive protein, in patients with high abundances of facultative anaerobic bacteria such as Enterobacteriaceae. Furthermore, we observed that antibiotic treatment influenced the bacterial community state. We identify multivariate associations between specific microbial taxa, host immune markers, immune cell reconstitution, and clinical outcomes in relation to HSCT. Our findings encourage further investigations into establishing longitudinal surveillance of the intestinal microbiome and relevant immune markers, such as hBD2, in HSCT patients. Profiling of the microbiome may prove useful as a prognostic tool that could help identify patients at risk of poor immune reconstitution and adverse outcomes, such as aGvHD and death, upon HSCT, providing actionable information in guiding precision medicine."
Microbiota long-term dynamics and prediction of acute graft-versus-host disease in pediatric allogeneic stem cell transplantation,"Patients undergoing allogeneic hematopoietic stem cell transplantation (HSCT) exhibit changes in their gut microbiota and are experiencing a range of complications, including acute graft-versus-host disease (aGvHD). It is unknown if, when, and under which conditions a re-establishment of microbial and immunological homeostasis occurs. It is also unclear whether microbiota long-term dynamics occur at other body sites than the gut such as the mouth or nose. Moreover, it is not known whether the patients‚Äô microbiota prior to HSCT holds clues to whether the patient would suffer from severe complications subsequent to HSCT. Here, we take a holobiont perspective and performed an integrated host-microbiota analysis of the gut, oral, and nasal microbiota in 29 children undergoing allo-HSCT. The bacterial diversity decreased in the gut, nose, and mouth during the first month and reconstituted again 1‚Äì3 months after allo-HSCT. The microbial community composition traversed three phases over 1 year. Distinct taxa discriminated the microbiota temporally at all three body sides, including Enterococcus spp., Lactobacillus spp., and Blautia spp. in the gut. Of note, certain microbial taxa appeared already changed in the patients prior to allo-HSCT as compared with healthy children. Acute GvHD occurring after allo-HSCT could be predicted from the microbiota composition at all three body sites prior to HSCT. The reconstitution of CD4+ T cells, TH17, and B cells was associated with distinct taxa of the gut, oral, and nasal microbiota. This study reveals for the first time bacteria in the mouth and nose that may predict aGvHD. Monitoring of the microbiota at different body sites in HSCT patients and particularly through involvement of samples prior to transplantation may be of prognostic value and could assist in guiding personalized treatment strategies. The identification of distinct bacteria that have a potential to predict post-transplant aGvHD might provide opportunities for an improved preventive clinical management, including a modulation of microbiomes. The host-microbiota associations shared between several body sites might also support an implementation of more feasible oral and nasal swab sampling-based analyses. Altogether, the findings suggest that the microbiota and host factors together could provide actionable information to guiding precision medicine. 92cAJ6KC3SeHUVAFGfZKuDVideo Abstract Video Abstract"
Mucosal microbiotas and their role in stem cell transplantation.,"Mucosal microbiotas and their role in stem cell transplantation. Patients with       hematological disorders such as leukemia often undergo allogeneic hematopoietic       stem cell transplantation, and thereby receive stem cells from a donor for       curation of disease. This procedure also involves immunosuppressive and       antimicrobial treatments that disturb the important interactions between the       microbiota and the immune system, especially at mucosal sites. After       transplantation, bacterial diversity decreases together with a depletion of       Clostridia, and shifts toward predominance of Proteobacteria. Infectious and       inflammatory complications, such as graft-versus-host disease, also interfere       with patient recovery. This review collects and contextualizes current knowledge       of the role of mucosal microbiotas at different body sites in stem cell       transplantation, proposes underlying mechanisms, and discusses potential clinical       value of bacterial markers for improved treatment strategies."
Additional file 15: of Specific gut microbiome members are associated with distinct immune markers in pediatric allogeneic hematopoietic stem cell transplantation,
Effect of Antibiotics With Anaerobic Coverage on Graft-Versus-Host Disease in       Patients Undergoing Allogeneic Hematopoietic Stem Cell Transplantation: A       Systematic Review and Meta-Analysis.,"BACKGROUND: Broad-spectrum antibiotics are standard for febrile neutropenia (FN)       in allogeneic hematopoietic stem cell transplantation (HSCT) but may disrupt gut       microbiota, increasing the risk of graft-versus-host disease (GVHD). However,       current evidence on the effects of anaerobic versus limited anaerobic antibiotic       coverage on GVHD-related outcomes remains inconclusive. METHODS: We       systematically searched for studies assessing overall survival, acute GVHD       incidence, and GVHD-related mortality in patients with allogeneic HSCT receiving       antibiotics with anaerobic versus limited anaerobic coverage. A random-effects       meta-analysis calculated risk ratios (RRs) and 95% confidence intervals (CIs)       after assessing bias risk. RESULTS: Six of the 323 screened studies met the       inclusion criteria, encompassing 2169 patients: five studies included adult       populations, and one included a pediatric population. Meta-analysis revealed no       significant difference in 1-year overall survival between the anaerobic and the       limited anaerobic coverage groups (RR: 1.01; 95% CI: 0.92-1.12). Acute GVHD       incidence was significantly higher in the anaerobic coverage group than in the       limited anaerobic coverage group (RR: 1.33; 95% CI: 1.17-1.51). GVHD-related       mortality tended to be higher in the anaerobic coverage group than in the limited       coverage group (RR: 1.65; 95% CI: 0.94-2.91). Of the six studies, three had a       high risk of bias. Moderate heterogeneity was observed between citations       regarding GVHD-related mortality (I(2) = 63%). CONCLUSION: Antibiotics with       anaerobic coverage appear to increase acute GVHD incidence in patients who       received an allogeneic HSCT compared to antibiotics with limited anaerobic       coverage. However, the strength of this conclusion is limited by the quality of       available evidence. Further well-designed research is necessary to clarify the       impact of anaerobic antibiotic coverage on GVHD-related outcomes."
Possible clinical outcomes using early enteral nutrition in individuals with       allogeneic hematopoietic stem cell transplantation: A single-center retrospective       study.,"OBJECTIVES: Intensive nutritional support during allogeneic hematopoietic stem       cell transplantation (allo-HSCT) yields improved clinical outcomes. However, the       clinical implications of early enteral nutrition (EN) in allo-HSCT remain       unclear. This retrospective study was conducted to determine the significance of       early EN in individuals who underwent allo-HSCT, and the association between       early nutritional intervention and clinical outcomes, including the status of the       intestinal microbiome. METHODS: Thirty-one participants received EN before       conditioning. The intestinal microbiota was examined by meta 16S rRNA gene       sequencing of fecal samples. RESULTS: The median body mass variation was only       -0.35 kg on day 60. The probability of 2-y overall survival was 61.1%. The       cumulative incidence of treatment-related mortality was 17.4%, and those of acute       graft-versus-host disease were 32.3% (grades II-IV) and 3.2% (grades III-IV).       Chronic graft-versus-host disease was observed in four participants. Dysbiosis of       the intestines and acute graft-versus-host disease occurred simultaneously, and       Enterococcus species were abundant. CONCLUSIONS: Our results suggest that early       nutritional support can improve the outcomes for individuals who have undergone       allo-HSCT and can maintain homeostasis of their intestinal microbiome. Future       prospective clinical trials are required to elucidate the role of EN in allo-HSCT       and the association between the intestinal microbiome and EN."
Clostridioides difficile Infection and Risk of Acute Graft-versus-Host Disease       among Allogeneic Hematopoietic Stem Cell Transplantation Recipients.,"Clostridioides difficile infection (CDI) is a major cause of infectious diarrhea       among allogeneic hematopoietic stem cell transplantation (allo-HSCT) recipients.       The relationship between CDI and acute graft-versus-host disease (aGVHD) has been       a topic of interest, as these 2 conditions may influence each other. We studied       the temporal relationship of CDI to aGVHD in the first 100 days       post-transplantation in a large cohort of allo-HSCT recipients. We performed a       retrospective cohort study of adult patients undergoing their first allo-HSCT at       our tertiary care medical center between January 1, 2010, and December 31, 2016.       Patients were followed for CDI diagnosis, development of aGVHD, and vital status       up to day +100 post-transplantation. Descriptive statistics and multivariate Cox       models with CDI as a time-varying covariate and aGVHD and high-grade aGVHD as       outcomes were used for data analyses. A total of 656 allo-HSCT recipients were       included in the analysis. Of these, 419 (64%) developed aGVHD, and 111 (17%) were       diagnosed with CDI within the first 100 days post-transplantation. CDI developed       before the onset of aGVHD in 72 of the 84 allo-HSCT recipients (85%) with both       CDI and aGVHD. Fidaxomicin was used in the treatment of 57 of the 111 CDI cases       (50%), whereas vancomycin was used in 52 (47%). Most of the CDI cases (88%) were       diagnosed in the peritransplantation period (between day -10 and day +10). The       median time to the development of CDI and aGVHD was 3.5 days (range, -7 to 95       days) and 33 days (range, 9 to 98 days) post-transplantation, respectively. Using       multivariate Cox model, the following predictors were significantly associated       with the development of aGVHD: CDI (adjusted hazard ratio [aHR], 1.52; 95%       confidence interval [CI], 1.17 to 1.97; P‚ÄØ=‚ÄØ.0018), transplantation from a       matched related donor (MRD) compared with a matched unrelated donor (aHR, 0.68;       95% CI, 0.54 to 0.85; P‚ÄØ=‚ÄØ.0003), and myeloablative versus nonmyeloablative       conditioning (aHR, 2.45; 95% CI, 1.80 to 3.34; P < .0001), adjusting for age,       sex, race, underlying disease, cytomegalovirus CMV serostatus, transplant source,       and receipt of antithymocyte globulin (ATG). There was no association between CDI       and high-grade aGVHD after adjustment for age, underlying disease, transplant       type, intensity of conditioning, and receipt of ATG (aHR, 1.59; 95% CI, 0.95 to       2.66; P‚ÄØ=‚ÄØ.0755). CDI after allo-HSCT is associated with increased risk of GVHD       when no CDI prophylaxis was used. Further studies examining CDI preventive       measures, including prophylaxis, as well as the preservation or reconstitution of       the gastrointestinal microbiome in the setting of HSCT are warranted."
Multimodal immune cell phenotyping in GI biopsies reveals microbiome-related T cell modulations in human GvHD,"Acute graft-versus-host disease (aGvHD) is a significant complication after allogeneic hematopoietic stem cell transplantation (aHSCT), but major factors determining disease severity are not well defined yet. By combining multiplexed tissue imaging and single-cell RNA sequencing on gastrointestinal biopsies from aHSCT-treated individuals with fecal microbiome analysis, we link high microbiome diversity and the abundance of short-chain fatty acid-producing bacteria to the sustenance of suppressive regulatory T¬†cells (Tregs). Furthermore, aGvHD severity strongly associates with the clonal expansion of mainly CD8 T¬†cells, which we find distributed over anatomically distant regions of the gut, persistent over time, and inversely correlated with the presence of suppressive Tregs. Overall, our study highlights the pathophysiological importance of expanded CD8 T¬†cell clones in the progression of aGvHD toward more severe clinical manifestations and strongly supports the further development of microbiome interventions as GvHD treatment via repopulation of the gut Treg niche to suppress inflammation."
Intestinal Blautia Is Associated with Reduced Death from Graft-versus-Host Disease," The relationship between intestinal microbiota composition and acute graft-versus-host disease (GVHD) after allogeneic blood/marrow transplantation (allo-BMT) is not well understood. Intestinal bacteria have long been thought to contribute to GVHD pathophysiology, but recent animal studies in nontransplant settings have found that anti-inflammatory effects are mediated by certain subpopulations of intestinal commensals. Hypothesizing that a more nuanced relationship may exist between the intestinal bacteria and GVHD, we evaluated the fecal bacterial composition of 64 patients 12 days after BMT. We found that increased bacterial diversity was associated with reduced GVHD-related mortality. Furthermore, harboring increased amounts of bacteria belonging to the genus Blautia was associated with reduced GVHD lethality in this cohort and was confirmed in another independent cohort of 51 patients from the same institution. Blautia abundance was also associated with improved overall survival. We evaluated the abundance of Blautia with respect to clinical factors and found that loss of Blautia was associated with treatment with antibiotics that inhibit anaerobic bacteria and receiving total parenteral nutrition for longer durations. We conclude that increased abundance of commensal bacteria belonging to the Blautia genus is associated with reduced lethal GVHD and improved overall survival."
Regulation of intestinal inflammation by microbiota following allogeneic bone marrow transplantation,"Despite a growing understanding of the link between intestinal inflammation and resident gut microbes, longitudinal studies of human flora before initial onset of intestinal inflammation have not been reported. Here, we demonstrate in murine and human recipients of allogeneic bone marrow transplantation (BMT) that intestinal inflammation secondary to graft-versus-host disease (GVHD) is associated with major shifts in the composition of the intestinal microbiota. The microbiota, in turn, can modulate the severity of intestinal inflammation. In mouse models of GVHD, we observed loss of overall diversity and expansion of Lactobacillales and loss of Clostridiales. Eliminating Lactobacillales from the flora of mice before BMT aggravated GVHD, whereas reintroducing the predominant species of Lactobacillus mediated significant protection against GVHD. We then characterized gut flora of patients during onset of intestinal inflammation caused by GVHD and found patterns mirroring those in mice. We also identified increased microbial chaos early after allogeneic BMT as a potential risk factor for subsequent GVHD. Together, these data demonstrate regulation of flora by intestinal inflammation and suggest that flora manipulation may reduce intestinal inflammation and improve outcomes for allogeneic BMT recipients."
How's your microbiota? Let's check your urine.,"In this issue of Blood, Weber and colleagues demonstrate that in the first 10       days following allogeneic hematopoietic transplantation, urinary 3-indoxyl       sulfate is a biomarker of intestinal microbiota health and predicts reduced       intestinal graft-versus-host disease (GVHD) and treatment-related mortality, as       well as improved overall survival."
Intestinal Blautia Is Associated with Reduced Death from Graft-versus-Host Disease,
Effect of GVHD on the gut and intestinal microflora.,"Graft-versus-host disease (GVHD) is one of the most important cause of death in       patients undergoing allogeneic hematopoietic stem cell transplantation       (allo-HSCT). The gastrointestinal tract is one of the most common sites affected       by GVHD. However, there is no gold standard clinical practice for diagnosing       gastrointestinal GVHD (GI-GVHD), and it is mainly diagnosed by the patient's       clinical symptoms and related histological changes. Additionally, GI-GVHD causes       intestinal immune system disorders, damages intestinal epithelial tissue such as       intestinal epithelial cells((IEC), goblet, Paneth, and intestinal stem cells, and       disrupts the intestinal epithelium's physical and chemical mucosal barriers. The       use of antibiotics and diet alterations significantly reduces intestinal       microbial diversity, further reducing bacterial metabolites such as short-chain       fatty acids and indole, aggravating infection, and GI-GVHD. gut microbe diversity       can be restored by fecal microbiota transplantation (FMT) to treat refractory       GI-GVHD. This review article focuses on the clinical diagnosis of GI-GVHD and the       effect of GVHD on intestinal flora and its metabolites."
Metabolic Potential of the Gut Microbiome Is Significantly Impacted by Conditioning Regimen in Allogeneic Hematopoietic Stem Cell Transplantation Recipients,
Pre-transplant and longitudinal changes in faecal microbiome characteristics are       associated with subsequent development of chronic graft-versus-host disease.,"The role of the gastrointestinal microbiome in predisposing to chronic       graft-versus-host disease (cGVHD), an immune-mediated haematopoietic cell       transplant (HCT) complication, is not well defined. We examined the relationship       of the host faecal microbiome with subsequent cGVHD development by analysing       baseline stool samples as well as post-HCT changes in microbiome composition and       metabolite pathway analyses. We analysed pre-transplant baseline samples from 11       patients who subsequently developed cGVHD compared to 13 controls who did not       develop acute GVHD or cGVHD at any time. We found a significant differential       abundance of multiple taxa at baseline between cGVHD versus controls, including       the Actinobacteria phylum and Clostridium genus. A subgroup analysis of       longitudinal samples within each patient revealed a greater loss of alpha       diversity from baseline to post-engraftment in patients who subsequently       developed cGVHD. Metabolic pathways analysis revealed that two pathways       associated with short-chain fatty acid metabolism were enriched in cGVHD patient       microbiomes: Œ≤-oxidation and acyl-CoA synthesis, and Œ≥-aminobutyrate shunt. In       contrast, a tryptophan catabolism pathway was enriched in controls. Our findings       show a distinct pattern of baseline microbiome and metabolic capacity that may       play a role in modulating alloreactivity in patients developing cGVHD. These       findings support the therapeutic potential of microbiome manipulation for cGVHD       prevention."
Impact of percutaneous endoscopic gastrostomy on pediatric bone marrow       transplantation outcomes: Retrospectice single-center cohort study.,"BACKGROUND: Parenteral nutrition is commonly used to ensure nutrition support and       prevent the harmful effects of malnutrition, which frequently occurs after       allogeneic hematopoietic stem cell transplantation (aHSCT). Nevertheless, enteral       nutrition supports the restoration of the gut barrier and microbiome as well as       protects against infectious complications and acute graft-vs-host disease.       Percutaneous endoscopic gastrostomy (PEG) may also be beneficial for gastric       decompression and drug administration. METHODS: We performed a retrospective       cohort study to evaluate the impact of PEG on treatment outcomes in 75 children       who underwent aHSCT with (n‚Äâ=‚Äâ34) or without (n‚Äâ=‚Äâ41) PEG from 2005 to 2016.       RESULTS: In 34 patients, PEG was used to ensure enteral nutrition support       (n‚Äâ=‚Äâ30), oral drug intake (n‚Äâ=‚Äâ28), and abdominal decompression (n‚Äâ=‚Äâ2). During       the study period, we observed a beneficial association between PEG placement and       transplant-related mortality as well as 5-year overall survival compared with the       non-PEG group (12.9% vs 59.0%, P‚Äâ=‚Äâ0.000; 85.3% vs 35.1%, P‚Äâ=‚Äâ0.000,       respectively). The beneficial impact of PEG was most prominent on 5-year overall       survival in older children (12-17 years) with grafts from matched unrelated       donors. CONCLUSIONS: PEG placement had a positive association with transplant       outcomes in pediatric patients undergoing aHSCT. To confirm these results, larger       prospective studies are needed."
Impact of broad-spectrum antibiotic exposures and multidrug-resistant       gram-negative bacteremia on hematopoietic cell transplantation outcomes.,"INTRODUCTION: There is a close association between the use of broad-spectrum       antibiotics, gut microbiome alteration, multidrug resistant (MDR) gram-negative       bacilli (GNB) bacteremia, graft versus host disease (GVHD), and mortality       post-allogeneic hematopoietic cell transplantation (allo-HCT). This study reports       the impact of the high use of carbapenems and colistin and MDR bacteremia pre-       and post-HCT on HCT outcomes. METHODS: This was a single-center, partial       retrospective, and prospective study from 2016 to 2020. Both pre- and post-HCT       antibiotic exposures and blood culture/sensitivity were recorded. MDR GNB was       defined as either non-susceptibility to third-generation cephalosporin or       carbapenems. In the absence of positive cultures, the treating physician       escalated antibiotics from third-generation cephalosporins to carbapenem and/or       colistin as per clinical discretion. De-escalation policy was not strictly       enforced. RESULTS: MDR GNB bacteremia was seen in 29 of 76 (38%) of patients       peri-HCT. The utilization rates for carbapenems and colistin was significantly       higher in the cohort with MDR GNB bacteremia pre-HCT (70%¬†vs. 32%, p¬†=¬†0.002 and       31%¬†vs. 6.4%, p¬†=¬†0.007, respectively) and post-HCT (100%¬†vs. 74.5%, p¬†=¬†0.002,       and 55.2%¬†vs. 8.5%, p¬†<¬†0.0001, respectively). The cohort with MDR GNB bacteremia       had significantly more severe acute GVHD at day+100 (45%¬†vs. 17.5%, p¬†=¬†0.009).       The median survival was 204 days compared to not reached in the cohort without       any MDR GNB bacteremia (p¬†=¬†0.005). CONCLUSION: This study shows pre- and       post-HCT MDR GNB bacteremia is associated with an increased risk of severe acute       GVHD and mortality. Patients with MDR GNB bacteremia had higher exposure to pre-       and post-HCT carbapenems and colistin."
Integrated meta-omic analyses of the gastrointestinal tract microbiome in       patients undergoing allogeneic hematopoietic stem cell transplantation.,"In patients undergoing allogeneic hematopoietic stem cell transplantation       (allo-HSCT), treatment-induced changes to the gastrointestinal tract (GIT)       microbiome have been linked to adverse outcomes, most notably graft-versus-host       disease (GvHD). However, it is presently unknown whether this relationship is       causal or consequential. Here, we performed an integrated meta-omic analysis to       probe deeper into the GIT microbiome changes during allo-HSCT and its       accompanying treatments. We used 16S and 18S rRNA gene amplicon sequencing to       resolve archaea, bacteria, and eukaryotes within the GIT microbiomes of 16       patients undergoing allo-HSCT for the treatment of hematologic malignancies.       These results revealed a major shift in the GIT microbiome after allo-HSCT       including a marked reduction in bacterial diversity, accompanied by only limited       changes in eukaryotes and archaea. An integrated analysis of metagenomic and       metatranscriptomic data was performed on samples collected from a patient before       and after allo-HSCT for acute myeloid leukemia. This patient developed severe       GvHD, leading to death 9 months after allo-HSCT. In addition to drastically       decreased bacterial diversity, the post-treatment microbiome showed a higher       overall number and higher expression levels of antibiotic resistance genes       (ARGs). One specific Escherichia coli strain causing a paravertebral abscess was       linked to GIT dysbiosis, suggesting loss of intestinal barrier integrity. The       apparent selection for bacteria expressing ARGs suggests that prophylactic       antibiotic administration may adversely affect the overall treatment outcome. We       therefore assert that such analyses including information about the selection of       pathogenic bacteria expressing ARGs may assist clinicians in ""personalizing""       regimens for individual patients to improve overall outcomes."
Gut Microbiome Modulation and Faecal Microbiota Transplantation Following Allogenic Hematopoietic Stem Cell Transplantation,"Allogenic hematopoietic stem cell transplantation (allo-HSCT) represents a significant part of the treatment for hematologic malignancies and other types of diseases. Allo-HSCT-related complications, such as conditioning chemotherapy, graft-versus-host disease, mucositis, irradiation, administration of antibiotics, recurrent Clostridioides difficile infection, and many others, can alter the gut microbiota composition, leading to its imbalance. Consequently, the disruption of gut microbiota homeostasis and loss of gut-barrier integrity affect therapy efficacy. Thus, restoring gut microbiota diversity and maintaining its balance seem to be strongly needed in these cases. Promising effects were observed after fecal microbiota transplantation (FMT). Notwithstanding, FMT efficacy was confirmed in Clostridium difficile infection treatment in HSCT recipients. Gut microbiota may be also modified by prebiotics, probiotics, synbiotics, and postbiotics. However, the administration of fungal probiotics is associated with the risk of fungemia/septicemia, especially in immunocompromised patients. Nowadays, allogenic hematopoietic stem cell transplantation (allo-HSCT) is a curative therapy that is mainly recommended for hematologic malignancies. However, complications (such as graft-versus-host disease, mucositis, disease relapse, and infections) associated with the HSCT procedure contribute to the development of gut microbiota imbalance, gut-barrier disruption, and increased intestinal permeability. In the present narrative review, the crosstalk between gut microbiota products and intestinal homeostasis is discussed. Notably, gut-microbiota-related aspects have an impact on patients‚Äô clinical outcomes and overall survival. In accordance with the most recent published data, gut microbiota is crucial for the treatment effectiveness of many diseases, not only gastrointestinal cancers but also hematologic malignancies. Therefore, it is necessary to indicate a therapeutic method allowing to modulate gut microbiota in HSCT recipients. Currently, fecal microbiota transplantation (FMT) is the most innovative method used to alter/restore gut microbiota composition, as well as modulate its activity. Despite the fact that some previous data have shown promising results, the knowledge regarding FMT in HSCT is still strongly limited, except for the treatment of Clostridium difficile infection. Additionally, administration of prebiotics, probiotics, synbiotics, and postbiotics can also modify gut microbiota; however, this strategy should be considered carefully due to the high risk of fungemia/septicemia (especially in case of fungal probiotics)."
Obesity induces gut microbiota alterations and augments acute graft-versus-host disease after allogeneic stem cell transplantation,"The efficacy of allogeneic hematopoietic stem cell transplantation (allo-HSCT) is limited by acute and chronic graft-versus-host disease (GVHD). The impact of obesity on allo-HSCT outcomes is poorly understood. Here, we report that obesity had a negative and selective impact on acute gut GVHD after allo-HSCT in mice with diet-induced obesity (DIO). These animals exhibited increased gut permeability, endotoxin translocation across the gut, and radiation-induced gastrointestinal damage after allo-HSCT. After allo-HSCT, both male and female DIO mouse recipients showed increased proinflammatory cytokine production and expression of the GVHD marker ST2 (IL-33R) and MHC class II molecules; they also exhibited decreased survival associated with acute severe gut GVHD. This rapid-onset, obesity-associated gut GVHD depended on donor CD4+ T cells and occurred even with a minor MHC mismatch between donor and recipient animals. Retrospective analysis of clinical cohorts receiving allo-HSCT transplants from unrelated donors revealed that recipients with a high body mass index (BMI, >30) had reduced survival and higher serum ST2 concentrations compared with nonobese transplant recipients. Assessment of both DIO mice and allo-HSCT recipients with a high BMI revealed reduced gut microbiota diversity and decreased Clostridiaceae abundance. Prophylactic antibiotic treatment protected DIO mouse recipients from endotoxin translocation across the gut and increased inflammatory cytokine production, as well as gut pathology and mortality, but did not protect against later development of chronic skin GVHD. These results suggest that obesity-induced alterations of the gut microbiota may affect GVHD after allo-HSCT in DIO mice, which could be ameliorated by prophylactic antibiotic treatment."
The emerging roles of the gut microbiome in allogeneic hematopoietic stem cell transplantation,"Allogeneic hematopoietic stem cell transplantation (allo-HSCT) is used for the treatment of hematologic cancers and disorders. However, graft-versus-host disease (GVHD) in which the donor immune cells attack the genetically-disparate recipient is a significant cause of morbidity. Acute GVHD is an inflammatory condition and the gastrointestinal system is a major organ affected but is also tied to beneficial graft-versus-tumor (GVT) effects. There is increasing interest on the role of the microbiome on immune function as well as on cancer progression and immunotherapy outcomes. However, there are still significant unanswered questions on the role the microbiome plays in GVHD progression or how to exploit the microbiome in GVHD prevention or treatment. In this review, concepts of HSCT with the focus on GVHD pathogenesis as well as issues in preclinical models used to study GVHD will be discussed with an emphasis on the impact of the microbiome. Factors affecting the microbiome and GVHD outcome such as obesity are also examined. The bridging of preclinical models and clinical outcomes in relation to the role of the microbiome will also be discussed along with possibilities for therapeutic exploitation."
New investigational drugs for steroid-refractory acute graft-versus-host disease:       a review of the literature.,"INTRODUCTION: Steroid-refractory acute graft-versus-host disease (SR-aGVHD)       remains a formidable obstacle in the field of allogeneic hematopoietic cell       transplantation (allo-HCT), significantly contributing to patient morbidity and       mortality. The current therapeutic landscape for SR-aGVHD is limited, often       yielding suboptimal results, thereby emphasizing the urgent need for innovative       and effective treatments. AREAS COVERED: In light of the pivotal REACH2 trial,       ruxolitinib phosphate, a Janus kinase inhibitor, has gained prominence as the       standard treatment for SR-aGVHD. Nevertheless, a considerable number of patients       either do not respond to or cannot tolerate this therapy. This review delves into       emerging treatments for SR-aGVHD, including mesenchymal stromal cells (MSCs),       fecal microbiota transplantation (FMT), CD3/CD7 blockade, neihulizumab,       begelomab, tocilizumab, and vedolizumab. While some of these agents have shown       encouraging results in early-phase trials, issues such as treatment-related       toxicities and inconsistent responses in larger studies highlight the necessity       for ongoing research. EXPERT OPINION: Current trials exploring new agents and       combination therapies offer hope for fulfilling the unmet clinical needs in       SR-aGVHD, potentially leading to more effective and precise treatment strategies."
Early Clostridium difficile infection during allogeneic hematopoietic stem cell       transplantation.,"Clostridium difficile infection (CDI) is frequently diagnosed in recipients of       allogeneic hematopoietic stem cell transplantation (allo-HSCT). We characterized       early-transplant CDI and its associations, and analyzed serially-collected feces       to determine intestinal carriage of toxigenic C. difficile. Fecal specimens were       collected longitudinally from 94 patients during allo-HSCT hospitalization, from       the start of pre-transplant conditioning until up to 35 days after stem cell       infusion. Presence of C. difficile 16S rRNA and tcdB genes was determined.       Clinical variables and specimen data were analyzed for association with       development of CDI. Historical data from an additional 1144 allo-HSCT patients       was also used. Fecal specimens from 37 patients (39%) were found to harbor C.       difficile. Early-transplant CDI was diagnosed in 16 of 94 (17%) patients       undergoing allo-HSCT; cases were generally mild and resembled non-CDI diarrhea       associated with transplant conditioning. CDI was associated with preceding       colonization with tcdB-positive C. difficile and conditioning regimen intensity.       We found no associations between early-transplant CDI and graft-versus-host       disease or CDI later in transplant. CDI occurs with high frequency during the       early phase of allo-HSCT, where recipients are pre-colonized with toxigenic C.       difficile. During this time, CDI incidence peaks during pre-transplant       conditioning, and is correlated to intensity of the treatment. In this unique       setting, high rates of CDI may be explained by prior colonization and       chemotherapy; however, cases were generally mild and resembled non-infectious       diarrhea due to conditioning, raising concerns of misdiagnosis. Further study of       this unique population with more discriminating CDI diagnostic tests are       warranted."
Mucosal calprotectin is associated with severity of aGI-GVHD and poor outcomes       after allogeneic stem cell transplantation.,"Calprotectin, a calcium- and zinc-binding protein that comprises the subunits       S100A8 and S100A9, has been extensively studied as a biomarker of       gastrointestinal (GI) inflammation through fecal and serum analyses. However, its       role in intestinal tissue remains poorly understood because of the limited       availability of biopsy specimens. In this study, we analyzed S100A8 and S100A9       messenger RNA (mRNA) expression in 579 intestinal biopsy specimens from       allogeneic stem cell transplantation recipients and observed a strong association       with acute GI graft-versus-host disease (aGI-GVHD; P< .001). Neutrophil       infiltration correlated with the severity of aGI-GVHD (P< .001), and calprotectin       expression was strongly linked to Toll-like receptor 4 (TLR4; P< .001) and TLR2       (P< .001) expression. Both TLR4 and aGI-GVHD were associated with elevated       calprotectin mRNA levels (P< .001). When patients received broad-spectrum       antibiotics at disease onset, calprotectin expression was suppressed (S100A8, P =       .001; S100A9, P = .01). GI site-specific differences in calprotectin expression       were identified: during severe aGI-GVHD, levels increased up to 30-fold in the       small intestine and up to fivefold in the large intestine with respect to mild or       no aGI-GVHD, whereas under homeostasis, the large intestine exhibited higher       baseline calprotectin (P = .001). The high clinical relevance of this finding is       evident from the observation that calprotectin expression was prognostic for       transplant-related mortality. Our study suggests that (1) calprotectin is a       potential biopsy biomarker in aGI-GvHD and (2) calprotectin expression and       neutrophil infiltration possibly indicate translocation of microbiota, which (3)       may be modulated by antibiotics."
Intestinal Microbiota Influence Immune Tolerance Post Allogeneic Hematopoietic Cell Transplantation and Intestinal GVHD,"Under normal conditions our intestines are inhabited by trillions of diverse microorganisms composing the intestinal microbiota, which are mostly non-pathogenic anaerobic commensal bacteria vital for the maintenance of immune homeostasis. The composition and diversity of the intestinal microbiota can be disturbed by various factors including diet, antibiotics, and exposure to intestinal pathogens. Alterations of the intestinal microbiota contributes to many diseases including graft-vs.-host disease (GVHD), a life threatening complication that occurs after allogeneic hematopoietic cell transplantation (allo-HCT) caused by an allogeneic reaction of donor T cells against recipient target tissues. Intestinal GVHD is most difficult to treat and connected to a high mortality. Due to recent advances in high-throughput sequencing technology, composition of the microbiome during allo-HCT has been characterized, and some common patterns have been identified. Metabolites produced by intestinal bacteria were shown to promote intestinal tissue homeostasis and immune tolerance post-allo-HCT. In this review, we discuss the role of the intestinal microbiota and metabolites in the context of acute GVHD. Moreover, novel therapeutic approaches that aim at protecting or regenerating intestinal cell populations will be highlighted."
"[Recent Advances in Research on the Relationship between Gut Microbiota, Its       Metabolites, and Acute Myeloid Leukemia--Review].","Gut microbiota and its metabolites are associated with a variety of hematological       malignancies, including acute myeloid leukemia (AML). AML patients commonly       suffer from imbalances in intestinal homeostasis before and after chemotherapy       and allogeneic hematopoietic stem cell transplantation (allo-HSCT). The diversity       and abundance of gut microbiota, as well as the levels of metabolites, may be       biomarkers for predicting the occurrence of infection and graft-versus-host       disease (GVHD) in AML patients. In order to offer a theoretical foundation for       optimizing treatment strategies for AML patients, this review summarized the       latest research progress on gut microbiota and its metabolites in relation to the       occurrence, development, treatment and prognosis of AML."
"Strategies before, during, and after hematopoietic cell transplantation to       improve T-cell immune reconstitution.","T-cell immune reconstitution (IR) after allogeneic hematopoietic cell       transplantation (allo-HCT) is highly variable between patients and may take       several months to even years. Patients with delayed or unbalanced T-cell IR have       a higher probability of developing transplantation-related morbidity, mortality,       and relapse of disease. Hence, there is a need for strategies to better predict       and improve IR to reduce these limitations of allo-HCT. In this review, we       provide an update of current and in-near-future clinically relevant strategies       before, during, and after transplantation to achieve successful T-cell IR. Potent       strategies are choosing the right HCT source (eg, donor-recipient matching, cell       dose, graft manipulation), individualized conditioning and serotherapy (eg,       antithymocyte globulin), nutritional status, exercise, home care, modulation of       microbiota, enhancing homeostatic peripheral expansion, promoting thymopoiesis,       and the use of adjuvant-targeted cellular immunotherapies. Strategies to prevent       graft-versus-host disease are important as well because this complication and the       subsequent need for immunosuppression affects T-cell IR and function. These       options aim for personalized precision transplantation, where allo-HCT therapy is       designed to boost a well-balanced T-cell IR and limit complications in individual       patients, resulting in overall lower morbidity and higher survival chances."
Reconstitution of Circulating Mucosal-Associated Invariant T Cells after       Allogeneic Hematopoietic Cell Transplantation: Its Association with the       Riboflavin Synthetic Pathway of Gut Microbiota in Cord Blood Transplant       Recipients.,"Mucosal-associated invariant T (MAIT) cells are a type of innate lymphocyte and       recognize riboflavin (vitamin B2) synthesis products presented by MHC-related       protein 1. We investigated long-term reconstitution of MAIT cells and its       association with chronic graft-versus-host disease (cGVHD) in a cross-sectional       cohort of 173 adult patients after allogeneic hematopoietic cell transplantation.       According to donor source, the number of MAIT cells significantly correlated with       time after cord blood transplantation (CBT) but not with time after bone marrow       transplantation or peripheral blood stem cell transplantation. The number of MAIT       cells was significantly lower in patients with cGVHD compared with patients       without cGVHD. We also examined the association between MAIT cell reconstitution       and gut microbiota as evaluated by 16S ribosomal sequencing of stool samples 1 mo       post-CBT in 27 adult patients undergoing CBT. The diversity of gut microbiota was       positively correlated with better MAIT cell reconstitution after CBT.       Phylogenetic Investigation of Communities by Reconstruction of Unobserved States       analysis indicated that amounts of ribB and ribA genes were significantly higher       in the microbiomes of patients with subsequent MAIT cell reconstitution after       CBT. In conclusion, long-term MAIT cell reconstitution is dependent on the type       of donor source. Our data also unveiled an important role for the interaction of       circulating MAIT cells with gut microbiota in humans."
High Throughput Analysis Reveals Changes in Gut Microbiota and Specific Fecal Metabolomic Signature in Hematopoietic Stem Cell Transplant Patients,"There is mounting evidence for the emerging role of gut microbiota (GM) and its metabolites in profoundly impacting allogenic hematopoietic stem cell transplantation (allo-HSCT) and its subsequent complications, mainly infections and graft versus host-disease (GvHD). The present study was performed in order to investigate changes in GM composition and fecal metabolic signature between transplant patients (n = 15) and healthy controls (n = 18). The intestinal microbiota was characterized by NGS and gas chromatography‚Äìmass spectrometry was employed to perform untargeted analysis of fecal metabolites. We found lower relative abundances of Actinobacteria, Firmicutes, and Bacteroidetes and a higher abundance of Proteobacteria phylum after allo-HSCT. Particularly, the GvHD microbiota was characterized by a lower relative abundance of the short-chain fatty acid-producing bacteria, namely, the Feacalibacterium, Akkermansia, and Veillonella genera and the Lachnospiraceae family, and an enrichment in multidrug-resistant bacteria belonging to Escherichia, Shigella, and Bacteroides. Moreover, network analysis showed that GvHD was linked to a higher number of positive interactions of Blautia and a significant mutual-exclusion rate of Citrobacter. The fecal metabolome was dominated by lipids in the transplant group when compared with the healthy individuals (p < 0.05). Overall, 76 metabolites were significantly altered within transplant recipients, of which 24 were selected as potential biomarkers. Furthermore, the most notable altered metabolic pathways included the TCA cycle; butanoate, propanoate, and pyruvate metabolisms; steroid biosynthesis; and glycolysis/gluconeogenesis. Specific biomarkers and altered metabolic pathways were correlated to GvHD onset. Our results showed significant shifts in gut microbiota structure and fecal metabolites characterizing allo-HSCT."
Intestinal microbiota controls graft-versus-host disease independent of donor-host genetic disparity,"Acute graft-versus-host disease (aGVHD) remains a major limitation of allogeneic stem cell transplantation (SCT), and severe intestinal manifestation is the major cause of early mortality. Intestinal microbiota control MHC class II (MHC-II) expression by ileal intestinal epithelial cells (IECs) that promote GVHD. Here, we demonstrated that genetically identical mice of differing vendor origins had markedly different intestinal microbiota and ileal MHC-II expression, resulting in discordant GVHD severity. We utilized cohousing and antibiotic treatment to characterize the bacterial taxa positively and negatively associated with MHC-II expression. A large proportion of bacterial MHC-II inducers were vancomycin sensitive, and peri-transplant oral vancomycin administration attenuated CD4+ T¬†cell-mediated GVHD. We identified a similar relationship between pre-transplant microbes, HLA class II expression, and both GVHD and mortality in a large clinical SCT cohort. These data highlight therapeutically tractable mechanisms by which pre-transplant microbial taxa contribute to GVHD independently of genetic disparity."
Recent insights to the mechanisms of graft-versus-host disease.,"Allogeneic hematopoietic stem cell transplantation remains the cornerstone of       curative therapy for haematological malignancies but is limited by       graft-versus-host disease (GVHD), both acute and chronic. Exciting new approaches       have been developed to prevent GVHD in the last 5 years and some have already       successfully translated into the clinic. These strategies have been born from new       model systems that allow the dissection of alloantigen specific responses that       have in turn informed new disease paradigms. In this review, we discuss these       recent insights into the biology of GVHD that appear to be highly predictive for       improved clinical outcomes."
The primacy of gastrointestinal tract antigen-presenting cells in lethal       graft-versus-host disease.,"Allogeneic stem cell transplantation is a cornerstone of curative therapy for       high-risk and/or advanced hematological malignancies but remains limited by       graft-versus-host disease (GVHD). GVHD is initiated by the interaction between       recipient antigen-presenting cells (APCs) and donor T cells, culminating in       T-cell differentiation along pathogenic type-1 and type-17 paradigms at the       expense of tolerogenic regulatory T-cell patterns. Type-1 and type-17 T cells       secrete cytokines (eg, granulocyte-macrophage colony-stimulating factor and       interferon-Œ≥) critical to the cytokine storm that amplifies expansion of donor       APCs and their alloantigen presentation. It has become increasingly clear that       pathogenic donor T-cell differentiation is initiated by both professional       recipient APCs (eg, dendritic cells [DCs]) and nonprofessional APCs (eg,       epithelial and mesenchymal cells), particularly within the gastrointestinal (GI)       tract. In the immediate peritransplantation period, these APCs are profoundly       modified by pathogen-associated molecular pattern (PAMP)/damage-associated       molecular pattern (DAMP) signals derived from conditioning and intestinal       microbiota. Subsequently, donor DCs in the GI tract are activated by DAMP/PAMP       signals in the colon that gain access to the lamina propria once the mucosal       barrier mucosa is compromised by GVHD. This results in donor DC expansion and       alloantigen presentation in the colon and subsequent migration into the       mesenteric lymph nodes. Here, new donor T cells are primed, expanded,       differentiated, and imprinted with gut-homing integrins permissive of migration       into the damaged GI tract, resulting in the lethal feed-forward cascade of GVHD.       These new insights into our understanding of the cellular and molecular factors       initiating GVHD, both spatially and temporally, give rise to a number of logical       therapeutic targets, focusing on the inhibition of APC function in the GI tract."
Recent advances in acute gastrointestinal graft versus host disease (aGvHD):       aspects of steroid-resistant disease.,"Acute Graft versus Host Disease (aGvHD) is a common immunological complication       occurring in patients undergoing allogeneic hematopoietic stem cell       transplantation (allo-HSCT). Moreover, aGvHD is associated with a higher risk of       infections and metabolic complications, affecting non-relapse mortality. Progress       in transplantation has changed the prophylactic and therapeutic strategies of       aGvHD and improved patient outcomes. The standard first-line therapy remains       steroids, with a response rate of about 50%. The Janus Kinase 2 (JAK2) inhibitor,       ruxolitinib, is an effective second-line therapy. The management of patients who       developed a disease that is refractory to steroids and ruxolitinib, especially in       the severe gastrointestinal forms of aGvHD, is not validated and remains an unmet       medical need. In the article, we present the current clinical practice, as well       as the latest advances targeting pathophysiological pathways of GvHD and gut       microbiota, which may be a potential future of aGvHD therapy."
Microbiome: An Emerging New Frontier in Graft-Versus-Host Disease.,"Hematopoietic cell transplantation is an intensive therapy used to treat       high-risk hematological malignant disorders and other life-threatening       hematological and genetic diseases. Graft-versus-host disease (GVHD) presents a       barrier to its wider application. A conditioning regimen and medications given to       patients undergoing allogeneic hematopoietic stem cell transplantation (allo-HCT)       are capable of disturbing the homeostatic crosstalk between the microbiome and       the host immune system and of leading to dysbiosis. Intestinal inflammation in       the context of GVHD is associated with loss in microbial diversity that could       serve as an independent predictor of mortality. Successful gastrointestinal       decontamination using high doses of non-absorbable antibiotics likely affect       allo-HCT outcomes leading to significantly less acute GVHD (aGVHD).       Butyrate-producing Clostridia directly result in the increased presence of       regulatory T cells in the gut, which are protective in GVHD development. Beyond       the microbiome, Candida, a member of the mycobiome, colonization in the gut has       been considered as a risk factor in pathophysiology of aGVHD and reduction in       GVHD is observed with antifungal prophylaxis with fluconazole. Reduced number of       goblet cells and Paneth cells have¬†been shown to associate with GVHD and has a       significant impact on the micro- and mycobiome density and their composition.       Lower levels of 3-indoxyl sulfate at initial stages after allo-HCT are related       with worse GVHD outcomes and increased mortality. Increased understanding of the       vital role of the gut microbiome in GVHD can give directions to move the field       towards the development of improved innovative approaches for preventing or       treating GVHD following¬†allo-HCT."
Microbiome: an emerging new frontier in graft‚Äëversus‚Äëhost disease.,
Large-scale association analyses identify host factors influencing human gut microbiome composition,"To study the effect of host genetics on gut microbiome composition, the MiBioGen consortium curated and analyzed genome-wide genotypes and 16S fecal microbiome data from 18,340 individuals (24 cohorts). Microbial composition showed high variability across cohorts: only 9 of 410 genera were detected in more than 95% of samples. A genome-wide association study of host genetic variation regarding microbial taxa identified 31 loci affecting the microbiome at a genome-wide significant (P < 5 √ó 10‚àí8) threshold. One locus, the lactase (LCT) gene locus, reached study-wide significance (genome-wide association study signal: P = 1.28 √ó 10‚àí20), and it showed an age-dependent association with Bifidobacterium abundance. Other associations were suggestive (1.95 √ó 10‚àí10 < P < 5 √ó 10‚àí8) but enriched for taxa showing high heritability and for genes expressed in the intestine and brain. A phenome-wide association study and Mendelian randomization identified enrichment of microbiome trait loci in the metabolic, nutrition and environment domains and suggested the microbiome might have causal effects in ulcerative colitis and rheumatoid arthritis. Analysis of human genotypes and 16S microbiome data of 18,473 individuals from 25 cohorts through a genome-wide association study, a phenome-wide association study and Mendelian randomization identifies host genetic and microbial trait associations."
Fecal microbiota transplantation for Crohn's disease-like intestinal lesions       arising after allogeneic stem cell transplantation.,"Several cases of inflammatory bowel disease (or similar gastrointestinal lesions)       arising after allogeneic hematopoietic stem cell transplantation have been       reported, but the effect of intestinal dysbiosis on development of these lesions       remains unclear. We performed fecal microbiota transplantation (FMT) and 16S rRNA       microbiome analysis in a patient who developed Crohn's disease-like lesions after       allogeneic transplantation. A 62-year-old woman underwent haploidentical stem       cell transplantation from her daughter to treat double-hit lymphoma relapsed       after chimeric antigen receptor T-cell therapy, and achieved remission without       developing acute graft-versus-host disease. Eight months later, she developed       Crohn's disease-like intestinal lesions after cytomegalovirus enteritis. Her       condition did not improve with the conventional treatment, so she underwent FMT       from her daughter as part of a clinical trial. Diarrhea gradually improved, and       follow-up endoscopy 4¬†months after the FMT showed ulcer healing and scarring. The       16S rRNA analysis revealed a reduction in the relative abundance of the       Enterococcus genus after FMT, suggesting that dysbiosis may have contributed to       lesion development. The patient is currently on a regular diet, with no symptom       recurrence, and the primary disease remains in remission. Although this outcome       suggests that FMT is effective, careful patient selection is required to reduce       the risk of FMT-associated sepsis."
Pre- and post-serial metagenomic analysis of gut microbiota as a prognostic       factor in patients undergoing haematopoietic stem cell transplantation.,"The human gut harbours diverse microorganisms, and gut dysbiosis has recently       attracted attention because of its possible involvement in various diseases. In       particular, the lack of diversity in the gut microbiota has been associated with       complications of haematopoietic stem cell transplantation (HSCT), such as       infections, acute graft-versus-host disease and relapse of primary disease, which       lead to a poor prognosis. However, few studies have serially examined the       composition of the intestinal microbiota after HSCT. In this study, we       demonstrated, using next-generation sequencing of the bacterial 16S ribosomal RNA       gene, combined with uniFrac distance analysis, that the intestinal microbiota of       patients undergoing allogeneic HSCT substantially differed from that of healthy       controls and recipients of autologous transplants. Faecal samples were obtained       daily throughout the clinical course, before and after transplantation. Notably,       the proportions of Bifidobacterium and genera categorized as butyrate-producing       bacteria were significantly lower in patients with allogeneic HSCT than in       healthy controls. Furthermore, among allogeneic transplant recipients, a subgroup       with a preserved microbiota composition showed a benign course, whereas patients       with a skewed microbiota showed a high frequency of complications and mortality       after transplantation. Thus, we conclude that the stability of intestinal       microbiota is critically involved in outcomes of HSCT."
A Randomized Clinical Trial Evaluating Lactiplantibacillus Plantarum for the       Prevention of GI aGvHD: A Report From the Children's Oncology Group (ACCL1633).,"Gastrointestinal (GI) acute graft-versus-host disease (aGvHD) is a leading cause       of non-relapse mortality following allogeneic hematopoietic cell transplant       (alloHCT). Previous studies have suggested that the intestinal microbiome may       influence the risk of GI aGvHD. We performed a Phase 3, randomized,       placebo-controlled clinical trial to examine the effect of L. plantarum 299v (LBP       299v) in preventing GI aGvHD. Participants (N = 161 evaluable participants)       received LBP 299v or placebo from the start of conditioning therapy to 56 days       post alloHCT (D56). Blood, stool, and clinical data were collected until 120 days       post-transplant (D120). The D120 cumulative incidences of stages 1-4 GI aGvHD       were 16% and 15% (P = .54), and overall grades 2-4 aGvHD were 26% and 29% (P =       .95), LBP 299v and placebo groups, respectively. No patients developed L.       plantarum bacteremia and no difference in serious adverse events was reported (P       = 1.00). Administration of LBP 299v was associated with increased microbial       diversity at D0 (P = .02) and reduced mucosal barrier injury at D7 (P = .02).       Microbial signatures significantly differed between the groups; however, this was       not associated with the investigated clinical outcomes. We conclude that       administration of LBP 299v is safe among children and adolescents undergoing       alloHCT but ineffective at preventing GI aGvHD."
The safety and feasibility of probiotics in children and adolescents undergoing       hematopoietic cell transplantation.,"Hematopoietic cell transplantation (HCT) has become a standard treatment for many       adult and pediatric conditions. Emerging evidence suggests that perturbations in       the microbiota diversity increase recipients' susceptibilities to gut-mediated       conditions such as diarrhea, infection and acute GvHD. Probiotics preserve the       microbiota and may minimize the risk of developing a gut-mediated condition;       however, their safety has not been evaluated in the setting of HCT. We evaluated       the safety and feasibility of the probiotic, Lactobacillus plantarum (LBP), in       children and adolescents undergoing allogeneic HCT. Participants received       once-daily supplementation with LBP beginning on day -8 or -7 and continued until       day +14. Outcomes were compliance with daily administration and incidence of LBP       bacteremia. Administration of LBP was feasible with 97% (30/31, 95% confidence       interval (CI) 83-100%) of children receiving at least 50% of the probiotic dose       (median 97%; range 50-100%). We did not observe any case of LBP bacteremia (0%       (0/30) with 95% CI 0-12%). There were not any unexpected adverse events related       to LBP. Our study provides preliminary evidence that administration of LBP is       safe and feasible in children and adolescents undergoing HCT. Future steps       include the conduct of an approved randomized, controlled trial through       Children's Oncology Group."
The Promise of Precision Nutrition for Modulation of the Gut Microbiota as a       Novel Therapeutic Approach to Acute Graft-versus-host Disease.,"Acute graft-versus-host disease (aGVHD) is a severe side effect of allogeneic       hematopoietic stem cell transplantation (aHSCT) that has complex phenotypes and       often unpredictable outcomes. The current management is not always able to       prevent aGVHD. A neglected actor in the management of aGVHD is the gut       microbiota. Gut microbiota dysbiosis after aHSCT is caused by many factors and       may contribute to the development of aGVHD. Diet and nutritional status modify       the gut microbiota and a wide range of products are now available to manipulate       the gut microbiota (pro-, pre-, and postbiotics). New investigations are testing       the effect of probiotics and nutritional supplements in both animal models and       human studies, with encouraging results. In this review, we summarize the most       recent literature about the probiotics and nutritional factors able to modulate       the gut microbiota and we discuss the future perspective in developing new       integrative therapeutic approaches to reducing the risk of graft-versus-host       disease in patients undergoing aHSCT."
Intestinal Geographical Pattern of Gut Microbiome and Metabolites Identifies Novel Regulators of Graft-Versus-Host Disease,"Introduction: The severity of T cell-mediated gastrointestinal graft-versus-host disease (GI-GVHD) correlates with a decrease in the gut microbiome diversity, loss of obligate anaerobic bacteria and alterations in levels of salutary metabolites like short chain fatty acids (SCFAs). However, it is unknown whether the intestinal anatomic geography of the microbiome and its metabolites impacts GI GVHD severity. Herein, we investigate the pattern of the gut microbiome and metabolites from four distinct anatomical sites of intestines after allogeneic stem cell transplant (allo-SCT) via shotgun metagenomics and untargeted mass-spectrometry. Methods: To determine the composition of the gut microbiome and gut metabolites of mice after allo-SCT, we utilized contemporaneous analyses of shotgun metagenomic sequencing and untargeted mass spectrometry on the gut contents of mice 7 or 21 days after major histocompatibility complex (MHC)-disparate BALB/c‚ÜíC57BL/6 (B6) allogeneic SCT. We investigated the microbial community composition and gut metabolites from four distinct gut locations (terminal ileum, cecum, transverse colon, descending colon) and performed integrative analysis to assess for novel pathways that may regulate GVHD biology. For shotgun metagenomics analyses, reads were depth normalized with BBnorm v.38.96 and assembled per-sample with MEGAHIT v.1.2.9. Prodigal v.2.6.3 was used to find genes in each bin. KofamScan v.1.3.0 was used to assign KEGG ortholog IDs (KO) to translated genes predicted by Prodigal. Community composition profiles were produced with Kraken2 v.2.1.2 and Bracken v.2.6.1. Functional profiles for each sample were determined with the Kraken community composition profiles and Humann3 v.3.0.0, with a GTDB database built with Struo2. Results: Consistent with previous reports from direct stool analyses, our data demonstrated that after allo-SCT, gut microbial diversity is reduced, relative abundance of obligate anaerobes decreases, and relative abundance of facultative anaerobes increases at all the intestinal anatomic sites, but the difference was maximal in ileo-cecal contents. Furthermore, metabolomic analyses reveal a decrease in previously described metabolites such as, SCFAs, bile acids and indoles at these sites. The distinct patterns of change between control and allogeneic samples depended not only on the gut location probed but also correlated with timepoint after transplant (7 days or 21 days) highlighting the importance of probing different gut locations and timepoints. The largest driver of differences between sample groups was (1) gut location (2) time after transplant (3) transplant type. Integrative analyses demonstrated loss of microbial functional genes related to butyrate processing following allo-SCT complementing previous studies that demonstrated reduction in butyrate levels. Further bioinformatic analyses identified novel microbial functional genes and metabolites that may have biological implications. Analyses revealed that after allo-SCT, phenyllactic acid (PLA) levels increased in the transverse colon and distal colon (fig.1). PLA is an anti-microbial compound and has been shown to have immune modulatory properties. Administration of PLA in drinking water of mice after allo-SCT worsened GVHD severity and increased mortality indicating PLA may play a role in inducing dysbiosis and worsening GVHD severity. Conclusion: Contemporaneous analyses of shotgun metagenomic and untargeted mass spectrometry of gut contents after allo-SCT reveal changes in microbial composition and metabolites consistent with previous data from analyses from stool. However, our analysis demonstrates distinct patterns of key metabolites and microbes in between syngeneic and allogeneic depending on gut location and time after transplant. Furthermore, our analyses have identified novel functional genes and metabolites that are implicated in GVHD severity."
Hematopoietic stem cell transplantation disrupts age-related gut microbiota signatures in pediatric and adult recipients,"Allogeneic hematopoietic stem cell transplantation (allo-HSCT) profoundly reshapes the gut microbiome (GM), yet age-related differences in this process remain incompletely understood. In this study, we analyzed stool samples from a cohort of pediatric and adult patients collected before allo-HSCT and at neutrophil engraftment to assess GM dynamics. We observed a significant reduction in alpha diversity post-HSCT across both age groups, with young patients displaying notably lower biodiversity. While GM composition varies among age ranges before transplantation, these distinctions largely disappeared at neutrophil engraftment, indicating a convergence toward a more uniform ‚Äútransplant-specific‚Äù signature. This shift entailed a loss of health-associated, butyrate-producing taxa and a rise in potentially opportunistic bacteria (e.g., Enterococcaceae, Staphylococcaceae). Low pre-allo-HSCT GM diversity correlated with an increased risk of clinically significant acute graft-versus-host disease, overwhelming the age differences, underscoring the clinical relevance of maintaining a balanced microbiome before transplantation. Overall, our findings highlight the importance of age in shaping the pre-transplant GM and reveal how allo-HSCT-driven factors homogenize microbial communities among age ranges, offering insights for future microbiome-targeted interventions to improve transplant outcomes."
Protective Factors in the Intestinal Microbiome Against Clostridium difficile Infection in Recipients of Allogeneic Hematopoietic Stem Cell Transplantation,"Clostridium difficile infection (CDI) is a frequent complication in recipients of allogeneic hematopoietic stem cell transplantation (allo-HSCT), who receive intensive treatments that significantly disrupt the intestinal microbiota. In this study, we examined the microbiota composition of allo-HSCT recipients to identify bacterial colonizers that confer protection against CDI after engraftment. Feces collected from adult recipients allo-HSCT at engraftment were analyzed; 16S ribosomal RNA genes were sequenced and analyzed from each sample. Bacterial taxa with protective effects against development of CDI were identified by means of linear discriminant analysis effect size analysis and then further assessed with clinical predictors of CDI using survival analysis. A total of 234 allo-HSCT recipients were studied; postengraftment CDI developed in 53 (22.6%). Within the composition of the microbiota, the presence of 3 distinct bacterial taxa was correlated with protection against CDI: Bacteroidetes, Lachnospiraceae, and Ruminococcaceae. Colonization with these groups at engraftment was associated with a 60% lower risk of CDI, independent of clinical factors. Colonization with these 3 bacterial groups is associated with a lower risk of CDI. These groups have been shown to be vital components of the intestinal microbiota. Targeted efforts to maintain them may help minimize the risk of CDI in this at-risk population."
[Expanding Role of Gastroenterologists in Acute Gastrointestinal       Graft-versus-Host Disease: From Diagnosis and Management to Microbiome-Based       Strategies].,"Acute graft-versus-host disease (GVHD) is a major complication following       allogeneic hematopoietic stem cell transplantation. Steroid-refractory cases have       poor outcomes, so an accurate diagnosis, particularly differentiation from       cytomegalovirus colitis, is critical. Ruxolitinib is the standard second-line       therapy, while Vedolizumab has shown potential in gut-specific modulation. Recent       studies have reported that reduced microbiome diversity and the loss of       short-chain fatty acid-producing bacteria are linked to acute GVHD severity and       mortality. Fecal microbiota transplantation may offer benefit in selected       steroid-refractory cases, but the evidence remains limited and variable.       Gastroenterologists play an essential role in diagnosis and microbiome-guided       care. A personalized approach incorporating microbial biomarkers may improve the       future outcomes."
Impact of pre-transplant use of antibiotics on the graft-versus-host disease in       adult patients with hematological malignancies.,"OBJECTIVES: Changes in fecal microbiota affect the incidence and extent of       graft-versus-host disease (GVHD) after allogeneic hematopoietic stem cell       transplantation (HSCT). Most patients with hematological malignancies receive       antibiotics for the treatment of febrile neutropenia prior to allogeneic HSCT,       and pre-transplant use of antibiotics may influence the fecal microbiota and       GVHD. METHODS: We retrospectively analysed consecutive adult patients with       hematological malignancies who received allogeneic HSCT at Chungnam National       University Hospital between 2007 and 2018. Pre-transplant use of antibiotics was       defined as the use of antibiotics before conditioning chemotherapy. RESULTS: This       study included 131 patients with a median age of 46 (range, 18-71) years: 76       (58%) patients were AML, 28 (21.4%) with ALL, 23 (17.6%) with MDS, and 4 (3.1%)       with CML. All patients received calcineurin inhibitors with short-course       methotrexate for GVHD prophylaxis. A total of 31 (23.7%) patients received       anti-thymocyte globulin. All patients received antibiotics prior to HSCT: 70       (53.4%) patients received glycopeptide, 114 (87.0%) received cefepime, 87 (66.4%)       received piperacillin/tazobactam, and 51 (38.9%) received carbapenem. Patients       who received glycopeptide had more frequently extensive chronic GVHD (cGVHD) than       those who did not (51.1% vs. 28.1% at 5 years) and had more frequently cGVHD of       the lung (34.8% vs. 15.8% at 5 years). Pre-transplant use of glycopeptide did not       affect the overall survival (OS) or GVHD- and relapse-free survival (GRFS)       (median OS; 49 months in glycopeptide group vs. not reached in non-glycopeptide       group, p=0.475; median GRFS; 9 months in glycopeptide group vs. 16 months in       non-glycopeptide group, p=0.092). CONCLUSION: Pre-transplant use of glycopeptide       tends to increase the incidence of extensive cGVHD."
Modern-Era Challenges in the Clinical Management of Graft-Versus-Host Disease.,"For several decades, graft-versus-host disease (GVHD) has been a long-standing       barrier to successful allogenic hematopoietic cell transplantation and a       significant cause of post-transplant morbidity and mortality. Initially described       as secondary disease or wasting syndrome in transplanted mice, the pathobiology       of GVHD is increasingly understood as a dynamic interplay between innate and       adaptive immunity in response to initial tissue damage, leading to inflammation       and end-organ damage. In parallel, more uniform symptom capture, diagnosis, and       response criteria have facilitated rigorous clinical trial design and conduct;       together, these advancements have facilitated the development of novel GVHD       prevention and treatment strategies. While these advancements have improved the       GVHD treatment paradigm, new questions arise within this complex patient       population. This chapter discusses several of the most pertinent current clinical       practice challenges in GVHD, including its earlier diagnosis, risk       stratification, initial and more advanced stage management, as well as a renewed       focus on supportive care, given our increased understanding of key roles played       by the human microbiome."
Expanding Role of Gastroenterologists in Acute Gastrointestinal Graft-versus-Host Disease: From Diagnosis and Management to Microbiome-Based Strategies,
Targeting the gut microbiome in allogeneic hematopoietic stem cell transplantation,"Gut microbiota (GM) composition has been associated with acute Graft-versus-Host Disease (aGvHD), however, current knowledge is insufficient to target the GM. A relevant series of microbiome data sets were combined and reanalyzed, with resolution of species level changes in the GM. GM composition was found strongly correlated with aGvHD status after one month post stem cell infusion (R2=0.51). The predicted average biological safety level, indicative of antibiotic resistance, was found increased in aGvHD cases (p=1.6E-4). Using in silico modelling, we formulated a probiotic composition putatively competing with mortality and aGvHD associated species. Supplementation with Bifidobacterium longum and Bifidobacterium breve is proposed as a prophylactic treatment alongside with prebiotics and an adapted antibiotics course."
The virome in hematology-Stem cell transplantation and beyond.,"The virome has been recently studied in hematology and mostly in the setting of       allogeneic hematopoietic stem cell transplantation. However, in hematology (as in       the setting of nonhematological disorders) the study of the microbiome (that       indeed includes the virome) is a growing field. The overall field is moving       beyond species catalogue to the understanding of the complex ecological       relationship that microbes have with each other and with their host. Here we       review the existing literature on the virome in transplant recipients and in       other settings, and discuss potential applications of the virome study in       hematology."
The eukaryotic gut virome in hematopoietic stem cell transplantation: new clues       in enteric graft-versus-host disease.,"Much attention has been focused on the role of the bacterial microbiome in human       health, but the virome is understudied. Although previously investigated in       individuals with inflammatory bowel diseases or solid-organ transplants, virome       dynamics in allogeneic hematopoietic stem cell transplantation (HSCT) and enteric       graft-versus-host disease (GVHD) remain unexplored. Here we characterize the       longitudinal gut virome in 44 recipients of HSCT using metagenomics. A viral       'bloom' was identified, and significant increases were demonstrated in the       overall proportion of vertebrate viral sequences following transplantation (P =       0.02). Increases in both the rates of detection (P < 0.0001) and number of       sequences (P = 0.047) of persistent DNA viruses (anelloviruses, herpesviruses,       papillomaviruses and polyomaviruses) over time were observed in individuals with       enteric GVHD relative to those without, a finding accompanied by a reduced phage       richness (P = 0.01). Picobirnaviruses were detected in 18 individuals (40.9%),       more frequently before or within a week after transplant than at later time       points (P = 0.008). In a time-dependent Cox proportional-hazards model,       picobirnaviruses were predictive of the occurrence of severe enteric GVHD (hazard       ratio, 2.66; 95% confidence interval (CI) = 1.46-4.86; P = 0.001), and correlated       with higher fecal levels of two GVHD severity markers, calprotectin and       Œ±1-antitrypsin. These results reveal a progressive expansion of vertebrate viral       infections over time following HSCT, and they suggest an unexpected association       of picobirnaviruses with early post-transplant GVHD."
Low Paneth cell numbers at onset of gastrointestinal graft-versus-host disease       identify patients at high risk for nonrelapse mortality.,"Acute graft-versus-host disease (GVHD) of the gastrointestinal (GI) tract is an       often lethal complication of allogeneic hematopoietic cell transplant. Clinical       severity correlates with outcomes, but histopathologic grading is primarily used       to confirm the clinical diagnosis. One barrier to using histopathologic grading       to predict clinical outcomes is inter-grader variability among transplant       centers. Recent experimental models have shown that the loss of Paneth cells,       which are located in the small intestine and help regulate the GI microbiome by       secreting antimicrobial peptides, correlates with clinical GVHD severity. Because       Paneth cells are easy to identify and quantify by light microscopy, we evaluated       the mean number of Paneth cells per high-powered field (hpf) in 116 duodenal       biopsies obtained at diagnosis of GI GVHD at 2 different centers with their       clinical outcomes. Paneth cell counts were reproducible between centers (r(2) =       0.81; P < .0001). Lower numbers of Paneth cells at diagnosis correlated with       clinically more severe GI GVHD (P < .0001) and less likelihood of response to       GVHD treatment (P < .0001). A threshold of 4 Paneth cells per hpf stratified       patients according to nonrelapse mortality (28% vs 56%; P = .004). We conclude       that the enumeration of duodenal Paneth cells is a readily available index of       disease severity that provides important information regarding GVHD prognosis."
Less (bacterial diversity) is more (deaths).,"In this issue of Blood, Taur et al demonstrate that a lack of intestinal       microbial diversity independently predicts nonrelapse mortality (NRM) in       allogeneic hematopoietic cell transplant recipients. At the time of engraftment,       patients with low microbial diversity were at fivefold higher risk for NRM than       patients with high microbial diversity, primarily because of graft-versus-host       disease (GVHD)."
Metagenomic Profiling of the Ocular Surface Microbiome in Patients After Allogeneic Hematopoietic Stem Cell Transplantation,"Purpose To investigate the characteristics of the ocular surface microbiome in patients after allogeneic hematopoietic stem cell transplantation (allo-HSCT) and the associations between the microbial dysbiosis and chronic ocular graft-versus-host disease (oGVHD). Design Prospective cohort study. Methods Ocular surface samples from 48 healthy subjects and 76 patients after allo-HSCT, including 50 patients with chronic oGVHD and 26 patients without oGVHD, were collected. Species-level composition of the ocular surface microbiome was surveyed via metagenomic shotgun sequencing. OGVHD was diagnosed and graded according to the International Chronic Ocular GVHD Consensus Group criteria. Results The Œ±-diversity of the microbiota was significantly decreased in patients after allo-HSCT. Nevertheless, we detected more types of viral species in the allo-HSCT group than the healthy group, especially anelloviruses. The mismatch of donor-recipient sex was only negatively associated with the Œ±-diversity in male but not female recipients. Moreover, the microbiome of patients with oGVHD was distinct from patients without oGVHD. Gordonia bronchialis and Pseudomonas parafulva were enriched in patients with oGVHD and positively associated with International Chronic Ocular GVHD score. Conclusions This study suggests that the ocular surface microbiome after allo-HSCT is characterized by a loss of diversity. Furthermore, the microbial dysbiosis at the ocular surface is associated with the status and severity of chronic oGVHD. These results lay the groundwork for future investigations of the potential microbial mechanism for oGVHD."
Dynamic findings of brain magnetic resonance imaging in a haploidentical       hematopoietic stem cell transplantation recipient with cytomegalovirus       ventriculoencephalitis: a case report and systematic review.,"Our case demonstrated unique cytomegalovirus (CMV) encephalitis       post-haploidentical donor hematopoietic stem cell transplantation (HID-HSCT),       with early findings on diffusion-weighted brain magnetic resonance imaging (MRI)       in the absence of any neurologic symptoms. A 54-year-old Chinese man with acute       lymphoblastic leukemia (Philadelphia chromosome-negative) underwent HID-HSCT.       After HSCT, the patient developed CMV viremia and severe acute graft-versus-host       disease. Recurrence of CMV viremia was observed. On day 129, brain MRI was       performed to determine the cause for the intermittent fever. Diffusion-weighted       imaging (DWI) revealed several bright spots in the cortex of the frontal lobes       and anterior angle of the left lateral ventricle. Subsequently, he developed       transplant-associated thrombotic microangiopathy, posterior reversible       encephalopathy syndrome, and enlargement of lesions alongside the ventricular       wall on a brain MRI series. Metagenomic next-generation sequencing (NGS) of the       cerebrospinal fluid (CSF) led to the final diagnosis of CMV encephalitis.       Although ganciclovir combined with foscarnet was administered, the patient's       consciousness deteriorated, followed by respiratory failure. The patient died on       day 198. Additionally, we performed a systematic review to comprehensively       analyze this disease. Regarding treatment, immunological therapies, including       virus-specific T cells from a third donor and CMV-cytotoxic T lymphocytes, may be       more effective. This case report and systematic review underscores the       complexities of managing CMV ventriculoencephalitis in HSCT recipients and       emphasizes the importance of early diagnosis by brain MRI and CSF polymerase       chain reaction or NGS and ongoing research in improving outcomes."
The composition of the intestinal microbiota after allogeneic haematopoietic stem       cell transplantation and its association with graft versus host disease as       assessed by 16Sribosomal ribonucleic acid.,"To observe the evolution of the intestinal microbiota in patients after       allogeneic hematopoietic stem cell transplantation (allo-HSCT) and discuss the       relationship between the intestinal microbiota and graft-versus-host disease       (GVHD). In this study, 11 patients who underwent allo-HSCT in the Aerospace       Central Hospital from January 2021 to October 2021 were selected, along with 11       donors. Fecal specimens were collected 7 times: at admission, after       pre-treatment, and every 3 weeks after transplantation from patients and once       from donors. The composition of the intestinal microbiota and its association       with GVHD after allogeneic hematopoietic stem cell transplantation were analyzed       by 16S rRNA sequencing. Of the 11 patients, 5 developed GVHD, and 6 did not. The       diversity of the intestinal microbiota among GVHD patients first increased and       then decreased after transplantation, while that among non-GVHD patients first       increased and then tended to be stable. The diversity of the intestinal       microbiota among GVHD patients was lower than that among non-GVHD patients before       pre-treatment and after transplantation. The taxa diversity of the intestinal       microbiota in the non-GVHD group was better than that in the GVHD group before       allo-HSCT, and the difference was statistically significant (P<0.05 for OTUs and       CHAO1 index). The taxa abundance of Enterococcaceae 2.16% (2.13%, 2.22%) before       allo-HSCT was significantly higher than that in the non-GVHD group 1.33% (0.27%,       1.52%), and the difference was statistically significant (P=0.004). There was no       significant difference between the GVHD group and the non-GVHD group in the       diversity of the intestinal microbiota of donors (P<0.05). The characteristics of       the intestinal microbiota in the final sample of patients in the GVHD group were       similar to the preoperative structure of the intestinal microbiota. In       conclusion: The decrease in the diversity of the intestinal microbiota after HSCT       may be a risk factor for the occurrence of GVHD. The presence of Enterococcaceae       in the intestinal microbiota may be associated with an increased risk of       developing GVHD. The intestinal microbiota reconstitute to be close to the       intestinal microbiota composition of the donors in the non-GVHD group."
A Promising Insight: The Potential Influence and Therapeutic Value of the Gut       Microbiota in GI GVHD.,"Allogeneic hematopoietic cell transplantation (allo-HSCT) is a reconstruction       process of hematopoietic and immune functions that can be curative in patients       with hematologic malignancies, but it carries risks of graft-versus-host disease       (GVHD), thrombotic microangiopathy (TMA), Epstein-Barr virus (EBV) infection,       cytomegalovirus infection, secondary hemophagocytic lymphohistiocytosis (sHLH),       macrophage activation syndrome (MAS), bronchiolitis obliterans, and posterior       reversible encephalopathy syndrome (PRES). Gastrointestinal graft-versus-host       disease (GI GVHD), a common complication of allo-HSCT, is one of the leading       causes of transplant-related death because of its high treatment difficulty,       which is affected by preimplantation, antibiotic use, dietary changes, and       intestinal inflammation. At present, human trials and animal studies have proven       that a decrease in intestinal bacterial diversity is associated with the       occurrence of GI GVHD. Metabolites produced by intestinal bacteria, such as       lipopolysaccharides, short-chain fatty acids, and secondary bile acids, can       affect the development of GVHD through direct or indirect interactions with       immune cells. The targeted damage of GVHD on intestinal stem cells (ISCs) and       Paneth cells results in intestinal dysbiosis or dysbacteriosis. Based on the       effect of microbiota metabolites on the gastrointestinal tract, the clinical       treatment of GI GVHD can be further optimized. In this review, we describe the       mechanisms of GI GVHD and the damage it causes to intestinal cells and we       summarize recent studies on the relationship between intestinal microbiota and       GVHD in the gastrointestinal tract, highlighting the role of intestinal       microbiota metabolites in GI GVHD. We hope to elucidate strategies for       immunomodulatory combined microbiota targeting in the clinical treatment of GI       GVHD."
Commensal Bacteroides T6SS alleviate GI-aGVHD via mediating gut microbiota       composition and bile acids metabolism.,"BACKGROUND: Gastrointestinal acute graft-versus-host disease (GI-aGVHD) is one of       the main complications of patients undergoing allogenic haematopoietic stem cell       transplantation (allo-HSCT). A deeper understanding of the mechanisms of       sustaining intestinal homeostasis is essential. OBJECTIVE: Here, we investigated       micro-organisms and microbial metabolites that were crucial for intestinal       homeostasis in the context of GI-aGVHD management. DESIGN: We profiled the gut       microbiota, immune indices and gut metabolism of 71 patients undergoing       allo-HSCT. Initially, we set up a mouse aGVHD model to confirm the effect of       Bacteroides fragilis type VI secretion system (T6SS) on aGVHD progression.       Subsequently, we applied 16S amplicon sequencing and metabolic profiling to       reveal the function of B. fragilis T6SS on microbial structure intestinal and       metabolome. Finally, the mediation package was used to validate our findings in       clinical samples. RESULTS: A higher abundance of Bacteroides spp contributes to       reducing the incidence of GI-aGVHD, and the T6SS is required for Bacteroides spp       protection on aGVHD. T6SS-mediated antagonism regulates the structure and       composition of gut microbiota, affecting the entire gut metabolome, particularly       the bile acids metabolism, subsequently reducing inflammation response in the       intestine and protecting intestinal barrier integrity. Notably, accumulating       primary bile acids such as chenodeoxycholic acid exacerbated aGVHD by enhancing       the activation of T cells. Mediation analysis further validated that T6SS affects       the incidence of GI-aGVHD through its effect on primary bile acid metabolism.       CONCLUSIONS: T6SS in commensal bacteria could modulate bile acid metabolism,       potentially impacting aGVHD outcomes and offering a novel target for therapeutic       interventions."
Clinical analysis of fecal microbiota transplantation for refractory acute       gastrointestinal graft-versus-host disease after allogeneic hematopoietic stem       cell transplantation: a five-year retrospective study.,"BACKGROUND AIMS: Refractory acute gastrointestinal graft-versus-host disease       (GI-aGVHD) is a severe complication following allogeneic hematopoietic stem cell       transplantation (allo-HSCT), which is associated with significantly increased       mortality. Fecal microbiota transplantation (FMT) has emerged as a promising       therapeutic strategy for this condition, and its efficacy and safety have       garnered substantial attention in clinical research. OBJECTIVE: To explore the       clinical efficacy and safety of FMT for refractory acute GI-aGVHD after       allo-HSCT. METHODS: Data from 22 patients with refractory GI-aGVHD who received       FMT and 20 patients who did not undergo FMT, all diagnosed with refractory       GI-aGVHD after allo-HSCT and treated at Henan Cancer Hospital between December       2017 and March 2023, were retrospectively analyzed to evaluate short-term       efficacy, safety, and long-term survival outcomes. RESULTS: FMT significantly       reduced the median diarrhea volume (1300 versus 450 mL, P = 0.017) and frequency       (10 versus 5.5 times/d, P = 0.049) in the FMT group, whereas the control group       showed no significant improvement in either parameter (diarrhea volume: 1350       versus 900 mL, P > 0.05; frequency: 10 versus 9 times/d, P > 0.05). The FMT group       exhibited significantly higher complete response (CR) (31.8% versus 5%, P =       0.047) and overall response rate (ORR) (59.1% versus 25%, P = 0.033) compared       with the control group. Subgroup analyses showed that patients with isolated       intestinal involvement (ORR = 100%) and those without bloody stool before FMT       (ORR = 78.6%) had superior responses to FMT. The FMT group achieved a median       progression-free survival (PFS) of 30 (10-2113) days and a median overall       survival (OS) of 150 (51-2130) days, with the 100-day, 1-year and 3-year PFS       rates of 40.9%, 28.1%, and 28.1%, respectively, and the 100-day, 1-year and       3-year OS rates of 59.1%, 50.0% and 34.3%. In contrast, the control group had       notably poorer survival outcomes: median PFS was 23 (7-1820) days, median OS was       80 (20-1901) days, while the 100-day, 1-year, and 3-year PFS rates remained 5%       across all time points, and the 100-day, 1-year, and 3-year OS rates were 20.0%,       10.0%, and 10%. CONCLUSION: FMT is effective and safe as a clinical treatment for       refractory GI-aGVHD after allo-HSCT, and the effectiveness of FMT can be used as       a prognostic indicator for long-term survival in refractory GI-aGVHD."
Compilation of longitudinal microbiota data and hospitalome from hematopoietic cell transplantation patients,"The impact of the gut microbiota in human health is affected by several factors including its composition, drug administrations, therapeutic interventions and underlying diseases. Unfortunately, many human microbiota datasets available publicly were collected to study the impact of single variables, and typically consist of outpatients in cross-sectional studies, have small sample numbers and/or lack metadata to account for confounders. These limitations can complicate reusing the data for questions outside their original focus. Here, we provide comprehensive longitudinal patient dataset that overcomes those limitations: a collection of fecal microbiota compositions (>10,000 microbiota samples from >1,000 patients) and a rich description of the ‚Äúhospitalome‚Äù experienced by the hosts, i.e., their drug exposures and other metadata from patients with cancer, hospitalized to receive allogeneic hematopoietic cell transplantation (allo-HCT) at a large cancer center in the United States. We present five examples of how to apply these data to address clinical and scientific questions on host-associated microbial communities."
"Allogeneic hematopoietic cell transplantation, the microbiome, and graft-versus-host disease","Many patients with hematological malignancies, such as acute myeloid leukemia, receive an allogeneic hematopoietic cell transplantation (HCT) to cure their underlying condition. Allogeneic HCT recipients are exposed to various elements during the pre-, peri- and post-transplant period that can disrupt intestinal microbiota, including chemo- and radiotherapy, antibiotics, and dietary changes. The dysbiotic post-HCT microbiome is characterized by low fecal microbial diversity, loss of anaerobic commensals, and intestinal domination, particularly by Enterococcus species, and is associated with poor transplant outcomes. Graft-versus-host disease (GvHD) is a frequent complication of allogeneic HCT caused by immunologic disparity between donor and host cells and results in tissue damage and inflammation. Microbiota injury is particularly pronounced in allogeneic HCT recipients who go on to develop GvHD. At present, manipulation of the microbiome for example, via dietary interventions, antibiotic stewardship, prebiotics, probiotics, or fecal microbiota transplantation, is widely being explored to prevent or treat gastrointestinal GvHD. This review discusses current insights into the role of the microbiome in GvHD pathogenesis and summarizes interventions to prevent and treat microbiota injury."
Gut microbiome in allogeneic HCT survivors: The insults are gone but the damage       lingers.,"The gut microbiome is an important regulator of health and disease. The report by       Hino et al. suggests that damage to the microbiome, inflicted before and soon       after allogeneic haematopoietic progenitor cell transplantation, does not heal by       itself, most likely with consequences for late transplantation outcomes.       Commentary on: Hino et al. Prolonged gut microbial alterations in post-transplant       survivors of allogeneic haematopoietic stem cell transplantation. Br J Haematol       2023;200:725-737."
The post-hematopoietic cell transplantation microbiome: relationships with       transplant outcome and potential therapeutic targets.,"Microbiota injury occurs in many patients undergoing allogeneic hematopoietic       cell transplantation, likely as a consequence of conditioning regimens involving       chemo- and radiotherapy, the widespread use of both prophylactic and therapeutic       antibiotics, and profound dietary changes during the peri-transplant period.       Peri-transplant dysbiosis is characterized by a decrease in bacterial diversity,       loss of commensal bacteria and single-taxon domination (e.g., with Enterococcal       strains). Clinically, deviation of the post-transplant microbiota from a normal,       high-diversity, healthy state has been associated with increased risk of       bacteremia, development of graft-versus-host disease and decreases in overall       survival. A number of recent clinical trials have attempted to target the       microbiota in allogeneic hematopoietic cell transplantation patients via dietary       interventions, selection of therapeutic antibiotics, administration of pre- or       pro-biotics, or by performing fecal microbiota transplantation. These strategies       have yielded promising results but the mechanisms by which these interventions       influence transplant-related complications remain largely unknown. In this review       we summarize the current approaches to targeting the microbiota, discuss       potential underlying mechanisms and highlight the key outstanding areas that       require further investigation in order to advance microbiota- targeting       therapies."
Profiling the Fungal Microbiome after Fecal Microbiota Transplantation for       Graft-versus-Host Disease: Insights from a Phase 1 Interventional Study.,"Disruption of the intestinal bacterial microbiota is frequently observed in the       context of allogeneic hematopoietic cell transplantation (HCT) and is       particularly pronounced in patients who develop graft-versus-host disease (GVHD).       Donor fecal microbiota transplantation (FMT) restores gut microbial diversity and       reduces GVHD in HCT recipients. The composition of the intestinal fungal       community in patients with GVHD, and whether fungal taxa are transferred during       FMT are currently unknown. We performed a secondary analysis of our clinical       trial of FMT in patients with steroid-refractory GVHD with a focus on the       mycobiota. We characterized the fecal mycobiota of 17 patients and healthy FMT       donors using internal transcribed spacer amplicon sequencing. The donor who       provided the majority of FMT material in our study represents an n-of-one study       of the intestinal flora over time. In this donor, mycobiota composition       fluctuated over time while the bacterial microbiota remained stable over 16       months. Fungal DNA was detected more frequently in baseline stool samples from       patients with steroid-refractory GVHD than in patients with steroid-dependent       GVHD. We could detect fungal taxa in the majority of samples but did not see       evidence of mycobiota transfer from donor to recipient. Our study demonstrates       the feasibility of profiling the mycobiota alongside the more traditional       bacterial microbiota, establishes the methodology, and provides a first insight       into the mycobiota composition of patients with GVHD."
Donor fecal microbiota transplantation ameliorates intestinal graft-versus-host       disease in allogeneic hematopoietic cell transplant recipients.,"Disruption of the intestinal microbiota occurs frequently in allogeneic       hematopoietic cell transplantation (allo-HCT) recipients and predisposes them to       development of graft-versus-host disease (GvHD). In a prospective, single-center,       single-arm study, we investigated the effect of donor fecal microbiota       transplantation (FMT) on symptoms of steroid-refractory or steroid-dependent,       acute or late-onset acute intestinal GvHD in 15 individuals who had undergone       allo-HCT. Study participants received a fecal suspension from an unrelated       healthy donor via nasoduodenal infusion. Donor FMT was well tolerated, and       infection-related adverse events did not seem to be related to the FMT procedure.       In 10 of 15 study participants, a complete clinical response was observed within       1 month after FMT, without additional interventions to alleviate GvHD symptoms.       This response was accompanied by an increase in gut microbial Œ±-diversity, a       partial engraftment of donor bacterial species, and increased abundance of       butyrate-producing bacteria, including Clostridiales and Blautia species. In 6 of       the 10 responding donor FMT recipients, immunosuppressant drug therapy was       successfully tapered. Durable remission of steroid-refractory or       steroid-dependent GvHD after donor FMT was associated with improved survival at       24 weeks after donor FMT. This study highlights the potential of donor FMT as a       treatment for steroid-refractory or steroid-dependent GvHD, but larger clinical       trials are needed to confirm the safety and efficacy of this procedure."
From support to therapy: rethinking the role of nutrition in acute       graft-versus-host disease.,"Allogeneic Hematopoietic stem cell transplantation (HSCT) offers a potential cure       for patients with hematologic malignancies. Unfortunately, graft-versus-host       disease (GVHD) remains a major obstacle to the greater success of this treatment.       Despite intensive research efforts over the past several decades, GVHD is still a       major cause of morbidity and mortality in patients receiving allogeneic HSCT. The       genetic disparity between donor and recipient is the primary factor that dictates       the extent of alloimmune response and the severity of acute GVHD (aGVHD).       However, some nongenetic factors are also actively involved in GVHD pathogenesis.       Thus, identifying host factors that can be readily modified to reduce GVHD risk       is of important clinical significance. We are particularly interested in the       potential role of nutrition, as a nongenetic factor, in the etiology and       management of aGVHD. In this article, we summarize recent findings regarding how       different routes of nutritional support and various dietary factors affect aGVHD.       Since diet is one of the most important factors that shape gut microbiota, we       also provide evidence for a potential link between certain nutrients and gut       microbiota in recipients of allogeneic HSCT. We propose a shifting role of       nutrition from support to therapy in GVHD by targeting gut microbiota."
Update in clinical and mouse microbiota research in allogeneic haematopoietic       cell transplantation.,"PURPOSE OF REVIEW: The intestinal microbiota plays a critical role in intestinal       homeostasis and immune regulation and has been recognized as a predictor of       clinical outcome in patients undergoing allogeneic haematopoietic cell       transplantation (allo-HCT) and specifically a determinant of the severity of       graft-versus-host disease (GVHD) in mouse models. As GVHD is the most important       cause of nonrelapse mortality (NRM) after allo-HCT, understanding the mechanisms       by which modifying the microbiota may prevent or decrease the severity of GVHD       would represent an important advance. RECENT FINDINGS: Microbiota injury was       observed globally and higher diversity at peri-engraftment was associated with       lower mortality. Lactose is a dietary factor that promotes post-allo-HCT       Enterococcus expansion, which is itself associated with mortality from GVHD in       patients and exacerbates GVHD in mice. Bacterial and fungal bloodstream       infections are preceded by intestinal colonization with a corresponding organism,       supporting the gut as a source for many bloodstream infections. Metabolomic       profiling studies showed that GVHD is associated with changes in faecal and       plasma microbiota-derived molecules. SUMMARY: In this review, we highlight some       of the most recent and important findings in clinical and mouse microbiota       research, as it relates to allo-HCT. Many of these are already being translated       into clinical trials that have the potential to change future practice in the       care of patients."
Associations between acute gastrointestinal GvHD and the baseline gut microbiota of allogeneic hematopoietic stem cell transplant recipients and donors,"Growing evidence suggests that host-microbiota interactions influence GvHD risk following allogeneic hematopoietic stem cell transplant. However, little is known about the influence of the transplant recipient‚Äôs pre-conditioning microbiota nor the influence of the transplant donor‚Äôs microbiota. Our study examines associations between acute gastrointestinal GvHD (agGvHD) and 16S rRNA fecal bacterial profiles in a prospective cohort of N=57 recipients before preparative conditioning, as well as N=22 of their paired HLA-matched sibling donors. On average, recipients had lower fecal bacterial diversity (P=0.0002) and different phylogenetic membership (UniFrac P=0.001) than the healthy transplant donors. Recipients with lower phylogenetic diversity had higher overall mortality rates (hazard ratio=0.37, P=0.008), but no statistically significant difference in agGvHD risk. In contrast, high bacterial donor diversity was associated with decreased agGvHD risk (odds ratio=0.12, P=0.038). Further investigation is warranted as to whether selection of hematopoietic stem cell transplant donors with high gut microbiota diversity and/or other specific compositional attributes may reduce agGvHD incidence, and by what mechanisms."
Effects of bacterial naso-oropharyngeal colonisation on acute graft-versus-host       disease in patients undergoing allogeneic bone marrow transplantation.,"The efficacy of gastrointestinal decontamination in reducing the incidence of       severe bacterial or fungal infections and of moderate to severe acute       graft-versus-host disease (GVHD) has been suggested. We report here a       retrospective study of 71 patients grafted consecutively in our institution with       bone marrow from HLA genotypically identical siblings. Complete decontamination       (plastic isolator or laminar airflow room, sterile nursing and oral antimicrobial       drugs) was carried out in all patients. Sixty eight patients were evaluable. Only       six patients had aerobic Gram negative rods or anaerobic bacteria in their faeces       and 44 of 68 (65%) had yeasts in their faeces. Most patients had oropharyngeal       and/or nasal colonisation with bacteria (Gram positive cocci: 39 patients (57%);       Gram negative rods: 13 patients (19%)) or yeasts (29 patients (43%)). Thirty nine       patients (57%) experienced severe grade > or = II acute GVHD (grade II-IV). A       significant relation was found between bacterial oropharyngeal or nasal       colonisation and GVHD (P < 0.01) but not between gastrointestinal microflora and       GVHD, whatever microorganisms were considered (bacteria, yeasts)."
Gut microbiota trajectory in Œ≤-thalassemia major children who underwent       allogeneic hematopoietic stem cell transplantation.,"BACKGROUND: The gut microbiota of patients undergoing allogeneic hematopoietic       stem cell transplantation (HSCT) changes, leading to complications such as acute       graft-versus-host disease (GVHD). This study aimed to evaluate the human       microbiota composition before and after HSCT in Œ≤-thalassemia major (Œ≤-TM)       children. METHOD: Twenty-two Œ≤-TM children who received allo-HSCT between       December 2018 and March 2020 were enrolled. They were followed up for more than       100 days after HSCT, and their gut microbiota information and disease data were       recorded at five-time points. RESULTS: The dominant bacteria were Bacteroidetes       and Firmicutes at the phylum level and Lachnospiraceae at the family level before       and after HSCT. In the differential analysis, Ruminococcaceae constantly       decreased after HSCT. Besides, Rothia mucilaginosa was the most abundant 2 months       after HSCT compared to before it. Additionally, GVHD patients presented decreased       levels of Bacteroidetes compared to those without GVHD. Moreover, Blautia levels       significantly decreased in critically ill GVHD patients. CONCLUSION: The gut       microbiota of the 22 Œ≤-TM children showed a clear trend of destruction and       reconstruction within 100 days after HSCT. The extra-oral infections and       inflammations of Rothia mucilaginosa, a Gram-positive bacterium of the normal       oropharyngeal tract microbiota, might play an important role in the recovery       process of HSCT. Finally, decreased Bacteroidetes levels were associated with       GVHD onset."
[Clinical characteristics and prognostic factors in patients with cerebrospinal       fluid torque teno virus positivity after allogeneic hematopoietic stem cell       transplantation].,"Objective: To investigate the clinical characteristics and prognostic factors for       patients with cerebrospinal fluid positivity for torque teno virus (TTV) after       allogeneic hematopoietic stem cell transplantation (allo-HSCT). Methods: A       retrospective analysis was conducted on the patients who received allo-HSCT at       Hebei Yanda Lu Daopei Hospital from 2022 to 2023 year and showed positive       cerebrospinal fluid metagenomic next-generation sequencing (mNGS) results       post-transplantation, with their clinical data collected accordingly. The       patients were categorized into TTV-negative and TTV-positive groups based on the       detection of TTV in cerebrospinal fluid. The TTV-positive group was further       subdivided into low-RPM [TTV reads per million sequencing reads (TTV-RPM)<1] and       high-RPM (TTV-RPM‚â•1) subgroups using the threshold of TTV-RPM. The patients were       followed until December 9, 2025, to investigate the clinical features of       cerebrospinal fluid TTV positive patients after allo-HSCT. The survival curve was       drawn to compare the difference of survival rate between groups. The influencing       factors of patient prognosis were analyzed using a multivariate Cox regression       model. Results: A total of 134 patients were enrolled: sixty in the TTV-negative       group, including 35 males and 25 females, aged [M (Q(1), Q(3))] 30 (14, 42)       years, and 74 in the TTV-positive group, including 45 males and 29 females, aged       24 (15, 40) years. Within the TTV-positive group, 44 were classified as low-RPM       subgroup and 30 as high-RPM subgroup. Baseline characteristics, including gender,       age, primary disease, donor type, neutrophil engraftment time, platelet       engraftment time, whether acute graft-versus-host disease (aGVHD) occurred, and       other microbial infections in cerebrospinal fluid, showed no significant       differences between the TTV-negative and TTV-positive groups, or between the       low-RPM and high-RPM subgroups (all P>0.05). The median follow-up time was       30.0(18.0, 35.4) months, the median survival period was not reached in the       low-RPM subgroup, while that in the high-RPM subgroup was 25.6 months (95%CI:       5.3-45.9), and the 3-year survival rate was lower than that in the low-RPM       subgroup (41.1% vs 76.8%, P=0.014). Multivariate Cox regression analysis       confirmed high TTV-RPM level (‚â•1) in cerebrospinal fluid as a risk factor for       mortality in allo-HSCT patients (HR=2.57, 95%CI: 1.09-6.08). Conclusions: There       is no difference in clinical characteristics among allo-HSCT patients with or       without TTV infection or with different TTV viral loads. A high TTV-RPM value       (‚â•1) in cerebrospinal fluid is a risk factor for mortality in allo-HSCT patients."
Advances in understanding the pathogenesis of graft-versus-host disease.,"Allogeneic haematopoietic stem cell transplantation (HCT) is a potent       immunotherapy with curative potential for several haematological disorders.       Overcoming the immunological barrier of acute graft-versus-host disease (GVHD)       remains a fundamental impediment to expanding the efficacy of HCT. GVHD reflects       a complex pathological interaction between the innate and adaptive immune systems       of the host and donor. Over the past decade there has been a tremendous       advancement in our understanding of the cellular and molecular underpinnings of       this devastating disease. In this review, we cover several recently appreciated       facets of GVHD pathogenesis including novel extracellular mediators of       inflammation, immune subsets, intracellular signal transduction, post-translation       modifications and epigenetic regulation. We begin to develop general themes       regarding the immunological pathways in GVHD pathogenesis, discuss critical       outstanding questions, and explore new avenues for GVHD treatment and prevention."
Impact of gut fungal and bacterial communities on the outcome of allogeneic       hematopoietic cell transplantation.,"Patients receiving allogeneic hematopoietic cell transplantation (alloHCT) were       previously shown to display a bacterial gut dysbiosis; however, limited data are       available regarding the role of fungal microbiota in these patients. We evaluated       the bacterial and fungal composition of the fecal microbiota at day 0 of alloHCT.       Higher bacterial diversity was associated with an improved overall survival (OS)       and disease-free survival (DFS). While fungal diversity had no impact on patient       outcomes, we observed that high versus low relative abundance of Candida albicans       in alloHCT patients¬†at day 0 was associated with a significantly lower OS, DFS       and graft-versus-host-free, relapse-free survival (GRFS) (p‚Äâ=‚Äâ0.0008, p‚Äâ=‚Äâ0.0064       and p‚Äâ=‚Äâ0.026, respectively). While these results are limited by low patient       numbers and low fungal read counts in some samples, they suggest a potentially       important role for C albicans in alloHCT."
The Microbiome and Its Impact on Allogeneic Hematopoietic Cell Transplantation.,"Allogeneic hematopoietic cell transplantation (alloHCT) is a standard curative       therapy for a variety of benign and malignant hematological diseases. Previously,       patients who underwent alloHCT were at high risk for complications with       potentially life-threatening toxicities, including a variety of opportunistic       infections as well as acute and chronic manifestations of graft-versus-host       disease (GVHD), where the transplanted immune system can produce inflammatory       damage to the patient. With recent advances, including newer conditioning       regimens, advances in viral and fungal infection prophylaxis, and novel GVHD       prophylactic and treatment strategies, improvements in clinical outcomes have       steadily improved. One modality with great potential that has yet to be fully       realized is targeting the microbiome to further improve clinical outcomes.In       recent years, the intestinal microbiota, which includes bacteria, fungi, viruses,       and other microbes that reside within the intestinal tract, has become       established as a potent modulator of alloHCT outcomes. The composition of       intestinal bacteria, in particular, has been found in large multicenter       prospective studies to be strongly associated with GVHD, treatment-related       mortality, and overall survival. Murine studies have demonstrated a causal       relationship between intestinal microbiota injury and aggravated GVHD, and more       recently, clinical interventional studies of repleting the intestinal microbiota       with fecal microbiota transplantation have emerged as effective therapies for       GVHD. How the composition of the intestinal bacterial microbiota, which is often       highly variable in alloHCT patients, can modulate GVHD and other outcomes is not       fully understood. Recent studies, however, have begun to make substantial       headway, including identifying particular bacterial subsets and/or       bacterial-derived metabolites that can mediate harm or benefit. Here, the authors       review recent studies that have improved our mechanistic understanding of the       relationship between the microbiota and alloHCT outcomes, as well as studies that       are beginning to establish strategies to modulate the microbiota with the hope of       optimizing clinical outcomes."