citing_id,citing_label,ref_id,ref_label,taxon,taxon_rank,direction,evidence,mechanism_broad,mechanism_specific,target_type,intervention,mechanism_assignment,statement_id,paper,page,location,taxon_as_cited,taxon_rank_as_cited,evidence_as_stated,mechanism_as_named,ref_string,ref_match,quote
5dc2d761,Weber_2026,cf772597,Taur_2014,Actinomycetaceae,family,protective,human observational,Class 0: Unattributed,0. Unattributed,taxon,,scheme C; 4a diversity/dysbiosis -> unattributed,WEB_076,Weber_2026,5,table 2,Actinomycetaceae,family,human observational,Actinomycetaceae associated with increased OS,Taur 2014 (10.1182/blood-2014-02-554725),author_year,Increased OS associated with higher relative abundance of Lachnospiraceae and Actinomycetaceae
a83e68a9,SoleimaniSamarkhazan_2025,82e10e4d,Montassier_2015,Actinomycetota,phylum,protective,human observational,Class 0: Unattributed,0. Unattributed,taxon,,scheme C; 4a diversity/dysbiosis -> unattributed,SAM_009,Samarkhazan_2025,2,body,Actinobacteria,phylum,clinical cohort,high-dose chemotherapy reduces Firmicutes and Actinobacteria and expands Proteobacteria,Montassier 2015,author_year,Montassier et al. (2015) demonstrated that patients with non-Hodgkin's lymphoma (NHL) receiving high-dose chemotherapy experienced a 70% reduction in Firmicutes and Actinobacteria alongside a 15-fold increase in Proteobacteria
5dc2d761,Weber_2026,9cca053a,Schluter_2020,Akkermansia,genus,protective,human observational,Class 0: Unattributed,0. Unattributed,taxon,,scheme C; 4a diversity/dysbiosis -> unattributed,WEB_089,Weber_2026,5,table 2,Akkermansia,genus,human observational,Akkermansia accelerates immune reconstitution,Schluter 2020 (10.1038/s41586-020-2971-8),author_year,"Enriched microbiota with Faecalibacterium, Ruminococcus 2, Akkermansia accelerates immune reconstitution"
890a94fb,Paredes_2026,fb5c5ea4,Schwabkey_2022,Akkermansia muciniphila,species,exacerbating,human observational,Class 0: Unattributed,0. Unattributed,taxon,,scheme C; 4a diversity/dysbiosis -> unattributed,PAR_017,Paredes_2026,4,body,Akkermansia muciniphila,species,human observational,Akkermansia muciniphila associated with neutropenic fever,Schwabkey 2022,author_year,Neutropenic fever after allo-HCT has been positively associated with an increased abundance of Akkermansia muciniphila
890a94fb,Paredes_2026,9d0414b5,Schroeder_2018,Akkermansia muciniphila,species,exacerbating,murine,Class 0: Unattributed,0. Unattributed,taxon,diet,class 5 reassigned: from outcome described; 4a diversity/dysbiosis -> unattributed,PAR_072,Paredes_2026,6,body,Akkermansia muciniphila,species,murine,fibre-free Western diet increases A. muciniphila,Schroeder 2018,author_year,"in mice, a fibre-free 'Western' diet leads to decreased microbiota diversity and increased A. muciniphila abundance"
890a94fb,Paredes_2026,8c4fa480,Ng_2020,Akkermansia muciniphila,species,exacerbating,murine,Class 0: Unattributed,0. Unattributed,taxon,diet,class 5 reassigned: from outcome described; 4a diversity/dysbiosis -> unattributed,PAR_072,Paredes_2026,6,body,Akkermansia muciniphila,species,murine,fibre-free Western diet increases A. muciniphila,Ng 2020,author_year,"in mice, a fibre-free 'Western' diet leads to decreased microbiota diversity and increased A. muciniphila abundance"
890a94fb,Paredes_2026,5bb71561,Parrish_2023,Akkermansia muciniphila,species,exacerbating,murine,Class 0: Unattributed,0. Unattributed,taxon,diet,class 5 reassigned: from outcome described; 4a diversity/dysbiosis -> unattributed,PAR_072,Paredes_2026,6,body,Akkermansia muciniphila,species,murine,fibre-free Western diet increases A. muciniphila,Parrish 2023,author_year,"in mice, a fibre-free 'Western' diet leads to decreased microbiota diversity and increased A. muciniphila abundance"
890a94fb,Paredes_2026,1d996087,Shono_2016,Akkermansia muciniphila,species,exacerbating,murine,Class 0: Unattributed,0. Unattributed,taxon,antibiotic,class 5 reassigned: from outcome described; 4a diversity/dysbiosis -> unattributed,PAR_097,Paredes_2026,7,body,Akkermansia muciniphila,species,murine,imipenem-cilastatin expands A. muciniphila and worsens GVHD,Shono 2016,author_year,a reported positive association between exposure to the carbapenem imipenem–cilastatin and increased GVHD severity and expansion of the mucus-degrading bacterial species A. muciniphila as demonstrated in a mouse model of allo-HCT
a83e68a9,SoleimaniSamarkhazan_2025,82e10e4d,Montassier_2015,Bacillota,phylum,protective,human observational,Class 0: Unattributed,0. Unattributed,taxon,,scheme C; 4a diversity/dysbiosis -> unattributed,SAM_008,Samarkhazan_2025,2,body,Firmicutes,phylum,clinical cohort,high-dose chemotherapy reduces Firmicutes and Actinobacteria and expands Proteobacteria,Montassier 2015,author_year,Montassier et al. (2015) demonstrated that patients with non-Hodgkin's lymphoma (NHL) receiving high-dose chemotherapy experienced a 70% reduction in Firmicutes and Actinobacteria alongside a 15-fold increase in Proteobacteria
890a94fb,Paredes_2026,22e7ed1c,Hayase_2022,Bacteroides,genus,exacerbating,human observational,Class 0: Unattributed,0. Unattributed,taxon,antibiotic,class 5 reassigned: from outcome described; 4a diversity/dysbiosis -> unattributed,PAR_079,Paredes_2026,6,body,Bacteroides,genus,human observational,meropenem induces Bacteroides expansion with aGVHD,Hayase 2022,author_year,"administration of meropenem during –10 to +30 days relative to allo-HCT positively associates with acute intestinal GVHD incidence in patients, and that meropenem treatment leads to a dysbiotic state with an expansion of Bacteroides"
890a94fb,Paredes_2026,fbd17a18,Fukushima_2024,Bacteroides,genus,exacerbating,clinical trial,Class 0: Unattributed,0. Unattributed,taxon,,scheme C; 4a diversity/dysbiosis -> unattributed,PAR_227,Paredes_2026,16,body,Bacteroides,genus,clinical trial,Bacteroides abundance higher in patients who developed GVHD,Fukushima 2024,author_year,"Clostridium butyricum MIYAIRI 588 (CBM588) is being studied as an LBP in a randomized open-label pilot study with peri-transplant administration. Patients in the treatment group showed increased alpha diversity in their gut microbiome and lower abundance of Enterococcus and Bacteroides, which were both more common in patients who developed GVHD"
890a94fb,Paredes_2026,7537e5ff,Vallet_2023,Bacteroides fragilis,species,exacerbating,human observational,Class 0: Unattributed,0. Unattributed,taxon,antibiotic,class 5 reassigned: no mechanism stated,PAR_063,Paredes_2026,6,body,Bacteroides fragilis,species,human observational,azithromycin promotes B. fragilis and relapse,Vallet 2023,author_year,Early administration of azithromycin to prevent bronchiolitis obliterans syndrome after allo-HCT has been positively associated with Bacteroides fragilis abundance and risk of tumour relapse
890a94fb,Paredes_2026,df6d906b,Bergeron_2017,Bacteroides fragilis,species,exacerbating,human observational,Class 0: Unattributed,0. Unattributed,taxon,antibiotic,class 5 reassigned: no mechanism stated,PAR_063,Paredes_2026,6,body,Bacteroides fragilis,species,human observational,azithromycin promotes B. fragilis and relapse,Bergeron 2017,author_year+ref_dictionary,Early administration of azithromycin to prevent bronchiolitis obliterans syndrome after allo-HCT has been positively associated with Bacteroides fragilis abundance and risk of tumour relapse
890a94fb,Paredes_2026,bba59f3e,Hayase_2024,Bacteroides ovatus,species,protective,murine,Class 0: Unattributed,0. Unattributed,taxon,,scheme C; 4a diversity/dysbiosis -> unattributed,PAR_032,Paredes_2026,4,body,Bacteroides ovatus,species,murine,Bacteroides ovatus reduces GVHD severity,Hayase 2024,author_year,Hayase et al. reported a lower abundance of Bacteroides ovatus in patients with steroid-refractory lower-gastrointestinal aGVHD and showed in a mouse model that reintroducing this bacterial species led to reduced GVHD severity and improved survival
890a94fb,Paredes_2026,8d2ed8ae,Jenq_2015,Blautia,genus,protective,human observational,Class 0: Unattributed,0. Unattributed,taxon,,scheme C; 4a diversity/dysbiosis -> unattributed,PAR_020,Paredes_2026,4,body,Blautia,genus,human observational,low Blautia increases relapse risk,Jenq 2015,author_year,a higher risk of relapse with low abundance of Blautia
890a94fb,Paredes_2026,8d2ed8ae,Jenq_2015,Blautia,genus,protective,human observational,Class 0: Unattributed,0. Unattributed,taxon,diet,class 5 reassigned: from outcome described; 4a diversity/dysbiosis -> unattributed,PAR_071,Paredes_2026,6,body,Blautia,genus,human observational,parenteral nutrition reduces Blautia,Jenq 2015,author_year,"long-term use of total parenteral nutrition (≥10 days) was associated with a loss of Blautia, whereas increased levels of Blautia were found to be associated with reduced GVHD-related mortality"
890a94fb,Paredes_2026,1d996087,Shono_2016,Blautia,genus,protective,human observational,Class 0: Unattributed,0. Unattributed,taxon,antibiotic,class 5 reassigned: from outcome described; 4a diversity/dysbiosis -> unattributed,PAR_177,Paredes_2026,11,body,Blautia,genus,clinical cohort,narrow-spectrum antibiotics spare Blautia and other beneficial anaerobes,Shono 2016,author_year,"antibiotic stewardship via evidence-based use of narrow-spectrum antibiotics, ideally for a short duration of time, is prudent to spare beneficial anaerobic bacteria (for example, Blautia spp.)"
890a94fb,Paredes_2026,a2881d3f,Weber_2019,Blautia,genus,protective,human observational,Class 0: Unattributed,0. Unattributed,taxon,antibiotic,class 5 reassigned: from outcome described; 4a diversity/dysbiosis -> unattributed,PAR_177,Paredes_2026,11,body,Blautia,genus,clinical cohort,narrow-spectrum antibiotics spare Blautia and other beneficial anaerobes,Weber 2018,author_year,"antibiotic stewardship via evidence-based use of narrow-spectrum antibiotics, ideally for a short duration of time, is prudent to spare beneficial anaerobic bacteria (for example, Blautia spp.)"
a83e68a9,SoleimaniSamarkhazan_2025,0f3dcd76,Liu_2017,Blautia,genus,protective,human observational,Class 0: Unattributed,0. Unattributed,taxon,,scheme C; 4a diversity/dysbiosis -> unattributed,SAM_139,Samarkhazan_2025,12,section personalized therapies,Blautia,genus,human,Blautia low / Enterobacteriaceae high as GVHD risk signature,Liu 2017,author_year,"patients with reduced microbial diversity or an imbalanced community—characterized, for example, by low levels of beneficial taxa such as Blautia and high levels of pro-inflammatory organisms like Enterobacteriaceae—are at increased risk for more severe GVHD and higher mortality following allo-HSCT"
a83e68a9,SoleimaniSamarkhazan_2025,2aab7708,Masetti_2023,Blautia,genus,protective,human observational,Class 0: Unattributed,0. Unattributed,taxon,,scheme C; 4a diversity/dysbiosis -> unattributed,SAM_139,Samarkhazan_2025,12,section personalized therapies,Blautia,genus,human,Blautia low / Enterobacteriaceae high as GVHD risk signature,Masetti 2023,author_year,"patients with reduced microbial diversity or an imbalanced community—characterized, for example, by low levels of beneficial taxa such as Blautia and high levels of pro-inflammatory organisms like Enterobacteriaceae—are at increased risk for more severe GVHD and higher mortality following allo-HSCT"
5dc2d761,Weber_2026,8d2ed8ae,Jenq_2015,Blautia,genus,protective,unspecified,Class 0: Unattributed,0. Unattributed,taxon,diet,class 5 reassigned: from outcome described; 4a diversity/dysbiosis -> unattributed,WEB_013,Weber_2026,2,body,Blautia,genus,unspecified,Blautia loss from parenteral nutrition,Jenq 2015 (10.1016/j.bbmt.2015.04.016),manual,absence of normal dietary intake and prolonged parenteral nutrition leads to loss of protective beneﬁcial bacteria such as Blautia
5dc2d761,Weber_2026,0c22fa55,Zama_2021,Blautia,genus,protective,unspecified,Class 0: Unattributed,0. Unattributed,taxon,diet,class 5 reassigned: from outcome described; 4a diversity/dysbiosis -> unattributed,WEB_013,Weber_2026,2,body,Blautia,genus,unspecified,Blautia loss from parenteral nutrition,Zama 2021 (10.1016/j.jtct.2020.11.006),author_year,absence of normal dietary intake and prolonged parenteral nutrition leads to loss of protective beneﬁcial bacteria such as Blautia
5dc2d761,Weber_2026,4488e8bd,Muratore_2022,Blautia,genus,protective,unspecified,Class 0: Unattributed,0. Unattributed,taxon,diet,class 5 reassigned: from outcome described; 4a diversity/dysbiosis -> unattributed,WEB_013,Weber_2026,2,body,Blautia,genus,unspecified,Blautia loss from parenteral nutrition,Muratore 2022 (10.3389/fnut.2022.993668),author_year+ref_dictionary,absence of normal dietary intake and prolonged parenteral nutrition leads to loss of protective beneﬁcial bacteria such as Blautia
5dc2d761,Weber_2026,8d2ed8ae,Jenq_2015,Blautia,genus,protective,human observational,Class 0: Unattributed,0. Unattributed,taxon,,scheme C; 4a diversity/dysbiosis -> unattributed,WEB_072,Weber_2026,4,body,Blautia,genus,human observational,Blautia abundance accelerates T cell recovery,Jenq 2015,manual,"high abundance of beneﬁcial commensals such as Blautia has been associated with accelerated recovery of CD4⁺ and CD8⁺ T cells, enhanced antiviral immunity, and reduced risk of leukemia relapse"
890a94fb,Paredes_2026,aaac60ca,Han_2024,Clostridia,class,protective,human observational,Class 0: Unattributed,0. Unattributed,taxon,,scheme C; 4a diversity/dysbiosis -> unattributed,PAR_170,Paredes_2026,11,body,Clostridia,class,clinical cohort,Clostridia taxa enriched in GVHD-free patients,Han 2024,author_year,several Clostridia-affiliated taxa enriched in the non-GVHD group
5dc2d761,Weber_2026,9cf888c6,Weber_2017,Clostridia,class,protective,human observational,Class 0: Unattributed,0. Unattributed,taxon,antibiotic,class 5 reassigned: from outcome described; 4a diversity/dysbiosis -> unattributed,WEB_112,Weber_2026,6,body,Clostridia,class,human observational,early antibiotics cause loss of protective Clostridia,Weber 2017 (10.1016/j.bbmt.2017.02.006),author_year,"patients who received antibiotics prior to the day of transplantation showed loss of protective Clostridia and increased transplant related mortality, compared to patients with later initiation of antibiotic treatment"
a83e68a9,SoleimaniSamarkhazan_2025,5d90955e,Galloway-Pena_2020,Clostridiales,order,protective,unspecified,Class 0: Unattributed,0. Unattributed,taxon,,scheme C; 4a diversity/dysbiosis -> unattributed,SAM_011,Samarkhazan_2025,2,body,Clostridiales,order,unspecified,radiation reduces Clostridiales and permits γ-Proteobacteria expansion,Galloway-Peña 2020,author_year,"radiation therapy exacerbates mucosal injury, diminishing Clostridiales populations essential for maintaining anaerobic conditions and suppressing pro-inflammatory γ-Proteobacteria"
a83e68a9,SoleimaniSamarkhazan_2025,9cf888c6,Weber_2017,Clostridiales,order,protective,human observational,Class 0: Unattributed,0. Unattributed,taxon,antibiotic,class 5 reassigned: from outcome described; 4a diversity/dysbiosis -> unattributed,SAM_016,Samarkhazan_2025,2,body,Clostridiales,order,clinical cohort,early broad-spectrum antibiotic exposure reduces Clostridiales and raises TRM,Weber 2017,author_year,A retrospective study reported that early use of broad-spectrum antibiotics between days − 7 and 0 prior to allogeneic HSCT reduced Clostridiales abundance and was associated with elevated transplant-related mortality
890a94fb,Paredes_2026,fbd17a18,Fukushima_2024,Clostridium butyricum,species,protective,clinical trial,Class 0: Unattributed,0. Unattributed,taxon,probiotic / LBP,class 5 reassigned: from outcome described; 4a diversity/dysbiosis -> unattributed,PAR_225,Paredes_2026,16,body,Clostridium butyricum,species,clinical trial,CBM588 increases alpha diversity and lowers Enterococcus/Bacteroides,Fukushima 2024,author_year,"Clostridium butyricum MIYAIRI 588 (CBM588) is being studied as an LBP in a randomized open-label pilot study with peri-transplant administration. Patients in the treatment group showed increased alpha diversity in their gut microbiome and lower abundance of Enterococcus and Bacteroides, which were both more common in patients who developed GVHD"
a83e68a9,SoleimaniSamarkhazan_2025,0f3dcd76,Liu_2017,Enterobacteriaceae,family,exacerbating,human observational,Class 0: Unattributed,0. Unattributed,taxon,,scheme C; 4a diversity/dysbiosis -> unattributed,SAM_140,Samarkhazan_2025,12,section personalized therapies,Enterobacteriaceae,family,human,Blautia low / Enterobacteriaceae high as GVHD risk signature,Liu 2017,author_year,"patients with reduced microbial diversity or an imbalanced community—characterized, for example, by low levels of beneficial taxa such as Blautia and high levels of pro-inflammatory organisms like Enterobacteriaceae—are at increased risk for more severe GVHD and higher mortality following allo-HSCT"
a83e68a9,SoleimaniSamarkhazan_2025,2aab7708,Masetti_2023,Enterobacteriaceae,family,exacerbating,human observational,Class 0: Unattributed,0. Unattributed,taxon,,scheme C; 4a diversity/dysbiosis -> unattributed,SAM_140,Samarkhazan_2025,12,section personalized therapies,Enterobacteriaceae,family,human,Blautia low / Enterobacteriaceae high as GVHD risk signature,Masetti 2023,author_year,"patients with reduced microbial diversity or an imbalanced community—characterized, for example, by low levels of beneficial taxa such as Blautia and high levels of pro-inflammatory organisms like Enterobacteriaceae—are at increased risk for more severe GVHD and higher mortality following allo-HSCT"
5dc2d761,Weber_2026,cf772597,Taur_2014,Enterobacteriaceae,family,exacerbating,human observational,Class 0: Unattributed,0. Unattributed,taxon,,scheme C; 4a diversity/dysbiosis -> unattributed,WEB_079,Weber_2026,5,table 2,Enterobacteriaceae,family,human observational,Enterobacteriaceae domination linked to poor outcomes,Taur 2014 (10.1182/blood-2014-02-554725),author_year,"Domination by Enterococcus, Streptococcus, Enterobacteriaceae, and Lactobacillus spp. linked to poor outcomes"
890a94fb,Paredes_2026,5606555c,Kambara_2025,Enterococcaceae,family,exacerbating,murine,Class 0: Unattributed,0. Unattributed,taxon,,scheme C; 4a diversity/dysbiosis -> unattributed,PAR_060,Paredes_2026,5,body,Enterococcaceae,family,murine,oral dysbiosis / Enterococcaceae ectopic colonization exacerbates cGVHD,Kambara 2025,author_year,"In a mouse model, bilateral molar ligatures (an orthodontic technique) in recipients of allo-HCT disrupted the oral flora, exacerbated cGVHD and led to an expansion of Enterococcaceae in the oral cavity and the gut, also indicative of ectopic gut colonization"
890a94fb,Paredes_2026,5f881f90,BurgosDaSilva_2022,Enterococcus,genus,exacerbating,human observational,Class 0: Unattributed,0. Unattributed,taxon,,scheme C; 4a diversity/dysbiosis -> unattributed,PAR_028,Paredes_2026,4,body,Enterococcus,genus,human observational,Enterococcus expansion in aGVHD,Burgos 2022,author_year,"Following the onset of aGVHD, butyrate-producing bacteria continue to decline, whereas facultative anaerobes such as Enterococcus expand"
890a94fb,Paredes_2026,e7b527fc,Nguyen_2023,Enterococcus,genus,exacerbating,human observational,Class 0: Unattributed,0. Unattributed,taxon,,scheme C; 4a diversity/dysbiosis -> unattributed,PAR_068,Paredes_2026,6,body,Enterococcus,genus,human observational,antiemetics/opioids promote Enterococcus,Nguyen 2023,author_year,"Antiemetics and opioids, which are frequently administered to respectively counteract chemotherapy-induced nausea and pain due to mucositis, were associated with increased Enterococcus abundance and decreased gut microbial diversity"
890a94fb,Paredes_2026,fbd17a18,Fukushima_2024,Enterococcus,genus,exacerbating,clinical trial,Class 0: Unattributed,0. Unattributed,taxon,,scheme C; 4a diversity/dysbiosis -> unattributed,PAR_226,Paredes_2026,16,body,Enterococcus,genus,clinical trial,Enterococcus abundance higher in patients who developed GVHD,Fukushima 2024,author_year,"Clostridium butyricum MIYAIRI 588 (CBM588) is being studied as an LBP in a randomized open-label pilot study with peri-transplant administration. Patients in the treatment group showed increased alpha diversity in their gut microbiome and lower abundance of Enterococcus and Bacteroides, which were both more common in patients who developed GVHD"
a83e68a9,SoleimaniSamarkhazan_2025,5d90955e,Galloway-Pena_2020,Enterococcus,genus,exacerbating,unspecified,Class 0: Unattributed,0. Unattributed,taxon,,scheme C; 4a diversity/dysbiosis -> unattributed,SAM_005,Samarkhazan_2025,2,body,Enterococcus,genus,unspecified,leukemia-derived TNF-α and IL-6 compromise epithelium and promote pathobionts,Galloway-Peña 2020,author_year,"leukemic cells secrete inflammatory cytokines such as tumor necrosis factor-alpha (TNF-α) and interleukin-6 (IL-6), which compromise epithelial integrity and promote the proliferation of opportunistic pathogens like Enterococcus and Escherichia"
a83e68a9,SoleimaniSamarkhazan_2025,44e5aa7c,Ilett_2020,Enterococcus,genus,context-dependent,human observational,Class 0: Unattributed,0. Unattributed,taxon,,scheme C; 4a diversity/dysbiosis -> unattributed,SAM_067,Samarkhazan_2025,5,body,Enterococcus,genus,clinical cohort,grafts carry donor-derived Enterococcus and Staphylococcus,Ilett 2020,author_year,recent investigations demonstrated that bacterial taxa such as Enterococcus and Staphylococcus can be detected in grafts prepared for allo-HSCT. These microbial entities may derive from the donor's microbiota or from contamination during the harvest or processing of the graft
a83e68a9,SoleimaniSamarkhazan_2025,c3e11cd8,Khuat_2021,Enterococcus,genus,exacerbating,unspecified,Class 0: Unattributed,0. Unattributed,taxon,,scheme C; 4a diversity/dysbiosis -> unattributed,SAM_080,Samarkhazan_2025,6,table 3,Enterococcus,genus,unspecified,Table 3: Enterococcus post-HSCT domination exacerbates mucosal damage and GVHD,Khuat 2021,author_year,Enterococcus; Frequent post-HSCT domination; Exploitation of ecological vacuum; Antibiotic resistance; Exacerbation of mucosal damage; Systemic inflammation; Increased GVHD severity
5dc2d761,Weber_2026,b3afeea3,Peled_2020,Enterococcus,genus,exacerbating,human observational,Class 0: Unattributed,0. Unattributed,taxon,,scheme C; 4a diversity/dysbiosis -> unattributed,WEB_006,Weber_2026,1,body,Enterococci,genus,human observational,Enterococci domination associated with TRM,Peled 2020 (10.1056/NEJMoa1900623),author_year,similar microbial patterns characterized by loss of commensals and domination by single bacterial taxa such as Enterococci were associated with high transplant-related mortality
5dc2d761,Weber_2026,51e3c6cd,Stein-Thoeringer_2019,Enterococcus,genus,exacerbating,human observational,Class 0: Unattributed,0. Unattributed,taxon,,scheme C; 4a diversity/dysbiosis -> unattributed,WEB_006,Weber_2026,1,body,Enterococci,genus,human observational,Enterococci domination associated with TRM,Stein-Thoeringer 2019 (10.1126/science.aax3760),author_year_doi,similar microbial patterns characterized by loss of commensals and domination by single bacterial taxa such as Enterococci were associated with high transplant-related mortality
5dc2d761,Weber_2026,51e3c6cd,Stein-Thoeringer_2019,Enterococcus,genus,exacerbating,unspecified,Class 0: Unattributed,0. Unattributed,taxon,,scheme C; 4a diversity/dysbiosis -> unattributed,WEB_070,Weber_2026,4,body,Enterococcus,genus,unspecified,lactose drives Enterococcus expansion,Stein-Thoeringer 2019,manual,"Dietary lactose has been identiﬁed as a key driver of Enterococcus expansion, with lactose malabsorption further impairing microbial clearance"
5dc2d761,Weber_2026,b3afeea3,Peled_2020,Enterococcus,genus,exacerbating,human observational,Class 0: Unattributed,0. Unattributed,taxon,,scheme C; 4a diversity/dysbiosis -> unattributed,WEB_084,Weber_2026,5,table 2,Enterococcus,genus,human observational,Enterococcus linked to increased GVHD risk,Peled 2020 (10.1056/NEJMoa1900623),author_year,Abundance of Enterococcus and Streptococcus spp. linked to increased GVHD risk
5dc2d761,Weber_2026,a0e2fd55,Miltiadous_2022,Erysipelotrichaceae,family,protective,human observational,Class 0: Unattributed,0. Unattributed,taxon,,scheme C; 4a diversity/dysbiosis -> unattributed,WEB_091,Weber_2026,5,table 2,Erysipelotrichaceae,family,human observational,Erysipelotrichaceae beneficial for immune reconstitution,Miltiadous 2022 (10.1182/blood.2021014255),author_year,Highlights Erysipelotrichaceae as beneﬁcial for immune reconstitution
a83e68a9,SoleimaniSamarkhazan_2025,5d90955e,Galloway-Pena_2020,Escherichia,genus,exacerbating,unspecified,Class 0: Unattributed,0. Unattributed,taxon,,scheme C; 4a diversity/dysbiosis -> unattributed,SAM_006,Samarkhazan_2025,2,body,Escherichia,genus,unspecified,leukemia-derived TNF-α and IL-6 compromise epithelium and promote pathobionts,Galloway-Peña 2020,author_year,"leukemic cells secrete inflammatory cytokines such as tumor necrosis factor-alpha (TNF-α) and interleukin-6 (IL-6), which compromise epithelial integrity and promote the proliferation of opportunistic pathogens like Enterococcus and Escherichia"
890a94fb,Paredes_2026,e056a998,Peled_2017,Eubacterium limosum,species,protective,human observational,Class 0: Unattributed,0. Unattributed,taxon,,scheme C; 4a diversity/dysbiosis -> unattributed,PAR_021,Paredes_2026,4,body,Eubacterium limosum,species,human observational,Eubacterium limosum associated with remission,Peled 2017,author_year,likelier remission with high abundance of Eubacterium limosum
a83e68a9,SoleimaniSamarkhazan_2025,e267f166,Biagi_2015,Faecalibacterium,genus,protective,human observational,Class 0: Unattributed,0. Unattributed,taxon,,scheme C; 4a diversity/dysbiosis -> unattributed,SAM_033,Samarkhazan_2025,3,body,Faecalibacterium,genus,clinical cohort,pediatric HSCT: Faecalibacterium declines and Proteobacteria rises with GVHD severity,Biagi 2015,author_year,"Biagi et al. (2015) characterized gut microbiota trajectories in pediatric HSCT patients, revealing distinct microbial shifts post-transplant, including a decline in Faecalibacterium and an increase in Proteobacteria, which correlate with GVHD severity and prolonged immune reconstitution"
5dc2d761,Weber_2026,9cca053a,Schluter_2020,Faecalibacterium,genus,protective,human observational,Class 0: Unattributed,0. Unattributed,taxon,,scheme C; 4a diversity/dysbiosis -> unattributed,WEB_087,Weber_2026,5,table 2,Faecalibacterium,genus,human observational,Faecalibacterium accelerates immune reconstitution,Schluter 2020 (10.1038/s41586-020-2971-8),author_year,"Enriched microbiota with Faecalibacterium, Ruminococcus 2, Akkermansia accelerates immune reconstitution"
890a94fb,Paredes_2026,c0510885,Andersen_2020,Faecalibacterium prausnitzii,species,protective,clinical trial,Class 0: Unattributed,0. Unattributed,taxon,diet,class 5 reassigned: from outcome described; 4a diversity/dysbiosis -> unattributed,PAR_070,Paredes_2026,6,body,Faecalibacterium prausnitzii,species,clinical trial,enteral nutrition promotes R. bromii / F. prausnitzii,Andersen 2020,author_year,"patients receiving primarily enteral nutrition compared with parenteral nutrition had higher abundance of taxa associated with protection from GVHD, such as Ruminococcus bromii and Faecalibacterium prausnitzii"
a83e68a9,SoleimaniSamarkhazan_2025,5d90955e,Galloway-Pena_2020,Gammaproteobacteria,class,exacerbating,unspecified,Class 0: Unattributed,0. Unattributed,taxon,,scheme C; 4a diversity/dysbiosis -> unattributed,SAM_012,Samarkhazan_2025,2,body,γ-Proteobacteria,class,unspecified,radiation reduces Clostridiales and permits γ-Proteobacteria expansion,Galloway-Peña 2020,author_year,"radiation therapy exacerbates mucosal injury, diminishing Clostridiales populations essential for maintaining anaerobic conditions and suppressing pro-inflammatory γ-Proteobacteria"
5dc2d761,Weber_2026,cf772597,Taur_2014,Lachnospiraceae,family,protective,human observational,Class 0: Unattributed,0. Unattributed,taxon,,scheme C; 4a diversity/dysbiosis -> unattributed,WEB_075,Weber_2026,5,table 2,Lachnospiraceae,family,human observational,Lachnospiraceae associated with increased OS,Taur 2014 (10.1182/blood-2014-02-554725),author_year,Increased OS associated with higher relative abundance of Lachnospiraceae and Actinomycetaceae
684ea3ba,Moses_2026,4c36fb76,Gerbitz_2004,Lacticaseibacillus rhamnosus,species,protective,murine,Class 0: Unattributed,0. Unattributed,taxon,,scheme C; 4a diversity/dysbiosis -> unattributed,MOS_070,Moses_2026,10,body,Lactobacillus rhamnosus,species,murine,L. rhamnosus reduces bacterial translocation,Gerbitz 2004 (10.1182/blood-),author_year,murine studies have suggested that the introduction of Lactobacillus rhamnosus reduced bacterial translocation and improved GvHD outcomes
684ea3ba,Moses_2026,49fdeda9,Gorshein_2017,Lacticaseibacillus rhamnosus,species,unspecified,clinical trial,Class 0: Unattributed,0. Unattributed,taxon,probiotic / LBP,class 5 reassigned: no mechanism stated,MOS_071,Moses_2026,10,body,Lactobacillus rhamnosus,species,clinical trial,L. rhamnosus supplementation ineffective in adults,Gorshein 2017 (10.1111/ctr.12947),manual,a randomized study of 31 adults comparing L. rhamnosus supplementation starting at the time of engraftment to no probiotic exposure did not show a difference in aGvHD incidence
890a94fb,Paredes_2026,49fdeda9,Gorshein_2017,Lacticaseibacillus rhamnosus,species,context-dependent,clinical trial,Class 0: Unattributed,0. Unattributed,taxon,probiotic / LBP,class 5 reassigned: no mechanism stated,PAR_224,Paredes_2026,16,body,Lactobacillus rhamnosus,species,clinical trial,L. rhamnosus GG trial terminated early with no microbiome or GVHD change,Gorshein 2017,author_year,a clinical trial examining Lactobacillus rhamnosus GG administration in patients receiving allo-HCT was terminated early when an interim analysis did not detect a probiotic-related change in the microbiome or in GVHD incidence
a83e68a9,SoleimaniSamarkhazan_2025,4c36fb76,Gerbitz_2004,Lacticaseibacillus rhamnosus,species,protective,murine,Class 0: Unattributed,0. Unattributed,taxon,probiotic / LBP,class 5 reassigned: no mechanism stated,SAM_127,Samarkhazan_2025,10,section Probiotics,Lactobacillus rhamnosus GG,species,animal,Gerbitz 2004 LGG murine,Gerbitz 2004,author_year,oral administration of Lactobacillus Rhamnosus GG before and after transplantation resulted in improved survival and reduced aGVHD in murine models
5dc2d761,Weber_2026,4ec28685,Andersen_2025,Lacticaseibacillus rhamnosus,species,protective,clinical trial,Class 0: Unattributed,0. Unattributed,taxon,,scheme C; 4a diversity/dysbiosis -> unattributed,WEB_117,Weber_2026,7,body,Lactobacillus rhamnosus,species,clinical trial,prebiotic fiber increases L. rhamnosus,Andersen 2025,author_year,in the prebiotic group a signiﬁcant increase of the relative abundance of lactobacillus_C rhamnosus (p = 0.022) and decreased expression of antibiotic resistance genes was observed
684ea3ba,Moses_2026,491a3314,Ladas_2025,Lactiplantibacillus plantarum,species,unspecified,clinical trial,Class 0: Unattributed,0. Unattributed,taxon,probiotic / LBP,class 5 reassigned: no mechanism stated,MOS_072,Moses_2026,10,body,Lactiplantibacillus plantarum,species,clinical trial,L. plantarum ineffective at preventing GI GvHD,Ladas 2025,author_year,administration of Lactiplantibacillus plantarum from the start of conditioning to 56 days post-transplant period to be safe but ineffective at preventing GI GvHD
a83e68a9,SoleimaniSamarkhazan_2025,be7f54aa,Ladas_2016,Lactiplantibacillus plantarum,species,protective,human observational,Class 0: Unattributed,0. Unattributed,taxon,probiotic / LBP,class 5 reassigned: no mechanism stated,SAM_125,Samarkhazan_2025,10,section Probiotics,Lactobacillus plantarum,species,human,Ladas 2016 Lactobacillus plantarum safety,Ladas 2016,author_year,"Lactobacillus plantarum administration feasible, with 97% compliance and no bacteremia in 30 children and adolescents undergoing HCT"
890a94fb,Paredes_2026,14dedf68,Jenq_2012,Lactobacillus,genus,protective,murine,Class 0: Unattributed,0. Unattributed,taxon,probiotic / LBP,class 5 reassigned: no mechanism stated,PAR_223,Paredes_2026,16,body,Lactobacillus,genus,murine,Lactobacillus administration alleviates GVHD in mice,Jenq 2012,author_year,the administration of Lactobacillus alleviates GVHD in mouse models
890a94fb,Paredes_2026,4c36fb76,Gerbitz_2004,Lactobacillus,genus,protective,murine,Class 0: Unattributed,0. Unattributed,taxon,probiotic / LBP,class 5 reassigned: no mechanism stated,PAR_223,Paredes_2026,16,body,Lactobacillus,genus,murine,Lactobacillus administration alleviates GVHD in mice,Gerbitz 2004,author_year,the administration of Lactobacillus alleviates GVHD in mouse models
5dc2d761,Weber_2026,14dedf68,Jenq_2012,Lactobacillus,genus,protective,unspecified,Class 0: Unattributed,0. Unattributed,taxon,,scheme C; 4a diversity/dysbiosis -> unattributed,WEB_004,Weber_2026,1,body,Lactobacillus,genus,unspecified,Lactobacillus introduction modifies intestinal inflammation,Jenq 2012 (10.1084/jem.20112408),author_year,manipulation of the intestinal microbiota composition either by antibiotics such as Ampicillin or by introducing potentially beneﬁcial bacteria such as Lactobacillus signiﬁcantly modiﬁed intestinal inﬂammation and outcome of transplant recipients
5dc2d761,Weber_2026,4c36fb76,Gerbitz_2004,Lactobacillus,genus,protective,unspecified,Class 0: Unattributed,0. Unattributed,taxon,,scheme C; 4a diversity/dysbiosis -> unattributed,WEB_004,Weber_2026,1,body,Lactobacillus,genus,unspecified,Lactobacillus introduction modifies intestinal inflammation,Gerbitz 2004,author_year,manipulation of the intestinal microbiota composition either by antibiotics such as Ampicillin or by introducing potentially beneﬁcial bacteria such as Lactobacillus signiﬁcantly modiﬁed intestinal inﬂammation and outcome of transplant recipients
5dc2d761,Weber_2026,cf772597,Taur_2014,Lactobacillus,genus,exacerbating,human observational,Class 0: Unattributed,0. Unattributed,taxon,,scheme C; 4a diversity/dysbiosis -> unattributed,WEB_080,Weber_2026,5,table 2,Lactobacillus,genus,human observational,Lactobacillus domination linked to poor outcomes,Taur 2014 (10.1182/blood-2014-02-554725),author_year,"Domination by Enterococcus, Streptococcus, Enterobacteriaceae, and Lactobacillus spp. linked to poor outcomes"
a83e68a9,SoleimaniSamarkhazan_2025,2170c8e9,Beak_2022,Lactobacillus acidophilus,species,protective,murine,Class 0: Unattributed,0. Unattributed,taxon,probiotic / LBP,class 5 reassigned: no mechanism stated,SAM_128,Samarkhazan_2025,10,section Probiotics,Lactobacillus acidophilus,species,animal,Beak 2022 L. acidophilus + FK506,Beak 2022,author_year,combining Lactobacillus acidophilus with the immunosuppressant FK506 reduced inflammation and the severity of GVHD compared to FK506 alone
890a94fb,Paredes_2026,be571531,Legoff_2017,Picobirnaviridae,family,exacerbating,human observational,Class 0: Unattributed,0. Unattributed,taxon,,scheme C; 4a diversity/dysbiosis -> unattributed,PAR_002,Paredes_2026,3,box 1,Picobirnaviridae,family,human observational,Picobirnaviridae associated with GI aGVHD,Legoff 2017,author_year,a positive association between levels of the eukaryotic Picobirnaviridae and acute gastrointestinal GVHD was found
a83e68a9,SoleimaniSamarkhazan_2025,82e10e4d,Montassier_2015,Pseudomonadota,phylum,exacerbating,human observational,Class 0: Unattributed,0. Unattributed,taxon,,scheme C; 4a diversity/dysbiosis -> unattributed,SAM_010,Samarkhazan_2025,2,body,Proteobacteria,phylum,clinical cohort,high-dose chemotherapy reduces Firmicutes and Actinobacteria and expands Proteobacteria,Montassier 2015,author_year,Montassier et al. (2015) demonstrated that patients with non-Hodgkin's lymphoma (NHL) receiving high-dose chemotherapy experienced a 70% reduction in Firmicutes and Actinobacteria alongside a 15-fold increase in Proteobacteria
a83e68a9,SoleimaniSamarkhazan_2025,e267f166,Biagi_2015,Pseudomonadota,phylum,exacerbating,human observational,Class 0: Unattributed,0. Unattributed,taxon,,scheme C; 4a diversity/dysbiosis -> unattributed,SAM_034,Samarkhazan_2025,3,body,Proteobacteria,phylum,clinical cohort,pediatric HSCT: Proteobacteria rises with GVHD severity,Biagi 2015,author_year,"Biagi et al. (2015) characterized gut microbiota trajectories in pediatric HSCT patients, revealing distinct microbial shifts post-transplant, including a decline in Faecalibacterium and an increase in Proteobacteria, which correlate with GVHD severity and prolonged immune reconstitution"
890a94fb,Paredes_2026,c0510885,Andersen_2020,Ruminococcoides bromii,species,protective,clinical trial,Class 0: Unattributed,0. Unattributed,taxon,diet,class 5 reassigned: from outcome described; 4a diversity/dysbiosis -> unattributed,PAR_069,Paredes_2026,6,body,Ruminococcus bromii,species,clinical trial,enteral nutrition promotes R. bromii / F. prausnitzii,Andersen 2020,author_year,"patients receiving primarily enteral nutrition compared with parenteral nutrition had higher abundance of taxa associated with protection from GVHD, such as Ruminococcus bromii and Faecalibacterium prausnitzii"
5dc2d761,Weber_2026,9cca053a,Schluter_2020,Ruminococcus,genus,protective,human observational,Class 0: Unattributed,0. Unattributed,taxon,,scheme C; 4a diversity/dysbiosis -> unattributed,WEB_088,Weber_2026,5,table 2,Ruminococcus 2,genus,human observational,Ruminococcus 2 accelerates immune reconstitution,Schluter 2020 (10.1038/s41586-020-2971-8),author_year,"Enriched microbiota with Faecalibacterium, Ruminococcus 2, Akkermansia accelerates immune reconstitution"
a83e68a9,SoleimaniSamarkhazan_2025,44e5aa7c,Ilett_2020,Staphylococcus,genus,context-dependent,human observational,Class 0: Unattributed,0. Unattributed,taxon,,scheme C; 4a diversity/dysbiosis -> unattributed,SAM_068,Samarkhazan_2025,5,body,Staphylococcus,genus,clinical cohort,grafts carry donor-derived Enterococcus and Staphylococcus,Ilett 2020,author_year,recent investigations demonstrated that bacterial taxa such as Enterococcus and Staphylococcus can be detected in grafts prepared for allo-HSCT
5dc2d761,Weber_2026,a0e2fd55,Miltiadous_2022,Staphylococcus,genus,exacerbating,human observational,Class 0: Unattributed,0. Unattributed,taxon,,scheme C; 4a diversity/dysbiosis -> unattributed,WEB_090,Weber_2026,5,table 2,Staphylococcus,genus,human observational,Staphylococcus associated with poor CD4 recovery,Miltiadous 2022 (10.1182/blood.2021014255),author_year,Increased abundance of Staphylococcus associated with poor CD4 T-cell recovery
5dc2d761,Weber_2026,cf772597,Taur_2014,Streptococcus,genus,exacerbating,human observational,Class 0: Unattributed,0. Unattributed,taxon,,scheme C; 4a diversity/dysbiosis -> unattributed,WEB_078,Weber_2026,5,table 2,Streptococcus,genus,human observational,Streptococcus domination linked to poor outcomes,Taur 2014 (10.1182/blood-2014-02-554725),author_year,"Domination by Enterococcus, Streptococcus, Enterobacteriaceae, and Lactobacillus spp. linked to poor outcomes"
5dc2d761,Weber_2026,b3afeea3,Peled_2020,Streptococcus,genus,exacerbating,human observational,Class 0: Unattributed,0. Unattributed,taxon,,scheme C; 4a diversity/dysbiosis -> unattributed,WEB_085,Weber_2026,5,table 2,Streptococcus,genus,human observational,Streptococcus linked to increased GVHD risk,Peled 2020 (10.1056/NEJMoa1900623),author_year,Abundance of Enterococcus and Streptococcus spp. linked to increased GVHD risk
890a94fb,Paredes_2026,2c0f34c8,Rashidi_2024,Streptococcus salivarius,species,exacerbating,human observational,Class 0: Unattributed,0. Unattributed,taxon,,scheme C; 4a diversity/dysbiosis -> unattributed,PAR_036,Paredes_2026,4,body,Streptococcus salivarius,species,human observational,oral Streptococcus salivarius and Veillonella parvula expansion in cGVHD,Rashidi 2024,author_year,"A longitudinal analysis of 29 patients with cGVHD versus 51 individuals without GVHD revealed an oral expansion of Streptococcus salivarius and Veillonella parvula and a high degree of overlap between oral and gut bacterial species, suggesting ectopic gut colonization"
890a94fb,Paredes_2026,2c0f34c8,Rashidi_2024,Veillonella parvula,species,exacerbating,human observational,Class 0: Unattributed,0. Unattributed,taxon,,scheme C; 4a diversity/dysbiosis -> unattributed,PAR_037,Paredes_2026,4,body,Veillonella parvula,species,human observational,oral Streptococcus salivarius and Veillonella parvula expansion in cGVHD,Rashidi 2024,author_year,"A longitudinal analysis of 29 patients with cGVHD versus 51 individuals without GVHD revealed an oral expansion of Streptococcus salivarius and Veillonella parvula and a high degree of overlap between oral and gut bacterial species, suggesting ectopic gut colonization"
684ea3ba,Moses_2026,c03d7be7,Mathewson_2016,anaerobic commensal bacteria,functional group,exacerbating,human observational,Class 0: Unattributed,0. Unattributed,mechanism,,scheme C; 4a diversity/dysbiosis -> unattributed,MOS_002,Moses_2026,2,body,anaerobic commensal bacteria,functional group,human observational,loss of beneficial anaerobic commensals,Mathewson 2016 (10.1038/ni.3400),author_year,"the loss of apparently beneficial, often anaerobic commensal bacteria associated with favorable GvHD outcomes"
684ea3ba,Moses_2026,14dedf68,Jenq_2012,anaerobic commensal bacteria,functional group,exacerbating,human observational,Class 0: Unattributed,0. Unattributed,mechanism,,scheme C; 4a diversity/dysbiosis -> unattributed,MOS_002,Moses_2026,2,body,anaerobic commensal bacteria,functional group,human observational,loss of beneficial anaerobic commensals,Jenq 2012 (10.1084/jem.20112408),author_year,"the loss of apparently beneficial, often anaerobic commensal bacteria associated with favorable GvHD outcomes"
684ea3ba,Moses_2026,bba59f3e,Hayase_2024,anaerobic commensal bacteria,functional group,exacerbating,human observational,Class 0: Unattributed,0. Unattributed,mechanism,,scheme C; 4a diversity/dysbiosis -> unattributed,MOS_002,Moses_2026,2,body,anaerobic commensal bacteria,functional group,human observational,loss of beneficial anaerobic commensals,Hayase 2024 (10.1016/j.chom.2024.08.004),author_year,"the loss of apparently beneficial, often anaerobic commensal bacteria associated with favorable GvHD outcomes"
684ea3ba,Moses_2026,8d2ed8ae,Jenq_2015,anaerobic commensal bacteria,functional group,exacerbating,human observational,Class 0: Unattributed,0. Unattributed,mechanism,,scheme C; 4a diversity/dysbiosis -> unattributed,MOS_002,Moses_2026,2,body,anaerobic commensal bacteria,functional group,human observational,loss of beneficial anaerobic commensals,Jenq 2015 (10.1016/j.bbmt.2015.04.016),author_year,"the loss of apparently beneficial, often anaerobic commensal bacteria associated with favorable GvHD outcomes"
684ea3ba,Moses_2026,8d2ed8ae,Jenq_2015,commensal anaerobes,functional group,protective,human observational,Class 0: Unattributed,0. Unattributed,mechanism,,scheme C; 4a diversity/dysbiosis -> unattributed,MOS_063,Moses_2026,8,body,commensal anaerobes,functional group,human observational,commensal anaerobes reduce GvHD mortality,Jenq 2015 (10.1016/j.bbmt.2015.04.016),author_year,"commensal anaerobes, which were previously difficult to isolate, were associated with reduced GvHD mortality"
5dc2d761,Weber_2026,1d996087,Shono_2016,commensal bacteria,functional group,protective,human observational,Class 0: Unattributed,0. Unattributed,mechanism,antibiotic,class 5 reassigned: from outcome described; 4a diversity/dysbiosis -> unattributed,WEB_110,Weber_2026,6,body,commensal bacteria,functional group,human observational,anaerobe-sparing antibiotics do not worsen GvHD mortality,Shono 2016 (10.1126/scitranslmed.aaf2311),author_year,"Antibiotics like carbapenems and piperacillin/tazobactam that suppress commensal bacteria have been associated with increased GvHD-related mortality, whereas antibiotics with commensal and anaerobic sparing effects like cefepime or aztreonam were not"
5dc2d761,Weber_2026,b3afeea3,Peled_2020,commensals,functional group,exacerbating,human observational,Class 0: Unattributed,0. Unattributed,mechanism,,scheme C; 4a diversity/dysbiosis -> unattributed,WEB_007,Weber_2026,1,body,commensals,functional group,human observational,loss of commensals associated with TRM,Peled 2020 (10.1056/NEJMoa1900623),author_year,similar microbial patterns characterized by loss of commensals and domination by single bacterial taxa such as Enterococci were associated with high transplant-related mortality
5dc2d761,Weber_2026,51e3c6cd,Stein-Thoeringer_2019,commensals,functional group,exacerbating,human observational,Class 0: Unattributed,0. Unattributed,mechanism,,scheme C; 4a diversity/dysbiosis -> unattributed,WEB_007,Weber_2026,1,body,commensals,functional group,human observational,loss of commensals associated with TRM,Stein-Thoeringer 2019 (10.1126/science.aax3760),author_year_doi,similar microbial patterns characterized by loss of commensals and domination by single bacterial taxa such as Enterococci were associated with high transplant-related mortality
5dc2d761,Weber_2026,5051ab21,Rashidi_2023,obligate anaerobic commensals,functional group,protective,clinical trial,Class 0: Unattributed,0. Unattributed,mechanism,FMT,class 5 reassigned: from outcome described; 4a diversity/dysbiosis -> unattributed,WEB_125,Weber_2026,7,body,obligate anaerobic commensals,functional group,clinical trial,FMT restores anaerobic commensals and reduces pathobionts,Rashidi 2023 (10.1200/jco.22.02366),author_year,"A randomized, double-blind, placebo-controlled trial found that FMT improved post-antibiotic recovery of microbiota diversity, restored several depleted obligate anaerobic commensals, and reduced the abundance of expanded genera like Enterococcus, Streptococcus, Veillonella, and Dialister"
890a94fb,Paredes_2026,fb5c5ea4,Schwabkey_2022,Akkermansia muciniphila,species,protective,murine,Class 1: Metabolite-mediated,1a. SCFA / butyrate signaling,taxon,,scheme C,PAR_019,Paredes_2026,4,body,Akkermansia muciniphila,species,murine,propionate reverses A. muciniphila mucin utilization,Schwabkey 2022,author_year,"The effect can be reversed by targeted antibiotic eradication of A. muciniphila or by administration of the SCFA propionate, which likely inhibits mucin utilization by the bacteria"
890a94fb,Paredes_2026,5f881f90,BurgosDaSilva_2022,Anaerostipes,genus,protective,human observational,Class 1: Metabolite-mediated,1a. SCFA / butyrate signaling,taxon,,scheme C,PAR_025,Paredes_2026,4,body,Anaerostipes,genus,human observational,loss of butyrate producers in GI aGVHD,Burgos 2022,author_year,"recipients of allo-HCT with lower-gastrointestinal aGVHD had worse survival outcomes and reduced levels of strict anaerobic bacteria, particularly members of the class Clostridia and genera that produce the SCFA butyrate, such as Blautia, Anaerostipes, Eubacterium and Ruminococcus"
890a94fb,Paredes_2026,bba59f3e,Hayase_2024,Bacteroides,genus,exacerbating,human observational,Class 1: Metabolite-mediated,1a. SCFA / butyrate signaling,taxon,,scheme C,PAR_065,Paredes_2026,6,body,Bacteroides,genus,human observational,Bacteroides expansion with low SCFAs,Hayase 2024,author_year,The respective gastrointestinal environment often shows an expansion of Bacteroides and low concentrations of butyrate and propionate in the colonic lumen
890a94fb,Paredes_2026,22e7ed1c,Hayase_2022,Bacteroides,genus,exacerbating,human observational,Class 1: Metabolite-mediated,1a. SCFA / butyrate signaling,taxon,,scheme C,PAR_065,Paredes_2026,6,body,Bacteroides,genus,human observational,Bacteroides expansion with low SCFAs,Hayase 2022,author_year,The respective gastrointestinal environment often shows an expansion of Bacteroides and low concentrations of butyrate and propionate in the colonic lumen
890a94fb,Paredes_2026,c03d7be7,Mathewson_2016,Bacteroides,genus,exacerbating,human observational,Class 1: Metabolite-mediated,1a. SCFA / butyrate signaling,taxon,,scheme C,PAR_065,Paredes_2026,6,body,Bacteroides,genus,human observational,Bacteroides expansion with low SCFAs,Mathewson 2016,author_year,The respective gastrointestinal environment often shows an expansion of Bacteroides and low concentrations of butyrate and propionate in the colonic lumen
890a94fb,Paredes_2026,de366b99,Fujiwara_2018,Bacteroides,genus,exacerbating,human observational,Class 1: Metabolite-mediated,1a. SCFA / butyrate signaling,taxon,,scheme C,PAR_065,Paredes_2026,6,body,Bacteroides,genus,human observational,Bacteroides expansion with low SCFAs,Fujiwara 2018,author_year,The respective gastrointestinal environment often shows an expansion of Bacteroides and low concentrations of butyrate and propionate in the colonic lumen
890a94fb,Paredes_2026,fb5c5ea4,Schwabkey_2022,Bacteroides thetaiotaomicron,species,protective,unspecified,Class 1: Metabolite-mediated,1a. SCFA / butyrate signaling,taxon,,scheme C,PAR_188,Paredes_2026,12,table 1,Bacteroides thetaiotaomicron,species,unspecified,propionate from fibre inhibits pro-inflammatory cytokines,Schwabkey 2022,author_year,"Propionate; Bacteroides thetaiotaomicron, Propionibacterium freudenreichii; Dietary fibre; Inhibits pro-inflammatory cytokine release and modulates gut immune environment; Immune regulation, inflammation reduction"
890a94fb,Paredes_2026,1e2107b9,Michonneau_2019,Bacteroides thetaiotaomicron,species,protective,unspecified,Class 1: Metabolite-mediated,1a. SCFA / butyrate signaling,taxon,,scheme C,PAR_188,Paredes_2026,12,table 1,Bacteroides thetaiotaomicron,species,unspecified,propionate from fibre inhibits pro-inflammatory cytokines,Michonneau 2019,author_year,"Propionate; Bacteroides thetaiotaomicron, Propionibacterium freudenreichii; Dietary fibre; Inhibits pro-inflammatory cytokine release and modulates gut immune environment; Immune regulation, inflammation reduction"
890a94fb,Paredes_2026,5f3356c5,Taur_2012,Bifidobacterium,genus,protective,human observational,Class 1: Metabolite-mediated,1a. SCFA / butyrate signaling,taxon,diet,class 5 reassigned: mechanism stated,PAR_073,Paredes_2026,6,body,bifidobacteria,genus,human observational,high-fibre diet promotes Bifidobacteria and butyrate,Taur 2012,author_year,"In humans, a high-fibre diet has been linked to higher bifidobacteria abundance and faecal butyrate concentrations, which are both positively associated with favourable outcomes following allo-HCT"
890a94fb,Paredes_2026,8738cce2,So_2018,Bifidobacterium,genus,protective,human observational,Class 1: Metabolite-mediated,1a. SCFA / butyrate signaling,taxon,diet,class 5 reassigned: mechanism stated,PAR_073,Paredes_2026,6,body,bifidobacteria,genus,human observational,high-fibre diet promotes Bifidobacteria and butyrate,So 2018,author_year,"In humans, a high-fibre diet has been linked to higher bifidobacteria abundance and faecal butyrate concentrations, which are both positively associated with favourable outcomes following allo-HCT"
890a94fb,Paredes_2026,0a2445b2,Lindner_2020,Bifidobacterium,genus,protective,human observational,Class 1: Metabolite-mediated,1a. SCFA / butyrate signaling,taxon,diet,class 5 reassigned: mechanism stated,PAR_073,Paredes_2026,6,body,bifidobacteria,genus,human observational,high-fibre diet promotes Bifidobacteria and butyrate,Lindner 2020,author_year,"In humans, a high-fibre diet has been linked to higher bifidobacteria abundance and faecal butyrate concentrations, which are both positively associated with favourable outcomes following allo-HCT"
890a94fb,Paredes_2026,9024cd00,ThieleOrberg_2024,Bifidobacterium,genus,protective,unspecified,Class 1: Metabolite-mediated,1a. SCFA / butyrate signaling,taxon,diet,class 5 reassigned: mechanism stated,PAR_183,Paredes_2026,12,table 1,Bifidobacterium,genus,unspecified,SCFA production from dietary fibre via GPCR/GPR43 signaling,Thiele 2024,author_year,"SCFAs; Faecalibacterium prausnitzii, Bifidobacterium, Ruminococcus; Dietary fibre; Bind to GPCRs, such as GPR43; Anti-inflammatory effects, maintenance of gut barrier integrity"
890a94fb,Paredes_2026,9024cd00,ThieleOrberg_2024,Bifidobacterium,genus,protective,unspecified,Class 1: Metabolite-mediated,1a. SCFA / butyrate signaling,taxon,,scheme C,PAR_209,Paredes_2026,13,table 1,Bifidobacterium,genus,unspecified,Bifidobacterium-produced lactate enhances tight junctions and reduces pro-inflammatory cytokines,Thiele 2024,author_year,"Lactate; Lactobacillus spp., Bifidobacterium spp.; Carbohydrates; Enhances protein expression of tight junctions in the epithelium and reduces levels of pro-inflammatory cytokines; Maintenance of gut barrier integrity, enhanced epithelial cell survival, and modulation of immune responses to reduce inflammation"
890a94fb,Paredes_2026,9024cd00,ThieleOrberg_2024,Bifidobacterium,genus,protective,unspecified,Class 1: Metabolite-mediated,1a. SCFA / butyrate signaling,taxon,diet,class 5 reassigned: mechanism stated,PAR_211,Paredes_2026,13,table 1,Bifidobacterium,genus,unspecified,Bifidobacterium HMO fermentation generates SCFA/lactate and maintains barrier,Thiele 2024,author_year,"Human milk oligosaccharide (HMO); Lactobacillus spp., Bifidobacterium spp.; Carbohydrates; Drives the metabolic production of SCFAs and lactate, which lower luminal pH and provide essential energy substrates for colonocytes to maintain intestinal barrier homeostasis; Supports redox homeostasis by favouring the expansion of commensal taxa that mitigate oxidative stress-induced dysbiosis"
890a94fb,Paredes_2026,442859d5,Jarosch_2023,Bifidobacterium,genus,protective,unspecified,Class 1: Metabolite-mediated,1a. SCFA / butyrate signaling,taxon,diet,class 5 reassigned: mechanism stated,PAR_211,Paredes_2026,13,table 1,Bifidobacterium,genus,unspecified,Bifidobacterium HMO fermentation generates SCFA/lactate and maintains barrier,Jarosch 2023,author_year,"Human milk oligosaccharide (HMO); Lactobacillus spp., Bifidobacterium spp.; Carbohydrates; Drives the metabolic production of SCFAs and lactate, which lower luminal pH and provide essential energy substrates for colonocytes to maintain intestinal barrier homeostasis; Supports redox homeostasis by favouring the expansion of commensal taxa that mitigate oxidative stress-induced dysbiosis"
5dc2d761,Weber_2026,13d9112e,Atarashi_2011,Bifidobacterium,genus,protective,unspecified,Class 1: Metabolite-mediated,1a. SCFA / butyrate signaling,taxon,,scheme C,WEB_032,Weber_2026,2,body,Bifidobacterium,genus,unspecified,Bifidobacterium butyrate expands colonic Tregs,Atarashi 2011,author_year,"Butyrate produced by Clostridium clusters (IV, XIVa, XVIII) and Biﬁdobacterium, enhance Treg differentiation by inhibiting histone deacetylases (HDACs) and maintaining Foxp3 expression, thereby expanding colonic Treg populations"
684ea3ba,Moses_2026,6624ba94,Ebigbo_2025,Bifidobacterium longum,species,protective,murine,Class 1: Metabolite-mediated,1a. SCFA / butyrate signaling,taxon,,scheme C,MOS_075,Moses_2026,10,body,Bifidobacterium longum,species,murine,SCFA strain selection mitigates GvHD,Ebigbo 2025 (10.3390/microorganisms13040706),author_year,"pilot study utilizing stool from patients without GvHD demonstrated strain-to-strain variability in the capacity of Clostridium bolteae, Blautia spp., and Bifidobacterium longum to produce SCFAs, and that optimization of SCFA production through strain selection could mitigate GvHD more effectively than a standard consortium of the same species in a mismatched murine transplant model"
684ea3ba,Moses_2026,6624ba94,Ebigbo_2025,Blautia,genus,protective,murine,Class 1: Metabolite-mediated,1a. SCFA / butyrate signaling,taxon,,scheme C,MOS_074,Moses_2026,10,body,Blautia,genus,murine,SCFA strain selection mitigates GvHD,Ebigbo 2025 (10.3390/microorganisms13040706),author_year,"pilot study utilizing stool from patients without GvHD demonstrated strain-to-strain variability in the capacity of Clostridium bolteae, Blautia spp., and Bifidobacterium longum to produce SCFAs, and that optimization of SCFA production through strain selection could mitigate GvHD more effectively than a standard consortium of the same species in a mismatched murine transplant model"
890a94fb,Paredes_2026,5f881f90,BurgosDaSilva_2022,Blautia,genus,protective,human observational,Class 1: Metabolite-mediated,1a. SCFA / butyrate signaling,taxon,,scheme C,PAR_024,Paredes_2026,4,body,Blautia,genus,human observational,loss of butyrate producers in GI aGVHD,Burgos 2022,author_year,"recipients of allo-HCT with lower-gastrointestinal aGVHD had worse survival outcomes and reduced levels of strict anaerobic bacteria, particularly members of the class Clostridia and genera that produce the SCFA butyrate, such as Blautia, Anaerostipes, Eubacterium and Ruminococcus"
890a94fb,Paredes_2026,ce20f338,Payen_2020,Blautia,genus,protective,human observational,Class 1: Metabolite-mediated,1a. SCFA / butyrate signaling,taxon,,scheme C,PAR_030,Paredes_2026,4,body,Blautia,genus,human observational,low Blautia/Ruminococcaceae and SCFAs with severe aGVHD,Payen 2020,author_year,"Another study similarly linked reduced levels of Blautia and Ruminococcaceae, as well as low levels of SCFAs, with severe aGVHD"
a83e68a9,SoleimaniSamarkhazan_2025,713267b8,Fredricks_2019,Blautia,genus,protective,unspecified,Class 1: Metabolite-mediated,1a. SCFA / butyrate signaling,taxon,antibiotic,class 5 reassigned: mechanism stated,SAM_013,Samarkhazan_2025,2,body,Blautia,genus,unspecified,broad-spectrum antibiotics deplete SCFA-producing Blautia and Faecalibacterium,Fredricks 2019,author_year,"Broad-spectrum antibiotics such as fluoroquinolones deplete Blautia and Faecalibacterium—genera essential for producing short-chain fatty acids (SCFAs) like butyrate, which regulate regulatory T (Treg) cell differentiation and epithelial homeostasis"
a83e68a9,SoleimaniSamarkhazan_2025,713267b8,Fredricks_2019,Blautia,genus,protective,unspecified,Class 1: Metabolite-mediated,1a. SCFA / butyrate signaling,taxon,antibiotic,class 5 reassigned: mechanism stated,SAM_018,Samarkhazan_2025,2,table 1,Blautia,genus,unspecified,Table 1: broad-spectrum antibiotics deplete SCFA producers and expand Enterococcus,Fredricks 2019,author_year,"Antibiotics; Fluoroquinolones, β-lactams; Reduced SCFA production (butyrate); Epithelial barrier dysfunction; Loss of Blautia, Faecalibacterium; Dysregulation of Treg differentiation and epithelial homeostasis; Overgrowth of resistant pathogens (Enterococcus)"
a83e68a9,SoleimaniSamarkhazan_2025,51e3c6cd,Stein-Thoeringer_2019,Blautia,genus,protective,unspecified,Class 1: Metabolite-mediated,1a. SCFA / butyrate signaling,taxon,antibiotic,class 5 reassigned: mechanism stated,SAM_018,Samarkhazan_2025,2,table 1,Blautia,genus,unspecified,Table 1: broad-spectrum antibiotics deplete SCFA producers and expand Enterococcus,Stein-Thoeringer 2019,author_year,"Antibiotics; Fluoroquinolones, β-lactams; Reduced SCFA production (butyrate); Epithelial barrier dysfunction; Loss of Blautia, Faecalibacterium; Dysregulation of Treg differentiation and epithelial homeostasis; Overgrowth of resistant pathogens (Enterococcus)"
684ea3ba,Moses_2026,8d2ed8ae,Jenq_2015,Clostridia,class,protective,unspecified,Class 1: Metabolite-mediated,1a. SCFA / butyrate signaling,taxon,,scheme C,MOS_050,Moses_2026,7,body,Clostridia,class,unspecified,Clostridia butyrate preserves epithelial integrity,Jenq 2015 (10.1016/j.bbmt.2015.04.016),author_year,"Production of butyrate, a microbial SCFA metabolite that is particularly abundant in Clostridia has perhaps received the most attention for promising its ability to preserve epithelial cell integrity as an energy source for enterocytes"
684ea3ba,Moses_2026,49fdeda9,Gorshein_2017,Clostridia,class,protective,unspecified,Class 1: Metabolite-mediated,1a. SCFA / butyrate signaling,taxon,,scheme C,MOS_050,Moses_2026,7,body,Clostridia,class,unspecified,Clostridia butyrate preserves epithelial integrity,Gorshein 2017 (10.1111/ctr.12947),manual,"Production of butyrate, a microbial SCFA metabolite that is particularly abundant in Clostridia has perhaps received the most attention for promising its ability to preserve epithelial cell integrity as an energy source for enterocytes"
890a94fb,Paredes_2026,5f881f90,BurgosDaSilva_2022,Clostridia,class,protective,human observational,Class 1: Metabolite-mediated,1a. SCFA / butyrate signaling,taxon,,scheme C,PAR_023,Paredes_2026,4,body,Clostridia,class,human observational,loss of Clostridia butyrate producers in GI aGVHD,Burgos 2022,author_year,"recipients of allo-HCT with lower-gastrointestinal aGVHD had worse survival outcomes and reduced levels of strict anaerobic bacteria, particularly members of the class Clostridia and genera that produce the SCFA butyrate, such as Blautia, Anaerostipes, Eubacterium and Ruminococcus"
a83e68a9,SoleimaniSamarkhazan_2025,a3ce29ee,Yamamoto_2023,Clostridia,class,protective,unspecified,Class 1: Metabolite-mediated,1a. SCFA / butyrate signaling,taxon,,scheme C,SAM_028,Samarkhazan_2025,3,body,Clostridia,class,unspecified,Clostridia depletion diminishes ILC IL-22 and impairs mucosal wound healing,Yamamoto 2023,author_year,"The depletion of SCFA-producing Clostridia also diminishes IL-22 production by innate lymphoid cells (ILCs), impairing mucosal wound healing"
a83e68a9,SoleimaniSamarkhazan_2025,d530f77b,Chi_2023,Clostridia,class,protective,unspecified,Class 1: Metabolite-mediated,1a. SCFA / butyrate signaling,taxon,,scheme C,SAM_038,Samarkhazan_2025,3,body,Clostridia,class,unspecified,Clostridia butyrate enhances neutrophil phagocytosis via NADPH oxidase,Chi 2023,author_year,"butyrate, a keystone metabolite from Clostridia, enhances the phagocytic capacity of neutrophils by upregulating ROS-generating enzymes like NADPH oxidase"
a83e68a9,SoleimaniSamarkhazan_2025,ce269510,Maleknia_2023,Clostridia,class,protective,unspecified,Class 1: Metabolite-mediated,1a. SCFA / butyrate signaling,taxon,diet,class 5 reassigned: mechanism stated,SAM_060,Samarkhazan_2025,5,body,Clostridia,class,unspecified,"Clostridia ferment dietary fibre into butyrate, acetate and propionate",Maleknia 2023,author_year,"microbial metabolites, particularly butyrate, acetate, and propionate produced by fermentation of dietary fiber by Clostridia species, exhibit potent immunomodulatory effects"
a83e68a9,SoleimaniSamarkhazan_2025,0559b676,Smith_2014,Clostridia,class,protective,unspecified,Class 1: Metabolite-mediated,1a. SCFA / butyrate signaling,taxon,,scheme C,SAM_078,Samarkhazan_2025,6,body,Clostridia,class,unspecified,post-weaning Clostridia SCFAs promote RORγt+ Tregs,Smith 2014,author_year,"Clostridia, which become established at weaning, are primary producers of SCFAs that promote the differentiation of RORγt regulatory T cells. These RORγt+ Tregs modulate Th2 responses in the intestine and help regulate immune interactions with the microbiota throughout life"
a83e68a9,SoleimaniSamarkhazan_2025,be4c5315,Arpaia_2013,Clostridia,class,protective,unspecified,Class 1: Metabolite-mediated,1a. SCFA / butyrate signaling,taxon,,scheme C,SAM_078,Samarkhazan_2025,6,body,Clostridia,class,unspecified,post-weaning Clostridia SCFAs promote RORγt+ Tregs,Arpaia 2013,author_year,"Clostridia, which become established at weaning, are primary producers of SCFAs that promote the differentiation of RORγt regulatory T cells. These RORγt+ Tregs modulate Th2 responses in the intestine and help regulate immune interactions with the microbiota throughout life"
5dc2d761,Weber_2026,03b8633c,Telesford_2015,Clostridia,class,protective,unspecified,Class 1: Metabolite-mediated,1a. SCFA / butyrate signaling,taxon,,scheme C,WEB_053,Weber_2026,3,table 1,Clostridia,class,unspecified,Clostridia butyrate expands Foxp3+ Tregs,Telesford 2015,author_year,"Clostridia clusters produce butyrate, expanding colonic Foxp3+ Tregs"
5dc2d761,Weber_2026,442859d5,Jarosch_2023,Clostridia,class,protective,unspecified,Class 1: Metabolite-mediated,1a. SCFA / butyrate signaling,taxon,,scheme C,WEB_053,Weber_2026,3,table 1,Clostridia,class,unspecified,Clostridia butyrate expands Foxp3+ Tregs,Jarosch 2023 (10.1016/j.xcrm.2023.101125),author_year,"Clostridia clusters produce butyrate, expanding colonic Foxp3+ Tregs"
5dc2d761,Weber_2026,13d9112e,Atarashi_2011,Clostridia,class,protective,unspecified,Class 1: Metabolite-mediated,1a. SCFA / butyrate signaling,taxon,,scheme C,WEB_053,Weber_2026,3,table 1,Clostridia,class,unspecified,Clostridia butyrate expands Foxp3+ Tregs,Atarashi 2011,author_year,"Clostridia clusters produce butyrate, expanding colonic Foxp3+ Tregs"
684ea3ba,Moses_2026,04e598ff,Youngster_2024,Clostridiales,order,protective,clinical trial,Class 1: Metabolite-mediated,1a. SCFA / butyrate signaling,taxon,FMT,class 5 reassigned: mechanism stated,MOS_077,Moses_2026,10,body,Clostridiales,order,clinical trial,FMT restores Clostridiales/SCFA producers,Youngster 2024 (10.1038/s41409-024-02198-2),author_year,"the restoration of taxa associated with favorable GvHD outcomes (Clostridiales, SCFA-producers) alongside a decrease in taxa associated with poor outcomes (Enterobacteriaceae)"
a83e68a9,SoleimaniSamarkhazan_2025,a3841d48,Henig_2020,Clostridiales,order,protective,unspecified,Class 1: Metabolite-mediated,1a. SCFA / butyrate signaling,taxon,,scheme C,SAM_074,Samarkhazan_2025,6,body,Clostridiales,order,unspecified,donor Clostridiales SCFAs reinforce epithelium and suppress pro-inflammatory T cells,Henig 2021,author_year,"Clostridiales species from donors can modulate the recipient's immune system through various mechanisms, including producing SCFAs like butyrate, which reinforce intestinal epithelial integrity and suppress pro-inflammatory T cell responses"
a83e68a9,SoleimaniSamarkhazan_2025,a3841d48,Henig_2020,Clostridiales,order,protective,unspecified,Class 1: Metabolite-mediated,1a. SCFA / butyrate signaling,taxon,,scheme C,SAM_081,Samarkhazan_2025,6,table 3,Clostridiales,order,unspecified,Table 3: Clostridiales donor colonizers reinforce epithelium and reduce GVHD severity,Henig 2021,author_year,Clostridiales species; Beneficial colonizers from donor; SCFA production; Metabolic versatility; Reinforcement of intestinal epithelial integrity; Suppression of pro-inflammatory T cell responses; Reduced GVHD severity
890a94fb,Paredes_2026,d6d6162a,ElJurdi_2023,Clostridium,genus,protective,human observational,Class 1: Metabolite-mediated,1a. SCFA / butyrate signaling,taxon,,scheme C,PAR_034,Paredes_2026,4,body,Clostridium,genus,human observational,Clostridium butyrate producer decline predicts cGVHD,ElJurdi 2023,author_year,butyrate-producing Clostridium was present in a higher abundance at pre-transplant baseline in patients with cGVHD and showed a significantly greater decline post engraftment compared with controls
a83e68a9,SoleimaniSamarkhazan_2025,e5b98191,Takahashi_2020,Clostridium,genus,protective,unspecified,Class 1: Metabolite-mediated,1a. SCFA / butyrate signaling,taxon,,scheme C,SAM_043,Samarkhazan_2025,4,body,Clostridium,genus,unspecified,Clostridia clusters IV/XIVa SCFAs expand Foxp3+ colonic Tregs,Takahashi 2020,author_year,"Commensal bacteria such as Clostridium species, particularly those belonging to Clostridia clusters IV and XIVa, have been shown to promote the differentiation and expansion of colonic Tregs through the production of SCFAs. These Tregs express high levels of the transcription factor Foxp3 and exhibit potent immunosuppressive functions"
a83e68a9,SoleimaniSamarkhazan_2025,e5b98191,Takahashi_2020,Clostridium cluster IV,functional group,protective,unspecified,Class 1: Metabolite-mediated,1a. SCFA / butyrate signaling,mechanism,,scheme C,SAM_050,Samarkhazan_2025,4,table 2,Clostridium cluster IV,functional group,unspecified,Clostridia IV/XIVa and F. prausnitzii inhibit HDACs and expand colonic Foxp3+ Tregs,Takahashi 2020,author_year,"Butyrate-producing Clostridia (IV, XIVa); F. prausnitzii; HDAC inhibition; Enhancement of tight junction proteins; Increased colonic Foxp3+ Treg expansion; Induction of immune tolerance"
a83e68a9,SoleimaniSamarkhazan_2025,d481fae7,Bilinski_2022,Clostridium cluster IV,functional group,protective,unspecified,Class 1: Metabolite-mediated,1a. SCFA / butyrate signaling,mechanism,,scheme C,SAM_050,Samarkhazan_2025,4,table 2,Clostridium cluster IV,functional group,unspecified,Clostridia IV/XIVa and F. prausnitzii inhibit HDACs and expand colonic Foxp3+ Tregs,Bili 2022,author_year,"Butyrate-producing Clostridia (IV, XIVa); F. prausnitzii; HDAC inhibition; Enhancement of tight junction proteins; Increased colonic Foxp3+ Treg expansion; Induction of immune tolerance"
a83e68a9,SoleimaniSamarkhazan_2025,e5b98191,Takahashi_2020,Clostridium cluster XIVa,functional group,protective,unspecified,Class 1: Metabolite-mediated,1a. SCFA / butyrate signaling,mechanism,,scheme C,SAM_051,Samarkhazan_2025,4,table 2,Clostridium cluster XIVa,functional group,unspecified,Clostridia IV/XIVa and F. prausnitzii inhibit HDACs and expand colonic Foxp3+ Tregs,Takahashi 2020,author_year,"Butyrate-producing Clostridia (IV, XIVa); F. prausnitzii; HDAC inhibition; Enhancement of tight junction proteins; Increased colonic Foxp3+ Treg expansion; Induction of immune tolerance"
a83e68a9,SoleimaniSamarkhazan_2025,d481fae7,Bilinski_2022,Clostridium cluster XIVa,functional group,protective,unspecified,Class 1: Metabolite-mediated,1a. SCFA / butyrate signaling,mechanism,,scheme C,SAM_051,Samarkhazan_2025,4,table 2,Clostridium cluster XIVa,functional group,unspecified,Clostridia IV/XIVa and F. prausnitzii inhibit HDACs and expand colonic Foxp3+ Tregs,Bili 2022,author_year,"Butyrate-producing Clostridia (IV, XIVa); F. prausnitzii; HDAC inhibition; Enhancement of tight junction proteins; Increased colonic Foxp3+ Treg expansion; Induction of immune tolerance"
5dc2d761,Weber_2026,13d9112e,Atarashi_2011,Clostridium clusters IV XIVa XVIII,functional group,protective,unspecified,Class 1: Metabolite-mediated,1a. SCFA / butyrate signaling,mechanism,,scheme C,WEB_031,Weber_2026,2,body,Clostridium clusters IV XIVa XVIII,functional group,unspecified,Clostridium butyrate expands colonic Tregs,Atarashi 2011,author_year,"Butyrate produced by Clostridium clusters (IV, XIVa, XVIII) and Biﬁdobacterium, enhance Treg differentiation by inhibiting histone deacetylases (HDACs) and maintaining Foxp3 expression, thereby expanding colonic Treg populations"
684ea3ba,Moses_2026,6624ba94,Ebigbo_2025,Enterocloster bolteae,species,protective,murine,Class 1: Metabolite-mediated,1a. SCFA / butyrate signaling,taxon,,scheme C,MOS_073,Moses_2026,10,body,Clostridium bolteae,species,murine,SCFA strain selection mitigates GvHD,Ebigbo 2025 (10.3390/microorganisms13040706),author_year,"pilot study utilizing stool from patients without GvHD demonstrated strain-to-strain variability in the capacity of Clostridium bolteae, Blautia spp., and Bifidobacterium longum to produce SCFAs, and that optimization of SCFA production through strain selection could mitigate GvHD more effectively than a standard consortium of the same species in a mismatched murine transplant model"
890a94fb,Paredes_2026,5f881f90,BurgosDaSilva_2022,Eubacterium,genus,protective,human observational,Class 1: Metabolite-mediated,1a. SCFA / butyrate signaling,taxon,,scheme C,PAR_026,Paredes_2026,4,body,Eubacterium,genus,human observational,loss of butyrate producers in GI aGVHD,Burgos 2022,author_year,"recipients of allo-HCT with lower-gastrointestinal aGVHD had worse survival outcomes and reduced levels of strict anaerobic bacteria, particularly members of the class Clostridia and genera that produce the SCFA butyrate, such as Blautia, Anaerostipes, Eubacterium and Ruminococcus"
a83e68a9,SoleimaniSamarkhazan_2025,713267b8,Fredricks_2019,Faecalibacterium,genus,protective,unspecified,Class 1: Metabolite-mediated,1a. SCFA / butyrate signaling,taxon,antibiotic,class 5 reassigned: mechanism stated,SAM_014,Samarkhazan_2025,2,body,Faecalibacterium,genus,unspecified,broad-spectrum antibiotics deplete SCFA-producing Blautia and Faecalibacterium,Fredricks 2019,author_year,"Broad-spectrum antibiotics such as fluoroquinolones deplete Blautia and Faecalibacterium—genera essential for producing short-chain fatty acids (SCFAs) like butyrate, which regulate regulatory T (Treg) cell differentiation and epithelial homeostasis"
a83e68a9,SoleimaniSamarkhazan_2025,713267b8,Fredricks_2019,Faecalibacterium,genus,protective,unspecified,Class 1: Metabolite-mediated,1a. SCFA / butyrate signaling,taxon,antibiotic,class 5 reassigned: mechanism stated,SAM_019,Samarkhazan_2025,2,table 1,Faecalibacterium,genus,unspecified,Table 1: broad-spectrum antibiotics deplete SCFA producers and expand Enterococcus,Fredricks 2019,author_year,"Antibiotics; Fluoroquinolones, β-lactams; Reduced SCFA production (butyrate); Epithelial barrier dysfunction; Loss of Blautia, Faecalibacterium; Dysregulation of Treg differentiation and epithelial homeostasis; Overgrowth of resistant pathogens (Enterococcus)"
a83e68a9,SoleimaniSamarkhazan_2025,51e3c6cd,Stein-Thoeringer_2019,Faecalibacterium,genus,protective,unspecified,Class 1: Metabolite-mediated,1a. SCFA / butyrate signaling,taxon,antibiotic,class 5 reassigned: mechanism stated,SAM_019,Samarkhazan_2025,2,table 1,Faecalibacterium,genus,unspecified,Table 1: broad-spectrum antibiotics deplete SCFA producers and expand Enterococcus,Stein-Thoeringer 2019,author_year,"Antibiotics; Fluoroquinolones, β-lactams; Reduced SCFA production (butyrate); Epithelial barrier dysfunction; Loss of Blautia, Faecalibacterium; Dysregulation of Treg differentiation and epithelial homeostasis; Overgrowth of resistant pathogens (Enterococcus)"
684ea3ba,Moses_2026,c95915e9,Zhou_2018a,Faecalibacterium prausnitzii,species,protective,unspecified,Class 1: Metabolite-mediated,1a. SCFA / butyrate signaling,taxon,,scheme C,MOS_035,Moses_2026,5,body,Faecalibacterium prausnitzii,species,unspecified,F. prausnitzii SCFA-induced Treg differentiation,Zhou 2018 (10.1093/ibd/izy182),author_year,anaerobic bacteria such as Faecalibacterium prausnitzii that produce short-chain fatty acids (SCFA) experimentally induce Treg differentiation
890a94fb,Paredes_2026,9024cd00,ThieleOrberg_2024,Faecalibacterium prausnitzii,species,protective,unspecified,Class 1: Metabolite-mediated,1a. SCFA / butyrate signaling,taxon,diet,class 5 reassigned: mechanism stated,PAR_182,Paredes_2026,12,table 1,Faecalibacterium prausnitzii,species,unspecified,SCFA production from dietary fibre via GPCR/GPR43 signaling,Thiele 2024,author_year,"SCFAs; Faecalibacterium prausnitzii, Bifidobacterium, Ruminococcus; Dietary fibre; Bind to GPCRs, such as GPR43; Anti-inflammatory effects, maintenance of gut barrier integrity"
890a94fb,Paredes_2026,5f881f90,BurgosDaSilva_2022,Faecalibacterium prausnitzii,species,protective,unspecified,Class 1: Metabolite-mediated,1a. SCFA / butyrate signaling,taxon,,scheme C,PAR_185,Paredes_2026,12,table 1,Faecalibacterium prausnitzii,species,unspecified,butyrate from fibre inhibits HDACs and promotes Treg differentiation,Burgos da Silva 2022,author_year,"Butyrate or butyric acid; F. prausnitzii, Roseburia hominis, Eubacterium rectale; Dietary fibre, resistant starch; Stimulates mucosal healing; inhibits HDACs; Maintenance of gut barrier integrity and function, immune modulation, such as promotion of Treg cell differentiation, enhancement of microbial diversity, reduced production of pro-inflammatory cytokines, and promotion of anti-inflammatory pathways"
890a94fb,Paredes_2026,ce20f338,Payen_2020,Faecalibacterium prausnitzii,species,protective,unspecified,Class 1: Metabolite-mediated,1a. SCFA / butyrate signaling,taxon,,scheme C,PAR_185,Paredes_2026,12,table 1,Faecalibacterium prausnitzii,species,unspecified,butyrate from fibre inhibits HDACs and promotes Treg differentiation,Payen 2020,author_year,"Butyrate or butyric acid; F. prausnitzii, Roseburia hominis, Eubacterium rectale; Dietary fibre, resistant starch; Stimulates mucosal healing; inhibits HDACs; Maintenance of gut barrier integrity and function, immune modulation, such as promotion of Treg cell differentiation, enhancement of microbial diversity, reduced production of pro-inflammatory cytokines, and promotion of anti-inflammatory pathways"
a83e68a9,SoleimaniSamarkhazan_2025,e5b98191,Takahashi_2020,Faecalibacterium prausnitzii,species,protective,unspecified,Class 1: Metabolite-mediated,1a. SCFA / butyrate signaling,taxon,,scheme C,SAM_052,Samarkhazan_2025,4,table 2,Faecalibacterium prausnitzii,species,unspecified,Clostridia IV/XIVa and F. prausnitzii inhibit HDACs and expand colonic Foxp3+ Tregs,Takahashi 2020,author_year,"Butyrate-producing Clostridia (IV, XIVa); F. prausnitzii; HDAC inhibition; Enhancement of tight junction proteins; Increased colonic Foxp3+ Treg expansion; Induction of immune tolerance"
a83e68a9,SoleimaniSamarkhazan_2025,d481fae7,Bilinski_2022,Faecalibacterium prausnitzii,species,protective,unspecified,Class 1: Metabolite-mediated,1a. SCFA / butyrate signaling,taxon,,scheme C,SAM_052,Samarkhazan_2025,4,table 2,Faecalibacterium prausnitzii,species,unspecified,Clostridia IV/XIVa and F. prausnitzii inhibit HDACs and expand colonic Foxp3+ Tregs,Bili 2022,author_year,"Butyrate-producing Clostridia (IV, XIVa); F. prausnitzii; HDAC inhibition; Enhancement of tight junction proteins; Increased colonic Foxp3+ Treg expansion; Induction of immune tolerance"
890a94fb,Paredes_2026,9024cd00,ThieleOrberg_2024,Lachnospiraceae,family,protective,human observational,Class 1: Metabolite-mediated,1a. SCFA / butyrate signaling,taxon,,scheme C,PAR_003,Paredes_2026,3,box 1,Lachnospiraceae,family,human observational,Lachnospiraceae/Oscillospiraceae IMM signature,Thiele 2024,author_year,"The study uncovered a microbial signature of Lachnospiraceae and Oscillospiraceae and associated bacteriophages correlating with immunomodulatory metabolites (IMMs). A risk score based on IMM abundance was developed, associating low IMM levels with higher risks for reduced overall survival, GVHD and relapse"
5dc2d761,Weber_2026,9cca053a,Schluter_2020,Lachnospiraceae,family,protective,human observational,Class 1: Metabolite-mediated,1a. SCFA / butyrate signaling,taxon,,scheme C,WEB_073,Weber_2026,4,body,Lachnospiraceae,family,human observational,Lachnospiraceae/Ruminococcaceae support B cell reconstitution,Schluter 2020 (10.1038/s41586-020-2971-8),author_year,"the presence of butyrate-producing taxa—including members of Lachnospiraceae and Ruminococcaceae—has been associated with robust B cell reconstitution and intestinal IgA production, key to mucosal defense"
5dc2d761,Weber_2026,9024cd00,ThieleOrberg_2024,Lachnospiraceae,family,protective,human observational,Class 1: Metabolite-mediated,1a. SCFA / butyrate signaling,taxon,,scheme C,WEB_096,Weber_2026,6,body,Lachnospiraceae,family,human observational,Lachnospiraceae/Oscillospiraceae IMM signature,Thiele Orberg 2024 (10.1038/s43018-023-00669-x),author_year,"Recent data identiﬁed a microbiome signature of Lachnospiraceae and Oscillospiraceae and their associated bacteriophages, that correlated with the production of immunomodulatory metabolites (IMMs) such as short chain and branch chain fatty acids and interferon-I inducing metabolites. The presence of these IMMs strongly correlated with alloHCT outcome"
890a94fb,Paredes_2026,9024cd00,ThieleOrberg_2024,Lactobacillus,genus,protective,unspecified,Class 1: Metabolite-mediated,1a. SCFA / butyrate signaling,taxon,,scheme C,PAR_208,Paredes_2026,13,table 1,Lactobacillus,genus,unspecified,Lactobacillus-produced lactate enhances tight junctions and reduces pro-inflammatory cytokines,Thiele 2024,author_year,"Lactate; Lactobacillus spp., Bifidobacterium spp.; Carbohydrates; Enhances protein expression of tight junctions in the epithelium and reduces levels of pro-inflammatory cytokines; Maintenance of gut barrier integrity, enhanced epithelial cell survival, and modulation of immune responses to reduce inflammation"
890a94fb,Paredes_2026,9024cd00,ThieleOrberg_2024,Lactobacillus,genus,protective,unspecified,Class 1: Metabolite-mediated,1a. SCFA / butyrate signaling,taxon,diet,class 5 reassigned: mechanism stated,PAR_210,Paredes_2026,13,table 1,Lactobacillus,genus,unspecified,Lactobacillus HMO fermentation generates SCFA/lactate and maintains barrier,Thiele 2024,author_year,"Human milk oligosaccharide (HMO); Lactobacillus spp., Bifidobacterium spp.; Carbohydrates; Drives the metabolic production of SCFAs and lactate, which lower luminal pH and provide essential energy substrates for colonocytes to maintain intestinal barrier homeostasis; Supports redox homeostasis by favouring the expansion of commensal taxa that mitigate oxidative stress-induced dysbiosis"
890a94fb,Paredes_2026,442859d5,Jarosch_2023,Lactobacillus,genus,protective,unspecified,Class 1: Metabolite-mediated,1a. SCFA / butyrate signaling,taxon,diet,class 5 reassigned: mechanism stated,PAR_210,Paredes_2026,13,table 1,Lactobacillus,genus,unspecified,Lactobacillus HMO fermentation generates SCFA/lactate and maintains barrier,Jarosch 2023,author_year,"Human milk oligosaccharide (HMO); Lactobacillus spp., Bifidobacterium spp.; Carbohydrates; Drives the metabolic production of SCFAs and lactate, which lower luminal pH and provide essential energy substrates for colonocytes to maintain intestinal barrier homeostasis; Supports redox homeostasis by favouring the expansion of commensal taxa that mitigate oxidative stress-induced dysbiosis"
5dc2d761,Weber_2026,45e30eaa,Wu_2023,Lactobacillus,genus,unspecified,unspecified,Class 1: Metabolite-mediated,1a. SCFA / butyrate signaling,taxon,,scheme C,WEB_060,Weber_2026,4,table 1,Lactobacillus,genus,unspecified,Lactobacillus modulates γδ T cell trafficking via GPR15,Wu 2023 (10.1080/08830185.2022.2076846),author_year,Lactobacillus spp. modulate γδ T cell trafﬁcking to gut mucosa through GPR15 signaling
890a94fb,Paredes_2026,9024cd00,ThieleOrberg_2024,Oscillospiraceae,family,protective,human observational,Class 1: Metabolite-mediated,1a. SCFA / butyrate signaling,taxon,,scheme C,PAR_004,Paredes_2026,3,box 1,Oscillospiraceae,family,human observational,Lachnospiraceae/Oscillospiraceae IMM signature,Thiele 2024,author_year,"The study uncovered a microbial signature of Lachnospiraceae and Oscillospiraceae and associated bacteriophages correlating with immunomodulatory metabolites (IMMs). A risk score based on IMM abundance was developed, associating low IMM levels with higher risks for reduced overall survival, GVHD and relapse"
5dc2d761,Weber_2026,9024cd00,ThieleOrberg_2024,Oscillospiraceae,family,protective,human observational,Class 1: Metabolite-mediated,1a. SCFA / butyrate signaling,taxon,,scheme C,WEB_097,Weber_2026,6,body,Oscillospiraceae,family,human observational,Lachnospiraceae/Oscillospiraceae IMM signature,Thiele Orberg 2024 (10.1038/s43018-023-00669-x),author_year,"Recent data identiﬁed a microbiome signature of Lachnospiraceae and Oscillospiraceae and their associated bacteriophages, that correlated with the production of immunomodulatory metabolites (IMMs) such as short chain and branch chain fatty acids and interferon-I inducing metabolites. The presence of these IMMs strongly correlated with alloHCT outcome"
890a94fb,Paredes_2026,fb5c5ea4,Schwabkey_2022,Propionibacterium freudenreichii,species,protective,unspecified,Class 1: Metabolite-mediated,1a. SCFA / butyrate signaling,taxon,,scheme C,PAR_189,Paredes_2026,12,table 1,Propionibacterium freudenreichii,species,unspecified,propionate from fibre inhibits pro-inflammatory cytokines,Schwabkey 2022,author_year,"Propionate; Bacteroides thetaiotaomicron, Propionibacterium freudenreichii; Dietary fibre; Inhibits pro-inflammatory cytokine release and modulates gut immune environment; Immune regulation, inflammation reduction"
890a94fb,Paredes_2026,1e2107b9,Michonneau_2019,Propionibacterium freudenreichii,species,protective,unspecified,Class 1: Metabolite-mediated,1a. SCFA / butyrate signaling,taxon,,scheme C,PAR_189,Paredes_2026,12,table 1,Propionibacterium freudenreichii,species,unspecified,propionate from fibre inhibits pro-inflammatory cytokines,Michonneau 2019,author_year,"Propionate; Bacteroides thetaiotaomicron, Propionibacterium freudenreichii; Dietary fibre; Inhibits pro-inflammatory cytokine release and modulates gut immune environment; Immune regulation, inflammation reduction"
890a94fb,Paredes_2026,5f881f90,BurgosDaSilva_2022,Roseburia hominis,species,protective,unspecified,Class 1: Metabolite-mediated,1a. SCFA / butyrate signaling,taxon,,scheme C,PAR_186,Paredes_2026,12,table 1,Roseburia hominis,species,unspecified,butyrate from fibre inhibits HDACs and promotes Treg differentiation,Burgos da Silva 2022,author_year,"Butyrate or butyric acid; F. prausnitzii, Roseburia hominis, Eubacterium rectale; Dietary fibre, resistant starch; Stimulates mucosal healing; inhibits HDACs; Maintenance of gut barrier integrity and function, immune modulation, such as promotion of Treg cell differentiation, enhancement of microbial diversity, reduced production of pro-inflammatory cytokines, and promotion of anti-inflammatory pathways"
890a94fb,Paredes_2026,ce20f338,Payen_2020,Roseburia hominis,species,protective,unspecified,Class 1: Metabolite-mediated,1a. SCFA / butyrate signaling,taxon,,scheme C,PAR_186,Paredes_2026,12,table 1,Roseburia hominis,species,unspecified,butyrate from fibre inhibits HDACs and promotes Treg differentiation,Payen 2020,author_year,"Butyrate or butyric acid; F. prausnitzii, Roseburia hominis, Eubacterium rectale; Dietary fibre, resistant starch; Stimulates mucosal healing; inhibits HDACs; Maintenance of gut barrier integrity and function, immune modulation, such as promotion of Treg cell differentiation, enhancement of microbial diversity, reduced production of pro-inflammatory cytokines, and promotion of anti-inflammatory pathways"
890a94fb,Paredes_2026,5f881f90,BurgosDaSilva_2022,Roseburia rectalis,species,protective,unspecified,Class 1: Metabolite-mediated,1a. SCFA / butyrate signaling,taxon,,scheme C,PAR_187,Paredes_2026,12,table 1,Eubacterium rectale,species,unspecified,butyrate from fibre inhibits HDACs and promotes Treg differentiation,Burgos da Silva 2022,author_year,"Butyrate or butyric acid; F. prausnitzii, Roseburia hominis, Eubacterium rectale; Dietary fibre, resistant starch; Stimulates mucosal healing; inhibits HDACs; Maintenance of gut barrier integrity and function, immune modulation, such as promotion of Treg cell differentiation, enhancement of microbial diversity, reduced production of pro-inflammatory cytokines, and promotion of anti-inflammatory pathways"
890a94fb,Paredes_2026,ce20f338,Payen_2020,Roseburia rectalis,species,protective,unspecified,Class 1: Metabolite-mediated,1a. SCFA / butyrate signaling,taxon,,scheme C,PAR_187,Paredes_2026,12,table 1,Eubacterium rectale,species,unspecified,butyrate from fibre inhibits HDACs and promotes Treg differentiation,Payen 2020,author_year,"Butyrate or butyric acid; F. prausnitzii, Roseburia hominis, Eubacterium rectale; Dietary fibre, resistant starch; Stimulates mucosal healing; inhibits HDACs; Maintenance of gut barrier integrity and function, immune modulation, such as promotion of Treg cell differentiation, enhancement of microbial diversity, reduced production of pro-inflammatory cytokines, and promotion of anti-inflammatory pathways"
890a94fb,Paredes_2026,ce20f338,Payen_2020,Ruminococcaceae,family,protective,human observational,Class 1: Metabolite-mediated,1a. SCFA / butyrate signaling,taxon,,scheme C,PAR_031,Paredes_2026,4,body,Ruminococcaceae,family,human observational,low Blautia/Ruminococcaceae and SCFAs with severe aGVHD,Payen 2020,author_year,"Another study similarly linked reduced levels of Blautia and Ruminococcaceae, as well as low levels of SCFAs, with severe aGVHD"
5dc2d761,Weber_2026,9cca053a,Schluter_2020,Ruminococcaceae,family,protective,human observational,Class 1: Metabolite-mediated,1a. SCFA / butyrate signaling,taxon,,scheme C,WEB_074,Weber_2026,4,body,Ruminococcaceae,family,human observational,Lachnospiraceae/Ruminococcaceae support B cell reconstitution,Schluter 2020 (10.1038/s41586-020-2971-8),author_year,"the presence of butyrate-producing taxa—including members of Lachnospiraceae and Ruminococcaceae—has been associated with robust B cell reconstitution and intestinal IgA production, key to mucosal defense"
890a94fb,Paredes_2026,5f881f90,BurgosDaSilva_2022,Ruminococcus,genus,protective,human observational,Class 1: Metabolite-mediated,1a. SCFA / butyrate signaling,taxon,,scheme C,PAR_027,Paredes_2026,4,body,Ruminococcus,genus,human observational,loss of butyrate producers in GI aGVHD,Burgos 2022,author_year,"recipients of allo-HCT with lower-gastrointestinal aGVHD had worse survival outcomes and reduced levels of strict anaerobic bacteria, particularly members of the class Clostridia and genera that produce the SCFA butyrate, such as Blautia, Anaerostipes, Eubacterium and Ruminococcus"
890a94fb,Paredes_2026,9024cd00,ThieleOrberg_2024,Ruminococcus,genus,protective,unspecified,Class 1: Metabolite-mediated,1a. SCFA / butyrate signaling,taxon,diet,class 5 reassigned: mechanism stated,PAR_184,Paredes_2026,12,table 1,Ruminococcus,genus,unspecified,SCFA production from dietary fibre via GPCR/GPR43 signaling,Thiele 2024,author_year,"SCFAs; Faecalibacterium prausnitzii, Bifidobacterium, Ruminococcus; Dietary fibre; Bind to GPCRs, such as GPR43; Anti-inflammatory effects, maintenance of gut barrier integrity"
5dc2d761,Weber_2026,e1a201fd,Riwes_2018,SCFA-producing bacteria,functional group,protective,human observational,Class 1: Metabolite-mediated,1a. SCFA / butyrate signaling,mechanism,,scheme C,WEB_099,Weber_2026,6,body,SCFA-producing bacteria,functional group,human observational,SCFA producers protective against acute and chronic GvHD,Riwes 2018 (10.1111/ajt.14443),author_year,the presence of SCFA-producing bacterial species was found to be associated with protection against acute GvHD-related mortality and the development of chronic GvHD
5dc2d761,Weber_2026,74f3b155,Markey_2020,SCFA-producing bacteria,functional group,protective,human observational,Class 1: Metabolite-mediated,1a. SCFA / butyrate signaling,mechanism,,scheme C,WEB_099,Weber_2026,6,body,SCFA-producing bacteria,functional group,human observational,SCFA producers protective against acute and chronic GvHD,Markey 2020 (10.1182/blood.2019003369),author_year,the presence of SCFA-producing bacterial species was found to be associated with protection against acute GvHD-related mortality and the development of chronic GvHD
890a94fb,Paredes_2026,105a50c4,Habenicht_2025,SCFA-producing commensal bacteria,functional group,exacerbating,human observational,Class 1: Metabolite-mediated,1a. SCFA / butyrate signaling,mechanism,,scheme C,PAR_061,Paredes_2026,5,body,SCFA-producing commensal bacteria,functional group,human observational,anti-SCFA-producer plasmablast antibodies in cGVHD,Habenicht 2025,author_year,"patients who went on to develop cGVHD already showed an increase in CD20–CD38hi plasmablasts by day 90 after allo-HCT. These plasmablasts generated antibodies targeting specific commensal bacteria, particularly those producing SCFAs, suggesting that dysregulated mucosal immune responses to gut microbiota may contribute to cGVHD pathogenesis"
890a94fb,Paredes_2026,9024cd00,ThieleOrberg_2024,bacteriophages,functional group,protective,human observational,Class 1: Metabolite-mediated,1a. SCFA / butyrate signaling,mechanism,,scheme C,PAR_006,Paredes_2026,3,box 1,bacteriophages,functional group,human observational,bacteriophage-mediated SCFA gene delivery,Thiele 2024,author_year,"The authors identified two bacteriophages encoding the gene, providing intriguing evidence for a clinical benefit derived from bacteriophage-mediated modulation of gut bacteria"
5dc2d761,Weber_2026,9024cd00,ThieleOrberg_2024,bacteriophages,functional group,protective,human observational,Class 1: Metabolite-mediated,1a. SCFA / butyrate signaling,mechanism,,scheme C,WEB_098,Weber_2026,6,body,bacteriophages,functional group,human observational,Lachnospiraceae/Oscillospiraceae-associated bacteriophages,Thiele Orberg 2024 (10.1038/s43018-023-00669-x),author_year,"Recent data identiﬁed a microbiome signature of Lachnospiraceae and Oscillospiraceae and their associated bacteriophages, that correlated with the production of immunomodulatory metabolites (IMMs) such as short chain and branch chain fatty acids and interferon-I inducing metabolites. The presence of these IMMs strongly correlated with alloHCT outcome"
5dc2d761,Weber_2026,c03d7be7,Mathewson_2016,butyrate-producing bacteria,functional group,protective,murine,Class 1: Metabolite-mediated,1a. SCFA / butyrate signaling,mechanism,,scheme C,WEB_103,Weber_2026,6,body,butyrate-producing bacteria,functional group,murine,butyrate mitigates GvHD severity,Mathewson 2016 (10.1038/ni.3400),author_year,the administration of butyrate or butyrate producing bacteria mitigated GvHD severity and improved transplant outcome in murine GvHD
5dc2d761,Weber_2026,aae57150,Yoshifuji_2020,butyrate-producing bacteria,functional group,protective,clinical trial,Class 1: Metabolite-mediated,1a. SCFA / butyrate signaling,mechanism,diet,class 5 reassigned: mechanism stated,WEB_115,Weber_2026,7,body,butyrate-producing bacteria,functional group,clinical trial,RS+GFO maintains butyrate producers and butyrate,Yoshifuji 2020 (10.1182/bloodadvances.2020002604),author_year,Prebiotics intake was associated with maintenance of gut microbial diversity and preservation of butyrate-producing bacterial. In particular fecal butyrate concentration after alloHCT was maintained or even increased in the prebiotics group
5dc2d761,Weber_2026,96d04c25,Malard_2023a,butyrate-producing bacteria,functional group,protective,clinical trial,Class 1: Metabolite-mediated,1a. SCFA / butyrate signaling,mechanism,FMT,class 5 reassigned: mechanism stated,WEB_121,Weber_2026,7,body,butyrate-producing bacteria,functional group,clinical trial,FMT responders show butyrate producer enrichment,Malard 2023 (10.1016/j.eclinm.2023.102111),author_year_doi,"In all studies stools from responding patients demonstrated higher microbiota richness and increased levels of beneﬁcial bacteria, in particular butyrate producers, along with increased levels of short-chain fatty acid and bile acids"
5dc2d761,Weber_2026,cf772597,Taur_2014,obligate anaerobic SCFA producers,functional group,protective,human observational,Class 1: Metabolite-mediated,1a. SCFA / butyrate signaling,mechanism,,scheme C,WEB_012,Weber_2026,2,body,obligate anaerobic SCFA producers,functional group,human observational,SCFA producer depletion enables pathogen expansion,Taur 2014 (10.1182/blood-2014-02-554725),author_year,"These are often broad-spectrum antibiotics that target obligate anaerobic bacteria, typically producers of short-chain fatty acids (SCFA) in the gut. Depletion of SCFA producing bacteria is associated with expansion of opportunistic pathogens"
5dc2d761,Weber_2026,aa0ca443,Weber_2015,obligate anaerobic SCFA producers,functional group,protective,human observational,Class 1: Metabolite-mediated,1a. SCFA / butyrate signaling,mechanism,,scheme C,WEB_012,Weber_2026,2,body,obligate anaerobic SCFA producers,functional group,human observational,SCFA producer depletion enables pathogen expansion,Weber 2015 (10.1182/blood-2015-04-638858),author_year,"These are often broad-spectrum antibiotics that target obligate anaerobic bacteria, typically producers of short-chain fatty acids (SCFA) in the gut. Depletion of SCFA producing bacteria is associated with expansion of opportunistic pathogens"
5dc2d761,Weber_2026,e5c4e6cb,Haak_2018,obligate anaerobic SCFA producers,functional group,protective,human observational,Class 1: Metabolite-mediated,1a. SCFA / butyrate signaling,mechanism,,scheme C,WEB_012,Weber_2026,2,body,obligate anaerobic SCFA producers,functional group,human observational,SCFA producer depletion enables pathogen expansion,Haak 2018 (10.1182/blood-2018-01-828996),author_year,"These are often broad-spectrum antibiotics that target obligate anaerobic bacteria, typically producers of short-chain fatty acids (SCFA) in the gut. Depletion of SCFA producing bacteria is associated with expansion of opportunistic pathogens"
890a94fb,Paredes_2026,aaac60ca,Han_2024,Bacteroides,genus,protective,human observational,Class 1: Metabolite-mediated,1b. Bile acid signaling,taxon,,scheme C,PAR_169,Paredes_2026,11,body,Bacteroides,genus,clinical cohort,Bacteroides depletion in aGVHD impairs SBA production,Han 2024,author_year,"significant changes in the gut microbial composition between patients with and without aGVHD, including a reduced abundance of Bacteroides, key bacterial producers of SBAs, in the GVHD group"
890a94fb,Paredes_2026,aaac60ca,Han_2024,Bacteroides,genus,protective,unspecified,Class 1: Metabolite-mediated,1b. Bile acid signaling,taxon,,scheme C,PAR_191,Paredes_2026,12,table 1,Bacteroides,genus,unspecified,Bacteroides-derived DCA/taurocholic acid acts via FXR,Han 2024,author_year,"Bile acids: taurocholic acid and deoxycholic acid (DCA); Clostridium spp., Bacteroides spp.; Cholesterol; Interacts with FXR receptors, controlling cytokine production and immune responses; dysbiosis alters bile acid metabolism, promoting inflammation; Regulation of T cell activation and cytokine production"
890a94fb,Paredes_2026,5cf438b4,EileenHaring_2020,Bacteroides,genus,protective,unspecified,Class 1: Metabolite-mediated,1b. Bile acid signaling,taxon,,scheme C,PAR_196,Paredes_2026,12,table 1,Bacteroides,genus,unspecified,TUDCA from Bacteroides reduces ER stress via FXR/TGR5,Haring 2021,author_year,"Tauroursodeoxycholic acid (TUDCA); Clostridium, Bacteroides; Primary bile acids; Activates FXR and TGR5 to reduce endoplasmic reticulum stress; Suppression of the release of pro-inflammatory cytokines, enhanced epithelial barrier integrity; FDA approved for liver diseases"
890a94fb,Paredes_2026,a57ed71f,Lindner_2024,Bacteroides,genus,protective,unspecified,Class 1: Metabolite-mediated,1b. Bile acid signaling,taxon,,scheme C,PAR_196,Paredes_2026,12,table 1,Bacteroides,genus,unspecified,TUDCA from Bacteroides reduces ER stress via FXR/TGR5,Lindner 2024,author_year,"Tauroursodeoxycholic acid (TUDCA); Clostridium, Bacteroides; Primary bile acids; Activates FXR and TGR5 to reduce endoplasmic reticulum stress; Suppression of the release of pro-inflammatory cytokines, enhanced epithelial barrier integrity; FDA approved for liver diseases"
a83e68a9,SoleimaniSamarkhazan_2025,73b59a65,Kiriyama_2023,Bacteroides,genus,protective,unspecified,Class 1: Metabolite-mediated,1b. Bile acid signaling,taxon,,scheme C,SAM_066,Samarkhazan_2025,5,body,Bacteroides,genus,unspecified,Bacteroides-deficient microbiota primary bile acids drive CXCL10 T-cell recruitment,KiriyamaY 2023,author_year,primary BAs from Bacteroides-deficient microbiota promote CXCL10-mediated T-cell recruitment to the gut
a83e68a9,SoleimaniSamarkhazan_2025,5f388696,Devkota_2012,Bilophila wadsworthia,species,exacerbating,murine,Class 1: Metabolite-mediated,1b. Bile acid signaling,taxon,,scheme C,SAM_086,Samarkhazan_2025,7,body,Bilophila wadsworthia,species,murine,B. wadsworthia expansion via taurocholic acid promotes Th1 responses and colitis,Devkota 2012,author_year,a diet enriched in saturated fats fosters the proliferation of Bilophila wadsworthia via the accumulation of taurocholic acid—a secondary bile acid that promotes Th1-type immune responses and predisposes IL-10−/− deficient mice to colitis
890a94fb,Paredes_2026,a57ed71f,Lindner_2024,Blautia,genus,protective,unspecified,Class 1: Metabolite-mediated,1b. Bile acid signaling,taxon,,scheme C,PAR_198,Paredes_2026,12,table 1,Clostridium coccoides,species,unspecified,UDCA from Clostridium coccoides restores bile acid balance,Lindner 2024,author_year,"Ursodeoxycholic acid (UDCA); Clostridium cluster XIVa (for example, Clostridium leptum, Clostridium coccoides); Primary bile acids; Restores bile acid balance; Reduced production of pro-inflammatory cytokines, gut epithelial barrier repair; FDA approved for liver diseases"
890a94fb,Paredes_2026,aaac60ca,Han_2024,Clostridia,class,protective,human observational,Class 1: Metabolite-mediated,1b. Bile acid signaling,taxon,,scheme C,PAR_171,Paredes_2026,11,body,Clostridia,class,clinical cohort,"Clostridia-linked SBAs (isoCDCA, 6-keto-LCA, 3-oxo-CA) reduced in aGVHD",Han 2024,author_year,"those patients with aGVHD had disrupted bile acid metabolism and reduced levels of SBAs including isochenodeoxycholic acid (isoCDCA), 6-keto-lithocholic acid (6-keto-LCA) and 3-oxocholic acid (3-oxo-CA). In patients without GVHD, these bile acids were positively associated with several enriched Clostridia taxa"
890a94fb,Paredes_2026,aaac60ca,Han_2024,Clostridium,genus,protective,unspecified,Class 1: Metabolite-mediated,1b. Bile acid signaling,taxon,,scheme C,PAR_190,Paredes_2026,12,table 1,Clostridium,genus,unspecified,Clostridium-derived DCA/taurocholic acid acts via FXR,Han 2024,author_year,"Bile acids: taurocholic acid and deoxycholic acid (DCA); Clostridium spp., Bacteroides spp.; Cholesterol; Interacts with FXR receptors, controlling cytokine production and immune responses; dysbiosis alters bile acid metabolism, promoting inflammation; Regulation of T cell activation and cytokine production"
890a94fb,Paredes_2026,5cf438b4,EileenHaring_2020,Clostridium,genus,protective,unspecified,Class 1: Metabolite-mediated,1b. Bile acid signaling,taxon,,scheme C,PAR_195,Paredes_2026,12,table 1,Clostridium,genus,unspecified,TUDCA from Clostridium reduces ER stress via FXR/TGR5,Haring 2021,author_year,"Tauroursodeoxycholic acid (TUDCA); Clostridium, Bacteroides; Primary bile acids; Activates FXR and TGR5 to reduce endoplasmic reticulum stress; Suppression of the release of pro-inflammatory cytokines, enhanced epithelial barrier integrity; FDA approved for liver diseases"
890a94fb,Paredes_2026,a57ed71f,Lindner_2024,Clostridium,genus,protective,unspecified,Class 1: Metabolite-mediated,1b. Bile acid signaling,taxon,,scheme C,PAR_195,Paredes_2026,12,table 1,Clostridium,genus,unspecified,TUDCA from Clostridium reduces ER stress via FXR/TGR5,Lindner 2024,author_year,"Tauroursodeoxycholic acid (TUDCA); Clostridium, Bacteroides; Primary bile acids; Activates FXR and TGR5 to reduce endoplasmic reticulum stress; Suppression of the release of pro-inflammatory cytokines, enhanced epithelial barrier integrity; FDA approved for liver diseases"
890a94fb,Paredes_2026,a57ed71f,Lindner_2024,Clostridium,genus,protective,unspecified,Class 1: Metabolite-mediated,1b. Bile acid signaling,taxon,,scheme C,PAR_199,Paredes_2026,12,table 1,Clostridium,genus,unspecified,LCA from Clostridium reduces T cell-driven inflammation via FXR,Lindner 2024,author_year,"Lithocholic acid (LCA); Clostridium; CDCA; Acts through FXR to reduce T cell-driven inflammation and promote immune homeostasis; Anti-inflammatory properties, reduction of pro-inflammatory T cell activity"
890a94fb,Paredes_2026,a57ed71f,Lindner_2024,Clostridium cluster XIVa,functional group,protective,unspecified,Class 1: Metabolite-mediated,1b. Bile acid signaling,mechanism,,scheme C,PAR_163,Paredes_2026,10,body,Clostridium cluster XIVa,functional group,unspecified,Clostridium XIVa restoration is a candidate strategy to restore SBA metabolism,Lindner 2024,author_year,"replenishing bacterial strains capable of bile acid metabolism, such as Clostridium cluster XIVa and Ruminococcus species, or supplementation with specific SBAs such as UDCA"
890a94fb,Paredes_2026,a57ed71f,Lindner_2024,Clostridium_A leptum,species,protective,unspecified,Class 1: Metabolite-mediated,1b. Bile acid signaling,taxon,,scheme C,PAR_197,Paredes_2026,12,table 1,Clostridium leptum,species,unspecified,UDCA from Clostridium leptum restores bile acid balance,Lindner 2024,author_year,"Ursodeoxycholic acid (UDCA); Clostridium cluster XIVa (for example, Clostridium leptum, Clostridium coccoides); Primary bile acids; Restores bile acid balance; Reduced production of pro-inflammatory cytokines, gut epithelial barrier repair; FDA approved for liver diseases"
890a94fb,Paredes_2026,1e2107b9,Michonneau_2019,Clostridium_AP scindens,species,protective,unspecified,Class 1: Metabolite-mediated,1b. Bile acid signaling,taxon,,scheme C,PAR_192,Paredes_2026,12,table 1,Clostridium scindens,species,unspecified,SBAs from Clostridium scindens modulate FXR and TGR5,Michonneau 2019,author_year,"Secondary bile acids (SBAs); Clostridium scindens, Ruminococcus gnavus, Eubacterium spp.; Primary bile acids; Modulates FXR and TGR5 signalling; Inflammation reduction and improved epithelial barrier function"
890a94fb,Paredes_2026,5cf438b4,EileenHaring_2020,Clostridium_AP scindens,species,protective,unspecified,Class 1: Metabolite-mediated,1b. Bile acid signaling,taxon,,scheme C,PAR_192,Paredes_2026,12,table 1,Clostridium scindens,species,unspecified,SBAs from Clostridium scindens modulate FXR and TGR5,Haring 2021,author_year,"Secondary bile acids (SBAs); Clostridium scindens, Ruminococcus gnavus, Eubacterium spp.; Primary bile acids; Modulates FXR and TGR5 signalling; Inflammation reduction and improved epithelial barrier function"
a83e68a9,SoleimaniSamarkhazan_2025,c602861a,Fujiwara_2021,Clostridium_AP scindens,species,protective,unspecified,Class 1: Metabolite-mediated,1b. Bile acid signaling,taxon,,scheme C,SAM_057,Samarkhazan_2025,4,table 2,Clostridium scindens,species,unspecified,C. scindens bile acid transformation suppresses Th1 differentiation via FXR,Fujiwara 2021,author_year,Clostridium scindens; BA transformation; FXR signaling; Suppression of TH1 differentiation
a83e68a9,SoleimaniSamarkhazan_2025,73b59a65,Kiriyama_2023,Clostridium_AP scindens,species,protective,unspecified,Class 1: Metabolite-mediated,1b. Bile acid signaling,taxon,,scheme C,SAM_057,Samarkhazan_2025,4,table 2,Clostridium scindens,species,unspecified,C. scindens bile acid transformation suppresses Th1 differentiation via FXR,KiriyamaY 2023,author_year,Clostridium scindens; BA transformation; FXR signaling; Suppression of TH1 differentiation
a83e68a9,SoleimaniSamarkhazan_2025,73b59a65,Kiriyama_2023,Clostridium_AP scindens,species,protective,unspecified,Class 1: Metabolite-mediated,1b. Bile acid signaling,taxon,,scheme C,SAM_065,Samarkhazan_2025,5,body,Clostridium scindens,species,unspecified,C. scindens-transformed bile acids suppress Th1 via FXR,KiriyamaY 2023,author_year,Bile acids (BAs) transformed by Clostridium scindens suppress TH1 differentiation via FXR signaling
890a94fb,Paredes_2026,1e2107b9,Michonneau_2019,Eubacterium,genus,protective,unspecified,Class 1: Metabolite-mediated,1b. Bile acid signaling,taxon,,scheme C,PAR_194,Paredes_2026,12,table 1,Eubacterium,genus,unspecified,SBAs from Eubacterium modulate FXR and TGR5,Michonneau 2019,author_year,"Secondary bile acids (SBAs); Clostridium scindens, Ruminococcus gnavus, Eubacterium spp.; Primary bile acids; Modulates FXR and TGR5 signalling; Inflammation reduction and improved epithelial barrier function"
890a94fb,Paredes_2026,5cf438b4,EileenHaring_2020,Eubacterium,genus,protective,unspecified,Class 1: Metabolite-mediated,1b. Bile acid signaling,taxon,,scheme C,PAR_194,Paredes_2026,12,table 1,Eubacterium,genus,unspecified,SBAs from Eubacterium modulate FXR and TGR5,Haring 2021,author_year,"Secondary bile acids (SBAs); Clostridium scindens, Ruminococcus gnavus, Eubacterium spp.; Primary bile acids; Modulates FXR and TGR5 signalling; Inflammation reduction and improved epithelial barrier function"
890a94fb,Paredes_2026,1e2107b9,Michonneau_2019,Mediterraneibacter gnavus,species,protective,unspecified,Class 1: Metabolite-mediated,1b. Bile acid signaling,taxon,,scheme C,PAR_193,Paredes_2026,12,table 1,Ruminococcus gnavus,species,unspecified,SBAs from Ruminococcus gnavus modulate FXR and TGR5,Michonneau 2019,author_year,"Secondary bile acids (SBAs); Clostridium scindens, Ruminococcus gnavus, Eubacterium spp.; Primary bile acids; Modulates FXR and TGR5 signalling; Inflammation reduction and improved epithelial barrier function"
890a94fb,Paredes_2026,5cf438b4,EileenHaring_2020,Mediterraneibacter gnavus,species,protective,unspecified,Class 1: Metabolite-mediated,1b. Bile acid signaling,taxon,,scheme C,PAR_193,Paredes_2026,12,table 1,Ruminococcus gnavus,species,unspecified,SBAs from Ruminococcus gnavus modulate FXR and TGR5,Haring 2021,author_year,"Secondary bile acids (SBAs); Clostridium scindens, Ruminococcus gnavus, Eubacterium spp.; Primary bile acids; Modulates FXR and TGR5 signalling; Inflammation reduction and improved epithelial barrier function"
890a94fb,Paredes_2026,3e080f76,Sinha_2020,Ruminococcaceae,family,protective,human observational,Class 1: Metabolite-mediated,1b. Bile acid signaling,taxon,,scheme C,PAR_136,Paredes_2026,9,body,Ruminococcaceae,family,clinical cohort,Ruminococcaceae depletion associates with reduced LCA/DCA in UC,Sinha 2020,author_year,"Studies in patients with ulcerative colitis have found significantly reduced levels of the SBAs lithocholic acid (LCA) and deoxycholic acid (DCA), which in turn are also associated with decreased levels of Ruminococcaceae, a family of bacteria known to produce SBAs"
890a94fb,Paredes_2026,a57ed71f,Lindner_2024,Ruminococcus,genus,protective,unspecified,Class 1: Metabolite-mediated,1b. Bile acid signaling,taxon,,scheme C,PAR_164,Paredes_2026,10,body,Ruminococcus,genus,unspecified,Ruminococcus restoration is a candidate strategy to restore SBA metabolism,Lindner 2024,author_year,"replenishing bacterial strains capable of bile acid metabolism, such as Clostridium cluster XIVa and Ruminococcus species, or supplementation with specific SBAs such as UDCA"
890a94fb,Paredes_2026,fb5c5ea4,Schwabkey_2022,Akkermansia muciniphila,species,protective,unspecified,Class 1: Metabolite-mediated,1c. Tryptophan / indole signaling,taxon,,scheme C,PAR_212,Paredes_2026,13,table 1,Akkermansia muciniphila,species,unspecified,A. muciniphila urolithin production acts through AhR to regulate gut barrier,Schwabkey 2022,author_year,"Urolithins; Akkermansia muciniphila, Eggerthella spp.; Dietary polyphenols; Acts through the AhR, regulating mucosal immunity and gut barrier function; Modulation of mucus production, immune response regulation, maintenance of epithelial barrier integrity; promising for GVHD management"
5dc2d761,Weber_2026,1fa40c90,Constantinides_2014,Alistipes,genus,protective,unspecified,Class 1: Metabolite-mediated,1c. Tryptophan / indole signaling,taxon,,scheme C,WEB_057,Weber_2026,4,table 1,Alistipes,genus,unspecified,Alistipes activates AhR in ILC3s to produce IL-22,Constantinides 2014,author_year,Alistipes spp. activate AhR in ILC3s to produce IL-22
5dc2d761,Weber_2026,9da824d0,Guo_2015,Alistipes,genus,protective,unspecified,Class 1: Metabolite-mediated,1c. Tryptophan / indole signaling,taxon,,scheme C,WEB_057,Weber_2026,4,table 1,Alistipes,genus,unspecified,Alistipes activates AhR in ILC3s to produce IL-22,Guo 2015,author_year,Alistipes spp. activate AhR in ILC3s to produce IL-22
890a94fb,Paredes_2026,aa0ca443,Weber_2015,Anaerobutyricum hallii,species,protective,unspecified,Class 1: Metabolite-mediated,1c. Tryptophan / indole signaling,taxon,,scheme C,PAR_202,Paredes_2026,13,table 1,Eubacterium hallii,species,unspecified,E. hallii tryptophan catabolism yields immune-modulating metabolites,Weber 2015,author_year,"Tryptophan; Bacteroides fragilis, Clostridium sporogenes, Eubacterium hallii; Dietary protein; Converted into bioactive metabolites that regulate immune cells; Restores microbial diversity and enhances production of immune-modulating metabolites; reduces the severity of GVHD"
890a94fb,Paredes_2026,aa0ca443,Weber_2015,Bacteroides fragilis,species,protective,unspecified,Class 1: Metabolite-mediated,1c. Tryptophan / indole signaling,taxon,,scheme C,PAR_200,Paredes_2026,13,table 1,Bacteroides fragilis,species,unspecified,B. fragilis tryptophan catabolism yields immune-modulating metabolites,Weber 2015,author_year,"Tryptophan; Bacteroides fragilis, Clostridium sporogenes, Eubacterium hallii; Dietary protein; Converted into bioactive metabolites that regulate immune cells; Restores microbial diversity and enhances production of immune-modulating metabolites; reduces the severity of GVHD"
a83e68a9,SoleimaniSamarkhazan_2025,49f82565,Kazmierczak-Siedlecka_2021,Bifidobacterium,genus,protective,human observational,Class 1: Metabolite-mediated,1c. Tryptophan / indole signaling,taxon,,scheme C,SAM_073,Samarkhazan_2025,6,body,Bifidobacterium,genus,clinical cohort,Enterococcus dominance displaces Lactobacillus and Bifidobacterium post allo-HSCT,Ka 2021,author_year,"specific bacterial taxa, like Enterococcus, often at the expense of helpful commensals like Lactobacillus and Bifidobacterium, can dominate the gut microbiota of allo-HSCT patients"
a83e68a9,SoleimaniSamarkhazan_2025,cb9725a3,Laursen_2021,Bifidobacterium,genus,protective,unspecified,Class 1: Metabolite-mediated,1c. Tryptophan / indole signaling,taxon,,scheme C,SAM_085,Samarkhazan_2025,7,body,Bifidobacterium,genus,unspecified,Bifidobacterium species indole acids activate AhR and suppress monocyte inflammatory cytokines,Laursen 2021,author_year,Other specific Bifidobacterium species similarly suppress monocyte-derived inflammatory cytokines via indole acid production and enhance gut barrier integrity through AhR activation
5dc2d761,Weber_2026,7ebbe0fb,Yoo_2020,Bifidobacterium,genus,protective,unspecified,Class 1: Metabolite-mediated,1c. Tryptophan / indole signaling,taxon,,scheme C,WEB_047,Weber_2026,3,table 1,Bifidobacterium,genus,unspecified,Bifidobacterium promotes Bregs,Yoo 2020 (10.3390/microorganisms8101587),author_year,Biﬁdobacterium spp. promote IL-10+ regulatory B cells (Bregs)
a83e68a9,SoleimaniSamarkhazan_2025,15ada49c,Pandiyan_2019,Bifidobacterium longum,species,protective,unspecified,Class 1: Metabolite-mediated,1c. Tryptophan / indole signaling,taxon,,scheme C,SAM_079,Samarkhazan_2025,6,body,Bifidobacterium longum subsp. infantis,species,unspecified,B. longum subsp. infantis produces indole-3-lactic acid in infant intestine,Pandiyan 2019,author_year,Bifidobacterium longum subsp. infantis colonizes the infant intestine and produces indole-3-lactic acid
a83e68a9,SoleimaniSamarkhazan_2025,eea37362,Henrick_2021,Bifidobacterium longum,species,protective,unspecified,Class 1: Metabolite-mediated,1c. Tryptophan / indole signaling,taxon,,scheme C,SAM_084,Samarkhazan_2025,7,body,Bifidobacterium longum subsp. infantis,species,unspecified,B. longum subsp. infantis indole-3-lactic acid induces galectin-1 and reduces Th2/Th17 differentiation,Henrick 2021,author_year,"Bifidobacterium longum subsp. infantis colonizes the infant intestine and produces indole-3-lactic acid, which upregulates the immunomodulatory molecule galectin-1 in CD4+ T cells, thereby reducing their differentiation into Th2 and Th17 phenotypes"
890a94fb,Paredes_2026,aa0ca443,Weber_2015,Clostridium_F sporogenes,species,protective,unspecified,Class 1: Metabolite-mediated,1c. Tryptophan / indole signaling,taxon,,scheme C,PAR_201,Paredes_2026,13,table 1,Clostridium sporogenes,species,unspecified,C. sporogenes tryptophan catabolism yields immune-modulating metabolites,Weber 2015,author_year,"Tryptophan; Bacteroides fragilis, Clostridium sporogenes, Eubacterium hallii; Dietary protein; Converted into bioactive metabolites that regulate immune cells; Restores microbial diversity and enhances production of immune-modulating metabolites; reduces the severity of GVHD"
890a94fb,Paredes_2026,aa0ca443,Weber_2015,Clostridium_F sporogenes,species,protective,unspecified,Class 1: Metabolite-mediated,1c. Tryptophan / indole signaling,taxon,,scheme C,PAR_203,Paredes_2026,13,table 1,Clostridium sporogenes,species,unspecified,C. sporogenes IPA activates PXR for anti-inflammatory and barrier protection,Weber 2015,author_year,"Indole-3-propionic acid (IPA); C. sporogenes; Dietary protein, tryptophan; Activates the PXR; Antioxidant and anti-inflammatory properties, protection of the gut lining and modulation of immune responses; immune regulation and tolerance, inflammation reduction"
890a94fb,Paredes_2026,fb5c5ea4,Schwabkey_2022,Eggerthella,genus,protective,unspecified,Class 1: Metabolite-mediated,1c. Tryptophan / indole signaling,taxon,,scheme C,PAR_213,Paredes_2026,13,table 1,Eggerthella,genus,unspecified,Eggerthella urolithin production acts through AhR to regulate gut barrier,Schwabkey 2022,author_year,"Urolithins; Akkermansia muciniphila, Eggerthella spp.; Dietary polyphenols; Acts through the AhR, regulating mucosal immunity and gut barrier function; Modulation of mucus production, immune response regulation, maintenance of epithelial barrier integrity; promising for GVHD management"
a83e68a9,SoleimaniSamarkhazan_2025,49f82565,Kazmierczak-Siedlecka_2021,Enterococcus,genus,exacerbating,human observational,Class 1: Metabolite-mediated,1c. Tryptophan / indole signaling,taxon,,scheme C,SAM_071,Samarkhazan_2025,6,body,Enterococcus,genus,clinical cohort,Enterococcus dominance displaces Lactobacillus and Bifidobacterium post allo-HSCT,Ka 2021,author_year,"specific bacterial taxa, like Enterococcus, often at the expense of helpful commensals like Lactobacillus and Bifidobacterium, can dominate the gut microbiota of allo-HSCT patients"
890a94fb,Paredes_2026,e5d79513,Zelante_2013,Lactiplantibacillus plantarum,species,protective,unspecified,Class 1: Metabolite-mediated,1c. Tryptophan / indole signaling,taxon,,scheme C,PAR_205,Paredes_2026,13,table 1,Lactobacillus plantarum,species,unspecified,L. plantarum IAld activates AhR to drive ILC3 IL-22 and stem cell regeneration,Zelante 2013,author_year,"Indole-3-aldehyde (IAld); Lactobacillus reuteri, Lactobacillus plantarum; Dietary protein, tryptophan; Activates the AhR; Promotes IL-22 production by innate lymphoid cells (ILC3s), which is the primary driver of intestinal stem cell regeneration"
a83e68a9,SoleimaniSamarkhazan_2025,49f82565,Kazmierczak-Siedlecka_2021,Lactobacillus,genus,protective,human observational,Class 1: Metabolite-mediated,1c. Tryptophan / indole signaling,taxon,,scheme C,SAM_072,Samarkhazan_2025,6,body,Lactobacillus,genus,clinical cohort,Enterococcus dominance displaces Lactobacillus and Bifidobacterium post allo-HSCT,Ka 2021,author_year,"specific bacterial taxa, like Enterococcus, often at the expense of helpful commensals like Lactobacillus and Bifidobacterium, can dominate the gut microbiota of allo-HSCT patients"
5dc2d761,Weber_2026,4d554df9,Hubbard_2015a,Lactobacillus,genus,protective,unspecified,Class 1: Metabolite-mediated,1c. Tryptophan / indole signaling,taxon,,scheme C,WEB_037,Weber_2026,2,body,Lactobacilli,genus,unspecified,indole-AhR regulates IL-22/IL-10 axis,Hubbard 2015,author_year,"Indole derivatives produced by commensals like Lactobacilli and Proteobacteria activate the aryl hydrocarbon receptor (AhR), which regulates the IL-22/IL-10 axis, promotes Treg differentiation and ILC homeostasis, and suppresses hyperinﬂammation"
5dc2d761,Weber_2026,59ba38e4,Goto_2014,Lactobacillus,genus,protective,unspecified,Class 1: Metabolite-mediated,1c. Tryptophan / indole signaling,taxon,,scheme C,WEB_043,Weber_2026,3,table 1,Lactobacillus,genus,unspecified,Lactobacillus primes tolerogenic DCs,Goto 2014,author_year,"Lactobacillus spp. prime tolerogenic DCs through AhR ligands (e.g., indole derivatives)"
5dc2d761,Weber_2026,1907d06d,Hou_2022,Lactobacillus,genus,protective,unspecified,Class 1: Metabolite-mediated,1c. Tryptophan / indole signaling,taxon,,scheme C,WEB_043,Weber_2026,3,table 1,Lactobacillus,genus,unspecified,Lactobacillus primes tolerogenic DCs,Hou 2022 (10.1038/s41392-022-00974-4),author_year,"Lactobacillus spp. prime tolerogenic DCs through AhR ligands (e.g., indole derivatives)"
890a94fb,Paredes_2026,e5d79513,Zelante_2013,Limosilactobacillus reuteri,species,protective,unspecified,Class 1: Metabolite-mediated,1c. Tryptophan / indole signaling,taxon,,scheme C,PAR_204,Paredes_2026,13,table 1,Lactobacillus reuteri,species,unspecified,L. reuteri IAld activates AhR to drive ILC3 IL-22 and stem cell regeneration,Zelante 2013,author_year,"Indole-3-aldehyde (IAld); Lactobacillus reuteri, Lactobacillus plantarum; Dietary protein, tryptophan; Activates the AhR; Promotes IL-22 production by innate lymphoid cells (ILC3s), which is the primary driver of intestinal stem cell regeneration"
5dc2d761,Weber_2026,4d554df9,Hubbard_2015a,Pseudomonadota,phylum,protective,unspecified,Class 1: Metabolite-mediated,1c. Tryptophan / indole signaling,taxon,,scheme C,WEB_038,Weber_2026,2,body,Proteobacteria,phylum,unspecified,indole-AhR regulates IL-22/IL-10 axis,Hubbard 2015,author_year,"Indole derivatives produced by commensals like Lactobacilli and Proteobacteria activate the aryl hydrocarbon receptor (AhR), which regulates the IL-22/IL-10 axis, promotes Treg differentiation and ILC homeostasis, and suppresses hyperinﬂammation"
890a94fb,Paredes_2026,9024cd00,ThieleOrberg_2024,Bacteroides,genus,protective,unspecified,Class 1: Metabolite-mediated,1d. Other metabolites,taxon,,scheme C,PAR_206,Paredes_2026,13,table 1,Bacteroides,genus,unspecified,Bacteroides-derived isovaleric acid modulates BCAA metabolism and Th1 responses,Thiele 2024,author_year,"Isovaleric acid; Bacteroides spp., Prevotella spp.; Branched amino acids; Influences branched-chain amino acid metabolism, modulates immune cell activation; Modulation of systemic branched-chain amino acids homeostasis and attenuation of TH1 cell-mediated inflammatory responses"
890a94fb,Paredes_2026,aaac60ca,Han_2024,Bacteroides,genus,protective,unspecified,Class 1: Metabolite-mediated,1d. Other metabolites,taxon,,scheme C,PAR_215,Paredes_2026,13,table 1,Bacteroides,genus,unspecified,Bacteroides-derived phenylacetic acid promotes Treg differentiation and modulates cytokines,Han 2024,author_year,"Phenylacetic acid; Clostridium spp., Bacteroides spp.; Phenylalanine; Interacts with T cells and macrophages, influences Treg cell differentiation, modulates cytokine production and immune responses; Reduction of inflammatory signalling in GVHD"
890a94fb,Paredes_2026,aaac60ca,Han_2024,Bacteroides,genus,protective,unspecified,Class 1: Metabolite-mediated,1d. Other metabolites,taxon,,scheme C,PAR_216,Paredes_2026,13,table 1,Bacteroides,genus,unspecified,Bacteroides methionine metabolites regulate redox balance and support cross-feeding,Han 2024,author_year,"Methionine-derived metabolites; Bacteroides spp.; Methionine; Regulates redox balance and supports microbial cross-feeding; Microbial resilience, metabolite production; promising for the mitigation of GVHD"
a83e68a9,SoleimaniSamarkhazan_2025,01c290c3,Wu_2021,Bacteroides thetaiotaomicron,species,exacerbating,unspecified,Class 1: Metabolite-mediated,1d. Other metabolites,taxon,,scheme C,SAM_056,Samarkhazan_2025,4,table 2,Bacteroides thetaiotaomicron,species,unspecified,B. thetaiotaomicron succinate drives inflammatory macrophage activation,Wu 2021,author_year,Bacteroides thetaiotaomicron (succinate); Succinate-dependent MQ activation; Increased inflammatory responses in dysbiotic conditions
a83e68a9,SoleimaniSamarkhazan_2025,01c290c3,Wu_2021,Bacteroides thetaiotaomicron,species,exacerbating,unspecified,Class 1: Metabolite-mediated,1d. Other metabolites,taxon,,scheme C,SAM_063,Samarkhazan_2025,5,body,Bacteroides thetaiotaomicron,species,unspecified,B. thetaiotaomicron succinate activates inflammatory macrophages,Wu 2021,author_year,"Bacteroides thetaiotaomicron generates succinate during dysbiosis, which enhances inflammatory macrophage activation"
890a94fb,Paredes_2026,aaac60ca,Han_2024,Clostridium,genus,protective,unspecified,Class 1: Metabolite-mediated,1d. Other metabolites,taxon,,scheme C,PAR_214,Paredes_2026,13,table 1,Clostridium,genus,unspecified,Clostridium-derived phenylacetic acid promotes Treg differentiation and modulates cytokines,Han 2024,author_year,"Phenylacetic acid; Clostridium spp., Bacteroides spp.; Phenylalanine; Interacts with T cells and macrophages, influences Treg cell differentiation, modulates cytokine production and immune responses; Reduction of inflammatory signalling in GVHD"
890a94fb,Paredes_2026,9024cd00,ThieleOrberg_2024,Prevotella,genus,protective,unspecified,Class 1: Metabolite-mediated,1d. Other metabolites,taxon,,scheme C,PAR_207,Paredes_2026,13,table 1,Prevotella,genus,unspecified,Prevotella-derived isovaleric acid modulates BCAA metabolism and Th1 responses,Thiele 2024,author_year,"Isovaleric acid; Bacteroides spp., Prevotella spp.; Branched amino acids; Influences branched-chain amino acid metabolism, modulates immune cell activation; Modulation of systemic branched-chain amino acids homeostasis and attenuation of TH1 cell-mediated inflammatory responses"
5dc2d761,Weber_2026,4d62d71b,Routy_2018,Akkermansia muciniphila,species,protective,unspecified,Class 2: Immune cell targeting,2a. Innate immune,taxon,,scheme C,WEB_044,Weber_2026,3,table 1,Akkermansia muciniphila,species,unspecified,A. muciniphila enhances NK cytotoxicity,Routy 2018 (10.1126/science.aan3706),author_year,Akkermansia muciniphila enhances NK cytotoxicity via TLR2 signaling
a83e68a9,SoleimaniSamarkhazan_2025,977533de,Biennier_2024,Bacteroides fragilis,species,protective,unspecified,Class 2: Immune cell targeting,2a. Innate immune,taxon,,scheme C,SAM_035,Samarkhazan_2025,3,body,Bacteroides fragilis,species,unspecified,B. fragilis PSA activates DC TLR2 to induce IL-10 and regulatory macrophages,Biennier 2024,author_year,"Bacteroides fragilis-derived polysaccharide A (PSA) activates TLR2 on dendritic cells (DCs), inducing IL-10 production and regulatory macrophage differentiation"
a83e68a9,SoleimaniSamarkhazan_2025,a348a66e,Erturk-Hasdemir_2019,Bacteroides fragilis,species,protective,unspecified,Class 2: Immune cell targeting,2a. Innate immune,taxon,,scheme C,SAM_091,Samarkhazan_2025,7,body,Bacteroides fragilis,species,unspecified,B. fragilis PSA engages TLR1/2 and Dectin-1 to induce CREB-dependent anti-inflammatory expression,Erturk-Hasdemir 2019,author_year,"polysaccharide A from the commensal Bacteroides fragilis is recognized by a Toll-like receptor (TLR)1/2 heterodimer in conjunction with Dectin-1. This interaction activates downstream phosphoinositide 3-kinase (PI3K) signaling, leading to the inactivation of glycogen synthase kinase 3β (GSK3β) and subsequent induction of cAMP response element binding protein (CREB)-dependent anti-inflammatory gene expression"
a83e68a9,SoleimaniSamarkhazan_2025,4e75d568,Ramakrishna_2019,Bacteroides fragilis,species,protective,unspecified,Class 2: Immune cell targeting,2a. Innate immune,taxon,,scheme C,SAM_091,Samarkhazan_2025,7,body,Bacteroides fragilis,species,unspecified,B. fragilis PSA engages TLR1/2 and Dectin-1 to induce CREB-dependent anti-inflammatory expression,Ramakrishna 2019,author_year,"polysaccharide A from the commensal Bacteroides fragilis is recognized by a Toll-like receptor (TLR)1/2 heterodimer in conjunction with Dectin-1. This interaction activates downstream phosphoinositide 3-kinase (PI3K) signaling, leading to the inactivation of glycogen synthase kinase 3β (GSK3β) and subsequent induction of cAMP response element binding protein (CREB)-dependent anti-inflammatory gene expression"
5dc2d761,Weber_2026,0bb34340,Hang_2019,Bacteroides fragilis,species,protective,unspecified,Class 2: Immune cell targeting,2a. Innate immune,taxon,,scheme C,WEB_039,Weber_2026,3,table 1,Bacteroides fragilis,species,unspecified,B. fragilis PSA enhances macrophage phagocytosis,Hang 2019 (10.1038/s41586-019-1785-z),author_year_doi,Bacteroides fragilis enhances phagocytic function via polysaccharide A (PSA)
5dc2d761,Weber_2026,1907d06d,Hou_2022,Bacteroides fragilis,species,protective,unspecified,Class 2: Immune cell targeting,2a. Innate immune,taxon,,scheme C,WEB_039,Weber_2026,3,table 1,Bacteroides fragilis,species,unspecified,B. fragilis PSA enhances macrophage phagocytosis,Hou 2022 (10.1038/s41392-022-00974-4),author_year,Bacteroides fragilis enhances phagocytic function via polysaccharide A (PSA)
5dc2d761,Weber_2026,0bb34340,Hang_2019,Enterobacteriaceae,family,exacerbating,unspecified,Class 2: Immune cell targeting,2a. Innate immune,taxon,,scheme C,WEB_041,Weber_2026,3,table 1,Enterobacteriaceae,family,unspecified,LPS induces M1 macrophage polarization,Hang 2019 (10.1038/s41586-019-1785-z),author_year_doi,LPS from Enterobacteriaceae induces pro-inﬂammatory M1 polarization
5dc2d761,Weber_2026,1907d06d,Hou_2022,Enterobacteriaceae,family,exacerbating,unspecified,Class 2: Immune cell targeting,2a. Innate immune,taxon,,scheme C,WEB_041,Weber_2026,3,table 1,Enterobacteriaceae,family,unspecified,LPS induces M1 macrophage polarization,Hou 2022 (10.1038/s41392-022-00974-4),author_year,LPS from Enterobacteriaceae induces pro-inﬂammatory M1 polarization
a83e68a9,SoleimaniSamarkhazan_2025,cfa7a397,Faraci_2024,Escherichia,genus,exacerbating,unspecified,Class 2: Immune cell targeting,2a. Innate immune,taxon,,scheme C,SAM_036,Samarkhazan_2025,3,body,Escherichia,genus,unspecified,Escherichia LPS activates TLR4 and NLRP3 to drive neutrophil infiltration,Faraci 2024,author_year,"dysbiosis-driven LPS from Escherichia activates TLR4, promoting NLRP3 inflammasome assembly and IL-1β release, which drive neutrophil infiltration and mucosal damage"
a83e68a9,SoleimaniSamarkhazan_2025,5fe2d12a,Cignarella_2018,Bacteroidaceae,family,protective,murine,Class 2: Immune cell targeting,2b. T-cell adaptive,taxon,diet,class 5 reassigned: mechanism stated,SAM_088,Samarkhazan_2025,7,body,Bacteroidaceae,family,murine,fasting enriches Lactobacillaceae/Bacteroidaceae/Prevotellaceae and promotes Tregs,Cignarella 2018,author_year,"intermittent fasting enriches the gut microbiota with members of the Lactobacillaceae, Bacteroidaceae, and Prevotellaceae families while enhancing antioxidative microbial metabolic pathways that decrease IL-17–producing T cells and promote regulatory T cell induction"
a83e68a9,SoleimaniSamarkhazan_2025,5fe2d12a,Cignarella_2018,Bacteroidaceae,family,protective,murine,Class 2: Immune cell targeting,2b. T-cell adaptive,taxon,diet,class 5 reassigned: mechanism stated,SAM_089,Samarkhazan_2025,7,body,Prevotellaceae,family,murine,fasting enriches Lactobacillaceae/Bacteroidaceae/Prevotellaceae and promotes Tregs,Cignarella 2018,author_year,"intermittent fasting enriches the gut microbiota with members of the Lactobacillaceae, Bacteroidaceae, and Prevotellaceae families while enhancing antioxidative microbial metabolic pathways that decrease IL-17–producing T cells and promote regulatory T cell induction"
684ea3ba,Moses_2026,3844b561,Hegazy_2017,Bacteroides,genus,unspecified,human observational,Class 2: Immune cell targeting,2b. T-cell adaptive,taxon,,scheme C,MOS_030,Moses_2026,5,body,Bacteroides,genus,human observational,circulating microbiota-reactive memory T cells,Hegazy 2017 (10.1053/j.gastro.2017.07.047),author_year,"Microbiota-specific memory T cells in circulation that react to heat-inactivated Escherichia, Lactobacillus, Bifidobaterium, Faecalibacterium, Bacteroides, Roseburia, Ruminococcus, Salmonela, and Clostridium comprising up to 0.4% of CD4+ T cells per taxa have been reported in healthy inividuals"
684ea3ba,Moses_2026,c95915e9,Zhou_2018a,Bacteroides,genus,context-dependent,human observational,Class 2: Immune cell targeting,2b. T-cell adaptive,taxon,,scheme C,MOS_044,Moses_2026,6,body,Bacteroides,genus,human observational,Bacteroides SusC epitope shifts Th response contextually,Zhou 2018 (10.1093/ibd/izy182),author_year,"SusC, a membrane protein epitope derived from the Bacteroides genus, elicits an IL-10 tolerant response from CD4+ T cells in healthy individuals. However, during Crohn's disease, T-cell responses toward SusC shift to a proinflammatory Th17 phenotype"
5dc2d761,Weber_2026,03b8633c,Telesford_2015,Bacteroides fragilis,species,protective,unspecified,Class 2: Immune cell targeting,2b. T-cell adaptive,taxon,,scheme C,WEB_015,Weber_2026,2,body,Bacteroides fragilis,species,unspecified,Bacteroides fragilis PSA amplifies Tregs,Telesford 2015,author_year,"Speciﬁc commensal bacteria, such as Bacteroides fragilis, further amplify Treg development via polysaccharide A (PSA)-dependent signaling, which primes dendritic cells to foster Foxp3+ Treg induction"
5dc2d761,Weber_2026,03b8633c,Telesford_2015,Bacteroides fragilis,species,protective,unspecified,Class 2: Immune cell targeting,2b. T-cell adaptive,taxon,,scheme C,WEB_054,Weber_2026,3,table 1,Bacteroides fragilis,species,unspecified,B. fragilis PSA induces IL-10+ Tregs via TLR2,Telesford 2015,author_year,Bacteroides fragilis PSA induces IL-10+ Tregs via TLR2
5dc2d761,Weber_2026,442859d5,Jarosch_2023,Bacteroides fragilis,species,protective,unspecified,Class 2: Immune cell targeting,2b. T-cell adaptive,taxon,,scheme C,WEB_054,Weber_2026,3,table 1,Bacteroides fragilis,species,unspecified,B. fragilis PSA induces IL-10+ Tregs via TLR2,Jarosch 2023 (10.1016/j.xcrm.2023.101125),author_year,Bacteroides fragilis PSA induces IL-10+ Tregs via TLR2
5dc2d761,Weber_2026,13d9112e,Atarashi_2011,Bacteroides fragilis,species,protective,unspecified,Class 2: Immune cell targeting,2b. T-cell adaptive,taxon,,scheme C,WEB_054,Weber_2026,3,table 1,Bacteroides fragilis,species,unspecified,B. fragilis PSA induces IL-10+ Tregs via TLR2,Atarashi 2011,author_year,Bacteroides fragilis PSA induces IL-10+ Tregs via TLR2
684ea3ba,Moses_2026,16d586f6,Koyama_2023,Bacteroides thetaiotaomicron,species,protective,murine,Class 2: Immune cell targeting,2b. T-cell adaptive,taxon,,scheme C,MOS_061,Moses_2026,7,body,Bacteroides thetaiotaomicron,species,murine,B. thetaiotaomicron suppresses epithelial MHC class II,Koyama 2023 (10.1016/j.immuni.2023.06.024),author_year,"B. thetaiotaomicron in this context was shown to suppress epithelial MHC class II expression and therefore diminish the risk of tissue injury, contrary to its role as a mucin-degrader"
684ea3ba,Moses_2026,3844b561,Hegazy_2017,Bifidobacterium,genus,unspecified,human observational,Class 2: Immune cell targeting,2b. T-cell adaptive,taxon,,scheme C,MOS_028,Moses_2026,5,body,Bifidobacterium,genus,human observational,circulating microbiota-reactive memory T cells,Hegazy 2017 (10.1053/j.gastro.2017.07.047),author_year,"Microbiota-specific memory T cells in circulation that react to heat-inactivated Escherichia, Lactobacillus, Bifidobaterium, Faecalibacterium, Bacteroides, Roseburia, Ruminococcus, Salmonela, and Clostridium comprising up to 0.4% of CD4+ T cells per taxa have been reported in healthy inividuals"
5dc2d761,Weber_2026,59ba38e4,Goto_2014,Bifidobacterium adolescentis,species,exacerbating,unspecified,Class 2: Immune cell targeting,2b. T-cell adaptive,taxon,,scheme C,WEB_019,Weber_2026,2,body,Bifidobacterium adolescentis,species,unspecified,SFB and B. adolescentis drive Th17,Goto 2014,author_year,"Certain commensal bacteria, including segmented ﬁlamentous bacteria (SFB) and Biﬁdobacterium adolescentis, are known to drive Th17 differentiation"
a83e68a9,SoleimaniSamarkhazan_2025,e46519d6,Omenetti_2019,Citrobacter,genus,exacerbating,unspecified,Class 2: Immune cell targeting,2b. T-cell adaptive,taxon,,scheme C,SAM_093,Samarkhazan_2025,7,body,Citrobacter,genus,unspecified,SFB promote non-inflammatory Th17 while Citrobacter drives inflammatory Th17,Omenetti 2019,author_year,"segmented filamentous bacteria (SFB) promote non-inflammatory Th17 cell differentiation, whereas certain Citrobacter-derived components drive an inflammatory Th17 phenotype"
5dc2d761,Weber_2026,ce32739d,Ivanov_2009,Citrobacter_A rodentium,species,exacerbating,unspecified,Class 2: Immune cell targeting,2b. T-cell adaptive,taxon,,scheme C,WEB_051,Weber_2026,3,table 1,Citrobacter rodentium,species,unspecified,SFB and C. rodentium drive Th17 via IL-6/IL-23,Ivanov 2009,author_year,SFB and Citrobacter rodentium drive RORγt + Th17 cells via IL-6/IL-23
5dc2d761,Weber_2026,9f276c09,Wu_2010,Citrobacter_A rodentium,species,exacerbating,unspecified,Class 2: Immune cell targeting,2b. T-cell adaptive,taxon,,scheme C,WEB_051,Weber_2026,3,table 1,Citrobacter rodentium,species,unspecified,SFB and C. rodentium drive Th17 via IL-6/IL-23,Wu 2010,author_year,SFB and Citrobacter rodentium drive RORγt + Th17 cells via IL-6/IL-23
684ea3ba,Moses_2026,92606fa7,Lathrop_2011,Clostridiales,order,protective,murine,Class 2: Immune cell targeting,2b. T-cell adaptive,taxon,,scheme C,MOS_040,Moses_2026,5,body,Clostridiales,order,murine,colonic Treg induction by Clostridiales,Lathrop 2011 (10.1038/nature10434),author_year,Peripheral induction of colonic Tregs with TCR repertoires distinct from those of Tregs of other tissue types was demonstrated for Clostridiales and Paraacteroides
684ea3ba,Moses_2026,3844b561,Hegazy_2017,Clostridium,genus,unspecified,human observational,Class 2: Immune cell targeting,2b. T-cell adaptive,taxon,,scheme C,MOS_034,Moses_2026,5,body,Clostridium,genus,human observational,circulating microbiota-reactive memory T cells,Hegazy 2017 (10.1053/j.gastro.2017.07.047),author_year,"Microbiota-specific memory T cells in circulation that react to heat-inactivated Escherichia, Lactobacillus, Bifidobaterium, Faecalibacterium, Bacteroides, Roseburia, Ruminococcus, Salmonela, and Clostridium comprising up to 0.4% of CD4+ T cells per taxa have been reported in healthy inividuals"
684ea3ba,Moses_2026,0ba15544,Hand_2012,Clostridium XIVa,functional group,exacerbating,murine,Class 2: Immune cell targeting,2b. T-cell adaptive,mechanism,,scheme C,MOS_039,Moses_2026,5,body,Clostridium XIVa,functional group,murine,flagellin-targeting Th1 against Clostridium XIVa,Hand 2012 (10.1126/science.1220961),author_year,Acute gastrointestinal infection with orally administered Toxoplasma gondii elicited the activation and Th1 differentiation of flagellin-targeting intestinal T cells directed at commensal Clostridium XIVa bacteria that persist as long-term memory T cells
684ea3ba,Moses_2026,5882752a,Yeh_2024,Dwaynesavagella gallinarum,species,exacerbating,murine,Class 2: Immune cell targeting,2b. T-cell adaptive,taxon,,scheme C,MOS_025,Moses_2026,5,body,Clostridium savagella,species,murine,microbiota-specific donor T cells targeting Clostridium savagella exacerbate GvHD,Yeh 2024 (10.1016/j.immuni.2024.05.018),author_year,"the expansion of microbiota-specific T cells from the donor graft, which target MHC II peptides derived from bacterial flagellin or Clostridium savagella in the recipient GI tract, exacerbated GvHD in murine models harboring respective commensal organisms"
684ea3ba,Moses_2026,16d586f6,Koyama_2023,Dwaynesavagella gallinarum,species,exacerbating,murine,Class 2: Immune cell targeting,2b. T-cell adaptive,taxon,,scheme C,MOS_060,Moses_2026,7,body,Clostridium savagella,species,murine,C. savagella induces epithelial MHC class II,Koyama 2023 (10.1016/j.immuni.2023.06.024),author_year,MHC class II inducers include well-studied species such as C. savagella in murine models that would align with previously observed phenotypes
a83e68a9,SoleimaniSamarkhazan_2025,03a36da1,Gao_2023,Enterobacteriaceae,family,exacerbating,human observational,Class 2: Immune cell targeting,2b. T-cell adaptive,taxon,,scheme C,SAM_046,Samarkhazan_2025,4,body,Enterobacteriaceae,family,clinical cohort,Enterobacteriaceae reduce Treg/Th17 ratio with H3 hyperacetylation,Gao 2023,author_year,"Han et al. (2020) demonstrated that Enterobacteriaceae enrichment reduced the Treg/TH17 ratio by 40% in acute GVHD patients, correlating with histone H3 hyperacetylation in CD4+ T cells"
a83e68a9,SoleimaniSamarkhazan_2025,b0ce3794,Gavriilaki_2024,Enterococcus,genus,exacerbating,unspecified,Class 2: Immune cell targeting,2b. T-cell adaptive,taxon,,scheme C,SAM_045,Samarkhazan_2025,4,body,Enterococcus,genus,unspecified,Enterococcus-dominant microbiota skews CD4+ T cells to Th17/Th1,Gavriilaki 2024,author_year,"Enterococcus-dominated microbiota upregulate IL-6 and IL-23, skewing CD4+ T cells toward TH17 and TH1 subsets"
a83e68a9,SoleimaniSamarkhazan_2025,9cca053a,Schluter_2020,Enterococcus_B faecium,species,exacerbating,unspecified,Class 2: Immune cell targeting,2b. T-cell adaptive,taxon,,scheme C,SAM_042,Samarkhazan_2025,4,body,Enterococcus faecium,species,unspecified,E. faecium induces inflammatory DCs and Th1/Th17 differentiation,Schluter 2020,author_year,"pathobionts like Enterococcus faecium induce inflammatory DCs that drive TH1 and TH17 differentiation, exacerbating GVHD"
684ea3ba,Moses_2026,3844b561,Hegazy_2017,Escherichia,genus,unspecified,human observational,Class 2: Immune cell targeting,2b. T-cell adaptive,taxon,,scheme C,MOS_026,Moses_2026,5,body,Escherichia,genus,human observational,circulating microbiota-reactive memory T cells,Hegazy 2017 (10.1053/j.gastro.2017.07.047),author_year,"Microbiota-specific memory T cells in circulation that react to heat-inactivated Escherichia, Lactobacillus, Bifidobaterium, Faecalibacterium, Bacteroides, Roseburia, Ruminococcus, Salmonela, and Clostridium comprising up to 0.4% of CD4+ T cells per taxa have been reported in healthy inividuals"
684ea3ba,Moses_2026,3844b561,Hegazy_2017,Faecalibacterium,genus,unspecified,human observational,Class 2: Immune cell targeting,2b. T-cell adaptive,taxon,,scheme C,MOS_029,Moses_2026,5,body,Faecalibacterium,genus,human observational,circulating microbiota-reactive memory T cells,Hegazy 2017 (10.1053/j.gastro.2017.07.047),author_year,"Microbiota-specific memory T cells in circulation that react to heat-inactivated Escherichia, Lactobacillus, Bifidobaterium, Faecalibacterium, Bacteroides, Roseburia, Ruminococcus, Salmonela, and Clostridium comprising up to 0.4% of CD4+ T cells per taxa have been reported in healthy inividuals"
684ea3ba,Moses_2026,3844b561,Hegazy_2017,Faecalibacterium prausnitzii,species,protective,human observational,Class 2: Immune cell targeting,2b. T-cell adaptive,taxon,,scheme C,MOS_036,Moses_2026,5,body,Faecalibacterium prausnitzii,species,human observational,F. prausnitzii-specific IL-10+ CD4 T cells,Hegazy 2017 (10.1053/j.gastro.2017.07.047),author_year,IL-10 producing CD4+ T cells have been identified reactive to F. prausnitzii in human peripheral blood
a83e68a9,SoleimaniSamarkhazan_2025,d481fae7,Bilinski_2022,Faecalibacterium prausnitzii,species,protective,unspecified,Class 2: Immune cell targeting,2b. T-cell adaptive,taxon,,scheme C,SAM_044,Samarkhazan_2025,4,body,Faecalibacterium prausnitzii,species,unspecified,F. prausnitzii induces TGF-β and retinoic acid in DCs to expand Foxp3+ Tregs,Bili 2022,author_year,"Faecalibacterium prausnitzii induces TGF-β and retinoic acid in DCs, fostering Foxp3+ Treg expansion"
684ea3ba,Moses_2026,dd81c47e,Xu_2018,Helicobacter_C hepaticus,species,context-dependent,murine,Class 2: Immune cell targeting,2b. T-cell adaptive,taxon,,scheme C,MOS_042,Moses_2026,6,body,Helicobacter hepaticus,species,murine,Helicobacter hepaticus-specific T-cell polarization is IL-10 context-dependent,Xu 2018 (10.1038/nature25500),author_year,the transfer of Helicobacter hepaticus-specific T cells induced RORγT+ Foxp3+ Tregs in the colon of H. hepaticus colonized wild-type mice but transfer of the same cells into IL-10−/− mice or mice exposed to an IL-10 blockade antibody resulted in the generation of microbiota-specific Th17 cells that drive severe colitis
a83e68a9,SoleimaniSamarkhazan_2025,5fe2d12a,Cignarella_2018,Lactobacillaceae,family,protective,murine,Class 2: Immune cell targeting,2b. T-cell adaptive,taxon,diet,class 5 reassigned: mechanism stated,SAM_087,Samarkhazan_2025,7,body,Lactobacillaceae,family,murine,fasting enriches Lactobacillaceae/Bacteroidaceae/Prevotellaceae and promotes Tregs,Cignarella 2018,author_year,"intermittent fasting enriches the gut microbiota with members of the Lactobacillaceae, Bacteroidaceae, and Prevotellaceae families while enhancing antioxidative microbial metabolic pathways that decrease IL-17–producing T cells and promote regulatory T cell induction"
684ea3ba,Moses_2026,3844b561,Hegazy_2017,Lactobacillus,genus,unspecified,human observational,Class 2: Immune cell targeting,2b. T-cell adaptive,taxon,,scheme C,MOS_027,Moses_2026,5,body,Lactobacillus,genus,human observational,circulating microbiota-reactive memory T cells,Hegazy 2017 (10.1053/j.gastro.2017.07.047),author_year,"Microbiota-specific memory T cells in circulation that react to heat-inactivated Escherichia, Lactobacillus, Bifidobaterium, Faecalibacterium, Bacteroides, Roseburia, Ruminococcus, Salmonela, and Clostridium comprising up to 0.4% of CD4+ T cells per taxa have been reported in healthy inividuals"
a83e68a9,SoleimaniSamarkhazan_2025,95224394,Hill_2021,Lactobacillus,genus,exacerbating,murine,Class 2: Immune cell targeting,2b. T-cell adaptive,taxon,,scheme C,SAM_047,Samarkhazan_2025,4,body,Lactobacillus,genus,murine,Lactobacillus-enriched microbiota exacerbate GVHD via MHC-II alloreactive T-cell activation,Hill 2021,author_year,murine models revealed that Lactobacillus-enriched microbiota exacerbate GVHD via MHC-II-dependent activation of alloreactive T cells
a83e68a9,SoleimaniSamarkhazan_2025,49f82565,Kazmierczak-Siedlecka_2021,Lactobacillus,genus,exacerbating,unspecified,Class 2: Immune cell targeting,2b. T-cell adaptive,taxon,,scheme C,SAM_082,Samarkhazan_2025,6,table 3,Lactobacillus,genus,unspecified,Table 3: Lactobacillus niche occupation exacerbates GVHD via MHC-II alloreactive T cells,Ka 2021,author_year,Lactobacillus; Competitive with beneficial commensals; Niche occupation in disrupted gut environments; GVHD exacerbation via MHC-II-dependent activation of alloreactive T cells
684ea3ba,Moses_2026,92606fa7,Lathrop_2011,Parabacteroides,genus,protective,murine,Class 2: Immune cell targeting,2b. T-cell adaptive,taxon,,scheme C,MOS_041,Moses_2026,5,body,Parabacteroides,genus,murine,colonic Treg induction by Parabacteroides,Lathrop 2011 (10.1038/nature10434),author_year,Peripheral induction of colonic Tregs with TCR repertoires distinct from those of Tregs of other tissue types was demonstrated for Clostridiales and Paraacteroides
684ea3ba,Moses_2026,3844b561,Hegazy_2017,Roseburia,genus,unspecified,human observational,Class 2: Immune cell targeting,2b. T-cell adaptive,taxon,,scheme C,MOS_031,Moses_2026,5,body,Roseburia,genus,human observational,circulating microbiota-reactive memory T cells,Hegazy 2017 (10.1053/j.gastro.2017.07.047),author_year,"Microbiota-specific memory T cells in circulation that react to heat-inactivated Escherichia, Lactobacillus, Bifidobaterium, Faecalibacterium, Bacteroides, Roseburia, Ruminococcus, Salmonela, and Clostridium comprising up to 0.4% of CD4+ T cells per taxa have been reported in healthy inividuals"
684ea3ba,Moses_2026,3844b561,Hegazy_2017,Ruminococcus,genus,unspecified,human observational,Class 2: Immune cell targeting,2b. T-cell adaptive,taxon,,scheme C,MOS_032,Moses_2026,5,body,Ruminococcus,genus,human observational,circulating microbiota-reactive memory T cells,Hegazy 2017 (10.1053/j.gastro.2017.07.047),author_year,"Microbiota-specific memory T cells in circulation that react to heat-inactivated Escherichia, Lactobacillus, Bifidobaterium, Faecalibacterium, Bacteroides, Roseburia, Ruminococcus, Salmonela, and Clostridium comprising up to 0.4% of CD4+ T cells per taxa have been reported in healthy inividuals"
a83e68a9,SoleimaniSamarkhazan_2025,5e0cf728,Li_2022b,Saccharomyces,genus,protective,unspecified,Class 2: Immune cell targeting,2b. T-cell adaptive,taxon,antibiotic,class 5 reassigned: mechanism stated,SAM_017,Samarkhazan_2025,2,body,Saccharomyces,genus,unspecified,azole antifungals suppress Saccharomyces and impair Th17 defense against Candida,Li 2022,author_year,"Antifungal prophylaxis with azoles selectively suppresses Saccharomyces species, impairing T helper 17 (TH17)-mediated defenses against Candida overgrowth"
684ea3ba,Moses_2026,3844b561,Hegazy_2017,Salmonella,genus,unspecified,human observational,Class 2: Immune cell targeting,2b. T-cell adaptive,taxon,,scheme C,MOS_033,Moses_2026,5,body,Salmonella,genus,human observational,circulating microbiota-reactive memory T cells,Hegazy 2017 (10.1053/j.gastro.2017.07.047),author_year,"Microbiota-specific memory T cells in circulation that react to heat-inactivated Escherichia, Lactobacillus, Bifidobaterium, Faecalibacterium, Bacteroides, Roseburia, Ruminococcus, Salmonela, and Clostridium comprising up to 0.4% of CD4+ T cells per taxa have been reported in healthy inividuals"
684ea3ba,Moses_2026,5882752a,Yeh_2024,bacterial flagellin,functional group,exacerbating,murine,Class 2: Immune cell targeting,2b. T-cell adaptive,mechanism,,scheme C,MOS_024,Moses_2026,5,body,bacterial flagellin,functional group,murine,microbiota-specific donor T cells targeting flagellin exacerbate GvHD,Yeh 2024 (10.1016/j.immuni.2024.05.018),author_year,"the expansion of microbiota-specific T cells from the donor graft, which target MHC II peptides derived from bacterial flagellin or Clostridium savagella in the recipient GI tract, exacerbated GvHD in murine models harboring respective commensal organisms"
684ea3ba,Moses_2026,5882752a,Yeh_2024,bacterial flagellin,functional group,exacerbating,murine,Class 2: Immune cell targeting,2b. T-cell adaptive,mechanism,,scheme C,MOS_043,Moses_2026,6,body,bacterial flagellin,functional group,murine,alloreactive T-cell crosstalk amplifies flagellin-targeting T cells,Yeh 2024 (10.1016/j.immuni.2024.05.018),author_year,"In a CD4+ T-cell driven model of allogeneic transplantation, the cotransfer of H-Y-targeting (alloreactive) donor T cells into male hosts augmented IFNγ expression of transferred flagellin-targeting CD4+ T cells"
a83e68a9,SoleimaniSamarkhazan_2025,e46519d6,Omenetti_2019,segmented filamentous bacteria,functional group,context-dependent,unspecified,Class 2: Immune cell targeting,2b. T-cell adaptive,mechanism,,scheme C,SAM_092,Samarkhazan_2025,7,body,segmented filamentous bacteria,functional group,unspecified,SFB promote non-inflammatory Th17 while Citrobacter drives inflammatory Th17,Omenetti 2019,author_year,"segmented filamentous bacteria (SFB) promote non-inflammatory Th17 cell differentiation, whereas certain Citrobacter-derived components drive an inflammatory Th17 phenotype"
5dc2d761,Weber_2026,59ba38e4,Goto_2014,segmented filamentous bacteria,functional group,exacerbating,unspecified,Class 2: Immune cell targeting,2b. T-cell adaptive,mechanism,,scheme C,WEB_018,Weber_2026,2,body,segmented filamentous bacteria,functional group,unspecified,SFB and B. adolescentis drive Th17,Goto 2014,author_year,"Certain commensal bacteria, including segmented ﬁlamentous bacteria (SFB) and Biﬁdobacterium adolescentis, are known to drive Th17 differentiation"
5dc2d761,Weber_2026,59ba38e4,Goto_2014,segmented filamentous bacteria,functional group,exacerbating,unspecified,Class 2: Immune cell targeting,2b. T-cell adaptive,mechanism,,scheme C,WEB_042,Weber_2026,3,table 1,segmented filamentous bacteria,functional group,unspecified,SFB induce Th17 via IL-23,Goto 2014,author_year,SFB (Segmented Filamentous Bacteria) induce Th17 differentiation via IL-23
5dc2d761,Weber_2026,1907d06d,Hou_2022,segmented filamentous bacteria,functional group,exacerbating,unspecified,Class 2: Immune cell targeting,2b. T-cell adaptive,mechanism,,scheme C,WEB_042,Weber_2026,3,table 1,segmented filamentous bacteria,functional group,unspecified,SFB induce Th17 via IL-23,Hou 2022 (10.1038/s41392-022-00974-4),author_year,SFB (Segmented Filamentous Bacteria) induce Th17 differentiation via IL-23
5dc2d761,Weber_2026,ce32739d,Ivanov_2009,segmented filamentous bacteria,functional group,exacerbating,unspecified,Class 2: Immune cell targeting,2b. T-cell adaptive,mechanism,,scheme C,WEB_050,Weber_2026,3,table 1,segmented filamentous bacteria,functional group,unspecified,SFB and C. rodentium drive Th17 via IL-6/IL-23,Ivanov 2009,author_year,SFB and Citrobacter rodentium drive RORγt + Th17 cells via IL-6/IL-23
5dc2d761,Weber_2026,9f276c09,Wu_2010,segmented filamentous bacteria,functional group,exacerbating,unspecified,Class 2: Immune cell targeting,2b. T-cell adaptive,mechanism,,scheme C,WEB_050,Weber_2026,3,table 1,segmented filamentous bacteria,functional group,unspecified,SFB and C. rodentium drive Th17 via IL-6/IL-23,Wu 2010,author_year,SFB and Citrobacter rodentium drive RORγt + Th17 cells via IL-6/IL-23
a83e68a9,SoleimaniSamarkhazan_2025,51e3c6cd,Stein-Thoeringer_2019,Enterococcus,genus,exacerbating,unspecified,Class 2: Immune cell targeting,2c. Other immune,taxon,,scheme C,SAM_015,Samarkhazan_2025,2,body,Enterococcus,genus,unspecified,loss of obligate anaerobes enables Enterococcus expansion and GVHD,Stein-Thoeringer 2019,author_year,"The loss of obligate anaerobes creates an ecological niche for pathogenic organisms, such as Enterococcus species, which are implicated in GVHD development and increased post-transplant mortality"
684ea3ba,Moses_2026,1d996087,Shono_2016,Akkermansia muciniphila,species,exacerbating,murine,Class 3: Barrier and structural,3a. Epithelial barrier,taxon,,scheme C,MOS_057,Moses_2026,7,body,Akkermansia muciniphila,species,murine,Akkermansia muciniphila expansion and mucus degradation,Shono 2016,manual,"Akkermansia muciniphilia, another commensal organism that also possesses mucus-degrading capabilities, expanded following antibiotic treatment in murine models and was correlated with clinical GvHD"
890a94fb,Paredes_2026,fb5c5ea4,Schwabkey_2022,Akkermansia muciniphila,species,exacerbating,murine,Class 3: Barrier and structural,3a. Epithelial barrier,taxon,,scheme C,PAR_018,Paredes_2026,4,body,Akkermansia muciniphila,species,murine,A. muciniphila mucin degradation thins mucus,Schwabkey 2022,author_year,"A. muciniphila breaks down mucin, the main component of the intestinal mucus layer, as its primary nutrient source. In mouse models of neutropenic fever, the expansion of A. muciniphila leads to thinning of the colonic mucus layer and increased abundance of inflammatory cytokines"
5dc2d761,Weber_2026,1d996087,Shono_2016,Akkermansia muciniphila,species,exacerbating,murine,Class 3: Barrier and structural,3a. Epithelial barrier,taxon,antibiotic,class 5 reassigned: mechanism stated,WEB_111,Weber_2026,6,body,Akkermansia muciniphila,species,murine,imipenem induces Akkermansia mucus degradation,Shono 2016 (10.1126/scitranslmed.aaf2311),author_year,"In mice, treatment with imipenem-cilastatin led to a degradation of the protective mucus layer and disruption of the intestinal barrier function. This has been attributed to speciﬁc bacteria such as Akkermansia muciniphila, a mucus degrading bacterium"
a83e68a9,SoleimaniSamarkhazan_2025,c17cd7ba,Sofi_2021,Bacteroides fragilis,species,protective,murine,Class 3: Barrier and structural,3a. Epithelial barrier,taxon,,scheme C,SAM_126,Samarkhazan_2025,10,section Probiotics,Bacteroides fragilis,species,animal,Sofi 2021 B. fragilis gut barrier,Sofi 2021,author_year,Bacteroides fragilis improving gut barrier integrity and reducing GVHD in mice by enhancing mucus production and reducing epithelial damage
684ea3ba,Moses_2026,bba59f3e,Hayase_2024,Bacteroides ovatus,species,protective,murine,Class 3: Barrier and structural,3a. Epithelial barrier,taxon,,scheme C,MOS_058,Moses_2026,7,body,Bacteroides ovatus,species,murine,B. ovatus polysaccharide metabolism suppresses mucus-degraders,Hayase 2024 (10.1016/j.chom.2024.08.004),author_year,"the beneficial effects of Bacteroides ovatus were linked to its ability to metabolize dietary polysaccharides, which suppress the mucus-degrading capabilities of other bacteria, including B. thetaiotaomicron and A. muciniphilia and reduce GvHD-related mortality"
890a94fb,Paredes_2026,bba59f3e,Hayase_2024,Bacteroides ovatus,species,protective,murine,Class 3: Barrier and structural,3a. Epithelial barrier,taxon,,scheme C,PAR_082,Paredes_2026,6,body,Bacteroides ovatus,species,murine,B. ovatus produces xylose to reduce GVHD,Hayase 2024,author_year,the introduction of B. ovatus reduced GVHD-related mortality... this beneficial effect was also only observed when B. ovatus was able to degrade xylose-containing polysaccharides and produce xylose
890a94fb,Paredes_2026,bba59f3e,Hayase_2024,Bacteroides ovatus,species,protective,murine,Class 3: Barrier and structural,3a. Epithelial barrier,taxon,,scheme C,PAR_237,Paredes_2026,17,body,Bacteroides ovatus,species,murine,xylose supplementation inhibits mucus-degrading bacteria and preserves intestinal barrier,Hayase 2024,author_year,Other promising approaches based on findings from mouse studies are the supplementation of xylose (a B. ovatus product inhibiting mucus-degrading bacteria that compromise the intestinal barrier)
684ea3ba,Moses_2026,22e7ed1c,Hayase_2022,Bacteroides thetaiotaomicron,species,exacerbating,murine,Class 3: Barrier and structural,3a. Epithelial barrier,taxon,,scheme C,MOS_056,Moses_2026,7,body,Bacteroides thetaiotaomicron,species,murine,B. thetaiotaomicron mucin degradation thins colonic mucus,Hayase 2022 (10.1016/j.cell.2022.09.007),author_year,"Bacteroides thetaiotaomicron, which expands in the gastrointestinal tract following treatment with carbapenem antibiotics, upregulates the ability to degrade mucin glycans and thins the colonic mucosal layer, increasing susceptibility to intestinal injury"
890a94fb,Paredes_2026,22e7ed1c,Hayase_2022,Bacteroides thetaiotaomicron,species,exacerbating,murine,Class 3: Barrier and structural,3a. Epithelial barrier,taxon,,scheme C,PAR_080,Paredes_2026,6,body,Bacteroides thetaiotaomicron,species,murine,B. thetaiotaomicron glycoside hydrolase mucin degradation,Hayase 2022,author_year,"meropenem-treated mice had aggravated intestinal GVHD, severe epithelial damage and a thinner intestinal mucus layer compared with controls. Moreover, these mice exhibited an expansion of Bacteroides thetaiotaomicron in the gut, decreased levels of luminal xylose and upregulated expression of glycoside hydrolases from B. thetaiotaomicron, which are enzymes responsible for breaking down mucin glycoproteins in the intestinal mucus layer"
890a94fb,Paredes_2026,22e7ed1c,Hayase_2022,Bacteroides thetaiotaomicron,species,protective,murine,Class 3: Barrier and structural,3a. Epithelial barrier,taxon,,scheme C,PAR_081,Paredes_2026,6,body,Bacteroides thetaiotaomicron,species,murine,xylose suppresses B. thetaiotaomicron mucin degradation,Hayase 2022,author_year,"Oral supplementation of xylose improved GVHD-related survival and prevented thinning of the colonic mucus layer, suggesting that xylose suppresses the mucus-degrading behaviour of B. thetaiotaomicron"
a83e68a9,SoleimaniSamarkhazan_2025,60eee304,Hacker_2022,Clostridia,class,protective,unspecified,Class 3: Barrier and structural,3a. Epithelial barrier,taxon,FMT,class 5 reassigned: mechanism stated,SAM_030,Samarkhazan_2025,3,body,Clostridia,class,unspecified,pre-transplant Clostridia probiotics or FMT can restore barrier,Häcker 2022,author_year,Strategies such as administering Clostridia-enriched probiotics or fecal microbiota transplantation (FMT) during the pre-transplant period may restore epithelial integrity and mitigate GVHD risk
684ea3ba,Moses_2026,51e3c6cd,Stein-Thoeringer_2019,Enterococcus,genus,exacerbating,unspecified,Class 3: Barrier and structural,3a. Epithelial barrier,taxon,,scheme C,MOS_048,Moses_2026,7,body,Enterococcus,genus,unspecified,Enterococcus metalloprotease degrades tight junctions,Stein-Thoeringer 2019 (10.1126/science.aax3760),author_year,"Metalloprotease secretion found in taxa such as Enterococcus, which can degrade tight junction proteins and increase intestinal permeability, can also increase susceptibility to tissue injury"
684ea3ba,Moses_2026,86e71701,Steck_2011,Enterococcus,genus,exacerbating,unspecified,Class 3: Barrier and structural,3a. Epithelial barrier,taxon,,scheme C,MOS_048,Moses_2026,7,body,Enterococcus,genus,unspecified,Enterococcus metalloprotease degrades tight junctions,Steck 2011 (10.1053/j.gastro.2011.05.035),author_year,"Metalloprotease secretion found in taxa such as Enterococcus, which can degrade tight junction proteins and increase intestinal permeability, can also increase susceptibility to tissue injury"
684ea3ba,Moses_2026,2ea2f7f4,Walsh_2025,16 bacterial Firmicutes strains,functional group,protective,clinical trial,Class 3: Barrier and structural,3b. Colonization resistance / competitive exclusion,mechanism,defined consortium,class 5 reassigned: from outcome described,MOS_084,Moses_2026,11,body,16 bacterial Firmicutes strains,functional group,clinical trial,SER-155 Firmicutes consortium,Walsh 2025 (10.1200/JCO.2025.43.16_),author_year,"microbiome therapeutics SER-155 (comprising 16 bacterial Firmicutes strains) extend these concepts beyond conventional FMT by delivering a defined consortium of cultivated bacterial strains designed to restore gut microbiota diversity, strengthen epithelial barrier integrity, and reduce bacterial bloodstream infections and GvHD in allo-HSCT patients"
684ea3ba,Moses_2026,e3c44cf2,Peled_2023,16 bacterial Firmicutes strains,functional group,protective,clinical trial,Class 3: Barrier and structural,3b. Colonization resistance / competitive exclusion,mechanism,defined consortium,class 5 reassigned: from outcome described,MOS_084,Moses_2026,11,body,16 bacterial Firmicutes strains,functional group,clinical trial,SER-155 Firmicutes consortium,Peled 2023 (10.1182/blood-2023-188885),author_year,"microbiome therapeutics SER-155 (comprising 16 bacterial Firmicutes strains) extend these concepts beyond conventional FMT by delivering a defined consortium of cultivated bacterial strains designed to restore gut microbiota diversity, strengthen epithelial barrier integrity, and reduce bacterial bloodstream infections and GvHD in allo-HSCT patients"
684ea3ba,Moses_2026,776de486,Ponce_2025,16 bacterial Firmicutes strains,functional group,protective,clinical trial,Class 3: Barrier and structural,3b. Colonization resistance / competitive exclusion,mechanism,defined consortium,class 5 reassigned: from outcome described,MOS_084,Moses_2026,11,body,16 bacterial Firmicutes strains,functional group,clinical trial,SER-155 Firmicutes consortium,Ponce 2025 (10.1016/j.jtct.2025.01.139),author_year,"microbiome therapeutics SER-155 (comprising 16 bacterial Firmicutes strains) extend these concepts beyond conventional FMT by delivering a defined consortium of cultivated bacterial strains designed to restore gut microbiota diversity, strengthen epithelial barrier integrity, and reduce bacterial bloodstream infections and GvHD in allo-HSCT patients"
5dc2d761,Weber_2026,776de486,Ponce_2025,Bacillota,phylum,protective,clinical trial,Class 3: Barrier and structural,3b. Colonization resistance / competitive exclusion,taxon,defined consortium,class 5 reassigned: from outcome described,WEB_130,Weber_2026,7,body,Firmicutes,phylum,clinical trial,SER-155 Firmicutes consortium therapeutic,Ponce 2025 (10.1016/j.jtct.2025.01.139),author_year,"Peled et al. reported as a congress abstract the preliminary results of a phase 1b study, evaluating SER-155, an oral investigational cultivated microbiome therapeutic comprised of 16 bacterial Firmicutes strains, given before conditioning and after neutrophil engraftment"
5dc2d761,Weber_2026,776de486,Ponce_2025,Bacillota,phylum,protective,clinical trial,Class 3: Barrier and structural,3b. Colonization resistance / competitive exclusion,taxon,defined consortium,class 5 reassigned: from outcome described,WEB_131,Weber_2026,7,body,Firmicutes,phylum,clinical trial,SER-155 reduces bloodstream infections,Ponce 2025 (10.1016/j.jtct.2025.01.139),author_year,"Compared to placebo (n = 14), SER-155 (n = 20) was generally well tolerated with a safety proﬁle similar to placebo and the incidence of bloodstream infections, a secondary endpoint, was signiﬁcantly lower after treatment with SER-155"
a83e68a9,SoleimaniSamarkhazan_2025,81ee19b8,Reddi_2025,Barnesiella,genus,protective,unspecified,Class 3: Barrier and structural,3b. Colonization resistance / competitive exclusion,taxon,,scheme C,SAM_108,Samarkhazan_2025,9,body,Barnesiella,genus,unspecified,Barnesiella and L. johnsonii suppress pathobiont expansion,Reddi 2025,author_year,beneficial taxa like Barnesiella and Lactobacillus johnsonii help maintain microbial homeostasis by suppressing the expansion of harmful bacteria
a83e68a9,SoleimaniSamarkhazan_2025,81ee19b8,Reddi_2025,Lactobacillus johnsonii,species,protective,unspecified,Class 3: Barrier and structural,3b. Colonization resistance / competitive exclusion,taxon,,scheme C,SAM_109,Samarkhazan_2025,9,body,Lactobacillus johnsonii,species,unspecified,Barnesiella and L. johnsonii suppress pathobiont expansion,Reddi 2025,author_year,beneficial taxa like Barnesiella and Lactobacillus johnsonii help maintain microbial homeostasis by suppressing the expansion of harmful bacteria
5dc2d761,Weber_2026,7cb4bc33,Kim_2017,commensals,functional group,protective,unspecified,Class 3: Barrier and structural,3b. Colonization resistance / competitive exclusion,mechanism,,scheme C,WEB_095,Weber_2026,6,body,commensals,functional group,unspecified,commensals confer colonization resistance,Kim 2017 (10.1111/imr.12563),author_year,Intestinal commensals confer colonization resistance against enteropathogens by nutrient limitation and the production of bacteriocins and as such contribute to balanced gut homeostasis
890a94fb,Paredes_2026,7e6ba708,VanDerVelden_2013,Candida,genus,exacerbating,human observational,Class 4: Pathobiont expansion,4b. Pathobiont expansion / mono-dominance,taxon,,scheme C,PAR_008,Paredes_2026,3,box 1,Candida,genus,human observational,Candida colonization associated with aGVHD,2013,manual,"a culture-based study of 153 patients undergoing allo-HCT found that oral or gastrointestinal colonization with Candida species was positively associated with the development of acute GVHD and, specifically, gastrointestinal GVHD"
890a94fb,Paredes_2026,15d183ff,Rolling_2021,Candida parapsilosis,species,exacerbating,human observational,Class 4: Pathobiont expansion,4b. Pathobiont expansion / mono-dominance,taxon,,scheme C,PAR_007,Paredes_2026,3,box 1,Candida parapsilosis complex,species,human observational,Candida parapsilosis expansion worsens outcomes,Rolling 2021,author_year,"culture-based studies, finding that faecal samples collected post transplant were more likely to yield culturable fungi compared with pre-transplant samples, and identifying patients with fungal dysbiosis based on culture positivity and expansion of Candida parapsilosis complex species. These patients had lower overall survival and higher transplant-related mortality"
5dc2d761,Weber_2026,5051ab21,Rashidi_2023,Dialister,genus,exacerbating,clinical trial,Class 4: Pathobiont expansion,4b. Pathobiont expansion / mono-dominance,taxon,FMT,class 5 reassigned: from outcome described,WEB_129,Weber_2026,7,body,Dialister,genus,clinical trial,FMT reduces Dialister,Rashidi 2023 (10.1200/jco.22.02366),author_year,"A randomized, double-blind, placebo-controlled trial found that FMT improved post-antibiotic recovery of microbiota diversity, restored several depleted obligate anaerobic commensals, and reduced the abundance of expanded genera like Enterococcus, Streptococcus, Veillonella, and Dialister"
684ea3ba,Moses_2026,04e598ff,Youngster_2024,Enterobacteriaceae,family,exacerbating,clinical trial,Class 4: Pathobiont expansion,4b. Pathobiont expansion / mono-dominance,taxon,FMT,class 5 reassigned: from outcome described,MOS_078,Moses_2026,10,body,Enterobacteriaceae,family,clinical trial,FMT reduces Enterobacteriaceae,Youngster 2024 (10.1038/s41409-024-02198-2),author_year,"the restoration of taxa associated with favorable GvHD outcomes (Clostridiales, SCFA-producers) alongside a decrease in taxa associated with poor outcomes (Enterobacteriaceae)"
684ea3ba,Moses_2026,b3afeea3,Peled_2020,Enterococcus,genus,exacerbating,human observational,Class 4: Pathobiont expansion,4b. Pathobiont expansion / mono-dominance,taxon,,scheme C,MOS_064,Moses_2026,8,body,Enterococcus,genus,human observational,pathobiont expansion with low diversity,Peled 2020 (10.1056/NEJMoa1900623),author_year,"lower diversity, unfavorable GvHD outcomes, and expansion of pathobionts such as Enterococcus and Escherichia"
890a94fb,Paredes_2026,b3afeea3,Peled_2020,Enterococcus,genus,exacerbating,human observational,Class 4: Pathobiont expansion,4b. Pathobiont expansion / mono-dominance,taxon,,scheme C,PAR_011,Paredes_2026,4,body,Enterococcus,genus,human observational,Peled 2020 Enterococcus/Klebsiella domination,Peled 2020,author_year,"gut microbial diversity predicted mortality after allo-HCT. In this study, 16S ribosomal RNA sequencing analysis of faecal samples from a large cohort of patients at four centres in the USA, Germany and Japan revealed loss of microbiota diversity during transplantation, commonly including domination by bacterial taxa such as Enterococcus and Klebsiella"
890a94fb,Paredes_2026,b3afeea3,Peled_2020,Enterococcus,genus,exacerbating,human observational,Class 4: Pathobiont expansion,4b. Pathobiont expansion / mono-dominance,taxon,,scheme C,PAR_016,Paredes_2026,4,body,Enterococcus,genus,human observational,Enterococcus dominance predicts mortality,Peled 2020,author_year,"the study identified a predictive signature of microbiota (that is, Enterococcus dominance) associated with a higher risk of mortality"
890a94fb,Paredes_2026,5f3356c5,Taur_2012,Enterococcus,genus,exacerbating,human observational,Class 4: Pathobiont expansion,4b. Pathobiont expansion / mono-dominance,taxon,antibiotic,class 5 reassigned: from outcome described,PAR_062,Paredes_2026,6,body,Enterococcus,genus,human observational,metronidazole promotes Enterococcus domination,Taur 2012,author_year,"the anaerobe-targeting antibiotic metronidazole has been positively associated with intestinal domination by Enterococcus, which is a risk factor for vancomycin-resistant Enterococcus (VRE) bacteraemia"
890a94fb,Paredes_2026,51e3c6cd,Stein-Thoeringer_2019,Enterococcus,genus,exacerbating,human observational,Class 4: Pathobiont expansion,4b. Pathobiont expansion / mono-dominance,taxon,diet,class 5 reassigned: from outcome described,PAR_075,Paredes_2026,6,body,Enterococcus,genus,human observational,dietary lactose drives Enterococcus expansion,Stein-Thoeringer 2019,author_year,"A multicentre study found that dietary lactose promoted the expansion of Enterococcus, which can metabolize lactose and thrives in a lactose-rich environment, contributing to increased gut permeability and inflammation"
890a94fb,Paredes_2026,51e3c6cd,Stein-Thoeringer_2019,Enterococcus,genus,exacerbating,murine,Class 4: Pathobiont expansion,4b. Pathobiont expansion / mono-dominance,taxon,diet,class 5 reassigned: from outcome described,PAR_076,Paredes_2026,6,body,Enterococcus,genus,murine,lactose restriction reduces Enterococcus,Stein-Thoeringer 2019,author_year,"in mouse models of allo-HCT, dietary interventions such as lactose restriction have been found to reduce the expansion of Enterococcus and alleviate GVHD severity"
890a94fb,Paredes_2026,a1c121be,Morello_2024,Enterococcus,genus,exacerbating,clinical trial,Class 4: Pathobiont expansion,4b. Pathobiont expansion / mono-dominance,taxon,diet,class 5 reassigned: from outcome described,PAR_077,Paredes_2026,6,body,vancomycin-resistant Enterococcus (VRE),species,clinical trial,lactose-free diet reduces VRE,Morello 2024,author_year,"In a recent clinical study, patients undergoing allo-HCT and following a lactose-free diet had significantly reduced colonization with VRE"
a83e68a9,SoleimaniSamarkhazan_2025,713267b8,Fredricks_2019,Enterococcus,genus,exacerbating,unspecified,Class 4: Pathobiont expansion,4b. Pathobiont expansion / mono-dominance,taxon,antibiotic,class 5 reassigned: from outcome described,SAM_020,Samarkhazan_2025,2,table 1,Enterococcus,genus,unspecified,Table 1: broad-spectrum antibiotics expand resistant Enterococcus,Fredricks 2019,author_year,"Antibiotics; Fluoroquinolones, β-lactams; Reduced SCFA production (butyrate); Epithelial barrier dysfunction; Loss of Blautia, Faecalibacterium; Dysregulation of Treg differentiation and epithelial homeostasis; Overgrowth of resistant pathogens (Enterococcus)"
a83e68a9,SoleimaniSamarkhazan_2025,51e3c6cd,Stein-Thoeringer_2019,Enterococcus,genus,exacerbating,unspecified,Class 4: Pathobiont expansion,4b. Pathobiont expansion / mono-dominance,taxon,antibiotic,class 5 reassigned: from outcome described,SAM_020,Samarkhazan_2025,2,table 1,Enterococcus,genus,unspecified,Table 1: broad-spectrum antibiotics expand resistant Enterococcus,Stein-Thoeringer 2019,author_year,"Antibiotics; Fluoroquinolones, β-lactams; Reduced SCFA production (butyrate); Epithelial barrier dysfunction; Loss of Blautia, Faecalibacterium; Dysregulation of Treg differentiation and epithelial homeostasis; Overgrowth of resistant pathogens (Enterococcus)"
a83e68a9,SoleimaniSamarkhazan_2025,a785b9a8,Kohler_2019,Enterococcus,genus,exacerbating,unspecified,Class 4: Pathobiont expansion,4b. Pathobiont expansion / mono-dominance,taxon,antibiotic,class 5 reassigned: from outcome described,SAM_021,Samarkhazan_2025,3,body,vancomycin-resistant Enterococcus,species,unspecified,antibiotic vacuum enables VRE domination,Köhler 2018,author_year,"These interventions create a ""vacuum effect,"" enabling antibiotic-resistant pathogens like vancomycin-resistant Enterococcus (VRE) to dominate"
a83e68a9,SoleimaniSamarkhazan_2025,b406162c,Staffas_2017,Enterococcus,genus,exacerbating,human observational,Class 4: Pathobiont expansion,4b. Pathobiont expansion / mono-dominance,taxon,,scheme C,SAM_022,Samarkhazan_2025,3,body,Enterococcus,genus,meta-analysis,pre-transplant Enterococcus dominance raises grade III-IV aGVHD risk 3.2-fold,Staffas 2017,author_year,"A meta-analysis of 1,362 HSCT recipients revealed that pre-transplant enterococcal dominance increased the risk of grade III-IV acute GVHD by 3.2-fold"
a83e68a9,SoleimaniSamarkhazan_2025,81ee19b8,Reddi_2025,Enterococcus,genus,exacerbating,unspecified,Class 4: Pathobiont expansion,4b. Pathobiont expansion / mono-dominance,taxon,,scheme C,SAM_106,Samarkhazan_2025,9,body,Enterococcus,genus,unspecified,progressive loss of diversity enables Enterococcus and Streptococcus overgrowth and inflammation,Reddi 2025,author_year,"A progressive decline in microbial diversity—initiated during remission-inducing chemotherapy and exacerbated post-transplant—results in the overgrowth of pathobionts such as Enterococcus and Streptococcus, both of which are potent stimulators of intestinal inflammation"
5dc2d761,Weber_2026,cf772597,Taur_2014,Enterococcus,genus,exacerbating,human observational,Class 4: Pathobiont expansion,4b. Pathobiont expansion / mono-dominance,taxon,,scheme C,WEB_077,Weber_2026,5,table 2,Enterococcus,genus,human observational,Enterococcus domination linked to poor outcomes,Taur 2014 (10.1182/blood-2014-02-554725),author_year,"Domination by Enterococcus, Streptococcus, Enterobacteriaceae, and Lactobacillus spp. linked to poor outcomes"
5dc2d761,Weber_2026,e583a292,Holler_2014,Enterococcus,genus,exacerbating,human observational,Class 4: Pathobiont expansion,4b. Pathobiont expansion / mono-dominance,taxon,,scheme C,WEB_100,Weber_2026,6,body,Enterococcus,genus,human observational,Enterococcus domination increases GvHD risk,Holler 2014 (10.1016/j.bbmt.2014.01.030),author_year,"Loss of microbiome diversity is often accompanied with a shift to Enterococcus domination, which is associated with an increased risk of severe GvHD and GvHD-related mortality"
5dc2d761,Weber_2026,b3afeea3,Peled_2020,Enterococcus,genus,exacerbating,human observational,Class 4: Pathobiont expansion,4b. Pathobiont expansion / mono-dominance,taxon,,scheme C,WEB_100,Weber_2026,6,body,Enterococcus,genus,human observational,Enterococcus domination increases GvHD risk,Peled 2020 (10.1056/NEJMoa1900623),author_year,"Loss of microbiome diversity is often accompanied with a shift to Enterococcus domination, which is associated with an increased risk of severe GvHD and GvHD-related mortality"
5dc2d761,Weber_2026,51e3c6cd,Stein-Thoeringer_2019,Enterococcus,genus,exacerbating,murine,Class 4: Pathobiont expansion,4b. Pathobiont expansion / mono-dominance,taxon,,scheme C,WEB_101,Weber_2026,6,body,Enterococcus,genus,murine,enterococcal administration aggravates GvHD,Stein-Thoeringer 2019 (10.1126/science.aax3760),author_year_doi,"In murine models enterococcal administration aggravated GvHD severity, demonstrating causality"
5dc2d761,Weber_2026,51e3c6cd,Stein-Thoeringer_2019,Enterococcus,genus,exacerbating,murine,Class 4: Pathobiont expansion,4b. Pathobiont expansion / mono-dominance,taxon,diet,class 5 reassigned: from outcome described,WEB_102,Weber_2026,6,body,Enterococcus,genus,murine,lactose-free diet prevents enterococcal overgrowth,Stein-Thoeringer 2019 (10.1126/science.aax3760),author_year_doi,"Indeed, a diet free of lactose, a substrate mainly utilized by enterococci, prevented enterococcal overgrowth and reduced GvHD severity"
5dc2d761,Weber_2026,5051ab21,Rashidi_2023,Enterococcus,genus,exacerbating,clinical trial,Class 4: Pathobiont expansion,4b. Pathobiont expansion / mono-dominance,taxon,FMT,class 5 reassigned: from outcome described,WEB_126,Weber_2026,7,body,Enterococcus,genus,clinical trial,FMT reduces Enterococcus,Rashidi 2023 (10.1200/jco.22.02366),author_year,"A randomized, double-blind, placebo-controlled trial found that FMT improved post-antibiotic recovery of microbiota diversity, restored several depleted obligate anaerobic commensals, and reduced the abundance of expanded genera like Enterococcus, Streptococcus, Veillonella, and Dialister"
684ea3ba,Moses_2026,b3afeea3,Peled_2020,Escherichia,genus,exacerbating,human observational,Class 4: Pathobiont expansion,4b. Pathobiont expansion / mono-dominance,taxon,,scheme C,MOS_065,Moses_2026,8,body,Escherichia,genus,human observational,pathobiont expansion with low diversity,Peled 2020 (10.1056/NEJMoa1900623),author_year,"lower diversity, unfavorable GvHD outcomes, and expansion of pathobionts such as Enterococcus and Escherichia"
890a94fb,Paredes_2026,1c7b8ee9,DeFilipp_2019a,Escherichia coli,species,exacerbating,human observational,Class 4: Pathobiont expansion,4b. Pathobiont expansion / mono-dominance,taxon,FMT,class 5 reassigned: from outcome described,PAR_238,Paredes_2026,17,body,Escherichia coli,species,clinical case report,FMT can transmit multidrug-resistant E. coli from donor to recipients,DeFilipp 2019,author_year,"a documented transmission of a multidrug-resistant Escherichia coli from a single FMT donor to two recipients of allo-HCT resulted in one death, underscoring the need for strict donor screening"
890a94fb,Paredes_2026,b3afeea3,Peled_2020,Klebsiella,genus,exacerbating,human observational,Class 4: Pathobiont expansion,4b. Pathobiont expansion / mono-dominance,taxon,,scheme C,PAR_012,Paredes_2026,4,body,Klebsiella,genus,human observational,Peled 2020 Enterococcus/Klebsiella domination,Peled 2020,author_year,"gut microbial diversity predicted mortality after allo-HCT. In this study, 16S ribosomal RNA sequencing analysis of faecal samples from a large cohort of patients at four centres in the USA, Germany and Japan revealed loss of microbiota diversity during transplantation, commonly including domination by bacterial taxa such as Enterococcus and Klebsiella"
a83e68a9,SoleimaniSamarkhazan_2025,81ee19b8,Reddi_2025,Streptococcus,genus,exacerbating,unspecified,Class 4: Pathobiont expansion,4b. Pathobiont expansion / mono-dominance,taxon,,scheme C,SAM_107,Samarkhazan_2025,9,body,Streptococcus,genus,unspecified,progressive loss of diversity enables Enterococcus and Streptococcus overgrowth and inflammation,Reddi 2025,author_year,"A progressive decline in microbial diversity—initiated during remission-inducing chemotherapy and exacerbated post-transplant—results in the overgrowth of pathobionts such as Enterococcus and Streptococcus, both of which are potent stimulators of intestinal inflammation"
5dc2d761,Weber_2026,5051ab21,Rashidi_2023,Streptococcus,genus,exacerbating,clinical trial,Class 4: Pathobiont expansion,4b. Pathobiont expansion / mono-dominance,taxon,FMT,class 5 reassigned: from outcome described,WEB_127,Weber_2026,7,body,Streptococcus,genus,clinical trial,FMT reduces Streptococcus,Rashidi 2023 (10.1200/jco.22.02366),author_year,"A randomized, double-blind, placebo-controlled trial found that FMT improved post-antibiotic recovery of microbiota diversity, restored several depleted obligate anaerobic commensals, and reduced the abundance of expanded genera like Enterococcus, Streptococcus, Veillonella, and Dialister"
5dc2d761,Weber_2026,5051ab21,Rashidi_2023,Veillonella,genus,exacerbating,clinical trial,Class 4: Pathobiont expansion,4b. Pathobiont expansion / mono-dominance,taxon,FMT,class 5 reassigned: from outcome described,WEB_128,Weber_2026,7,body,Veillonella,genus,clinical trial,FMT reduces Veillonella,Rashidi 2023 (10.1200/jco.22.02366),author_year,"A randomized, double-blind, placebo-controlled trial found that FMT improved post-antibiotic recovery of microbiota diversity, restored several depleted obligate anaerobic commensals, and reduced the abundance of expanded genera like Enterococcus, Streptococcus, Veillonella, and Dialister"
5dc2d761,Weber_2026,1c7b8ee9,DeFilipp_2019a,multidrug-resistant organisms,functional group,exacerbating,human observational,Class 4: Pathobiont expansion,4b. Pathobiont expansion / mono-dominance,mechanism,FMT,class 5 reassigned: from outcome described,WEB_132,Weber_2026,7,body,multidrug-resistant organisms,functional group,human observational,FMT transmits MDR organisms,DeFilipp 2019 (10.1056/NEJMoa1910437),author_year,"Transmission of multidrug-resistant organisms from stool bank products has led to fatal infections in immunocompromised patients, including one documented death at Massachusetts General Hospital of a patient who underwent HCT"
684ea3ba,Moses_2026,51e3c6cd,Stein-Thoeringer_2019,pathobionts,functional group,exacerbating,human observational,Class 4: Pathobiont expansion,4b. Pathobiont expansion / mono-dominance,mechanism,,scheme C,MOS_003,Moses_2026,2,body,pathobionts,functional group,human observational,pathobiont expansion,Stein-Thoeringer 2019 (10.1126/science.aax3760),author_year,expansion of pathobionts associated with increased GvHD
684ea3ba,Moses_2026,b3afeea3,Peled_2020,pathobionts,functional group,exacerbating,human observational,Class 4: Pathobiont expansion,4b. Pathobiont expansion / mono-dominance,mechanism,,scheme C,MOS_003,Moses_2026,2,body,pathobionts,functional group,human observational,pathobiont expansion,Peled 2020 (10.1056/NEJMoa1900623),author_year,expansion of pathobionts associated with increased GvHD
684ea3ba,Moses_2026,22e7ed1c,Hayase_2022,pathobionts,functional group,exacerbating,human observational,Class 4: Pathobiont expansion,4b. Pathobiont expansion / mono-dominance,mechanism,,scheme C,MOS_003,Moses_2026,2,body,pathobionts,functional group,human observational,pathobiont expansion,Hayase 2022 (10.1016/j.cell.2022.09.007),author_year,expansion of pathobionts associated with increased GvHD
