paper,statement_id,page,location,mechanism_as_named,microbial_function,host_target,phase,taxon_as_cited,taxon_rank_as_cited,direction,evidence_as_stated,cited_refs,quote,A_category,A_parent,A_fits,B_category,B_parent,B_fits,C_category,C_parent,C_fits,D_category,D_parent,D_fits,E_category,E_parent,E_fits,xwalk_closest,xwalk_match_quality,xwalk_note
Moses_2026,MOS_001,2,body,GI flora depletion reduces GvHD,,GI tract,,none,community,protective,murine,Jones 1971 (10.2307/3573066); van Bekkum 1974 (10.1093/jnci/52.2.401),depletion of the GI flora in gnotobiotic mice significantly decreased GI GvHD,Community-level / unattributed,A10,partial,Innate immune / barrier initiation (conditioning),B1,yes,4a. Diversity / dysbiosis,Class 4: Community-level / dysbiosis,yes,Phase 1 — Innate / MAMP / conditioning,D1,yes,Protective × Community,Protective,yes,General/unspecified,no match,no clear alignment to existing categories
Moses_2026,MOS_002,2,body,loss of beneficial anaerobic commensals,,,,anaerobic commensal bacteria,functional group,exacerbating,human observational,Mathewson 2016 (10.1038/ni.3400); Jenq 2012 (10.1084/jem.20112408); Hayase 2024 (10.1016/j.chom.2024.08.004); Jenq 2015 (10.1016/j.bbmt.2015.04.016),"the loss of apparently beneficial, often anaerobic commensal bacteria associated with favorable GvHD outcomes",Dysbiosis / diversity loss,A9,yes,Community-level outcome associations,B9,yes,4a. Diversity / dysbiosis,Class 4: Community-level / dysbiosis,yes,Dysbiosis risk / clinical impact,D10,yes,Exacerbating × Community,Exacerbating,yes,General/unspecified,no match,no clear alignment to existing categories
Moses_2026,MOS_003,2,body,pathobiont expansion,,,,pathobionts,functional group,exacerbating,human observational,Stein-Thoeringer 2019 (10.1126/science.aax3760); Peled 2020 (10.1056/NEJMoa1900623); Hayase 2022 (10.1016/j.cell.2022.09.007),expansion of pathobionts associated with increased GvHD,Dysbiosis / diversity loss,A9,yes,Community-level outcome associations,B9,yes,4b. Pathobiont expansion / mono-dominance,Class 4: Community-level / dysbiosis,yes,Dysbiosis risk / clinical impact,D10,yes,Exacerbating × Community,Exacerbating,yes,Dysbiosis/mono-dominance,exact,mono-dominance or pathobiont expansion
Moses_2026,MOS_004,3,body,alpha diversity loss and domination,,,,none,community,exacerbating,human observational,,a reduction of alpha diversity in the GI microbiota and domination of specific taxa at the time of neutrophil engraftment were linked to GvHD mortality,Dysbiosis / diversity loss,A9,yes,Community-level outcome associations,B9,yes,4a. Diversity / dysbiosis,Class 4: Community-level / dysbiosis,yes,Dysbiosis risk / clinical impact,D10,yes,Exacerbating × Community,Exacerbating,yes,Dysbiosis/mono-dominance,exact,mono-dominance or pathobiont expansion
Moses_2026,MOS_005,3,body,microbiota shortens epithelial lifespan post-TBI,,intestinal epithelium,conditioning,none,community,exacerbating,murine,Abrams 1963,the lifespan of the intestinal epithelium is reduced in conventional vs. germ-free mice,Community-level / unattributed,A10,partial,Innate immune / barrier initiation (conditioning),B1,yes,4a. Diversity / dysbiosis,Class 4: Community-level / dysbiosis,yes,Phase 1 — Innate / MAMP / conditioning,D1,yes,Exacerbating × Community,Exacerbating,yes,General/unspecified,no match,no clear alignment to existing categories
Moses_2026,MOS_006,3,body,LPS translocation after TBI,LPS release,intestinal mucosa,conditioning,none,community,exacerbating,murine,Hill 1997 (10.1182/blood.V90.8.3204); Nestel 1992,"tissue injury following TBI enabled the translocation of lipopolysaccharide (LPS), a prototypical MAMP, from damaged intestinal mucosa, which directly amplified GvHD",LPS/MAMP/PRR signaling,A4,yes,Innate immune / barrier initiation (conditioning),B1,yes,2a. Innate immune,Class 2: Immune cell targeting,yes,Phase 1 — Innate / MAMP / conditioning,D1,yes,Exacerbating × Immune,Exacerbating,yes,Innate/TLR-LPS,exact,direct hit on LPS/TLR/innate PRR signaling
Moses_2026,MOS_007,3,body,LPS/TLR4 amplifies macrophage TNF,LPS production,macrophages / TNF via TLR4,conditioning,none,community,exacerbating,murine,Hill 1997 (10.1182/blood.V90.8.3204); Poltorak 1998 (10.1126/science.282.5396.2085); Cooke 1998 (10.1172/JCI4285),"Conditioning regimen intensity augments the host innate immune response by increasing macrophage production of tumor necrosis factor alpha (TNF), which is further amplified by LPS exposure via toll-like receptor (TLR) 4 signaling",LPS/MAMP/PRR signaling,A4,yes,Innate immune / barrier initiation (conditioning),B1,yes,2a. Innate immune,Class 2: Immune cell targeting,yes,Virome / mycobiome,D13,yes,Exacerbating × Immune,Exacerbating,yes,Innate/TLR-LPS,exact,direct hit on LPS/TLR/innate PRR signaling
Moses_2026,MOS_008,3,body,donor TNF driven by LPS,LPS production,donor cell TNF production,conditioning,none,community,exacerbating,murine,Cooke 1998 (10.1172/JCI4285),"Exposure to LPS also drives donor cell production of TNF, as the utilization of LPS-resistant donor grafts results in diminished GvHD",LPS/MAMP/PRR signaling,A4,yes,Innate immune / barrier initiation (conditioning),B1,yes,2a. Innate immune,Class 2: Immune cell targeting,yes,Phase 1 — Innate / MAMP / conditioning,D1,yes,Exacerbating × Immune,Exacerbating,yes,Innate/TLR-LPS,exact,direct hit on LPS/TLR/innate PRR signaling
Moses_2026,MOS_009,3,body,lipoteichoic acid and peptidoglycan activate TLR2,lipoteichoic acid / peptidoglycan,TLR2,conditioning,none,community,exacerbating,unspecified,Akira 2004 (10.1038/nri1391); Takeuchi 1999 (10.1016/S1074-7613(00)80119-3); Schwandner 1999 (10.1074/jbc.274.25.17406),"other MAMPs were identified that activate the innate immune response through pattern recognition receptors including the cell wall components lipoteichoic acid and peptidoglycan, which activate TLR2",LPS/MAMP/PRR signaling,A4,yes,Innate immune / barrier initiation (conditioning),B1,yes,1c. Tryptophan / indole signaling,Class 1: Metabolite-mediated,yes,Phase 1 — Innate / MAMP / conditioning,D1,yes,Exacerbating × Metabolic,Exacerbating,yes,Indole/tryptophan metabolite,exact,direct hit on tryptophan/indole/AhR axis
Moses_2026,MOS_010,3,body,"NOD1/2, flagellin/TLR5, CpG/TLR9 activation",peptidoglycan motifs / flagellin / CpG DNA,NOD1/2 / TLR5 / TLR9,conditioning,none,community,exacerbating,unspecified,Girardin 2003 (10.1126/science.1084677); Girardin 2003 (10.1074/jbc.C200651200); Hayashi 2001 (10.1038/35074106); Hemmi 2000 (10.1038/35047123),"intracellular stimulation of NOD1/2, flagellin/TLR5, and CpG-containing DNA/TLR9",LPS/MAMP/PRR signaling,A4,yes,Innate immune / barrier initiation (conditioning),B1,yes,1c. Tryptophan / indole signaling,Class 1: Metabolite-mediated,yes,Phase 1 — Innate / MAMP / conditioning,D1,yes,Exacerbating × Immune,Exacerbating,yes,Indole/tryptophan metabolite,exact,direct hit on tryptophan/indole/AhR axis
Moses_2026,MOS_011,3,body,commensal-driven IL-1β,,IL-1β / TLR/NF-kB axis,conditioning,commensal bacteria,community,exacerbating,unspecified,Jankovic 2013 (10.1084/jem.20130084),"Commensal bacteria subsequently drive the expression of IL-1β, a potent immune-stimulatory cytokine, which lies downstream of the TLR/NF-kB axis",LPS/MAMP/PRR signaling,A4,yes,Innate immune / barrier initiation (conditioning),B1,yes,2a. Innate immune,Class 2: Immune cell targeting,yes,Phase 1 — Innate / MAMP / conditioning,D1,yes,Exacerbating × Community,Exacerbating,yes,General/unspecified,no match,no clear alignment to existing categories
Moses_2026,MOS_012,3,body,gut decontamination abrogates IL-1β,,dendritic cell IL-1β,conditioning,none,community,protective,murine,Jankovic 2013 (10.1084/jem.20130084),"IL-1β is expressed predominantly by host dendritic cells (DCs) early post-transplant followed by donor DCs, and its production was abrogated following gut decontamination prior to transplant",LPS/MAMP/PRR signaling,A4,yes,Innate immune / barrier initiation (conditioning),B1,yes,5a. Antibiotic effects,Class 5: Therapeutic / intervention,yes,Phase 1 — Innate / MAMP / conditioning,D1,yes,Protective × Community,Protective,yes,General/unspecified,no match,no clear alignment to existing categories
Moses_2026,MOS_013,3,body,CpG/TLR9 accelerates GvHD,CpG DNA,TLR9 on host APCs,conditioning,none,community,exacerbating,murine,Taylor 2008 (10.1182/blood-2007-09-113670),DNA-mimicking CpG substrates also accelerated GvHD via TLR9 ligation of host antigen-presenting cells,LPS/MAMP/PRR signaling,A4,yes,Innate immune / barrier initiation (conditioning),B1,yes,2a. Innate immune,Class 2: Immune cell targeting,yes,Phase 1 — Innate / MAMP / conditioning,D1,yes,Exacerbating × Immune,Exacerbating,yes,Innate/TLR-LPS,exact,direct hit on LPS/TLR/innate PRR signaling
Moses_2026,MOS_014,3,body,microbiota-dependent neutrophil infiltration,,neutrophil infiltration in ileum,conditioning,none,community,exacerbating,murine,Schwab 2014 (10.1038/nm.3517),Neutrophil infiltration in the ileum following transplantation was dependent on local microbial flora and was absent in germ-free mice,LPS/MAMP/PRR signaling,A4,yes,Innate immune / barrier initiation (conditioning),B1,yes,2a. Innate immune,Class 2: Immune cell targeting,yes,Phase 1 — Innate / MAMP / conditioning,D1,yes,Exacerbating × Immune,Exacerbating,yes,General/unspecified,no match,no clear alignment to existing categories
Moses_2026,MOS_015,3,body,TLR-deficient neutrophils mitigate GvHD,,neutrophils / TLR signaling,conditioning,none,community,exacerbating,murine,Schwab 2014 (10.1038/nm.3517),"In contrast to the introduction of wild-type neutrophils, TLR-deficient neutrophils mitigated GvHD severity",LPS/MAMP/PRR signaling,A4,yes,Innate immune / barrier initiation (conditioning),B1,yes,2a. Innate immune,Class 2: Immune cell targeting,yes,Phase 1 — Innate / MAMP / conditioning,D1,yes,Exacerbating × Immune,Exacerbating,yes,IgA/mucosal immunity,exact,IgA/mucosal immunity
Moses_2026,MOS_016,4,body,gut decontamination prevents neutrophil-CD4 priming,,neutrophil migration to mLN / CD4 T cells via MHCII,conditioning,none,community,protective,murine,Hülsdünker 2018 (10.1182/blood-2017-10-812891),gut decontamination prevented the ability for neutrophils to migrate to mesenteric lymph nodes (mLNs) and activate CD4 T cells in a MHCII-peptide dependent manner,LPS/MAMP/PRR signaling,A4,yes,Innate immune / barrier initiation (conditioning),B1,yes,5a. Antibiotic effects,Class 5: Therapeutic / intervention,yes,Phase 1 — Innate / MAMP / conditioning,D1,yes,Protective × Immune,Protective,yes,General/unspecified,no match,no clear alignment to existing categories
Moses_2026,MOS_017,4,figure 1,microbial metabolites modulate T-cell differentiation,SCFAs; secondary bile acids; indole derivatives; tryptophan catabolites,Th1 / Th17 / Treg differentiation,acute,none,functional group,context-dependent,unspecified,,"microbial metabolites—including short-chain fatty acids (SCFAs), secondary bile acids, indole derivatives, and tryptophan catabolites—modulate the differentiation of Th1, Th17, and Treg subsets",Tryptophan/indole metabolism,A3,yes,Metabolite signaling to immune cells,B7,yes,1a. SCFA / butyrate signaling,Class 1: Metabolite-mediated,yes,Bile acid metabolites,D5,yes,Context-dependent × Metabolic,Context-dependent,yes,SCFA metabolite,exact,direct hit on SCFA/butyrate signaling
Moses_2026,MOS_018,4,figure 1,mucous- and junction-degrading taxa worsen barrier,mucin / junction degradation,epithelial barrier,acute,mucous- and junction-degrading taxa,functional group,exacerbating,unspecified,,"tissue injury is amplified by ongoing microbial translocation and loss of epithelial barrier integrity, with mucous- and junction-degrading taxa further promoting inflammation",Mucin/barrier degradation,A5,yes,Epithelial barrier integrity,B2,yes,3a. Epithelial barrier,Class 3: Barrier and structural,yes,Phase 3 — Tissue injury / barrier (non-metabolite),D3,yes,Exacerbating × Community,Exacerbating,yes,Barrier / mucus,close,covers both mucin degradation and barrier function
Moses_2026,MOS_019,4,figure 1,SCFA producers support barrier and Treg,SCFA production,epithelial integrity / Treg expansion,acute,SCFA producers,functional group,protective,unspecified,,SCFA producers that support epithelial integrity and promote Treg expansion along with secondary bile acids,SCFA/butyrate production,A1,yes,Metabolite signaling to immune cells,B7,yes,1a. SCFA / butyrate signaling,Class 1: Metabolite-mediated,yes,SCFA / HDAC axis,D4,yes,Protective × Metabolic,Protective,yes,SCFA metabolite,exact,direct hit on SCFA/butyrate signaling
Moses_2026,MOS_020,4,figure 1,tryptophan-metabolizing bacteria induce IL-22,tryptophan metabolism / AhR ligand,IL-22 induction via AhR,acute,tryptophan-metabolizing bacteria,functional group,protective,unspecified,,tryptophan-metabolizing bacteria that induce IL-22 via AhR,Tryptophan/indole metabolism,A3,yes,Metabolite signaling to immune cells,B7,yes,1c. Tryptophan / indole signaling,Class 1: Metabolite-mediated,yes,Indole / aromatic AA metabolites,D6,yes,Protective × Metabolic,Protective,yes,Indole/tryptophan metabolite,exact,direct hit on tryptophan/indole/AhR axis
Moses_2026,MOS_021,4,figure 1,mucin-degrading organisms weaken barrier,mucin degradation,epithelial barrier,acute,mucin-degrading organisms,functional group,exacerbating,unspecified,,mucin-degrading organisms that weaken the epithelial barrier,Mucin/barrier degradation,A5,yes,Epithelial barrier integrity,B2,yes,3a. Epithelial barrier,Class 3: Barrier and structural,yes,Dysbiosis risk / clinical impact,D10,yes,Exacerbating × Structural,Exacerbating,yes,Barrier / mucus,close,covers both mucin degradation and barrier function
Moses_2026,MOS_022,4,figure 1,MHC class II-inducing taxa enhance antigen presentation,,MHC class II / antigen presentation,acute,MHC class II–inducing taxa,functional group,exacerbating,unspecified,,MHC class II–inducing taxa that enhance antigen presentation,Microbial antigen presentation / T-cell priming,A6,yes,MHC II antigen presentation,B4,yes,2b. T-cell adaptive,Class 2: Immune cell targeting,yes,GvHD-specific mechanisms (MHC II / microbiota-specific T cells),D12,yes,Exacerbating × Immune,Exacerbating,yes,MHC II inducer,exact,direct hit on MHC class II induction
Moses_2026,MOS_023,4,body,pathobiont domination worsens GvHD,,,conditioning,Escherichia coli,species,exacerbating,unspecified,,"domination of certain pathobionts, such as Escherichia coli may aggravate GvHD",Dysbiosis / diversity loss,A9,yes,Innate immune / barrier initiation (conditioning),B1,yes,4b. Pathobiont expansion / mono-dominance,Class 4: Community-level / dysbiosis,yes,Phase 1 — Innate / MAMP / conditioning,D1,yes,Exacerbating × Community,Exacerbating,yes,General/unspecified,no match,no clear alignment to existing categories
Moses_2026,MOS_024,5,body,microbiota-specific donor T cells targeting flagellin exacerbate GvHD,flagellin / microbial peptides,donor MHC II presentation / CD4 T-cell priming,acute,bacterial flagellin,functional group,exacerbating,murine,Yeh 2024 (10.1016/j.immuni.2024.05.018),"the expansion of microbiota-specific T cells from the donor graft, which target MHC II peptides derived from bacterial flagellin or Clostridium savagella in the recipient GI tract, exacerbated GvHD in murine models harboring respective commensal organisms",Microbial antigen presentation / T-cell priming,A6,yes,Donor T-cell priming by microbiota-specific antigens,B5,yes,2b. T-cell adaptive,Class 2: Immune cell targeting,yes,GvHD-specific mechanisms (MHC II / microbiota-specific T cells),D12,yes,Exacerbating × Immune,Exacerbating,yes,Microbial-antigen presentation,exact,direct hit on microbiota-antigen T cell priming
Moses_2026,MOS_025,5,body,microbiota-specific donor T cells targeting Clostridium savagella exacerbate GvHD,microbial peptide / MHC II presentation,donor T-cell priming,acute,Clostridium savagella,species,exacerbating,murine,Yeh 2024 (10.1016/j.immuni.2024.05.018),"the expansion of microbiota-specific T cells from the donor graft, which target MHC II peptides derived from bacterial flagellin or Clostridium savagella in the recipient GI tract, exacerbated GvHD in murine models harboring respective commensal organisms",Microbial antigen presentation / T-cell priming,A6,yes,Donor T-cell priming by microbiota-specific antigens,B5,yes,2b. T-cell adaptive,Class 2: Immune cell targeting,yes,GvHD-specific mechanisms (MHC II / microbiota-specific T cells),D12,yes,Exacerbating × Immune,Exacerbating,yes,Microbial-antigen presentation,exact,direct hit on microbiota-antigen T cell priming
Moses_2026,MOS_026,5,body,circulating microbiota-reactive memory T cells,,CD4 T-cell reactivity,,Escherichia,genus,unspecified,human observational,Hegazy 2017 (10.1053/j.gastro.2017.07.047),"Microbiota-specific memory T cells in circulation that react to heat-inactivated Escherichia, Lactobacillus, Bifidobaterium, Faecalibacterium, Bacteroides, Roseburia, Ruminococcus, Salmonela, and Clostridium comprising up to 0.4% of CD4+ T cells per taxa have been reported in healthy inividuals",Microbial antigen presentation / T-cell priming,A6,yes,Donor T-cell priming by microbiota-specific antigens,B5,yes,2b. T-cell adaptive,Class 2: Immune cell targeting,yes,GvHD-specific mechanisms (MHC II / microbiota-specific T cells),D12,yes,Context-dependent × Immune,Context-dependent,yes,Microbial-antigen presentation,exact,direct hit on microbiota-antigen T cell priming
Moses_2026,MOS_027,5,body,circulating microbiota-reactive memory T cells,,CD4 T-cell reactivity,,Lactobacillus,genus,unspecified,human observational,Hegazy 2017 (10.1053/j.gastro.2017.07.047),"Microbiota-specific memory T cells in circulation that react to heat-inactivated Escherichia, Lactobacillus, Bifidobaterium, Faecalibacterium, Bacteroides, Roseburia, Ruminococcus, Salmonela, and Clostridium comprising up to 0.4% of CD4+ T cells per taxa have been reported in healthy inividuals",Microbial antigen presentation / T-cell priming,A6,yes,Donor T-cell priming by microbiota-specific antigens,B5,yes,2b. T-cell adaptive,Class 2: Immune cell targeting,yes,GvHD-specific mechanisms (MHC II / microbiota-specific T cells),D12,yes,Context-dependent × Immune,Context-dependent,yes,Microbial-antigen presentation,exact,direct hit on microbiota-antigen T cell priming
Moses_2026,MOS_028,5,body,circulating microbiota-reactive memory T cells,,CD4 T-cell reactivity,,Bifidobacterium,genus,unspecified,human observational,Hegazy 2017 (10.1053/j.gastro.2017.07.047),"Microbiota-specific memory T cells in circulation that react to heat-inactivated Escherichia, Lactobacillus, Bifidobaterium, Faecalibacterium, Bacteroides, Roseburia, Ruminococcus, Salmonela, and Clostridium comprising up to 0.4% of CD4+ T cells per taxa have been reported in healthy inividuals",Microbial antigen presentation / T-cell priming,A6,yes,Donor T-cell priming by microbiota-specific antigens,B5,yes,2b. T-cell adaptive,Class 2: Immune cell targeting,yes,GvHD-specific mechanisms (MHC II / microbiota-specific T cells),D12,yes,Context-dependent × Immune,Context-dependent,yes,Microbial-antigen presentation,exact,direct hit on microbiota-antigen T cell priming
Moses_2026,MOS_029,5,body,circulating microbiota-reactive memory T cells,,CD4 T-cell reactivity,,Faecalibacterium,genus,unspecified,human observational,Hegazy 2017 (10.1053/j.gastro.2017.07.047),"Microbiota-specific memory T cells in circulation that react to heat-inactivated Escherichia, Lactobacillus, Bifidobaterium, Faecalibacterium, Bacteroides, Roseburia, Ruminococcus, Salmonela, and Clostridium comprising up to 0.4% of CD4+ T cells per taxa have been reported in healthy inividuals",Microbial antigen presentation / T-cell priming,A6,yes,Donor T-cell priming by microbiota-specific antigens,B5,yes,2b. T-cell adaptive,Class 2: Immune cell targeting,yes,GvHD-specific mechanisms (MHC II / microbiota-specific T cells),D12,yes,Context-dependent × Immune,Context-dependent,yes,Microbial-antigen presentation,exact,direct hit on microbiota-antigen T cell priming
Moses_2026,MOS_030,5,body,circulating microbiota-reactive memory T cells,,CD4 T-cell reactivity,,Bacteroides,genus,unspecified,human observational,Hegazy 2017 (10.1053/j.gastro.2017.07.047),"Microbiota-specific memory T cells in circulation that react to heat-inactivated Escherichia, Lactobacillus, Bifidobaterium, Faecalibacterium, Bacteroides, Roseburia, Ruminococcus, Salmonela, and Clostridium comprising up to 0.4% of CD4+ T cells per taxa have been reported in healthy inividuals",Microbial antigen presentation / T-cell priming,A6,yes,Donor T-cell priming by microbiota-specific antigens,B5,yes,2b. T-cell adaptive,Class 2: Immune cell targeting,yes,GvHD-specific mechanisms (MHC II / microbiota-specific T cells),D12,yes,Context-dependent × Immune,Context-dependent,yes,Microbial-antigen presentation,exact,direct hit on microbiota-antigen T cell priming
Moses_2026,MOS_031,5,body,circulating microbiota-reactive memory T cells,,CD4 T-cell reactivity,,Roseburia,genus,unspecified,human observational,Hegazy 2017 (10.1053/j.gastro.2017.07.047),"Microbiota-specific memory T cells in circulation that react to heat-inactivated Escherichia, Lactobacillus, Bifidobaterium, Faecalibacterium, Bacteroides, Roseburia, Ruminococcus, Salmonela, and Clostridium comprising up to 0.4% of CD4+ T cells per taxa have been reported in healthy inividuals",Microbial antigen presentation / T-cell priming,A6,yes,Donor T-cell priming by microbiota-specific antigens,B5,yes,2b. T-cell adaptive,Class 2: Immune cell targeting,yes,GvHD-specific mechanisms (MHC II / microbiota-specific T cells),D12,yes,Context-dependent × Immune,Context-dependent,yes,Microbial-antigen presentation,exact,direct hit on microbiota-antigen T cell priming
Moses_2026,MOS_032,5,body,circulating microbiota-reactive memory T cells,,CD4 T-cell reactivity,,Ruminococcus,genus,unspecified,human observational,Hegazy 2017 (10.1053/j.gastro.2017.07.047),"Microbiota-specific memory T cells in circulation that react to heat-inactivated Escherichia, Lactobacillus, Bifidobaterium, Faecalibacterium, Bacteroides, Roseburia, Ruminococcus, Salmonela, and Clostridium comprising up to 0.4% of CD4+ T cells per taxa have been reported in healthy inividuals",Microbial antigen presentation / T-cell priming,A6,yes,Donor T-cell priming by microbiota-specific antigens,B5,yes,2b. T-cell adaptive,Class 2: Immune cell targeting,yes,GvHD-specific mechanisms (MHC II / microbiota-specific T cells),D12,yes,Context-dependent × Immune,Context-dependent,yes,Microbial-antigen presentation,exact,direct hit on microbiota-antigen T cell priming
Moses_2026,MOS_033,5,body,circulating microbiota-reactive memory T cells,,CD4 T-cell reactivity,,Salmonella,genus,unspecified,human observational,Hegazy 2017 (10.1053/j.gastro.2017.07.047),"Microbiota-specific memory T cells in circulation that react to heat-inactivated Escherichia, Lactobacillus, Bifidobaterium, Faecalibacterium, Bacteroides, Roseburia, Ruminococcus, Salmonela, and Clostridium comprising up to 0.4% of CD4+ T cells per taxa have been reported in healthy inividuals",Microbial antigen presentation / T-cell priming,A6,yes,Donor T-cell priming by microbiota-specific antigens,B5,yes,2b. T-cell adaptive,Class 2: Immune cell targeting,yes,GvHD-specific mechanisms (MHC II / microbiota-specific T cells),D12,yes,Context-dependent × Immune,Context-dependent,yes,Microbial-antigen presentation,exact,direct hit on microbiota-antigen T cell priming
Moses_2026,MOS_034,5,body,circulating microbiota-reactive memory T cells,,CD4 T-cell reactivity,,Clostridium,genus,unspecified,human observational,Hegazy 2017 (10.1053/j.gastro.2017.07.047),"Microbiota-specific memory T cells in circulation that react to heat-inactivated Escherichia, Lactobacillus, Bifidobaterium, Faecalibacterium, Bacteroides, Roseburia, Ruminococcus, Salmonela, and Clostridium comprising up to 0.4% of CD4+ T cells per taxa have been reported in healthy inividuals",Microbial antigen presentation / T-cell priming,A6,yes,Donor T-cell priming by microbiota-specific antigens,B5,yes,2b. T-cell adaptive,Class 2: Immune cell targeting,yes,GvHD-specific mechanisms (MHC II / microbiota-specific T cells),D12,yes,Context-dependent × Immune,Context-dependent,yes,Microbial-antigen presentation,exact,direct hit on microbiota-antigen T cell priming
Moses_2026,MOS_035,5,body,F. prausnitzii SCFA-induced Treg differentiation,SCFA production,Treg differentiation,acute,Faecalibacterium prausnitzii,species,protective,unspecified,Zhou 2018 (10.1093/ibd/izy182),anaerobic bacteria such as Faecalibacterium prausnitzii that produce short-chain fatty acids (SCFA) experimentally induce Treg differentiation,SCFA/butyrate production,A1,yes,Metabolite signaling to immune cells,B7,yes,1a. SCFA / butyrate signaling,Class 1: Metabolite-mediated,yes,SCFA / HDAC axis,D4,yes,Protective × Metabolic,Protective,yes,SCFA metabolite,exact,direct hit on SCFA/butyrate signaling
Moses_2026,MOS_036,5,body,F. prausnitzii-specific IL-10+ CD4 T cells,,CD4 IL-10 production,acute,Faecalibacterium prausnitzii,species,protective,human observational,Hegazy 2017 (10.1053/j.gastro.2017.07.047),IL-10 producing CD4+ T cells have been identified reactive to F. prausnitzii in human peripheral blood,Community-level / unattributed,A10,partial,Community-level outcome associations,B9,yes,2b. T-cell adaptive,Class 2: Immune cell targeting,yes,Phase 2 — Adaptive / T-cell (immune interplay),D2,yes,Protective × Community,Protective,yes,General/unspecified,no match,no clear alignment to existing categories
Moses_2026,MOS_037,5,body,SCFA-producing anaerobe reconstitution reduces GvHD,SCFA production,,acute,SCFA-producing commensal anaerobes,functional group,protective,human observational,,reconstitution of commensal anaerobes known to produce SCFA appears to reduce GvHD risk,SCFA/butyrate production,A1,yes,Metabolite signaling to immune cells,B7,yes,1a. SCFA / butyrate signaling,Class 1: Metabolite-mediated,yes,SCFA / HDAC axis,D4,yes,Protective × Metabolic,Protective,yes,SCFA metabolite,exact,direct hit on SCFA/butyrate signaling
Moses_2026,MOS_038,5,body,inflammatory skew of naive microbial-reactive T cells,microbial peptide antigens,naive T-cell Th1/Th17 skew,acute,none,community,exacerbating,hypothesis,,naïve T cells that recognize cognate microbial antigens are most likely to be skewed toward Th1 or Th17 phenotypes that contribute to GvHD pathology,Community-level / unattributed,A10,partial,Donor T-cell priming by microbiota-specific antigens,B5,yes,4a. Diversity / dysbiosis,Class 4: Community-level / dysbiosis,yes,Phase 2 — Adaptive / T-cell (immune interplay),D2,yes,Exacerbating × Community,Exacerbating,yes,General/unspecified,no match,no clear alignment to existing categories
Moses_2026,MOS_039,5,body,flagellin-targeting Th1 against Clostridium XIVa,flagellin production,CD4 T-cell Th1 polarization,,Clostridium XIVa,functional group,exacerbating,murine,Hand 2012 (10.1126/science.1220961),Acute gastrointestinal infection with orally administered Toxoplasma gondii elicited the activation and Th1 differentiation of flagellin-targeting intestinal T cells directed at commensal Clostridium XIVa bacteria that persist as long-term memory T cells,Microbial antigen presentation / T-cell priming,A6,yes,Donor T-cell priming by microbiota-specific antigens,B5,yes,2b. T-cell adaptive,Class 2: Immune cell targeting,yes,GvHD-specific mechanisms (MHC II / microbiota-specific T cells),D12,yes,Exacerbating × Immune,Exacerbating,yes,Microbial-antigen presentation,exact,direct hit on microbiota-antigen T cell priming
Moses_2026,MOS_040,5,body,colonic Treg induction by Clostridiales,,colonic Treg induction,,Clostridiales,order,protective,murine,Lathrop 2011 (10.1038/nature10434),Peripheral induction of colonic Tregs with TCR repertoires distinct from those of Tregs of other tissue types was demonstrated for Clostridiales and Paraacteroides,Community-level / unattributed,A10,partial,Donor T-cell priming by microbiota-specific antigens,B5,yes,2b. T-cell adaptive,Class 2: Immune cell targeting,yes,Phase 2 — Adaptive / T-cell (immune interplay),D2,yes,Protective × Immune,Protective,yes,Treg inducer,close,Treg induction pathway
Moses_2026,MOS_041,5,body,colonic Treg induction by Parabacteroides,,colonic Treg induction,,Parabacteroides,genus,protective,murine,Lathrop 2011 (10.1038/nature10434),Peripheral induction of colonic Tregs with TCR repertoires distinct from those of Tregs of other tissue types was demonstrated for Clostridiales and Paraacteroides,Community-level / unattributed,A10,partial,Donor T-cell priming by microbiota-specific antigens,B5,yes,2b. T-cell adaptive,Class 2: Immune cell targeting,yes,Phase 2 — Adaptive / T-cell (immune interplay),D2,yes,Protective × Immune,Protective,yes,Treg inducer,close,Treg induction pathway
Moses_2026,MOS_042,6,body,Helicobacter hepaticus-specific T-cell polarization is IL-10 context-dependent,,colonic Treg vs Th17 polarization,,Helicobacter hepaticus,species,context-dependent,murine,Xu 2018 (10.1038/nature25500),the transfer of Helicobacter hepaticus-specific T cells induced RORγT+ Foxp3+ Tregs in the colon of H. hepaticus colonized wild-type mice but transfer of the same cells into IL-10−/− mice or mice exposed to an IL-10 blockade antibody resulted in the generation of microbiota-specific Th17 cells that drive severe colitis,Community-level / unattributed,A10,partial,Donor T-cell priming by microbiota-specific antigens,B5,yes,2b. T-cell adaptive,Class 2: Immune cell targeting,yes,Phase 2 — Adaptive / T-cell (immune interplay),D2,yes,Context-dependent × Community,Context-dependent,yes,General/unspecified,no match,no clear alignment to existing categories
Moses_2026,MOS_043,6,body,alloreactive T-cell crosstalk amplifies flagellin-targeting T cells,flagellin production,flagellin-targeting CD4 T-cell IFNγ production,acute,bacterial flagellin,functional group,exacerbating,murine,Yeh 2024 (10.1016/j.immuni.2024.05.018),"In a CD4+ T-cell driven model of allogeneic transplantation, the cotransfer of H-Y-targeting (alloreactive) donor T cells into male hosts augmented IFNγ expression of transferred flagellin-targeting CD4+ T cells",Microbial antigen presentation / T-cell priming,A6,yes,T-cell polarization and Treg/Th17 balance,B3,yes,2b. T-cell adaptive,Class 2: Immune cell targeting,yes,GvHD-specific mechanisms (MHC II / microbiota-specific T cells),D12,yes,Exacerbating × Immune,Exacerbating,yes,Microbial-antigen presentation,exact,direct hit on microbiota-antigen T cell priming
Moses_2026,MOS_044,6,body,Bacteroides SusC epitope shifts Th response contextually,SusC membrane protein,CD4 T-cell IL-10 vs Th17 shift,,Bacteroides,genus,context-dependent,human observational,Zhou 2018 (10.1093/ibd/izy182),"SusC, a membrane protein epitope derived from the Bacteroides genus, elicits an IL-10 tolerant response from CD4+ T cells in healthy individuals. However, during Crohn's disease, T-cell responses toward SusC shift to a proinflammatory Th17 phenotype",Microbial antigen presentation / T-cell priming,A6,yes,Donor T-cell priming by microbiota-specific antigens,B5,yes,2b. T-cell adaptive,Class 2: Immune cell targeting,yes,GvHD-specific mechanisms (MHC II / microbiota-specific T cells),D12,yes,Context-dependent × Community,Context-dependent,yes,Microbial-antigen presentation,exact,direct hit on microbiota-antigen T cell priming
Moses_2026,MOS_045,6,figure 2,donor microbiota primes donor memory T-cell polarization,microbiota peptides,donor memory T cell Th1/Th17/Treg polarization,acute,none,community,context-dependent,unspecified,,"Donor microbiota–derived peptides promote Th1 (red), Th17 (yellow), or Treg (green) polarization of donor memory T cells prior to transplantation",Microbial antigen presentation / T-cell priming,A6,yes,Donor T-cell priming by microbiota-specific antigens,B5,yes,2b. T-cell adaptive,Class 2: Immune cell targeting,yes,Donor ecosystem dynamics,D8,yes,Context-dependent × Community,Context-dependent,yes,Microbial-antigen presentation,exact,direct hit on microbiota-antigen T cell priming
Moses_2026,MOS_046,6,figure 2,recipient microbiota peptides prime naive T cells to Th1/Th17,microbiota peptide antigens,naive T-cell Th1/Th17 differentiation,acute,none,community,exacerbating,unspecified,,"Conditioning-induced mucosal injury enables access to recipient microbiota peptides presented by host antigen-presenting cells (APCs), driving the de novo differentiation of naïve T cells into pathogenic Th1 and Th17 cells due to the proinflammatory cytokine environment characterized by elevated levels of IL-12, IL-1beta, IL-6, and IFNγ",Microbial antigen presentation / T-cell priming,A6,yes,Donor T-cell priming by microbiota-specific antigens,B5,yes,2b. T-cell adaptive,Class 2: Immune cell targeting,yes,GvHD-specific mechanisms (MHC II / microbiota-specific T cells),D12,yes,Exacerbating × Immune,Exacerbating,yes,Microbial-antigen presentation,exact,direct hit on microbiota-antigen T cell priming
Moses_2026,MOS_047,7,body,LPS-driven macrophage TNF causes tissue injury,LPS,macrophage TNF / tissue injury,acute,none,community,exacerbating,unspecified,Hill 2000 (10.1182/blood.V95.9.2754.009k25_2754_2759),Microbial byproducts such as LPS that stimulate macrophage-dependent TNF release can directly result in tissue injury,LPS/MAMP/PRR signaling,A4,yes,Innate immune / barrier initiation (conditioning),B1,yes,2a. Innate immune,Class 2: Immune cell targeting,yes,Virome / mycobiome,D13,yes,Exacerbating × Immune,Exacerbating,yes,General/unspecified,no match,no clear alignment to existing categories
Moses_2026,MOS_048,7,body,Enterococcus metalloprotease degrades tight junctions,metalloprotease secretion,tight junction proteins / intestinal permeability,acute,Enterococcus,genus,exacerbating,unspecified,Stein-Thoeringer 2019 (10.1126/science.aax3760); Steck 2011 (10.1053/j.gastro.2011.05.035),"Metalloprotease secretion found in taxa such as Enterococcus, which can degrade tight junction proteins and increase intestinal permeability, can also increase susceptibility to tissue injury",Mucin/barrier degradation,A5,yes,Epithelial barrier integrity,B2,yes,3a. Epithelial barrier,Class 3: Barrier and structural,yes,Phase 3 — Tissue injury / barrier (non-metabolite),D3,yes,Exacerbating × Structural,Exacerbating,yes,Metalloprotease/virulence,exact,direct hit on metalloprotease/virulence
Moses_2026,MOS_049,7,body,microbe-derived bile acids inhibit donor T cells via FXR,bile acid modification,farnesoid X receptor / donor T-cell proliferation and cytokine production,acute,none,community,protective,murine,Lindner 2024 (10.1038/s41564-024-01617-w),"Microbe-derived bile acids that mitigate farnesoid X receptor activation was shown to inhibit proliferation and cytokine production of donor T cells in pre-clinical transplant models, and GVHD patients harbored a reduction in microbe-derived bile acids upon disease onset",Bile acid metabolism,A2,yes,Metabolite signaling to immune cells,B7,yes,1b. Bile acid signaling,Class 1: Metabolite-mediated,yes,Bile acid metabolites,D5,yes,Protective × Metabolic,Protective,yes,SBA metabolite,exact,direct hit on secondary bile acid signaling
Moses_2026,MOS_050,7,body,Clostridia butyrate preserves epithelial integrity,butyrate production,enterocyte energy / epithelial cell integrity,acute,Clostridia,class,protective,unspecified,Jenq 2015 (10.1016/j.bbmt.2015.04.016); Gorshein 2017 (10.1111/ctr.12947),"Production of butyrate, a microbial SCFA metabolite that is particularly abundant in Clostridia has perhaps received the most attention for promising its ability to preserve epithelial cell integrity as an energy source for enterocytes",SCFA/butyrate production,A1,yes,Epithelial barrier integrity,B2,yes,1a. SCFA / butyrate signaling,Class 1: Metabolite-mediated,yes,SCFA / HDAC axis,D4,yes,Protective × Metabolic,Protective,yes,SCFA metabolite,exact,direct hit on SCFA/butyrate signaling
Moses_2026,MOS_051,7,body,butyrate induces intestinal Tregs,butyrate production,intestinal Treg induction,acute,none,community,protective,unspecified,Arpaia 2013 (10.1038/nature12726),Production of butyrate... induce intestinal Tregs,SCFA/butyrate production,A1,yes,Metabolite signaling to immune cells,B7,yes,1a. SCFA / butyrate signaling,Class 1: Metabolite-mediated,yes,SCFA / HDAC axis,D4,yes,Protective × Metabolic,Protective,yes,SCFA metabolite,exact,direct hit on SCFA/butyrate signaling
Moses_2026,MOS_052,7,body,butyrate suppresses intestinal stem cell proliferation,butyrate production,intestinal stem cell proliferation,acute,none,community,context-dependent,unspecified,Kaiko 2016,butyrate can also suppress intestinal stem cells proliferation and its potentially beneficial effect blunted if exposed to the intestinal crypts,SCFA/butyrate production,A1,yes,Epithelial barrier integrity,B2,yes,1a. SCFA / butyrate signaling,Class 1: Metabolite-mediated,yes,SCFA / HDAC axis,D4,yes,Context-dependent × Metabolic,Context-dependent,yes,SCFA metabolite,exact,direct hit on SCFA/butyrate signaling
Moses_2026,MOS_053,7,body,tryptophan catabolism/AhR/IL-22 pathway,tryptophan catabolism to indole derivatives,AhR / IL-22 / epithelial regeneration,acute,none,community,protective,unspecified,Shen 2023 (10.1038/s41536-023-00339-7),"Microbial catabolism of dietary tryptophan generates indole derivatives that activate the aryl hydrocarbon receptor (AhR), a transcription factor that promotes IL-22 production by innate lymphoid and T cells to enhances epithelial regeneration and barrier repair",Tryptophan/indole metabolism,A3,yes,Epithelial barrier integrity,B2,yes,1c. Tryptophan / indole signaling,Class 1: Metabolite-mediated,yes,Indole / aromatic AA metabolites,D6,yes,Protective × Metabolic,Protective,yes,Indole/tryptophan metabolite,exact,direct hit on tryptophan/indole/AhR axis
Moses_2026,MOS_054,7,body,IDO absence worsens GvHD,,indoleamine 2,3-dioxygenase / donor T-cell response,acute,none,community,protective,murine,"Preclinical models suggested that absence of the enzyme indoleamine 2,3-dioxygenase worsened GvHD and augmented the donor T-cell response",Tryptophan/indole metabolism,A3,yes,Metabolite signaling to immune cells,B7,yes,1c. Tryptophan / indole signaling,Class 1: Metabolite-mediated,yes,Indole / aromatic AA metabolites,D6,yes,Context-dependent × Metabolic,Context-dependent,yes,Indole/tryptophan metabolite,exact,direct hit on tryptophan/indole/AhR axis
Moses_2026,MOS_055,7,body,indole metabolites associated with worse GvHD,indole metabolite production,,acute,none,community,exacerbating,human observational,Weber 2015 (10.1182/blood-2015-04-638858),production of urinary indole metabolites have also been associated with worse GvHD outcomes in a study of 54 patients and was correlated with steroid-refractory disease,Tryptophan/indole metabolism,A3,yes,Metabolite signaling to immune cells,B7,yes,1c. Tryptophan / indole signaling,Class 1: Metabolite-mediated,yes,Indole / aromatic AA metabolites,D6,yes,Exacerbating × Metabolic,Exacerbating,yes,Indole/tryptophan metabolite,exact,direct hit on tryptophan/indole/AhR axis
Moses_2026,MOS_056,7,body,B. thetaiotaomicron mucin degradation thins colonic mucus,mucin glycan degradation,colonic mucosal layer / intestinal injury,acute,Bacteroides thetaiotaomicron,species,exacerbating,murine,Hayase 2022 (10.1016/j.cell.2022.09.007),"Bacteroides thetaiotaomicron, which expands in the gastrointestinal tract following treatment with carbapenem antibiotics, upregulates the ability to degrade mucin glycans and thins the colonic mucosal layer, increasing susceptibility to intestinal injury",Mucin/barrier degradation,A5,yes,Epithelial barrier integrity,B2,yes,3a. Epithelial barrier,Class 3: Barrier and structural,yes,Phase 3 — Tissue injury / barrier (non-metabolite),D3,yes,Exacerbating × Structural,Exacerbating,yes,Barrier / mucus,close,covers both mucin degradation and barrier function
Moses_2026,MOS_057,7,body,Akkermansia muciniphila expansion and mucus degradation,mucus degradation,mucus layer,acute,Akkermansia muciniphila,species,exacerbating,murine,Shono 2016,"Akkermansia muciniphilia, another commensal organism that also possesses mucus-degrading capabilities, expanded following antibiotic treatment in murine models and was correlated with clinical GvHD",Mucin/barrier degradation,A5,yes,Epithelial barrier integrity,B2,yes,3a. Epithelial barrier,Class 3: Barrier and structural,yes,Phase 3 — Tissue injury / barrier (non-metabolite),D3,yes,Exacerbating × Structural,Exacerbating,yes,Barrier / mucus,close,covers both mucin degradation and barrier function
Moses_2026,MOS_058,7,body,B. ovatus polysaccharide metabolism suppresses mucus-degraders,dietary polysaccharide metabolism,mucus layer / GvHD mortality,acute,Bacteroides ovatus,species,protective,murine,Hayase 2024 (10.1016/j.chom.2024.08.004),"the beneficial effects of Bacteroides ovatus were linked to its ability to metabolize dietary polysaccharides, which suppress the mucus-degrading capabilities of other bacteria, including B. thetaiotaomicron and A. muciniphilia and reduce GvHD-related mortality",Polysaccharide/glycan metabolism,A8,yes,Epithelial barrier integrity,B2,yes,3a. Epithelial barrier,Class 3: Barrier and structural,yes,Phase 3 — Tissue injury / barrier (non-metabolite),D3,yes,Protective × Community,Protective,yes,Polysaccharide metabolism,exact,direct hit on polysaccharide/glycan metabolism
Moses_2026,MOS_059,7,body,taxa-dependent modulation of intestinal MHC class II,,intestinal epithelial MHC class II expression,acute,none,community,context-dependent,murine,Koyama 2023 (10.1016/j.immuni.2023.06.024),"bacteria taxa increases sensitivity to GvHD by inducing MHC class II expression in the intestinal epithelium, while other taxa can suppress MHC class II expression",Microbial antigen presentation / T-cell priming,A6,yes,MHC II antigen presentation,B4,yes,2b. T-cell adaptive,Class 2: Immune cell targeting,yes,GvHD-specific mechanisms (MHC II / microbiota-specific T cells),D12,yes,Context-dependent × Immune,Context-dependent,yes,MHC II inducer,exact,direct hit on MHC class II induction
Moses_2026,MOS_060,7,body,C. savagella induces epithelial MHC class II,,intestinal epithelial MHC class II,acute,Clostridium savagella,species,exacerbating,murine,Koyama 2023 (10.1016/j.immuni.2023.06.024),MHC class II inducers include well-studied species such as C. savagella in murine models that would align with previously observed phenotypes,Microbial antigen presentation / T-cell priming,A6,yes,MHC II antigen presentation,B4,yes,2b. T-cell adaptive,Class 2: Immune cell targeting,yes,GvHD-specific mechanisms (MHC II / microbiota-specific T cells),D12,yes,Exacerbating × Immune,Exacerbating,yes,MHC II inducer,exact,direct hit on MHC class II induction
Moses_2026,MOS_061,7,body,B. thetaiotaomicron suppresses epithelial MHC class II,,intestinal epithelial MHC class II,acute,Bacteroides thetaiotaomicron,species,protective,murine,Koyama 2023 (10.1016/j.immuni.2023.06.024),"B. thetaiotaomicron in this context was shown to suppress epithelial MHC class II expression and therefore diminish the risk of tissue injury, contrary to its role as a mucin-degrader",Microbial antigen presentation / T-cell priming,A6,yes,MHC II antigen presentation,B4,yes,2b. T-cell adaptive,Class 2: Immune cell targeting,yes,GvHD-specific mechanisms (MHC II / microbiota-specific T cells),D12,yes,Protective × Immune,Protective,yes,MHC II suppressor,exact,direct hit on MHC class II suppression
Moses_2026,MOS_062,8,body,broad anaerobic antibiotic use increases GvHD,,anaerobic commensals,conditioning,none,community,exacerbating,human observational,Shono 2016 (10.1126/scitranslmed.aaf2311); Weber 2017 (10.1016/j.bbmt.2017.02.006); Routy 2017 (10.1080/2162402X.2016.1258506); Tanaka 2020 (10.1016/j.bbmt.2020.07.011),"antibiotic usage, particularly those with broad anaerobic activity, such as piperacillin/tazobactam and carbapenems, was also observed to paradoxically increase GvHD risk",Community-level / unattributed,A10,partial,Innate immune / barrier initiation (conditioning),B1,yes,5a. Antibiotic effects,Class 5: Therapeutic / intervention,yes,Phase 1 — Innate / MAMP / conditioning,D1,yes,Exacerbating × Community,Exacerbating,yes,General/unspecified,no match,no clear alignment to existing categories
Moses_2026,MOS_063,8,body,commensal anaerobes reduce GvHD mortality,,,,commensal anaerobes,functional group,protective,human observational,Jenq 2015 (10.1016/j.bbmt.2015.04.016),"commensal anaerobes, which were previously difficult to isolate, were associated with reduced GvHD mortality",Community-level / unattributed,A10,partial,Community-level outcome associations,B9,yes,4a. Diversity / dysbiosis,Class 4: Community-level / dysbiosis,yes,Dysbiosis risk / clinical impact,D10,yes,Protective × Community,Protective,yes,General/unspecified,no match,no clear alignment to existing categories
Moses_2026,MOS_064,8,body,pathobiont expansion with low diversity,,,,Enterococcus,genus,exacerbating,human observational,Peled 2020 (10.1056/NEJMoa1900623),"lower diversity, unfavorable GvHD outcomes, and expansion of pathobionts such as Enterococcus and Escherichia",Dysbiosis / diversity loss,A9,yes,Community-level outcome associations,B9,yes,4b. Pathobiont expansion / mono-dominance,Class 4: Community-level / dysbiosis,yes,Dysbiosis risk / clinical impact,D10,yes,Exacerbating × Community,Exacerbating,yes,Dysbiosis/mono-dominance,exact,mono-dominance or pathobiont expansion
Moses_2026,MOS_065,8,body,pathobiont expansion with low diversity,,,,Escherichia,genus,exacerbating,human observational,Peled 2020 (10.1056/NEJMoa1900623),"lower diversity, unfavorable GvHD outcomes, and expansion of pathobionts such as Enterococcus and Escherichia",Dysbiosis / diversity loss,A9,yes,Community-level outcome associations,B9,yes,4b. Pathobiont expansion / mono-dominance,Class 4: Community-level / dysbiosis,yes,Dysbiosis risk / clinical impact,D10,yes,Exacerbating × Community,Exacerbating,yes,Dysbiosis/mono-dominance,exact,mono-dominance or pathobiont expansion
Moses_2026,MOS_066,8,body,rifaximin preserves commensals vs ciprofloxacin,,enterococcal colonization / urinary 3-indoxyl sulfate / mortality,,none,community,protective,human observational,Weber 2016 (10.1038/bmt.2016.66),"rifaximin, when used for gut decontamination starting 8 days before transplant and continuing until 14 days after engraftment, correlated with lower enterococcal positivity, higher urinary 3-indoxyl sulfate associated with commensal bacteria, and lower 1-year transplant related mortality compared to ciprofloxacin/metronidazole",Community-level / unattributed,A10,partial,Community-level outcome associations,B9,yes,5a. Antibiotic effects,Class 5: Therapeutic / intervention,yes,Therapeutic strategies,D14,yes,Protective × Community,Protective,yes,General/unspecified,no match,no clear alignment to existing categories
Moses_2026,MOS_067,10,body,prebiotic mixture reduces grade II-IV GvHD,,oral mucositis / grade II-IV GvHD,,none,community,protective,clinical trial,Yoshifuji 2020 (10.1182/bloodadvances.2020002604),"oral intake of resistant starch (Amylofiber SH) and a prebiotic mixture containing glutamine, polydextrose and lactosucrose from conditioning until 28 days posttransplant decreased the duration of oral mucositis and reduced grade II-IV GvHD incidence",Community-level / unattributed,A10,partial,Community-level outcome associations,B9,yes,5b. Dietary / prebiotic interventions,Class 5: Therapeutic / intervention,yes,Therapeutic strategies,D14,yes,Protective × Community,Protective,yes,General/unspecified,no match,no clear alignment to existing categories
Moses_2026,MOS_068,10,body,prebiotics preserve diversity and butyrate,butyrate production,microbial diversity / luminal butyrate,,none,community,protective,clinical trial,Yoshifuji 2020 (10.1182/bloodadvances.2020002604),patients taking prebiotics were more likely to have maintained or increased microbial diversity and luminal butyrate concentrations by day 28,SCFA/butyrate production,A1,yes,Metabolite signaling to immune cells,B7,yes,5b. Dietary / prebiotic interventions,Class 5: Therapeutic / intervention,yes,Therapeutic strategies,D14,yes,Protective × Metabolic,Protective,yes,SCFA metabolite,exact,direct hit on SCFA/butyrate signaling
Moses_2026,MOS_069,10,body,resistant potato starch increases fecal butyrate,butyrate production,fecal butyrate,,none,community,protective,clinical trial,Riwes 2023 (10.1038/s41591-023-02587-y),"10 patients undergoing allogeneic transplant received resistant potato starch (RPS) from day −7 to day 100, with significantly higher fecal butyrate levels in participants on RPS",SCFA/butyrate production,A1,yes,Metabolite signaling to immune cells,B7,yes,5b. Dietary / prebiotic interventions,Class 5: Therapeutic / intervention,yes,Therapeutic strategies,D14,yes,Protective × Metabolic,Protective,yes,SCFA metabolite,exact,direct hit on SCFA/butyrate signaling
Moses_2026,MOS_070,10,body,L. rhamnosus reduces bacterial translocation,,bacterial translocation,,Lactobacillus rhamnosus,species,protective,murine,Gerbitz 2004 (10.1182/blood-),murine studies have suggested that the introduction of Lactobacillus rhamnosus reduced bacterial translocation and improved GvHD outcomes,Community-level / unattributed,A10,partial,Epithelial barrier integrity,B2,yes,4a. Diversity / dysbiosis,Class 4: Community-level / dysbiosis,yes,Dysbiosis risk / clinical impact,D10,yes,Protective × Community,Protective,yes,General/unspecified,no match,no clear alignment to existing categories
Moses_2026,MOS_071,10,body,L. rhamnosus supplementation ineffective in adults,,,,Lactobacillus rhamnosus,species,unspecified,clinical trial,Gorshein 2017 (10.1111/ctr.12947),a randomized study of 31 adults comparing L. rhamnosus supplementation starting at the time of engraftment to no probiotic exposure did not show a difference in aGvHD incidence,Community-level / unattributed,A10,partial,Community-level outcome associations,B9,yes,5c. Probiotic / FMT / defined consortium,Class 5: Therapeutic / intervention,yes,Dysbiosis risk / clinical impact,D10,yes,Context-dependent × Community,Context-dependent,yes,General/unspecified,no match,no clear alignment to existing categories
Moses_2026,MOS_072,10,body,L. plantarum ineffective at preventing GI GvHD,,,,Lactiplantibacillus plantarum,species,unspecified,clinical trial,Ladas 2025,administration of Lactiplantibacillus plantarum from the start of conditioning to 56 days post-transplant period to be safe but ineffective at preventing GI GvHD,Community-level / unattributed,A10,partial,Community-level outcome associations,B9,yes,5c. Probiotic / FMT / defined consortium,Class 5: Therapeutic / intervention,yes,Dysbiosis risk / clinical impact,D10,yes,Context-dependent × Community,Context-dependent,yes,General/unspecified,no match,no clear alignment to existing categories
Moses_2026,MOS_073,10,body,SCFA strain selection mitigates GvHD,SCFA production,,,Clostridium bolteae,species,protective,murine,Ebigbo 2025 (10.3390/microorganisms13040706),"pilot study utilizing stool from patients without GvHD demonstrated strain-to-strain variability in the capacity of Clostridium bolteae, Blautia spp., and Bifidobacterium longum to produce SCFAs, and that optimization of SCFA production through strain selection could mitigate GvHD more effectively than a standard consortium of the same species in a mismatched murine transplant model",SCFA/butyrate production,A1,yes,Metabolite signaling to immune cells,B7,yes,1a. SCFA / butyrate signaling,Class 1: Metabolite-mediated,yes,SCFA / HDAC axis,D4,yes,Protective × Metabolic,Protective,yes,SCFA metabolite,exact,direct hit on SCFA/butyrate signaling
Moses_2026,MOS_074,10,body,SCFA strain selection mitigates GvHD,SCFA production,,,Blautia,genus,protective,murine,Ebigbo 2025 (10.3390/microorganisms13040706),"pilot study utilizing stool from patients without GvHD demonstrated strain-to-strain variability in the capacity of Clostridium bolteae, Blautia spp., and Bifidobacterium longum to produce SCFAs, and that optimization of SCFA production through strain selection could mitigate GvHD more effectively than a standard consortium of the same species in a mismatched murine transplant model",SCFA/butyrate production,A1,yes,Metabolite signaling to immune cells,B7,yes,1a. SCFA / butyrate signaling,Class 1: Metabolite-mediated,yes,SCFA / HDAC axis,D4,yes,Protective × Metabolic,Protective,yes,SCFA metabolite,exact,direct hit on SCFA/butyrate signaling
Moses_2026,MOS_075,10,body,SCFA strain selection mitigates GvHD,SCFA production,,,Bifidobacterium longum,species,protective,murine,Ebigbo 2025 (10.3390/microorganisms13040706),"pilot study utilizing stool from patients without GvHD demonstrated strain-to-strain variability in the capacity of Clostridium bolteae, Blautia spp., and Bifidobacterium longum to produce SCFAs, and that optimization of SCFA production through strain selection could mitigate GvHD more effectively than a standard consortium of the same species in a mismatched murine transplant model",SCFA/butyrate production,A1,yes,Metabolite signaling to immune cells,B7,yes,1a. SCFA / butyrate signaling,Class 1: Metabolite-mediated,yes,SCFA / HDAC axis,D4,yes,Protective × Metabolic,Protective,yes,SCFA metabolite,exact,direct hit on SCFA/butyrate signaling
Moses_2026,MOS_076,10,body,FMT treats steroid-refractory GI GvHD,,,acute,none,community,protective,human observational,Spindelboeck 2017 (10.3324/haematol.2016.154351),FMT from healthy adult donors transferred as homogenized stool solution through a colonoscope could lead to a reduction of GI symptoms and ultimately resolution of GvHD,Community-level / unattributed,A10,partial,Community-level outcome associations,B9,yes,5c. Probiotic / FMT / defined consortium,Class 5: Therapeutic / intervention,yes,Therapeutic strategies,D14,yes,Protective × Community,Protective,yes,General/unspecified,no match,no clear alignment to existing categories
Moses_2026,MOS_077,10,body,FMT restores Clostridiales/SCFA producers,,,acute,Clostridiales,order,protective,clinical trial,Youngster 2024 (10.1038/s41409-024-02198-2),"the restoration of taxa associated with favorable GvHD outcomes (Clostridiales, SCFA-producers) alongside a decrease in taxa associated with poor outcomes (Enterobacteriaceae)",SCFA/butyrate production,A1,yes,Metabolite signaling to immune cells,B7,yes,5c. Probiotic / FMT / defined consortium,Class 5: Therapeutic / intervention,yes,Therapeutic strategies,D14,yes,Protective × Metabolic,Protective,yes,SCFA metabolite,exact,direct hit on SCFA/butyrate signaling
Moses_2026,MOS_078,10,body,FMT reduces Enterobacteriaceae,,,acute,Enterobacteriaceae,family,exacerbating,clinical trial,Youngster 2024 (10.1038/s41409-024-02198-2),"the restoration of taxa associated with favorable GvHD outcomes (Clostridiales, SCFA-producers) alongside a decrease in taxa associated with poor outcomes (Enterobacteriaceae)",Community-level / unattributed,A10,partial,Community-level outcome associations,B9,yes,5c. Probiotic / FMT / defined consortium,Class 5: Therapeutic / intervention,yes,Therapeutic strategies,D14,yes,Exacerbating × Community,Exacerbating,yes,General/unspecified,no match,no clear alignment to existing categories
Moses_2026,MOS_079,10,body,FMT+ruxolitinib response linked to lower IL-2/IL-17A,,serum IL-2 / IL-17A / CD69+ T cells,acute,none,community,protective,clinical trial,Liu 2022,"The combined use of FMT with ruxolitinib to treat patients with steroid-refractory GI GvHD in a small cohort of 21 patients led to a high overall response rate of 71.4% by day 28, with an associated decline in the serum IL-2, IL-17A and fraction of CD69+ T cells",Community-level / unattributed,A10,partial,Community-level outcome associations,B9,yes,5c. Probiotic / FMT / defined consortium,Class 5: Therapeutic / intervention,yes,Therapeutic strategies,D14,yes,Protective × Community,Protective,yes,General/unspecified,no match,no clear alignment to existing categories
Moses_2026,MOS_080,10,body,FMT+steroids correlate with tryptophan/SCFA production,tryptophan metabolism; SCFA production,,acute,none,community,protective,clinical trial,DeFilipp 2024 (10.1182/bloodadvances.2024012556),"10 patients with high-risk, treatment-naive acute lower GI GvHD demonstrated the feasibility and efficacy of using FMT in combination with corticosteroids as initial treatment, with an organ-specific complete response rate of 70% at day 28 that correlated with the production of metabolites, including tryptophan and SCFAs",Tryptophan/indole metabolism,A3,yes,Metabolite signaling to immune cells,B7,yes,5c. Probiotic / FMT / defined consortium,Class 5: Therapeutic / intervention,yes,Therapeutic strategies,D14,yes,Protective × Metabolic,Protective,yes,SCFA metabolite,exact,direct hit on SCFA/butyrate signaling
Moses_2026,MOS_081,11,body,prophylactic FMT reduces infection but increases GvHD,,,acute,none,community,context-dependent,clinical trial,Rashidi 2023 (10.1200/JCO.22.02366),exposure to FMT resulted in a lower 4-month infection density (0.74 vs. 0.91 events per 100 patient days) but numerically increased GvHD risk,Community-level / unattributed,A10,partial,Community-level outcome associations,B9,yes,5c. Probiotic / FMT / defined consortium,Class 5: Therapeutic / intervention,yes,Therapeutic strategies,D14,yes,Context-dependent × Community,Context-dependent,yes,General/unspecified,no match,no clear alignment to existing categories
Moses_2026,MOS_082,11,body,FMT restores colonization resistance,,colonization resistance / bloodstream infection,,none,community,protective,unspecified,,"the restoration of colonization resistance by diversifying the anaerobic community and preventing domination by pathogenic taxa, which is a major predictor of bloodstream infection",Colonization resistance / competitive exclusion,A7,yes,Community-level outcome associations,B9,yes,5c. Probiotic / FMT / defined consortium,Class 5: Therapeutic / intervention,yes,Therapeutic strategies,D14,yes,Protective × Structural,Protective,yes,General/unspecified,no match,no clear alignment to existing categories
Moses_2026,MOS_083,11,body,FMT augments SCFA and epithelial barrier,SCFA production,luminal SCFA / epithelial barrier,,none,community,protective,unspecified,,the improvement of mucosal immunity through the augmentation of luminal SCFA production and the restoration of the epithelial barrier,SCFA/butyrate production,A1,yes,Epithelial barrier integrity,B2,yes,5c. Probiotic / FMT / defined consortium,Class 5: Therapeutic / intervention,yes,Therapeutic strategies,D14,yes,Protective × Metabolic,Protective,yes,SCFA metabolite,exact,direct hit on SCFA/butyrate signaling
Moses_2026,MOS_084,11,body,SER-155 Firmicutes consortium,,gut microbiota diversity / epithelial barrier / bloodstream infection / GvHD,,16 bacterial Firmicutes strains,functional group,protective,clinical trial,Walsh 2025 (10.1200/JCO.2025.43.16_); Peled 2023 (10.1182/blood-2023-188885); Ponce 2025 (10.1016/j.jtct.2025.01.139),"microbiome therapeutics SER-155 (comprising 16 bacterial Firmicutes strains) extend these concepts beyond conventional FMT by delivering a defined consortium of cultivated bacterial strains designed to restore gut microbiota diversity, strengthen epithelial barrier integrity, and reduce bacterial bloodstream infections and GvHD in allo-HSCT patients",Community-level / unattributed,A10,partial,Epithelial barrier integrity,B2,yes,5c. Probiotic / FMT / defined consortium,Class 5: Therapeutic / intervention,yes,Therapeutic strategies,D14,yes,Protective × Community,Protective,yes,General/unspecified,no match,no clear alignment to existing categories
Paredes_2026,PAR_001,2,figure 1,conditioning drugs induce dysbiosis,,gut microbial composition / bacterial metabolome,conditioning,none,community,exacerbating,unspecified,,Antibiotics are administered prophylactically to prevent and to treat infections. All of these drugs are potent inducers of microbial dysbiosis and shifts in the bacterial metabolome,Dysbiosis / diversity loss,A9,yes,Innate immune / barrier initiation (conditioning),B1,yes,4a. Diversity / dysbiosis,Class 4: Community-level / dysbiosis,yes,Phase 1 — Innate / MAMP / conditioning,D1,yes,Exacerbating × Community,Exacerbating,yes,Diversity/commensal depletion,exact,diversity loss / commensal depletion
Paredes_2026,PAR_002,3,box 1,Picobirnaviridae associated with GI aGVHD,,,acute,Picobirnaviridae,family,exacerbating,human observational,Legoff 2017,a positive association between levels of the eukaryotic Picobirnaviridae and acute gastrointestinal GVHD was found,Community-level / unattributed,A10,partial,Community-level outcome associations,B9,yes,4a. Diversity / dysbiosis,Class 4: Community-level / dysbiosis,yes,Virome / mycobiome,D13,yes,Exacerbating × Community,Exacerbating,yes,Virome,close,virome/mycobiome
Paredes_2026,PAR_003,3,box 1,Lachnospiraceae/Oscillospiraceae IMM signature,immunomodulatory metabolite production,,,Lachnospiraceae,family,protective,human observational,Thiele 2024,"The study uncovered a microbial signature of Lachnospiraceae and Oscillospiraceae and associated bacteriophages correlating with immunomodulatory metabolites (IMMs). A risk score based on IMM abundance was developed, associating low IMM levels with higher risks for reduced overall survival, GVHD and relapse",SCFA/butyrate production,A1,yes,Metabolite signaling to immune cells,B7,yes,1a. SCFA / butyrate signaling,Class 1: Metabolite-mediated,yes,SCFA / HDAC axis,D4,yes,Protective × Metabolic,Protective,yes,General/unspecified,no match,no clear alignment to existing categories
Paredes_2026,PAR_004,3,box 1,Lachnospiraceae/Oscillospiraceae IMM signature,immunomodulatory metabolite production,,,Oscillospiraceae,family,protective,human observational,Thiele 2024,"The study uncovered a microbial signature of Lachnospiraceae and Oscillospiraceae and associated bacteriophages correlating with immunomodulatory metabolites (IMMs). A risk score based on IMM abundance was developed, associating low IMM levels with higher risks for reduced overall survival, GVHD and relapse",SCFA/butyrate production,A1,yes,Metabolite signaling to immune cells,B7,yes,1a. SCFA / butyrate signaling,Class 1: Metabolite-mediated,yes,SCFA / HDAC axis,D4,yes,Protective × Metabolic,Protective,yes,General/unspecified,no match,no clear alignment to existing categories
Paredes_2026,PAR_005,3,box 1,SCFA/BCoAT enrichment in low-risk patients,SCFA / butyric acid synthesis,,,none,community,protective,human observational,Thiele 2024,"In patients classified as low risk for these complications by the score, short-chain fatty acid (SCFA) synthesis pathways, and specifically the butyric acid-synthesis gene BCoAT, were enriched",SCFA/butyrate production,A1,yes,Metabolite signaling to immune cells,B7,yes,1a. SCFA / butyrate signaling,Class 1: Metabolite-mediated,yes,SCFA / HDAC axis,D4,yes,Protective × Metabolic,Protective,yes,SCFA metabolite,exact,direct hit on SCFA/butyrate signaling
Paredes_2026,PAR_006,3,box 1,bacteriophage-mediated SCFA gene delivery,SCFA synthesis gene (BCoAT),,,bacteriophages,functional group,protective,human observational,Thiele 2024,"The authors identified two bacteriophages encoding the gene, providing intriguing evidence for a clinical benefit derived from bacteriophage-mediated modulation of gut bacteria",SCFA/butyrate production,A1,yes,Metabolite signaling to immune cells,B7,yes,1a. SCFA / butyrate signaling,Class 1: Metabolite-mediated,yes,Virome / mycobiome,D13,yes,Protective × Metabolic,Protective,yes,SCFA metabolite,exact,direct hit on SCFA/butyrate signaling
Paredes_2026,PAR_007,3,box 1,Candida parapsilosis expansion worsens outcomes,,overall survival / transplant-related mortality,,Candida parapsilosis complex,species,exacerbating,human observational,Rolling 2021,"culture-based studies, finding that faecal samples collected post transplant were more likely to yield culturable fungi compared with pre-transplant samples, and identifying patients with fungal dysbiosis based on culture positivity and expansion of Candida parapsilosis complex species. These patients had lower overall survival and higher transplant-related mortality",Community-level / unattributed,A10,partial,Community-level outcome associations,B9,yes,4b. Pathobiont expansion / mono-dominance,Class 4: Community-level / dysbiosis,yes,Virome / mycobiome,D13,yes,Exacerbating × Community,Exacerbating,yes,Virome,close,virome/mycobiome
Paredes_2026,PAR_008,3,box 1,Candida colonization associated with aGVHD,,,acute,Candida,genus,exacerbating,human observational, 2013,"a culture-based study of 153 patients undergoing allo-HCT found that oral or gastrointestinal colonization with Candida species was positively associated with the development of acute GVHD and, specifically, gastrointestinal GVHD",Community-level / unattributed,A10,partial,Community-level outcome associations,B9,yes,4b. Pathobiont expansion / mono-dominance,Class 4: Community-level / dysbiosis,yes,Virome / mycobiome,D13,yes,Exacerbating × Community,Exacerbating,yes,Virome,close,virome/mycobiome
Paredes_2026,PAR_009,3,body,dysbiosis associated with GVHD,,,,none,community,exacerbating,human observational,Vriesendorp 2016; Neuerburg 2024; Zheng 2020; Taur 2012; Holler 2014; Taur 2014; Jenq 2015; Shono 2016; Golob 2017; Peled 2017; Weber 2017; Hidaka 2018; Peled 2020,"dysbiosis, which is the disruption of the function and composition of the microbiome characterized by loss of microbial diversity and expansion of individual taxa, has been associated with allo-HCT outcomes, including GVHD",Dysbiosis / diversity loss,A9,yes,Community-level outcome associations,B9,yes,4a. Diversity / dysbiosis,Class 4: Community-level / dysbiosis,yes,Dysbiosis risk / clinical impact,D10,yes,Exacerbating × Community,Exacerbating,yes,Diversity/commensal depletion,exact,diversity loss / commensal depletion
Paredes_2026,PAR_010,4,body,dysbiosis negatively associated with overall survival,,overall survival,,none,community,exacerbating,human observational,Taur 2012; Golob 2017; Peled 2017; Rashidi 2022,microbial dysbiosis is negatively associated with overall survival after allo-HCT,Dysbiosis / diversity loss,A9,yes,Community-level outcome associations,B9,yes,4a. Diversity / dysbiosis,Class 4: Community-level / dysbiosis,yes,Dysbiosis risk / clinical impact,D10,yes,Exacerbating × Community,Exacerbating,yes,Diversity/commensal depletion,exact,diversity loss / commensal depletion
Paredes_2026,PAR_011,4,body,Peled 2020 Enterococcus/Klebsiella domination,,,,Enterococcus,genus,exacerbating,human observational,Peled 2020,"gut microbial diversity predicted mortality after allo-HCT. In this study, 16S ribosomal RNA sequencing analysis of faecal samples from a large cohort of patients at four centres in the USA, Germany and Japan revealed loss of microbiota diversity during transplantation, commonly including domination by bacterial taxa such as Enterococcus and Klebsiella",Dysbiosis / diversity loss,A9,yes,Community-level outcome associations,B9,yes,4b. Pathobiont expansion / mono-dominance,Class 4: Community-level / dysbiosis,yes,Dysbiosis risk / clinical impact,D10,yes,Exacerbating × Community,Exacerbating,yes,Dysbiosis/mono-dominance,exact,mono-dominance or pathobiont expansion
Paredes_2026,PAR_012,4,body,Peled 2020 Enterococcus/Klebsiella domination,,,,Klebsiella,genus,exacerbating,human observational,Peled 2020,"gut microbial diversity predicted mortality after allo-HCT. In this study, 16S ribosomal RNA sequencing analysis of faecal samples from a large cohort of patients at four centres in the USA, Germany and Japan revealed loss of microbiota diversity during transplantation, commonly including domination by bacterial taxa such as Enterococcus and Klebsiella",Dysbiosis / diversity loss,A9,yes,Community-level outcome associations,B9,yes,4b. Pathobiont expansion / mono-dominance,Class 4: Community-level / dysbiosis,yes,Dysbiosis risk / clinical impact,D10,yes,Exacerbating × Community,Exacerbating,yes,Dysbiosis/mono-dominance,exact,mono-dominance or pathobiont expansion
Paredes_2026,PAR_013,4,body,high diversity reduces mortality,,,,none,community,protective,human observational,Peled 2020,"Patients with higher versus lower gut diversity, particularly during the neutrophil peri-engraftment period (days 7–21 post transplant), had a 29–51% lower risk of mortality",Dysbiosis / diversity loss,A9,yes,Community-level outcome associations,B9,yes,4a. Diversity / dysbiosis,Class 4: Community-level / dysbiosis,yes,Dysbiosis risk / clinical impact,D10,yes,Protective × Community,Protective,yes,General/unspecified,no match,no clear alignment to existing categories
Paredes_2026,PAR_014,4,body,broad-spectrum antibiotics increase mortality,,,,none,community,exacerbating,human observational,Peled 2020,Those patients receiving broad-spectrum antibiotics such as the penicillin and β-lactamase inhibitor combination piperacillin–tazobactam and the carbapenem drug meropenem for the treatment of infectious complications had lower microbiota diversity and increased mortality risk,Community-level / unattributed,A10,partial,Community-level outcome associations,B9,yes,5a. Antibiotic effects,Class 5: Therapeutic / intervention,yes,Dysbiosis risk / clinical impact,D10,yes,Exacerbating × Community,Exacerbating,yes,General/unspecified,no match,no clear alignment to existing categories
Paredes_2026,PAR_015,4,body,low diversity increases GVHD-related mortality,,,,none,community,exacerbating,human observational,Peled 2020,"patients with lower microbiota diversity had a higher risk of transplantation-related and GVHD-related mortality, but not a higher risk of relapse",Dysbiosis / diversity loss,A9,yes,Community-level outcome associations,B9,yes,4a. Diversity / dysbiosis,Class 4: Community-level / dysbiosis,yes,Dysbiosis risk / clinical impact,D10,yes,Exacerbating × Community,Exacerbating,yes,Diversity/commensal depletion,exact,diversity loss / commensal depletion
Paredes_2026,PAR_016,4,body,Enterococcus dominance predicts mortality,,,,Enterococcus,genus,exacerbating,human observational,Peled 2020,"the study identified a predictive signature of microbiota (that is, Enterococcus dominance) associated with a higher risk of mortality",Community-level / unattributed,A10,partial,Community-level outcome associations,B9,yes,4b. Pathobiont expansion / mono-dominance,Class 4: Community-level / dysbiosis,yes,Dysbiosis risk / clinical impact,D10,yes,Exacerbating × Community,Exacerbating,yes,Dysbiosis/mono-dominance,exact,mono-dominance or pathobiont expansion
Paredes_2026,PAR_017,4,body,Akkermansia muciniphila associated with neutropenic fever,,neutropenic fever,,Akkermansia muciniphila,species,exacerbating,human observational,Schwabkey 2022,Neutropenic fever after allo-HCT has been positively associated with an increased abundance of Akkermansia muciniphila,Community-level / unattributed,A10,partial,Community-level outcome associations,B9,yes,4a. Diversity / dysbiosis,Class 4: Community-level / dysbiosis,yes,Dysbiosis risk / clinical impact,D10,yes,Exacerbating × Community,Exacerbating,yes,General/unspecified,no match,no clear alignment to existing categories
Paredes_2026,PAR_018,4,body,A. muciniphila mucin degradation thins mucus,mucin degradation,colonic mucus layer / inflammatory cytokines,,Akkermansia muciniphila,species,exacerbating,murine,Schwabkey 2022,"A. muciniphila breaks down mucin, the main component of the intestinal mucus layer, as its primary nutrient source. In mouse models of neutropenic fever, the expansion of A. muciniphila leads to thinning of the colonic mucus layer and increased abundance of inflammatory cytokines",Mucin/barrier degradation,A5,yes,Epithelial barrier integrity,B2,yes,3a. Epithelial barrier,Class 3: Barrier and structural,yes,Phase 3 — Tissue injury / barrier (non-metabolite),D3,yes,Exacerbating × Structural,Exacerbating,yes,Barrier / mucus,close,covers both mucin degradation and barrier function
Paredes_2026,PAR_019,4,body,propionate reverses A. muciniphila mucin utilization,propionate signaling,A. muciniphila mucin utilization,,Akkermansia muciniphila,species,protective,murine,Schwabkey 2022,"The effect can be reversed by targeted antibiotic eradication of A. muciniphila or by administration of the SCFA propionate, which likely inhibits mucin utilization by the bacteria",SCFA/butyrate production,A1,yes,Epithelial barrier integrity,B2,yes,1a. SCFA / butyrate signaling,Class 1: Metabolite-mediated,yes,SCFA / HDAC axis,D4,yes,Protective × Metabolic,Protective,yes,SCFA metabolite,exact,direct hit on SCFA/butyrate signaling
Paredes_2026,PAR_020,4,body,low Blautia increases relapse risk,,relapse,,Blautia,genus,protective,human observational,Jenq 2015,a higher risk of relapse with low abundance of Blautia,Community-level / unattributed,A10,partial,Community-level outcome associations,B9,yes,4a. Diversity / dysbiosis,Class 4: Community-level / dysbiosis,yes,Dysbiosis risk / clinical impact,D10,yes,Protective × Community,Protective,yes,General/unspecified,no match,no clear alignment to existing categories
Paredes_2026,PAR_021,4,body,Eubacterium limosum associated with remission,,remission,,Eubacterium limosum,species,protective,human observational,Peled 2017,likelier remission with high abundance of Eubacterium limosum,Community-level / unattributed,A10,partial,Community-level outcome associations,B9,yes,4a. Diversity / dysbiosis,Class 4: Community-level / dysbiosis,yes,Dysbiosis risk / clinical impact,D10,yes,Protective × Community,Protective,yes,General/unspecified,no match,no clear alignment to existing categories
Paredes_2026,PAR_022,4,body,germ-free/antibiotic mice establish gut bacteria role in aGVHD,,,,none,community,exacerbating,murine,Jones 1971; Bekkum 1974,studies in germ-free mice and antibiotic-treated transplant mouse models suggesting that gut bacteria have a key role,Community-level / unattributed,A10,partial,Innate immune / barrier initiation (conditioning),B1,yes,5a. Antibiotic effects,Class 5: Therapeutic / intervention,yes,Phase 1 — Innate / MAMP / conditioning,D1,yes,Exacerbating × Community,Exacerbating,yes,General/unspecified,no match,no clear alignment to existing categories
Paredes_2026,PAR_023,4,body,loss of Clostridia butyrate producers in GI aGVHD,butyrate production,,acute,Clostridia,class,protective,human observational,Burgos 2022,"recipients of allo-HCT with lower-gastrointestinal aGVHD had worse survival outcomes and reduced levels of strict anaerobic bacteria, particularly members of the class Clostridia and genera that produce the SCFA butyrate, such as Blautia, Anaerostipes, Eubacterium and Ruminococcus",SCFA/butyrate production,A1,yes,Metabolite signaling to immune cells,B7,yes,1a. SCFA / butyrate signaling,Class 1: Metabolite-mediated,yes,SCFA / HDAC axis,D4,yes,Protective × Metabolic,Protective,yes,SCFA metabolite,exact,direct hit on SCFA/butyrate signaling
Paredes_2026,PAR_024,4,body,loss of butyrate producers in GI aGVHD,butyrate production,,acute,Blautia,genus,protective,human observational,Burgos 2022,"recipients of allo-HCT with lower-gastrointestinal aGVHD had worse survival outcomes and reduced levels of strict anaerobic bacteria, particularly members of the class Clostridia and genera that produce the SCFA butyrate, such as Blautia, Anaerostipes, Eubacterium and Ruminococcus",SCFA/butyrate production,A1,yes,Metabolite signaling to immune cells,B7,yes,1a. SCFA / butyrate signaling,Class 1: Metabolite-mediated,yes,SCFA / HDAC axis,D4,yes,Protective × Metabolic,Protective,yes,SCFA metabolite,exact,direct hit on SCFA/butyrate signaling
Paredes_2026,PAR_025,4,body,loss of butyrate producers in GI aGVHD,butyrate production,,acute,Anaerostipes,genus,protective,human observational,Burgos 2022,"recipients of allo-HCT with lower-gastrointestinal aGVHD had worse survival outcomes and reduced levels of strict anaerobic bacteria, particularly members of the class Clostridia and genera that produce the SCFA butyrate, such as Blautia, Anaerostipes, Eubacterium and Ruminococcus",SCFA/butyrate production,A1,yes,Metabolite signaling to immune cells,B7,yes,1a. SCFA / butyrate signaling,Class 1: Metabolite-mediated,yes,SCFA / HDAC axis,D4,yes,Protective × Metabolic,Protective,yes,SCFA metabolite,exact,direct hit on SCFA/butyrate signaling
Paredes_2026,PAR_026,4,body,loss of butyrate producers in GI aGVHD,butyrate production,,acute,Eubacterium,genus,protective,human observational,Burgos 2022,"recipients of allo-HCT with lower-gastrointestinal aGVHD had worse survival outcomes and reduced levels of strict anaerobic bacteria, particularly members of the class Clostridia and genera that produce the SCFA butyrate, such as Blautia, Anaerostipes, Eubacterium and Ruminococcus",SCFA/butyrate production,A1,yes,Metabolite signaling to immune cells,B7,yes,1a. SCFA / butyrate signaling,Class 1: Metabolite-mediated,yes,SCFA / HDAC axis,D4,yes,Protective × Metabolic,Protective,yes,SCFA metabolite,exact,direct hit on SCFA/butyrate signaling
Paredes_2026,PAR_027,4,body,loss of butyrate producers in GI aGVHD,butyrate production,,acute,Ruminococcus,genus,protective,human observational,Burgos 2022,"recipients of allo-HCT with lower-gastrointestinal aGVHD had worse survival outcomes and reduced levels of strict anaerobic bacteria, particularly members of the class Clostridia and genera that produce the SCFA butyrate, such as Blautia, Anaerostipes, Eubacterium and Ruminococcus",SCFA/butyrate production,A1,yes,Metabolite signaling to immune cells,B7,yes,1a. SCFA / butyrate signaling,Class 1: Metabolite-mediated,yes,SCFA / HDAC axis,D4,yes,Protective × Metabolic,Protective,yes,SCFA metabolite,exact,direct hit on SCFA/butyrate signaling
Paredes_2026,PAR_028,4,body,Enterococcus expansion in aGVHD,,,acute,Enterococcus,genus,exacerbating,human observational,Burgos 2022,"Following the onset of aGVHD, butyrate-producing bacteria continue to decline, whereas facultative anaerobes such as Enterococcus expand",Community-level / unattributed,A10,partial,Community-level outcome associations,B9,yes,4a. Diversity / dysbiosis,Class 4: Community-level / dysbiosis,yes,Dysbiosis risk / clinical impact,D10,yes,Exacerbating × Community,Exacerbating,yes,General/unspecified,no match,no clear alignment to existing categories
Paredes_2026,PAR_029,4,body,SCFA pathway decrease in GI aGVHD,SCFA fermentation / butyrate production,,acute,none,community,protective,human observational,Burgos 2022,"Patients with lower-gastrointestinal aGVHD also exhibit decreased microbial pathways for SCFA fermentation, particularly butyrate production, and increased pathways for antibiotic resistance and nucleotide biosynthesis as demonstrated by functional metagenomic analysis",SCFA/butyrate production,A1,yes,Metabolite signaling to immune cells,B7,yes,1a. SCFA / butyrate signaling,Class 1: Metabolite-mediated,yes,SCFA / HDAC axis,D4,yes,Protective × Metabolic,Protective,yes,SCFA metabolite,exact,direct hit on SCFA/butyrate signaling
Paredes_2026,PAR_030,4,body,low Blautia/Ruminococcaceae and SCFAs with severe aGVHD,SCFA production,,acute,Blautia,genus,protective,human observational,Payen 2020,"Another study similarly linked reduced levels of Blautia and Ruminococcaceae, as well as low levels of SCFAs, with severe aGVHD",SCFA/butyrate production,A1,yes,Metabolite signaling to immune cells,B7,yes,1a. SCFA / butyrate signaling,Class 1: Metabolite-mediated,yes,SCFA / HDAC axis,D4,yes,Protective × Metabolic,Protective,yes,SCFA metabolite,exact,direct hit on SCFA/butyrate signaling
Paredes_2026,PAR_031,4,body,low Blautia/Ruminococcaceae and SCFAs with severe aGVHD,SCFA production,,acute,Ruminococcaceae,family,protective,human observational,Payen 2020,"Another study similarly linked reduced levels of Blautia and Ruminococcaceae, as well as low levels of SCFAs, with severe aGVHD",SCFA/butyrate production,A1,yes,Metabolite signaling to immune cells,B7,yes,1a. SCFA / butyrate signaling,Class 1: Metabolite-mediated,yes,SCFA / HDAC axis,D4,yes,Protective × Metabolic,Protective,yes,SCFA metabolite,exact,direct hit on SCFA/butyrate signaling
Paredes_2026,PAR_032,4,body,Bacteroides ovatus reduces GVHD severity,,,acute,Bacteroides ovatus,species,protective,murine,Hayase 2024,Hayase et al. reported a lower abundance of Bacteroides ovatus in patients with steroid-refractory lower-gastrointestinal aGVHD and showed in a mouse model that reintroducing this bacterial species led to reduced GVHD severity and improved survival,Community-level / unattributed,A10,partial,Community-level outcome associations,B9,yes,4a. Diversity / dysbiosis,Class 4: Community-level / dysbiosis,yes,Dysbiosis risk / clinical impact,D10,yes,Protective × Community,Protective,yes,General/unspecified,no match,no clear alignment to existing categories
Paredes_2026,PAR_033,4,body,alpha diversity loss predicts cGVHD,,,chronic,none,community,exacerbating,human observational,ElJurdi 2023,A small study (11 patients with cGVHD and 13 patients without GVHD) found a greater loss of alpha diversity after allo-HCT in patients who went on to develop cGVHD,Dysbiosis / diversity loss,A9,yes,Chronic GvHD / late-phase,B8,yes,4a. Diversity / dysbiosis,Class 4: Community-level / dysbiosis,yes,Dysbiosis risk / clinical impact,D10,yes,Exacerbating × Community,Exacerbating,yes,Diversity/commensal depletion,exact,diversity loss / commensal depletion
Paredes_2026,PAR_034,4,body,Clostridium butyrate producer decline predicts cGVHD,butyrate production,,chronic,Clostridium,genus,protective,human observational,ElJurdi 2023,butyrate-producing Clostridium was present in a higher abundance at pre-transplant baseline in patients with cGVHD and showed a significantly greater decline post engraftment compared with controls,SCFA/butyrate production,A1,yes,Chronic GvHD / late-phase,B8,yes,1a. SCFA / butyrate signaling,Class 1: Metabolite-mediated,yes,SCFA / HDAC axis,D4,yes,Protective × Metabolic,Protective,yes,SCFA metabolite,exact,direct hit on SCFA/butyrate signaling
Paredes_2026,PAR_035,4,body,low circulating butyrate predicts cGVHD,SCFA / butyrate production,,chronic,none,community,protective,human observational,Markey 2020,Another study found a positive association between the lower circulation of SCFAs such as butyrate at 3 months post transplant and the development of cGVHD,SCFA/butyrate production,A1,yes,Chronic GvHD / late-phase,B8,yes,1a. SCFA / butyrate signaling,Class 1: Metabolite-mediated,yes,SCFA / HDAC axis,D4,yes,Protective × Metabolic,Protective,yes,SCFA metabolite,exact,direct hit on SCFA/butyrate signaling
Paredes_2026,PAR_036,4,body,oral Streptococcus salivarius and Veillonella parvula expansion in cGVHD,,,chronic,Streptococcus salivarius,species,exacerbating,human observational,Rashidi 2024,"A longitudinal analysis of 29 patients with cGVHD versus 51 individuals without GVHD revealed an oral expansion of Streptococcus salivarius and Veillonella parvula and a high degree of overlap between oral and gut bacterial species, suggesting ectopic gut colonization",Community-level / unattributed,A10,partial,Chronic GvHD / late-phase,B8,yes,4a. Diversity / dysbiosis,Class 4: Community-level / dysbiosis,yes,Dysbiosis risk / clinical impact,D10,yes,Exacerbating × Community,Exacerbating,yes,General/unspecified,no match,no clear alignment to existing categories
Paredes_2026,PAR_037,4,body,oral Streptococcus salivarius and Veillonella parvula expansion in cGVHD,,,chronic,Veillonella parvula,species,exacerbating,human observational,Rashidi 2024,"A longitudinal analysis of 29 patients with cGVHD versus 51 individuals without GVHD revealed an oral expansion of Streptococcus salivarius and Veillonella parvula and a high degree of overlap between oral and gut bacterial species, suggesting ectopic gut colonization",Community-level / unattributed,A10,partial,Chronic GvHD / late-phase,B8,yes,4a. Diversity / dysbiosis,Class 4: Community-level / dysbiosis,yes,Dysbiosis risk / clinical impact,D10,yes,Exacerbating × Community,Exacerbating,yes,General/unspecified,no match,no clear alignment to existing categories
Paredes_2026,PAR_038,5,figure 2,Lachnospiraceae associated with longer survival,immunomodulatory metabolite production,survival,,Lachnospiraceae,family,protective,human observational,,Lachnospiraceae ... Associated with longer survival and higher protective immunomodulatory metabolites,SCFA/butyrate production,A1,yes,Metabolite signaling to immune cells,B7,yes,1a. SCFA / butyrate signaling,Class 1: Metabolite-mediated,yes,SCFA / HDAC axis,D4,yes,Protective × Metabolic,Protective,yes,Biomarker/indicator,close,taxon-outcome association without mechanism
Paredes_2026,PAR_039,5,figure 2,Lachnoclostridium associated with decreased GVHD,,,,Lachnoclostridium,genus,protective,human observational,,Lachnoclostridium ... Associated with decreased GVHD development,Community-level / unattributed,A10,partial,Community-level outcome associations,B9,yes,4a. Diversity / dysbiosis,Class 4: Community-level / dysbiosis,yes,Dysbiosis risk / clinical impact,D10,yes,Protective × Community,Protective,yes,Biomarker/indicator,close,taxon-outcome association without mechanism
Paredes_2026,PAR_040,5,figure 2,Ruminococcus associated with neutrophil/monocyte recovery,,neutrophils / monocytes,,Ruminococcus,genus,protective,human observational,,Ruminococcus ... Associated with increased numbers of neutrophils and monocytes,Community-level / unattributed,A10,partial,Immune reconstitution,B6,yes,2a. Innate immune,Class 2: Immune cell targeting,yes,Immune reconstitution,D11,yes,Protective × Immune,Protective,yes,General/unspecified,no match,no clear alignment to existing categories
Paredes_2026,PAR_041,5,figure 2,Faecalibacterium associated with neutrophil/monocyte recovery,,neutrophils / monocytes,,Faecalibacterium,genus,protective,human observational,,Faecalibacterium ... Associated with increased numbers of neutrophils and monocytes,Community-level / unattributed,A10,partial,Immune reconstitution,B6,yes,2a. Innate immune,Class 2: Immune cell targeting,yes,Immune reconstitution,D11,yes,Protective × Immune,Protective,yes,General/unspecified,no match,no clear alignment to existing categories
Paredes_2026,PAR_042,5,figure 2,Ruminococcaceae associated with high 3-IS and decreased GVHD,3-indoxyl sulfate production,,,Ruminococcaceae,family,protective,human observational,,Ruminococcaceae ... Associated with high 3-IS levels and decreased GVHD,Tryptophan/indole metabolism,A3,yes,Community-level outcome associations,B9,yes,4a. Diversity / dysbiosis,Class 4: Community-level / dysbiosis,yes,Dysbiosis risk / clinical impact,D10,yes,Protective × Community,Protective,yes,General/unspecified,no match,no clear alignment to existing categories
Paredes_2026,PAR_043,5,figure 2,Oscillospiraceae associated with protective IMMs,immunomodulatory metabolite production,,,Oscillospiraceae,family,protective,human observational,,Oscillospiraceae ... Associated with higher protective immunomodulatory metabolites,SCFA/butyrate production,A1,yes,Metabolite signaling to immune cells,B7,yes,1a. SCFA / butyrate signaling,Class 1: Metabolite-mediated,yes,SCFA / HDAC axis,D4,yes,Protective × Metabolic,Protective,yes,General/unspecified,no match,no clear alignment to existing categories
Paredes_2026,PAR_044,5,figure 2,low Clostridia increases GVHD-related mortality,,,,Clostridia,class,protective,human observational,,Clostridia ... Low abundance is associated with shorter overall survival and higher GVHD-related mortality,Community-level / unattributed,A10,partial,Community-level outcome associations,B9,yes,4a. Diversity / dysbiosis,Class 4: Community-level / dysbiosis,yes,Dysbiosis risk / clinical impact,D10,yes,Protective × Community,Protective,yes,General/unspecified,no match,no clear alignment to existing categories
Paredes_2026,PAR_045,5,figure 2,low Clostridium decreases neutrophils/monocytes,,neutrophils / monocytes,,Clostridium,genus,protective,human observational,,Clostridium ... Low abundance is associated with decreased numbers of neutrophils and monocytes,Community-level / unattributed,A10,partial,Immune reconstitution,B6,yes,2a. Innate immune,Class 2: Immune cell targeting,yes,Immune reconstitution,D11,yes,Protective × Immune,Protective,yes,General/unspecified,no match,no clear alignment to existing categories
Paredes_2026,PAR_046,5,figure 2,Blautia associated with intestinal MAIT and reduced lethality,,intestinal MAIT cells / GVHD lethality,,Blautia,genus,protective,human observational,,"Blautia ... Associated with higher intestinal MAIT cell frequency, lower lethality from GVHD",Community-level / unattributed,A10,partial,Community-level outcome associations,B9,yes,2c. Other immune,Class 2: Immune cell targeting,yes,"Other immune effectors (ILC3, NK, B cell, MAIT, gamma-delta)",D9,yes,Protective × Immune,Protective,yes,MAIT modulator,exact,MAIT cell modulation
Paredes_2026,PAR_047,5,figure 2,Staphylococcus associated with worse CD4 recovery,,CD4+ T cell recovery,,Staphylococcus,genus,exacerbating,human observational,,Staphylococcus ... Associated with worse CD4+ T cell recovery,Community-level / unattributed,A10,partial,Immune reconstitution,B6,yes,4a. Diversity / dysbiosis,Class 4: Community-level / dysbiosis,yes,Immune reconstitution,D11,yes,Exacerbating × Community,Exacerbating,yes,General/unspecified,no match,no clear alignment to existing categories
Paredes_2026,PAR_048,5,figure 2,Bacilli associated with low 3-IS,,3-indoxyl sulfate,,Bacilli,class,exacerbating,human observational,,Bacilli ... Associated with low 3-IS levels,Tryptophan/indole metabolism,A3,yes,Community-level outcome associations,B9,yes,4a. Diversity / dysbiosis,Class 4: Community-level / dysbiosis,yes,Dysbiosis risk / clinical impact,D10,yes,Exacerbating × Community,Exacerbating,yes,General/unspecified,no match,no clear alignment to existing categories
Paredes_2026,PAR_049,5,figure 2,Enterococcus associated with bloodstream infection and GVHD,,bloodstream infection / GVHD / survival,,Enterococcus,genus,exacerbating,human observational,,"Enterococcus ... Associated with bloodstream infections, GVHD and poor survival",Community-level / unattributed,A10,partial,Community-level outcome associations,B9,yes,4b. Pathobiont expansion / mono-dominance,Class 4: Community-level / dysbiosis,yes,Dysbiosis risk / clinical impact,D10,yes,Exacerbating × Community,Exacerbating,yes,Biomarker/indicator,close,taxon-outcome association without mechanism
Paredes_2026,PAR_050,5,figure 2,Streptococcus abundant after allo-HCT,,,,Streptococcus,genus,unspecified,human observational,,Streptococcus ... Abundant after allo-HCT,Community-level / unattributed,A10,partial,Community-level outcome associations,B9,yes,4a. Diversity / dysbiosis,Class 4: Community-level / dysbiosis,yes,Dysbiosis risk / clinical impact,D10,yes,Context-dependent × Community,Context-dependent,yes,General/unspecified,no match,no clear alignment to existing categories
Paredes_2026,PAR_051,5,figure 2,Lactobacillales associated with severe GVHD,,,,Lactobacillales,order,exacerbating,human observational,,Lactobacillales ... Associated with increased severe GVHD,Community-level / unattributed,A10,partial,Community-level outcome associations,B9,yes,4a. Diversity / dysbiosis,Class 4: Community-level / dysbiosis,yes,Dysbiosis risk / clinical impact,D10,yes,Exacerbating × Community,Exacerbating,yes,General/unspecified,no match,no clear alignment to existing categories
Paredes_2026,PAR_052,5,figure 2,Akkermansia associated with GVHD development,,,,Akkermansia,genus,exacerbating,human observational,,Akkermansia ... Associated with GVHD development,Community-level / unattributed,A10,partial,Community-level outcome associations,B9,yes,4a. Diversity / dysbiosis,Class 4: Community-level / dysbiosis,yes,Dysbiosis risk / clinical impact,D10,yes,Exacerbating × Community,Exacerbating,yes,Biomarker/indicator,close,taxon-outcome association without mechanism
Paredes_2026,PAR_053,5,figure 2,Bacteroidota associated with intestinal MAIT,,intestinal MAIT cells,,Bacteroidota,phylum,protective,human observational,,Bacteroidota ... Associated with higher intestinal MAIT cell frequency,Community-level / unattributed,A10,partial,Metabolite signaling to immune cells,B7,yes,1c. Tryptophan / indole signaling,Class 1: Metabolite-mediated,yes,Indole / aromatic AA metabolites,D6,yes,Protective × Metabolic,Protective,yes,Indole/tryptophan metabolite,exact,direct hit on tryptophan/indole/AhR axis
Paredes_2026,PAR_054,5,figure 2,B. ovatus depletion with high-risk antibiotics associates with steroid-refractory GVHD,,steroid-refractory GVHD,,Bacteroides ovatus,species,protective,human observational,,"Bacteroides ovatus ... Depleted after high-risk antibiotic exposure, low abundance associated with steroid-refractory GVHD",Community-level / unattributed,A10,partial,Community-level outcome associations,B9,yes,5a. Antibiotic effects,Class 5: Therapeutic / intervention,yes,Dysbiosis risk / clinical impact,D10,yes,Protective × Community,Protective,yes,General/unspecified,no match,no clear alignment to existing categories
Paredes_2026,PAR_055,5,figure 2,Pseudomonadota associated with bloodstream infections,,bloodstream infection,,Pseudomonadota,phylum,exacerbating,human observational,,Pseudomonadota ... Associated with bloodstream infections,Community-level / unattributed,A10,partial,Community-level outcome associations,B9,yes,4a. Diversity / dysbiosis,Class 4: Community-level / dysbiosis,yes,Dysbiosis risk / clinical impact,D10,yes,Exacerbating × Community,Exacerbating,yes,Biomarker/indicator,close,taxon-outcome association without mechanism
Paredes_2026,PAR_056,5,figure 2,Gammaproteobacteria associated with pulmonary complications,,pulmonary complications,,Gammaproteobacteria,class,exacerbating,human observational,,Gammaproteobacteria ... Associated with pulmonary complications,Community-level / unattributed,A10,partial,Community-level outcome associations,B9,yes,4a. Diversity / dysbiosis,Class 4: Community-level / dysbiosis,yes,Dysbiosis risk / clinical impact,D10,yes,Exacerbating × Community,Exacerbating,yes,General/unspecified,no match,no clear alignment to existing categories
Paredes_2026,PAR_057,5,figure 2,Clostridiales depleted in mouse GVHD,,,,Clostridiales,order,protective,murine,,Clostridiales ... Depleted in mouse models of GVHD,Community-level / unattributed,A10,partial,Community-level outcome associations,B9,yes,4a. Diversity / dysbiosis,Class 4: Community-level / dysbiosis,yes,Dysbiosis risk / clinical impact,D10,yes,Protective × Community,Protective,yes,General/unspecified,no match,no clear alignment to existing categories
Paredes_2026,PAR_058,5,figure 2,Actinomycetaceae associated with longer survival,,survival,,Actinomycetaceae,family,protective,human observational,,Actinomycetaceae ... Associated with longer survival,Community-level / unattributed,A10,partial,Community-level outcome associations,B9,yes,4a. Diversity / dysbiosis,Class 4: Community-level / dysbiosis,yes,Dysbiosis risk / clinical impact,D10,yes,Protective × Community,Protective,yes,Biomarker/indicator,close,taxon-outcome association without mechanism
Paredes_2026,PAR_059,5,figure 2,Thomasclavelia associated with severe GVHD,,,,Thomasclavelia,genus,exacerbating,human observational,,"Thomasclavelia ... Associated with severe GVHD, abundant following high-risk antibiotic exposure",Community-level / unattributed,A10,partial,Community-level outcome associations,B9,yes,4a. Diversity / dysbiosis,Class 4: Community-level / dysbiosis,yes,Dysbiosis risk / clinical impact,D10,yes,Exacerbating × Community,Exacerbating,yes,General/unspecified,no match,no clear alignment to existing categories
Paredes_2026,PAR_060,5,body,oral dysbiosis / Enterococcaceae ectopic colonization exacerbates cGVHD,,,chronic,Enterococcaceae,family,exacerbating,murine,Kambara 2025,"In a mouse model, bilateral molar ligatures (an orthodontic technique) in recipients of allo-HCT disrupted the oral flora, exacerbated cGVHD and led to an expansion of Enterococcaceae in the oral cavity and the gut, also indicative of ectopic gut colonization",Dysbiosis / diversity loss,A9,yes,Chronic GvHD / late-phase,B8,yes,4a. Diversity / dysbiosis,Class 4: Community-level / dysbiosis,yes,Dysbiosis risk / clinical impact,D10,yes,Exacerbating × Community,Exacerbating,yes,Diversity/commensal depletion,exact,diversity loss / commensal depletion
Paredes_2026,PAR_061,5,body,anti-SCFA-producer plasmablast antibodies in cGVHD,SCFA production,plasmablast IgG targeting commensals,chronic,SCFA-producing commensal bacteria,functional group,exacerbating,human observational,Habenicht 2025,"patients who went on to develop cGVHD already showed an increase in CD20–CD38hi plasmablasts by day 90 after allo-HCT. These plasmablasts generated antibodies targeting specific commensal bacteria, particularly those producing SCFAs, suggesting that dysregulated mucosal immune responses to gut microbiota may contribute to cGVHD pathogenesis",SCFA/butyrate production,A1,yes,Chronic GvHD / late-phase,B8,yes,1a. SCFA / butyrate signaling,Class 1: Metabolite-mediated,yes,SCFA / HDAC axis,D4,yes,Exacerbating × Metabolic,Exacerbating,yes,SCFA metabolite,exact,direct hit on SCFA/butyrate signaling
Paredes_2026,PAR_062,6,body,metronidazole promotes Enterococcus domination,,,,Enterococcus,genus,exacerbating,human observational,Taur 2012,"the anaerobe-targeting antibiotic metronidazole has been positively associated with intestinal domination by Enterococcus, which is a risk factor for vancomycin-resistant Enterococcus (VRE) bacteraemia",Community-level / unattributed,A10,partial,Community-level outcome associations,B9,yes,5a. Antibiotic effects,Class 5: Therapeutic / intervention,yes,Dysbiosis risk / clinical impact,D10,yes,Exacerbating × Community,Exacerbating,yes,General/unspecified,no match,no clear alignment to existing categories
Paredes_2026,PAR_063,6,body,azithromycin promotes B. fragilis and relapse,,,,Bacteroides fragilis,species,exacerbating,human observational,Vallet 2023; Bergeron 2017,Early administration of azithromycin to prevent bronchiolitis obliterans syndrome after allo-HCT has been positively associated with Bacteroides fragilis abundance and risk of tumour relapse,Community-level / unattributed,A10,partial,Community-level outcome associations,B9,yes,5a. Antibiotic effects,Class 5: Therapeutic / intervention,yes,Dysbiosis risk / clinical impact,D10,yes,Exacerbating × Community,Exacerbating,yes,General/unspecified,no match,no clear alignment to existing categories
Paredes_2026,PAR_064,6,body,β-lactams/carbapenems increase aGVHD and steroid-refractory GVHD,,,acute,none,community,exacerbating,human observational,Taur 2014; Jenq 2015; Hayase 2024; Elgarten 2021; Lee 2019,treatment with broad-spectrum antibiotics such as β-lactams and carbapenems has been consistently and reproducibly associated with increased incidence of intestinal aGVHD and steroid-refractory GVHD,Community-level / unattributed,A10,partial,Community-level outcome associations,B9,yes,5a. Antibiotic effects,Class 5: Therapeutic / intervention,yes,Dysbiosis risk / clinical impact,D10,yes,Exacerbating × Community,Exacerbating,yes,General/unspecified,no match,no clear alignment to existing categories
Paredes_2026,PAR_065,6,body,Bacteroides expansion with low SCFAs,butyrate / propionate production,,,Bacteroides,genus,exacerbating,human observational,Hayase 2024; Hayase 2022; Mathewson 2016; Fujiwara 2018,The respective gastrointestinal environment often shows an expansion of Bacteroides and low concentrations of butyrate and propionate in the colonic lumen,SCFA/butyrate production,A1,yes,Metabolite signaling to immune cells,B7,yes,1a. SCFA / butyrate signaling,Class 1: Metabolite-mediated,yes,SCFA / HDAC axis,D4,yes,Exacerbating × Metabolic,Exacerbating,yes,SCFA metabolite,exact,direct hit on SCFA/butyrate signaling
Paredes_2026,PAR_066,6,body,myeloablative conditioning reduces diversity,,,conditioning,none,community,exacerbating,human observational,Jørgensen 2022,"Intestinal microbial diversity declines after conditioning treatment, particularly in patients receiving myeloablative regimens rather than non-myeloablative regimens",Community-level / unattributed,A10,partial,Innate immune / barrier initiation (conditioning),B1,yes,4a. Diversity / dysbiosis,Class 4: Community-level / dysbiosis,yes,Phase 1 — Innate / MAMP / conditioning,D1,yes,Exacerbating × Community,Exacerbating,yes,General/unspecified,no match,no clear alignment to existing categories
Paredes_2026,PAR_067,6,body,TBI reduces microbial diversity,,,conditioning,none,community,exacerbating,murine,Schwabkey 2022; Li 2022,"Total body irradiation, which is sometimes used in conditioning, has also been found to reduce microbial diversity in mouse models",Dysbiosis / diversity loss,A9,yes,Innate immune / barrier initiation (conditioning),B1,yes,4a. Diversity / dysbiosis,Class 4: Community-level / dysbiosis,yes,Phase 1 — Innate / MAMP / conditioning,D1,yes,Exacerbating × Community,Exacerbating,yes,General/unspecified,no match,no clear alignment to existing categories
Paredes_2026,PAR_068,6,body,antiemetics/opioids promote Enterococcus,,,,Enterococcus,genus,exacerbating,human observational,Nguyen 2023,"Antiemetics and opioids, which are frequently administered to respectively counteract chemotherapy-induced nausea and pain due to mucositis, were associated with increased Enterococcus abundance and decreased gut microbial diversity",Community-level / unattributed,A10,partial,Community-level outcome associations,B9,yes,4a. Diversity / dysbiosis,Class 4: Community-level / dysbiosis,yes,Dysbiosis risk / clinical impact,D10,yes,Exacerbating × Community,Exacerbating,yes,General/unspecified,no match,no clear alignment to existing categories
Paredes_2026,PAR_069,6,body,enteral nutrition promotes R. bromii / F. prausnitzii,,,,Ruminococcus bromii,species,protective,clinical trial,Andersen 2020,"patients receiving primarily enteral nutrition compared with parenteral nutrition had higher abundance of taxa associated with protection from GVHD, such as Ruminococcus bromii and Faecalibacterium prausnitzii",Community-level / unattributed,A10,partial,Community-level outcome associations,B9,yes,5b. Dietary / prebiotic interventions,Class 5: Therapeutic / intervention,yes,Therapeutic strategies,D14,yes,Protective × Community,Protective,yes,General/unspecified,no match,no clear alignment to existing categories
Paredes_2026,PAR_070,6,body,enteral nutrition promotes R. bromii / F. prausnitzii,,,,Faecalibacterium prausnitzii,species,protective,clinical trial,Andersen 2020,"patients receiving primarily enteral nutrition compared with parenteral nutrition had higher abundance of taxa associated with protection from GVHD, such as Ruminococcus bromii and Faecalibacterium prausnitzii",Community-level / unattributed,A10,partial,Community-level outcome associations,B9,yes,5b. Dietary / prebiotic interventions,Class 5: Therapeutic / intervention,yes,Therapeutic strategies,D14,yes,Protective × Community,Protective,yes,General/unspecified,no match,no clear alignment to existing categories
Paredes_2026,PAR_071,6,body,parenteral nutrition reduces Blautia,,,,Blautia,genus,protective,human observational,Jenq 2015,"long-term use of total parenteral nutrition (≥10 days) was associated with a loss of Blautia, whereas increased levels of Blautia were found to be associated with reduced GVHD-related mortality",Community-level / unattributed,A10,partial,Community-level outcome associations,B9,yes,5b. Dietary / prebiotic interventions,Class 5: Therapeutic / intervention,yes,Therapeutic strategies,D14,yes,Protective × Community,Protective,yes,General/unspecified,no match,no clear alignment to existing categories
Paredes_2026,PAR_072,6,body,fibre-free Western diet increases A. muciniphila,,,,Akkermansia muciniphila,species,exacerbating,murine,Schroeder 2018; Ng 2020; Parrish 2023,"in mice, a fibre-free 'Western' diet leads to decreased microbiota diversity and increased A. muciniphila abundance",Community-level / unattributed,A10,partial,Community-level outcome associations,B9,yes,5b. Dietary / prebiotic interventions,Class 5: Therapeutic / intervention,yes,Dysbiosis risk / clinical impact,D10,yes,Exacerbating × Community,Exacerbating,yes,General/unspecified,no match,no clear alignment to existing categories
Paredes_2026,PAR_073,6,body,high-fibre diet promotes Bifidobacteria and butyrate,butyrate production,,,bifidobacteria,genus,protective,human observational,Taur 2012; So 2018; Lindner 2020,"In humans, a high-fibre diet has been linked to higher bifidobacteria abundance and faecal butyrate concentrations, which are both positively associated with favourable outcomes following allo-HCT",SCFA/butyrate production,A1,yes,Metabolite signaling to immune cells,B7,yes,5b. Dietary / prebiotic interventions,Class 5: Therapeutic / intervention,yes,Indole / aromatic AA metabolites,D6,yes,Protective × Metabolic,Protective,yes,SCFA metabolite,exact,direct hit on SCFA/butyrate signaling
Paredes_2026,PAR_074,6,body,fermented food diet promotes diversity,,inflammatory markers,,none,community,protective,human observational,Wastyk 2021,a diet high in fermented foods has been reported to have a positive association with microbiota diversity and a negative association with inflammatory markers,Community-level / unattributed,A10,partial,Community-level outcome associations,B9,yes,5b. Dietary / prebiotic interventions,Class 5: Therapeutic / intervention,yes,Dysbiosis risk / clinical impact,D10,yes,Protective × Community,Protective,yes,General/unspecified,no match,no clear alignment to existing categories
Paredes_2026,PAR_075,6,body,dietary lactose drives Enterococcus expansion,lactose metabolism,gut permeability / inflammation,,Enterococcus,genus,exacerbating,human observational,Stein-Thoeringer 2019,"A multicentre study found that dietary lactose promoted the expansion of Enterococcus, which can metabolize lactose and thrives in a lactose-rich environment, contributing to increased gut permeability and inflammation",Community-level / unattributed,A10,partial,Community-level outcome associations,B9,yes,5b. Dietary / prebiotic interventions,Class 5: Therapeutic / intervention,yes,Dysbiosis risk / clinical impact,D10,yes,Exacerbating × Community,Exacerbating,yes,General/unspecified,no match,no clear alignment to existing categories
Paredes_2026,PAR_076,6,body,lactose restriction reduces Enterococcus,,,,Enterococcus,genus,protective,murine,Stein-Thoeringer 2019,"in mouse models of allo-HCT, dietary interventions such as lactose restriction have been found to reduce the expansion of Enterococcus and alleviate GVHD severity",Community-level / unattributed,A10,partial,Community-level outcome associations,B9,yes,5b. Dietary / prebiotic interventions,Class 5: Therapeutic / intervention,yes,Therapeutic strategies,D14,yes,Protective × Community,Protective,yes,General/unspecified,no match,no clear alignment to existing categories
Paredes_2026,PAR_077,6,body,lactose-free diet reduces VRE,,,,vancomycin-resistant Enterococcus (VRE),species,protective,clinical trial,Morello 2024,"In a recent clinical study, patients undergoing allo-HCT and following a lactose-free diet had significantly reduced colonization with VRE",Community-level / unattributed,A10,partial,Community-level outcome associations,B9,yes,5b. Dietary / prebiotic interventions,Class 5: Therapeutic / intervention,yes,Therapeutic strategies,D14,yes,Protective × Community,Protective,yes,General/unspecified,no match,no clear alignment to existing categories
Paredes_2026,PAR_078,6,body,microbial mucus degradation damages intestinal barrier,mucin degradation,intestinal barrier,,none,community,exacerbating,unspecified,,Microbiome-mediated degradation of mucus in the colon is a key factor contributing to damage to the intestinal barrier in GVHD,Mucin/barrier degradation,A5,yes,Epithelial barrier integrity,B2,yes,3a. Epithelial barrier,Class 3: Barrier and structural,yes,Phase 3 — Tissue injury / barrier (non-metabolite),D3,yes,Exacerbating × Structural,Exacerbating,yes,Barrier / mucus,close,covers both mucin degradation and barrier function
Paredes_2026,PAR_079,6,body,meropenem induces Bacteroides expansion with aGVHD,,,acute,Bacteroides,genus,exacerbating,human observational,Hayase 2022,"administration of meropenem during –10 to +30 days relative to allo-HCT positively associates with acute intestinal GVHD incidence in patients, and that meropenem treatment leads to a dysbiotic state with an expansion of Bacteroides",Community-level / unattributed,A10,partial,Community-level outcome associations,B9,yes,5a. Antibiotic effects,Class 5: Therapeutic / intervention,yes,Dysbiosis risk / clinical impact,D10,yes,Exacerbating × Community,Exacerbating,yes,General/unspecified,no match,no clear alignment to existing categories
Paredes_2026,PAR_080,6,body,B. thetaiotaomicron glycoside hydrolase mucin degradation,glycoside hydrolase mucin degradation,mucus layer / epithelial barrier,acute,Bacteroides thetaiotaomicron,species,exacerbating,murine,Hayase 2022,"meropenem-treated mice had aggravated intestinal GVHD, severe epithelial damage and a thinner intestinal mucus layer compared with controls. Moreover, these mice exhibited an expansion of Bacteroides thetaiotaomicron in the gut, decreased levels of luminal xylose and upregulated expression of glycoside hydrolases from B. thetaiotaomicron, which are enzymes responsible for breaking down mucin glycoproteins in the intestinal mucus layer",Mucin/barrier degradation,A5,yes,Epithelial barrier integrity,B2,yes,3a. Epithelial barrier,Class 3: Barrier and structural,yes,Phase 3 — Tissue injury / barrier (non-metabolite),D3,yes,Exacerbating × Structural,Exacerbating,yes,Barrier / mucus,close,covers both mucin degradation and barrier function
Paredes_2026,PAR_081,6,body,xylose suppresses B. thetaiotaomicron mucin degradation,,colonic mucus / survival,,Bacteroides thetaiotaomicron,species,protective,murine,Hayase 2022,"Oral supplementation of xylose improved GVHD-related survival and prevented thinning of the colonic mucus layer, suggesting that xylose suppresses the mucus-degrading behaviour of B. thetaiotaomicron",Mucin/barrier degradation,A5,yes,Epithelial barrier integrity,B2,yes,3a. Epithelial barrier,Class 3: Barrier and structural,yes,Phase 3 — Tissue injury / barrier (non-metabolite),D3,yes,Protective × Structural,Protective,yes,Polysaccharide metabolism,exact,direct hit on polysaccharide/glycan metabolism
Paredes_2026,PAR_082,6,body,B. ovatus produces xylose to reduce GVHD,xylose production from polysaccharide,colonic mucus,,Bacteroides ovatus,species,protective,murine,Hayase 2024,the introduction of B. ovatus reduced GVHD-related mortality... this beneficial effect was also only observed when B. ovatus was able to degrade xylose-containing polysaccharides and produce xylose,Polysaccharide/glycan metabolism,A8,yes,Epithelial barrier integrity,B2,yes,3a. Epithelial barrier,Class 3: Barrier and structural,yes,Phase 3 — Tissue injury / barrier (non-metabolite),D3,yes,Protective × Community,Protective,yes,Polysaccharide metabolism,exact,direct hit on polysaccharide/glycan metabolism
Paredes_2026,PAR_083,7,figure 3,fiber-fermenting SCFA producers,fiber fermentation to SCFA (butyrate, propionate, succinate),,,Blautia,genus,protective,"dietary fibre supports the growth of microbial taxa such as Blautia, Clostridium and Faecalibacterium, which ferment fibre into short-chain fatty acids (SCFAs) including butyrate, propionate and succinate",SCFA/butyrate production,A1,yes,Metabolite signaling to immune cells,B7,yes,1a. SCFA / butyrate signaling,Class 1: Metabolite-mediated,yes,SCFA / HDAC axis,D4,yes,Context-dependent × Metabolic,Context-dependent,yes,SCFA metabolite,exact,direct hit on SCFA/butyrate signaling
Paredes_2026,PAR_084,7,figure 3,fiber-fermenting SCFA producers,fiber fermentation to SCFA,,,Clostridium,genus,protective,unspecified,,"dietary fibre supports the growth of microbial taxa such as Blautia, Clostridium and Faecalibacterium, which ferment fibre into short-chain fatty acids (SCFAs) including butyrate, propionate and succinate",SCFA/butyrate production,A1,yes,Metabolite signaling to immune cells,B7,yes,1a. SCFA / butyrate signaling,Class 1: Metabolite-mediated,yes,SCFA / HDAC axis,D4,yes,Context-dependent × Metabolic,Context-dependent,yes,SCFA metabolite,exact,direct hit on SCFA/butyrate signaling
Paredes_2026,PAR_085,7,figure 3,fiber-fermenting SCFA producers,fiber fermentation to SCFA,,,Faecalibacterium,genus,protective,unspecified,,"dietary fibre supports the growth of microbial taxa such as Blautia, Clostridium and Faecalibacterium, which ferment fibre into short-chain fatty acids (SCFAs) including butyrate, propionate and succinate",SCFA/butyrate production,A1,yes,Metabolite signaling to immune cells,B7,yes,1a. SCFA / butyrate signaling,Class 1: Metabolite-mediated,yes,SCFA / HDAC axis,D4,yes,Context-dependent × Metabolic,Context-dependent,yes,SCFA metabolite,exact,direct hit on SCFA/butyrate signaling
Paredes_2026,PAR_086,7,figure 3,SCFA-GPCR/HDAC inhibition tightens barrier and promotes tolerance,SCFA signaling,epithelial tight junctions / HDAC inhibition / immune tolerance,,none,community,protective,unspecified,,These metabolites increase the protein production of epithelial tight junctions and immune tolerance via G-protein-coupled receptor (GPCR) signalling and inhibition of histone deacetylases (HDACs),SCFA/butyrate production,A1,yes,Epithelial barrier integrity,B2,yes,1a. SCFA / butyrate signaling,Class 1: Metabolite-mediated,yes,SCFA / HDAC axis,D4,yes,Protective × Metabolic,Protective,yes,SCFA metabolite,exact,direct hit on SCFA/butyrate signaling
Paredes_2026,PAR_087,7,figure 3,Clostridium cluster XIVa / Ruminococcus generate bile acid derivatives,bile acid metabolism,,,Clostridium cluster XIVa,functional group,protective,unspecified,,"Dietary fats contribute to the generation of bile acid derivatives including ursodeoxycholic acid (UDCA), lithocholic acid (LCA), tauroursodeoxycholic acid (TUDCA) and hydroxymethylglutarate (HMG), through microbial metabolism performed by bacterial species such as Clostridium cluster XIVa and Ruminococcus",Bile acid metabolism,A2,yes,Metabolite signaling to immune cells,B7,yes,1b. Bile acid signaling,Class 1: Metabolite-mediated,yes,Bile acid metabolites,D5,yes,Protective × Metabolic,Protective,yes,SBA metabolite,exact,direct hit on secondary bile acid signaling
Paredes_2026,PAR_088,7,figure 3,Clostridium cluster XIVa / Ruminococcus generate bile acid derivatives,bile acid metabolism,,,Ruminococcus,genus,protective,unspecified,,"Dietary fats contribute to the generation of bile acid derivatives including ursodeoxycholic acid (UDCA), lithocholic acid (LCA), tauroursodeoxycholic acid (TUDCA) and hydroxymethylglutarate (HMG), through microbial metabolism performed by bacterial species such as Clostridium cluster XIVa and Ruminococcus",Bile acid metabolism,A2,yes,Metabolite signaling to immune cells,B7,yes,1b. Bile acid signaling,Class 1: Metabolite-mediated,yes,Bile acid metabolites,D5,yes,Protective × Metabolic,Protective,yes,SBA metabolite,exact,direct hit on secondary bile acid signaling
Paredes_2026,PAR_089,7,figure 3,bile acid-FXR/TGR5 signaling enhances barrier,bile acid signaling,FXR / TGR5 / epithelial barrier / antimicrobial peptide secretion,,none,community,protective,unspecified,Bunnett 2014; Parks 2015,"These metabolites activate the farnesoid X receptor (FXR) and Takeda G-protein-coupled receptor 5 (TGR5), found on epithelial cells, immune cells (such as macrophages) and enteric neurons. Activation of these receptors modulates epithelial responses by enhancing barrier integrity, stimulating antimicrobial peptide secretion and regulating bile acid transport",Bile acid metabolism,A2,yes,Epithelial barrier integrity,B2,yes,1b. Bile acid signaling,Class 1: Metabolite-mediated,yes,Bile acid metabolites,D5,yes,Protective × Metabolic,Protective,yes,SBA metabolite,exact,direct hit on secondary bile acid signaling
Paredes_2026,PAR_090,7,figure 3,TGR5 limits inflammation,bile acid signaling,TGR5 / pro-inflammatory cytokines,,none,community,protective,unspecified,Bunnett 2014,TGR5 signalling limits inflammation through suppression of pro-inflammatory cytokine production and maintenance of mucosal homeostasis,Bile acid metabolism,A2,yes,Metabolite signaling to immune cells,B7,yes,1b. Bile acid signaling,Class 1: Metabolite-mediated,yes,Bile acid metabolites,D5,yes,Protective × Metabolic,Protective,yes,SBA metabolite,exact,direct hit on secondary bile acid signaling
Paredes_2026,PAR_091,7,figure 3,tryptophan metabolized to indole/AhR ligands,tryptophan metabolism to indole derivatives,AhR ligands,,Bacteroides,genus,protective,unspecified,,"Amino acids, particularly tryptophan, are metabolized by bacteria such as Bacteroides, Lactobacillus reuteri and Eubacterium into indole derivatives (for example, indole-3-propionic acid (IPA)) and aryl hydrocarbon receptor (AhR) ligands",Tryptophan/indole metabolism,A3,yes,Metabolite signaling to immune cells,B7,yes,1c. Tryptophan / indole signaling,Class 1: Metabolite-mediated,yes,Indole / aromatic AA metabolites,D6,yes,Protective × Metabolic,Protective,yes,Indole/tryptophan metabolite,exact,direct hit on tryptophan/indole/AhR axis
Paredes_2026,PAR_092,7,figure 3,tryptophan metabolized to indole/AhR ligands,tryptophan metabolism to indole derivatives,AhR ligands,,Lactobacillus reuteri,species,protective,unspecified,,"Amino acids, particularly tryptophan, are metabolized by bacteria such as Bacteroides, Lactobacillus reuteri and Eubacterium into indole derivatives (for example, indole-3-propionic acid (IPA)) and aryl hydrocarbon receptor (AhR) ligands",Tryptophan/indole metabolism,A3,yes,Metabolite signaling to immune cells,B7,yes,1c. Tryptophan / indole signaling,Class 1: Metabolite-mediated,yes,Indole / aromatic AA metabolites,D6,yes,Protective × Metabolic,Protective,yes,Indole/tryptophan metabolite,exact,direct hit on tryptophan/indole/AhR axis
Paredes_2026,PAR_093,7,figure 3,tryptophan metabolized to indole/AhR ligands,tryptophan metabolism to indole derivatives,AhR ligands,,Eubacterium,genus,protective,unspecified,,"Amino acids, particularly tryptophan, are metabolized by bacteria such as Bacteroides, Lactobacillus reuteri and Eubacterium into indole derivatives (for example, indole-3-propionic acid (IPA)) and aryl hydrocarbon receptor (AhR) ligands",Tryptophan/indole metabolism,A3,yes,Metabolite signaling to immune cells,B7,yes,1c. Tryptophan / indole signaling,Class 1: Metabolite-mediated,yes,Indole / aromatic AA metabolites,D6,yes,Protective × Metabolic,Protective,yes,Indole/tryptophan metabolite,exact,direct hit on tryptophan/indole/AhR axis
Paredes_2026,PAR_094,7,figure 3,indole/AhR axis balances Th17/Treg and gut barrier,tryptophan/indole metabolites,AhR / GPR35 / HCA2 / PXR / Th17-Treg balance,,none,community,protective,unspecified,,"These metabolites regulate the balance between T helper 17 cells (TH17 cells) and regulatory T cells (Treg cells) and enhance gut barrier function through activation of receptors including AhR, GPR35, hydroxycarboxylic acid receptor 2 (HCA2; also known as GPR109A) and pregnane X receptor (PXR)",Tryptophan/indole metabolism,A3,yes,Metabolite signaling to immune cells,B7,yes,1c. Tryptophan / indole signaling,Class 1: Metabolite-mediated,yes,Indole / aromatic AA metabolites,D6,yes,Protective × Metabolic,Protective,yes,Indole/tryptophan metabolite,exact,direct hit on tryptophan/indole/AhR axis
Paredes_2026,PAR_095,7,figure 3,microbial-metabolite ILC3 IL-22 induction,,ILC3 / IL-22 / epithelial proliferation / mucin / antimicrobial peptides,,none,community,protective,unspecified,Parks 2015,"Group 3 innate lymphoid cells (ILC3s), which reside in the gut mucosa, are activated by microbial metabolites, and contribute to epithelial barrier repair and immune regulation by producing cytokines such as interleukin-22 (IL-22), which has a key role in barrier protection by inducing epithelial cell proliferation, stimulating goblet cells to secrete mucins and upregulating antimicrobial peptide expression",Community-level / unattributed,A10,partial,Epithelial barrier integrity,B2,yes,2c. Other immune,Class 2: Immune cell targeting,yes,"Other immune effectors (ILC3, NK, B cell, MAIT, gamma-delta)",D9,yes,Protective × Immune,Protective,yes,Other immune,close,other immune cell type
Paredes_2026,PAR_096,7,figure 3,dysbiosis reduces protective metabolites and increases pro-inflammatory cytokines,,TNF / IL-1β / IL-6,,none,community,exacerbating,unspecified,,"In GVHD, dysbiosis and impaired microbial metabolism result in reduced production of these protective metabolites, contributing to epithelial cell damage and immune dysregulation. Pro-inflammatory cytokines such as tumour necrosis factor (TNF), IL-1β and IL-6 are upregulated, perpetuating tissue injury",Dysbiosis / diversity loss,A9,yes,Metabolite signaling to immune cells,B7,yes,4a. Diversity / dysbiosis,Class 4: Community-level / dysbiosis,yes,Dysbiosis risk / clinical impact,D10,yes,Exacerbating × Community,Exacerbating,yes,Diversity/commensal depletion,exact,diversity loss / commensal depletion
Paredes_2026,PAR_097,7,body,imipenem-cilastatin expands A. muciniphila and worsens GVHD,,,,Akkermansia muciniphila,species,exacerbating,murine,Shono 2016,a reported positive association between exposure to the carbapenem imipenem–cilastatin and increased GVHD severity and expansion of the mucus-degrading bacterial species A. muciniphila as demonstrated in a mouse model of allo-HCT,Community-level / unattributed,A10,partial,Community-level outcome associations,B9,yes,5a. Antibiotic effects,Class 5: Therapeutic / intervention,yes,Dysbiosis risk / clinical impact,D10,yes,Exacerbating × Community,Exacerbating,yes,General/unspecified,no match,no clear alignment to existing categories
Paredes_2026,PAR_098,7,body,Seike: dysbiosis is consequence not cause,,,,none,community,context-dependent,murine,Seike 2023,A study by Seike et al. suggests that dysbiosis is a consequence rather than a cause of GVHD. These investigators found no pathogenic effects of allo-HCT-induced dysbiosis in naive mice,Dysbiosis / diversity loss,A9,yes,Community-level outcome associations,B9,yes,4a. Diversity / dysbiosis,Class 4: Community-level / dysbiosis,yes,Dysbiosis risk / clinical impact,D10,yes,Context-dependent × Community,Context-dependent,yes,Diversity/commensal depletion,exact,diversity loss / commensal depletion
Paredes_2026,PAR_099,8,body,SCFAs fuel IEC oxidative phosphorylation and maintain gut hypoxia,SCFA / OXPHOS,IEC energy metabolism / gut hypoxia,,none,community,protective,unspecified,Donohoe 2011,"The gut is normally a hypoxic environment, and intestinal epithelial cells (IECs) rely on microbial metabolites, such as SCFAs, as their main energy source for oxidative phosphorylation (OXPHOS)",SCFA/butyrate production,A1,yes,Epithelial barrier integrity,B2,yes,1a. SCFA / butyrate signaling,Class 1: Metabolite-mediated,yes,SCFA / HDAC axis,D4,yes,Protective × Metabolic,Protective,yes,SCFA metabolite,exact,direct hit on SCFA/butyrate signaling
Paredes_2026,PAR_100,8,body,"alloreactive T cells disrupt OXPHOS, raise luminal O2, shift anaerobes to facultative anaerobes",,IEC OXPHOS / luminal oxygen / obligate vs facultative anaerobes,,none,community,exacerbating,murine,Fujiwara 2021; Seike 2023,"allogenic T cells can disrupt OXPHOS in IECs, reducing physiological hypoxia in the intestinal lumen and, in turn, suppressing obligate anaerobes while promoting facultative anaerobes",Community-level / unattributed,A10,partial,Epithelial barrier integrity,B2,yes,1a. SCFA / butyrate signaling,Class 1: Metabolite-mediated,yes,SCFA / HDAC axis,D4,yes,Exacerbating × Immune,Exacerbating,yes,General/unspecified,no match,no clear alignment to existing categories
Paredes_2026,PAR_101,8,body,oral iron chelation lowers luminal oxygen and attenuates GI GVHD,iron chelation / ambient oxygen,gastrointestinal GVHD,,none,community,protective,murine,Seike 2023,"oral chelation of iron reduced intestinal ambient oxygen levels, alleviated dysbiosis and decreased the severity of gastrointestinal GVHD, but did not alter donor T cell immune responses",Community-level / unattributed,A10,partial,Epithelial barrier integrity,B2,yes,3a. Epithelial barrier,Class 3: Barrier and structural,yes,Phase 3 — Tissue injury / barrier (non-metabolite),D3,yes,Protective × Community,Protective,yes,General/unspecified,no match,no clear alignment to existing categories
Paredes_2026,PAR_102,8,body,luminal oxygen alters IEC HIF1α signaling,HIF1α signaling,IEC homeostasis,,none,community,context-dependent,murine,Seike 2023; Kelly 2015,"Intestinal oxygen levels also impacted GVHD severity via direct effects on IECs by disrupting hypoxia-inducible factor 1α (HIF1α) signalling, which crucially regulates intestinal homeostasis under low oxygen conditions",Community-level / unattributed,A10,partial,Epithelial barrier integrity,B2,yes,3a. Epithelial barrier,Class 3: Barrier and structural,yes,Phase 3 — Tissue injury / barrier (non-metabolite),D3,yes,Context-dependent × Structural,Context-dependent,yes,Barrier / mucus,close,covers both mucin degradation and barrier function
Paredes_2026,PAR_103,8,body,IEC Hif1a is required to limit GVHD severity,HIF1α,IEC / GVHD severity,,none,community,protective,murine,Seike 2023,"IEC-specific Hif1a-knockout mice showed greater GVHD severity and mortality than their wild-type counterparts, despite being co-housed together to harmonize their microbiomes",Community-level / unattributed,A10,partial,Epithelial barrier integrity,B2,yes,3a. Epithelial barrier,Class 3: Barrier and structural,yes,Phase 3 — Tissue injury / barrier (non-metabolite),D3,yes,Protective × Structural,Protective,yes,Barrier / mucus,close,covers both mucin degradation and barrier function
Paredes_2026,PAR_104,8,body,"IEC MHC class II supports IgA, Tregs and microbiota composition",MHC class II antigen presentation,IEC / IgA / Tregs,,none,community,protective,murine,Stephens 2021,"IEC-derived MHC class II supports gut immune homeostasis by increasing levels of microbial-bound immunoglobulin A, maintaining regulatory T cell (Treg cell) populations and shaping gut microbiota composition",Microbial antigen presentation / T-cell priming,A6,yes,MHC II antigen presentation,B4,yes,2b. T-cell adaptive,Class 2: Immune cell targeting,yes,Phase 3 — Tissue injury / barrier (non-metabolite),D3,yes,Protective × Immune,Protective,yes,MHC II inducer,exact,direct hit on MHC class II induction
Paredes_2026,PAR_105,8,body,IEC-to-phagocyte MHC class II transfer shapes gut adaptive immunity,MHC class II transfer,intestinal mononuclear phagocytes / adaptive immunity,,none,community,context-dependent,murine,Stephens 2021,"intestinal mononuclear phagocytes can acquire MHC class II molecules from IECs, suggesting that myeloid–epithelial interactions shape the adaptive immune response in the gut",Microbial antigen presentation / T-cell priming,A6,yes,MHC II antigen presentation,B4,yes,2b. T-cell adaptive,Class 2: Immune cell targeting,yes,GvHD-specific mechanisms (MHC II / microbiota-specific T cells),D12,yes,Context-dependent × Immune,Context-dependent,yes,MHC II inducer,exact,direct hit on MHC class II induction
Paredes_2026,PAR_106,8,body,microbiota drives ileal MHC class II expression and CD4+ T cell expansion,,ileal IEC MHC class II / donor CD4+ T cells,,none,community,exacerbating,murine,Koyama 2019,"germ-free mice and mice treated with broad-spectrum antibiotics exhibit reduced MHC class II expression and linked dysbiosis during allo-HCT with increased MHC class II expression on IECs, as well as increased donor CD4+ T cell expansion",Microbial antigen presentation / T-cell priming,A6,yes,MHC II antigen presentation,B4,yes,2b. T-cell adaptive,Class 2: Immune cell targeting,yes,GvHD-specific mechanisms (MHC II / microbiota-specific T cells),D12,yes,Exacerbating × Immune,Exacerbating,yes,MHC II inducer,exact,direct hit on MHC class II induction
Paredes_2026,PAR_107,8,body,IEC MHC class II drives CD4+-dependent lethal GVHD,MHC class II antigen presentation,IEC / CD4+ T cells / GVHD lethality,,none,community,exacerbating,murine,Koyama 2019,"mice with IEC-specific deletion of MHC class II had significantly reduced GVHD-related mortality and T cell expansion in the gut, demonstrating that MHCII+ IECs can induce CD4+-dependent lethal GVHD",Microbial antigen presentation / T-cell priming,A6,yes,MHC II antigen presentation,B4,yes,2b. T-cell adaptive,Class 2: Immune cell targeting,yes,GvHD-specific mechanisms (MHC II / microbiota-specific T cells),D12,yes,Exacerbating × Immune,Exacerbating,yes,MHC II inducer,exact,direct hit on MHC class II induction
Paredes_2026,PAR_108,8,body,vendor microbiota determines ileal MHC class II and GVHD severity,,ileal MHC class II / CD4+ T cell GVHD,,none,community,exacerbating,murine,Koyama 2023,"genetically identical mice from different vendors (harbouring different microbiota) had different expression levels of MHC class II in the ileum, which were positively correlated with CD4+ T cell-mediated GVHD severity when respective mice served as recipients in preclinical models of allo-HCT",Microbial antigen presentation / T-cell priming,A6,yes,MHC II antigen presentation,B4,yes,2b. T-cell adaptive,Class 2: Immune cell targeting,yes,GvHD-specific mechanisms (MHC II / microbiota-specific T cells),D12,yes,Exacerbating × Immune,Exacerbating,yes,MHC II inducer,exact,direct hit on MHC class II induction
Paredes_2026,PAR_109,8,body,targeted depletion of MHC class II-inducing bacteria attenuates GVHD,,MHC class II / GVHD severity,,none,community,protective,murine,Koyama 2023,mice receiving an oral antibiotic treatment to specifically abrogate MHC class II-inducing bacteria prior to allo-HCT had attenuated GVHD severity,Microbial antigen presentation / T-cell priming,A6,yes,MHC II antigen presentation,B4,yes,2b. T-cell adaptive,Class 2: Immune cell targeting,yes,GvHD-specific mechanisms (MHC II / microbiota-specific T cells),D12,yes,Protective × Immune,Protective,yes,MHC II inducer,exact,direct hit on MHC class II induction
Paredes_2026,PAR_110,8,body,microbiome composition linked to HLA class II expression and GVHD in patients,,HLA class II / GVHD,,none,community,context-dependent,clinical cohort,Koyama 2023,"Koyama et al. reported a similar relationship between gut microbiome composition, human leukocyte antigen (HLA) class II expression and GVHD in a cohort of patients undergoing allo-HCT",Microbial antigen presentation / T-cell priming,A6,yes,MHC II antigen presentation,B4,yes,2b. T-cell adaptive,Class 2: Immune cell targeting,yes,GvHD-specific mechanisms (MHC II / microbiota-specific T cells),D12,yes,Context-dependent × Community,Context-dependent,yes,MHC II inducer,exact,direct hit on MHC class II induction
Paredes_2026,PAR_111,8,body,recipient microbiota dictates donor CD4+ T clonal expansion,,donor CD4+ T cells / TCR clonality,,none,community,exacerbating,murine,Yeh 2024,"recipient microbiota dictate donor T cell expansion and its role in GVHD severity. Using Bayesian modelling to analyse T cell receptor (TCR) clonality across genetically identical donor–recipient pairs, they identified a subset of donor CD4+ T cell clonotypes that underwent differential expansion despite identical recipient genetics",Microbial antigen presentation / T-cell priming,A6,yes,Donor T-cell priming by microbiota-specific antigens,B5,yes,2b. T-cell adaptive,Class 2: Immune cell targeting,yes,GvHD-specific mechanisms (MHC II / microbiota-specific T cells),D12,yes,Exacerbating × Community,Exacerbating,yes,Microbial-antigen presentation,exact,direct hit on microbiota-antigen T cell priming
Paredes_2026,PAR_112,8,body,microbiota-specific donor T cells exacerbate GVHD via GI antigen presentation,microbial antigen presentation,donor T cells / GI epithelium,,none,community,exacerbating,murine,Yeh 2024,microbiota-specific donor T cells exacerbated GVHD severity when recognizing microbial antigens presented by the gastrointestinal epithelium,Microbial antigen presentation / T-cell priming,A6,yes,Donor T-cell priming by microbiota-specific antigens,B5,yes,2b. T-cell adaptive,Class 2: Immune cell targeting,yes,GvHD-specific mechanisms (MHC II / microbiota-specific T cells),D12,yes,Exacerbating × Immune,Exacerbating,yes,Microbial-antigen presentation,exact,direct hit on microbiota-antigen T cell priming
Paredes_2026,PAR_113,8,body,SFB-specific donor T cells expand in SFB-colonized recipients and worsen GVHD,microbial antigen presentation,donor T cells / GVHD lethality,segmented filamentous bacteria,functional group,exacerbating,murine,Yeh 2024,,"transgenic donor T cells specific for known microbial antigens, including segmented filamentous bacteria and flagellin-expressing commensals. These T cells expanded preferentially in recipients harbouring the cognate microorganisms and augmented GVHD-mediated lethality when co-transplanted with alloreactive T cells",Microbial antigen presentation / T-cell priming,A6,yes,Donor T-cell priming by microbiota-specific antigens,B5,yes,2b. T-cell adaptive,Class 2: Immune cell targeting,yes,GvHD-specific mechanisms (MHC II / microbiota-specific T cells),D12,yes,Context-dependent × Immune,Context-dependent,yes,Microbial-antigen presentation,exact,direct hit on microbiota-antigen T cell priming
Paredes_2026,PAR_114,8,body,flagellin-expressing commensals drive microbe-specific donor T cell expansion worsening GVHD,flagellin antigen presentation,donor T cells / GVHD lethality,flagellin-expressing commensals,functional group,exacerbating,murine,Yeh 2024,,"transgenic donor T cells specific for known microbial antigens, including segmented filamentous bacteria and flagellin-expressing commensals. These T cells expanded preferentially in recipients harbouring the cognate microorganisms and augmented GVHD-mediated lethality when co-transplanted with alloreactive T cells",Microbial antigen presentation / T-cell priming,A6,yes,Donor T-cell priming by microbiota-specific antigens,B5,yes,2b. T-cell adaptive,Class 2: Immune cell targeting,yes,GvHD-specific mechanisms (MHC II / microbiota-specific T cells),D12,yes,Context-dependent × Immune,Context-dependent,yes,Microbial-antigen presentation,exact,direct hit on microbiota-antigen T cell priming
Paredes_2026,PAR_115,8,body,microbial antigen presentation by IEC is MHC class II-dependent,MHC class II antigen presentation,IEC / donor T cell expansion,,none,community,exacerbating,murine,Yeh 2024,"microbial antigen presentation by gut epithelial cells is MHC class II-dependent, further implicating the microbiota in driving pathogenic T cell expansion",Microbial antigen presentation / T-cell priming,A6,yes,MHC II antigen presentation,B4,yes,2b. T-cell adaptive,Class 2: Immune cell targeting,yes,GvHD-specific mechanisms (MHC II / microbiota-specific T cells),D12,yes,Exacerbating × Immune,Exacerbating,yes,MHC II inducer,exact,direct hit on MHC class II induction
Paredes_2026,PAR_116,8,body,aGVHD severity and antibiotics associate with CD8+ clonal enrichment and Treg reduction,,gastrointestinal CD8+ T cells / Tregs,,none,community,exacerbating,clinical cohort,Jarosch 2023,the severity of aGVHD and exposure to antibiotics with subsequent dysbiosis were positively associated with clonal enrichment of activated CD8+ T cells and a relative reduction of Treg cells in the gastrointestinal tract,Community-level / unattributed,A10,partial,T-cell polarization and Treg/Th17 balance,B3,yes,5a. Antibiotic effects,Class 5: Therapeutic / intervention,yes,Phase 2 — Adaptive / T-cell (immune interplay),D2,yes,Exacerbating × Immune,Exacerbating,yes,Treg inducer,close,Treg induction pathway
Paredes_2026,PAR_117,8,body,antibiotic exposure reduces gut Treg functionality,,gut-infiltrating Tregs,,none,community,exacerbating,clinical cohort,Jarosch 2023,this study identified a reduced functionality phenotype in gut-infiltrating Treg cells from patients exposed to antibiotics,Community-level / unattributed,A10,partial,T-cell polarization and Treg/Th17 balance,B3,yes,5a. Antibiotic effects,Class 5: Therapeutic / intervention,yes,Phase 2 — Adaptive / T-cell (immune interplay),D2,yes,Exacerbating × Immune,Exacerbating,yes,Treg inducer,close,Treg induction pathway
Paredes_2026,PAR_118,8,body,F. prausnitzii associated with increased functional gut Tregs,SCFA production,gastrointestinal Tregs / CD8+ T cells,Faecalibacterium prausnitzii,species,protective,clinical cohort,Jarosch 2023,,"SCFA-producing bacterial taxa, including F. prausnitzii, were associated with increased numbers of Treg cells, and these functional Treg cells were able to reduce the clonal expansion of CD8+ T cells that are likely to drive GVHD",SCFA/butyrate production,A1,yes,Metabolite signaling to immune cells,B7,yes,1a. SCFA / butyrate signaling,Class 1: Metabolite-mediated,yes,SCFA / HDAC axis,D4,yes,Context-dependent × Metabolic,Context-dependent,yes,SCFA metabolite,exact,direct hit on SCFA/butyrate signaling
Paredes_2026,PAR_119,8,body,FMT in steroid-refractory GI GVHD boosts gut Treg infiltration,,gastrointestinal Tregs / FMT,,none,community,protective,clinical case report,Jarosch 2023,"one clinical case of steroid-refractory gastrointestinal GVHD with complete response to faecal microbiota transplantation (FMT). Treg cell infiltration into the gastrointestinal tract of this patient increased after FMT, potentially indicating increased interactions between Treg cells and CD8+ T cells",Community-level / unattributed,A10,partial,T-cell polarization and Treg/Th17 balance,B3,yes,5c. Probiotic / FMT / defined consortium,Class 5: Therapeutic / intervention,yes,Therapeutic strategies,D14,yes,Protective × Immune,Protective,yes,Treg inducer,close,Treg induction pathway
Paredes_2026,PAR_120,9,body,"microbiota-driven ileal neutrophils generate ROS and expand T cells, worsening GVHD",ROS production,ileal neutrophils / T cells,,none,community,exacerbating,murine,Schwab 2014,"ileal neutrophil infiltration post allo-HCT is microbiota-dependent and contributes to GVHD severity through the production of reactive oxygen species (ROS) and T cell activation, with germ-free conditions or neutrophil depletion significantly reducing disease severity",LPS/MAMP/PRR signaling,A4,yes,Innate immune / barrier initiation (conditioning),B1,yes,2a. Innate immune,Class 2: Immune cell targeting,yes,Phase 1 — Innate / MAMP / conditioning,D1,yes,Exacerbating × Immune,Exacerbating,yes,General/unspecified,no match,no clear alignment to existing categories
Paredes_2026,PAR_121,9,body,ileal neutrophils traffic to MLN and present MHC class II antigen after bacterial translocation,MHC class II antigen presentation,ileal neutrophils / mesenteric lymph nodes / T cells,,none,community,exacerbating,murine,Hülsdünker 2018,"A second study traced neutrophils from the ileum to mesenteric lymph nodes, where they presented antigen via MHC class II and promoted T cell expansion. This process likely relied on bacterial translocation after allo-HCT, as antibiotic pretreatment of mice reduced the bacterial load in the ileum and abrogated neutrophil migration",Microbial antigen presentation / T-cell priming,A6,yes,MHC II antigen presentation,B4,yes,2b. T-cell adaptive,Class 2: Immune cell targeting,yes,GvHD-specific mechanisms (MHC II / microbiota-specific T cells),D12,yes,Exacerbating × Immune,Exacerbating,yes,MHC II inducer,exact,direct hit on MHC class II induction
Paredes_2026,PAR_122,9,body,β-defensin 2 modulates microbiota to reduce ileal neutrophils and GVHD,antimicrobial peptide (β-defensin 2),ileal neutrophils / TCR signaling,,none,community,protective,murine,Rückert 2022,"administration of human β-defensin 2, an endogenous, epithelial cell-derived peptide with antimicrobial qualities, reduced neutrophil infiltration into the ileum and local T cell activation by modulating the microbiota and dampening TCR signalling, resulting in reduced GVHD severity and mortality",Community-level / unattributed,A10,partial,Innate immune / barrier initiation (conditioning),B1,yes,2a. Innate immune,Class 2: Immune cell targeting,yes,Therapeutic strategies,D14,yes,Protective × Immune,Protective,yes,General/unspecified,no match,no clear alignment to existing categories
Paredes_2026,PAR_123,9,body,gut enterotypes correlate with T cell exhaustion and relapse,,peripheral T cells / relapse risk,,none,community,context-dependent,clinical cohort,Vallet 2023,distinct gut enterotypes and their associated metabolomes correlated with T cell exhaustion and relapse risk,Community-level / unattributed,A10,partial,Community-level outcome associations,B9,yes,4a. Diversity / dysbiosis,Class 4: Community-level / dysbiosis,yes,Dysbiosis risk / clinical impact,D10,yes,Context-dependent × Community,Context-dependent,yes,General/unspecified,no match,no clear alignment to existing categories
Paredes_2026,PAR_124,9,body,B. fragilis associated with relapse and exhausted peripheral T cells,,peripheral T cell exhaustion / relapse,Bacteroides fragilis,species,exacerbating,clinical cohort,Vallet 2023,,"B. fragilis and related phylotypes were positively associated with relapse and an increase in the numbers of exhausted peripheral T cells, suggesting impaired anti-tumour immunity",Community-level / unattributed,A10,partial,Community-level outcome associations,B9,yes,4a. Diversity / dysbiosis,Class 4: Community-level / dysbiosis,yes,Dysbiosis risk / clinical impact,D10,yes,Context-dependent × Community,Context-dependent,yes,General/unspecified,no match,no clear alignment to existing categories
Paredes_2026,PAR_125,9,body,Enterococcus-dominant enterotype linked to higher relapse risk and primary bile acid metabolism,primary bile acid metabolism,relapse risk,Enterococcus,genus,exacerbating,clinical cohort,Vallet 2023,,"Patients with an Enterococcus-dominant enterotype that associated with higher relapse risk showed increased primary bile acid metabolism, suggesting impaired metabolic functioning",Bile acid metabolism,A2,yes,Metabolite signaling to immune cells,B7,yes,1b. Bile acid signaling,Class 1: Metabolite-mediated,yes,Bile acid metabolites,D5,yes,Context-dependent × Metabolic,Context-dependent,yes,SBA metabolite,exact,direct hit on secondary bile acid signaling
Paredes_2026,PAR_126,9,body,bacteriophages co-occur with enterotypes linked to T cell exhaustion,,peripheral T cell exhaustion,bacteriophages,functional group,context-dependent,clinical cohort,Vallet 2023,,"the gut virome in these processes, as bacteriophages co-occurred with enterotypes associated with T cell exhaustion",Community-level / unattributed,A10,partial,Community-level outcome associations,B9,yes,4a. Diversity / dysbiosis,Class 4: Community-level / dysbiosis,yes,Virome / mycobiome,D13,yes,Context-dependent × Community,Context-dependent,yes,Virome,close,virome/mycobiome
Paredes_2026,PAR_127,9,body,butyrate oxidation fuels colonocyte energy and barrier integrity,SCFA (butyrate) production,colonocytes / gut barrier,,none,community,protective,unspecified,Peng 2009,"SCFAs, the primary metabolic products of dietary fibre fermentation by gut bacteria, are a crucial energy source for colonic epithelial cells (colonocytes), for which butyrate oxidation in particular provides up to 70% of the energy needs in maintaining a healthy gut barrier",SCFA/butyrate production,A1,yes,Epithelial barrier integrity,B2,yes,1a. SCFA / butyrate signaling,Class 1: Metabolite-mediated,yes,SCFA / HDAC axis,D4,yes,Protective × Metabolic,Protective,yes,SCFA metabolite,exact,direct hit on SCFA/butyrate signaling
Paredes_2026,PAR_128,9,body,SCFAs stimulate mucin production and tight junctions,SCFA production,goblet cells / mucin / tight junctions,,none,community,protective,unspecified,Rooks 2016; Chelakkot 2018,"SCFAs enhance the production of protective mucus by stimulating goblet cells in the intestinal epithelium to increase mucin gene expression and, consequently, synthesis and secretion of mucus; and also upregulate tight junction proteins, strengthening the barrier against pathogens",SCFA/butyrate production,A1,yes,Epithelial barrier integrity,B2,yes,1a. SCFA / butyrate signaling,Class 1: Metabolite-mediated,yes,SCFA / HDAC axis,D4,yes,Protective × Metabolic,Protective,yes,SCFA metabolite,exact,direct hit on SCFA/butyrate signaling
Paredes_2026,PAR_129,9,body,SCFAs induce Treg differentiation via HDAC inhibition,SCFA / HDAC inhibition,Tregs,,none,community,protective,unspecified,Du 2024; Kim 2021,"SCFAs modulate immune cell function by promoting anti-inflammatory properties, such as by inhibiting histone deacetylases (HDACs) in Treg cells to promote their differentiation and thereby suppress excessive immune responses",SCFA/butyrate production,A1,yes,Metabolite signaling to immune cells,B7,yes,1a. SCFA / butyrate signaling,Class 1: Metabolite-mediated,yes,SCFA / HDAC axis,D4,yes,Protective × Metabolic,Protective,yes,SCFA metabolite,exact,direct hit on SCFA/butyrate signaling
Paredes_2026,PAR_130,9,body,butyrate administration mitigates aGVHD and cGVHD,SCFA (butyrate),aGVHD / cGVHD,,none,community,protective,murine,Markey 2020,"The role of butyrate in GVHD has been validated in preclinical models, in which its administration mitigates both aGVHD and cGVHD",SCFA/butyrate production,A1,yes,Chronic GvHD / late-phase,B8,yes,1a. SCFA / butyrate signaling,Class 1: Metabolite-mediated,yes,SCFA / HDAC axis,D4,yes,Protective × Metabolic,Protective,yes,SCFA metabolite,exact,direct hit on SCFA/butyrate signaling
Paredes_2026,PAR_131,9,body,higher butyrogenic bacteria post-GVHD linked to steroid refractoriness,SCFA (butyrate) production,steroid refractoriness,butyrogenic bacteria,functional group,exacerbating,clinical cohort,Golob 2019,,Golob et al. found that higher levels of butyrogenic bacteria post GVHD were associated with steroid refractoriness,SCFA/butyrate production,A1,yes,Metabolite signaling to immune cells,B7,yes,1a. SCFA / butyrate signaling,Class 1: Metabolite-mediated,yes,SCFA / HDAC axis,D4,yes,Context-dependent × Metabolic,Context-dependent,yes,SCFA metabolite,exact,direct hit on SCFA/butyrate signaling
Paredes_2026,PAR_132,9,body,loss of microbial diversity associated with GVHD severity,,GVHD severity,,none,community,exacerbating,clinical cohort,Peled 2020,"loss of microbial diversity, and not just butyrogenic bacteria, is associated with GVHD severity and outcomes",Dysbiosis / diversity loss,A9,yes,Community-level outcome associations,B9,yes,4a. Diversity / dysbiosis,Class 4: Community-level / dysbiosis,yes,Dysbiosis risk / clinical impact,D10,yes,Exacerbating × Community,Exacerbating,yes,Diversity/commensal depletion,exact,diversity loss / commensal depletion
Paredes_2026,PAR_133,9,body,indoles including I3A promote intestinal barrier function,tryptophan/indole metabolism,intestinal barrier / epithelial cells,,none,community,protective,unspecified,Scott 2020,"Metabolites derived from amino acids, including indoles such as indole-3-aldehyde (I3A), also promote intestinal barrier function and prevent epithelial damage",Tryptophan/indole metabolism,A3,yes,Epithelial barrier integrity,B2,yes,1c. Tryptophan / indole signaling,Class 1: Metabolite-mediated,yes,Indole / aromatic AA metabolites,D6,yes,Protective × Metabolic,Protective,yes,Indole/tryptophan metabolite,exact,direct hit on tryptophan/indole/AhR axis
Paredes_2026,PAR_134,9,body,microbial tryptophan catabolism to indoles modulates cytokines and barrier,tryptophan catabolism,epithelial homeostasis / cytokine balance,,none,community,protective,unspecified,Scott 2020,"Indoles are derived from tryptophan catabolism performed by the gut microbiota and can modulate immune responses by influencing the balance of the secretion between pro-inflammatory and anti-inflammatory cytokines, as well as preventing secondary infections by promoting epithelial homeostasis and barrier integrity and, therefore, preventing bacterial translocation from the large intestine",Tryptophan/indole metabolism,A3,yes,Epithelial barrier integrity,B2,yes,1c. Tryptophan / indole signaling,Class 1: Metabolite-mediated,yes,Indole / aromatic AA metabolites,D6,yes,Protective × Metabolic,Protective,yes,Indole/tryptophan metabolite,exact,direct hit on tryptophan/indole/AhR axis
Paredes_2026,PAR_135,9,body,"I3A/AhR axis induces IL-22, antimicrobial peptides and epithelial repair",indole-AhR signaling,ILCs / IL-22 / epithelial repair,,none,community,protective,unspecified,Zelante 2013,"many indole derivatives, including I3A, engage the aryl hydrocarbon receptor (AhR) in innate lymphoid cells and other immune cells, which in turn activates the transcription of interleukin-22 (IL-22). IL-22 then promotes the production of antimicrobial peptides and the repair of damaged epithelial cells, suppressing the excessive immune responses characteristic of GVHD to prevent tissue damage",Tryptophan/indole metabolism,A3,yes,Epithelial barrier integrity,B2,yes,1c. Tryptophan / indole signaling,Class 1: Metabolite-mediated,yes,Indole / aromatic AA metabolites,D6,yes,Protective × Metabolic,Protective,yes,Indole/tryptophan metabolite,exact,direct hit on tryptophan/indole/AhR axis
Paredes_2026,PAR_136,9,body,Ruminococcaceae depletion associates with reduced LCA/DCA in UC,SBA (LCA, DCA) production,secondary bile acid pool,Ruminococcaceae,family,protective,clinical cohort,Sinha 2020,"Studies in patients with ulcerative colitis have found significantly reduced levels of the SBAs lithocholic acid (LCA) and deoxycholic acid (DCA), which in turn are also associated with decreased levels of Ruminococcaceae, a family of bacteria known to produce SBAs",Bile acid metabolism,A2,yes,Metabolite signaling to immune cells,B7,yes,1b. Bile acid signaling,Class 1: Metabolite-mediated,yes,Bile acid metabolites,D5,yes,Protective × Immune,Protective,yes,SBA metabolite,exact,direct hit on secondary bile acid signaling
Paredes_2026,PAR_137,9,body,SBAs activate TGR5 to suppress gut pro-inflammatory cytokines,SBA/TGR5 signaling,gut cytokine environment,,none,community,protective,unspecified,Cipriani 2011,"SBAs activate the bile acid receptor Takeda G-protein-coupled receptor 5 (TGR5; also known as GPBAR1), leading to the suppression of pro-inflammatory cytokines and chemokines and contributing to an anti-inflammatory environment in the gut",Bile acid metabolism,A2,yes,Metabolite signaling to immune cells,B7,yes,1b. Bile acid signaling,Class 1: Metabolite-mediated,yes,Bile acid metabolites,D5,yes,Protective × Metabolic,Protective,yes,SBA metabolite,exact,direct hit on secondary bile acid signaling
Paredes_2026,PAR_138,9,body,SBAs suppress macrophage pro-inflammatory cytokines,SBA signaling,macrophages,,none,community,protective,in vitro (human macrophages),Sinha 2020,in vitro studies have found that SBAs can suppress pro-inflammatory cytokine production from human peripheral blood-derived macrophages,Bile acid metabolism,A2,yes,Metabolite signaling to immune cells,B7,yes,1b. Bile acid signaling,Class 1: Metabolite-mediated,yes,Virome / mycobiome,D13,yes,Protective × Metabolic,Protective,yes,SBA metabolite,exact,direct hit on secondary bile acid signaling
Paredes_2026,PAR_139,9,body,LCA impairs Th1 activation and TNF/IFNγ secretion,SBA (LCA) signaling,Th1 cells / TNF / IFNγ,,none,community,protective,in vitro (human macrophages),Sinha 2020,"LCA specifically has been shown to impair T helper 1 cell (TH1 cell) activation, reducing their secretion of the pro-inflammatory cytokines tumour necrosis factor (TNF) and interferon-γ (IFNγ)",Bile acid metabolism,A2,yes,Metabolite signaling to immune cells,B7,yes,1b. Bile acid signaling,Class 1: Metabolite-mediated,yes,Bile acid metabolites,D5,yes,Protective × Immune,Protective,yes,SBA metabolite,exact,direct hit on secondary bile acid signaling
Paredes_2026,PAR_140,9,body,UDCA/TGR5 regulates antigen-presenting cell inflammation,SBA (UDCA)/TGR5,antigen-presenting cells,,none,community,protective,unspecified,Fathima 2024,"ursodeoxycholic acid (UDCA), another SBA derived from microbial metabolism that activates the TGR5 receptor, has demonstrated the capacity to regulate the pro-inflammatory responses of antigen-presenting cells and, in doing so, contribute to intestinal health and homeostasis",Bile acid metabolism,A2,yes,Metabolite signaling to immune cells,B7,yes,1b. Bile acid signaling,Class 1: Metabolite-mediated,yes,Bile acid metabolites,D5,yes,Protective × Metabolic,Protective,yes,SBA metabolite,exact,direct hit on secondary bile acid signaling
Paredes_2026,PAR_141,9,body,TGR5 inhibits NF-κB via cAMP-PKA,TGR5/cAMP/PKA signaling,NF-κB,,none,community,protective,unspecified,Holter 2020,TGR5 signalling can inhibit nuclear factor-κB (NF-κB) activation through the cAMP–protein kinase A (PKA) pathway,Bile acid metabolism,A2,yes,Metabolite signaling to immune cells,B7,yes,1b. Bile acid signaling,Class 1: Metabolite-mediated,yes,Bile acid metabolites,D5,yes,Protective × Metabolic,Protective,yes,SBA metabolite,exact,direct hit on secondary bile acid signaling
Paredes_2026,PAR_142,10,body,UDCA decreases LPS-induced macrophage TNF/IL-6/IL-12/IL-1β,SBA (UDCA) signaling,macrophages / TNF / IL-6 / IL-12 / IL-1β,,none,community,protective,in vitro (LPS-stimulated macrophages),Fathima 2024,"UDCA markedly decreased the production and release of pro-inflammatory cytokines, including TNF, IL-6, IL-12 and IL-1β by lipopolysaccharide (LPS)-stimulated macrophages",LPS/MAMP/PRR signaling,A4,yes,Innate immune / barrier initiation (conditioning),B1,yes,1b. Bile acid signaling,Class 1: Metabolite-mediated,yes,Virome / mycobiome,D13,yes,Protective × Immune,Protective,yes,SBA metabolite,exact,direct hit on secondary bile acid signaling
Paredes_2026,PAR_143,10,body,UDCA interacts with FXR,SBA (UDCA)/FXR signaling,FXR,,none,community,context-dependent,unspecified,Mueller 2015,"UDCA can also interact with the farnesoid X receptor (FXR), which is implicated in cholestatic diseases",Bile acid metabolism,A2,yes,Metabolite signaling to immune cells,B7,yes,1b. Bile acid signaling,Class 1: Metabolite-mediated,yes,Bile acid metabolites,D5,yes,Context-dependent × Metabolic,Context-dependent,yes,SBA metabolite,exact,direct hit on secondary bile acid signaling
Paredes_2026,PAR_144,10,body,UDCA has conflicting FXR agonist/antagonist activity,SBA (UDCA)/FXR signaling,FXR,,none,community,context-dependent,unspecified,Prayitno 2023; Brevini 2023,"Some studies suggest that UDCA acts as an antagonist to FXR activation, whereas others have reported UDCA as an agonist",Bile acid metabolism,A2,yes,Metabolite signaling to immune cells,B7,yes,1b. Bile acid signaling,Class 1: Metabolite-mediated,yes,Bile acid metabolites,D5,yes,Context-dependent × Metabolic,Context-dependent,yes,SBA metabolite,exact,direct hit on secondary bile acid signaling
Paredes_2026,PAR_145,10,body,IMM risk index of five microbial metabolites predicts GVHD outcomes,immunomodulatory metabolite production,overall survival / GVHD / TRM / relapse,,none,community,protective,clinical cohort,Thiele 2024,"They developed the IMM risk index, based on levels of five microbial metabolites positively associated with outcome or of biological relevance for overall survival, severe GVHD, treatment-related mortality and disease relapse. Low versus high IMM risk index scores indicate high or depleted IMM levels and are associated with lower versus higher rates of GVHD-related complications",SCFA/butyrate production,A1,yes,Metabolite signaling to immune cells,B7,yes,1a. SCFA / butyrate signaling,Class 1: Metabolite-mediated,yes,SCFA / HDAC axis,D4,yes,Protective × Metabolic,Protective,yes,General/unspecified,no match,no clear alignment to existing categories
Paredes_2026,PAR_146,10,body,BCoAT butyrate biosynthesis pathway enriched in low-IMM-risk patients,butyrate biosynthesis (BCoAT),immunomodulatory metabolites,,none,community,protective,clinical cohort,Thiele 2024,"Butyrate biosynthesis pathways were enriched in patients with a low IMM risk index, in particular the butyryl-coenzyme A (CoA):acetate CoA transferase (BCoAT) pathway, which has a central role in SCFA production by gut microbiota",SCFA/butyrate production,A1,yes,Metabolite signaling to immune cells,B7,yes,1a. SCFA / butyrate signaling,Class 1: Metabolite-mediated,yes,SCFA / HDAC axis,D4,yes,Protective × Metabolic,Protective,yes,SCFA metabolite,exact,direct hit on SCFA/butyrate signaling
Paredes_2026,PAR_147,10,body,bacteriophage-encoded butyrate biosynthesis contributes to SCFA pool,butyrate biosynthesis,SCFA pool,bacteriophages,functional group,protective,clinical cohort,Thiele 2024,,"Bacteriophages encoding genes for butyrate production were also identified, suggesting that the gut virome may contribute to beneficial metabolite synthesis by introducing genetic pathways associated with SCFA generation to microorganisms through transduction",SCFA/butyrate production,A1,yes,Metabolite signaling to immune cells,B7,yes,1a. SCFA / butyrate signaling,Class 1: Metabolite-mediated,yes,Virome / mycobiome,D13,yes,Context-dependent × Metabolic,Context-dependent,yes,SCFA metabolite,exact,direct hit on SCFA/butyrate signaling
Paredes_2026,PAR_148,10,body,broad-spectrum antibiotics disrupt bacteria and virome and reduce SCFAs,,SCFA pool,,none,community,exacerbating,clinical cohort,Thiele 2024,patients who had received broad-spectrum antibiotics during allo-HCT exhibited disruptions in bacterial and viral communities and decreased levels of SCFAs,SCFA/butyrate production,A1,yes,Metabolite signaling to immune cells,B7,yes,5a. Antibiotic effects,Class 5: Therapeutic / intervention,yes,Virome / mycobiome,D13,yes,Exacerbating × Metabolic,Exacerbating,yes,SCFA metabolite,exact,direct hit on SCFA/butyrate signaling
Paredes_2026,PAR_149,10,body,low intestinal SCFAs linked to severe aGVHD,SCFA production,aGVHD severity,,none,community,exacerbating,clinical cohort,Payen 2020,low levels of intestinal SCFAs have been linked to severe aGVHD,SCFA/butyrate production,A1,yes,Metabolite signaling to immune cells,B7,yes,1a. SCFA / butyrate signaling,Class 1: Metabolite-mediated,yes,SCFA / HDAC axis,D4,yes,Exacerbating × Metabolic,Exacerbating,yes,SCFA metabolite,exact,direct hit on SCFA/butyrate signaling
Paredes_2026,PAR_150,10,body,indoles higher in GVHD-free recipients at onset,tryptophan/indole metabolism,GVHD onset,,none,community,protective,clinical cohort,Michonneau 2019,"tryptophan-derived metabolites, indoles, were higher in recipients without GVHD compared with those with GVHD, and these differences were especially evident at the onset of GVHD",Tryptophan/indole metabolism,A3,yes,Metabolite signaling to immune cells,B7,yes,1c. Tryptophan / indole signaling,Class 1: Metabolite-mediated,yes,Indole / aromatic AA metabolites,D6,yes,Protective × Metabolic,Protective,yes,Indole/tryptophan metabolite,exact,direct hit on tryptophan/indole/AhR axis
Paredes_2026,PAR_151,10,body,"allo-HCT shrinks bile acid pool, raises IEC FXR and lowers TGR5",bile acid metabolism,IEC FXR / TGR5 / epithelial homeostasis,,none,community,exacerbating,murine,Haring 2021,"allo-HCT disrupted bile acid metabolism, reducing the intestinal pool of bile acids and increasing the expression of FXR while decreasing the expression of TGR5 in the IECs, both of which, as mentioned above, are crucial for epithelial homeostasis and immune function",Bile acid metabolism,A2,yes,Epithelial barrier integrity,B2,yes,1b. Bile acid signaling,Class 1: Metabolite-mediated,yes,Bile acid metabolites,D5,yes,Exacerbating × Metabolic,Exacerbating,yes,SBA metabolite,exact,direct hit on secondary bile acid signaling
Paredes_2026,PAR_152,10,body,TUDCA protects IECs from TNF/IFNγ-induced apoptosis,SBA (TUDCA) signaling,IEC apoptosis,,none,community,protective,in vitro (IEC),Haring 2021,They identified tauroursodeoxycholic acid (TUDCA) as the most potent bile acid metabolite and demonstrated in vitro that it protected IECs from TNF-induced and IFNγ-induced apoptosis,Bile acid metabolism,A2,yes,Epithelial barrier integrity,B2,yes,1b. Bile acid signaling,Class 1: Metabolite-mediated,yes,Bile acid metabolites,D5,yes,Protective × Immune,Protective,yes,SBA metabolite,exact,direct hit on secondary bile acid signaling
Paredes_2026,PAR_153,10,body,TUDCA improves GVHD survival and downregulates IEC MHC class II,SBA (TUDCA) signaling,IEC MHC class II / GVHD severity,,none,community,protective,murine,Haring 2021,"In preclinical models of allo-HCT, mice treated with TUDCA had improved survival, lower histopathological GVHD scores in various target organs and lower serum cytokine levels. TUDCA also modulated antigen presentation by IECs by downregulating MHC class II expression",Microbial antigen presentation / T-cell priming,A6,yes,MHC II antigen presentation,B4,yes,1b. Bile acid signaling,Class 1: Metabolite-mediated,yes,Bile acid metabolites,D5,yes,Protective × Immune,Protective,yes,SBA metabolite,exact,direct hit on secondary bile acid signaling
Paredes_2026,PAR_154,10,body,TUDCA preserves graft-versus-leukemia activity,SBA (TUDCA) signaling,donor cytotoxic T lymphocytes / graft-versus-leukemia,,none,community,protective,murine,Haring 2021,"TUDCA preserved graft-versus-leukaemia activity, as donor cytotoxic T lymphocytes maintained their ability to eliminate leukaemic cells",Bile acid metabolism,A2,yes,Metabolite signaling to immune cells,B7,yes,1b. Bile acid signaling,Class 1: Metabolite-mediated,yes,Bile acid metabolites,D5,yes,Protective × Immune,Protective,yes,SBA metabolite,exact,direct hit on secondary bile acid signaling
Paredes_2026,PAR_155,10,body,TUDCA effects are independent of microbiota composition,SBA (TUDCA) signaling,gut epithelium,,none,community,context-dependent,murine,Haring 2021,"TUDCA did not significantly alter gut microbiota composition or diversity, indicating that the observed effects were independent of the gut bacteria and could instead be the result of a direct interaction with the epithelium",Bile acid metabolism,A2,yes,Metabolite signaling to immune cells,B7,yes,1b. Bile acid signaling,Class 1: Metabolite-mediated,yes,Bile acid metabolites,D5,yes,Context-dependent × Immune,Context-dependent,yes,SBA metabolite,exact,direct hit on secondary bile acid signaling
Paredes_2026,PAR_156,10,body,GVHD reduces microbial BSH gene abundance and SBA production,bile salt hydrolase (BSH) / SBA production,secondary bile acid pool,,none,community,exacerbating,murine,Lindner 2024,"mice exhibiting GVHD had significantly reduced abundance of the gene encoding microbial bile salt hydrolase (BSH), the protein product of which helps transform primary bile acids into secondary ones",Bile acid metabolism,A2,yes,Metabolite signaling to immune cells,B7,yes,1b. Bile acid signaling,Class 1: Metabolite-mediated,yes,Bile acid metabolites,D5,yes,Exacerbating × Metabolic,Exacerbating,yes,SBA metabolite,exact,direct hit on secondary bile acid signaling
Paredes_2026,PAR_157,10,body,GVHD patients lose bile-acid-metabolizing taxa,bile acid metabolism,secondary bile acid pool,,none,community,exacerbating,clinical cohort,Lindner 2024,Metagenomic analysis of faecal samples from patients with GVHD revealed a loss of key bacterial taxa responsible for bile acid metabolism,Bile acid metabolism,A2,yes,Metabolite signaling to immune cells,B7,yes,1b. Bile acid signaling,Class 1: Metabolite-mediated,yes,Bile acid metabolites,D5,yes,Exacerbating × Metabolic,Exacerbating,yes,SBA metabolite,exact,direct hit on secondary bile acid signaling
Paredes_2026,PAR_158,10,body,downregulation of BSH and bai genes reduces SBA production in GVHD,BSH / 7α-dehydroxylation (bai operon),secondary bile acid pool,,none,community,exacerbating,clinical cohort,Lindner 2024,"functional metagenomic analysis confirmed the downregulation of the gene encoding BSH, and uncovered the downregulation of genes such as baiA, baiB, baiCD and baiE, which catalyse 7α-dehydroxylation, another key reaction in SBA production",Bile acid metabolism,A2,yes,Metabolite signaling to immune cells,B7,yes,1b. Bile acid signaling,Class 1: Metabolite-mediated,yes,Bile acid metabolites,D5,yes,Exacerbating × Metabolic,Exacerbating,yes,SBA metabolite,exact,direct hit on secondary bile acid signaling
Paredes_2026,PAR_159,10,body,microbial SBAs attenuate CDCA-induced FXR signaling,SBA/FXR signaling,FXR,,none,community,protective,in vitro (FXR reporter),Lindner 2024,"the host-derived primary bile acid chenodeoxycholic acid (CDCA) induced strong FXR signalling, whereas various microorganism-derived SBAs lowered CDCA-induced FXR activation, suggesting that microbial bile acid metabolism impacts FXR activation",Bile acid metabolism,A2,yes,Metabolite signaling to immune cells,B7,yes,1b. Bile acid signaling,Class 1: Metabolite-mediated,yes,Bile acid metabolites,D5,yes,Protective × Metabolic,Protective,yes,SBA metabolite,exact,direct hit on secondary bile acid signaling
Paredes_2026,PAR_160,10,body,T cell FXR ablation reduces GI and liver GVHD,FXR signaling,donor T cells / large intestine / liver,,none,community,protective,murine,Lindner 2024,"T cell-specific FXR ablation reduced GVHD histopathology scores in the large intestine and liver, but not in other organs, suggesting that FXR signalling may modulate allogenic T cell functions in organs exposed to microorganism-derived bile acids",Bile acid metabolism,A2,yes,Metabolite signaling to immune cells,B7,yes,1b. Bile acid signaling,Class 1: Metabolite-mediated,yes,Bile acid metabolites,D5,yes,Protective × Metabolic,Protective,yes,SBA metabolite,exact,direct hit on secondary bile acid signaling
Paredes_2026,PAR_161,10,body,FXR activation worsens and FXR ablation improves GVHD mortality,FXR signaling,donor T cells / GVHD mortality,,none,community,exacerbating,murine,Lindner 2024,"in mice with GVHD, pharmacological activation of FXR led to increased mortality, whereas genetic ablation of FXR in donor T cells decreased mortality",Bile acid metabolism,A2,yes,Metabolite signaling to immune cells,B7,yes,1b. Bile acid signaling,Class 1: Metabolite-mediated,yes,Bile acid metabolites,D5,yes,Exacerbating × Metabolic,Exacerbating,yes,SBA metabolite,exact,direct hit on secondary bile acid signaling
Paredes_2026,PAR_162,10,body,UDCA associates with reduced T cell proliferation and lower GVHD-related mortality,SBA (UDCA)/FXR signaling,T cell proliferation / GVHD mortality,,none,community,protective,clinical cohort,Lindner 2024,Lindner et al. also revealed associations between the purported FXR antagonist UDCA and both reduced T cell proliferation and lower risk of GVHD-related mortality in patients,Bile acid metabolism,A2,yes,Metabolite signaling to immune cells,B7,yes,1b. Bile acid signaling,Class 1: Metabolite-mediated,yes,Bile acid metabolites,D5,yes,Protective × Immune,Protective,yes,SBA metabolite,exact,direct hit on secondary bile acid signaling
Paredes_2026,PAR_163,10,body,Clostridium XIVa restoration is a candidate strategy to restore SBA metabolism,bile acid metabolism,SBA pool,Clostridium cluster XIVa,functional group,protective,unspecified,Lindner 2024,,"replenishing bacterial strains capable of bile acid metabolism, such as Clostridium cluster XIVa and Ruminococcus species, or supplementation with specific SBAs such as UDCA",Bile acid metabolism,A2,yes,Metabolite signaling to immune cells,B7,yes,1b. Bile acid signaling,Class 1: Metabolite-mediated,yes,Virome / mycobiome,D13,yes,Context-dependent × Metabolic,Context-dependent,yes,SBA metabolite,exact,direct hit on secondary bile acid signaling
Paredes_2026,PAR_164,10,body,Ruminococcus restoration is a candidate strategy to restore SBA metabolism,bile acid metabolism,SBA pool,Ruminococcus,genus,protective,unspecified,Lindner 2024,,"replenishing bacterial strains capable of bile acid metabolism, such as Clostridium cluster XIVa and Ruminococcus species, or supplementation with specific SBAs such as UDCA",Bile acid metabolism,A2,yes,Metabolite signaling to immune cells,B7,yes,1b. Bile acid signaling,Class 1: Metabolite-mediated,yes,Virome / mycobiome,D13,yes,Context-dependent × Metabolic,Context-dependent,yes,SBA metabolite,exact,direct hit on secondary bile acid signaling
Paredes_2026,PAR_165,10,body,UDCA supplementation restores bile acid balance and limits T cell inflammation via FXR antagonism,SBA (UDCA)/FXR signaling,bile acid balance / T cell inflammation,,none,community,protective,clinical cohort,Lindner 2024,"supplementation with UDCA in patients with GVHD restored bile acid balance and limited T cell-driven inflammation, in part, by inhibiting FXR activation via its antagonistic activity",Bile acid metabolism,A2,yes,Metabolite signaling to immune cells,B7,yes,1b. Bile acid signaling,Class 1: Metabolite-mediated,yes,Bile acid metabolites,D5,yes,Protective × Metabolic,Protective,yes,SBA metabolite,exact,direct hit on secondary bile acid signaling
Paredes_2026,PAR_166,11,body,dysregulated IL-1 signaling in GVHD immune cells,,IL-1β / IL-1R1 / IL-1RAP / IL-1RN,,none,community,exacerbating,clinical cohort,Han 2024,"in the GVHD group, a dysregulated IL-1-mediated immune response was identified, characterized by increased expression of IL-1β, IL-1 receptor type 1 (IL-1R1) and IL-1 receptor accessory protein (IL-1RAP), and decreased expression of IL-1 receptor antagonist protein (IL-1RN; the natural inhibitor of IL-1 signalling) by several immune cell subsets",Community-level / unattributed,A10,partial,Community-level outcome associations,B9,yes,4a. Diversity / dysbiosis,Class 4: Community-level / dysbiosis,yes,Phase 2 — Adaptive / T-cell (immune interplay),D2,yes,Exacerbating × Community,Exacerbating,yes,General/unspecified,no match,no clear alignment to existing categories
Paredes_2026,PAR_167,11,body,microbial compounds drive IL-1 production,microbial PAMP signaling,IL-1,,none,community,exacerbating,unspecified,Kovtonyuk 2022,microbial compounds are known drivers of IL-1 production,LPS/MAMP/PRR signaling,A4,yes,Innate immune / barrier initiation (conditioning),B1,yes,2a. Innate immune,Class 2: Immune cell targeting,yes,Phase 1 — Innate / MAMP / conditioning,D1,yes,Exacerbating × Immune,Exacerbating,yes,Innate/TLR-LPS,exact,direct hit on LPS/TLR/innate PRR signaling
Paredes_2026,PAR_168,11,body,"antimicrobial peptides (resistin, defensins) upregulated in GVHD-free patients",antimicrobial peptide production,immune effector cells / disease severity,,none,community,protective,clinical cohort,Han 2024,"patients without GVHD exhibited an upregulation of antimicrobial peptides, such as resistin and defensins on immune effector cells, suggesting antimicrobial efficiency that may have a role in mitigating disease severity",Community-level / unattributed,A10,partial,Community-level outcome associations,B9,yes,4a. Diversity / dysbiosis,Class 4: Community-level / dysbiosis,yes,Dysbiosis risk / clinical impact,D10,yes,Protective × Community,Protective,yes,General/unspecified,no match,no clear alignment to existing categories
Paredes_2026,PAR_169,11,body,Bacteroides depletion in aGVHD impairs SBA production,SBA production,secondary bile acid pool,Bacteroides,genus,protective,clinical cohort,Han 2024,,"significant changes in the gut microbial composition between patients with and without aGVHD, including a reduced abundance of Bacteroides, key bacterial producers of SBAs, in the GVHD group",Bile acid metabolism,A2,yes,Metabolite signaling to immune cells,B7,yes,1b. Bile acid signaling,Class 1: Metabolite-mediated,yes,Bile acid metabolites,D5,yes,Context-dependent × Metabolic,Context-dependent,yes,SBA metabolite,exact,direct hit on secondary bile acid signaling
Paredes_2026,PAR_170,11,body,Clostridia taxa enriched in GVHD-free patients,,,Clostridia,class,protective,clinical cohort,Han 2024,,several Clostridia-affiliated taxa enriched in the non-GVHD group,Community-level / unattributed,A10,partial,Community-level outcome associations,B9,yes,4a. Diversity / dysbiosis,Class 4: Community-level / dysbiosis,yes,Dysbiosis risk / clinical impact,D10,yes,Context-dependent × Community,Context-dependent,yes,General/unspecified,no match,no clear alignment to existing categories
Paredes_2026,PAR_171,11,body,"Clostridia-linked SBAs (isoCDCA, 6-keto-LCA, 3-oxo-CA) reduced in aGVHD",SBA production (isoCDCA, 6-keto-LCA, 3-oxo-CA),secondary bile acid pool,Clostridia,class,protective,clinical cohort,"those patients with aGVHD had disrupted bile acid metabolism and reduced levels of SBAs including isochenodeoxycholic acid (isoCDCA), 6-keto-lithocholic acid (6-keto-LCA) and 3-oxocholic acid (3-oxo-CA). In patients without GVHD, these bile acids were positively associated with several enriched Clostridia taxa",Bile acid metabolism,A2,yes,Metabolite signaling to immune cells,B7,yes,1b. Bile acid signaling,Class 1: Metabolite-mediated,yes,Bile acid metabolites,D5,yes,Context-dependent × Metabolic,Context-dependent,yes,SBA metabolite,exact,direct hit on secondary bile acid signaling
Paredes_2026,PAR_172,11,body,dysbiosis and aGVHD reinforce each other bidirectionally,,,,none,community,exacerbating,unspecified,Thiele 2024; Seike 2023; Han 2024,there is a bidirectional relationship between dysbiosis of the gut microbiota and aGVHD onset when tissue injury and immune activation are amplified in a cycle in which GVHD and dysbiosis reinforce one another,Dysbiosis / diversity loss,A9,yes,Community-level outcome associations,B9,yes,4a. Diversity / dysbiosis,Class 4: Community-level / dysbiosis,yes,Dysbiosis risk / clinical impact,D10,yes,Exacerbating × Community,Exacerbating,yes,Diversity/commensal depletion,exact,diversity loss / commensal depletion
Paredes_2026,PAR_173,11,body,higher intestinal diversity associated with ~halved GVHD-related mortality,,GVHD-related mortality,,none,community,protective,clinical cohort,Peled 2020,higher intestinal diversity was associated with a significantly reduced risk of GVHD-related mortality (hazard ratio 0.49; 95% confidence interval 0.26–0.90) over a 24-month follow-up period,Community-level / unattributed,A10,partial,Community-level outcome associations,B9,yes,4a. Diversity / dysbiosis,Class 4: Community-level / dysbiosis,yes,Dysbiosis risk / clinical impact,D10,yes,Protective × Community,Protective,yes,General/unspecified,no match,no clear alignment to existing categories
Paredes_2026,PAR_174,11,body,gut decontamination lessens aGVHD severity,,aGVHD severity,,none,community,protective,murine,Jones 1971; Bekkum 1974; Storb 1983,the eradication of intestinal microorganisms can lessen aGVHD severity,Community-level / unattributed,A10,partial,Community-level outcome associations,B9,yes,5a. Antibiotic effects,Class 5: Therapeutic / intervention,yes,Dysbiosis risk / clinical impact,D10,yes,Protective × Community,Protective,yes,General/unspecified,no match,no clear alignment to existing categories
Paredes_2026,PAR_175,11,body,modern gut-decontamination trials show no clear GVHD advantage,,aGVHD outcomes,,none,community,context-dependent,clinical trial,Beelen 1999; Beelen 1992; Vossen 1990; Severyn 2022,"more recent clinical trials showed no clear advantage, although they were potentially confounded by a lack of treatment standardization across centres, and the most recent randomized phase II trial found no impact on GVHD-related outcomes",Community-level / unattributed,A10,partial,Community-level outcome associations,B9,yes,5a. Antibiotic effects,Class 5: Therapeutic / intervention,yes,Dysbiosis risk / clinical impact,D10,yes,Context-dependent × Community,Context-dependent,yes,General/unspecified,no match,no clear alignment to existing categories
Paredes_2026,PAR_176,11,body,broad-spectrum antibiotic exposure associates with worse GVHD,,GVHD incidence / severity,,none,community,exacerbating,clinical cohort,Shono 2016; Weber 2017; Hidaka 2018; Lee 2019; Farowski 2018; Han 2019; Weber 2018,broad-spectrum antibiotic exposure in patients receiving allo-HCT is associated with severe perturbations of the gut microbiome and higher incidences and severity of GVHD,Community-level / unattributed,A10,partial,Community-level outcome associations,B9,yes,5a. Antibiotic effects,Class 5: Therapeutic / intervention,yes,Recipient ecosystem disruption,D7,yes,Exacerbating × Community,Exacerbating,yes,General/unspecified,no match,no clear alignment to existing categories
Paredes_2026,PAR_177,11,body,narrow-spectrum antibiotics spare Blautia and other beneficial anaerobes,,beneficial anaerobes,Blautia,genus,protective,clinical cohort,Shono 2016; Weber 2018,,"antibiotic stewardship via evidence-based use of narrow-spectrum antibiotics, ideally for a short duration of time, is prudent to spare beneficial anaerobic bacteria (for example, Blautia spp.)",Community-level / unattributed,A10,partial,Community-level outcome associations,B9,yes,5a. Antibiotic effects,Class 5: Therapeutic / intervention,yes,Dysbiosis risk / clinical impact,D10,yes,Context-dependent × Community,Context-dependent,yes,General/unspecified,no match,no clear alignment to existing categories
Paredes_2026,PAR_178,11,body,early carbapenem exposure associated with higher aGVHD rates,,aGVHD incidence,,none,community,exacerbating,clinical cohort,Tanaka 2020,"evidence against the use of carbapenems in the first 2 weeks following allo-HCT, which has been associated with higher aGVHD rates in a large retrospective study",Community-level / unattributed,A10,partial,Community-level outcome associations,B9,yes,5a. Antibiotic effects,Class 5: Therapeutic / intervention,yes,Dysbiosis risk / clinical impact,D10,yes,Exacerbating × Community,Exacerbating,yes,General/unspecified,no match,no clear alignment to existing categories
Paredes_2026,PAR_179,11,body,oral charcoal or β-lactamase sequesters/degrades colonic antibiotics to prevent dysbiosis,antibiotic sequestration / degradation,gut microbiome,,none,community,protective,clinical trial,Rashidi 2023; Vehreschild 2022; Kokai-Kun 2019,"oral administration of either polymer-coated activated charcoal (allowing for its liberation in the ileum and the inactivation of antibiotics in the colon) or β-lactamases, which degrade excess antibiotics, can prevent dysbiosis",Dysbiosis / diversity loss,A9,yes,Community-level outcome associations,B9,yes,5a. Antibiotic effects,Class 5: Therapeutic / intervention,yes,Therapeutic strategies,D14,yes,Protective × Community,Protective,yes,Diversity/commensal depletion,exact,diversity loss / commensal depletion
Paredes_2026,PAR_180,11,body,defined microbial consortia can replete the microbiome,microbial consortium therapy,gut microbiome,,none,community,protective,unspecified,Menon 2025,microbiome-repletion strategies could be used to reintroduce defined microbial consortia,Community-level / unattributed,A10,partial,Community-level outcome associations,B9,yes,5c. Probiotic / FMT / defined consortium,Class 5: Therapeutic / intervention,yes,Dysbiosis risk / clinical impact,D10,yes,Protective × Community,Protective,yes,General/unspecified,no match,no clear alignment to existing categories
Paredes_2026,PAR_181,11,body,enteral over parenteral nutrition reduces aGVHD incidence,enteral nutrition,aGVHD incidence / gastrointestinal aGVHD,,none,community,protective,systematic review,Baumgartner 2017,A systematic review and meta-analysis confirmed the superiority of enteral nutrition over parenteral nutrition in reducing the incidence of aGVHD and gastrointestinal aGVHD but found no differences in 100-day overall survival,Community-level / unattributed,A10,partial,Community-level outcome associations,B9,yes,5b. Dietary / prebiotic interventions,Class 5: Therapeutic / intervention,yes,Therapeutic strategies,D14,yes,Protective × Community,Protective,yes,General/unspecified,no match,no clear alignment to existing categories
Paredes_2026,PAR_182,12,table 1,SCFA production from dietary fibre via GPCR/GPR43 signaling,SCFA production from dietary fibre,GPR43 / gut barrier / anti-inflammatory,Faecalibacterium prausnitzii,species,protective,unspecified,Thiele 2024,,"SCFAs; Faecalibacterium prausnitzii, Bifidobacterium, Ruminococcus; Dietary fibre; Bind to GPCRs, such as GPR43; Anti-inflammatory effects, maintenance of gut barrier integrity",SCFA/butyrate production,A1,yes,Epithelial barrier integrity,B2,yes,5b. Dietary / prebiotic interventions,Class 5: Therapeutic / intervention,yes,SCFA / HDAC axis,D4,yes,Context-dependent × Metabolic,Context-dependent,yes,SCFA metabolite,exact,direct hit on SCFA/butyrate signaling
Paredes_2026,PAR_183,12,table 1,SCFA production from dietary fibre via GPCR/GPR43 signaling,SCFA production from dietary fibre,GPR43 / gut barrier / anti-inflammatory,Bifidobacterium,genus,protective,unspecified,Thiele 2024,,"SCFAs; Faecalibacterium prausnitzii, Bifidobacterium, Ruminococcus; Dietary fibre; Bind to GPCRs, such as GPR43; Anti-inflammatory effects, maintenance of gut barrier integrity",SCFA/butyrate production,A1,yes,Epithelial barrier integrity,B2,yes,5b. Dietary / prebiotic interventions,Class 5: Therapeutic / intervention,yes,SCFA / HDAC axis,D4,yes,Context-dependent × Metabolic,Context-dependent,yes,SCFA metabolite,exact,direct hit on SCFA/butyrate signaling
Paredes_2026,PAR_184,12,table 1,SCFA production from dietary fibre via GPCR/GPR43 signaling,SCFA production from dietary fibre,GPR43 / gut barrier / anti-inflammatory,Ruminococcus,genus,protective,unspecified,Thiele 2024,,"SCFAs; Faecalibacterium prausnitzii, Bifidobacterium, Ruminococcus; Dietary fibre; Bind to GPCRs, such as GPR43; Anti-inflammatory effects, maintenance of gut barrier integrity",SCFA/butyrate production,A1,yes,Epithelial barrier integrity,B2,yes,5b. Dietary / prebiotic interventions,Class 5: Therapeutic / intervention,yes,SCFA / HDAC axis,D4,yes,Context-dependent × Metabolic,Context-dependent,yes,SCFA metabolite,exact,direct hit on SCFA/butyrate signaling
Paredes_2026,PAR_185,12,table 1,butyrate from fibre inhibits HDACs and promotes Treg differentiation,butyrate production / HDAC inhibition,gut barrier / Tregs / pro-inflammatory cytokines,Faecalibacterium prausnitzii,species,protective,unspecified,Burgos da Silva 2022; Payen 2020,,"Butyrate or butyric acid; F. prausnitzii, Roseburia hominis, Eubacterium rectale; Dietary fibre, resistant starch; Stimulates mucosal healing; inhibits HDACs; Maintenance of gut barrier integrity and function, immune modulation, such as promotion of Treg cell differentiation, enhancement of microbial diversity, reduced production of pro-inflammatory cytokines, and promotion of anti-inflammatory pathways",SCFA/butyrate production,A1,yes,Epithelial barrier integrity,B2,yes,1a. SCFA / butyrate signaling,Class 1: Metabolite-mediated,yes,SCFA / HDAC axis,D4,yes,Context-dependent × Metabolic,Context-dependent,yes,SCFA metabolite,exact,direct hit on SCFA/butyrate signaling
Paredes_2026,PAR_186,12,table 1,butyrate from fibre inhibits HDACs and promotes Treg differentiation,butyrate production / HDAC inhibition,gut barrier / Tregs / pro-inflammatory cytokines,Roseburia hominis,species,protective,unspecified,Burgos da Silva 2022; Payen 2020,,"Butyrate or butyric acid; F. prausnitzii, Roseburia hominis, Eubacterium rectale; Dietary fibre, resistant starch; Stimulates mucosal healing; inhibits HDACs; Maintenance of gut barrier integrity and function, immune modulation, such as promotion of Treg cell differentiation, enhancement of microbial diversity, reduced production of pro-inflammatory cytokines, and promotion of anti-inflammatory pathways",SCFA/butyrate production,A1,yes,Epithelial barrier integrity,B2,yes,1a. SCFA / butyrate signaling,Class 1: Metabolite-mediated,yes,SCFA / HDAC axis,D4,yes,Context-dependent × Metabolic,Context-dependent,yes,SCFA metabolite,exact,direct hit on SCFA/butyrate signaling
Paredes_2026,PAR_187,12,table 1,butyrate from fibre inhibits HDACs and promotes Treg differentiation,butyrate production / HDAC inhibition,gut barrier / Tregs / pro-inflammatory cytokines,Eubacterium rectale,species,protective,unspecified,Burgos da Silva 2022; Payen 2020,,"Butyrate or butyric acid; F. prausnitzii, Roseburia hominis, Eubacterium rectale; Dietary fibre, resistant starch; Stimulates mucosal healing; inhibits HDACs; Maintenance of gut barrier integrity and function, immune modulation, such as promotion of Treg cell differentiation, enhancement of microbial diversity, reduced production of pro-inflammatory cytokines, and promotion of anti-inflammatory pathways",SCFA/butyrate production,A1,yes,Epithelial barrier integrity,B2,yes,1a. SCFA / butyrate signaling,Class 1: Metabolite-mediated,yes,SCFA / HDAC axis,D4,yes,Context-dependent × Metabolic,Context-dependent,yes,SCFA metabolite,exact,direct hit on SCFA/butyrate signaling
Paredes_2026,PAR_188,12,table 1,propionate from fibre inhibits pro-inflammatory cytokines,propionate production,gut immune environment,Bacteroides thetaiotaomicron,species,protective,unspecified,Schwabkey 2022; Michonneau 2019,,"Propionate; Bacteroides thetaiotaomicron, Propionibacterium freudenreichii; Dietary fibre; Inhibits pro-inflammatory cytokine release and modulates gut immune environment; Immune regulation, inflammation reduction",SCFA/butyrate production,A1,yes,Metabolite signaling to immune cells,B7,yes,1a. SCFA / butyrate signaling,Class 1: Metabolite-mediated,yes,SCFA / HDAC axis,D4,yes,Context-dependent × Metabolic,Context-dependent,yes,SCFA metabolite,exact,direct hit on SCFA/butyrate signaling
Paredes_2026,PAR_189,12,table 1,propionate from fibre inhibits pro-inflammatory cytokines,propionate production,gut immune environment,Propionibacterium freudenreichii,species,protective,unspecified,Schwabkey 2022; Michonneau 2019,,"Propionate; Bacteroides thetaiotaomicron, Propionibacterium freudenreichii; Dietary fibre; Inhibits pro-inflammatory cytokine release and modulates gut immune environment; Immune regulation, inflammation reduction",SCFA/butyrate production,A1,yes,Metabolite signaling to immune cells,B7,yes,1a. SCFA / butyrate signaling,Class 1: Metabolite-mediated,yes,SCFA / HDAC axis,D4,yes,Context-dependent × Metabolic,Context-dependent,yes,SCFA metabolite,exact,direct hit on SCFA/butyrate signaling
Paredes_2026,PAR_190,12,table 1,Clostridium-derived DCA/taurocholic acid acts via FXR,bile acid (DCA, taurocholic acid) production / FXR signaling,T cell activation / cytokine production,Clostridium,genus,protective,unspecified,Han 2024,"Bile acids: taurocholic acid and deoxycholic acid (DCA); Clostridium spp., Bacteroides spp.; Cholesterol; Interacts with FXR receptors, controlling cytokine production and immune responses; dysbiosis alters bile acid metabolism, promoting inflammation; Regulation of T cell activation and cytokine production",Bile acid metabolism,A2,yes,Metabolite signaling to immune cells,B7,yes,1b. Bile acid signaling,Class 1: Metabolite-mediated,yes,Bile acid metabolites,D5,yes,Protective × Metabolic,Protective,yes,SBA metabolite,exact,direct hit on secondary bile acid signaling
Paredes_2026,PAR_191,12,table 1,Bacteroides-derived DCA/taurocholic acid acts via FXR,bile acid (DCA, taurocholic acid) production / FXR signaling,T cell activation / cytokine production,Bacteroides,genus,protective,unspecified,Han 2024,"Bile acids: taurocholic acid and deoxycholic acid (DCA); Clostridium spp., Bacteroides spp.; Cholesterol; Interacts with FXR receptors, controlling cytokine production and immune responses; dysbiosis alters bile acid metabolism, promoting inflammation; Regulation of T cell activation and cytokine production",Bile acid metabolism,A2,yes,Metabolite signaling to immune cells,B7,yes,1b. Bile acid signaling,Class 1: Metabolite-mediated,yes,Bile acid metabolites,D5,yes,Protective × Metabolic,Protective,yes,SBA metabolite,exact,direct hit on secondary bile acid signaling
Paredes_2026,PAR_192,12,table 1,SBAs from Clostridium scindens modulate FXR and TGR5,SBA production / FXR / TGR5 signaling,epithelial barrier / inflammation,Clostridium scindens,species,protective,unspecified,Michonneau 2019; Haring 2021,,"Secondary bile acids (SBAs); Clostridium scindens, Ruminococcus gnavus, Eubacterium spp.; Primary bile acids; Modulates FXR and TGR5 signalling; Inflammation reduction and improved epithelial barrier function",Bile acid metabolism,A2,yes,Epithelial barrier integrity,B2,yes,1b. Bile acid signaling,Class 1: Metabolite-mediated,yes,Bile acid metabolites,D5,yes,Context-dependent × Metabolic,Context-dependent,yes,SBA metabolite,exact,direct hit on secondary bile acid signaling
Paredes_2026,PAR_193,12,table 1,SBAs from Ruminococcus gnavus modulate FXR and TGR5,SBA production / FXR / TGR5 signaling,epithelial barrier / inflammation,Ruminococcus gnavus,species,protective,unspecified,Michonneau 2019; Haring 2021,,"Secondary bile acids (SBAs); Clostridium scindens, Ruminococcus gnavus, Eubacterium spp.; Primary bile acids; Modulates FXR and TGR5 signalling; Inflammation reduction and improved epithelial barrier function",Bile acid metabolism,A2,yes,Epithelial barrier integrity,B2,yes,1b. Bile acid signaling,Class 1: Metabolite-mediated,yes,Bile acid metabolites,D5,yes,Context-dependent × Metabolic,Context-dependent,yes,SBA metabolite,exact,direct hit on secondary bile acid signaling
Paredes_2026,PAR_194,12,table 1,SBAs from Eubacterium modulate FXR and TGR5,SBA production / FXR / TGR5 signaling,epithelial barrier / inflammation,Eubacterium,genus,protective,unspecified,Michonneau 2019; Haring 2021,,"Secondary bile acids (SBAs); Clostridium scindens, Ruminococcus gnavus, Eubacterium spp.; Primary bile acids; Modulates FXR and TGR5 signalling; Inflammation reduction and improved epithelial barrier function",Bile acid metabolism,A2,yes,Epithelial barrier integrity,B2,yes,1b. Bile acid signaling,Class 1: Metabolite-mediated,yes,Bile acid metabolites,D5,yes,Context-dependent × Metabolic,Context-dependent,yes,SBA metabolite,exact,direct hit on secondary bile acid signaling
Paredes_2026,PAR_195,12,table 1,TUDCA from Clostridium reduces ER stress via FXR/TGR5,TUDCA production / FXR / TGR5 signaling,ER stress / epithelial barrier / pro-inflammatory cytokines,Clostridium,genus,protective,unspecified,Haring 2021; Lindner 2024,,"Tauroursodeoxycholic acid (TUDCA); Clostridium, Bacteroides; Primary bile acids; Activates FXR and TGR5 to reduce endoplasmic reticulum stress; Suppression of the release of pro-inflammatory cytokines, enhanced epithelial barrier integrity; FDA approved for liver diseases",Bile acid metabolism,A2,yes,Epithelial barrier integrity,B2,yes,1b. Bile acid signaling,Class 1: Metabolite-mediated,yes,Bile acid metabolites,D5,yes,Context-dependent × Metabolic,Context-dependent,yes,SBA metabolite,exact,direct hit on secondary bile acid signaling
Paredes_2026,PAR_196,12,table 1,TUDCA from Bacteroides reduces ER stress via FXR/TGR5,TUDCA production / FXR / TGR5 signaling,ER stress / epithelial barrier / pro-inflammatory cytokines,Bacteroides,genus,protective,unspecified,Haring 2021; Lindner 2024,,"Tauroursodeoxycholic acid (TUDCA); Clostridium, Bacteroides; Primary bile acids; Activates FXR and TGR5 to reduce endoplasmic reticulum stress; Suppression of the release of pro-inflammatory cytokines, enhanced epithelial barrier integrity; FDA approved for liver diseases",Bile acid metabolism,A2,yes,Epithelial barrier integrity,B2,yes,1b. Bile acid signaling,Class 1: Metabolite-mediated,yes,Bile acid metabolites,D5,yes,Context-dependent × Metabolic,Context-dependent,yes,SBA metabolite,exact,direct hit on secondary bile acid signaling
Paredes_2026,PAR_197,12,table 1,UDCA from Clostridium leptum restores bile acid balance,UDCA production,bile acid balance / gut epithelial barrier / pro-inflammatory cytokines,Clostridium leptum,species,protective,unspecified,Lindner 2024,,"Ursodeoxycholic acid (UDCA); Clostridium cluster XIVa (for example, Clostridium leptum, Clostridium coccoides); Primary bile acids; Restores bile acid balance; Reduced production of pro-inflammatory cytokines, gut epithelial barrier repair; FDA approved for liver diseases",Bile acid metabolism,A2,yes,Epithelial barrier integrity,B2,yes,1b. Bile acid signaling,Class 1: Metabolite-mediated,yes,Bile acid metabolites,D5,yes,Context-dependent × Metabolic,Context-dependent,yes,SBA metabolite,exact,direct hit on secondary bile acid signaling
Paredes_2026,PAR_198,12,table 1,UDCA from Clostridium coccoides restores bile acid balance,UDCA production,bile acid balance / gut epithelial barrier / pro-inflammatory cytokines,Clostridium coccoides,species,protective,unspecified,Lindner 2024,,"Ursodeoxycholic acid (UDCA); Clostridium cluster XIVa (for example, Clostridium leptum, Clostridium coccoides); Primary bile acids; Restores bile acid balance; Reduced production of pro-inflammatory cytokines, gut epithelial barrier repair; FDA approved for liver diseases",Bile acid metabolism,A2,yes,Epithelial barrier integrity,B2,yes,1b. Bile acid signaling,Class 1: Metabolite-mediated,yes,Bile acid metabolites,D5,yes,Context-dependent × Metabolic,Context-dependent,yes,SBA metabolite,exact,direct hit on secondary bile acid signaling
Paredes_2026,PAR_199,12,table 1,LCA from Clostridium reduces T cell-driven inflammation via FXR,LCA production from CDCA / FXR signaling,T cell inflammation,Clostridium,genus,protective,unspecified,Lindner 2024,,"Lithocholic acid (LCA); Clostridium; CDCA; Acts through FXR to reduce T cell-driven inflammation and promote immune homeostasis; Anti-inflammatory properties, reduction of pro-inflammatory T cell activity",Bile acid metabolism,A2,yes,Metabolite signaling to immune cells,B7,yes,1b. Bile acid signaling,Class 1: Metabolite-mediated,yes,Bile acid metabolites,D5,yes,Context-dependent × Metabolic,Context-dependent,yes,SBA metabolite,exact,direct hit on secondary bile acid signaling
Paredes_2026,PAR_200,13,table 1,B. fragilis tryptophan catabolism yields immune-modulating metabolites,tryptophan catabolism,immune cells / GVHD severity,Bacteroides fragilis,species,protective,unspecified,Weber 2015,,"Tryptophan; Bacteroides fragilis, Clostridium sporogenes, Eubacterium hallii; Dietary protein; Converted into bioactive metabolites that regulate immune cells; Restores microbial diversity and enhances production of immune-modulating metabolites; reduces the severity of GVHD",Tryptophan/indole metabolism,A3,yes,Metabolite signaling to immune cells,B7,yes,1c. Tryptophan / indole signaling,Class 1: Metabolite-mediated,yes,Indole / aromatic AA metabolites,D6,yes,Context-dependent × Metabolic,Context-dependent,yes,Indole/tryptophan metabolite,exact,direct hit on tryptophan/indole/AhR axis
Paredes_2026,PAR_201,13,table 1,C. sporogenes tryptophan catabolism yields immune-modulating metabolites,tryptophan catabolism,immune cells / GVHD severity,Clostridium sporogenes,species,protective,unspecified,Weber 2015,,"Tryptophan; Bacteroides fragilis, Clostridium sporogenes, Eubacterium hallii; Dietary protein; Converted into bioactive metabolites that regulate immune cells; Restores microbial diversity and enhances production of immune-modulating metabolites; reduces the severity of GVHD",Tryptophan/indole metabolism,A3,yes,Metabolite signaling to immune cells,B7,yes,1c. Tryptophan / indole signaling,Class 1: Metabolite-mediated,yes,Indole / aromatic AA metabolites,D6,yes,Context-dependent × Metabolic,Context-dependent,yes,Indole/tryptophan metabolite,exact,direct hit on tryptophan/indole/AhR axis
Paredes_2026,PAR_202,13,table 1,E. hallii tryptophan catabolism yields immune-modulating metabolites,tryptophan catabolism,immune cells / GVHD severity,Eubacterium hallii,species,protective,unspecified,Weber 2015,,"Tryptophan; Bacteroides fragilis, Clostridium sporogenes, Eubacterium hallii; Dietary protein; Converted into bioactive metabolites that regulate immune cells; Restores microbial diversity and enhances production of immune-modulating metabolites; reduces the severity of GVHD",Tryptophan/indole metabolism,A3,yes,Metabolite signaling to immune cells,B7,yes,1c. Tryptophan / indole signaling,Class 1: Metabolite-mediated,yes,Indole / aromatic AA metabolites,D6,yes,Context-dependent × Metabolic,Context-dependent,yes,Indole/tryptophan metabolite,exact,direct hit on tryptophan/indole/AhR axis
Paredes_2026,PAR_203,13,table 1,C. sporogenes IPA activates PXR for anti-inflammatory and barrier protection,indole-3-propionic acid (IPA) production / PXR activation,gut lining / immune responses,Clostridium sporogenes,species,protective,unspecified,Weber 2015,,"Indole-3-propionic acid (IPA); C. sporogenes; Dietary protein, tryptophan; Activates the PXR; Antioxidant and anti-inflammatory properties, protection of the gut lining and modulation of immune responses; immune regulation and tolerance, inflammation reduction",Tryptophan/indole metabolism,A3,yes,Metabolite signaling to immune cells,B7,yes,1c. Tryptophan / indole signaling,Class 1: Metabolite-mediated,yes,Indole / aromatic AA metabolites,D6,yes,Context-dependent × Metabolic,Context-dependent,yes,Indole/tryptophan metabolite,exact,direct hit on tryptophan/indole/AhR axis
Paredes_2026,PAR_204,13,table 1,L. reuteri IAld activates AhR to drive ILC3 IL-22 and stem cell regeneration,indole-3-aldehyde (IAld) production / AhR activation,ILC3 / IL-22 / intestinal stem cells,Lactobacillus reuteri,species,protective,unspecified,Zelante 2013,,"Indole-3-aldehyde (IAld); Lactobacillus reuteri, Lactobacillus plantarum; Dietary protein, tryptophan; Activates the AhR; Promotes IL-22 production by innate lymphoid cells (ILC3s), which is the primary driver of intestinal stem cell regeneration",Tryptophan/indole metabolism,A3,yes,Epithelial barrier integrity,B2,yes,1c. Tryptophan / indole signaling,Class 1: Metabolite-mediated,yes,Indole / aromatic AA metabolites,D6,yes,Context-dependent × Metabolic,Context-dependent,yes,Indole/tryptophan metabolite,exact,direct hit on tryptophan/indole/AhR axis
Paredes_2026,PAR_205,13,table 1,L. plantarum IAld activates AhR to drive ILC3 IL-22 and stem cell regeneration,indole-3-aldehyde (IAld) production / AhR activation,ILC3 / IL-22 / intestinal stem cells,Lactobacillus plantarum,species,protective,unspecified,Zelante 2013,,"Indole-3-aldehyde (IAld); Lactobacillus reuteri, Lactobacillus plantarum; Dietary protein, tryptophan; Activates the AhR; Promotes IL-22 production by innate lymphoid cells (ILC3s), which is the primary driver of intestinal stem cell regeneration",Tryptophan/indole metabolism,A3,yes,Epithelial barrier integrity,B2,yes,1c. Tryptophan / indole signaling,Class 1: Metabolite-mediated,yes,Indole / aromatic AA metabolites,D6,yes,Context-dependent × Metabolic,Context-dependent,yes,Indole/tryptophan metabolite,exact,direct hit on tryptophan/indole/AhR axis
Paredes_2026,PAR_206,13,table 1,Bacteroides-derived isovaleric acid modulates BCAA metabolism and Th1 responses,branched-chain amino acid metabolism / isovaleric acid production,BCAA homeostasis / Th1 cells,Bacteroides,genus,protective,unspecified,Thiele 2024,,"Isovaleric acid; Bacteroides spp., Prevotella spp.; Branched amino acids; Influences branched-chain amino acid metabolism, modulates immune cell activation; Modulation of systemic branched-chain amino acids homeostasis and attenuation of TH1 cell-mediated inflammatory responses",Community-level / unattributed,A10,partial,Metabolite signaling to immune cells,B7,yes,1d. Other metabolites,Class 1: Metabolite-mediated,yes,Indole / aromatic AA metabolites,D6,yes,Context-dependent × Metabolic,Context-dependent,yes,Other metabolite,close,non-SCFA/bile acid/indole metabolite
Paredes_2026,PAR_207,13,table 1,Prevotella-derived isovaleric acid modulates BCAA metabolism and Th1 responses,branched-chain amino acid metabolism / isovaleric acid production,BCAA homeostasis / Th1 cells,Prevotella,genus,protective,unspecified,Thiele 2024,,"Isovaleric acid; Bacteroides spp., Prevotella spp.; Branched amino acids; Influences branched-chain amino acid metabolism, modulates immune cell activation; Modulation of systemic branched-chain amino acids homeostasis and attenuation of TH1 cell-mediated inflammatory responses",Community-level / unattributed,A10,partial,Metabolite signaling to immune cells,B7,yes,1d. Other metabolites,Class 1: Metabolite-mediated,yes,Indole / aromatic AA metabolites,D6,yes,Context-dependent × Metabolic,Context-dependent,yes,Other metabolite,close,non-SCFA/bile acid/indole metabolite
Paredes_2026,PAR_208,13,table 1,Lactobacillus-produced lactate enhances tight junctions and reduces pro-inflammatory cytokines,lactate production,tight junctions / epithelial survival / pro-inflammatory cytokines,Lactobacillus,genus,protective,unspecified,Thiele 2024,,"Lactate; Lactobacillus spp., Bifidobacterium spp.; Carbohydrates; Enhances protein expression of tight junctions in the epithelium and reduces levels of pro-inflammatory cytokines; Maintenance of gut barrier integrity, enhanced epithelial cell survival, and modulation of immune responses to reduce inflammation",SCFA/butyrate production,A1,yes,Epithelial barrier integrity,B2,yes,1a. SCFA / butyrate signaling,Class 1: Metabolite-mediated,yes,SCFA / HDAC axis,D4,yes,Context-dependent × Metabolic,Context-dependent,yes,Barrier / mucus,close,covers both mucin degradation and barrier function
Paredes_2026,PAR_209,13,table 1,Bifidobacterium-produced lactate enhances tight junctions and reduces pro-inflammatory cytokines,lactate production,tight junctions / epithelial survival / pro-inflammatory cytokines,Bifidobacterium,genus,protective,unspecified,Thiele 2024,,"Lactate; Lactobacillus spp., Bifidobacterium spp.; Carbohydrates; Enhances protein expression of tight junctions in the epithelium and reduces levels of pro-inflammatory cytokines; Maintenance of gut barrier integrity, enhanced epithelial cell survival, and modulation of immune responses to reduce inflammation",SCFA/butyrate production,A1,yes,Epithelial barrier integrity,B2,yes,1a. SCFA / butyrate signaling,Class 1: Metabolite-mediated,yes,Indole / aromatic AA metabolites,D6,yes,Context-dependent × Metabolic,Context-dependent,yes,Indole/tryptophan metabolite,exact,direct hit on tryptophan/indole/AhR axis
Paredes_2026,PAR_210,13,table 1,Lactobacillus HMO fermentation generates SCFA/lactate and maintains barrier,HMO fermentation / SCFA and lactate production,luminal pH / colonocytes / intestinal barrier,Lactobacillus,genus,protective,unspecified,Thiele 2024; Jarosch 2023,,"Human milk oligosaccharide (HMO); Lactobacillus spp., Bifidobacterium spp.; Carbohydrates; Drives the metabolic production of SCFAs and lactate, which lower luminal pH and provide essential energy substrates for colonocytes to maintain intestinal barrier homeostasis; Supports redox homeostasis by favouring the expansion of commensal taxa that mitigate oxidative stress-induced dysbiosis",SCFA/butyrate production,A1,yes,Epithelial barrier integrity,B2,yes,5b. Dietary / prebiotic interventions,Class 5: Therapeutic / intervention,yes,SCFA / HDAC axis,D4,yes,Context-dependent × Metabolic,Context-dependent,yes,SCFA metabolite,exact,direct hit on SCFA/butyrate signaling
Paredes_2026,PAR_211,13,table 1,Bifidobacterium HMO fermentation generates SCFA/lactate and maintains barrier,HMO fermentation / SCFA and lactate production,luminal pH / colonocytes / intestinal barrier,Bifidobacterium,genus,protective,unspecified,Thiele 2024; Jarosch 2023,,"Human milk oligosaccharide (HMO); Lactobacillus spp., Bifidobacterium spp.; Carbohydrates; Drives the metabolic production of SCFAs and lactate, which lower luminal pH and provide essential energy substrates for colonocytes to maintain intestinal barrier homeostasis; Supports redox homeostasis by favouring the expansion of commensal taxa that mitigate oxidative stress-induced dysbiosis",SCFA/butyrate production,A1,yes,Epithelial barrier integrity,B2,yes,5b. Dietary / prebiotic interventions,Class 5: Therapeutic / intervention,yes,Indole / aromatic AA metabolites,D6,yes,Context-dependent × Metabolic,Context-dependent,yes,SCFA metabolite,exact,direct hit on SCFA/butyrate signaling
Paredes_2026,PAR_212,13,table 1,A. muciniphila urolithin production acts through AhR to regulate gut barrier,urolithin production / AhR signaling,mucus / mucosal immunity / epithelial barrier,Akkermansia muciniphila,species,protective,unspecified,Schwabkey 2022,,"Urolithins; Akkermansia muciniphila, Eggerthella spp.; Dietary polyphenols; Acts through the AhR, regulating mucosal immunity and gut barrier function; Modulation of mucus production, immune response regulation, maintenance of epithelial barrier integrity; promising for GVHD management",Tryptophan/indole metabolism,A3,yes,Epithelial barrier integrity,B2,yes,1c. Tryptophan / indole signaling,Class 1: Metabolite-mediated,yes,Indole / aromatic AA metabolites,D6,yes,Context-dependent × Metabolic,Context-dependent,yes,Indole/tryptophan metabolite,exact,direct hit on tryptophan/indole/AhR axis
Paredes_2026,PAR_213,13,table 1,Eggerthella urolithin production acts through AhR to regulate gut barrier,urolithin production / AhR signaling,mucus / mucosal immunity / epithelial barrier,Eggerthella,genus,protective,unspecified,Schwabkey 2022,,"Urolithins; Akkermansia muciniphila, Eggerthella spp.; Dietary polyphenols; Acts through the AhR, regulating mucosal immunity and gut barrier function; Modulation of mucus production, immune response regulation, maintenance of epithelial barrier integrity; promising for GVHD management",Tryptophan/indole metabolism,A3,yes,Epithelial barrier integrity,B2,yes,1c. Tryptophan / indole signaling,Class 1: Metabolite-mediated,yes,Indole / aromatic AA metabolites,D6,yes,Context-dependent × Metabolic,Context-dependent,yes,Indole/tryptophan metabolite,exact,direct hit on tryptophan/indole/AhR axis
Paredes_2026,PAR_214,13,table 1,Clostridium-derived phenylacetic acid promotes Treg differentiation and modulates cytokines,phenylacetic acid production,T cells / macrophages / Treg differentiation / cytokines,Clostridium,genus,protective,unspecified,Han 2024,,"Phenylacetic acid; Clostridium spp., Bacteroides spp.; Phenylalanine; Interacts with T cells and macrophages, influences Treg cell differentiation, modulates cytokine production and immune responses; Reduction of inflammatory signalling in GVHD",Community-level / unattributed,A10,partial,Metabolite signaling to immune cells,B7,yes,1d. Other metabolites,Class 1: Metabolite-mediated,yes,Indole / aromatic AA metabolites,D6,yes,Context-dependent × Metabolic,Context-dependent,yes,Treg inducer,close,Treg induction pathway
Paredes_2026,PAR_215,13,table 1,Bacteroides-derived phenylacetic acid promotes Treg differentiation and modulates cytokines,phenylacetic acid production,T cells / macrophages / Treg differentiation / cytokines,Bacteroides,genus,protective,unspecified,Han 2024,,"Phenylacetic acid; Clostridium spp., Bacteroides spp.; Phenylalanine; Interacts with T cells and macrophages, influences Treg cell differentiation, modulates cytokine production and immune responses; Reduction of inflammatory signalling in GVHD",Community-level / unattributed,A10,partial,Metabolite signaling to immune cells,B7,yes,1d. Other metabolites,Class 1: Metabolite-mediated,yes,Indole / aromatic AA metabolites,D6,yes,Context-dependent × Metabolic,Context-dependent,yes,Treg inducer,close,Treg induction pathway
Paredes_2026,PAR_216,13,table 1,Bacteroides methionine metabolites regulate redox balance and support cross-feeding,methionine metabolism,redox balance / microbial cross-feeding,Bacteroides,genus,protective,unspecified,Han 2024,,"Methionine-derived metabolites; Bacteroides spp.; Methionine; Regulates redox balance and supports microbial cross-feeding; Microbial resilience, metabolite production; promising for the mitigation of GVHD",Community-level / unattributed,A10,partial,Metabolite signaling to immune cells,B7,yes,1d. Other metabolites,Class 1: Metabolite-mediated,yes,Dysbiosis risk / clinical impact,D10,yes,Context-dependent × Community,Context-dependent,yes,Other metabolite,close,non-SCFA/bile acid/indole metabolite
Paredes_2026,PAR_217,14,table 2,vancomycin-polymyxin B gut decontamination gives no diversity or GVHD difference,antibiotic gut decontamination,gut microbiome composition / GVHD outcomes,,none,community,context-dependent,clinical trial,Severyn 2022,'Microbiota dynamics in a randomized trial of gut decontamination during allogeneic hematopoietic cell transplantation'; Vancomycin–polymyxin B vs no treatment; No difference in microbial diversity or GVHD outcomes between treatment and control arm,Community-level / unattributed,A10,partial,Community-level outcome associations,B9,yes,5a. Antibiotic effects,Class 5: Therapeutic / intervention,yes,Therapeutic strategies,D14,yes,Context-dependent × Community,Context-dependent,yes,General/unspecified,no match,no clear alignment to existing categories
Paredes_2026,PAR_218,14,table 2,pooled allogeneic FMT (MaaT013) yields 38-58% response in steroid-refractory GI aGVHD,faecal microbiota transfer (MaaT013),gastrointestinal GVHD response,,none,community,protective,clinical trial,Malard 2023,'Treatment of steroid refractory gastrointestinal acute GVHD after allogeneic hematopoietic stem cell transplantation with faecal microbiota transfer (HERACLES)'; Pooled allogeneic faecal microbiota (MaaT013); Overall response rate 38% (HERACLES)/58% (expanded access programme),Community-level / unattributed,A10,partial,Community-level outcome associations,B9,yes,5c. Probiotic / FMT / defined consortium,Class 5: Therapeutic / intervention,yes,Therapeutic strategies,D14,yes,Protective × Community,Protective,yes,General/unspecified,no match,no clear alignment to existing categories
Paredes_2026,PAR_219,14,table 2,FMT shows no significant reduction in infections in randomized phase II trial,faecal microbiota transplantation,infections post allo-HCT,,none,community,context-dependent,clinical trial,Rashidi 2023,'Randomized double-blind phase II trial of fecal microbiota transplantation versus placebo in allogeneic hematopoietic cell transplantation and AML'; FMT in two independent cohorts; No significant reduction in the infections,Community-level / unattributed,A10,partial,Community-level outcome associations,B9,yes,5c. Probiotic / FMT / defined consortium,Class 5: Therapeutic / intervention,yes,Therapeutic strategies,D14,yes,Context-dependent × Community,Context-dependent,yes,General/unspecified,no match,no clear alignment to existing categories
Paredes_2026,PAR_220,14,table 2,donor FMT yields complete clinical response in 10/15 steroid-refractory GI GVHD,faecal microbiota transplantation,gastrointestinal GVHD,,none,community,protective,clinical trial,van Lier 2020,'Donor fecal microbiota transplantation ameliorates intestinal graft-versus-host disease in allogeneic hematopoietic cell transplantation recipients'; FMT in patients with steroid-dependent or refractory gastrointestinal GVHD; Complete clinical response in 10 out of 15 patients,Community-level / unattributed,A10,partial,Community-level outcome associations,B9,yes,5c. Probiotic / FMT / defined consortium,Class 5: Therapeutic / intervention,yes,Therapeutic strategies,D14,yes,Protective × Community,Protective,yes,General/unspecified,no match,no clear alignment to existing categories
Paredes_2026,PAR_221,14,table 2,FMT increases median survival in grade IV steroid-refractory GI GVHD,faecal microbiota transplantation,gastrointestinal GVHD survival,,none,community,protective,clinical trial,Zhao 2021,'Safety and efficacy of fecal microbiota transplantation for patients with grade IV steroid refractory GI-GVHD: interim results from FMT2017002 trial'; FMT vs no treatment in patients with grade IV steroid-refractory gastrointestinal GVHD; Increased median survival time in FMT group (P = 0.02),Community-level / unattributed,A10,partial,Community-level outcome associations,B9,yes,5c. Probiotic / FMT / defined consortium,Class 5: Therapeutic / intervention,yes,Therapeutic strategies,D14,yes,Protective × Community,Protective,yes,General/unspecified,no match,no clear alignment to existing categories
Paredes_2026,PAR_222,16,body,resistant potato starch supplement increases intestinal butyrate to reduce aGVHD,resistant starch fermentation / butyrate production,intestinal butyrate / aGVHD,,none,community,protective,clinical trial,NCT02763033,"a phase II study at the University of Michigan is assessing the feasibility, safety and potential benefits of modifying the gut microbiome through administering a resistant potato starch supplement to increase intestinal butyrate levels and reduce aGVHD",SCFA/butyrate production,A1,yes,Metabolite signaling to immune cells,B7,yes,5b. Dietary / prebiotic interventions,Class 5: Therapeutic / intervention,yes,Therapeutic strategies,D14,yes,Protective × Metabolic,Protective,yes,SCFA metabolite,exact,direct hit on SCFA/butyrate signaling
Paredes_2026,PAR_223,16,body,Lactobacillus administration alleviates GVHD in mice,,GVHD severity,Lactobacillus,genus,protective,murine,Jenq 2012; Gerbitz 2004,,the administration of Lactobacillus alleviates GVHD in mouse models,Community-level / unattributed,A10,partial,Community-level outcome associations,B9,yes,5c. Probiotic / FMT / defined consortium,Class 5: Therapeutic / intervention,yes,Dysbiosis risk / clinical impact,D10,yes,Context-dependent × Community,Context-dependent,yes,General/unspecified,no match,no clear alignment to existing categories
Paredes_2026,PAR_224,16,body,L. rhamnosus GG trial terminated early with no microbiome or GVHD change,,gut microbiome / GVHD incidence,Lactobacillus rhamnosus,species,context-dependent,clinical trial,Gorshein 2017,,a clinical trial examining Lactobacillus rhamnosus GG administration in patients receiving allo-HCT was terminated early when an interim analysis did not detect a probiotic-related change in the microbiome or in GVHD incidence,Community-level / unattributed,A10,partial,Community-level outcome associations,B9,yes,5c. Probiotic / FMT / defined consortium,Class 5: Therapeutic / intervention,yes,Dysbiosis risk / clinical impact,D10,yes,Context-dependent × Community,Context-dependent,yes,General/unspecified,no match,no clear alignment to existing categories
Paredes_2026,PAR_225,16,body,CBM588 increases alpha diversity and lowers Enterococcus/Bacteroides,LBP (CBM588),gut alpha diversity / Enterococcus / Bacteroides,Clostridium butyricum,species,protective,clinical trial,Fukushima 2024,,"Clostridium butyricum MIYAIRI 588 (CBM588) is being studied as an LBP in a randomized open-label pilot study with peri-transplant administration. Patients in the treatment group showed increased alpha diversity in their gut microbiome and lower abundance of Enterococcus and Bacteroides, which were both more common in patients who developed GVHD",Dysbiosis / diversity loss,A9,yes,Community-level outcome associations,B9,yes,5c. Probiotic / FMT / defined consortium,Class 5: Therapeutic / intervention,yes,Therapeutic strategies,D14,yes,Context-dependent × Community,Context-dependent,yes,General/unspecified,no match,no clear alignment to existing categories
Paredes_2026,PAR_226,16,body,Enterococcus abundance higher in patients who developed GVHD,,GVHD occurrence,Enterococcus,genus,exacerbating,clinical trial,Fukushima 2024,,"Clostridium butyricum MIYAIRI 588 (CBM588) is being studied as an LBP in a randomized open-label pilot study with peri-transplant administration. Patients in the treatment group showed increased alpha diversity in their gut microbiome and lower abundance of Enterococcus and Bacteroides, which were both more common in patients who developed GVHD",Community-level / unattributed,A10,partial,Community-level outcome associations,B9,yes,4a. Diversity / dysbiosis,Class 4: Community-level / dysbiosis,yes,Dysbiosis risk / clinical impact,D10,yes,Context-dependent × Community,Context-dependent,yes,General/unspecified,no match,no clear alignment to existing categories
Paredes_2026,PAR_227,16,body,Bacteroides abundance higher in patients who developed GVHD,,GVHD occurrence,Bacteroides,genus,exacerbating,clinical trial,Fukushima 2024,,"Clostridium butyricum MIYAIRI 588 (CBM588) is being studied as an LBP in a randomized open-label pilot study with peri-transplant administration. Patients in the treatment group showed increased alpha diversity in their gut microbiome and lower abundance of Enterococcus and Bacteroides, which were both more common in patients who developed GVHD",Community-level / unattributed,A10,partial,Community-level outcome associations,B9,yes,4a. Diversity / dysbiosis,Class 4: Community-level / dysbiosis,yes,Dysbiosis risk / clinical impact,D10,yes,Context-dependent × Community,Context-dependent,yes,General/unspecified,no match,no clear alignment to existing categories
Paredes_2026,PAR_228,16,body,SER-155 LBP engrafts and reduces pathogen domination,LBP (SER-155),gut microbiome / pathogen domination,,none,community,protective,clinical trial,Ponce 2024,"SER-155 is an investigational oral LBP being studied to improve clinical outcomes in patients receiving allo-HCT. Although the bacterial species in SER-155 are proprietary, its composition has been rationally designed based on taxa associated with reduced risk of bloodstream infections and GVHD in human studies. Initial results presented at the 2024 Tandem Meetings of American Society for Transplantation and Cellular Therapy (ASTCT) and Center for International Blood and Marrow Transplant Research (CIBMTR) demonstrated that patients tolerated the product well, drug strains successfully engrafted and patients had reduced pathogen domination in their gut microbiomes",Community-level / unattributed,A10,partial,Community-level outcome associations,B9,yes,5c. Probiotic / FMT / defined consortium,Class 5: Therapeutic / intervention,yes,Therapeutic strategies,D14,yes,Protective × Community,Protective,yes,General/unspecified,no match,no clear alignment to existing categories
Paredes_2026,PAR_229,16,body,FOS prebiotic established in inflammatory bowel disease,FOS fermentation,inflammatory bowel disease,,none,community,protective,clinical cohort,Wasilewski 2015,Fructo-oligosaccharides (FOS) are well-studied prebiotic carbohydrates that have successfully been used in patients with inflammatory bowel disease,SCFA/butyrate production,A1,yes,Community-level outcome associations,B9,yes,4a. Diversity / dysbiosis,Class 4: Community-level / dysbiosis,yes,Therapeutic strategies,D14,yes,Protective × Community,Protective,yes,General/unspecified,no match,no clear alignment to existing categories
Paredes_2026,PAR_230,16,body,FOS supplementation increases intestinal SCFAs and lowers GVHD severity in mice,FOS fermentation / SCFA production,intestinal SCFAs / GVHD severity,,none,community,protective,murine,Takai 2020,"studies in mouse models found that FOS supplementation increased intestinal SCFA levels, which in turn can lower GVHD severity",SCFA/butyrate production,A1,yes,Metabolite signaling to immune cells,B7,yes,5b. Dietary / prebiotic interventions,Class 5: Therapeutic / intervention,yes,Therapeutic strategies,D14,yes,Protective × Metabolic,Protective,yes,SCFA metabolite,exact,direct hit on SCFA/butyrate signaling
Paredes_2026,PAR_231,17,body,FOS supplementation feasible for microbiome modulation in allo-HCT,FOS fermentation,gut microbiota,,none,community,protective,clinical trial,Andermann 2021,"a phase I dose-escalation trial demonstrated that FOS were well tolerated in recipients of allo-HCT, supporting the feasibility of supplementation for modulation of the gut microbiota",SCFA/butyrate production,A1,yes,Community-level outcome associations,B9,yes,5b. Dietary / prebiotic interventions,Class 5: Therapeutic / intervention,yes,Therapeutic strategies,D14,yes,Protective × Community,Protective,yes,General/unspecified,no match,no clear alignment to existing categories
Paredes_2026,PAR_232,17,body,FamiLact + FOS reduces severe aGVHD risk and increases Tregs,probiotic + FOS fermentation,aGVHD risk / Tregs,,none,community,protective,clinical trial,Yazdandoust 2023,a pilot randomized clinical trial of the commercially available probiotic supplement FamiLact (comprising seven beneficial bacterial strains) in combination with FOS found a reduced risk of severe aGVHD and increased levels of Treg cells in a small intervention group undergoing allo-HCT,SCFA/butyrate production,A1,yes,T-cell polarization and Treg/Th17 balance,B3,yes,5b. Dietary / prebiotic interventions,Class 5: Therapeutic / intervention,yes,Therapeutic strategies,D14,yes,Protective × Immune,Protective,yes,Treg inducer,close,Treg induction pathway
Paredes_2026,PAR_233,17,body,GFO + resistant starch supplementation reduces GVHD severity,glutamine + fibre + oligosaccharide (GFO) + resistant starch,GVHD severity,,none,community,protective,clinical cohort,Yoshifuji 2020,a non-randomized prospective study of these supplements demonstrated significantly reduced GVHD severity in patients receiving allo-HCT relative to a historical control group,SCFA/butyrate production,A1,yes,Community-level outcome associations,B9,yes,5b. Dietary / prebiotic interventions,Class 5: Therapeutic / intervention,yes,Therapeutic strategies,D14,yes,Protective × Community,Protective,yes,General/unspecified,no match,no clear alignment to existing categories
Paredes_2026,PAR_234,17,body,GFO + resistant starch promotes Bifidobacterium and SCFAs for gut barrier,glutamine + fibre + oligosaccharide + resistant starch fermentation / SCFA production,gut barrier,Bifidobacterium,genus,protective,unspecified,Yoshifuji 2020,,"GFO and resistant starch may promote beneficial gut bacteria, particularly Bifidobacterium, increasing the production of SCFAs and enhancing integrity of the gut barrier",SCFA/butyrate production,A1,yes,Epithelial barrier integrity,B2,yes,5b. Dietary / prebiotic interventions,Class 5: Therapeutic / intervention,yes,Therapeutic strategies,D14,yes,Context-dependent × Metabolic,Context-dependent,yes,SCFA metabolite,exact,direct hit on SCFA/butyrate signaling
Paredes_2026,PAR_235,17,body,resistant starch mitigates microbiome and metabolite disruption,resistant starch fermentation,gut microbiome / metabolites,,none,community,protective,clinical trial,Riwes 2023,"a recent pilot study found administration of resistant starch alone to be feasible and well tolerated in patients receiving allo-HCT, and that the intervention may mitigate disruption of the microbiome and associated metabolites",SCFA/butyrate production,A1,yes,Metabolite signaling to immune cells,B7,yes,5b. Dietary / prebiotic interventions,Class 5: Therapeutic / intervention,yes,Therapeutic strategies,D14,yes,Protective × Immune,Protective,yes,IgA/mucosal immunity,exact,IgA/mucosal immunity
Paredes_2026,PAR_236,17,body,restoration of butyrate or propionate levels alleviates GVHD in mice,SCFA (butyrate, propionate) administration,GVHD severity,,none,community,protective,murine,"preclinical studies have demonstrated beneficial effects of several postbiotics in mouse models of GVHD, such as the alleviation of GVHD severity after restoration of butyrate or propionate levels",SCFA/butyrate production,A1,yes,Metabolite signaling to immune cells,B7,yes,1a. SCFA / butyrate signaling,Class 1: Metabolite-mediated,yes,SCFA / HDAC axis,D4,yes,Context-dependent × Metabolic,Context-dependent,yes,SCFA metabolite,exact,direct hit on SCFA/butyrate signaling
Paredes_2026,PAR_237,17,body,xylose supplementation inhibits mucus-degrading bacteria and preserves intestinal barrier,xylose (B. ovatus product),mucus-degrading bacteria / intestinal barrier,Bacteroides ovatus,species,protective,murine,Hayase 2024,,Other promising approaches based on findings from mouse studies are the supplementation of xylose (a B. ovatus product inhibiting mucus-degrading bacteria that compromise the intestinal barrier),Mucin/barrier degradation,A5,yes,Epithelial barrier integrity,B2,yes,3a. Epithelial barrier,Class 3: Barrier and structural,yes,Phase 3 — Tissue injury / barrier (non-metabolite),D3,yes,Context-dependent × Structural,Context-dependent,yes,Polysaccharide metabolism,exact,direct hit on polysaccharide/glycan metabolism
Paredes_2026,PAR_238,17,body,FMT can transmit multidrug-resistant E. coli from donor to recipients,faecal microbiota transplantation,recipient infection / mortality,Escherichia coli,species,exacerbating,clinical case report,DeFilipp 2019,,"a documented transmission of a multidrug-resistant Escherichia coli from a single FMT donor to two recipients of allo-HCT resulted in one death, underscoring the need for strict donor screening",Community-level / unattributed,A10,partial,Community-level outcome associations,B9,yes,5c. Probiotic / FMT / defined consortium,Class 5: Therapeutic / intervention,yes,Therapeutic strategies,D14,yes,Context-dependent × Community,Context-dependent,yes,General/unspecified,no match,no clear alignment to existing categories
Paredes_2026,PAR_239,17,body,FMT restores microbial diversity and reduces pathogenic taxa after allo-HCT,faecal microbiota transplantation,microbial diversity / pathogenic taxa,,none,community,protective,clinical trial,Taur 2018; van Lier 2020,"administration of either autologous or healthy donor faecal material to patients after allo-HCT is feasible and safe, and can restore microbial diversity while reducing the abundance of potentially pathogenic taxa",Dysbiosis / diversity loss,A9,yes,Community-level outcome associations,B9,yes,5c. Probiotic / FMT / defined consortium,Class 5: Therapeutic / intervention,yes,Therapeutic strategies,D14,yes,Protective × Community,Protective,yes,General/unspecified,no match,no clear alignment to existing categories
Paredes_2026,PAR_240,17,body,third-party FMT at neutrophil recovery shows no clinical outcome improvement,faecal microbiota transplantation,infection rate / grade III-IV aGVHD,,none,community,context-dependent,clinical trial,Rashidi 2023,"the first randomized, double-blind, placebo-controlled study of third-party FMT administered at the time of neutrophil recovery following allo-HCT found a generally favourable impact on the composition of the microbiome, but no improvement in clinical outcomes. Furthermore, the 4-month all-cause infection rate, which was the primary end-point, did not improve, and the study even reported a numerically higher incidence of grade III–IV aGVHD after FMT",Community-level / unattributed,A10,partial,Community-level outcome associations,B9,yes,5c. Probiotic / FMT / defined consortium,Class 5: Therapeutic / intervention,yes,Therapeutic strategies,D14,yes,Context-dependent × Immune,Context-dependent,yes,General/unspecified,no match,no clear alignment to existing categories
Paredes_2026,PAR_241,17,body,low pre-FMT diversity predicts donor strain engraftment,faecal microbiota transplantation,donor strain engraftment,,none,community,context-dependent,clinical trial,Reddi 2025,"a subset analysis by the researchers revealed variability in the engraftment of donor FMT-derived bacterial strains and identified low microbial diversity pre-FMT as a predictor of engraftment, suggesting that patients with lower diversity might particularly benefit from FMT",Community-level / unattributed,A10,partial,Community-level outcome associations,B9,yes,5c. Probiotic / FMT / defined consortium,Class 5: Therapeutic / intervention,yes,Therapeutic strategies,D14,yes,Context-dependent × Community,Context-dependent,yes,General/unspecified,no match,no clear alignment to existing categories
Paredes_2026,PAR_242,17,body,donor choice affects FMT engraftment and clinical outcomes,faecal microbiota transplantation,FMT engraftment / clinical outcomes,,none,community,context-dependent,clinical trial,Malard 2023,Another recent study indicated that donor choice can be critical for FMT engraftment and clinical outcomes,Community-level / unattributed,A10,partial,Community-level outcome associations,B9,yes,5c. Probiotic / FMT / defined consortium,Class 5: Therapeutic / intervention,yes,Therapeutic strategies,D14,yes,Context-dependent × Community,Context-dependent,yes,General/unspecified,no match,no clear alignment to existing categories
Paredes_2026,PAR_243,17,body,"MaaT013 responders have increased diversity, butyrate producers and SCFAs",pooled microbiota consortium (MaaT013) / butyrate production,microbiota diversity / SCFA pool,,none,community,protective,clinical trial,Malard 2023,"Among 24 patients with steroid-resistant gastrointestinal aGVHD taking part in the trial, the gastrointestinal overall response rate (defined as complete resolution of gastrointestinal aGVHD symptoms) was 38%, whereas an additional 52 patients treated under a French expanded access programme showed an overall response rate of 58%. Responders in both cohorts exhibited increased microbiota diversity and higher abundances of beneficial bacteria, particularly producers of butyrate, along with elevated levels of SCFAs",SCFA/butyrate production,A1,yes,Metabolite signaling to immune cells,B7,yes,5c. Probiotic / FMT / defined consortium,Class 5: Therapeutic / intervention,yes,Therapeutic strategies,D14,yes,Protective × Metabolic,Protective,yes,SCFA metabolite,exact,direct hit on SCFA/butyrate signaling
Paredes_2026,PAR_244,19,body,MaaT013 non-responders have higher pathogenic pro-inflammatory bacteria,,systemic inflammatory markers,,none,community,exacerbating,clinical trial,Malard 2023,non-responders had higher levels of pathogenic pro-inflammatory bacteria and increased levels of systemic inflammatory markers,Community-level / unattributed,A10,partial,Community-level outcome associations,B9,yes,5c. Probiotic / FMT / defined consortium,Class 5: Therapeutic / intervention,yes,Therapeutic strategies,D14,yes,Exacerbating × Community,Exacerbating,yes,General/unspecified,no match,no clear alignment to existing categories
Paredes_2026,PAR_245,19,body,MaaT013 ARES phase III: 62% GI response and 67% vs 28% survival,pooled microbiota consortium (MaaT013),gastrointestinal aGVHD response / overall survival,,none,community,protective,clinical trial,Malard 2025,"a phase III, single-arm trial was conducted across 50 sites in Europe (ARES (NCT04769895)), evaluating the efficacy of MaaT013 in 66 patients with steroid-refractory and ruxolitinib-refractory gastrointestinal aGVHD. The findings have not yet been peer reviewed but, according to an abstract presented at the 2025 annual meeting of the American Society of Hematology, the primary end-point of the study was met, with a gastrointestinal overall response rate at day 28 of 62%. Furthermore, 12-month overall survival was significantly higher in responders versus non-responders (67% versus 28%, P < 0.0001)",Community-level / unattributed,A10,partial,Community-level outcome associations,B9,yes,5c. Probiotic / FMT / defined consortium,Class 5: Therapeutic / intervention,yes,Therapeutic strategies,D14,yes,Protective × Community,Protective,yes,General/unspecified,no match,no clear alignment to existing categories
Samarkhazan_2025,SAM_001,1,body,"pre-transplant conditioning drives dysbiosis, barrier failure, and pro-inflammatory T-cell skewing",,epithelial barrier / systemic inflammation / T-cell subsets,,Clostridia,class,protective,unspecified,,"pre-transplant chemotherapy, radiation, and antibiotics induce recipient dysbiosis—marked by loss of beneficial taxa (Clostridia, Faecalibacterium) and dominance of pathobionts (Enterococcus). These shifts impair barrier integrity, fuel systemic inflammation, and skew immune responses toward pro-inflammatory T-cell subsets, exacerbating GVHD",Dysbiosis / diversity loss,A9,yes,Innate immune / barrier initiation (conditioning),B1,yes,3a. Epithelial barrier,Class 3: Barrier and structural,yes,Recipient ecosystem disruption,D7,yes,Protective × Community,Protective,yes,Diversity/commensal depletion,exact,diversity loss / commensal depletion
Samarkhazan_2025,SAM_002,1,body,"pre-transplant conditioning drives dysbiosis, barrier failure, and pro-inflammatory T-cell skewing",,epithelial barrier / systemic inflammation / T-cell subsets,,Faecalibacterium,genus,protective,unspecified,,"pre-transplant chemotherapy, radiation, and antibiotics induce recipient dysbiosis—marked by loss of beneficial taxa (Clostridia, Faecalibacterium) and dominance of pathobionts (Enterococcus). These shifts impair barrier integrity, fuel systemic inflammation, and skew immune responses toward pro-inflammatory T-cell subsets, exacerbating GVHD",Dysbiosis / diversity loss,A9,yes,Innate immune / barrier initiation (conditioning),B1,yes,3a. Epithelial barrier,Class 3: Barrier and structural,yes,Recipient ecosystem disruption,D7,yes,Protective × Community,Protective,yes,Diversity/commensal depletion,exact,diversity loss / commensal depletion
Samarkhazan_2025,SAM_003,1,body,"pre-transplant conditioning drives dysbiosis, barrier failure, and pro-inflammatory T-cell skewing",,epithelial barrier / systemic inflammation / T-cell subsets,,Enterococcus,genus,exacerbating,unspecified,,"pre-transplant chemotherapy, radiation, and antibiotics induce recipient dysbiosis—marked by loss of beneficial taxa (Clostridia, Faecalibacterium) and dominance of pathobionts (Enterococcus). These shifts impair barrier integrity, fuel systemic inflammation, and skew immune responses toward pro-inflammatory T-cell subsets, exacerbating GVHD",Dysbiosis / diversity loss,A9,yes,Innate immune / barrier initiation (conditioning),B1,yes,3a. Epithelial barrier,Class 3: Barrier and structural,yes,Recipient ecosystem disruption,D7,yes,Protective × Community,Protective,yes,Diversity/commensal depletion,exact,diversity loss / commensal depletion
Samarkhazan_2025,SAM_004,2,body,dysbiosis amplifies pro-inflammatory responses and worsens GVHD,,epithelial barrier / immune homeostasis,,none,community,exacerbating,unspecified,Tawara 2013,"Dysbiosis, characterized by the loss of beneficial microbial taxa and the overgrowth of pathobionts, disrupts immune homeostasis, impairs barrier function, and amplifies pro-inflammatory responses, thereby exacerbating GVHD severity",Dysbiosis / diversity loss,A9,yes,Epithelial barrier integrity,B2,yes,3a. Epithelial barrier,Class 3: Barrier and structural,yes,Dysbiosis risk / clinical impact,D10,yes,Exacerbating × Community,Exacerbating,yes,Diversity/commensal depletion,exact,diversity loss / commensal depletion
Samarkhazan_2025,SAM_005,2,body,leukemia-derived TNF-α and IL-6 compromise epithelium and promote pathobionts,,epithelial integrity / TNF-α / IL-6,,Enterococcus,genus,exacerbating,unspecified,Galloway-Peña 2020,"leukemic cells secrete inflammatory cytokines such as tumor necrosis factor-alpha (TNF-α) and interleukin-6 (IL-6), which compromise epithelial integrity and promote the proliferation of opportunistic pathogens like Enterococcus and Escherichia",Community-level / unattributed,A10,partial,Community-level outcome associations,B9,yes,4a. Diversity / dysbiosis,Class 4: Community-level / dysbiosis,yes,Dysbiosis risk / clinical impact,D10,yes,Exacerbating × Community,Exacerbating,yes,General/unspecified,no match,no clear alignment to existing categories
Samarkhazan_2025,SAM_006,2,body,leukemia-derived TNF-α and IL-6 compromise epithelium and promote pathobionts,,epithelial integrity / TNF-α / IL-6,,Escherichia,genus,exacerbating,unspecified,Galloway-Peña 2020,"leukemic cells secrete inflammatory cytokines such as tumor necrosis factor-alpha (TNF-α) and interleukin-6 (IL-6), which compromise epithelial integrity and promote the proliferation of opportunistic pathogens like Enterococcus and Escherichia",Community-level / unattributed,A10,partial,Community-level outcome associations,B9,yes,4a. Diversity / dysbiosis,Class 4: Community-level / dysbiosis,yes,Dysbiosis risk / clinical impact,D10,yes,Exacerbating × Community,Exacerbating,yes,General/unspecified,no match,no clear alignment to existing categories
Samarkhazan_2025,SAM_007,2,body,chemotherapy damages IECs and promotes microbial translocation,,gut barrier / microbial translocation,,none,community,exacerbating,unspecified,,"Chemotherapeutic agents, while targeting malignant cells, also damage intestinal epithelial cells, disrupting the gut barrier and facilitating microbial translocation into the systemic circulation",Community-level / unattributed,A10,partial,Innate immune / barrier initiation (conditioning),B1,yes,3a. Epithelial barrier,Class 3: Barrier and structural,yes,Recipient ecosystem disruption,D7,yes,Exacerbating × Community,Exacerbating,yes,General/unspecified,no match,no clear alignment to existing categories
Samarkhazan_2025,SAM_008,2,body,high-dose chemotherapy reduces Firmicutes and Actinobacteria and expands Proteobacteria,,,Firmicutes,phylum,protective,clinical cohort,Montassier 2015,,Montassier et al. (2015) demonstrated that patients with non-Hodgkin's lymphoma (NHL) receiving high-dose chemotherapy experienced a 70% reduction in Firmicutes and Actinobacteria alongside a 15-fold increase in Proteobacteria,Community-level / unattributed,A10,partial,Innate immune / barrier initiation (conditioning),B1,yes,4a. Diversity / dysbiosis,Class 4: Community-level / dysbiosis,yes,Recipient ecosystem disruption,D7,yes,Context-dependent × Community,Context-dependent,yes,General/unspecified,no match,no clear alignment to existing categories
Samarkhazan_2025,SAM_009,2,body,high-dose chemotherapy reduces Firmicutes and Actinobacteria and expands Proteobacteria,,,Actinobacteria,phylum,protective,clinical cohort,Montassier 2015,,Montassier et al. (2015) demonstrated that patients with non-Hodgkin's lymphoma (NHL) receiving high-dose chemotherapy experienced a 70% reduction in Firmicutes and Actinobacteria alongside a 15-fold increase in Proteobacteria,Community-level / unattributed,A10,partial,Innate immune / barrier initiation (conditioning),B1,yes,4a. Diversity / dysbiosis,Class 4: Community-level / dysbiosis,yes,Recipient ecosystem disruption,D7,yes,Context-dependent × Community,Context-dependent,yes,General/unspecified,no match,no clear alignment to existing categories
Samarkhazan_2025,SAM_010,2,body,high-dose chemotherapy reduces Firmicutes and Actinobacteria and expands Proteobacteria,,,Proteobacteria,phylum,exacerbating,clinical cohort,Montassier 2015,,Montassier et al. (2015) demonstrated that patients with non-Hodgkin's lymphoma (NHL) receiving high-dose chemotherapy experienced a 70% reduction in Firmicutes and Actinobacteria alongside a 15-fold increase in Proteobacteria,Community-level / unattributed,A10,partial,Innate immune / barrier initiation (conditioning),B1,yes,4a. Diversity / dysbiosis,Class 4: Community-level / dysbiosis,yes,Recipient ecosystem disruption,D7,yes,Context-dependent × Community,Context-dependent,yes,General/unspecified,no match,no clear alignment to existing categories
Samarkhazan_2025,SAM_011,2,body,radiation reduces Clostridiales and permits γ-Proteobacteria expansion,,anaerobic conditions / mucosa,Clostridiales,order,protective,unspecified,Galloway-Peña 2020,,"radiation therapy exacerbates mucosal injury, diminishing Clostridiales populations essential for maintaining anaerobic conditions and suppressing pro-inflammatory γ-Proteobacteria",Community-level / unattributed,A10,partial,Innate immune / barrier initiation (conditioning),B1,yes,4a. Diversity / dysbiosis,Class 4: Community-level / dysbiosis,yes,Recipient ecosystem disruption,D7,yes,Context-dependent × Community,Context-dependent,yes,General/unspecified,no match,no clear alignment to existing categories
Samarkhazan_2025,SAM_012,2,body,radiation reduces Clostridiales and permits γ-Proteobacteria expansion,,anaerobic conditions / mucosa,γ-Proteobacteria,class,exacerbating,unspecified,Galloway-Peña 2020,,"radiation therapy exacerbates mucosal injury, diminishing Clostridiales populations essential for maintaining anaerobic conditions and suppressing pro-inflammatory γ-Proteobacteria",Community-level / unattributed,A10,partial,Innate immune / barrier initiation (conditioning),B1,yes,4a. Diversity / dysbiosis,Class 4: Community-level / dysbiosis,yes,Recipient ecosystem disruption,D7,yes,Context-dependent × Community,Context-dependent,yes,General/unspecified,no match,no clear alignment to existing categories
Samarkhazan_2025,SAM_013,2,body,broad-spectrum antibiotics deplete SCFA-producing Blautia and Faecalibacterium,SCFA (butyrate) production,Treg differentiation / epithelial homeostasis,Blautia,genus,protective,unspecified,Fredricks 2019,,"Broad-spectrum antibiotics such as fluoroquinolones deplete Blautia and Faecalibacterium—genera essential for producing short-chain fatty acids (SCFAs) like butyrate, which regulate regulatory T (Treg) cell differentiation and epithelial homeostasis",SCFA/butyrate production,A1,yes,Epithelial barrier integrity,B2,yes,5a. Antibiotic effects,Class 5: Therapeutic / intervention,yes,SCFA / HDAC axis,D4,yes,Context-dependent × Metabolic,Context-dependent,yes,SCFA metabolite,exact,direct hit on SCFA/butyrate signaling
Samarkhazan_2025,SAM_014,2,body,broad-spectrum antibiotics deplete SCFA-producing Blautia and Faecalibacterium,SCFA (butyrate) production,Treg differentiation / epithelial homeostasis,Faecalibacterium,genus,protective,unspecified,Fredricks 2019,,"Broad-spectrum antibiotics such as fluoroquinolones deplete Blautia and Faecalibacterium—genera essential for producing short-chain fatty acids (SCFAs) like butyrate, which regulate regulatory T (Treg) cell differentiation and epithelial homeostasis",SCFA/butyrate production,A1,yes,Epithelial barrier integrity,B2,yes,5a. Antibiotic effects,Class 5: Therapeutic / intervention,yes,SCFA / HDAC axis,D4,yes,Context-dependent × Metabolic,Context-dependent,yes,SCFA metabolite,exact,direct hit on SCFA/butyrate signaling
Samarkhazan_2025,SAM_015,2,body,loss of obligate anaerobes enables Enterococcus expansion and GVHD,,,Enterococcus,genus,exacerbating,unspecified,Stein-Thoeringer 2019,,"The loss of obligate anaerobes creates an ecological niche for pathogenic organisms, such as Enterococcus species, which are implicated in GVHD development and increased post-transplant mortality",Community-level / unattributed,A10,partial,Community-level outcome associations,B9,yes,2c. Other immune,Class 2: Immune cell targeting,yes,"Other immune effectors (ILC3, NK, B cell, MAIT, gamma-delta)",D9,yes,Context-dependent × Immune,Context-dependent,yes,IgA/mucosal immunity,exact,IgA/mucosal immunity
Samarkhazan_2025,SAM_016,2,body,early broad-spectrum antibiotic exposure reduces Clostridiales and raises TRM,,transplant-related mortality,Clostridiales,order,protective,clinical cohort,Weber 2017,,A retrospective study reported that early use of broad-spectrum antibiotics between days − 7 and 0 prior to allogeneic HSCT reduced Clostridiales abundance and was associated with elevated transplant-related mortality,Community-level / unattributed,A10,partial,Community-level outcome associations,B9,yes,5a. Antibiotic effects,Class 5: Therapeutic / intervention,yes,Recipient ecosystem disruption,D7,yes,Context-dependent × Community,Context-dependent,yes,General/unspecified,no match,no clear alignment to existing categories
Samarkhazan_2025,SAM_017,2,body,azole antifungals suppress Saccharomyces and impair Th17 defense against Candida,,Th17 / Candida,Saccharomyces,genus,protective,unspecified,Li 2022,,"Antifungal prophylaxis with azoles selectively suppresses Saccharomyces species, impairing T helper 17 (TH17)-mediated defenses against Candida overgrowth",Community-level / unattributed,A10,partial,T-cell polarization and Treg/Th17 balance,B3,yes,5a. Antibiotic effects,Class 5: Therapeutic / intervention,yes,Virome / mycobiome,D13,yes,Context-dependent × Immune,Context-dependent,yes,Th17 modulator,close,Th17 skewing mechanism
Samarkhazan_2025,SAM_018,2,table 1,Table 1: broad-spectrum antibiotics deplete SCFA producers and expand Enterococcus,SCFA (butyrate) production,epithelial barrier / Tregs,Blautia,genus,protective,unspecified,Fredricks 2019; Stein-Thoeringer 2019,,"Antibiotics; Fluoroquinolones, β-lactams; Reduced SCFA production (butyrate); Epithelial barrier dysfunction; Loss of Blautia, Faecalibacterium; Dysregulation of Treg differentiation and epithelial homeostasis; Overgrowth of resistant pathogens (Enterococcus)",SCFA/butyrate production,A1,yes,Innate immune / barrier initiation (conditioning),B1,yes,5a. Antibiotic effects,Class 5: Therapeutic / intervention,yes,SCFA / HDAC axis,D4,yes,Context-dependent × Metabolic,Context-dependent,yes,SCFA metabolite,exact,direct hit on SCFA/butyrate signaling
Samarkhazan_2025,SAM_019,2,table 1,Table 1: broad-spectrum antibiotics deplete SCFA producers and expand Enterococcus,SCFA (butyrate) production,epithelial barrier / Tregs,Faecalibacterium,genus,protective,unspecified,Fredricks 2019; Stein-Thoeringer 2019,,"Antibiotics; Fluoroquinolones, β-lactams; Reduced SCFA production (butyrate); Epithelial barrier dysfunction; Loss of Blautia, Faecalibacterium; Dysregulation of Treg differentiation and epithelial homeostasis; Overgrowth of resistant pathogens (Enterococcus)",SCFA/butyrate production,A1,yes,Innate immune / barrier initiation (conditioning),B1,yes,5a. Antibiotic effects,Class 5: Therapeutic / intervention,yes,SCFA / HDAC axis,D4,yes,Context-dependent × Metabolic,Context-dependent,yes,SCFA metabolite,exact,direct hit on SCFA/butyrate signaling
Samarkhazan_2025,SAM_020,2,table 1,Table 1: broad-spectrum antibiotics expand resistant Enterococcus,,,Enterococcus,genus,exacerbating,unspecified,Fredricks 2019; Stein-Thoeringer 2019,,"Antibiotics; Fluoroquinolones, β-lactams; Reduced SCFA production (butyrate); Epithelial barrier dysfunction; Loss of Blautia, Faecalibacterium; Dysregulation of Treg differentiation and epithelial homeostasis; Overgrowth of resistant pathogens (Enterococcus)",Community-level / unattributed,A10,partial,Community-level outcome associations,B9,yes,5a. Antibiotic effects,Class 5: Therapeutic / intervention,yes,Recipient ecosystem disruption,D7,yes,Context-dependent × Community,Context-dependent,yes,General/unspecified,no match,no clear alignment to existing categories
Samarkhazan_2025,SAM_021,3,body,antibiotic vacuum enables VRE domination,,,vancomycin-resistant Enterococcus,species,exacerbating,unspecified,Köhler 2018,,"These interventions create a ""vacuum effect,"" enabling antibiotic-resistant pathogens like vancomycin-resistant Enterococcus (VRE) to dominate",Community-level / unattributed,A10,partial,Community-level outcome associations,B9,yes,5a. Antibiotic effects,Class 5: Therapeutic / intervention,yes,Recipient ecosystem disruption,D7,yes,Context-dependent × Community,Context-dependent,yes,General/unspecified,no match,no clear alignment to existing categories
Samarkhazan_2025,SAM_022,3,body,pre-transplant Enterococcus dominance raises grade III-IV aGVHD risk 3.2-fold,,aGVHD risk,Enterococcus,genus,exacerbating,meta-analysis,Staffas 2017,,"A meta-analysis of 1,362 HSCT recipients revealed that pre-transplant enterococcal dominance increased the risk of grade III-IV acute GVHD by 3.2-fold",Community-level / unattributed,A10,partial,Community-level outcome associations,B9,yes,4b. Pathobiont expansion / mono-dominance,Class 4: Community-level / dysbiosis,yes,Recipient ecosystem disruption,D7,yes,Context-dependent × Community,Context-dependent,yes,General/unspecified,no match,no clear alignment to existing categories
Samarkhazan_2025,SAM_023,3,body,dysbiosis activates TLRs and amplifies inflammatory response,,TLRs / inflammatory response,,none,community,exacerbating,unspecified,Peled 2020,"The loss of microbial diversity and overgrowth of pathogenic bacteria activate pattern recognition receptors (PRRs), such as Toll-like receptors (TLRs), on host immune cells, eliciting an exaggerated inflammatory response",LPS/MAMP/PRR signaling,A4,yes,Innate immune / barrier initiation (conditioning),B1,yes,2a. Innate immune,Class 2: Immune cell targeting,yes,Phase 1 — Innate / MAMP / conditioning,D1,yes,Exacerbating × Immune,Exacerbating,yes,Innate/TLR-LPS,exact,direct hit on LPS/TLR/innate PRR signaling
Samarkhazan_2025,SAM_024,3,body,inflammatory cascade enhances donor T-cell activation and target organ damage,,donor T-cells / skin / gut / liver,,none,community,exacerbating,unspecified,Duarte 2022,"This inflammatory cascade amplifies GVHD by enhancing donor-derived T-cell activation and exacerbating tissue damage in target organs, including the skin, gut, and liver",Community-level / unattributed,A10,partial,T-cell polarization and Treg/Th17 balance,B3,yes,4a. Diversity / dysbiosis,Class 4: Community-level / dysbiosis,yes,Phase 2 — Adaptive / T-cell (immune interplay),D2,yes,Exacerbating × Community,Exacerbating,yes,General/unspecified,no match,no clear alignment to existing categories
Samarkhazan_2025,SAM_025,3,body,microbial translocation drives systemic inflammation and sepsis,,systemic inflammation / sepsis,,none,community,exacerbating,clinical cohort,Stein-Thoeringer 2019,"dysbiosis-driven microbial translocation into the bloodstream contributes to systemic inflammation, sepsis, and poorer transplant outcomes",Community-level / unattributed,A10,partial,Community-level outcome associations,B9,yes,4a. Diversity / dysbiosis,Class 4: Community-level / dysbiosis,yes,Dysbiosis risk / clinical impact,D10,yes,Exacerbating × Community,Exacerbating,yes,General/unspecified,no match,no clear alignment to existing categories
Samarkhazan_2025,SAM_026,3,body,"reduced diversity increases intestinal permeability (citrulline, zonulin)",,intestinal permeability,,none,community,exacerbating,clinical cohort,Panahi 2024,"Reduced microbial diversity correlates with increased intestinal permeability, evidenced by elevated serum levels of citrulline and zonulin",Dysbiosis / diversity loss,A9,yes,Community-level outcome associations,B9,yes,4a. Diversity / dysbiosis,Class 4: Community-level / dysbiosis,yes,Dysbiosis risk / clinical impact,D10,yes,Exacerbating × Community,Exacerbating,yes,General/unspecified,no match,no clear alignment to existing categories
Samarkhazan_2025,SAM_027,3,body,endotoxin translocation drives systemic inflammation via TLR4/NF-κB,,TLR4 / NF-κB,,none,community,exacerbating,unspecified,Hu 2024,promoting endotoxin translocation and systemic inflammation via TLR4/NF-κB signaling,LPS/MAMP/PRR signaling,A4,yes,Innate immune / barrier initiation (conditioning),B1,yes,2a. Innate immune,Class 2: Immune cell targeting,yes,Phase 1 — Innate / MAMP / conditioning,D1,yes,Exacerbating × Immune,Exacerbating,yes,Innate/TLR-LPS,exact,direct hit on LPS/TLR/innate PRR signaling
Samarkhazan_2025,SAM_028,3,body,Clostridia depletion diminishes ILC IL-22 and impairs mucosal wound healing,SCFA production,ILC / IL-22 / mucosal healing,Clostridia,class,protective,unspecified,Yamamoto 2023,,"The depletion of SCFA-producing Clostridia also diminishes IL-22 production by innate lymphoid cells (ILCs), impairing mucosal wound healing",SCFA/butyrate production,A1,yes,Metabolite signaling to immune cells,B7,yes,1a. SCFA / butyrate signaling,Class 1: Metabolite-mediated,yes,SCFA / HDAC axis,D4,yes,Context-dependent × Metabolic,Context-dependent,yes,SCFA metabolite,exact,direct hit on SCFA/butyrate signaling
Samarkhazan_2025,SAM_029,3,body,pre-HSCT dysbiosis raises 1-year NRM by 67%,,non-relapse mortality / bloodstream infections,,none,community,exacerbating,clinical cohort,Panahi 2024,"these disruptions heighten susceptibility to bloodstream infections (BSIs) and non-relapse mortality (NRM), with one study reporting a 67% increase in 1-year NRM among patients with pre-HSCT dysbiosis",Dysbiosis / diversity loss,A9,yes,Community-level outcome associations,B9,yes,4a. Diversity / dysbiosis,Class 4: Community-level / dysbiosis,yes,Dysbiosis risk / clinical impact,D10,yes,Exacerbating × Community,Exacerbating,yes,Diversity/commensal depletion,exact,diversity loss / commensal depletion
Samarkhazan_2025,SAM_030,3,body,pre-transplant Clostridia probiotics or FMT can restore barrier,probiotic / FMT,epithelial integrity / GVHD risk,Clostridia,class,protective,unspecified,Häcker 2022,,Strategies such as administering Clostridia-enriched probiotics or fecal microbiota transplantation (FMT) during the pre-transplant period may restore epithelial integrity and mitigate GVHD risk,Community-level / unattributed,A10,partial,Community-level outcome associations,B9,yes,5c. Probiotic / FMT / defined consortium,Class 5: Therapeutic / intervention,yes,Therapeutic strategies,D14,yes,Context-dependent × Community,Context-dependent,yes,General/unspecified,no match,no clear alignment to existing categories
Samarkhazan_2025,SAM_031,3,body,gut microbiota shapes age-dependent immune profiling in HSCT recipients,,naïve T cells / immune profiling,,none,community,context-dependent,clinical cohort,Schluter 2020,"Schluter et al. (2020) demonstrated that age-dependent immune profiling in HSCT recipients is influenced by the gut microbiota, with younger patients exhibiting distinct immune cell dynamics, such as higher baseline frequencies of naïve T cells, which correlate with unique microbial taxa",Community-level / unattributed,A10,partial,Immune reconstitution,B6,yes,2c. Other immune,Class 2: Immune cell targeting,yes,Immune reconstitution,D11,yes,Context-dependent × Community,Context-dependent,yes,General/unspecified,no match,no clear alignment to existing categories
Samarkhazan_2025,SAM_032,3,body,pediatric patients have reduced butyrate producers and impaired Treg differentiation,butyrate production,Treg differentiation / GVHD susceptibility,,none,community,protective,clinical cohort,Galloway-Peña 2020,"Galloway-Peña et al. (2020) reported age-specific microbial differences, where pediatric patients showed reduced diversity of butyrate-producing bacteria compared to adults, potentially increasing susceptibility to GVHD due to impaired Treg differentiation",SCFA/butyrate production,A1,yes,Immune reconstitution,B6,yes,1a. SCFA / butyrate signaling,Class 1: Metabolite-mediated,yes,SCFA / HDAC axis,D4,yes,Protective × Metabolic,Protective,yes,SCFA metabolite,exact,direct hit on SCFA/butyrate signaling
Samarkhazan_2025,SAM_033,3,body,pediatric HSCT: Faecalibacterium declines and Proteobacteria rises with GVHD severity,,GVHD severity / immune reconstitution,Faecalibacterium,genus,protective,clinical cohort,Biagi 2015,,"Biagi et al. (2015) characterized gut microbiota trajectories in pediatric HSCT patients, revealing distinct microbial shifts post-transplant, including a decline in Faecalibacterium and an increase in Proteobacteria, which correlate with GVHD severity and prolonged immune reconstitution",Community-level / unattributed,A10,partial,Immune reconstitution,B6,yes,4a. Diversity / dysbiosis,Class 4: Community-level / dysbiosis,yes,Immune reconstitution,D11,yes,Context-dependent × Community,Context-dependent,yes,General/unspecified,no match,no clear alignment to existing categories
Samarkhazan_2025,SAM_034,3,body,pediatric HSCT: Proteobacteria rises with GVHD severity,,GVHD severity / immune reconstitution,Proteobacteria,phylum,exacerbating,clinical cohort,Biagi 2015,,"Biagi et al. (2015) characterized gut microbiota trajectories in pediatric HSCT patients, revealing distinct microbial shifts post-transplant, including a decline in Faecalibacterium and an increase in Proteobacteria, which correlate with GVHD severity and prolonged immune reconstitution",Community-level / unattributed,A10,partial,Immune reconstitution,B6,yes,4a. Diversity / dysbiosis,Class 4: Community-level / dysbiosis,yes,Immune reconstitution,D11,yes,Context-dependent × Community,Context-dependent,yes,General/unspecified,no match,no clear alignment to existing categories
Samarkhazan_2025,SAM_035,3,body,B. fragilis PSA activates DC TLR2 to induce IL-10 and regulatory macrophages,polysaccharide A (PSA)/TLR2 signaling,dendritic cells / IL-10 / macrophages,Bacteroides fragilis,species,protective,unspecified,Biennier 2024,,"Bacteroides fragilis-derived polysaccharide A (PSA) activates TLR2 on dendritic cells (DCs), inducing IL-10 production and regulatory macrophage differentiation",Polysaccharide/glycan metabolism,A8,yes,Innate immune / barrier initiation (conditioning),B1,yes,2a. Innate immune,Class 2: Immune cell targeting,yes,Virome / mycobiome,D13,yes,Context-dependent × Immune,Context-dependent,yes,Innate/TLR-LPS,exact,direct hit on LPS/TLR/innate PRR signaling
Samarkhazan_2025,SAM_036,3,body,Escherichia LPS activates TLR4 and NLRP3 to drive neutrophil infiltration,lipopolysaccharide (LPS)/TLR4 signaling,TLR4 / NLRP3 / IL-1β / neutrophils,Escherichia,genus,exacerbating,unspecified,Faraci 2024,,"dysbiosis-driven LPS from Escherichia activates TLR4, promoting NLRP3 inflammasome assembly and IL-1β release, which drive neutrophil infiltration and mucosal damage",LPS/MAMP/PRR signaling,A4,yes,Innate immune / barrier initiation (conditioning),B1,yes,2a. Innate immune,Class 2: Immune cell targeting,yes,Phase 1 — Innate / MAMP / conditioning,D1,yes,Context-dependent × Immune,Context-dependent,yes,Innate/TLR-LPS,exact,direct hit on LPS/TLR/innate PRR signaling
Samarkhazan_2025,SAM_037,3,body,commensals metabolize fibre and mucins to SCFAs,SCFA (butyrate, propionate, acetate) production,SCFA pool,,none,community,protective,"Commensal microbes also metabolize dietary fibers and host mucins into SCFAs such as butyrate, propionate, and acetate",SCFA/butyrate production,A1,yes,Metabolite signaling to immune cells,B7,yes,1a. SCFA / butyrate signaling,Class 1: Metabolite-mediated,yes,SCFA / HDAC axis,D4,yes,Context-dependent × Metabolic,Context-dependent,yes,SCFA metabolite,exact,direct hit on SCFA/butyrate signaling
Samarkhazan_2025,SAM_038,3,body,Clostridia butyrate enhances neutrophil phagocytosis via NADPH oxidase,butyrate production,neutrophils / NADPH oxidase,Clostridia,class,protective,unspecified,Chi 2023,,"butyrate, a keystone metabolite from Clostridia, enhances the phagocytic capacity of neutrophils by upregulating ROS-generating enzymes like NADPH oxidase",SCFA/butyrate production,A1,yes,Metabolite signaling to immune cells,B7,yes,1a. SCFA / butyrate signaling,Class 1: Metabolite-mediated,yes,SCFA / HDAC axis,D4,yes,Context-dependent × Metabolic,Context-dependent,yes,SCFA metabolite,exact,direct hit on SCFA/butyrate signaling
Samarkhazan_2025,SAM_039,4,body,SCFAs engage GPCRs on macrophages/DCs to shift inflammation,SCFA/GPCR signaling,macrophages / dendritic cells / cytokines,,none,community,protective,unspecified,Rooks 2016,"SCFAs interact with G-protein-coupled receptors (GPCRs) located on macrophages and DCs, reducing pro-inflammatory cytokine production while enhancing anti-inflammatory responses",SCFA/butyrate production,A1,yes,Metabolite signaling to immune cells,B7,yes,1a. SCFA / butyrate signaling,Class 1: Metabolite-mediated,yes,Virome / mycobiome,D13,yes,Protective × Metabolic,Protective,yes,SCFA metabolite,exact,direct hit on SCFA/butyrate signaling
Samarkhazan_2025,SAM_040,4,body,depletion of SCFA producers permits uncontrolled inflammation and GVHD,SCFA production,inflammation / GVHD,,none,community,protective,clinical cohort,ShonoY 2016,"In HSCT, the depletion of SCFA-producing microorganisms due to dysbiosis may lead to uncontrolled inflammation, thereby facilitating the development of GVHD",SCFA/butyrate production,A1,yes,Metabolite signaling to immune cells,B7,yes,1a. SCFA / butyrate signaling,Class 1: Metabolite-mediated,yes,SCFA / HDAC axis,D4,yes,Protective × Metabolic,Protective,yes,SCFA metabolite,exact,direct hit on SCFA/butyrate signaling
Samarkhazan_2025,SAM_041,4,body,butyrate producers induce tolerogenic CD103+ DCs and retinoic acid,butyrate production / retinoic acid signaling,CD103+ dendritic cells / Tregs,,none,community,protective,unspecified,Mathewson 2016,"Butyrate-producing bacteria, for example, induce tolerogenic CD103+ DCs that promote Treg differentiation through retinoic acid production",SCFA/butyrate production,A1,yes,Metabolite signaling to immune cells,B7,yes,1a. SCFA / butyrate signaling,Class 1: Metabolite-mediated,yes,SCFA / HDAC axis,D4,yes,Protective × Metabolic,Protective,yes,SCFA metabolite,exact,direct hit on SCFA/butyrate signaling
Samarkhazan_2025,SAM_042,4,body,E. faecium induces inflammatory DCs and Th1/Th17 differentiation,,dendritic cells / Th1 / Th17,Enterococcus faecium,species,exacerbating,unspecified,Schluter 2020,,"pathobionts like Enterococcus faecium induce inflammatory DCs that drive TH1 and TH17 differentiation, exacerbating GVHD",Community-level / unattributed,A10,partial,T-cell polarization and Treg/Th17 balance,B3,yes,2b. T-cell adaptive,Class 2: Immune cell targeting,yes,Phase 2 — Adaptive / T-cell (immune interplay),D2,yes,Context-dependent × Immune,Context-dependent,yes,Th17 modulator,close,Th17 skewing mechanism
Samarkhazan_2025,SAM_043,4,body,Clostridia clusters IV/XIVa SCFAs expand Foxp3+ colonic Tregs,SCFA production,colonic Foxp3+ Tregs,Clostridium,genus,protective,unspecified,Takahashi 2020,,"Commensal bacteria such as Clostridium species, particularly those belonging to Clostridia clusters IV and XIVa, have been shown to promote the differentiation and expansion of colonic Tregs through the production of SCFAs. These Tregs express high levels of the transcription factor Foxp3 and exhibit potent immunosuppressive functions",SCFA/butyrate production,A1,yes,Metabolite signaling to immune cells,B7,yes,1a. SCFA / butyrate signaling,Class 1: Metabolite-mediated,yes,SCFA / HDAC axis,D4,yes,Context-dependent × Metabolic,Context-dependent,yes,SCFA metabolite,exact,direct hit on SCFA/butyrate signaling
Samarkhazan_2025,SAM_044,4,body,F. prausnitzii induces TGF-β and retinoic acid in DCs to expand Foxp3+ Tregs,TGF-β / retinoic acid signaling,dendritic cells / Foxp3+ Tregs,Faecalibacterium prausnitzii,species,protective,unspecified,Bili 2022,,"Faecalibacterium prausnitzii induces TGF-β and retinoic acid in DCs, fostering Foxp3+ Treg expansion",Community-level / unattributed,A10,partial,T-cell polarization and Treg/Th17 balance,B3,yes,2b. T-cell adaptive,Class 2: Immune cell targeting,yes,Phase 2 — Adaptive / T-cell (immune interplay),D2,yes,Context-dependent × Immune,Context-dependent,yes,Treg inducer,close,Treg induction pathway
Samarkhazan_2025,SAM_045,4,body,Enterococcus-dominant microbiota skews CD4+ T cells to Th17/Th1,,CD4+ T cells / IL-6 / IL-23 / Th17 / Th1,Enterococcus,genus,exacerbating,unspecified,Gavriilaki 2024,,"Enterococcus-dominated microbiota upregulate IL-6 and IL-23, skewing CD4+ T cells toward TH17 and TH1 subsets",Community-level / unattributed,A10,partial,T-cell polarization and Treg/Th17 balance,B3,yes,2b. T-cell adaptive,Class 2: Immune cell targeting,yes,Phase 2 — Adaptive / T-cell (immune interplay),D2,yes,Context-dependent × Immune,Context-dependent,yes,Th17 modulator,close,Th17 skewing mechanism
Samarkhazan_2025,SAM_046,4,body,Enterobacteriaceae reduce Treg/Th17 ratio with H3 hyperacetylation,,Treg/Th17 ratio / H3 hyperacetylation,Enterobacteriaceae,family,exacerbating,clinical cohort,Gao 2023,,"Han et al. (2020) demonstrated that Enterobacteriaceae enrichment reduced the Treg/TH17 ratio by 40% in acute GVHD patients, correlating with histone H3 hyperacetylation in CD4+ T cells",Community-level / unattributed,A10,partial,T-cell polarization and Treg/Th17 balance,B3,yes,2b. T-cell adaptive,Class 2: Immune cell targeting,yes,Phase 2 — Adaptive / T-cell (immune interplay),D2,yes,Context-dependent × Immune,Context-dependent,yes,Th17 modulator,close,Th17 skewing mechanism
Samarkhazan_2025,SAM_047,4,body,Lactobacillus-enriched microbiota exacerbate GVHD via MHC-II alloreactive T-cell activation,MHC class II antigen presentation,alloreactive T cells,Lactobacillus,genus,exacerbating,murine,Hill 2021,,murine models revealed that Lactobacillus-enriched microbiota exacerbate GVHD via MHC-II-dependent activation of alloreactive T cells,Microbial antigen presentation / T-cell priming,A6,yes,MHC II antigen presentation,B4,yes,2b. T-cell adaptive,Class 2: Immune cell targeting,yes,GvHD-specific mechanisms (MHC II / microbiota-specific T cells),D12,yes,Context-dependent × Immune,Context-dependent,yes,MHC II inducer,exact,direct hit on MHC class II induction
Samarkhazan_2025,SAM_048,4,body,intestinal bacteria drive IgA plasma cell development,,IgA plasma cells / mucosal immunity,,none,community,protective,unspecified,Tang 2021,"Intestinal bacteria, especially those in the small intestine, promote the development of IgA-producing plasma cells through T cell-dependent and independent mechanisms. IgA translocates across the epithelium into mucus secretions that are swallowed and transported up the trachea to the lungs, providing immune protection",Community-level / unattributed,A10,partial,Community-level outcome associations,B9,yes,2c. Other immune,Class 2: Immune cell targeting,yes,"Other immune effectors (ILC3, NK, B cell, MAIT, gamma-delta)",D9,yes,Protective × Immune,Protective,yes,IgA/mucosal immunity,exact,IgA/mucosal immunity
Samarkhazan_2025,SAM_049,4,body,"dysbiosis reduces IgA, enabling bacterial translocation and systemic inflammation",,IgA / bacterial translocation,,none,community,exacerbating,unspecified,EriguchiY 2012,Dysbiosis-associated reductions in IgA contribute to increased bacterial translocation and systemic inflammation during HSCT,Dysbiosis / diversity loss,A9,yes,Epithelial barrier integrity,B2,yes,2c. Other immune,Class 2: Immune cell targeting,yes,"Other immune effectors (ILC3, NK, B cell, MAIT, gamma-delta)",D9,yes,Exacerbating × Immune,Exacerbating,yes,IgA/mucosal immunity,exact,IgA/mucosal immunity
Samarkhazan_2025,SAM_050,4,table 2,Clostridia IV/XIVa and F. prausnitzii inhibit HDACs and expand colonic Foxp3+ Tregs,butyrate production / HDAC inhibition,colonic Foxp3+ Tregs / tight junctions,Clostridium cluster IV,functional group,protective,unspecified,Takahashi 2020; Bili 2022,,"Butyrate-producing Clostridia (IV, XIVa); F. prausnitzii; HDAC inhibition; Enhancement of tight junction proteins; Increased colonic Foxp3+ Treg expansion; Induction of immune tolerance",SCFA/butyrate production,A1,yes,Epithelial barrier integrity,B2,yes,1a. SCFA / butyrate signaling,Class 1: Metabolite-mediated,yes,SCFA / HDAC axis,D4,yes,Context-dependent × Metabolic,Context-dependent,yes,SCFA metabolite,exact,direct hit on SCFA/butyrate signaling
Samarkhazan_2025,SAM_051,4,table 2,Clostridia IV/XIVa and F. prausnitzii inhibit HDACs and expand colonic Foxp3+ Tregs,butyrate production / HDAC inhibition,colonic Foxp3+ Tregs / tight junctions,Clostridium cluster XIVa,functional group,protective,unspecified,Takahashi 2020; Bili 2022,,"Butyrate-producing Clostridia (IV, XIVa); F. prausnitzii; HDAC inhibition; Enhancement of tight junction proteins; Increased colonic Foxp3+ Treg expansion; Induction of immune tolerance",SCFA/butyrate production,A1,yes,Epithelial barrier integrity,B2,yes,1a. SCFA / butyrate signaling,Class 1: Metabolite-mediated,yes,SCFA / HDAC axis,D4,yes,Context-dependent × Metabolic,Context-dependent,yes,SCFA metabolite,exact,direct hit on SCFA/butyrate signaling
Samarkhazan_2025,SAM_052,4,table 2,Clostridia IV/XIVa and F. prausnitzii inhibit HDACs and expand colonic Foxp3+ Tregs,butyrate production / HDAC inhibition,colonic Foxp3+ Tregs / tight junctions,Faecalibacterium prausnitzii,species,protective,unspecified,Takahashi 2020; Bili 2022,,"Butyrate-producing Clostridia (IV, XIVa); F. prausnitzii; HDAC inhibition; Enhancement of tight junction proteins; Increased colonic Foxp3+ Treg expansion; Induction of immune tolerance",SCFA/butyrate production,A1,yes,Epithelial barrier integrity,B2,yes,1a. SCFA / butyrate signaling,Class 1: Metabolite-mediated,yes,SCFA / HDAC axis,D4,yes,Context-dependent × Metabolic,Context-dependent,yes,SCFA metabolite,exact,direct hit on SCFA/butyrate signaling
Samarkhazan_2025,SAM_053,4,table 2,Bifidobacterium drives microbiota-derived antigen presentation and IgA production,microbial antigen presentation,IgA / mucosal immunity,Bifidobacterium,genus,protective,unspecified,,,"Intestinal bacteria (Bifidobacterium, Lactobacillus); Microbiota-derived antigen presentation; MHC-II-dependent T cell activation; Increased IgA production and mucosal immunity",Microbial antigen presentation / T-cell priming,A6,yes,MHC II antigen presentation,B4,yes,1c. Tryptophan / indole signaling,Class 1: Metabolite-mediated,yes,Indole / aromatic AA metabolites,D6,yes,Context-dependent × Metabolic,Context-dependent,yes,Indole/tryptophan metabolite,exact,direct hit on tryptophan/indole/AhR axis
Samarkhazan_2025,SAM_054,4,table 2,Lactobacillus drives microbiota-derived antigen presentation and IgA production,microbial antigen presentation,IgA / mucosal immunity,Lactobacillus,genus,protective,unspecified,,,"Intestinal bacteria (Bifidobacterium, Lactobacillus); Microbiota-derived antigen presentation; MHC-II-dependent T cell activation; Increased IgA production and mucosal immunity",Microbial antigen presentation / T-cell priming,A6,yes,MHC II antigen presentation,B4,yes,2b. T-cell adaptive,Class 2: Immune cell targeting,yes,GvHD-specific mechanisms (MHC II / microbiota-specific T cells),D12,yes,Context-dependent × Immune,Context-dependent,yes,Microbial-antigen presentation,exact,direct hit on microbiota-antigen T cell priming
Samarkhazan_2025,SAM_055,4,table 2,IAld activates ILC3 AhR to induce IL-22 and mucosal repair,indole-3-aldehyde (IAld) production / AhR activation,ILC3 / IL-22 / mucosal repair,,none,community,protective,unspecified,,IAld; AhRs activation on ILC3; Induction of IL-22; Increased mucosal repair and epithelial homeostasis,Tryptophan/indole metabolism,A3,yes,Epithelial barrier integrity,B2,yes,1c. Tryptophan / indole signaling,Class 1: Metabolite-mediated,yes,Indole / aromatic AA metabolites,D6,yes,Protective × Metabolic,Protective,yes,Indole/tryptophan metabolite,exact,direct hit on tryptophan/indole/AhR axis
Samarkhazan_2025,SAM_056,4,table 2,B. thetaiotaomicron succinate drives inflammatory macrophage activation,succinate production,macrophages / inflammatory responses,Bacteroides thetaiotaomicron,species,exacerbating,unspecified,Wu 2021,,Bacteroides thetaiotaomicron (succinate); Succinate-dependent MQ activation; Increased inflammatory responses in dysbiotic conditions,Community-level / unattributed,A10,partial,Metabolite signaling to immune cells,B7,yes,1d. Other metabolites,Class 1: Metabolite-mediated,yes,Virome / mycobiome,D13,yes,Context-dependent × Metabolic,Context-dependent,yes,Other metabolite,close,non-SCFA/bile acid/indole metabolite
Samarkhazan_2025,SAM_057,4,table 2,C. scindens bile acid transformation suppresses Th1 differentiation via FXR,bile acid transformation / FXR signaling,Th1 cells,Clostridium scindens,species,protective,unspecified,Fujiwara 2021; KiriyamaY 2023,,Clostridium scindens; BA transformation; FXR signaling; Suppression of TH1 differentiation,Bile acid metabolism,A2,yes,Metabolite signaling to immune cells,B7,yes,1b. Bile acid signaling,Class 1: Metabolite-mediated,yes,Bile acid metabolites,D5,yes,Context-dependent × Metabolic,Context-dependent,yes,SBA metabolite,exact,direct hit on secondary bile acid signaling
Samarkhazan_2025,SAM_058,5,body,lower microbial diversity correlates with higher IL-6 and TNF-α,,IL-6 / TNF-α,,none,community,protective,clinical cohort,Peled 2020,"lower microbial diversity with increased pro-inflammatory cytokines levels and GVHD key mediators, including IL-6 and TNF-α",Dysbiosis / diversity loss,A9,yes,Community-level outcome associations,B9,yes,4a. Diversity / dysbiosis,Class 4: Community-level / dysbiosis,yes,Dysbiosis risk / clinical impact,D10,yes,Protective × Community,Protective,yes,General/unspecified,no match,no clear alignment to existing categories
Samarkhazan_2025,SAM_059,5,body,higher microbial diversity correlates with reduced GVHD severity and improved survival,,GVHD severity / survival,,none,community,protective,clinical cohort,Peled 2020; Yamamoto 2023,higher microbial diversity has been correlated with reduced GVHD severity and improved survival outcomes,Dysbiosis / diversity loss,A9,yes,Community-level outcome associations,B9,yes,4a. Diversity / dysbiosis,Class 4: Community-level / dysbiosis,yes,Dysbiosis risk / clinical impact,D10,yes,Protective × Community,Protective,yes,General/unspecified,no match,no clear alignment to existing categories
Samarkhazan_2025,SAM_060,5,body,"Clostridia ferment dietary fibre into butyrate, acetate and propionate",SCFA (butyrate, acetate, propionate) production from dietary fibre,SCFA pool,Clostridia,class,protective,unspecified,"microbial metabolites, particularly butyrate, acetate, and propionate produced by fermentation of dietary fiber by Clostridia species, exhibit potent immunomodulatory effects",SCFA/butyrate production,A1,yes,Metabolite signaling to immune cells,B7,yes,5b. Dietary / prebiotic interventions,Class 5: Therapeutic / intervention,yes,SCFA / HDAC axis,D4,yes,Context-dependent × Metabolic,Context-dependent,yes,SCFA metabolite,exact,direct hit on SCFA/butyrate signaling
Samarkhazan_2025,SAM_061,5,body,"butyrate HDAC inhibition promotes tight junctions, Treg differentiation",butyrate production / HDAC inhibition,colonocytes / tight junctions / Tregs / cytokines,,none,community,protective,unspecified,Maleknia 2023,"Butyrate inhibits histone deacetylases (HDACs) in colonocytes, promoting barrier function through increased tight junction protein expression, and in immune cells, enhancing Treg differentiation while suppressing pro-inflammatory cytokine production",SCFA/butyrate production,A1,yes,Epithelial barrier integrity,B2,yes,1a. SCFA / butyrate signaling,Class 1: Metabolite-mediated,yes,SCFA / HDAC axis,D4,yes,Protective × Metabolic,Protective,yes,SCFA metabolite,exact,direct hit on SCFA/butyrate signaling
Samarkhazan_2025,SAM_062,5,body,tryptophan-derived IAld activates ILC3 AhR for IL-22,tryptophan metabolism / IAld / AhR signaling,ILC3 / IL-22 / epithelial homeostasis,,none,community,protective,unspecified,Galloway-Peña 2020,"tryptophan derivatives like indole-3-aldehyde (IAld) activate aryl hydrocarbon receptors (AhRs) on ILC3s, promoting epithelial homeostasis and stimulating IL-22 production for mucosal repair",Tryptophan/indole metabolism,A3,yes,Epithelial barrier integrity,B2,yes,1c. Tryptophan / indole signaling,Class 1: Metabolite-mediated,yes,Indole / aromatic AA metabolites,D6,yes,Protective × Metabolic,Protective,yes,Indole/tryptophan metabolite,exact,direct hit on tryptophan/indole/AhR axis
Samarkhazan_2025,SAM_063,5,body,B. thetaiotaomicron succinate activates inflammatory macrophages,succinate production,macrophages / inflammatory responses,Bacteroides thetaiotaomicron,species,exacerbating,unspecified,Wu 2021,,"Bacteroides thetaiotaomicron generates succinate during dysbiosis, which enhances inflammatory macrophage activation",Community-level / unattributed,A10,partial,Metabolite signaling to immune cells,B7,yes,1d. Other metabolites,Class 1: Metabolite-mediated,yes,Virome / mycobiome,D13,yes,Context-dependent × Metabolic,Context-dependent,yes,Other metabolite,close,non-SCFA/bile acid/indole metabolite
Samarkhazan_2025,SAM_064,5,body,TMAO inhibits DC HDAC3 and amplifies NF-κB inflammation,TMAO production / HDAC3 inhibition,dendritic cells / NF-κB,,none,community,exacerbating,unspecified,Fujiwara 2021,"dysbiosis-associated trimethylamine N-oxide (TMAO) inhibits HDAC3 in DCs, amplifying NF-κB-driven inflammation",SCFA/butyrate production,A1,yes,Metabolite signaling to immune cells,B7,yes,1a. SCFA / butyrate signaling,Class 1: Metabolite-mediated,yes,SCFA / HDAC axis,D4,yes,Exacerbating × Metabolic,Exacerbating,yes,SCFA metabolite,exact,direct hit on SCFA/butyrate signaling
Samarkhazan_2025,SAM_065,5,body,C. scindens-transformed bile acids suppress Th1 via FXR,bile acid transformation / FXR signaling,Th1 cells,Clostridium scindens,species,protective,unspecified,KiriyamaY 2023,,Bile acids (BAs) transformed by Clostridium scindens suppress TH1 differentiation via FXR signaling,Bile acid metabolism,A2,yes,Metabolite signaling to immune cells,B7,yes,1b. Bile acid signaling,Class 1: Metabolite-mediated,yes,Bile acid metabolites,D5,yes,Context-dependent × Metabolic,Context-dependent,yes,SBA metabolite,exact,direct hit on secondary bile acid signaling
Samarkhazan_2025,SAM_066,5,body,Bacteroides-deficient microbiota primary bile acids drive CXCL10 T-cell recruitment,bile acid metabolism / CXCL10 signaling,gut T-cell recruitment,Bacteroides,genus,protective,unspecified,KiriyamaY 2023,,primary BAs from Bacteroides-deficient microbiota promote CXCL10-mediated T-cell recruitment to the gut,Bile acid metabolism,A2,yes,Metabolite signaling to immune cells,B7,yes,1b. Bile acid signaling,Class 1: Metabolite-mediated,yes,Bile acid metabolites,D5,yes,Context-dependent × Metabolic,Context-dependent,yes,SBA metabolite,exact,direct hit on secondary bile acid signaling
Samarkhazan_2025,SAM_067,5,body,grafts carry donor-derived Enterococcus and Staphylococcus,,HSC graft composition,Enterococcus,genus,context-dependent,clinical cohort,Ilett 2020,,recent investigations demonstrated that bacterial taxa such as Enterococcus and Staphylococcus can be detected in grafts prepared for allo-HSCT. These microbial entities may derive from the donor's microbiota or from contamination during the harvest or processing of the graft,Community-level / unattributed,A10,partial,Immune reconstitution,B6,yes,4a. Diversity / dysbiosis,Class 4: Community-level / dysbiosis,yes,Donor ecosystem dynamics,D8,yes,Context-dependent × Community,Context-dependent,yes,General/unspecified,no match,no clear alignment to existing categories
Samarkhazan_2025,SAM_068,5,body,grafts carry donor-derived Enterococcus and Staphylococcus,,HSC graft composition,Staphylococcus,genus,context-dependent,clinical cohort,Ilett 2020,,recent investigations demonstrated that bacterial taxa such as Enterococcus and Staphylococcus can be detected in grafts prepared for allo-HSCT,Community-level / unattributed,A10,partial,Immune reconstitution,B6,yes,4a. Diversity / dysbiosis,Class 4: Community-level / dysbiosis,yes,Donor ecosystem dynamics,D8,yes,Context-dependent × Community,Context-dependent,yes,General/unspecified,no match,no clear alignment to existing categories
Samarkhazan_2025,SAM_069,5,body,dysbiotic recipient environment allows donor bacteria to establish,,recipient microbial colonization,,none,community,context-dependent,unspecified,Han 2018,"Upon transplantation, these microbes enter a recipient environment characterized by immunosuppression, damaged mucosal barriers, and extensive microbial depletion, allowing donor-associated bacteria the opportunity to establish themselves within the host",Community-level / unattributed,A10,partial,Community-level outcome associations,B9,yes,4a. Diversity / dysbiosis,Class 4: Community-level / dysbiosis,yes,Donor ecosystem dynamics,D8,yes,Context-dependent × Community,Context-dependent,yes,General/unspecified,no match,no clear alignment to existing categories
Samarkhazan_2025,SAM_070,5,body,donor DCs preconditioned by donor microbiota induce regulatory recipient T cells,,dendritic cells / regulatory T cells,,none,community,protective,unspecified,Khuat 2021,"the potential for DCs derived from donors with diverse microbiomes to induce regulatory phenotypic in recipient T cells, followed by decreasing inflammatory responses",Community-level / unattributed,A10,partial,T-cell polarization and Treg/Th17 balance,B3,yes,4a. Diversity / dysbiosis,Class 4: Community-level / dysbiosis,yes,Donor ecosystem dynamics,D8,yes,Protective × Immune,Protective,yes,General/unspecified,no match,no clear alignment to existing categories
Samarkhazan_2025,SAM_071,6,body,Enterococcus dominance displaces Lactobacillus and Bifidobacterium post allo-HSCT,,,Enterococcus,genus,exacerbating,clinical cohort,Ka 2021,,"specific bacterial taxa, like Enterococcus, often at the expense of helpful commensals like Lactobacillus and Bifidobacterium, can dominate the gut microbiota of allo-HSCT patients",Community-level / unattributed,A10,partial,Metabolite signaling to immune cells,B7,yes,1c. Tryptophan / indole signaling,Class 1: Metabolite-mediated,yes,Indole / aromatic AA metabolites,D6,yes,Context-dependent × Metabolic,Context-dependent,yes,Indole/tryptophan metabolite,exact,direct hit on tryptophan/indole/AhR axis
Samarkhazan_2025,SAM_072,6,body,Enterococcus dominance displaces Lactobacillus and Bifidobacterium post allo-HSCT,,,Lactobacillus,genus,protective,clinical cohort,Ka 2021,,"specific bacterial taxa, like Enterococcus, often at the expense of helpful commensals like Lactobacillus and Bifidobacterium, can dominate the gut microbiota of allo-HSCT patients",Community-level / unattributed,A10,partial,Metabolite signaling to immune cells,B7,yes,1c. Tryptophan / indole signaling,Class 1: Metabolite-mediated,yes,Indole / aromatic AA metabolites,D6,yes,Context-dependent × Metabolic,Context-dependent,yes,Indole/tryptophan metabolite,exact,direct hit on tryptophan/indole/AhR axis
Samarkhazan_2025,SAM_073,6,body,Enterococcus dominance displaces Lactobacillus and Bifidobacterium post allo-HSCT,,,Bifidobacterium,genus,protective,clinical cohort,Ka 2021,,"specific bacterial taxa, like Enterococcus, often at the expense of helpful commensals like Lactobacillus and Bifidobacterium, can dominate the gut microbiota of allo-HSCT patients",Community-level / unattributed,A10,partial,Metabolite signaling to immune cells,B7,yes,1c. Tryptophan / indole signaling,Class 1: Metabolite-mediated,yes,Indole / aromatic AA metabolites,D6,yes,Context-dependent × Metabolic,Context-dependent,yes,Indole/tryptophan metabolite,exact,direct hit on tryptophan/indole/AhR axis
Samarkhazan_2025,SAM_074,6,body,donor Clostridiales SCFAs reinforce epithelium and suppress pro-inflammatory T cells,SCFA (butyrate) production,epithelial integrity / T cells,Clostridiales,order,protective,unspecified,Henig 2021,,"Clostridiales species from donors can modulate the recipient's immune system through various mechanisms, including producing SCFAs like butyrate, which reinforce intestinal epithelial integrity and suppress pro-inflammatory T cell responses",SCFA/butyrate production,A1,yes,Metabolite signaling to immune cells,B7,yes,1a. SCFA / butyrate signaling,Class 1: Metabolite-mediated,yes,Donor ecosystem dynamics,D8,yes,Context-dependent × Metabolic,Context-dependent,yes,SCFA metabolite,exact,direct hit on SCFA/butyrate signaling
Samarkhazan_2025,SAM_075,6,body,donor microbiota regulates BM macrophage erythrophagocytosis and iron for HSC differentiation,,bone marrow macrophages / iron / HSC differentiation,,none,community,protective,murine,Zhang 2022,"Zhang et al. (2022) demonstrated that donor microbiota regulates erythrophagocytosis by BM macrophages, influencing local iron levels critical for HSC differentiation",Community-level / unattributed,A10,partial,Immune reconstitution,B6,yes,2a. Innate immune,Class 2: Immune cell targeting,yes,Virome / mycobiome,D13,yes,Protective × Immune,Protective,yes,General/unspecified,no match,no clear alignment to existing categories
Samarkhazan_2025,SAM_076,6,body,microbiota depletion skews HSCs to self-renewal and delays immune reconstitution,,HSC fate / immune reconstitution,,none,community,protective,murine,Zhang 2022,"Microbiota-depleted mice exhibited impaired iron recycling, which skewed HSC fate toward self-renewal rather than differentiation, potentially delaying immune reconstitution",Community-level / unattributed,A10,partial,Immune reconstitution,B6,yes,4a. Diversity / dysbiosis,Class 4: Community-level / dysbiosis,yes,Donor ecosystem dynamics,D8,yes,Protective × Community,Protective,yes,Other immune,close,other immune cell type
Samarkhazan_2025,SAM_077,6,body,maternal AhR ligands and retinoic acid stimulate neonatal ILC3 and LTi development,AhR / retinoic acid signaling,ILC3 / lymphoid tissue inducer cells / mucosal barrier,,none,community,protective,murine,Kimura 2020;  2014,"AhR ligands and retinoic acid stimulate the development of ILC3 and lymphoid tissue inducer cells, both of which play pivotal roles in establishing mucosal barrier",Tryptophan/indole metabolism,A3,yes,Metabolite signaling to immune cells,B7,yes,1c. Tryptophan / indole signaling,Class 1: Metabolite-mediated,yes,Indole / aromatic AA metabolites,D6,yes,Protective × Metabolic,Protective,yes,Indole/tryptophan metabolite,exact,direct hit on tryptophan/indole/AhR axis
Samarkhazan_2025,SAM_078,6,body,post-weaning Clostridia SCFAs promote RORγt+ Tregs,SCFA production,RORγt+ Tregs / Th2 responses,Clostridia,class,protective,unspecified,Smith 2014; Arpaia 2013,,"Clostridia, which become established at weaning, are primary producers of SCFAs that promote the differentiation of RORγt regulatory T cells. These RORγt+ Tregs modulate Th2 responses in the intestine and help regulate immune interactions with the microbiota throughout life",SCFA/butyrate production,A1,yes,Metabolite signaling to immune cells,B7,yes,1a. SCFA / butyrate signaling,Class 1: Metabolite-mediated,yes,SCFA / HDAC axis,D4,yes,Context-dependent × Metabolic,Context-dependent,yes,SCFA metabolite,exact,direct hit on SCFA/butyrate signaling
Samarkhazan_2025,SAM_079,6,body,B. longum subsp. infantis produces indole-3-lactic acid in infant intestine,indole-3-lactic acid production,infant intestinal immunity,Bifidobacterium longum subsp. infantis,species,protective,unspecified,Pandiyan 2019,,Bifidobacterium longum subsp. infantis colonizes the infant intestine and produces indole-3-lactic acid,Tryptophan/indole metabolism,A3,yes,Metabolite signaling to immune cells,B7,yes,1c. Tryptophan / indole signaling,Class 1: Metabolite-mediated,yes,Indole / aromatic AA metabolites,D6,yes,Context-dependent × Metabolic,Context-dependent,yes,Indole/tryptophan metabolite,exact,direct hit on tryptophan/indole/AhR axis
Samarkhazan_2025,SAM_080,6,table 3,Table 3: Enterococcus post-HSCT domination exacerbates mucosal damage and GVHD,,mucosal damage / systemic inflammation,Enterococcus,genus,exacerbating,unspecified,Khuat 2021,,Enterococcus; Frequent post-HSCT domination; Exploitation of ecological vacuum; Antibiotic resistance; Exacerbation of mucosal damage; Systemic inflammation; Increased GVHD severity,Community-level / unattributed,A10,partial,Community-level outcome associations,B9,yes,4a. Diversity / dysbiosis,Class 4: Community-level / dysbiosis,yes,Dysbiosis risk / clinical impact,D10,yes,Context-dependent × Community,Context-dependent,yes,General/unspecified,no match,no clear alignment to existing categories
Samarkhazan_2025,SAM_081,6,table 3,Table 3: Clostridiales donor colonizers reinforce epithelium and reduce GVHD severity,SCFA production,epithelial integrity / T cells,Clostridiales,order,protective,unspecified,Henig 2021,,Clostridiales species; Beneficial colonizers from donor; SCFA production; Metabolic versatility; Reinforcement of intestinal epithelial integrity; Suppression of pro-inflammatory T cell responses; Reduced GVHD severity,SCFA/butyrate production,A1,yes,Metabolite signaling to immune cells,B7,yes,1a. SCFA / butyrate signaling,Class 1: Metabolite-mediated,yes,Donor ecosystem dynamics,D8,yes,Context-dependent × Metabolic,Context-dependent,yes,SCFA metabolite,exact,direct hit on SCFA/butyrate signaling
Samarkhazan_2025,SAM_082,6,table 3,Table 3: Lactobacillus niche occupation exacerbates GVHD via MHC-II alloreactive T cells,MHC class II antigen presentation,alloreactive T cells,Lactobacillus,genus,exacerbating,unspecified,Ka 2021,,Lactobacillus; Competitive with beneficial commensals; Niche occupation in disrupted gut environments; GVHD exacerbation via MHC-II-dependent activation of alloreactive T cells,Microbial antigen presentation / T-cell priming,A6,yes,MHC II antigen presentation,B4,yes,2b. T-cell adaptive,Class 2: Immune cell targeting,yes,GvHD-specific mechanisms (MHC II / microbiota-specific T cells),D12,yes,Context-dependent × Immune,Context-dependent,yes,MHC II inducer,exact,direct hit on MHC class II induction
Samarkhazan_2025,SAM_083,6,table 3,Table 3: Bifidobacterium displacement reduces immune regulation,,immune regulation / inflammatory complications,Bifidobacterium,genus,protective,unspecified,,,Bifidobacterium; Often displaced post-HSCT; Limited competitive advantage in disrupted environment; Loss associated with reduced immune regulation; Loss correlates with increased inflammatory complications,Dysbiosis / diversity loss,A9,yes,Metabolite signaling to immune cells,B7,yes,1c. Tryptophan / indole signaling,Class 1: Metabolite-mediated,yes,Indole / aromatic AA metabolites,D6,yes,Context-dependent × Metabolic,Context-dependent,yes,Indole/tryptophan metabolite,exact,direct hit on tryptophan/indole/AhR axis
Samarkhazan_2025,SAM_084,7,body,B. longum subsp. infantis indole-3-lactic acid induces galectin-1 and reduces Th2/Th17 differentiation,indole-3-lactic acid production,CD4+ T cells / galectin-1 / Th2 / Th17,Bifidobacterium longum subsp. infantis,species,protective,unspecified,Henrick 2021,,"Bifidobacterium longum subsp. infantis colonizes the infant intestine and produces indole-3-lactic acid, which upregulates the immunomodulatory molecule galectin-1 in CD4+ T cells, thereby reducing their differentiation into Th2 and Th17 phenotypes",Tryptophan/indole metabolism,A3,yes,Metabolite signaling to immune cells,B7,yes,1c. Tryptophan / indole signaling,Class 1: Metabolite-mediated,yes,Indole / aromatic AA metabolites,D6,yes,Context-dependent × Metabolic,Context-dependent,yes,Indole/tryptophan metabolite,exact,direct hit on tryptophan/indole/AhR axis
Samarkhazan_2025,SAM_085,7,body,Bifidobacterium species indole acids activate AhR and suppress monocyte inflammatory cytokines,indole acid production / AhR signaling,monocytes / gut barrier,Bifidobacterium,genus,protective,unspecified,Laursen 2021,,Other specific Bifidobacterium species similarly suppress monocyte-derived inflammatory cytokines via indole acid production and enhance gut barrier integrity through AhR activation,Tryptophan/indole metabolism,A3,yes,Epithelial barrier integrity,B2,yes,1c. Tryptophan / indole signaling,Class 1: Metabolite-mediated,yes,Indole / aromatic AA metabolites,D6,yes,Context-dependent × Metabolic,Context-dependent,yes,Indole/tryptophan metabolite,exact,direct hit on tryptophan/indole/AhR axis
Samarkhazan_2025,SAM_086,7,body,B. wadsworthia expansion via taurocholic acid promotes Th1 responses and colitis,taurocholic acid metabolism,Th1 responses,Bilophila wadsworthia,species,exacerbating,murine,Devkota 2012,,a diet enriched in saturated fats fosters the proliferation of Bilophila wadsworthia via the accumulation of taurocholic acid—a secondary bile acid that promotes Th1-type immune responses and predisposes IL-10−/− deficient mice to colitis,Bile acid metabolism,A2,yes,T-cell polarization and Treg/Th17 balance,B3,yes,1b. Bile acid signaling,Class 1: Metabolite-mediated,yes,Bile acid metabolites,D5,yes,Context-dependent × Immune,Context-dependent,yes,General/unspecified,no match,no clear alignment to existing categories
Samarkhazan_2025,SAM_087,7,body,fasting enriches Lactobacillaceae/Bacteroidaceae/Prevotellaceae and promotes Tregs,antioxidative microbial metabolism,IL-17+ T cells / Tregs,Lactobacillaceae,family,protective,murine,Cignarella 2018,,"intermittent fasting enriches the gut microbiota with members of the Lactobacillaceae, Bacteroidaceae, and Prevotellaceae families while enhancing antioxidative microbial metabolic pathways that decrease IL-17–producing T cells and promote regulatory T cell induction",Community-level / unattributed,A10,partial,T-cell polarization and Treg/Th17 balance,B3,yes,5b. Dietary / prebiotic interventions,Class 5: Therapeutic / intervention,yes,Phase 2 — Adaptive / T-cell (immune interplay),D2,yes,Context-dependent × Immune,Context-dependent,yes,Treg inducer,close,Treg induction pathway
Samarkhazan_2025,SAM_088,7,body,fasting enriches Lactobacillaceae/Bacteroidaceae/Prevotellaceae and promotes Tregs,antioxidative microbial metabolism,IL-17+ T cells / Tregs,Bacteroidaceae,family,protective,murine,Cignarella 2018,,"intermittent fasting enriches the gut microbiota with members of the Lactobacillaceae, Bacteroidaceae, and Prevotellaceae families while enhancing antioxidative microbial metabolic pathways that decrease IL-17–producing T cells and promote regulatory T cell induction",Community-level / unattributed,A10,partial,T-cell polarization and Treg/Th17 balance,B3,yes,5b. Dietary / prebiotic interventions,Class 5: Therapeutic / intervention,yes,Phase 2 — Adaptive / T-cell (immune interplay),D2,yes,Context-dependent × Immune,Context-dependent,yes,Treg inducer,close,Treg induction pathway
Samarkhazan_2025,SAM_089,7,body,fasting enriches Lactobacillaceae/Bacteroidaceae/Prevotellaceae and promotes Tregs,antioxidative microbial metabolism,IL-17+ T cells / Tregs,Prevotellaceae,family,protective,murine,Cignarella 2018,,"intermittent fasting enriches the gut microbiota with members of the Lactobacillaceae, Bacteroidaceae, and Prevotellaceae families while enhancing antioxidative microbial metabolic pathways that decrease IL-17–producing T cells and promote regulatory T cell induction",Community-level / unattributed,A10,partial,T-cell polarization and Treg/Th17 balance,B3,yes,5b. Dietary / prebiotic interventions,Class 5: Therapeutic / intervention,yes,Phase 2 — Adaptive / T-cell (immune interplay),D2,yes,Context-dependent × Immune,Context-dependent,yes,Treg inducer,close,Treg induction pathway
Samarkhazan_2025,SAM_090,7,body,secondary bile acids regulate gut RORγt+ Treg homeostasis,SBA production,RORγt+ Tregs,,none,community,protective,unspecified,Song 2020,secondary bile acids generated from primary bile acids in the colon act as critical endogenous regulators of gut RORγt⁺ regulatory T cell homeostasis,Bile acid metabolism,A2,yes,Metabolite signaling to immune cells,B7,yes,1b. Bile acid signaling,Class 1: Metabolite-mediated,yes,Bile acid metabolites,D5,yes,Protective × Metabolic,Protective,yes,SBA metabolite,exact,direct hit on secondary bile acid signaling
Samarkhazan_2025,SAM_091,7,body,B. fragilis PSA engages TLR1/2 and Dectin-1 to induce CREB-dependent anti-inflammatory expression,polysaccharide A (PSA) signaling,TLR1/2 / Dectin-1 / PI3K / GSK3β / CREB,Bacteroides fragilis,species,protective,unspecified,Erturk-Hasdemir 2019; Ramakrishna 2019,,"polysaccharide A from the commensal Bacteroides fragilis is recognized by a Toll-like receptor (TLR)1/2 heterodimer in conjunction with Dectin-1. This interaction activates downstream phosphoinositide 3-kinase (PI3K) signaling, leading to the inactivation of glycogen synthase kinase 3β (GSK3β) and subsequent induction of cAMP response element binding protein (CREB)-dependent anti-inflammatory gene expression",LPS/MAMP/PRR signaling,A4,yes,Community-level outcome associations,B9,yes,2a. Innate immune,Class 2: Immune cell targeting,yes,Phase 2 — Adaptive / T-cell (immune interplay),D2,yes,Context-dependent × Immune,Context-dependent,yes,Macrophage/PSA modulator,close,PSA signaling to DCs/macrophages
Samarkhazan_2025,SAM_092,7,body,SFB promote non-inflammatory Th17 while Citrobacter drives inflammatory Th17,,Th17 cells,segmented filamentous bacteria,functional group,context-dependent,unspecified,Omenetti 2019,,"segmented filamentous bacteria (SFB) promote non-inflammatory Th17 cell differentiation, whereas certain Citrobacter-derived components drive an inflammatory Th17 phenotype",Community-level / unattributed,A10,partial,T-cell polarization and Treg/Th17 balance,B3,yes,2b. T-cell adaptive,Class 2: Immune cell targeting,yes,Phase 2 — Adaptive / T-cell (immune interplay),D2,yes,Context-dependent × Immune,Context-dependent,yes,Th17 modulator,close,Th17 skewing mechanism
Samarkhazan_2025,SAM_093,7,body,SFB promote non-inflammatory Th17 while Citrobacter drives inflammatory Th17,,Th17 cells,Citrobacter,genus,exacerbating,unspecified,Omenetti 2019,,"segmented filamentous bacteria (SFB) promote non-inflammatory Th17 cell differentiation, whereas certain Citrobacter-derived components drive an inflammatory Th17 phenotype",Community-level / unattributed,A10,partial,T-cell polarization and Treg/Th17 balance,B3,yes,2b. T-cell adaptive,Class 2: Immune cell targeting,yes,Phase 2 — Adaptive / T-cell (immune interplay),D2,yes,Context-dependent × Immune,Context-dependent,yes,Th17 modulator,close,Th17 skewing mechanism
Samarkhazan_2025,SAM_094,7,body,"SCFAs signal through GPR41, GPR43 and GPR109A",SCFA/GPCR (GPR41, GPR43, GPR109A) signaling,systemic tissues,,none,community,protective,"these metabolites modulate intracellular signaling by binding to G protein-coupled receptors (GPCRs), including GPR41, GPR43, and GPR109A. These receptors are expressed across diverse tissues and display variable affinities for individual SCFAs",SCFA/butyrate production,A1,yes,Metabolite signaling to immune cells,B7,yes,1a. SCFA / butyrate signaling,Class 1: Metabolite-mediated,yes,SCFA / HDAC axis,D4,yes,Context-dependent × Metabolic,Context-dependent,yes,SCFA metabolite,exact,direct hit on SCFA/butyrate signaling
Samarkhazan_2025,SAM_095,7,body,SCFA signaling activates NLRP3/IL-18 and enhances FOXP3+ Tregs,SCFA signaling,NLRP3 / IL-18 / FOXP3+ Tregs,,none,community,protective,unspecified,Sun 2017,"SCFA-induced signaling promotes activation of the NLRP3 inflammasome and IL-18 release by colonic epithelial cells, and enhances the differentiation and regulatory functions of FOXP3⁺ T cells",SCFA/butyrate production,A1,yes,Metabolite signaling to immune cells,B7,yes,1a. SCFA / butyrate signaling,Class 1: Metabolite-mediated,yes,SCFA / HDAC axis,D4,yes,Protective × Metabolic,Protective,yes,SCFA metabolite,exact,direct hit on SCFA/butyrate signaling
Samarkhazan_2025,SAM_096,7,body,SCFA-derived acetyl-CoA fuels p300 histone acetylation,SCFA / acetyl-CoA / histone acetyltransferase (p300),histone acetylation,,none,community,protective,unspecified,Thomas 2021,"butyrate and propionate are metabolized to acetyl-CoA, which serves as an acetyl donor for histone acetyltransferases such as p300, thereby enhancing histone acetylation",SCFA/butyrate production,A1,yes,Metabolite signaling to immune cells,B7,yes,1a. SCFA / butyrate signaling,Class 1: Metabolite-mediated,yes,SCFA / HDAC axis,D4,yes,Protective × Metabolic,Protective,yes,SCFA metabolite,exact,direct hit on SCFA/butyrate signaling
Samarkhazan_2025,SAM_097,7,body,butyrate/propionate HDAC inhibition reprograms immune and epithelial gene expression,SCFA / HDAC inhibition,macrophages / DCs / Tregs / IECs,,none,community,protective,unspecified,Chang 2014; Elce 2017; Grouls 2022; Schulthess 2019,"butyrate and propionate also inhibit HDAC activity, further promoting an open chromatin state that modulates gene expression. This epigenetic reprogramming influences diverse cellular processes—including differentiation, cell cycle regulation, oxidative stress responses, inflammation, antimicrobial defense, and fatty acid metabolism—in macrophages, dendritic cells, lymphocytes (particularly regulatory T cells), and intestinal epithelial cells",SCFA/butyrate production,A1,yes,Metabolite signaling to immune cells,B7,yes,1a. SCFA / butyrate signaling,Class 1: Metabolite-mediated,yes,SCFA / HDAC axis,D4,yes,Protective × Metabolic,Protective,yes,SCFA metabolite,exact,direct hit on SCFA/butyrate signaling
Samarkhazan_2025,SAM_098,7,body,butyrate HDAC3/HDAC6 inhibition modulates NF-κB p65 acetylation,butyrate / HDAC3 / HDAC6 inhibition,NF-κB p65 acetylation,,none,community,protective,unspecified,Sarkar 2023,"butyrate's HDAC inhibitory activity modulates lysine acetylation of the NF-κB subunit p65 via HDAC3 and HDAC6, thereby influencing the recruitment of NF-κB to pro-inflammatory gene promoters",SCFA/butyrate production,A1,yes,Metabolite signaling to immune cells,B7,yes,1a. SCFA / butyrate signaling,Class 1: Metabolite-mediated,yes,SCFA / HDAC axis,D4,yes,Protective × Metabolic,Protective,yes,SCFA metabolite,exact,direct hit on SCFA/butyrate signaling
Samarkhazan_2025,SAM_099,8,figure 1,SCFAs absorbed via GPCR41/43/109A reshape gut immune homeostasis,SCFA / GPCR (GPR41, GPR43, GPR109A) / HDAC signaling,IECs / DCs / monocytes / B cells / plasma cells / Th1/Th2/Th17 / Tregs,,none,community,protective,"SCFAs regulate immune responses in the gut through GPCR signaling and HDACs modulation. SCFAs produced by gut bacteria are absorbed by intestinal epithelial cells via GPCR41/43 and GPCR109A, affecting epithelial stem cells and columnar epithelial cells. These metabolites shape immune homeostasis by interacting with GPCR43 and HDACs on dendritic cells (DCs), monocytes, B cells, plasma cells, Th1/2/17 cells, and regulatory T cells, contributing to immune modulation in the gut",SCFA/butyrate production,A1,yes,Metabolite signaling to immune cells,B7,yes,1a. SCFA / butyrate signaling,Class 1: Metabolite-mediated,yes,SCFA / HDAC axis,D4,yes,Context-dependent × Metabolic,Context-dependent,yes,SCFA metabolite,exact,direct hit on SCFA/butyrate signaling
Samarkhazan_2025,SAM_100,8,body,conditioning injures mucosa and permits bacterial translocation,,intestinal barrier / bacterial translocation,conditioning,none,community,exacerbating,unspecified,Jenq 2012; Markey 2014,"Conditioning therapies—including chemotherapy and radiotherapy—cause significant mucosal injury and inflammation that compromise the intestinal barrier, thereby allowing bacterial translocation",Community-level / unattributed,A10,partial,Innate immune / barrier initiation (conditioning),B1,yes,4a. Diversity / dysbiosis,Class 4: Community-level / dysbiosis,yes,Phase 1 — Innate / MAMP / conditioning,D1,yes,Exacerbating × Community,Exacerbating,yes,General/unspecified,no match,no clear alignment to existing categories
Samarkhazan_2025,SAM_101,8,body,conditioning reduces SCFA levels needed for barrier repair,SCFA production,barrier repair / anti-inflammatory signaling,,none,community,protective,unspecified,,"This disruption not only triggers local immune activation but also leads to a loss of microbial diversity and a reduction in key metabolites such as SCFAs, which are essential for barrier repair and anti-inflammatory signaling",SCFA/butyrate production,A1,yes,Innate immune / barrier initiation (conditioning),B1,yes,1a. SCFA / butyrate signaling,Class 1: Metabolite-mediated,yes,SCFA / HDAC axis,D4,yes,Protective × Metabolic,Protective,yes,SCFA metabolite,exact,direct hit on SCFA/butyrate signaling
Samarkhazan_2025,SAM_102,8,body,low microbial diversity associates with higher TRM and GVHD mortality,,transplant-related and GVHD-related mortality,,none,community,protective,clinical cohort,Lin 2021,"Reduced microbial diversity has been correlated with increased transplant-related and GVHD-related mortality, underscoring the critical role of a healthy microbiome in mitigating GVHD severity",Dysbiosis / diversity loss,A9,yes,Community-level outcome associations,B9,yes,4a. Diversity / dysbiosis,Class 4: Community-level / dysbiosis,yes,Dysbiosis risk / clinical impact,D10,yes,Protective × Community,Protective,yes,General/unspecified,no match,no clear alignment to existing categories
Samarkhazan_2025,SAM_103,8,body,specific bacteria act as MHC-II inducers/suppressors on IECs,MHC class II antigen presentation,IECs / MHC-II,,none,community,context-dependent,unspecified,Koyama 2019,"the composition of the intestinal microbiota directly modulates immune responses through effects on antigen presentation by intestinal epithelial cells (IECs). Studies have shown that specific bacterial taxa can act as MHC-II inducers or suppressors, thereby influencing the expression of MHC-II molecules on IECs",Microbial antigen presentation / T-cell priming,A6,yes,MHC II antigen presentation,B4,yes,2b. T-cell adaptive,Class 2: Immune cell targeting,yes,GvHD-specific mechanisms (MHC II / microbiota-specific T cells),D12,yes,Context-dependent × Immune,Context-dependent,yes,General/unspecified,no match,no clear alignment to existing categories
Samarkhazan_2025,SAM_104,9,body,microbiota-induced IFN-γ enhances IEC MHC-II and donor CD4+ T cell activation,,IEC MHC-II / donor CD4+ T cells / IFN-γ,,none,community,exacerbating,unspecified,Koyama 2023,"Enhanced MHC-II expression—driven by microbiota-induced local production of interferon-gamma (IFN-γ)—promotes the activation of donor-derived CD4⁺ T cells, which are key mediators of GVHD",Microbial antigen presentation / T-cell priming,A6,yes,MHC II antigen presentation,B4,yes,2b. T-cell adaptive,Class 2: Immune cell targeting,yes,GvHD-specific mechanisms (MHC II / microbiota-specific T cells),D12,yes,Exacerbating × Immune,Exacerbating,yes,MHC II inducer,exact,direct hit on MHC class II induction
Samarkhazan_2025,SAM_105,9,body,oral vancomycin depletes MHC-II-inducing bacteria to attenuate GVHD,,IEC MHC-II / GVHD severity,,none,community,protective,unspecified,Koyama 2023,"targeted depletion of MHC-II inducer bacteria via selective antibiotic regimens, such as oral vancomycin, leads to a reduction in MHC-II expression and subsequent attenuation of GVHD severity",Microbial antigen presentation / T-cell priming,A6,yes,MHC II antigen presentation,B4,yes,2b. T-cell adaptive,Class 2: Immune cell targeting,yes,GvHD-specific mechanisms (MHC II / microbiota-specific T cells),D12,yes,Protective × Immune,Protective,yes,MHC II inducer,exact,direct hit on MHC class II induction
Samarkhazan_2025,SAM_106,9,body,progressive loss of diversity enables Enterococcus and Streptococcus overgrowth and inflammation,,intestinal inflammation,Enterococcus,genus,exacerbating,unspecified,Reddi 2025,,"A progressive decline in microbial diversity—initiated during remission-inducing chemotherapy and exacerbated post-transplant—results in the overgrowth of pathobionts such as Enterococcus and Streptococcus, both of which are potent stimulators of intestinal inflammation",Dysbiosis / diversity loss,A9,yes,Community-level outcome associations,B9,yes,4b. Pathobiont expansion / mono-dominance,Class 4: Community-level / dysbiosis,yes,Dysbiosis risk / clinical impact,D10,yes,Context-dependent × Community,Context-dependent,yes,General/unspecified,no match,no clear alignment to existing categories
Samarkhazan_2025,SAM_107,9,body,progressive loss of diversity enables Enterococcus and Streptococcus overgrowth and inflammation,,intestinal inflammation,Streptococcus,genus,exacerbating,unspecified,Reddi 2025,,"A progressive decline in microbial diversity—initiated during remission-inducing chemotherapy and exacerbated post-transplant—results in the overgrowth of pathobionts such as Enterococcus and Streptococcus, both of which are potent stimulators of intestinal inflammation",Dysbiosis / diversity loss,A9,yes,Community-level outcome associations,B9,yes,4b. Pathobiont expansion / mono-dominance,Class 4: Community-level / dysbiosis,yes,Dysbiosis risk / clinical impact,D10,yes,Context-dependent × Community,Context-dependent,yes,General/unspecified,no match,no clear alignment to existing categories
Samarkhazan_2025,SAM_108,9,body,Barnesiella and L. johnsonii suppress pathobiont expansion,,,Barnesiella,genus,protective,unspecified,Reddi 2025,,beneficial taxa like Barnesiella and Lactobacillus johnsonii help maintain microbial homeostasis by suppressing the expansion of harmful bacteria,Dysbiosis / diversity loss,A9,yes,Community-level outcome associations,B9,yes,3b. Colonization resistance / competitive exclusion,Class 3: Barrier and structural,yes,Dysbiosis risk / clinical impact,D10,yes,Context-dependent × Community,Context-dependent,yes,Dysbiosis/mono-dominance,exact,mono-dominance or pathobiont expansion
Samarkhazan_2025,SAM_109,9,body,Barnesiella and L. johnsonii suppress pathobiont expansion,,,Lactobacillus johnsonii,species,protective,unspecified,Reddi 2025,,beneficial taxa like Barnesiella and Lactobacillus johnsonii help maintain microbial homeostasis by suppressing the expansion of harmful bacteria,Dysbiosis / diversity loss,A9,yes,Community-level outcome associations,B9,yes,3b. Colonization resistance / competitive exclusion,Class 3: Barrier and structural,yes,Dysbiosis risk / clinical impact,D10,yes,Context-dependent × Community,Context-dependent,yes,Dysbiosis/mono-dominance,exact,mono-dominance or pathobiont expansion
Samarkhazan_2025,SAM_110,9,body,reduced SCFAs linked to higher GVHD severity,SCFA production,GVHD severity,,none,community,protective,clinical cohort,Payen 2020,diminished levels of SCFAs in both the gut and circulation have been linked to increased disease severity,SCFA/butyrate production,A1,yes,Metabolite signaling to immune cells,B7,yes,1a. SCFA / butyrate signaling,Class 1: Metabolite-mediated,yes,SCFA / HDAC axis,D4,yes,Protective × Metabolic,Protective,yes,SCFA metabolite,exact,direct hit on SCFA/butyrate signaling
Samarkhazan_2025,SAM_111,9,body,dysbiosis-driven LPS translocation activates PRRs and amplifies systemic inflammation,LPS translocation / TLR activation,TNF-α / IL-1β / IL-6 / IL-8,,none,community,exacerbating,unspecified,Lin 2021,"dysbiosis-an imbalance in the gut microbial community-can compromise the integrity of the intestinal barrier, allowing microbial products such as lipopolysaccharide (LPS) and other PAMPs to translocate into the circulation. This translocation activates innate immune cells via pattern recognition receptors (e.g., Toll-like receptors), which in turn release pro-inflammatory cytokines (TNF-α, IL-1β, IL-6) and chemokines (IL-8), thereby amplifying systemic inflammation",LPS/MAMP/PRR signaling,A4,yes,Innate immune / barrier initiation (conditioning),B1,yes,2a. Innate immune,Class 2: Immune cell targeting,yes,Phase 1 — Innate / MAMP / conditioning,D1,yes,Exacerbating × Immune,Exacerbating,yes,Innate/TLR-LPS,exact,direct hit on LPS/TLR/innate PRR signaling
Samarkhazan_2025,SAM_112,9,body,dysbiosis shifts Treg/Th1 balance and fuels GVHD inflammation,,Tregs / Th1 / IFN-γ / IL-10,,none,community,exacerbating,unspecified,WangY 2022,"dysbiosis may disturb the balance between regulatory and effector T cells. For instance, a reduction in Treg cells along with an increase in Th1 cells leads to elevated IFN-γ levels and a concomitant decrease in anti-inflammatory cytokines like IL-10. This skewed cytokine environment further fuels systemic inflammation in GVHD",Dysbiosis / diversity loss,A9,yes,T-cell polarization and Treg/Th17 balance,B3,yes,2b. T-cell adaptive,Class 2: Immune cell targeting,yes,Phase 2 — Adaptive / T-cell (immune interplay),D2,yes,Exacerbating × Immune,Exacerbating,yes,Th17 modulator,close,Th17 skewing mechanism
Samarkhazan_2025,SAM_113,9,body,hepatic butyrate induces Kupffer cell PGE₂ and suppresses TNF-α,butyrate production,Kupffer cells / PGE₂ / TNF-α,,none,community,protective,unspecified,Ye 2018,"Butyrate, produced in the colon through fermentation of dietary fibers, is delivered to the liver via the portal circulation and can contribute up to 30% of the hepatic energy supply. Once in the liver, butyrate exerts anti-inflammatory effects by acting on Kupffer cells to enhance the production of immunosuppressive prostaglandin E₂ (PGE₂) and concurrently suppress pro-inflammatory cytokines like TNF-α",SCFA/butyrate production,A1,yes,Metabolite signaling to immune cells,B7,yes,1a. SCFA / butyrate signaling,Class 1: Metabolite-mediated,yes,SCFA / HDAC axis,D4,yes,Protective × Metabolic,Protective,yes,SCFA metabolite,exact,direct hit on SCFA/butyrate signaling
Samarkhazan_2025,SAM_114,9,body,butyrate H3K9 acetylation on PPARα attenuates NF-κB signaling,butyrate / HDAC inhibition / H3K9 acetylation,PPARα / NF-κB,,none,community,protective,unspecified,Mann 2024; Sun 2018,"butyrate modulates transcriptional regulation by increasing H3K9 acetylation at the promoter region of peroxisome proliferator-activated receptor alpha (PPARα), thereby attenuating NF-κB-mediated inflammatory signaling",SCFA/butyrate production,A1,yes,Metabolite signaling to immune cells,B7,yes,1a. SCFA / butyrate signaling,Class 1: Metabolite-mediated,yes,SCFA / HDAC axis,D4,yes,Protective × Metabolic,Protective,yes,SCFA metabolite,exact,direct hit on SCFA/butyrate signaling
Samarkhazan_2025,SAM_115,9,body,early antibiotics reduce hepatic butyrate and impair IL-18/GPR109A-dependent LrNK maturation,butyrate / GPR109A signaling,Kupffer cells / IL-18 / LrNK cells,,none,community,protective,murine,Pabst 2023,"early antibiotic treatment reduces hepatic butyrate levels, impairing IL-18 production in Kupffer cells and hepatocytes via a GPR109A-dependent mechanism. The resultant deficiency in IL-18 signaling undermines mitochondrial function and arrests the maturation of liver-resident natural killer (LrNK) cells",SCFA/butyrate production,A1,yes,Immune reconstitution,B6,yes,5a. Antibiotic effects,Class 5: Therapeutic / intervention,yes,SCFA / HDAC axis,D4,yes,Protective × Metabolic,Protective,yes,SCFA metabolite,exact,direct hit on SCFA/butyrate signaling
Samarkhazan_2025,SAM_116,9,table 4,Table 4: high microbial diversity reduces GVHD severity,,gut barrier / immune homeostasis / GVHD severity,,none,community,protective,unspecified,,"Microbial Diversity; High diversity reduces severity; low increases mortality; Maintains gut barrier, immune homeostasis; FMT to restore diversity",Dysbiosis / diversity loss,A9,yes,Epithelial barrier integrity,B2,yes,3a. Epithelial barrier,Class 3: Barrier and structural,yes,Therapeutic strategies,D14,yes,Protective × Community,Protective,yes,General/unspecified,no match,no clear alignment to existing categories
Samarkhazan_2025,SAM_117,9,table 4,Table 4: Lactobacillus suppresses pathobionts and enhances Tregs,,pathobionts / Tregs,Lactobacillus,genus,protective,unspecified,,,"Beneficial Bacteria (e.g., Lactobacillus, Barnesiella); Suppress progression; Inhibit pathobionts, enhance Tregs; Probiotics with these strains",Community-level / unattributed,A10,partial,T-cell polarization and Treg/Th17 balance,B3,yes,2b. T-cell adaptive,Class 2: Immune cell targeting,yes,Therapeutic strategies,D14,yes,Context-dependent × Immune,Context-dependent,yes,Treg inducer,close,Treg induction pathway
Samarkhazan_2025,SAM_118,9,table 4,Table 4: Barnesiella suppresses pathobionts and enhances Tregs,,pathobionts / Tregs,Barnesiella,genus,protective,unspecified,,,"Beneficial Bacteria (e.g., Lactobacillus, Barnesiella); Suppress progression; Inhibit pathobionts, enhance Tregs; Probiotics with these strains",Community-level / unattributed,A10,partial,T-cell polarization and Treg/Th17 balance,B3,yes,2b. T-cell adaptive,Class 2: Immune cell targeting,yes,Therapeutic strategies,D14,yes,Context-dependent × Immune,Context-dependent,yes,Treg inducer,close,Treg induction pathway
Samarkhazan_2025,SAM_119,9,table 4,Table 4: Enterococcus triggers inflammation via LPS translocation,LPS translocation,systemic inflammation,Enterococcus,genus,exacerbating,unspecified,,,"Pathobionts (e.g., Enterococcus, Streptococcus); Exacerbate severity; Trigger inflammation via LPS translocation; Antibiotics (e.g., vancomycin)",LPS/MAMP/PRR signaling,A4,yes,Innate immune / barrier initiation (conditioning),B1,yes,2a. Innate immune,Class 2: Immune cell targeting,yes,Therapeutic strategies,D14,yes,Context-dependent × Immune,Context-dependent,yes,Innate/TLR-LPS,exact,direct hit on LPS/TLR/innate PRR signaling
Samarkhazan_2025,SAM_120,9,table 4,Table 4: Streptococcus triggers inflammation via LPS translocation,LPS translocation,systemic inflammation,Streptococcus,genus,exacerbating,unspecified,,,"Pathobionts (e.g., Enterococcus, Streptococcus); Exacerbate severity; Trigger inflammation via LPS translocation; Antibiotics (e.g., vancomycin)",LPS/MAMP/PRR signaling,A4,yes,Innate immune / barrier initiation (conditioning),B1,yes,2a. Innate immune,Class 2: Immune cell targeting,yes,Therapeutic strategies,D14,yes,Context-dependent × Immune,Context-dependent,yes,Innate/TLR-LPS,exact,direct hit on LPS/TLR/innate PRR signaling
Samarkhazan_2025,SAM_121,9,table 4,"Table 4: SCFAs repair gut barrier, induce Tregs and reduce inflammation",SCFA production,gut barrier / Tregs / inflammation,,none,community,protective,unspecified,,"SCFAs (e.g., Butyrate); Reduced levels worsen; supplementation mitigates; Repair gut barrier, induce Tregs, reduce inflammation; Prebiotics to boost SCFA production",SCFA/butyrate production,A1,yes,Epithelial barrier integrity,B2,yes,1a. SCFA / butyrate signaling,Class 1: Metabolite-mediated,yes,Therapeutic strategies,D14,yes,Protective × Metabolic,Protective,yes,SCFA metabolite,exact,direct hit on SCFA/butyrate signaling
Samarkhazan_2025,SAM_122,9,table 4,Table 4: MHC-II inducing bacteria activate donor T cells,MHC class II antigen presentation,IEC MHC-II / donor T cells,,none,community,exacerbating,unspecified,,"MHC-II Inducing Bacteria; Enhance severity; Increase IEC MHC-II, activate donor T cells; Selective antibiotic depletion",Microbial antigen presentation / T-cell priming,A6,yes,MHC II antigen presentation,B4,yes,2b. T-cell adaptive,Class 2: Immune cell targeting,yes,Therapeutic strategies,D14,yes,Exacerbating × Immune,Exacerbating,yes,MHC II inducer,exact,direct hit on MHC class II induction
Samarkhazan_2025,SAM_123,10,section Therapeutic opportunities,,corticosteroid efficacy,steroid-refractory GVHD,,none,none,unspecified,narrative,Jamil 2015,"Current treatments, primarily corticosteroids, are effective in only 40–60% of patients, with many experiencing steroid dependency or resistance",Community-level / unattributed,A10,partial,Community-level outcome associations,B9,yes,4a. Diversity / dysbiosis,Class 4: Community-level / dysbiosis,yes,Dysbiosis risk / clinical impact,D10,yes,Context-dependent × Community,Context-dependent,yes,General/unspecified,no match,no clear alignment to existing categories
Samarkhazan_2025,SAM_124,10,section Probiotics,Yazdandoust 2023 synbiotic trial,Treg induction (CD4+CD25+Foxp3+),acute GVHD incidence and severity,,none,community,protective,human,Yazdandoust 2023,synbiotic intake (probiotics plus prebiotics) before and during conditioning may reduce acute GVHD incidence and severity by inducing CD4 + CD25 + Foxp3 + regulatory T cells,SCFA/butyrate production,A1,yes,Community-level outcome associations,B9,yes,4a. Diversity / dysbiosis,Class 4: Community-level / dysbiosis,yes,Dysbiosis risk / clinical impact,D10,yes,Protective × Community,Protective,yes,General/unspecified,no match,no clear alignment to existing categories
Samarkhazan_2025,SAM_125,10,section Probiotics,Ladas 2016 Lactobacillus plantarum safety,probiotic safety,bacteremia,Lactobacillus plantarum,species,protective,human,Ladas 2016,,"Lactobacillus plantarum administration feasible, with 97% compliance and no bacteremia in 30 children and adolescents undergoing HCT",Community-level / unattributed,A10,partial,Community-level outcome associations,B9,yes,5c. Probiotic / FMT / defined consortium,Class 5: Therapeutic / intervention,yes,Therapeutic strategies,D14,yes,Context-dependent × Community,Context-dependent,yes,General/unspecified,no match,no clear alignment to existing categories
Samarkhazan_2025,SAM_126,10,section Probiotics,Sofi 2021 B. fragilis gut barrier,mucus production / epithelial repair,gut barrier integrity,Bacteroides fragilis,species,protective,animal,Sofi 2021,,Bacteroides fragilis improving gut barrier integrity and reducing GVHD in mice by enhancing mucus production and reducing epithelial damage,Community-level / unattributed,A10,partial,Epithelial barrier integrity,B2,yes,3a. Epithelial barrier,Class 3: Barrier and structural,yes,Dysbiosis risk / clinical impact,D10,yes,Context-dependent × Community,Context-dependent,yes,General/unspecified,no match,no clear alignment to existing categories
Samarkhazan_2025,SAM_127,10,section Probiotics,Gerbitz 2004 LGG murine,probiotic colonization,aGVHD severity / survival,Lactobacillus rhamnosus GG,species,protective,animal,Gerbitz 2004,,oral administration of Lactobacillus Rhamnosus GG before and after transplantation resulted in improved survival and reduced aGVHD in murine models,Community-level / unattributed,A10,partial,Community-level outcome associations,B9,yes,5c. Probiotic / FMT / defined consortium,Class 5: Therapeutic / intervention,yes,Therapeutic strategies,D14,yes,Context-dependent × Community,Context-dependent,yes,General/unspecified,no match,no clear alignment to existing categories
Samarkhazan_2025,SAM_128,10,section Probiotics,Beak 2022 L. acidophilus + FK506,anti-inflammatory probiotic adjunct,GVHD severity / inflammation,Lactobacillus acidophilus,species,protective,animal,Beak 2022,,combining Lactobacillus acidophilus with the immunosuppressant FK506 reduced inflammation and the severity of GVHD compared to FK506 alone,Community-level / unattributed,A10,partial,Metabolite signaling to immune cells,B7,yes,5c. Probiotic / FMT / defined consortium,Class 5: Therapeutic / intervention,yes,Therapeutic strategies,D14,yes,Context-dependent × Metabolic,Context-dependent,yes,Indole/tryptophan metabolite,exact,direct hit on tryptophan/indole/AhR axis
Samarkhazan_2025,SAM_129,10,section Probiotics,probiotic adverse events in immunocompromised hosts,probiotic translocation,sepsis / bacteremia / meningitis,,none,community,exacerbating,human,HongT 2021,"there have been reports of sepsis, bacteremia, and meningitis following probiotic treatment in immunocompromised individuals",Community-level / unattributed,A10,partial,Community-level outcome associations,B9,yes,5c. Probiotic / FMT / defined consortium,Class 5: Therapeutic / intervention,yes,Therapeutic strategies,D14,yes,Exacerbating × Community,Exacerbating,yes,General/unspecified,no match,no clear alignment to existing categories
Samarkhazan_2025,SAM_130,10,section Prebiotics,Holmes 2022 GOS murine,prebiotic expansion of butyrogenic bacteria / SCFA production,antibiotic-induced gut injury / alloreactivity,,none,functional group,protective,animal,Holmes 2022,"Galacto-Oligosaccharides (GOS) in mice, finding it prevented antibiotic-induced gut injury post-allo-HCT by expanding butyrogenic bacteria and increasing SCFA production",SCFA/butyrate production,A1,yes,Metabolite signaling to immune cells,B7,yes,1a. SCFA / butyrate signaling,Class 1: Metabolite-mediated,yes,Therapeutic strategies,D14,yes,Protective × Metabolic,Protective,yes,SCFA metabolite,exact,direct hit on SCFA/butyrate signaling
Samarkhazan_2025,SAM_131,10,section Prebiotics,Muratore 2022 prebiotic review,microbiota diversity reduction (lactose),GVHD severity,,none,community,exacerbating,animal,Muratore 2022,"prebiotics like GOS reduced GVHD severity in murine models, but cautioned that lactose may enhance GVHD by reducing microbiota diversity",SCFA/butyrate production,A1,yes,Community-level outcome associations,B9,yes,4a. Diversity / dysbiosis,Class 4: Community-level / dysbiosis,yes,Therapeutic strategies,D14,yes,Exacerbating × Community,Exacerbating,yes,General/unspecified,no match,no clear alignment to existing categories
Samarkhazan_2025,SAM_132,11,table 5,Table 5: probiotics restore gut balance and enhance barrier function,probiotic restoration of gut balance,aGVHD incidence/severity,,none,community,protective,unspecified,,"Probiotics; Restores gut balance, enhances barrier function, reduces aGVHD incidence/severity; Synbiotics induced Tregs, reduced aGVHD; L. plantarum safe in kids; B. fragilis, L. rhamnosus GG reduced GVHD in mice",Community-level / unattributed,A10,partial,Community-level outcome associations,B9,yes,5c. Probiotic / FMT / defined consortium,Class 5: Therapeutic / intervention,yes,Therapeutic strategies,D14,yes,Protective × Community,Protective,yes,General/unspecified,no match,no clear alignment to existing categories
Samarkhazan_2025,SAM_133,11,table 5,Table 5: prebiotics promote beneficial bacteria and SCFAs,prebiotic promotion of SCFA-producing bacteria,GVHD severity,,none,community,protective,unspecified,,"Prebiotics; Promotes beneficial bacteria, increases SCFAs, reduces GVHD severity; GOS prevented gut injury, boosted SCFAs in mice; GOS reduced GVHD in models",SCFA/butyrate production,A1,yes,Metabolite signaling to immune cells,B7,yes,1a. SCFA / butyrate signaling,Class 1: Metabolite-mediated,yes,Therapeutic strategies,D14,yes,Protective × Metabolic,Protective,yes,SCFA metabolite,exact,direct hit on SCFA/butyrate signaling
Samarkhazan_2025,SAM_134,11,table 5,Table 5: FMT restores diversity and treats steroid-refractory GVHD,microbiota diversity restoration,steroid-refractory GVHD / aGVHD incidence,,none,community,protective,unspecified,,"Fecal Microbiota Transplantation (FMT); Restores diversity, effective for steroid-refractory GVHD, reduces aGVHD incidence; 82.4% response rate in meta-analysis; Ameliorated intestinal GVHD; Prophylactic FMT safe, effective",Community-level / unattributed,A10,partial,Community-level outcome associations,B9,yes,5c. Probiotic / FMT / defined consortium,Class 5: Therapeutic / intervention,yes,Therapeutic strategies,D14,yes,Protective × Community,Protective,yes,General/unspecified,no match,no clear alignment to existing categories
Samarkhazan_2025,SAM_135,11,table 5,Table 5: personalized therapies predict GVHD risk from microbiome profile,pre-transplant microbiome profiling,GVHD risk prediction,,none,community,protective,unspecified,,"Personalized Therapies; Predicts GVHD risk, tailors interventions for better outcomes; Pre-transplant microbiome profiles predict GVHD risk",Community-level / unattributed,A10,partial,Community-level outcome associations,B9,yes,4a. Diversity / dysbiosis,Class 4: Community-level / dysbiosis,yes,Therapeutic strategies,D14,yes,Protective × Community,Protective,yes,General/unspecified,no match,no clear alignment to existing categories
Samarkhazan_2025,SAM_136,11,section FMT,Qiao 2023 FMT meta-analysis,FMT microbiota transfer,steroid-refractory GVHD response,,none,community,protective,human,Qiao 2023,"a complete remission (CR) rate of 55.9% and a partial remission (PR) rate of 26.5%, culminating in an overall response rate of 82.4%",Community-level / unattributed,A10,partial,Community-level outcome associations,B9,yes,5c. Probiotic / FMT / defined consortium,Class 5: Therapeutic / intervention,yes,Therapeutic strategies,D14,yes,Protective × Community,Protective,yes,General/unspecified,no match,no clear alignment to existing categories
Samarkhazan_2025,SAM_137,11,section FMT,Weber 2024 donor FMT intestinal GVHD,donor FMT microbiota transfer,intestinal GVHD,,none,community,protective,human,Weber 2024,Weber et al. reported that donor FMT ameliorated intestinal GVHD in allogeneic hematopoietic cell transplant recipients,Community-level / unattributed,A10,partial,Community-level outcome associations,B9,yes,5c. Probiotic / FMT / defined consortium,Class 5: Therapeutic / intervention,yes,Therapeutic strategies,D14,yes,Protective × Community,Protective,yes,General/unspecified,no match,no clear alignment to existing categories
Samarkhazan_2025,SAM_138,11,section FMT,Reddi 2025 prophylactic FMT trial,prophylactic FMT microbiota transfer,acute GVHD incidence,,none,community,protective,human,Reddi 2025,"a randomized, double-blind, placebo-controlled trial published in Nature Communications (2025) evaluated the prophylactic use of FMT early after alloHCT to prevent acute GVHD. The study demonstrated that FMT was feasible and safe, with potential benefits in reducing GVHD incidence",Community-level / unattributed,A10,partial,Community-level outcome associations,B9,yes,5c. Probiotic / FMT / defined consortium,Class 5: Therapeutic / intervention,yes,Therapeutic strategies,D14,yes,Protective × Community,Protective,yes,General/unspecified,no match,no clear alignment to existing categories
Samarkhazan_2025,SAM_139,12,section personalized therapies,Blautia low / Enterobacteriaceae high as GVHD risk signature,reduced microbial diversity / dysbiosis,GVHD severity / mortality,Blautia,genus,protective,human,Liu 2017; Masetti 2023,,"patients with reduced microbial diversity or an imbalanced community—characterized, for example, by low levels of beneficial taxa such as Blautia and high levels of pro-inflammatory organisms like Enterobacteriaceae—are at increased risk for more severe GVHD and higher mortality following allo-HSCT",Community-level / unattributed,A10,partial,Community-level outcome associations,B9,yes,4a. Diversity / dysbiosis,Class 4: Community-level / dysbiosis,yes,Dysbiosis risk / clinical impact,D10,yes,Context-dependent × Community,Context-dependent,yes,Biomarker/indicator,close,taxon-outcome association without mechanism
Samarkhazan_2025,SAM_140,12,section personalized therapies,Blautia low / Enterobacteriaceae high as GVHD risk signature,pro-inflammatory expansion,GVHD severity / mortality,Enterobacteriaceae,family,exacerbating,human,Liu 2017; Masetti 2023,,"patients with reduced microbial diversity or an imbalanced community—characterized, for example, by low levels of beneficial taxa such as Blautia and high levels of pro-inflammatory organisms like Enterobacteriaceae—are at increased risk for more severe GVHD and higher mortality following allo-HSCT",Community-level / unattributed,A10,partial,Community-level outcome associations,B9,yes,4a. Diversity / dysbiosis,Class 4: Community-level / dysbiosis,yes,Dysbiosis risk / clinical impact,D10,yes,Context-dependent × Community,Context-dependent,yes,Biomarker/indicator,close,taxon-outcome association without mechanism
Samarkhazan_2025,SAM_141,12,section personalized therapies,Zargari 2022 metagenome-wide predictive model,pre-transplant microbiome composition,GVHD risk prediction,,none,community,protective,human,Zargari 2022,predictive modeling work—using metagenome-wide association studies—has shown that pre-transplant gut microbiota profiles can achieve moderate predictive accuracy (AUC ~ 0.67) for GVHD risk,Community-level / unattributed,A10,partial,Community-level outcome associations,B9,yes,4a. Diversity / dysbiosis,Class 4: Community-level / dysbiosis,yes,Dysbiosis risk / clinical impact,D10,yes,Protective × Community,Protective,yes,General/unspecified,no match,no clear alignment to existing categories
Samarkhazan_2025,SAM_142,12,section Global disparities,FMT response rate restated for disparities discussion,FMT microbiota transfer,steroid-refractory GVHD response,,none,community,protective,human,Qiao 2023,FMT has demonstrated an 82.4% response rate in steroid-refractory GVHD cases,Community-level / unattributed,A10,partial,Community-level outcome associations,B9,yes,5c. Probiotic / FMT / defined consortium,Class 5: Therapeutic / intervention,yes,Therapeutic strategies,D14,yes,Protective × Community,Protective,yes,General/unspecified,no match,no clear alignment to existing categories
Samarkhazan_2025,SAM_143,12,section Global disparities,Conventional immunosuppression response rate restated,conventional immunosuppression,GVHD response rate,,none,none,unspecified,human,Jamil 2015,"patients often rely on conventional immunosuppressive therapies, which achieve only a 40–60% response rate",Community-level / unattributed,A10,partial,Community-level outcome associations,B9,yes,4a. Diversity / dysbiosis,Class 4: Community-level / dysbiosis,yes,Dysbiosis risk / clinical impact,D10,yes,Context-dependent × Community,Context-dependent,yes,General/unspecified,no match,no clear alignment to existing categories
Samarkhazan_2025,SAM_144,12,section Conclusion,Conclusion: conditioning-driven dysbiosis disrupts metabolites,dysbiosis-driven loss of microbial metabolites,immune regulation / barrier integrity / inflammation,,none,community,exacerbating,narrative,,"Dysbiosis in HSCT recipients, driven by chemotherapy, radiation, and antibiotics, disrupts microbial metabolites critical for immune regulation, barrier integrity, and inflammatory control",Dysbiosis / diversity loss,A9,yes,Metabolite signaling to immune cells,B7,yes,4a. Diversity / dysbiosis,Class 4: Community-level / dysbiosis,yes,Dysbiosis risk / clinical impact,D10,yes,Exacerbating × Community,Exacerbating,yes,Diversity/commensal depletion,exact,diversity loss / commensal depletion
Samarkhazan_2025,SAM_145,12,section Conclusion,Conclusion: diversity restoration rebalances T cells / SCFAs,microbial diversity restoration / SCFA production / T-cell rebalancing,GVHD attenuation,,none,community,protective,narrative,,"restoring microbial diversity through probiotics, prebiotics, or FMT has shown potential to attenuate GVHD by rebalancing T-cell subsets, enhancing SCFA production, and curbing systemic inflammation",SCFA/butyrate production,A1,yes,Metabolite signaling to immune cells,B7,yes,1a. SCFA / butyrate signaling,Class 1: Metabolite-mediated,yes,Therapeutic strategies,D14,yes,Protective × Metabolic,Protective,yes,SCFA metabolite,exact,direct hit on SCFA/butyrate signaling
Weber_2026,WEB_001,1,body,dysbiosis linked to aGVHD,,,acute,none,community,exacerbating,unspecified,,disruptions to the intestinal microbiome—referred to as dysbiosis—have been strongly linked to the development of acute graft-versus-host disease (aGVHD),Dysbiosis / diversity loss,A9,yes,Community-level outcome associations,B9,yes,4a. Diversity / dysbiosis,Class 4: Community-level / dysbiosis,yes,Dysbiosis risk / clinical impact,D10,yes,Exacerbating × Community,Exacerbating,yes,Diversity/commensal depletion,exact,diversity loss / commensal depletion
Weber_2026,WEB_002,1,body,microbiome shapes immune reconstitution and complications,,host immune system,,none,community,unspecified,unspecified,,"The gut microbiome interacts closely with the host immune system, inﬂuencing both immune reconstitution and alloHCT complications",Community-level / unattributed,A10,partial,Immune reconstitution,B6,yes,4a. Diversity / dysbiosis,Class 4: Community-level / dysbiosis,yes,Immune reconstitution,D11,yes,Context-dependent × Community,Context-dependent,yes,Other immune,close,other immune cell type
Weber_2026,WEB_003,1,body,germ-free / decontamination reduces GvHD mortality,,,,none,community,protective,murine,van Bekkum 1974 (10.1093/jnci/52.2.401); Beelen 1999,alloHCT in germ-free mice as well as total or selective decontamination with broad-spectrum antibiotics resulted in a signiﬁcant reduction of GvHD-related mortality,Community-level / unattributed,A10,partial,Community-level outcome associations,B9,yes,5a. Antibiotic effects,Class 5: Therapeutic / intervention,yes,Dysbiosis risk / clinical impact,D10,yes,Protective × Community,Protective,yes,General/unspecified,no match,no clear alignment to existing categories
Weber_2026,WEB_004,1,body,Lactobacillus introduction modifies intestinal inflammation,,intestinal inflammation,,Lactobacillus,genus,protective,unspecified,Jenq 2012 (10.1084/jem.20112408); Gerbitz 2004,manipulation of the intestinal microbiota composition either by antibiotics such as Ampicillin or by introducing potentially beneﬁcial bacteria such as Lactobacillus signiﬁcantly modiﬁed intestinal inﬂammation and outcome of transplant recipients,Community-level / unattributed,A10,partial,Community-level outcome associations,B9,yes,4a. Diversity / dysbiosis,Class 4: Community-level / dysbiosis,yes,Dysbiosis risk / clinical impact,D10,yes,Protective × Community,Protective,yes,General/unspecified,no match,no clear alignment to existing categories
Weber_2026,WEB_005,1,body,early intestinal dysbiosis associated with poor outcome,,,,none,community,exacerbating,human observational,Peled 2020 (10.1056/NEJMoa1900623); Taur 2014 (10.1182/blood-2014-02-554725); Weber 2015 (10.1182/blood-2015-04-638858),"the diversity of the intestinal microbiome signiﬁcantly decreases over time. Disruption of the homeostatic microbiota composition and, particularly, early intestinal dysbiosis, is strongly associated with poor outcome",Dysbiosis / diversity loss,A9,yes,Community-level outcome associations,B9,yes,4a. Diversity / dysbiosis,Class 4: Community-level / dysbiosis,yes,Dysbiosis risk / clinical impact,D10,yes,Exacerbating × Community,Exacerbating,yes,Diversity/commensal depletion,exact,diversity loss / commensal depletion
Weber_2026,WEB_006,1,body,Enterococci domination associated with TRM,,transplant-related mortality,,Enterococci,genus,exacerbating,human observational,Peled 2020 (10.1056/NEJMoa1900623); Stein-Thoeringer 2019 (10.1126/science.aax3760),similar microbial patterns characterized by loss of commensals and domination by single bacterial taxa such as Enterococci were associated with high transplant-related mortality,Community-level / unattributed,A10,partial,Community-level outcome associations,B9,yes,4a. Diversity / dysbiosis,Class 4: Community-level / dysbiosis,yes,Dysbiosis risk / clinical impact,D10,yes,Exacerbating × Community,Exacerbating,yes,General/unspecified,no match,no clear alignment to existing categories
Weber_2026,WEB_007,1,body,loss of commensals associated with TRM,,transplant-related mortality,,commensals,functional group,exacerbating,human observational,Peled 2020 (10.1056/NEJMoa1900623); Stein-Thoeringer 2019 (10.1126/science.aax3760),similar microbial patterns characterized by loss of commensals and domination by single bacterial taxa such as Enterococci were associated with high transplant-related mortality,Dysbiosis / diversity loss,A9,yes,Community-level outcome associations,B9,yes,4a. Diversity / dysbiosis,Class 4: Community-level / dysbiosis,yes,Dysbiosis risk / clinical impact,D10,yes,Exacerbating × Community,Exacerbating,yes,General/unspecified,no match,no clear alignment to existing categories
Weber_2026,WEB_008,1,body,dysbiosis creates pro-inflammatory milieu,,epithelial integrity,,none,community,exacerbating,unspecified,,Intestinal dysbiosis creates a pro-inﬂammatory milieu and leads to disruption of epithelial integrity,Dysbiosis / diversity loss,A9,yes,Community-level outcome associations,B9,yes,4a. Diversity / dysbiosis,Class 4: Community-level / dysbiosis,yes,Dysbiosis risk / clinical impact,D10,yes,Exacerbating × Community,Exacerbating,yes,Diversity/commensal depletion,exact,diversity loss / commensal depletion
Weber_2026,WEB_009,2,body,PAMPs released by bacterial activation/destruction,PAMP release,DAMPs/PAMPs danger signals,conditioning,none,community,exacerbating,unspecified,Malard 2023 (10.1038/s41572-023-00438-1),"Epithelial damage is exacerbated by pretransplant conditioning, which causes the release of intracellular molecules, damage-associated molecular patterns (DAMPs), while activation or destruction of bacteria induces the release of pathogen-associated molecular patterns (PAMPs)",LPS/MAMP/PRR signaling,A4,yes,Innate immune / barrier initiation (conditioning),B1,yes,2a. Innate immune,Class 2: Immune cell targeting,yes,Phase 1 — Innate / MAMP / conditioning,D1,yes,Exacerbating × Immune,Exacerbating,yes,Innate/TLR-LPS,exact,direct hit on LPS/TLR/innate PRR signaling
Weber_2026,WEB_010,2,body,PAMPs activate APCs and donor lymphocytes,PAMP release,antigen presenting cells / donor lymphocytes,,none,community,exacerbating,unspecified,Malard 2023 (10.1038/s41572-023-00438-1),"DAMPs and PAMPs act as danger signals to activate antigen presenting cells, which are then responsible for the activation of allogenic donor lymphocytes and acute GVHD",LPS/MAMP/PRR signaling,A4,yes,Innate immune / barrier initiation (conditioning),B1,yes,2a. Innate immune,Class 2: Immune cell targeting,yes,Phase 1 — Innate / MAMP / conditioning,D1,yes,Exacerbating × Immune,Exacerbating,yes,Innate/TLR-LPS,exact,direct hit on LPS/TLR/innate PRR signaling
Weber_2026,WEB_011,2,body,bacterial translocation drives aGvHD and BSI,bacterial translocation,epithelial barrier / bloodstream,acute,none,community,exacerbating,unspecified,,"Epithelial damage, bacterial translocation and inﬂammation are the hallmarks of aGvHD development and at the origin of blood stream infections and septicemias",Community-level / unattributed,A10,partial,Innate immune / barrier initiation (conditioning),B1,yes,3a. Epithelial barrier,Class 3: Barrier and structural,yes,Dysbiosis risk / clinical impact,D10,yes,Exacerbating × Community,Exacerbating,yes,General/unspecified,no match,no clear alignment to existing categories
Weber_2026,WEB_012,2,body,SCFA producer depletion enables pathogen expansion,SCFA production,opportunistic pathogen expansion,,obligate anaerobic SCFA producers,functional group,protective,human observational,Taur 2014 (10.1182/blood-2014-02-554725); Weber 2015 (10.1182/blood-2015-04-638858); Haak 2018 (10.1182/blood-2018-01-828996),"These are often broad-spectrum antibiotics that target obligate anaerobic bacteria, typically producers of short-chain fatty acids (SCFA) in the gut. Depletion of SCFA producing bacteria is associated with expansion of opportunistic pathogens",SCFA/butyrate production,A1,yes,Innate immune / barrier initiation (conditioning),B1,yes,1a. SCFA / butyrate signaling,Class 1: Metabolite-mediated,yes,SCFA / HDAC axis,D4,yes,Protective × Metabolic,Protective,yes,SCFA metabolite,exact,direct hit on SCFA/butyrate signaling
Weber_2026,WEB_013,2,body,Blautia loss from parenteral nutrition,,,,Blautia,genus,protective,unspecified,Jenq 2015 (10.1016/j.bbmt.2015.04.016); Zama 2021 (10.1016/j.jtct.2020.11.006); Muratore 2022 (10.3389/fnut.2022.993668),absence of normal dietary intake and prolonged parenteral nutrition leads to loss of protective beneﬁcial bacteria such as Blautia,Community-level / unattributed,A10,partial,Community-level outcome associations,B9,yes,5b. Dietary / prebiotic interventions,Class 5: Therapeutic / intervention,yes,Therapeutic strategies,D14,yes,Protective × Community,Protective,yes,General/unspecified,no match,no clear alignment to existing categories
Weber_2026,WEB_014,2,body,microbial metabolites modulate immunity via AHR,SCFA / bile acid / polyamine / indole production,aryl hydrocarbon receptor (AHR),,none,community,unspecified,unspecified,Belkaid 2017 (10.1016/j.immuni.2017.04.008),"Intestinal microbiota are able to modify local and systemic immunity either by direct interaction with immune cells or indirectly via the production of microbial metabolites such as SCFA like butyrate, bile acids, polyamines, and indoles binding to the aryl hydrocarbon receptor (AHR)",Tryptophan/indole metabolism,A3,yes,Metabolite signaling to immune cells,B7,yes,1a. SCFA / butyrate signaling,Class 1: Metabolite-mediated,yes,Bile acid metabolites,D5,yes,Context-dependent × Metabolic,Context-dependent,yes,SCFA metabolite,exact,direct hit on SCFA/butyrate signaling
Weber_2026,WEB_015,2,body,Bacteroides fragilis PSA amplifies Tregs,polysaccharide A (PSA) signaling,dendritic cells / Foxp3+ Tregs,,Bacteroides fragilis,species,protective,unspecified,Telesford 2015,"Speciﬁc commensal bacteria, such as Bacteroides fragilis, further amplify Treg development via polysaccharide A (PSA)-dependent signaling, which primes dendritic cells to foster Foxp3+ Treg induction",Polysaccharide/glycan metabolism,A8,yes,T-cell polarization and Treg/Th17 balance,B3,yes,2b. T-cell adaptive,Class 2: Immune cell targeting,yes,Phase 2 — Adaptive / T-cell (immune interplay),D2,yes,Protective × Immune,Protective,yes,Macrophage/PSA modulator,close,PSA signaling to DCs/macrophages
Weber_2026,WEB_016,2,body,microbiota-induced Tregs suppress alloreactive CD8,,alloreactive CD8+ T cells,,none,community,protective,unspecified,Jarosch 2023 (10.1016/j.xcrm.2023.101125),"these microbiota-induced Tregs not only expand in number but also critically interact with alloreactive CD8 + T cells to directly suppress their allogeneic activation, thereby limiting the severity of GvHD",Community-level / unattributed,A10,partial,T-cell polarization and Treg/Th17 balance,B3,yes,2b. T-cell adaptive,Class 2: Immune cell targeting,yes,Phase 2 — Adaptive / T-cell (immune interplay),D2,yes,Protective × Immune,Protective,yes,Treg inducer,close,Treg induction pathway
Weber_2026,WEB_017,2,body,microbiome disruption reduces Tregs,,Tregs / cytotoxic T cell crosstalk,,none,community,exacerbating,unspecified,Jarosch 2023 (10.1016/j.xcrm.2023.101125),"Disruption of the microbiome leads to a marked reduction in Tregs and their regulatory crosstalk with alloreactive cytotoxic T cells, resulting in heightened GvHD severity",Community-level / unattributed,A10,partial,T-cell polarization and Treg/Th17 balance,B3,yes,2b. T-cell adaptive,Class 2: Immune cell targeting,yes,Phase 2 — Adaptive / T-cell (immune interplay),D2,yes,Exacerbating × Immune,Exacerbating,yes,Treg inducer,close,Treg induction pathway
Weber_2026,WEB_018,2,body,SFB and B. adolescentis drive Th17,,Th17 differentiation,,segmented filamentous bacteria,functional group,exacerbating,unspecified,Goto 2014,"Certain commensal bacteria, including segmented ﬁlamentous bacteria (SFB) and Biﬁdobacterium adolescentis, are known to drive Th17 differentiation",Community-level / unattributed,A10,partial,T-cell polarization and Treg/Th17 balance,B3,yes,2b. T-cell adaptive,Class 2: Immune cell targeting,yes,Phase 2 — Adaptive / T-cell (immune interplay),D2,yes,Exacerbating × Immune,Exacerbating,yes,Th17 modulator,close,Th17 skewing mechanism
Weber_2026,WEB_019,2,body,SFB and B. adolescentis drive Th17,,Th17 differentiation,,Bifidobacterium adolescentis,species,exacerbating,unspecified,Goto 2014,"Certain commensal bacteria, including segmented ﬁlamentous bacteria (SFB) and Biﬁdobacterium adolescentis, are known to drive Th17 differentiation",Community-level / unattributed,A10,partial,T-cell polarization and Treg/Th17 balance,B3,yes,2b. T-cell adaptive,Class 2: Immune cell targeting,yes,Phase 2 — Adaptive / T-cell (immune interplay),D2,yes,Exacerbating × Immune,Exacerbating,yes,Th17 modulator,close,Th17 skewing mechanism
Weber_2026,WEB_020,2,body,IL-17 enhances tissue injury via neutrophils and macrophages,,IL-17 / neutrophils / macrophages,,none,community,exacerbating,unspecified,Jarosch 2023 (10.1016/j.xcrm.2023.101125); Riwes 2018 (10.1111/ajt.14443),"higher levels of IL-17–producing donor-derived CD4⁺ T cells are detected in cases of severe intestinal GvHD, where IL-17 enhances tissue injury by promoting neutrophil inﬁltration and macrophage activation",Community-level / unattributed,A10,partial,T-cell polarization and Treg/Th17 balance,B3,yes,2a. Innate immune,Class 2: Immune cell targeting,yes,Virome / mycobiome,D13,yes,Exacerbating × Immune,Exacerbating,yes,General/unspecified,no match,no clear alignment to existing categories
Weber_2026,WEB_021,2,body,SFB-induced IL-6/IL-23 skews Th17/Treg,IL-6 and IL-23 induction,Th17/Treg balance,,segmented filamentous bacteria,functional group,exacerbating,unspecified,,Microbiota-derived signals such as SFB-induced IL-6 and IL-23 pathways further skew the Th17/Treg balance toward inﬂammation,Community-level / unattributed,A10,partial,T-cell polarization and Treg/Th17 balance,B3,yes,2b. T-cell adaptive,Class 2: Immune cell targeting,yes,Phase 2 — Adaptive / T-cell (immune interplay),D2,yes,Exacerbating × Immune,Exacerbating,yes,Th17 modulator,close,Th17 skewing mechanism
Weber_2026,WEB_022,2,body,loss of diversity amplifies Th17,,Th17 regulatory feedback,,none,community,exacerbating,unspecified,,loss of microbial diversity reduces regulatory feedback mechanisms that normally limit Th17 expansion,Dysbiosis / diversity loss,A9,yes,T-cell polarization and Treg/Th17 balance,B3,yes,2b. T-cell adaptive,Class 2: Immune cell targeting,yes,Phase 2 — Adaptive / T-cell (immune interplay),D2,yes,Exacerbating × Immune,Exacerbating,yes,Th17 modulator,close,Th17 skewing mechanism
Weber_2026,WEB_023,2,body,3-oxo LCA inhibits Th17,secondary bile acid production (3-oxoLCA),Th17 cell differentiation,,none,community,protective,unspecified,Hang 2019 (10.1038/s41586-019-1785-z),"Certain microbial metabolites, such as 3-oxo LCA (a secondary bile acid), can inhibit Th17 cell differentiation and mitigate GvHD",Bile acid metabolism,A2,yes,Metabolite signaling to immune cells,B7,yes,1b. Bile acid signaling,Class 1: Metabolite-mediated,yes,Bile acid metabolites,D5,yes,Protective × Metabolic,Protective,yes,SBA metabolite,exact,direct hit on secondary bile acid signaling
Weber_2026,WEB_024,2,body,ILC3 function regulated by FfAR2,SCFA production (FfAR2 ligand),ILC3 / FfAR2,,none,community,unspecified,unspecified,Chun 2019,"ILC3s, a subset of ILCs, play a key role in gut immunity, and their function is regulated by FfAR2, a receptor for microbial metabolites",SCFA/butyrate production,A1,yes,Metabolite signaling to immune cells,B7,yes,1a. SCFA / butyrate signaling,Class 1: Metabolite-mediated,yes,SCFA / HDAC axis,D4,yes,Context-dependent × Metabolic,Context-dependent,yes,SCFA metabolite,exact,direct hit on SCFA/butyrate signaling
Weber_2026,WEB_025,2,body,FfAR2 enhances IL-22 to repair epithelium,SCFA production (FfAR2 ligand),IL-22 / gut barrier,,none,community,protective,unspecified,Chun 2019,"FfAR2 activation enhances IL-22 production, which strengthens the gut barrier and promotes epithelial healing",SCFA/butyrate production,A1,yes,Epithelial barrier integrity,B2,yes,1a. SCFA / butyrate signaling,Class 1: Metabolite-mediated,yes,SCFA / HDAC axis,D4,yes,Protective × Metabolic,Protective,yes,SCFA metabolite,exact,direct hit on SCFA/butyrate signaling
Weber_2026,WEB_026,2,body,ILC3s suppress alloreactive T cells,,alloreactive T cells,,none,community,protective,unspecified,Hazenberg 2019 (10.1182/bloodadvances.2019000176),ILC3s suppress alloreactive T cell activation,Community-level / unattributed,A10,partial,Epithelial barrier integrity,B2,yes,2c. Other immune,Class 2: Immune cell targeting,yes,Phase 2 — Adaptive / T-cell (immune interplay),D2,yes,Protective × Immune,Protective,yes,Other immune,close,other immune cell type
Weber_2026,WEB_027,2,body,ILC3 ID2-dependent IL-22 colonization resistance,,colonization resistance / IL-22,,none,community,protective,unspecified,Guo 2015,"help monitor gut microbiota, and support early colonization resistance through ID2-dependent IL-22 regulation",Colonization resistance / competitive exclusion,A7,yes,Epithelial barrier integrity,B2,yes,2c. Other immune,Class 2: Immune cell targeting,yes,"Other immune effectors (ILC3, NK, B cell, MAIT, gamma-delta)",D9,yes,Protective × Immune,Protective,yes,Other immune,close,other immune cell type
Weber_2026,WEB_028,2,body,ILC3 IL-22 protects intestinal stem cells,,intestinal stem cells / antimicrobial peptides / mucins,,none,community,protective,murine,Lindemans 2015 (10.1038/nature16460),"In murine alloHCT models, ILC3-derived IL-22 protects the intestinal stem cells, limits epithelial damage, and enhances production of antimicrobial peptides and mucins, all promoting effective epithelial repair and reduced severity of GvHD",Community-level / unattributed,A10,partial,Epithelial barrier integrity,B2,yes,2c. Other immune,Class 2: Immune cell targeting,yes,"Other immune effectors (ILC3, NK, B cell, MAIT, gamma-delta)",D9,yes,Protective × Immune,Protective,yes,Other immune,close,other immune cell type
Weber_2026,WEB_029,2,body,SCFA fermentation enhances immune tolerance,SCFA (butyrate/propionate/acetate) production,immune tolerance,,none,community,protective,unspecified,,"The gut microbiota enhances immune tolerance by fermenting dietary polysaccharide SCFA like butyrate, propionate, and acetate, which have key immunomodulatory effects",SCFA/butyrate production,A1,yes,Metabolite signaling to immune cells,B7,yes,1a. SCFA / butyrate signaling,Class 1: Metabolite-mediated,yes,SCFA / HDAC axis,D4,yes,Protective × Metabolic,Protective,yes,SCFA metabolite,exact,direct hit on SCFA/butyrate signaling
Weber_2026,WEB_030,2,body,butyrate regulates hematopoiesis via TLR,butyrate production,hematopoietic stem cells / TLR,,none,community,protective,unspecified,Wolfe 2022,Butyrate regulates hematopoiesis by activating toll-like receptor signaling in hematopoietic stem cells and contributes to the overall restoration of immune cell numbers,SCFA/butyrate production,A1,yes,Immune reconstitution,B6,yes,1a. SCFA / butyrate signaling,Class 1: Metabolite-mediated,yes,SCFA / HDAC axis,D4,yes,Protective × Metabolic,Protective,yes,SCFA metabolite,exact,direct hit on SCFA/butyrate signaling
Weber_2026,WEB_031,2,body,Clostridium butyrate expands colonic Tregs,butyrate production / HDAC inhibition,Treg differentiation / Foxp3,,Clostridium clusters IV XIVa XVIII,functional group,protective,unspecified,Atarashi 2011,"Butyrate produced by Clostridium clusters (IV, XIVa, XVIII) and Biﬁdobacterium, enhance Treg differentiation by inhibiting histone deacetylases (HDACs) and maintaining Foxp3 expression, thereby expanding colonic Treg populations",SCFA/butyrate production,A1,yes,Metabolite signaling to immune cells,B7,yes,1a. SCFA / butyrate signaling,Class 1: Metabolite-mediated,yes,SCFA / HDAC axis,D4,yes,Protective × Metabolic,Protective,yes,SCFA metabolite,exact,direct hit on SCFA/butyrate signaling
Weber_2026,WEB_032,2,body,Bifidobacterium butyrate expands colonic Tregs,butyrate production / HDAC inhibition,Treg differentiation / Foxp3,,Bifidobacterium,genus,protective,unspecified,Atarashi 2011,"Butyrate produced by Clostridium clusters (IV, XIVa, XVIII) and Biﬁdobacterium, enhance Treg differentiation by inhibiting histone deacetylases (HDACs) and maintaining Foxp3 expression, thereby expanding colonic Treg populations",SCFA/butyrate production,A1,yes,Metabolite signaling to immune cells,B7,yes,1a. SCFA / butyrate signaling,Class 1: Metabolite-mediated,yes,Indole / aromatic AA metabolites,D6,yes,Protective × Metabolic,Protective,yes,SCFA metabolite,exact,direct hit on SCFA/butyrate signaling
Weber_2026,WEB_033,2,body,HDAC inhibition reduces GVHD biomarkers,,inflammatory cytokines / Reg3 / ST2 / Treg function,acute,none,community,protective,clinical trial,Choi 2015 (10.1182/blood-2014-10-605238); Choi 2017 (10.1182/blood-2017-06-790469),"vorinostat, a pharmacological HDAC inhibitor, has been shown to decrease inﬂammatory cytokines, lower established GVHD biomarkers (such as Reg3 and ST2), and enhance Treg function, thereby reducing the incidence and severity of acute GVHD in both preclinical and clinical studies",SCFA/butyrate production,A1,yes,Metabolite signaling to immune cells,B7,yes,1a. SCFA / butyrate signaling,Class 1: Metabolite-mediated,yes,SCFA / HDAC axis,D4,yes,Protective × Metabolic,Protective,yes,SCFA metabolite,exact,direct hit on SCFA/butyrate signaling
Weber_2026,WEB_034,2,body,bile acid modification regulates immunity via FXR/GPBAR,secondary bile acid production (LCA / DCA),FXR / GPBAR receptors,,none,community,unspecified,unspecified,,"Bile acids, synthesized by the liver and modiﬁed by gut microbiota into secondary forms (e.g., lithocholic acid (LCA), deoxycholic acid (DCA)), regulate immune responses via receptors like farnesoid X receptor (FXR) and G-Protein Bile Acid-activated Receptor (GPBAR)",Bile acid metabolism,A2,yes,Metabolite signaling to immune cells,B7,yes,1b. Bile acid signaling,Class 1: Metabolite-mediated,yes,Bile acid metabolites,D5,yes,Context-dependent × Metabolic,Context-dependent,yes,SBA metabolite,exact,direct hit on secondary bile acid signaling
Weber_2026,WEB_035,2,body,3-oxoLCA and isoalloLCA modulate Th17/Treg,secondary bile acid production (3-oxoLCA / isoalloLCA),RORγt / FOXP3+ Treg balance,,none,community,protective,unspecified,Hang 2019 (10.1038/s41586-019-1785-z),"Secondary bile acids, such as 3-oxoLCA and isoalloLCA, modulate the TH17/Treg balance: 3-oxoLCA inhibits RORγt-driven TH17 differentiation, while isoalloLCA enhances FOXP3+ Treg induction",Bile acid metabolism,A2,yes,Metabolite signaling to immune cells,B7,yes,1b. Bile acid signaling,Class 1: Metabolite-mediated,yes,Bile acid metabolites,D5,yes,Protective × Metabolic,Protective,yes,SBA metabolite,exact,direct hit on secondary bile acid signaling
Weber_2026,WEB_036,2,body,TUDCA reduces aGVHD severity,bile acid (TUDCA),antigen presentation / intestinal epithelium,acute,none,community,protective,murine,Haring 2020,"Prophylactic tauroursodeoxycholic acid (TUDCA) administration reduced acute GVHD severity in murine transplantation models by decreasing antigen presentation activity and preventing intestinal epithelial apoptosis, independent of microbiome alterations",Bile acid metabolism,A2,yes,Epithelial barrier integrity,B2,yes,1b. Bile acid signaling,Class 1: Metabolite-mediated,yes,Bile acid metabolites,D5,yes,Protective × Metabolic,Protective,yes,SBA metabolite,exact,direct hit on secondary bile acid signaling
Weber_2026,WEB_037,2,body,indole-AhR regulates IL-22/IL-10 axis,indole derivative production,AhR / IL-22/IL-10 axis / Tregs / ILCs,,Lactobacilli,genus,protective,unspecified,Hubbard 2015,"Indole derivatives produced by commensals like Lactobacilli and Proteobacteria activate the aryl hydrocarbon receptor (AhR), which regulates the IL-22/IL-10 axis, promotes Treg differentiation and ILC homeostasis, and suppresses hyperinﬂammation",Tryptophan/indole metabolism,A3,yes,Metabolite signaling to immune cells,B7,yes,1c. Tryptophan / indole signaling,Class 1: Metabolite-mediated,yes,Indole / aromatic AA metabolites,D6,yes,Protective × Metabolic,Protective,yes,Indole/tryptophan metabolite,exact,direct hit on tryptophan/indole/AhR axis
Weber_2026,WEB_038,2,body,indole-AhR regulates IL-22/IL-10 axis,indole derivative production,AhR / IL-22/IL-10 axis / Tregs / ILCs,,Proteobacteria,phylum,protective,unspecified,Hubbard 2015,"Indole derivatives produced by commensals like Lactobacilli and Proteobacteria activate the aryl hydrocarbon receptor (AhR), which regulates the IL-22/IL-10 axis, promotes Treg differentiation and ILC homeostasis, and suppresses hyperinﬂammation",Tryptophan/indole metabolism,A3,yes,Metabolite signaling to immune cells,B7,yes,1c. Tryptophan / indole signaling,Class 1: Metabolite-mediated,yes,Indole / aromatic AA metabolites,D6,yes,Protective × Metabolic,Protective,yes,Indole/tryptophan metabolite,exact,direct hit on tryptophan/indole/AhR axis
Weber_2026,WEB_039,3,table 1,B. fragilis PSA enhances macrophage phagocytosis,polysaccharide A (PSA),macrophage phagocytic function,,Bacteroides fragilis,species,protective,unspecified,Hang 2019 (10.1038/s41586-019-1785-z); Hou 2022 (10.1038/s41392-022-00974-4),Bacteroides fragilis enhances phagocytic function via polysaccharide A (PSA),Polysaccharide/glycan metabolism,A8,yes,Community-level outcome associations,B9,yes,2a. Innate immune,Class 2: Immune cell targeting,yes,Virome / mycobiome,D13,yes,Protective × Immune,Protective,yes,Polysaccharide metabolism,exact,direct hit on polysaccharide/glycan metabolism
Weber_2026,WEB_040,3,table 1,SCFAs promote M2 macrophages,SCFA (butyrate) production,NF-κB / M2 macrophages,,none,community,protective,unspecified,Hang 2019 (10.1038/s41586-019-1785-z); Hou 2022 (10.1038/s41392-022-00974-4),"SCFAs (e.g., butyrate) reduce NF-κB signaling and promote anti-inﬂammatory M2 macrophages",SCFA/butyrate production,A1,yes,Metabolite signaling to immune cells,B7,yes,1a. SCFA / butyrate signaling,Class 1: Metabolite-mediated,yes,Virome / mycobiome,D13,yes,Protective × Metabolic,Protective,yes,SCFA metabolite,exact,direct hit on SCFA/butyrate signaling
Weber_2026,WEB_041,3,table 1,LPS induces M1 macrophage polarization,LPS production,M1 macrophages,,Enterobacteriaceae,family,exacerbating,unspecified,Hang 2019 (10.1038/s41586-019-1785-z); Hou 2022 (10.1038/s41392-022-00974-4),LPS from Enterobacteriaceae induces pro-inﬂammatory M1 polarization,LPS/MAMP/PRR signaling,A4,yes,Innate immune / barrier initiation (conditioning),B1,yes,2a. Innate immune,Class 2: Immune cell targeting,yes,Virome / mycobiome,D13,yes,Exacerbating × Immune,Exacerbating,yes,Innate/TLR-LPS,exact,direct hit on LPS/TLR/innate PRR signaling
Weber_2026,WEB_042,3,table 1,SFB induce Th17 via IL-23,IL-23 induction,Th17 differentiation,,segmented filamentous bacteria,functional group,exacerbating,unspecified,Goto 2014; Hou 2022 (10.1038/s41392-022-00974-4),SFB (Segmented Filamentous Bacteria) induce Th17 differentiation via IL-23,Community-level / unattributed,A10,partial,T-cell polarization and Treg/Th17 balance,B3,yes,2b. T-cell adaptive,Class 2: Immune cell targeting,yes,Phase 2 — Adaptive / T-cell (immune interplay),D2,yes,Exacerbating × Immune,Exacerbating,yes,Th17 modulator,close,Th17 skewing mechanism
Weber_2026,WEB_043,3,table 1,Lactobacillus primes tolerogenic DCs,indole derivative (AhR ligand) production,tolerogenic dendritic cells / AhR,,Lactobacillus,genus,protective,unspecified,Goto 2014; Hou 2022 (10.1038/s41392-022-00974-4),"Lactobacillus spp. prime tolerogenic DCs through AhR ligands (e.g., indole derivatives)",Tryptophan/indole metabolism,A3,yes,Metabolite signaling to immune cells,B7,yes,1c. Tryptophan / indole signaling,Class 1: Metabolite-mediated,yes,Indole / aromatic AA metabolites,D6,yes,Protective × Metabolic,Protective,yes,Indole/tryptophan metabolite,exact,direct hit on tryptophan/indole/AhR axis
Weber_2026,WEB_044,3,table 1,A. muciniphila enhances NK cytotoxicity,TLR2 ligand production,NK cell cytotoxicity / TLR2,,Akkermansia muciniphila,species,protective,unspecified,Routy 2018 (10.1126/science.aan3706),Akkermansia muciniphila enhances NK cytotoxicity via TLR2 signaling,LPS/MAMP/PRR signaling,A4,yes,Innate immune / barrier initiation (conditioning),B1,yes,2a. Innate immune,Class 2: Immune cell targeting,yes,Phase 1 — Innate / MAMP / conditioning,D1,yes,Protective × Immune,Protective,yes,Innate/TLR-LPS,exact,direct hit on LPS/TLR/innate PRR signaling
Weber_2026,WEB_045,3,table 1,dysbiosis reduces NK tumor surveillance,,NK cell tumor surveillance,,none,community,exacerbating,unspecified,Routy 2018 (10.1126/science.aan3706),Dysbiosis reduces NK cell-mediated tumor surveillance,Dysbiosis / diversity loss,A9,yes,Community-level outcome associations,B9,yes,2c. Other immune,Class 2: Immune cell targeting,yes,"Other immune effectors (ILC3, NK, B cell, MAIT, gamma-delta)",D9,yes,Exacerbating × Community,Exacerbating,yes,Diversity/commensal depletion,exact,diversity loss / commensal depletion
Weber_2026,WEB_046,3,table 1,microbiota drives IgA class-switching,IgA class-switching induction,B cells / Peyer's patches,,none,community,protective,unspecified,Yoo 2020 (10.3390/microorganisms8101587),Microbiota-driven IgA class-switching via Peyer's patches,Community-level / unattributed,A10,partial,Community-level outcome associations,B9,yes,2c. Other immune,Class 2: Immune cell targeting,yes,"Other immune effectors (ILC3, NK, B cell, MAIT, gamma-delta)",D9,yes,Protective × Immune,Protective,yes,IgA/mucosal immunity,exact,IgA/mucosal immunity
Weber_2026,WEB_047,3,table 1,Bifidobacterium promotes Bregs,,IL-10+ regulatory B cells (Bregs),,Bifidobacterium,genus,protective,unspecified,Yoo 2020 (10.3390/microorganisms8101587),Biﬁdobacterium spp. promote IL-10+ regulatory B cells (Bregs),Community-level / unattributed,A10,partial,Metabolite signaling to immune cells,B7,yes,1c. Tryptophan / indole signaling,Class 1: Metabolite-mediated,yes,Indole / aromatic AA metabolites,D6,yes,Protective × Metabolic,Protective,yes,Indole/tryptophan metabolite,exact,direct hit on tryptophan/indole/AhR axis
Weber_2026,WEB_048,3,table 1,butyrate enhances memory CD8+ T cells,butyrate production / HDAC inhibition,memory CD8+ T cell differentiation,,none,community,protective,unspecified,Yoo 2020 (10.3390/microorganisms8101587); Bachem 2019 (10.1016/j.immuni.2019.06.002),"Butyrate inhibits HDACs, enhancing memory CD8 + T cell differentiation",SCFA/butyrate production,A1,yes,Metabolite signaling to immune cells,B7,yes,1a. SCFA / butyrate signaling,Class 1: Metabolite-mediated,yes,SCFA / HDAC axis,D4,yes,Protective × Metabolic,Protective,yes,SCFA metabolite,exact,direct hit on SCFA/butyrate signaling
Weber_2026,WEB_049,3,table 1,dysbiosis exacerbates CD8+ exhaustion,,CD8+ T cells / PD-1,,none,community,exacerbating,unspecified,Yoo 2020 (10.3390/microorganisms8101587); Bachem 2019 (10.1016/j.immuni.2019.06.002),Dysbiosis exacerbates CD8+ exhaustion via PD-1 upregulation,Dysbiosis / diversity loss,A9,yes,Community-level outcome associations,B9,yes,2c. Other immune,Class 2: Immune cell targeting,yes,Dysbiosis risk / clinical impact,D10,yes,Exacerbating × Community,Exacerbating,yes,Diversity/commensal depletion,exact,diversity loss / commensal depletion
Weber_2026,WEB_050,3,table 1,SFB and C. rodentium drive Th17 via IL-6/IL-23,IL-6 / IL-23 induction,RORγt+ Th17 cells,,segmented filamentous bacteria,functional group,exacerbating,unspecified,Ivanov 2009; Wu 2010,SFB and Citrobacter rodentium drive RORγt + Th17 cells via IL-6/IL-23,Community-level / unattributed,A10,partial,T-cell polarization and Treg/Th17 balance,B3,yes,2b. T-cell adaptive,Class 2: Immune cell targeting,yes,Phase 2 — Adaptive / T-cell (immune interplay),D2,yes,Exacerbating × Immune,Exacerbating,yes,Th17 modulator,close,Th17 skewing mechanism
Weber_2026,WEB_051,3,table 1,SFB and C. rodentium drive Th17 via IL-6/IL-23,IL-6 / IL-23 induction,RORγt+ Th17 cells,,Citrobacter rodentium,species,exacerbating,unspecified,Ivanov 2009; Wu 2010,SFB and Citrobacter rodentium drive RORγt + Th17 cells via IL-6/IL-23,Community-level / unattributed,A10,partial,T-cell polarization and Treg/Th17 balance,B3,yes,2b. T-cell adaptive,Class 2: Immune cell targeting,yes,Phase 2 — Adaptive / T-cell (immune interplay),D2,yes,Exacerbating × Immune,Exacerbating,yes,Th17 modulator,close,Th17 skewing mechanism
Weber_2026,WEB_052,3,table 1,SCFAs and 3-oxoLCA suppress Th17,SCFA / 3-oxoLCA production,RORγt / pathogenic Th17 differentiation,,none,community,protective,unspecified,Ivanov 2009; Wu 2010,"SCFAs and lithocholic acid derivatives (e.g., 3-oxoLCA) suppress pathogenic Th17 differentiation by inhibiting RORγt activity",Bile acid metabolism,A2,yes,Metabolite signaling to immune cells,B7,yes,1a. SCFA / butyrate signaling,Class 1: Metabolite-mediated,yes,Bile acid metabolites,D5,yes,Protective × Metabolic,Protective,yes,SCFA metabolite,exact,direct hit on SCFA/butyrate signaling
Weber_2026,WEB_053,3,table 1,Clostridia butyrate expands Foxp3+ Tregs,butyrate production,colonic Foxp3+ Tregs,,Clostridia,class,protective,unspecified,Telesford 2015; Jarosch 2023 (10.1016/j.xcrm.2023.101125); Atarashi 2011,"Clostridia clusters produce butyrate, expanding colonic Foxp3+ Tregs",SCFA/butyrate production,A1,yes,Metabolite signaling to immune cells,B7,yes,1a. SCFA / butyrate signaling,Class 1: Metabolite-mediated,yes,SCFA / HDAC axis,D4,yes,Protective × Metabolic,Protective,yes,SCFA metabolite,exact,direct hit on SCFA/butyrate signaling
Weber_2026,WEB_054,3,table 1,B. fragilis PSA induces IL-10+ Tregs via TLR2,polysaccharide A (PSA) signaling,IL-10+ Tregs / TLR2,,Bacteroides fragilis,species,protective,unspecified,Telesford 2015; Jarosch 2023 (10.1016/j.xcrm.2023.101125); Atarashi 2011,Bacteroides fragilis PSA induces IL-10+ Tregs via TLR2,Polysaccharide/glycan metabolism,A8,yes,Innate immune / barrier initiation (conditioning),B1,yes,2b. T-cell adaptive,Class 2: Immune cell targeting,yes,Phase 1 — Innate / MAMP / conditioning,D1,yes,Protective × Immune,Protective,yes,Innate/TLR-LPS,exact,direct hit on LPS/TLR/innate PRR signaling
Weber_2026,WEB_055,3,table 1,isoalloLCA promotes Foxp3 via ROS,secondary bile acid production (isoalloLCA),Foxp3 / mitochondrial ROS,,none,community,protective,unspecified,Telesford 2015; Jarosch 2023 (10.1016/j.xcrm.2023.101125); Atarashi 2011,Secondary bile acids like isoalloLCA promote mitochondrial ROS for Foxp3 expression,Bile acid metabolism,A2,yes,Metabolite signaling to immune cells,B7,yes,1b. Bile acid signaling,Class 1: Metabolite-mediated,yes,Bile acid metabolites,D5,yes,Protective × Metabolic,Protective,yes,SBA metabolite,exact,direct hit on secondary bile acid signaling
Weber_2026,WEB_056,3,table 1,dysbiosis reduces Treg and shifts CD8 balance,,Treg / CD8 T cell balance,,none,community,exacerbating,unspecified,Telesford 2015; Jarosch 2023 (10.1016/j.xcrm.2023.101125); Atarashi 2011,"Dysbiosis and antibiotics reduce Treg numbers and alter their crosstalk with CD8 T cells, tipping balance toward GvHD",Dysbiosis / diversity loss,A9,yes,T-cell polarization and Treg/Th17 balance,B3,yes,2b. T-cell adaptive,Class 2: Immune cell targeting,yes,Phase 2 — Adaptive / T-cell (immune interplay),D2,yes,Exacerbating × Immune,Exacerbating,yes,Diversity/commensal depletion,exact,diversity loss / commensal depletion
Weber_2026,WEB_057,4,table 1,Alistipes activates AhR in ILC3s to produce IL-22,AhR ligand production,ILC3 IL-22 production,,Alistipes,genus,protective,unspecified,Constantinides 2014; Guo 2015,Alistipes spp. activate AhR in ILC3s to produce IL-22,Tryptophan/indole metabolism,A3,yes,Epithelial barrier integrity,B2,yes,1c. Tryptophan / indole signaling,Class 1: Metabolite-mediated,yes,Indole / aromatic AA metabolites,D6,yes,Protective × Metabolic,Protective,yes,Indole/tryptophan metabolite,exact,direct hit on tryptophan/indole/AhR axis
Weber_2026,WEB_058,4,table 1,dysbiosis reduces ILC3 epithelial repair,,ILC3 epithelial repair / antimicrobial peptides,,none,community,exacerbating,unspecified,Constantinides 2014; Guo 2015,Dysbiosis reduces ILC3-mediated epithelial repair and antimicrobial peptide production,Dysbiosis / diversity loss,A9,yes,Epithelial barrier integrity,B2,yes,2c. Other immune,Class 2: Immune cell targeting,yes,"Other immune effectors (ILC3, NK, B cell, MAIT, gamma-delta)",D9,yes,Exacerbating × Immune,Exacerbating,yes,Diversity/commensal depletion,exact,diversity loss / commensal depletion
Weber_2026,WEB_059,4,table 1,D-lactate primes γδ T cells for IL-17,D-lactate production,γδ T cells / IL-17,,none,community,unspecified,unspecified,Wu 2023 (10.1080/08830185.2022.2076846),Microbiota-derived D-lactate primes γδ T cells for IL-17 production,SCFA/butyrate production,A1,yes,Metabolite signaling to immune cells,B7,yes,1a. SCFA / butyrate signaling,Class 1: Metabolite-mediated,yes,SCFA / HDAC axis,D4,yes,Context-dependent × Metabolic,Context-dependent,yes,Other immune,close,other immune cell type
Weber_2026,WEB_060,4,table 1,Lactobacillus modulates γδ T cell trafficking via GPR15,GPR15 signaling,γδ T cell trafficking to gut mucosa,,Lactobacillus,genus,unspecified,unspecified,Wu 2023 (10.1080/08830185.2022.2076846),Lactobacillus spp. modulate γδ T cell trafﬁcking to gut mucosa through GPR15 signaling,SCFA/butyrate production,A1,yes,Metabolite signaling to immune cells,B7,yes,1a. SCFA / butyrate signaling,Class 1: Metabolite-mediated,yes,SCFA / HDAC axis,D4,yes,Context-dependent × Metabolic,Context-dependent,yes,Other immune,close,other immune cell type
Weber_2026,WEB_061,4,body,IDO kynurenine pathway promotes immunosuppression,tryptophan / kynurenine metabolism,IDO / Tregs / effector T cells,,none,community,protective,unspecified,,"the kynurenine pathway, mediated by indoleamine 2,3-dioxygenase (IDO), contributes to immunosuppression by depleting tryptophan and accumulating kynurenines that promote Treg expansion while impairing effector T cells",Tryptophan/indole metabolism,A3,yes,Metabolite signaling to immune cells,B7,yes,1c. Tryptophan / indole signaling,Class 1: Metabolite-mediated,yes,Indole / aromatic AA metabolites,D6,yes,Protective × Metabolic,Protective,yes,Indole/tryptophan metabolite,exact,direct hit on tryptophan/indole/AhR axis
Weber_2026,WEB_062,4,body,dysbiosis alters tryptophan reduces AhR,tryptophan metabolism,AhR ligands,,none,community,exacerbating,unspecified,,"Dysbiosis post-transplant alters tryptophan metabolism, reducing AhR ligands and exacerbating GVHD",Tryptophan/indole metabolism,A3,yes,Metabolite signaling to immune cells,B7,yes,1c. Tryptophan / indole signaling,Class 1: Metabolite-mediated,yes,Indole / aromatic AA metabolites,D6,yes,Exacerbating × Metabolic,Exacerbating,yes,Indole/tryptophan metabolite,exact,direct hit on tryptophan/indole/AhR axis
Weber_2026,WEB_063,4,body,MDSC IDO activates AhR via kynurenines,tryptophan degradation,MDSCs / IDO / AhR,,none,community,protective,unspecified,Ju 2021 (10.1073/pnas.2011170118),"Myeloid-derived suppressor cells (MDSCs) are also key mediators of this pathway, playing an essential role in maintaining immune tolerance after allo-HSCT. MDSCs express IDO, which catalyzes tryptophan degradation into immunosuppressive kynurenines that activate AhR signaling",Tryptophan/indole metabolism,A3,yes,Metabolite signaling to immune cells,B7,yes,1c. Tryptophan / indole signaling,Class 1: Metabolite-mediated,yes,Indole / aromatic AA metabolites,D6,yes,Protective × Metabolic,Protective,yes,Indole/tryptophan metabolite,exact,direct hit on tryptophan/indole/AhR axis
Weber_2026,WEB_064,4,body,MDSC expansion suppresses alloreactive T cells,,MDSC expansion / alloreactive T cells,,none,community,protective,unspecified,Ju 2021 (10.1073/pnas.2011170118),"This reciprocal interaction promotes MDSC expansion and enhances their ability to suppress alloreactive T cell responses, thereby attenuating GvHD severity while preserving graft-versus-leukemia effects",Tryptophan/indole metabolism,A3,yes,T-cell polarization and Treg/Th17 balance,B3,yes,2c. Other immune,Class 2: Immune cell targeting,yes,Phase 2 — Adaptive / T-cell (immune interplay),D2,yes,Protective × Immune,Protective,yes,Other immune,close,other immune cell type
Weber_2026,WEB_065,4,body,MDSC arginase-1 and NO inhibit T cells,,T cell proliferation / Treg induction,,none,community,protective,unspecified,Ju 2021 (10.1073/pnas.2011170118),"MDSCs release arginase-1 and nitric oxide, further inhibiting T cell proliferation and supporting Treg induction",Tryptophan/indole metabolism,A3,yes,T-cell polarization and Treg/Th17 balance,B3,yes,2c. Other immune,Class 2: Immune cell targeting,yes,Phase 2 — Adaptive / T-cell (immune interplay),D2,yes,Protective × Immune,Protective,yes,Other immune,close,other immune cell type
Weber_2026,WEB_066,4,body,tryptophan–MDSC axis balances tolerance and inflammation,tryptophan metabolism,MDSCs / immune tolerance,,none,community,protective,unspecified,Ju 2021 (10.1073/pnas.2011170118),these mechanisms deﬁne the tryptophan–MDSC axis as a central pathway balancing immune tolerance and inﬂammation in GvHD,Tryptophan/indole metabolism,A3,yes,Metabolite signaling to immune cells,B7,yes,1c. Tryptophan / indole signaling,Class 1: Metabolite-mediated,yes,Indole / aromatic AA metabolites,D6,yes,Protective × Metabolic,Protective,yes,Indole/tryptophan metabolite,exact,direct hit on tryptophan/indole/AhR axis
Weber_2026,WEB_067,4,body,higher diversity associated with CD4+ recovery,,CD4+ T-cell recovery,,none,community,protective,human observational,Alexander 2021,"Higher fecal microbial diversity in the early post-transplant periods strongly associated with improved CD4+ T-cell recovery, particularly in patients receiving CD34-selected grafts and who rely on de novo lymphopoiesis",Dysbiosis / diversity loss,A9,yes,Immune reconstitution,B6,yes,4a. Diversity / dysbiosis,Class 4: Community-level / dysbiosis,yes,Immune reconstitution,D11,yes,Protective × Community,Protective,yes,General/unspecified,no match,no clear alignment to existing categories
Weber_2026,WEB_068,4,body,low diversity correlates with GVHD and mortality,,,,none,community,exacerbating,human observational,Alexander 2021,"low diversity correlates with increased GVHD, infections, and mortality",Dysbiosis / diversity loss,A9,yes,Community-level outcome associations,B9,yes,4a. Diversity / dysbiosis,Class 4: Community-level / dysbiosis,yes,Dysbiosis risk / clinical impact,D10,yes,Exacerbating × Community,Exacerbating,yes,Diversity/commensal depletion,exact,diversity loss / commensal depletion
Weber_2026,WEB_069,4,body,mono-domination at engraftment,,,,none,community,exacerbating,human observational,Peled 2020 (10.1056/NEJMoa1900623),"Mono-domination, where a single taxon comprises more than 30% of the microbial community, is a common feature during such periods, particularly during phases like perineutrophil engraftment",Dysbiosis / diversity loss,A9,yes,Community-level outcome associations,B9,yes,4b. Pathobiont expansion / mono-dominance,Class 4: Community-level / dysbiosis,yes,Dysbiosis risk / clinical impact,D10,yes,Exacerbating × Community,Exacerbating,yes,Dysbiosis/mono-dominance,exact,mono-dominance or pathobiont expansion
Weber_2026,WEB_070,4,body,lactose drives Enterococcus expansion,lactose utilization,Enterococcus overgrowth,,Enterococcus,genus,exacerbating,unspecified,Stein-Thoeringer 2019,"Dietary lactose has been identiﬁed as a key driver of Enterococcus expansion, with lactose malabsorption further impairing microbial clearance",Community-level / unattributed,A10,partial,Community-level outcome associations,B9,yes,4a. Diversity / dysbiosis,Class 4: Community-level / dysbiosis,yes,Dysbiosis risk / clinical impact,D10,yes,Exacerbating × Community,Exacerbating,yes,General/unspecified,no match,no clear alignment to existing categories
Weber_2026,WEB_071,4,body,Enterococcus dominance correlates with CD4+ lymphopenia and BSI,,CD4+ lymphopenia / bloodstream infections,,Enterococcus,genus,exacerbating,human observational,,early dominance of Enterococcus correlates with CD4⁺ lymphopenia and increased risk of bloodstream infections,Community-level / unattributed,A10,partial,Community-level outcome associations,B9,yes,4b. Pathobiont expansion / mono-dominance,Class 4: Community-level / dysbiosis,yes,Dysbiosis risk / clinical impact,D10,yes,Exacerbating × Community,Exacerbating,yes,General/unspecified,no match,no clear alignment to existing categories
Weber_2026,WEB_072,4,body,Blautia abundance accelerates T cell recovery,,CD4+/CD8+ T cell recovery / antiviral immunity / leukemia relapse,,Blautia,genus,protective,human observational,Jenq 2015,"high abundance of beneﬁcial commensals such as Blautia has been associated with accelerated recovery of CD4⁺ and CD8⁺ T cells, enhanced antiviral immunity, and reduced risk of leukemia relapse",Community-level / unattributed,A10,partial,Community-level outcome associations,B9,yes,4a. Diversity / dysbiosis,Class 4: Community-level / dysbiosis,yes,Dysbiosis risk / clinical impact,D10,yes,Protective × Community,Protective,yes,General/unspecified,no match,no clear alignment to existing categories
Weber_2026,WEB_073,4,body,Lachnospiraceae/Ruminococcaceae support B cell reconstitution,butyrate production,B cell reconstitution / intestinal IgA,,Lachnospiraceae,family,protective,human observational,Schluter 2020 (10.1038/s41586-020-2971-8),"the presence of butyrate-producing taxa—including members of Lachnospiraceae and Ruminococcaceae—has been associated with robust B cell reconstitution and intestinal IgA production, key to mucosal defense",SCFA/butyrate production,A1,yes,Immune reconstitution,B6,yes,1a. SCFA / butyrate signaling,Class 1: Metabolite-mediated,yes,SCFA / HDAC axis,D4,yes,Protective × Metabolic,Protective,yes,SCFA metabolite,exact,direct hit on SCFA/butyrate signaling
Weber_2026,WEB_074,4,body,Lachnospiraceae/Ruminococcaceae support B cell reconstitution,butyrate production,B cell reconstitution / intestinal IgA,,Ruminococcaceae,family,protective,human observational,Schluter 2020 (10.1038/s41586-020-2971-8),"the presence of butyrate-producing taxa—including members of Lachnospiraceae and Ruminococcaceae—has been associated with robust B cell reconstitution and intestinal IgA production, key to mucosal defense",SCFA/butyrate production,A1,yes,Immune reconstitution,B6,yes,1a. SCFA / butyrate signaling,Class 1: Metabolite-mediated,yes,SCFA / HDAC axis,D4,yes,Protective × Metabolic,Protective,yes,SCFA metabolite,exact,direct hit on SCFA/butyrate signaling
Weber_2026,WEB_075,5,table 2,Lachnospiraceae associated with increased OS,,overall survival,,Lachnospiraceae,family,protective,human observational,Taur 2014 (10.1182/blood-2014-02-554725),Increased OS associated with higher relative abundance of Lachnospiraceae and Actinomycetaceae,Community-level / unattributed,A10,partial,Community-level outcome associations,B9,yes,4a. Diversity / dysbiosis,Class 4: Community-level / dysbiosis,yes,Dysbiosis risk / clinical impact,D10,yes,Protective × Community,Protective,yes,Biomarker/indicator,close,taxon-outcome association without mechanism
Weber_2026,WEB_076,5,table 2,Actinomycetaceae associated with increased OS,,overall survival,,Actinomycetaceae,family,protective,human observational,Taur 2014 (10.1182/blood-2014-02-554725),Increased OS associated with higher relative abundance of Lachnospiraceae and Actinomycetaceae,Community-level / unattributed,A10,partial,Community-level outcome associations,B9,yes,4a. Diversity / dysbiosis,Class 4: Community-level / dysbiosis,yes,Dysbiosis risk / clinical impact,D10,yes,Protective × Community,Protective,yes,Biomarker/indicator,close,taxon-outcome association without mechanism
Weber_2026,WEB_077,5,table 2,Enterococcus domination linked to poor outcomes,,overall survival,,Enterococcus,genus,exacerbating,human observational,Taur 2014 (10.1182/blood-2014-02-554725),"Domination by Enterococcus, Streptococcus, Enterobacteriaceae, and Lactobacillus spp. linked to poor outcomes",Community-level / unattributed,A10,partial,Community-level outcome associations,B9,yes,4b. Pathobiont expansion / mono-dominance,Class 4: Community-level / dysbiosis,yes,Dysbiosis risk / clinical impact,D10,yes,Exacerbating × Community,Exacerbating,yes,General/unspecified,no match,no clear alignment to existing categories
Weber_2026,WEB_078,5,table 2,Streptococcus domination linked to poor outcomes,,overall survival,,Streptococcus,genus,exacerbating,human observational,Taur 2014 (10.1182/blood-2014-02-554725),"Domination by Enterococcus, Streptococcus, Enterobacteriaceae, and Lactobacillus spp. linked to poor outcomes",Community-level / unattributed,A10,partial,Community-level outcome associations,B9,yes,4a. Diversity / dysbiosis,Class 4: Community-level / dysbiosis,yes,Dysbiosis risk / clinical impact,D10,yes,Exacerbating × Community,Exacerbating,yes,General/unspecified,no match,no clear alignment to existing categories
Weber_2026,WEB_079,5,table 2,Enterobacteriaceae domination linked to poor outcomes,,overall survival,,Enterobacteriaceae,family,exacerbating,human observational,Taur 2014 (10.1182/blood-2014-02-554725),"Domination by Enterococcus, Streptococcus, Enterobacteriaceae, and Lactobacillus spp. linked to poor outcomes",Community-level / unattributed,A10,partial,Community-level outcome associations,B9,yes,4a. Diversity / dysbiosis,Class 4: Community-level / dysbiosis,yes,Dysbiosis risk / clinical impact,D10,yes,Exacerbating × Community,Exacerbating,yes,General/unspecified,no match,no clear alignment to existing categories
Weber_2026,WEB_080,5,table 2,Lactobacillus domination linked to poor outcomes,,overall survival,,Lactobacillus,genus,exacerbating,human observational,Taur 2014 (10.1182/blood-2014-02-554725),"Domination by Enterococcus, Streptococcus, Enterobacteriaceae, and Lactobacillus spp. linked to poor outcomes",Community-level / unattributed,A10,partial,Community-level outcome associations,B9,yes,4a. Diversity / dysbiosis,Class 4: Community-level / dysbiosis,yes,Dysbiosis risk / clinical impact,D10,yes,Exacerbating × Community,Exacerbating,yes,General/unspecified,no match,no clear alignment to existing categories
Weber_2026,WEB_081,5,table 2,NOD1 ligand restores hematopoietic precursors,NOD1 ligand production,hematopoietic precursor pools,,none,community,protective,murine,Iwamura 2017 (10.1182/blood-2016-06-723742),NOD1 ligand administration restores hematopoietic precursor pools in germ-free mice to levels seen in speciﬁc pathogen-free animals,LPS/MAMP/PRR signaling,A4,yes,Innate immune / barrier initiation (conditioning),B1,yes,2a. Innate immune,Class 2: Immune cell targeting,yes,Phase 1 — Innate / MAMP / conditioning,D1,yes,Protective × Immune,Protective,yes,Innate/TLR-LPS,exact,direct hit on LPS/TLR/innate PRR signaling
Weber_2026,WEB_082,5,table 2,microbiota depletion impairs energy uptake,dietary energy uptake / sucrose metabolism,granulopoiesis,,none,community,exacerbating,murine,Staffas 2018 (10.1016/j.chom.2018.03.002),Depletion of intestinal microbiota impairs dietary energy uptake and visceral fat store. Caloric supplementation via sucrose restored granulopoiesis post-allo-HSCT,Community-level / unattributed,A10,partial,Immune reconstitution,B6,yes,4a. Diversity / dysbiosis,Class 4: Community-level / dysbiosis,yes,Dysbiosis risk / clinical impact,D10,yes,Exacerbating × Community,Exacerbating,yes,General/unspecified,no match,no clear alignment to existing categories
Weber_2026,WEB_083,5,table 2,higher diversity at engraftment associated with OS,,overall survival,,none,community,protective,human observational,Peled 2020 (10.1056/NEJMoa1900623),Higher diversity of intestinal microbiota at the time of neutrophil engraftment was associated with increased OS,Dysbiosis / diversity loss,A9,yes,Community-level outcome associations,B9,yes,4a. Diversity / dysbiosis,Class 4: Community-level / dysbiosis,yes,Dysbiosis risk / clinical impact,D10,yes,Protective × Community,Protective,yes,General/unspecified,no match,no clear alignment to existing categories
Weber_2026,WEB_084,5,table 2,Enterococcus linked to increased GVHD risk,,,,Enterococcus,genus,exacerbating,human observational,Peled 2020 (10.1056/NEJMoa1900623),Abundance of Enterococcus and Streptococcus spp. linked to increased GVHD risk,Community-level / unattributed,A10,partial,Community-level outcome associations,B9,yes,4a. Diversity / dysbiosis,Class 4: Community-level / dysbiosis,yes,Dysbiosis risk / clinical impact,D10,yes,Exacerbating × Community,Exacerbating,yes,General/unspecified,no match,no clear alignment to existing categories
Weber_2026,WEB_085,5,table 2,Streptococcus linked to increased GVHD risk,,,,Streptococcus,genus,exacerbating,human observational,Peled 2020 (10.1056/NEJMoa1900623),Abundance of Enterococcus and Streptococcus spp. linked to increased GVHD risk,Community-level / unattributed,A10,partial,Community-level outcome associations,B9,yes,4a. Diversity / dysbiosis,Class 4: Community-level / dysbiosis,yes,Dysbiosis risk / clinical impact,D10,yes,Exacerbating × Community,Exacerbating,yes,General/unspecified,no match,no clear alignment to existing categories
Weber_2026,WEB_086,5,table 2,auto-FMT increases WBCs,,white blood cell counts,,none,community,protective,clinical trial,Schluter 2020 (10.1038/s41586-020-2971-8),Higher counts of WBCs in individuals receiving auto-FMT in the ﬁrst 100 days after neutrophil engraftment,Community-level / unattributed,A10,partial,Immune reconstitution,B6,yes,5c. Probiotic / FMT / defined consortium,Class 5: Therapeutic / intervention,yes,Therapeutic strategies,D14,yes,Protective × Community,Protective,yes,General/unspecified,no match,no clear alignment to existing categories
Weber_2026,WEB_087,5,table 2,Faecalibacterium accelerates immune reconstitution,,immune reconstitution,,Faecalibacterium,genus,protective,human observational,Schluter 2020 (10.1038/s41586-020-2971-8),"Enriched microbiota with Faecalibacterium, Ruminococcus 2, Akkermansia accelerates immune reconstitution",Community-level / unattributed,A10,partial,Immune reconstitution,B6,yes,4a. Diversity / dysbiosis,Class 4: Community-level / dysbiosis,yes,Immune reconstitution,D11,yes,Protective × Community,Protective,yes,Other immune,close,other immune cell type
Weber_2026,WEB_088,5,table 2,Ruminococcus 2 accelerates immune reconstitution,,immune reconstitution,,Ruminococcus 2,genus,protective,human observational,Schluter 2020 (10.1038/s41586-020-2971-8),"Enriched microbiota with Faecalibacterium, Ruminococcus 2, Akkermansia accelerates immune reconstitution",Community-level / unattributed,A10,partial,Immune reconstitution,B6,yes,4a. Diversity / dysbiosis,Class 4: Community-level / dysbiosis,yes,Immune reconstitution,D11,yes,Protective × Community,Protective,yes,Other immune,close,other immune cell type
Weber_2026,WEB_089,5,table 2,Akkermansia accelerates immune reconstitution,,immune reconstitution,,Akkermansia,genus,protective,human observational,Schluter 2020 (10.1038/s41586-020-2971-8),"Enriched microbiota with Faecalibacterium, Ruminococcus 2, Akkermansia accelerates immune reconstitution",Community-level / unattributed,A10,partial,Immune reconstitution,B6,yes,4a. Diversity / dysbiosis,Class 4: Community-level / dysbiosis,yes,Immune reconstitution,D11,yes,Protective × Community,Protective,yes,Other immune,close,other immune cell type
Weber_2026,WEB_090,5,table 2,Staphylococcus associated with poor CD4 recovery,,CD4+ T-cell recovery,,Staphylococcus,genus,exacerbating,human observational,Miltiadous 2022 (10.1182/blood.2021014255),Increased abundance of Staphylococcus associated with poor CD4 T-cell recovery,Community-level / unattributed,A10,partial,Immune reconstitution,B6,yes,4a. Diversity / dysbiosis,Class 4: Community-level / dysbiosis,yes,Immune reconstitution,D11,yes,Exacerbating × Community,Exacerbating,yes,General/unspecified,no match,no clear alignment to existing categories
Weber_2026,WEB_091,5,table 2,Erysipelotrichaceae beneficial for immune reconstitution,,immune reconstitution,,Erysipelotrichaceae,family,protective,human observational,Miltiadous 2022 (10.1182/blood.2021014255),Highlights Erysipelotrichaceae as beneﬁcial for immune reconstitution,Community-level / unattributed,A10,partial,Immune reconstitution,B6,yes,4a. Diversity / dysbiosis,Class 4: Community-level / dysbiosis,yes,Immune reconstitution,D11,yes,Protective × Community,Protective,yes,Other immune,close,other immune cell type
Weber_2026,WEB_092,5,table 2,SCFA pathways associated with improved survival,SCFA biosynthesis,survival / relapse,,none,community,protective,human observational,Thiele Orberg 2024 (10.1038/s43018-023-00669-x),High SCFA-producing pathways in bacteria/phages associated with improved survival and reduced relapse post-HSCT,SCFA/butyrate production,A1,yes,Metabolite signaling to immune cells,B7,yes,1a. SCFA / butyrate signaling,Class 1: Metabolite-mediated,yes,SCFA / HDAC axis,D4,yes,Protective × Metabolic,Protective,yes,SCFA metabolite,exact,direct hit on SCFA/butyrate signaling
Weber_2026,WEB_093,6,body,bacterial metabolites induce anti-inflammatory responses,metabolite production,epithelial repair / anti-inflammatory response,,none,community,protective,unspecified,Riwes 2018 (10.1111/ajt.14443),The impact of bacterial metabolites that are normally involved in epithelial repair and immunological regulation on the pathogenesis of GvHD proceeds through direct and indirect mechanisms. They can induce anti-inﬂammatory responses,Community-level / unattributed,A10,partial,Epithelial barrier integrity,B2,yes,3a. Epithelial barrier,Class 3: Barrier and structural,yes,Dysbiosis risk / clinical impact,D10,yes,Protective × Community,Protective,yes,General/unspecified,no match,no clear alignment to existing categories
Weber_2026,WEB_094,6,body,metabolites enhance Treg and ILC3,,Tregs / ILC3 / epithelial barrier,,none,community,protective,unspecified,Jarosch 2023 (10.1016/j.xcrm.2023.101125); Swimm 2018 (10.1182/blood-2018-03-838193); Hang 2019 (10.1038/s41586-019-1785-z); Arpaia 2013 (10.1038/nature12726); Wang 2023 (10.1128/mbio.00399-23),"improve intestinal epithelial barrier integrity, help maintain intestinal homeostasis and they can enhance anti-inﬂammatory Treg and tissue-repair inducing ILC3",Community-level / unattributed,A10,partial,Epithelial barrier integrity,B2,yes,2b. T-cell adaptive,Class 2: Immune cell targeting,yes,Phase 2 — Adaptive / T-cell (immune interplay),D2,yes,Protective × Immune,Protective,yes,Treg inducer,close,Treg induction pathway
Weber_2026,WEB_095,6,body,commensals confer colonization resistance,nutrient limitation / bacteriocin production,colonization resistance,,commensals,functional group,protective,unspecified,Kim 2017 (10.1111/imr.12563),Intestinal commensals confer colonization resistance against enteropathogens by nutrient limitation and the production of bacteriocins and as such contribute to balanced gut homeostasis,Colonization resistance / competitive exclusion,A7,yes,Community-level outcome associations,B9,yes,3b. Colonization resistance / competitive exclusion,Class 3: Barrier and structural,yes,Dysbiosis risk / clinical impact,D10,yes,Protective × Structural,Protective,yes,General/unspecified,no match,no clear alignment to existing categories
Weber_2026,WEB_096,6,body,Lachnospiraceae/Oscillospiraceae IMM signature,SCFA / BCFA / IFN-I inducing metabolite production,alloHCT outcome,,Lachnospiraceae,family,protective,human observational,Thiele Orberg 2024 (10.1038/s43018-023-00669-x),"Recent data identiﬁed a microbiome signature of Lachnospiraceae and Oscillospiraceae and their associated bacteriophages, that correlated with the production of immunomodulatory metabolites (IMMs) such as short chain and branch chain fatty acids and interferon-I inducing metabolites. The presence of these IMMs strongly correlated with alloHCT outcome",SCFA/butyrate production,A1,yes,Metabolite signaling to immune cells,B7,yes,1a. SCFA / butyrate signaling,Class 1: Metabolite-mediated,yes,SCFA / HDAC axis,D4,yes,Protective × Metabolic,Protective,yes,General/unspecified,no match,no clear alignment to existing categories
Weber_2026,WEB_097,6,body,Lachnospiraceae/Oscillospiraceae IMM signature,SCFA / BCFA / IFN-I inducing metabolite production,alloHCT outcome,,Oscillospiraceae,family,protective,human observational,Thiele Orberg 2024 (10.1038/s43018-023-00669-x),"Recent data identiﬁed a microbiome signature of Lachnospiraceae and Oscillospiraceae and their associated bacteriophages, that correlated with the production of immunomodulatory metabolites (IMMs) such as short chain and branch chain fatty acids and interferon-I inducing metabolites. The presence of these IMMs strongly correlated with alloHCT outcome",SCFA/butyrate production,A1,yes,Metabolite signaling to immune cells,B7,yes,1a. SCFA / butyrate signaling,Class 1: Metabolite-mediated,yes,SCFA / HDAC axis,D4,yes,Protective × Metabolic,Protective,yes,General/unspecified,no match,no clear alignment to existing categories
Weber_2026,WEB_098,6,body,Lachnospiraceae/Oscillospiraceae-associated bacteriophages,SCFA / BCFA / IFN-I inducing metabolite production,alloHCT outcome,,bacteriophages,functional group,protective,human observational,Thiele Orberg 2024 (10.1038/s43018-023-00669-x),"Recent data identiﬁed a microbiome signature of Lachnospiraceae and Oscillospiraceae and their associated bacteriophages, that correlated with the production of immunomodulatory metabolites (IMMs) such as short chain and branch chain fatty acids and interferon-I inducing metabolites. The presence of these IMMs strongly correlated with alloHCT outcome",SCFA/butyrate production,A1,yes,Metabolite signaling to immune cells,B7,yes,1a. SCFA / butyrate signaling,Class 1: Metabolite-mediated,yes,Virome / mycobiome,D13,yes,Protective × Metabolic,Protective,yes,SCFA metabolite,exact,direct hit on SCFA/butyrate signaling
Weber_2026,WEB_099,6,body,SCFA producers protective against acute and chronic GvHD,SCFA production,acute / chronic GvHD mortality,,SCFA-producing bacteria,functional group,protective,human observational,Riwes 2018 (10.1111/ajt.14443); Markey 2020 (10.1182/blood.2019003369),the presence of SCFA-producing bacterial species was found to be associated with protection against acute GvHD-related mortality and the development of chronic GvHD,SCFA/butyrate production,A1,yes,Chronic GvHD / late-phase,B8,yes,1a. SCFA / butyrate signaling,Class 1: Metabolite-mediated,yes,SCFA / HDAC axis,D4,yes,Protective × Metabolic,Protective,yes,SCFA metabolite,exact,direct hit on SCFA/butyrate signaling
Weber_2026,WEB_100,6,body,Enterococcus domination increases GvHD risk,,severe GvHD / GvHD-related mortality,,Enterococcus,genus,exacerbating,human observational,Holler 2014 (10.1016/j.bbmt.2014.01.030); Peled 2020 (10.1056/NEJMoa1900623),"Loss of microbiome diversity is often accompanied with a shift to Enterococcus domination, which is associated with an increased risk of severe GvHD and GvHD-related mortality",Community-level / unattributed,A10,partial,Community-level outcome associations,B9,yes,4b. Pathobiont expansion / mono-dominance,Class 4: Community-level / dysbiosis,yes,Dysbiosis risk / clinical impact,D10,yes,Exacerbating × Community,Exacerbating,yes,General/unspecified,no match,no clear alignment to existing categories
Weber_2026,WEB_101,6,body,enterococcal administration aggravates GvHD,,GvHD severity,,Enterococcus,genus,exacerbating,murine,Stein-Thoeringer 2019 (10.1126/science.aax3760),"In murine models enterococcal administration aggravated GvHD severity, demonstrating causality",Community-level / unattributed,A10,partial,Community-level outcome associations,B9,yes,4b. Pathobiont expansion / mono-dominance,Class 4: Community-level / dysbiosis,yes,Dysbiosis risk / clinical impact,D10,yes,Exacerbating × Community,Exacerbating,yes,General/unspecified,no match,no clear alignment to existing categories
Weber_2026,WEB_102,6,body,lactose-free diet prevents enterococcal overgrowth,lactose utilization,enterococcal overgrowth / GvHD severity,,Enterococcus,genus,exacerbating,murine,Stein-Thoeringer 2019 (10.1126/science.aax3760),"Indeed, a diet free of lactose, a substrate mainly utilized by enterococci, prevented enterococcal overgrowth and reduced GvHD severity",Community-level / unattributed,A10,partial,Community-level outcome associations,B9,yes,5b. Dietary / prebiotic interventions,Class 5: Therapeutic / intervention,yes,Therapeutic strategies,D14,yes,Exacerbating × Community,Exacerbating,yes,General/unspecified,no match,no clear alignment to existing categories
Weber_2026,WEB_103,6,body,butyrate mitigates GvHD severity,butyrate production,GvHD severity / transplant outcome,,butyrate-producing bacteria,functional group,protective,murine,Mathewson 2016 (10.1038/ni.3400),the administration of butyrate or butyrate producing bacteria mitigated GvHD severity and improved transplant outcome in murine GvHD,SCFA/butyrate production,A1,yes,Metabolite signaling to immune cells,B7,yes,1a. SCFA / butyrate signaling,Class 1: Metabolite-mediated,yes,SCFA / HDAC axis,D4,yes,Protective × Metabolic,Protective,yes,SCFA metabolite,exact,direct hit on SCFA/butyrate signaling
Weber_2026,WEB_104,6,body,antibiotic stewardship reduces severe GI GvHD,,microbiome diversity / GI GvHD,,none,community,protective,human observational,Weber 2023 (10.1093/cid/ciad389),"the change of antibiotic guidelines to a more restrictive use of antibiotics particularly in cases with a high likelihood of cytokine release syndrome (CRS), e.g., after anti-thymocyte globulin therapy, led to reduced antibiotic administration in general, more microbiome diversity and a trend towards a reduced incidence of severe GI GvHD",Community-level / unattributed,A10,partial,Community-level outcome associations,B9,yes,5a. Antibiotic effects,Class 5: Therapeutic / intervention,yes,Therapeutic strategies,D14,yes,Protective × Community,Protective,yes,General/unspecified,no match,no clear alignment to existing categories
Weber_2026,WEB_105,6,body,antibiotic neutralizing agents preserve microbiome,,microbiome integrity,,none,community,protective,clinical trial,Messaoudene 2024 (10.1038/s41467-024-52373-8); Vehreschild 2022 (10.1093/jac/dkab474); Kokai-Kun 2020 (10.2147/idr.S260258); Cubillos-Ruiz 2022 (10.1038/s41551-022-00871-9); Saleh 2025 (10.1016/j.mehy.2024.111558),"A group of innovative new substances including Beta-lactam cleaving enzymes, charcoal-based adsorbents or engineered probiotics depict another promising option to maintain microbiome integrity and to mitigate dysbiosis associated risks. These antibiotic neutralizing agents selectively decrease antibiotic concentrations in the gut without affecting their therapeutic efﬁcacy allowing the use of highly effective antibiotics for the treatment of severe infections",Community-level / unattributed,A10,partial,Community-level outcome associations,B9,yes,5a. Antibiotic effects,Class 5: Therapeutic / intervention,yes,Therapeutic strategies,D14,yes,Protective × Community,Protective,yes,General/unspecified,no match,no clear alignment to existing categories
Weber_2026,WEB_106,6,body,gut decontamination inconsistent effect on GvHD,,GvHD severity / overall survival,,none,community,context-dependent,human observational,Beelen 1999,"After initial beneﬁcial reports regarding GvHD severity and OS in a clinical study of the Essen group using gut decontamination with ciproﬂoxacin and metronidazole, these effects could not be conﬁrmed in follow-up studies",Community-level / unattributed,A10,partial,Community-level outcome associations,B9,yes,5a. Antibiotic effects,Class 5: Therapeutic / intervention,yes,Dysbiosis risk / clinical impact,D10,yes,Context-dependent × Community,Context-dependent,yes,General/unspecified,no match,no clear alignment to existing categories
Weber_2026,WEB_107,6,body,broad-spectrum antibiotics induce dysbiosis,,epithelial barrier / pathobiont containment / transplant outcome,,none,community,exacerbating,unspecified,Weber 2025 (10.1038/s41409-025-02706-y),"broad-spectrum antibiotics induces luminal and mucosal dysbiosis with negative effects on epithelial barrier integrity, containment of pathobionts, and transplant outcome",Dysbiosis / diversity loss,A9,yes,Epithelial barrier integrity,B2,yes,5a. Antibiotic effects,Class 5: Therapeutic / intervention,yes,Recipient ecosystem disruption,D7,yes,Exacerbating × Community,Exacerbating,yes,Diversity/commensal depletion,exact,diversity loss / commensal depletion
Weber_2026,WEB_108,6,body,conditioning facilitates bacterial translocation,bacterial translocation,intestinal epithelium / T cell apoptosis,conditioning,none,community,exacerbating,unspecified,Hülsdünker 2018 (10.1182/blood-2017-10-812891); Hülsdünker 2019 (10.1073/pnas.1908549116),"Intensive conditioning damages the intestinal epithelium and facilitates bacterial translocation into the intestinal wall, which is ampliﬁed after loss of epithelial barrier integrity due to T cell mediated apoptosis in GvHD patients - a hallmark of GvHD initiation",Community-level / unattributed,A10,partial,Innate immune / barrier initiation (conditioning),B1,yes,4a. Diversity / dysbiosis,Class 4: Community-level / dysbiosis,yes,Phase 1 — Innate / MAMP / conditioning,D1,yes,Exacerbating × Community,Exacerbating,yes,General/unspecified,no match,no clear alignment to existing categories
Weber_2026,WEB_109,6,body,antibiotics context-dependent effect on T-cell immunity,,T-cell regulation / co-stimulation,,none,community,context-dependent,unspecified,Weber 2025 (10.1038/s41409-025-02706-y),"Antibiotics can either enhance or suppress T-cell mediated immunity, depending on the context: While dysbiosis diminishes T-cell regulation and increases GvHD susceptibility, suppression of translocated bacteria dampens T-cell activation through reduced co-stimulation mitigating GvHD",Community-level / unattributed,A10,partial,Community-level outcome associations,B9,yes,5a. Antibiotic effects,Class 5: Therapeutic / intervention,yes,Dysbiosis risk / clinical impact,D10,yes,Context-dependent × Community,Context-dependent,yes,General/unspecified,no match,no clear alignment to existing categories
Weber_2026,WEB_110,6,body,anaerobe-sparing antibiotics do not worsen GvHD mortality,,GvHD-related mortality,,commensal bacteria,functional group,protective,human observational,Shono 2016 (10.1126/scitranslmed.aaf2311),"Antibiotics like carbapenems and piperacillin/tazobactam that suppress commensal bacteria have been associated with increased GvHD-related mortality, whereas antibiotics with commensal and anaerobic sparing effects like cefepime or aztreonam were not",Community-level / unattributed,A10,partial,Community-level outcome associations,B9,yes,5a. Antibiotic effects,Class 5: Therapeutic / intervention,yes,Dysbiosis risk / clinical impact,D10,yes,Protective × Community,Protective,yes,General/unspecified,no match,no clear alignment to existing categories
Weber_2026,WEB_111,6,body,imipenem induces Akkermansia mucus degradation,mucus degradation,protective mucus layer / intestinal barrier,,Akkermansia muciniphila,species,exacerbating,murine,Shono 2016 (10.1126/scitranslmed.aaf2311),"In mice, treatment with imipenem-cilastatin led to a degradation of the protective mucus layer and disruption of the intestinal barrier function. This has been attributed to speciﬁc bacteria such as Akkermansia muciniphila, a mucus degrading bacterium",Mucin/barrier degradation,A5,yes,Epithelial barrier integrity,B2,yes,5a. Antibiotic effects,Class 5: Therapeutic / intervention,yes,Phase 3 — Tissue injury / barrier (non-metabolite),D3,yes,Exacerbating × Structural,Exacerbating,yes,Barrier / mucus,close,covers both mucin degradation and barrier function
Weber_2026,WEB_112,6,body,early antibiotics cause loss of protective Clostridia,,Clostridia / transplant-related mortality,conditioning,Clostridia,class,protective,human observational,Weber 2017 (10.1016/j.bbmt.2017.02.006),"patients who received antibiotics prior to the day of transplantation showed loss of protective Clostridia and increased transplant related mortality, compared to patients with later initiation of antibiotic treatment",Community-level / unattributed,A10,partial,Innate immune / barrier initiation (conditioning),B1,yes,5a. Antibiotic effects,Class 5: Therapeutic / intervention,yes,Phase 1 — Innate / MAMP / conditioning,D1,yes,Protective × Community,Protective,yes,General/unspecified,no match,no clear alignment to existing categories
Weber_2026,WEB_113,7,body,RPS fermentation produces SCFA,SCFA production from RPS fermentation,gut microbiota / SCFA,,none,community,protective,human observational,Riwes 2023 (10.1038/s41591-023-02587-y); Venkataraman 2016 (10.1186/s40168-016-0178-x),"RPS is a form of potato starch that is practically not digested by human enzymes in the small intestine. It passes through to the large intestine largely intact, where it undergoes fermentation by the oral and intestinal microbiota. Consequently, it functions as a prebiotic, promoting a healthy gut microbiota and potentially contributing to beneﬁts like increased production of SCFA",SCFA/butyrate production,A1,yes,Metabolite signaling to immune cells,B7,yes,5b. Dietary / prebiotic interventions,Class 5: Therapeutic / intervention,yes,Therapeutic strategies,D14,yes,Protective × Metabolic,Protective,yes,SCFA metabolite,exact,direct hit on SCFA/butyrate signaling
Weber_2026,WEB_114,7,body,RPS raises fecal butyrate levels,butyrate production,fecal butyrate,,none,community,protective,clinical trial,Riwes 2023 (10.1038/s41591-023-02587-y),RPS was given daily from day -7 to day 100. This pilot study established that administration of RPS was feasible and tolerated by patients and translated in signiﬁcantly higher fecal butyrate levels when participants were on RPS than when they were not,SCFA/butyrate production,A1,yes,Metabolite signaling to immune cells,B7,yes,5b. Dietary / prebiotic interventions,Class 5: Therapeutic / intervention,yes,Therapeutic strategies,D14,yes,Protective × Metabolic,Protective,yes,SCFA metabolite,exact,direct hit on SCFA/butyrate signaling
Weber_2026,WEB_115,7,body,RS+GFO maintains butyrate producers and butyrate,butyrate production,butyrate-producing bacteria / microbial diversity,,butyrate-producing bacteria,functional group,protective,clinical trial,Yoshifuji 2020 (10.1182/bloodadvances.2020002604),Prebiotics intake was associated with maintenance of gut microbial diversity and preservation of butyrate-producing bacterial. In particular fecal butyrate concentration after alloHCT was maintained or even increased in the prebiotics group,SCFA/butyrate production,A1,yes,Metabolite signaling to immune cells,B7,yes,5b. Dietary / prebiotic interventions,Class 5: Therapeutic / intervention,yes,Therapeutic strategies,D14,yes,Protective × Metabolic,Protective,yes,SCFA metabolite,exact,direct hit on SCFA/butyrate signaling
Weber_2026,WEB_116,7,body,RS+GFO reduces GI and skin aGVHD,,GI grade II-IV GvHD / skin aGVHD,acute,none,community,protective,clinical trial,Yoshifuji 2020 (10.1182/bloodadvances.2020002604),This translated in a clinical beneﬁt with a signiﬁcantly lower cumulative incidence of gastro-intestinal grade II-IV GvHD. The observation that RS and GFO also reduced the incidence of aGVHD of the skin suggests a systemic effect,SCFA/butyrate production,A1,yes,Community-level outcome associations,B9,yes,5b. Dietary / prebiotic interventions,Class 5: Therapeutic / intervention,yes,Therapeutic strategies,D14,yes,Protective × Community,Protective,yes,General/unspecified,no match,no clear alignment to existing categories
Weber_2026,WEB_117,7,body,prebiotic fiber increases L. rhamnosus,,relative abundance / antibiotic resistance genes,,Lactobacillus rhamnosus,species,protective,clinical trial,Andersen 2025,in the prebiotic group a signiﬁcant increase of the relative abundance of lactobacillus_C rhamnosus (p = 0.022) and decreased expression of antibiotic resistance genes was observed,Community-level / unattributed,A10,partial,Community-level outcome associations,B9,yes,4a. Diversity / dysbiosis,Class 4: Community-level / dysbiosis,yes,Therapeutic strategies,D14,yes,Protective × Community,Protective,yes,General/unspecified,no match,no clear alignment to existing categories
Weber_2026,WEB_118,7,body,FMT induces CR in SR GI-aGVHD,,GI-aGVHD complete response,acute,none,community,protective,clinical trial,Kakihana 2016 (10.1182/blood-2016-05-717652),"In the setting of GI-aGVHD, effective and safe use of FMT was ﬁrst reported by Kakihana et al. in 2016 in 4 patients with steroid-resistant (SR, n = 3) and steroid-dependent (SD, n = 1) GI-aGVHD, with 3 patients that achieve a complete response",Community-level / unattributed,A10,partial,Community-level outcome associations,B9,yes,5c. Probiotic / FMT / defined consortium,Class 5: Therapeutic / intervention,yes,Therapeutic strategies,D14,yes,Protective × Community,Protective,yes,General/unspecified,no match,no clear alignment to existing categories
Weber_2026,WEB_119,7,body,FMT induces CR in SR/SD GI-aGVHD,,GI-aGVHD complete response,acute,none,community,protective,clinical trial,van Lier 2020 (10.1126/scitranslmed.aaz8926),"Van Lier and colleagues used FMT in 15 patients with steroid refractory (SR; n = 6) or steroid dependent (SD; n = 9) GI-aGVHD, with 10 patients achieving a complete response",Community-level / unattributed,A10,partial,Community-level outcome associations,B9,yes,5c. Probiotic / FMT / defined consortium,Class 5: Therapeutic / intervention,yes,Therapeutic strategies,D14,yes,Protective × Community,Protective,yes,General/unspecified,no match,no clear alignment to existing categories
Weber_2026,WEB_120,7,body,MaaT013 response in SR GI aGVHD,,GI-aGVHD day 28 response,acute,none,community,protective,clinical trial,Malard 2023 (10.1016/j.eclinm.2023.102111),"A phase 2a study evaluated a pooled allogeneic FMT product, MaaT013, in patients with SR GI aGVHD (n = 24) and with an expanded access program another 52 patients were evaluated. The day 28 overall response rate was 38% and 58% respectively",Community-level / unattributed,A10,partial,Community-level outcome associations,B9,yes,5c. Probiotic / FMT / defined consortium,Class 5: Therapeutic / intervention,yes,Therapeutic strategies,D14,yes,Protective × Community,Protective,yes,General/unspecified,no match,no clear alignment to existing categories
Weber_2026,WEB_121,7,body,FMT responders show butyrate producer enrichment,SCFA / bile acid production,microbiota richness / butyrate producers,,butyrate-producing bacteria,functional group,protective,clinical trial,Malard 2023 (10.1016/j.eclinm.2023.102111),"In all studies stools from responding patients demonstrated higher microbiota richness and increased levels of beneﬁcial bacteria, in particular butyrate producers, along with increased levels of short-chain fatty acid and bile acids",Bile acid metabolism,A2,yes,Metabolite signaling to immune cells,B7,yes,5c. Probiotic / FMT / defined consortium,Class 5: Therapeutic / intervention,yes,Therapeutic strategies,D14,yes,Protective × Metabolic,Protective,yes,SCFA metabolite,exact,direct hit on SCFA/butyrate signaling
Weber_2026,WEB_122,7,body,FMT with corticosteroids CR in treatment-naïve GI aGVHD,,GI aGVHD complete response,acute,none,community,protective,clinical trial,DeFilipp 2024 (10.1182/bloodadvances.2024012556),"DeFilipp et al. evaluated FMT combine with combination with systemic corticosteroids in 10 patients with high-risk treatment naïve GI aGVHD, with a CR rate at day 28 of 70%",Community-level / unattributed,A10,partial,Community-level outcome associations,B9,yes,5c. Probiotic / FMT / defined consortium,Class 5: Therapeutic / intervention,yes,Therapeutic strategies,D14,yes,Protective × Community,Protective,yes,General/unspecified,no match,no clear alignment to existing categories
Weber_2026,WEB_123,7,body,FMT raises tryptophan metabolites and SCFA,tryptophan metabolite / SCFA production,tryptophan metabolites / SCFA,,none,community,protective,clinical trial,DeFilipp 2024 (10.1182/bloodadvances.2024012556),Signiﬁcant increase in tryptophan metabolites and short-chain fatty acids were also observed within the ﬁrst 7 days after FMT,Tryptophan/indole metabolism,A3,yes,Metabolite signaling to immune cells,B7,yes,5c. Probiotic / FMT / defined consortium,Class 5: Therapeutic / intervention,yes,Therapeutic strategies,D14,yes,Protective × Metabolic,Protective,yes,SCFA metabolite,exact,direct hit on SCFA/butyrate signaling
Weber_2026,WEB_124,7,body,FMT improves diversity and WBC post-engraftment,,microbial diversity / WBC counts,,none,community,protective,clinical trial,DeFilipp 2018 (10.1182/bloodadvances.2018017731); Taur 2018 (10.1126/scitranslmed.aap9489); Malard 2021 (10.1038/s41467-021-23376-6),Other studies investigated FMT (autologous or allogeneic) to restore microbiome composition after neutrophil engraftment. Those studies report signiﬁcant improvements in microbial diversity and total white blood cell (WBC) counts during the early post-engraftment period compared to controls,Community-level / unattributed,A10,partial,Immune reconstitution,B6,yes,5c. Probiotic / FMT / defined consortium,Class 5: Therapeutic / intervention,yes,Therapeutic strategies,D14,yes,Protective × Community,Protective,yes,General/unspecified,no match,no clear alignment to existing categories
Weber_2026,WEB_125,7,body,FMT restores anaerobic commensals and reduces pathobionts,,microbial diversity / anaerobic commensals,,obligate anaerobic commensals,functional group,protective,clinical trial,Rashidi 2023 (10.1200/jco.22.02366),"A randomized, double-blind, placebo-controlled trial found that FMT improved post-antibiotic recovery of microbiota diversity, restored several depleted obligate anaerobic commensals, and reduced the abundance of expanded genera like Enterococcus, Streptococcus, Veillonella, and Dialister",Community-level / unattributed,A10,partial,Community-level outcome associations,B9,yes,5c. Probiotic / FMT / defined consortium,Class 5: Therapeutic / intervention,yes,Therapeutic strategies,D14,yes,Protective × Community,Protective,yes,General/unspecified,no match,no clear alignment to existing categories
Weber_2026,WEB_126,7,body,FMT reduces Enterococcus,,,,Enterococcus,genus,exacerbating,clinical trial,Rashidi 2023 (10.1200/jco.22.02366),"A randomized, double-blind, placebo-controlled trial found that FMT improved post-antibiotic recovery of microbiota diversity, restored several depleted obligate anaerobic commensals, and reduced the abundance of expanded genera like Enterococcus, Streptococcus, Veillonella, and Dialister",Community-level / unattributed,A10,partial,Community-level outcome associations,B9,yes,5c. Probiotic / FMT / defined consortium,Class 5: Therapeutic / intervention,yes,Therapeutic strategies,D14,yes,Exacerbating × Community,Exacerbating,yes,General/unspecified,no match,no clear alignment to existing categories
Weber_2026,WEB_127,7,body,FMT reduces Streptococcus,,,,Streptococcus,genus,exacerbating,clinical trial,Rashidi 2023 (10.1200/jco.22.02366),"A randomized, double-blind, placebo-controlled trial found that FMT improved post-antibiotic recovery of microbiota diversity, restored several depleted obligate anaerobic commensals, and reduced the abundance of expanded genera like Enterococcus, Streptococcus, Veillonella, and Dialister",Community-level / unattributed,A10,partial,Community-level outcome associations,B9,yes,5c. Probiotic / FMT / defined consortium,Class 5: Therapeutic / intervention,yes,Therapeutic strategies,D14,yes,Exacerbating × Community,Exacerbating,yes,General/unspecified,no match,no clear alignment to existing categories
Weber_2026,WEB_128,7,body,FMT reduces Veillonella,,,,Veillonella,genus,exacerbating,clinical trial,Rashidi 2023 (10.1200/jco.22.02366),"A randomized, double-blind, placebo-controlled trial found that FMT improved post-antibiotic recovery of microbiota diversity, restored several depleted obligate anaerobic commensals, and reduced the abundance of expanded genera like Enterococcus, Streptococcus, Veillonella, and Dialister",Community-level / unattributed,A10,partial,Community-level outcome associations,B9,yes,5c. Probiotic / FMT / defined consortium,Class 5: Therapeutic / intervention,yes,Therapeutic strategies,D14,yes,Exacerbating × Community,Exacerbating,yes,General/unspecified,no match,no clear alignment to existing categories
Weber_2026,WEB_129,7,body,FMT reduces Dialister,,,,Dialister,genus,exacerbating,clinical trial,Rashidi 2023 (10.1200/jco.22.02366),"A randomized, double-blind, placebo-controlled trial found that FMT improved post-antibiotic recovery of microbiota diversity, restored several depleted obligate anaerobic commensals, and reduced the abundance of expanded genera like Enterococcus, Streptococcus, Veillonella, and Dialister",Community-level / unattributed,A10,partial,Community-level outcome associations,B9,yes,5c. Probiotic / FMT / defined consortium,Class 5: Therapeutic / intervention,yes,Therapeutic strategies,D14,yes,Exacerbating × Community,Exacerbating,yes,General/unspecified,no match,no clear alignment to existing categories
Weber_2026,WEB_130,7,body,SER-155 Firmicutes consortium therapeutic,,,,Firmicutes,phylum,protective,clinical trial,Ponce 2025 (10.1016/j.jtct.2025.01.139),"Peled et al. reported as a congress abstract the preliminary results of a phase 1b study, evaluating SER-155, an oral investigational cultivated microbiome therapeutic comprised of 16 bacterial Firmicutes strains, given before conditioning and after neutrophil engraftment",Community-level / unattributed,A10,partial,Community-level outcome associations,B9,yes,5c. Probiotic / FMT / defined consortium,Class 5: Therapeutic / intervention,yes,Therapeutic strategies,D14,yes,Protective × Community,Protective,yes,General/unspecified,no match,no clear alignment to existing categories
Weber_2026,WEB_131,7,body,SER-155 reduces bloodstream infections,,bloodstream infections,,Firmicutes,phylum,protective,clinical trial,Ponce 2025 (10.1016/j.jtct.2025.01.139),"Compared to placebo (n = 14), SER-155 (n = 20) was generally well tolerated with a safety proﬁle similar to placebo and the incidence of bloodstream infections, a secondary endpoint, was signiﬁcantly lower after treatment with SER-155",Community-level / unattributed,A10,partial,Community-level outcome associations,B9,yes,5c. Probiotic / FMT / defined consortium,Class 5: Therapeutic / intervention,yes,Therapeutic strategies,D14,yes,Protective × Community,Protective,yes,General/unspecified,no match,no clear alignment to existing categories
Weber_2026,WEB_132,7,body,FMT transmits MDR organisms,,infectious complications,,multidrug-resistant organisms,functional group,exacerbating,human observational,DeFilipp 2019 (10.1056/NEJMoa1910437),"Transmission of multidrug-resistant organisms from stool bank products has led to fatal infections in immunocompromised patients, including one documented death at Massachusetts General Hospital of a patient who underwent HCT",Community-level / unattributed,A10,partial,Community-level outcome associations,B9,yes,5c. Probiotic / FMT / defined consortium,Class 5: Therapeutic / intervention,yes,Virome / mycobiome,D13,yes,Exacerbating × Community,Exacerbating,yes,General/unspecified,no match,no clear alignment to existing categories
Weber_2026,WEB_133,7,body,sodium butyrate reduces grade III-IV aGVHD,butyrate (postbiotic),grade III-IV aGVHD incidence,acute,none,community,protective,clinical trial,Kim 2025 (10.1016/j.jtct.2025.01.430),"Twenty patients ingested sodium butyrate (600 mg × 2 capsules per day) from engraftment (day +14 to +21) until days +90 to +100 and were compared to an historical control group, with a signiﬁcantly lower incidence of grade III-IV aGVHD in the postbiotics group",SCFA/butyrate production,A1,yes,Metabolite signaling to immune cells,B7,yes,1a. SCFA / butyrate signaling,Class 1: Metabolite-mediated,yes,Therapeutic strategies,D14,yes,Protective × Metabolic,Protective,yes,SCFA metabolite,exact,direct hit on SCFA/butyrate signaling
Weber_2026,WEB_134,8,body,disruption of diversity associated with GvHD and impaired recovery,,GvHD-related morbidity / immune recovery,,none,community,exacerbating,unspecified,,"Disruption of microbial diversity—by conditioning regimens, antibiotics, or environmental factors—has been consistently associated with increased GvHD-related morbidity and impaired immune recovery",Dysbiosis / diversity loss,A9,yes,Community-level outcome associations,B9,yes,4a. Diversity / dysbiosis,Class 4: Community-level / dysbiosis,yes,Dysbiosis risk / clinical impact,D10,yes,Exacerbating × Community,Exacerbating,yes,General/unspecified,no match,no clear alignment to existing categories
