Title,Abstract
Metataxonomic Analysis and Fatty Acid Profiling of Feces from Children Undergoing       Hematopoietic Stem Cell Transplantation.,"Allogeneic hematopoietic stem cell transplantation (HSCT) is a medical procedure       to treat hematologic malignancies and restore bone marrow function. However, this       approach may lead to graft-versus-host disease (GvHD), a major cause of mortality       and morbidity after allogeneic HSCT. Some studies have suggested the involvement       of gut microbiota in the development and prognosis of GvHD. In this context, the       main objective of this study was to compare the fecal microbiome composition and       short-chain profile of pediatric patients who underwent successful HSCT,       developed GvHD or died. The bacterial composition was analyzed using 16S rRNA       gene sequencing, while short-chain fatty acids (SCFAs) were quantified by gas       chromatography. Fecal samples at engraftment were mainly characterized by a loss       of bacterial diversity, a depletion of sequences belonging to the genus Blautia       and significantly lower concentrations of fecal butyrate and acetate compared       with those obtained before HSCT and 100 days after HSCT. Our findings confirm       that children experiencing GvHD after HSCT have distinct gut microbiota and SCFA       profiles, which might contribute to developing new microbiota-targeted strategies       for GvHD prevention during HSCT procedures."
Antimicrobial prophylaxis and the rate of blood stream infections and       Clostridioides difficile in pediatric stem cell transplantation: A single-center       retrospective study.,"BACKGROUND: The use of prophylactic antibiotics in the pre-engraftment period to       minimize the risk of bacteremia is debatable given concerns of Clostridioides       difficile (C.¬†diff), antibiotics resistance, and disruption of gut microbiota.       METHODS: We retrospectively reviewed the rate and characteristics of bacteremia       and C.¬†diff infections within the first 100‚Äâdays post-HSCT in all pediatric       patients who received routine antibacterial prophylaxis during HSCT from 2015 to       2018. C.¬†diff infection was defined by the presence of three or more unformed       stools in 24¬†h and positive stool test for C.¬†diff or its toxins. RESULTS: One       hundred and thirty-five (100 allogeneic and 35 autologous) transplants in 123       patients were eligible for analysis. Median age at transplant was 7.1 (range       0.2-13.7), 67 (55%) were women, and diagnosis was malignant condition in 68       patients. Median time to neutrophil engraftment was 18‚Äâdays (13-23). Cefepime or       piperacillin-tazobactam prophylaxis was used in 105 (78%) and 28 (21%) of       patients, respectively. Only five (3%) patients had bacteremia during the       pre-engraftment period, and 13 (11%) patients developed bacteremia       postengraftment. Septic shock was present in only one patient pre-engraftment and       was due to gram-negative bacteria. All patients who developed bacteremia received       MAC. Thirteen patients (10%) of patients fulfilled C.¬†diff infection definition.       There was no mortality related to bacterial infections among our patients.       CONCLUSIONS: The use of antibiotic prophylaxis was associated with low rate of       bacteremia in the pre-engraftment period and a 10% risk of C.¬†diff infections.       More studies are needed to better evaluate the efficacy of antibiotic prophylaxis       in HSCT patients."
A Fructo-Oligosaccharide Prebiotic Is Well Tolerated in Adults Undergoing       Allogeneic Hematopoietic Stem Cell Transplantation: A Phase I Dose-Escalation       Trial.,"Alterations of the gut microbiota after allogeneic hematopoietic cell       transplantation (allo-HCT) are a key factor in the development of       transplant-related complications such as graft-versus-host disease (GVHD).       Interventions that preserve the gut microbiome hold promise to improve       HCT-associated morbidity and mortality. Murine models demonstrate that prebiotics       such as fructo-oligosaccharides (FOSs) may increase gut levels of short-chain       fatty acids (SCFAs) such as butyrate and consequently induce proliferation of       immunomodulatory FOXP3(+)CD4(+) regulatory T cells (Tregs), which impact GVHD       risk. We conducted a pilot phase I trial to investigate the maximum tolerated       dose of FOS in patients undergoing reduced-intensity allo-HCT (n¬†=¬†15) compared       with concurrent controls (n¬†=¬†16). We administered the FOS starting at       pretransplant conditioning and continuing for a total of 21 days. We       characterized the gut microbiome using shotgun metagenomic sequencing, measured       stool short-chain fatty acids (SCFAs) using liquid chromatography-mass       spectrometry, and determined peripheral T cell concentrations using cytometry by       time-of-flight. We found that FOS was safe and well-tolerated at 10 g/d without       significant adverse effects in patients undergoing allo-HCT. Community-level gut       microbiota composition differed significantly on the day of transplant (day 0)       between patients receiving FOS and concurrent controls; however, FOS-associated       alterations of the gut microbiota were not sustained after transplant. Although       the impact of FOS was fleeting, transplantation itself impacted a substantial       number of taxa over time. In our small pilot trial, no significant differences       were observed in gut microbial metabolic pathways, stool SCFAs, or peripheral       Tregs, although Tregs trended higher in those patients who received FOS. A marker       of CD4(+) T cell activation (namely, CTLA4(+)) was significantly higher in       patients receiving FOS, whereas a non-significant trend existed for FOP3(+)CD4(+)       Treg cells, which were higher in those receiving FOS compared with controls. FOS       is well tolerated at 10 g/d in patients undergoing reduced-intensity allo-HCT.       Although the alterations in gut microbiota and peripheral immune cell composition       in those receiving FOS are intriguing, additional studies are required to       investigate the use of prebiotics in HCT recipients."
MAIT and VŒ¥2 unconventional T cells are supported by a diverse intestinal       microbiome and correlate with favorable patient outcome after allogeneic HCT.,"Microbial diversity is associated with improved outcomes in recipients of       allogeneic hematopoietic cell transplantation (allo-HCT), but the mechanism       underlying this observation is unclear. In a cohort of 174 patients who underwent       allo-HCT, we demonstrate that a diverse intestinal microbiome early after       allo-HCT is associated with an increased number of innate-like mucosal-associated       invariant T (MAIT) cells, which are in turn associated with improved overall       survival and less acute graft-versus-host disease (aGVHD). Immune profiling of       conventional and unconventional immune cell subsets revealed that the prevalence       of VŒ¥2 cells, the major circulating subpopulation of Œ≥Œ¥ T cells, closely       correlated with the frequency of MAIT cells and was associated with less aGVHD.       Analysis of these populations using both single-cell transcriptomics and flow       cytometry suggested a shift toward activated phenotypes and a gain of cytotoxic       and effector functions after transplantation. A diverse intestinal microbiome       with the capacity to produce activating ligands for MAIT and VŒ¥2 cells appeared       to be necessary for the maintenance of these populations after allo-HCT. These       data suggest an immunological link between intestinal microbial diversity,       microbe-derived ligands, and maintenance of unconventional T cells."
[GVHD: pathophysiology and novel agents].,"Graft-versus-host disease (GVHD) is a potentially life-threatening complication       of allogeneic hematopoietic stem cell transplantation (allo-SCT). Recent advances       in understanding the GVHD pathophysiology promoted development of novel       therapeutic agents for GVHD. In acute GVHD, emerging evidence suggested that it       targets tissue stem cells in the skin, liver, and gut, resulting in treatment       refractoriness. Furthermore, antimicrobial peptide deficiency, nutritional status       alteration of the gut microbiota, and antibiotic administration lead to gut       dysbiosis, which is related to GVHD onset and treatment-related mortality after       allo-SCT. In this review, recent advances in understanding the GVHD       pathophysiology are summarized, and novel agents for the treatment and       prophylaxis of acute and chronic GVHD are introduced."
Novel Insights Into the Mechanism of GVHD-Induced Tissue Damage.,"Prophylaxis for and treatment of graft-versus-host disease (GVHD) are essential       for successful allogeneic hematopoietic stem cell transplantation (allo-SCT) and       mainly consist of immunosuppressants such as calcineurin inhibitors. However,       profound immunosuppression can lead to tumor relapse and infectious       complications, which emphasizes the necessity of developing novel management       strategies for GVHD. Emerging evidence has revealed that tissue-specific       mechanisms maintaining tissue homeostasis and promoting tissue tolerance to       combat GVHD are damaged after allo-SCT, resulting in exacerbation and treatment       refractoriness of GVHD. In the gastrointestinal tract, epithelial regeneration       derived from intestinal stem cells (ISCs), a microenvironment that maintains       healthy gut microbiota, and physical and chemical mucosal barrier functions       against pathogens are damaged by conditioning regimens and/or GVHD. The       administration of growth factors for cells that maintain intestinal homeostasis,       such as interleukin-22 (IL-22) for ISCs, R-spondin 1 (R-Spo1) for ISCs and Paneth       cells, and interleukin-25 (IL-25) for goblet cells, mitigates murine GVHD. In       this review, we summarize recent advances in the understanding of GVHD-induced       tissue damage and emerging strategies for the management of GVHD."
Vulvar and Vaginal Graft-Versus-Host Disease: prevalence and repercussions on       vaginal microbiota.,"OBJECTIVE: Allogeneic bone marrow transplantation (BMT) carries the risk of the       donor's cells recognizing the recipient as abnormal, triggering Graft Versus Host       Disease (GVHD). This study aimed to understand the prevalence and gynecological       complications, including vaginal microbiota evaluation. METHODS: A descriptive       cross-sectional study was carried out from December 2022 to October 2023.       Post-allogeneic BMT patients underwent gynecological evaluation at the Assis       Chateaubriand Maternity School in Fortaleza-Cear√°, Brazil, composed of structured       interview and physical examination, which included collection of fresh       examination of vaginal content, gram bacterioscopy and cervicovaginal cytology.       RESULTS: A total of 22 patients between 21 and 61 years old (average: 38) were       evaluated, with an average of 1028 (¬± 979) days post BMT. Of these patients,       whether or not they had Vulvar and Vaginal Graft Versus Host Disease (VVGVHD), 15       reported various gynecological complaints (dryness being the most common). Of the       total, twelve showed signs of genital atrophy on examination. A 45% prevalence of       VVGVHD was found, with vulvar and vaginal involvement of 100% and 60%,       respectively. Burning and dyspareunia symptoms were more prevalent in patients       with VVGVHD than in those without it (p<0.05); there was no difference in Human       Papillomavirus (HPV) induced lesions between the two groups. However, compared to       the population not undergoing allogeneic BMT, these patients had a higher       prevalence of induced HPV lesions and intermediate vaginal flora. CONCLUSION: The       findings described in the present work are consistent with other studies       available in recent literature. In conclusion, VVGVHD is a potentially mutilating       condition, with a significant prevalence among post-BMT patients."
Multimodal analysis identifies microbiome changes linked to stem cell transplantation-associated diseases,"Allogeneic hematopoietic stem cell transplantation (allo-HSCT) is one of the most efficient therapeutic options available to cure many hematological malignancies. However, severe complications derived from this procedure, including graft-versus-host disease (GVHD) and infections, can limit its success and negatively impact survival. Previous studies have shown that alterations in the microbiome are associated with the development of allo-HSCT-derived complications. However, most studies relied on single techniques that can only analyze a unique aspect of the microbiome, which hinders our ability to understand how microbiome alterations drive allo-HSCT-associated diseases. Here, we have applied multiple ‚Äúomic‚Äù techniques (16S rRNA and shotgun sequencing, targeted and un-targeted metabolomics) in combination with machine learning approaches to define the most significant microbiome changes following allo-HSCT at multiple modalities (bacterial taxa, encoded functions, and derived metabolites). In addition, multivariate approaches were applied to study interactions among the various microbiome modalities (the interactome). Our results show that the microbiome of transplanted patients exhibits substantial changes in all studied modalities. These include depletion of beneficial microbes, mainly from the Clostridiales order, loss of their bacterial encoded functions required for the synthesis of key metabolites, and a reduction in metabolic end products such as short chain fatty acids (SCFAs). These changes were followed by an expansion of bacteria that frequently cause infections after allo-HSCT, including several Staphylococcus species, which benefit from the reduction of bacteriostatic SCFAs. Additionally, we found specific alterations in all microbiome modalities that distinguished those patients who subsequently developed GVHD, including depletion of anti-inflammatory commensals, protective reactive oxygen detoxifying enzymes, and immunoregulatory metabolites such as acetate or malonate. Moreover, extensive shifts in the homeostatic relationship between bacteria and their metabolic products (e.g., Faecalibacterium and butyrate) were detected mainly in patients who later developed GVHD. We have identified specific microbiome changes at different modalities (microbial taxa, their encoded genes, and synthetized metabolites) and at the interface between them (the interactome) that precede the development of complications associated with allo-HSCT. These identified microbial features provide novel targets for the design of microbiome-based strategies to prevent diseases associated with stem cell transplantation. Bx_7phuTozz8yFUTR9cZV4Video Abstract Video Abstract"
Reducing infectious complications after allogeneic stem cell transplant.,"INTRODUCTION: Infections remain a significant problem, in patients undergoing an       allogeneic hematopoietic stem-cell transplant (HSCT) and efforts have been made       over the years, to reduce the incidence, morbidity and mortality of infectious       complications. AREAS COVERED: This manuscript is focused on the epidemiology,       risk factors and prevention of infections after allogeneic HSCT. A systematic       literature review was performed using the PubMed database, between November 2019       and January 2020, with the following MeSH terms: stem-cell transplantation,       infection, fungal, bacterial, viral, prophylaxis, vaccines, prevention. The       authors reviewed all the publications, and following a common revision, a summary       report was made and results were divided in three sections: bacterial, fungal and       viral infections. EXPERT OPINION: Different infections occur in the early,       intermediate and late post-transplant period, due to distinct risk factors.       Improved diagnostic techniques, pre-emtive therapy and better prophylaxis of       immunologic complications, have reduced the morbidity and mortality of       infections. The role of the gut microbiota is under careful scrutiny and may       further help us to identify high-risk patients."
A new anchor point for gut microbiome to regulate complications of allogeneic       hematopoietic stem cell transplantation: oxidative stress.,"Allogeneic hematopoietic stem cell transplantation (allo-HSCT) is a cure for many       malignant hematologic and metabolic diseases, whose complications are an       unignorable cause of long-term prognosis. Pretreatment chemoradiotherapy       administered before and after transplantation alters the state of the bone marrow       hematopoietic microenvironment. Under the stress of hematopoietic injury, a large       number of hematopoietic stem cells (HSCs) proliferate and differentiate,       producing large amounts of reactive oxygen species (ROS). In addition, the       chemotherapeutic pretreatment drugs also cause oxidative stress (OS) themselves,       which can indirectly exacerbate OS of the bone marrow microenvironment. The bone       marrow hematopoietic microenvironment and local OS affect the development of       infections, relapse, graft-versus-host disease (GVHD), poor graft function (PGF),       persistent thrombocytopenia (PT), chronic fatigue syndrome (CFS), bronchiolitis       obliterans syndrome (BOS), and transplant-associated thrombotic microangiopathy       (TA-TMA). Recent studies have demonstrated that the gut microbiome (GM) and its       metabolites such as short-chain fatty acids (SCFAs), secondary bile acids,       trimethylamine (TMA) and signaling molecules such as H(2)S and NO can enter the       bloodstream through the intestinal epithelium and reach all parts of the body.       This review describes the impact of OS on the development of allo-HSCT       complications. In this article, we will elucidate the mechanism of OS on       allo-HSCT complications, summarize the interaction between GM and OS in the body,       and highlight the role of GM regulation of OS in allo-HSCT complications to offer       new strategies for the prevention and treatment of allo-HSCT complications."
Why is a 3-year NRM following allogeneic transplantation still stuck at       approximately 20%?,"Whether and when to recommend an allogeneic stem cell transplant (SCT) for a       patient with leukemia is a treatment decision that rests on determining whether       the transplant or non-transplant option carries the greatest probability of       3-5-year survival. While SCT confers a greater possibility of leukemia cure, the       decision to transplant has to be made in the light of the high chance of       treatment-related mortality (TRM) that follows the allograft. Here we identify       that current estimates of a 20% 3-year TRM hold largely true for a variety of       leukemias, diverse types of conditioning regimen, and varied donor-recipient       compatibility across a wide age-range. While there is a wide spectrum of causes       of death in the first few months after SCT, they usually stem from a limited set       of immediate post-transplant complications, including those induced by the       conditioning regimen, post-transplant endovascular damage, gut dysbiosis,       graft-versus-host disease, and immunodeficiency causing viral reactivation. As we       better understand and improve preventative treatments for these initiating events       there is a real expectation that TRM will continue to fall to levels well below       10% within the next decade."
Gut microbiome in allogeneic hematopoietic stem cell transplantation and specific changes associated with acute graft vs host disease,Gut microbiome in allogeneic hematopoietic stem cell transplantation and specific changes associated with acute graft vs host disease
Fecal microbiota transplantation before or after allogeneic hematopoietic transplantation in patients with hematologic malignancies carrying multidrug-resistance bacteria,"Fecal microbiota transplantation is an effective treatment in recurrent Clostridium difficile infection. Promising results to eradicate multidrug-resistant bacteria have also been reported with this procedure, but there are safety concerns in immunocompromised patients. We report results in ten adult patients colonized with multidrug-resistant bacteria, undergoing fecal microbiota transplantation before (n=4) or after (n=6) allogeneic hematopoietic stem cell transplantation for hematologic malignancies. were obtained from healthy related or unrelated donors. Fecal material was delivered either by enema or via nasogastric tube. Patients were colonized or had infections from either carbapenemase-producing bacteria (n=8) or vancomycin-resistant enterococci (n=2). Median age at fecal microbiota transplantation was 48 (range, 16-64) years. Three patients needed a second transplant from the same donor due to initial failure of the procedure. With a median follow up of 13 (range, 4-40) months, decolonization was achieved in seven of ten patients. In all patients, fecal micro-biota transplantation was safe: one patient presented with constipation during the first five days after FMT and two patients had grade I diarrhea. One case of gut grade III acute graft-versus-host disease occurred after fecal microbiota transplantation. In patients carrying or infected by multidrug-resistant bacteria, fecal microbiota transplantation is an effective and safe decolonization strategy, even in those with hematologic malignancies undergoing hematopoietic stem cell transplantation."
Disturbances in microbial skin recolonization and cutaneous immune response       following allogeneic stem cell transfer.,"The composition of the gut microbiome influences the clinical course after       allogeneic hematopoietic stem cell transplantation (HSCT), but little is known       about the relevance of skin microorganisms. In a single-center, observational       study, we recruited a cohort of 50 patients before undergoing conditioning       treatment and took both stool and skin samples up to one year after HSCT. We       could confirm intestinal dysbiosis following HSCT and report that the skin       microbiome is likewise perturbed in HSCT-recipients. Overall bacterial       colonization of the skin was decreased after conditioning. Particularly patients       that developed acute skin graft-versus-host disease (aGVHD) presented with an       overabundance of Staphylococcus spp. In addition, a loss in alpha diversity was       indicative of aGVHD development already before disease onset and correlated with       disease severity. Further, co-localization of CD45(+) leukocytes and       staphylococci was observed in the skin of aGVHD patients even before disease       development and paralleled with upregulated genes required for       antigen-presentation in mononuclear phagocytes. Overall, our data reveal       disturbances of the skin microbiome as well as cutaneous immune response in HSCT       recipients with changes associated with cutaneous aGVHD."
FK506 and Lactobacillus acidophilus ameliorate acute graft-versus-host disease by       modulating the T helper 17/regulatory T-cell balance.,"BACKGROUND: Graft-versus-host disease (GvHD) is a critical complication after       allogeneic hematopoietic stem cell transplantation (HSCT). The immunosuppressants       given to patients undergoing allogeneic HSCT disturb the microbiome and the host       immune system, potentially leading to dysbiosis and inflammation, and may affect       immune function and bone marrow transplantation. The intestinal microbiome is a       target for the development of novel therapies for GvHD. Lactobacillus species are       widely used supplements to induce production of antimicrobial and       anti-inflammatory factors. METHODS: We determined the effect of the combination       of Lactobacillus acidophilus and FK506 on GvHD following major histocompatibility       complex-mismatched bone marrow transplantation. RESULTS: The combination       treatment suppressed IFN-Œ≥ and IL-17-producing T cell differentiation, but       increased Foxp3(+)Treg differentiation and IL-10 production. Also, the       combination treatment and combination treated-induced Treg cells modulated the       proliferation of murine alloreactive T cells in vitro. Additionally, the       combination treatment upregulated Treg-related genes-Nt5e, Foxp3, Ikzf2, Nrp1 and       Itgb8-in murine CD4(+)-T cells. The combination treatment also alleviated GvHD       clinically and histopathologically by controlling the effector T cell and Treg       balance in vivo. Moreover, the combination treatment decreased Th17       differentiation significantly and significantly upregulated Foxp3 and IL-10       expression in peripheral blood mononuclear cells from healthy controls and liver       transplantation (LT) patients. CONCLUSIONS: Therefore, the combination of L.       acidophilus and FK506 is effective and safe for patients undergoing allogeneic       hematopoietic stem cell transplantation."
Impact of route and adequacy of nutritional intake on outcomes of¬†allogeneic       haematopoietic cell transplantation for haematologic malignancies.,"BACKGROUND: Allogeneic haematopoietic cell transplantation (HCT) is often       associated with poor oral intake due to painful mucositis and gastrointestinal       sequalae that occur following a preparative regimen of intensive chemotherapy       and/or total body radiation. Although attractive to assume that optimal nutrition       improves HCT outcomes, there are limited data to support this. It is also unclear       whether artificial nutrition support should be provided as enteral tube feeding       or parenteral nutrition (PN). METHODS: We analysed day-100 non-relapse mortality       (NRM), incidence of acute graft-versus-host disease (GvHD), acute       gastrointestinal GvHD, 5-year survival and GvHD-free/relapse-free survival (GRFS)       according to both route and adequacy of nutritional intake prior to neutrophil       engraftment, together with other known prognostic factors, in a retrospective       cohort of 484 patients who underwent allogeneic HCT for haematologic malignancy       between 2000 and 2014. RESULTS: Multivariate analyses showed increased NRM with       inadequate nutrition (hazard ratio (HR) 4.1; 95% confidence interval (CI)       2.2-7.2) and adequate PN (HR 2.9; 95% CI 1.6-5.4) compared to adequate enteral       nutrition (EN) both P¬†<¬†.001. There were increased incidences of gastrointestinal       GvHD of any stage and all GvHD¬†‚â•¬†grade 2 in patients who received PN (odds ratio       (OR) 2.0; 95% CI 1.2-3.3; P¬†=¬†.006, and OR 1.8; 95% CI 1.1-3.0; P¬†=¬†.018,       respectively), compared to adequate EN. Patients who received adequate PN and       inadequate nutrition also had reduced probabilities of survival and GRFS at 5       years. CONCLUSION: Adequate EN during the early transplantation course is       associated with reduced NRM, improved survival and GRFS at 5 years. Furthermore,       adequate EN is associated with lower incidence of overall and gut acute GvHD than       PN, perhaps because of its ability to maintain mucosal integrity, modulate the       immune response to intensive chemo/radiotherapy and support the gastrointestinal       tract environment, including gut microflora."
Allogenic stem cell transplant-associated acute graft versus host disease: a computational drug discovery text mining approach using oral and gut microbiome signatures,"Acute graft versus host disease (aGVHD) is a major cause of non-relapse morbidity and mortality post-allogenic hematopoietic stem cell transplant (HSCT). Using conventional literature search and computational approaches, our objective was to identify oral and gut bacterial species associated with aGVHD, potentially affecting drug treatment via lipopolysaccharide (LPS) pathways. Medline, PubMed, PubMed Central, and Google Scholar were searched using MeSH terms. The top 100 hits per database were curated, and 25 research articles were selected to examine oral and gut microbiomes associated with health, HSCT, and aGVHD. Literature search validation, aGVHD drug targets, and microbial metabolic pathway identification were completed using BioReader, MACADAM, KEGG, and STRING programs. Our review determined that (1) oral genera Rothia, Solobacterium, and Veillonella were identified in HSCT patients‚Äô stool and associated with aGVHD; (2) shifts in gut enterococci profiles were determined in HSCT-associated aGVHD; (3) gut microbiome dysbiosis prior or during HSCT and lower Shannon diversity index at time of HSCT were also associated with increased risk of aGVHD and transplant related death; and (4) Coriobacteriaceae family was negatively correlated with gut aGVHD, whereas Eubacterium limosum was associated with decreased risk of chronic GVHD relapse. Additionally, we identified molecular pathways related to TLR4/ LPS, including candidate aGVHD drug targets, impacted by oral and gut bacterial taxa. Reduced microbial diversity reflects higher severity and mortality rate in HSCT patients with aGVHD. Multi-omics approaches to decipher oral and gut microbiome associations will be critical for developing aGVHD preventive therapies."
Allogenic stem cell transplant-associated acute graft versus host disease: a computational drug discovery text mining approach using oral and gut microbiome signatures.,
Dynamics of the Gut Microbiota in Children Receiving Selective or Total Gut       Decontamination Treatment during Hematopoietic Stem Cell Transplantation.,"Bloodstream infections and graft-versus-host disease are common complications       after hematopoietic stem cell transplantation (HSCT) procedures, associated with       the gut microbiota that acts as a reservoir for opportunistic pathogens.       Selective gut decontamination (SGD) and total gut decontamination (TGD) during       HSCT have been associated with a decreased risk of developing these complications       after transplantation. However, because studies have shown conflicting results,       the use of these treatments remains subject of debate. In addition, their impact       on the gut microbiota is not well studied. The aim of this study was to elucidate       the dynamics of the microbiota during and after TGD and to compare these with the       dynamics of SGD. In this prospective, observational, single-center study fecal       samples were longitudinally collected from 19 children eligible for allogenic       HSCT (TGD, n=12; SGD, n=7), weekly during hospital admission and monthly after       discharge. In addition, fecal samples were collected from 3 family stem cell       donors. Fecal microbiota structure of patients and donors was determined by 16S       rRNA gene amplicon sequencing. Microbiota richness and diversity markedly       decreased during SGD and TGD and gradually increased after cessation of       decontamination treatment. During SGD, gut microbiota composition was relatively       stable and dominated by Bacteroides, whereas it showed high inter- and       intraindividual variation and low Bacteroides abundance during TGD. In some       children TGD allowed the genera Enterococcus and Streptococcus to thrive during       treatment. A gut microbiota dominated by Bacteroides was associated with       increased predicted activity of several metabolic processes. Comparing the       microbiota of recipients and their donors indicated that receiving an SCT did not       alter the patient's microbiota to become more similar to that of its donor.       Overall, our findings indicate that SGD and TGD affect gut microbiota structure       in a treatment-specific manner. Whether these treatments affect clinical outcomes       via interference with the gut microbiota needs to be further elucidated."
Bone marrow transplantation.,"Improvements in the results of bone marrow transplantation for the treatment of       SCID may be expected by employing purified stem-cell concentrates for patients       who do not have a compatible sibling available. Refinements in the purification       technique and its monitoring are required, however. For the same category of       patients it seems worthwhile to continue attempts at restoration with liver cells       from fetuses less than 12 weeks of age. In addition, full protection against       infections should be provided for patients expected to develop GVHD, and,       therefore, such patients should only be treated in centers where reverse       isolation and bacteriologic decontamination can be performed. In view of the       rarity of the disease, transplanters should agree on a limited number of graft       protocols. For the treatment of bone marrow aplasia, attempts to identify the       factors that can serve to predict the occurrence of GVHD in compatible host-donor       sibling pairs should be continued. Only when the patients who will develop GVHD       can be recognized in advance will it be feasible to fully exploit available GVHD       reductive measures. In particular the role of the intestinal microflora should be       investigated in this respect. Experimental evidence is presented, suggesting an       aggravating influence of microflora on GVHD lesions, which are primarily induced       by histocompatibility reactions. For such studies with incompatible siblings, the       dog is the best available animal model. For the selective isolation of       hemopoietic stem cells for transplantation purposes (as one means of reducing       GVHD), methods for rapid identification of stem cells and immune competent cells,       respectively, have to be developed. In leukemia, more research is necessary on       the factors that play a role in the late complications of bone marrow       transplantation. The toxicity of aggressive regimens employed in the eradication       of the leukemia should be further analyzed. The collection of autologous normal       hemopoietic stem cells from leukemic patients as introduced by Dicke et al.       warrants further exploration to see whether these cells may replace the       allogeneic transplantation procedure, thus avoiding all the complications       generally encountered in GVHD. For all three diseases, it is extremely important       to develop a method for the selection of compatible donors among unrelated       individuals, because this will at least double the number of candidates for       therapeutic bone marrow transplantation. Current progress in histocompatibility       typing in the rhesus monkey and the dog makes these species excellent models for       such investigations."
Graft-Derived Reconstitution of Mucosal-Associated Invariant T Cells after       Allogeneic Hematopoietic Cell Transplantation.,"Mucosal-associated invariant T (MAIT) cells express a semi-invariant VŒ±7.2(+) T       cell receptor (TCR) that recognizes ligands from distinct bacterial and fungal       species. In neonates, MAIT cells proliferate coincident with gastrointestinal       (GI) bacterial colonization. In contrast, under noninflammatory conditions adult       MAIT cells remain quiescent because of acquired regulation of TCR signaling.       Effects of inflammation and the altered GI microbiota after allogeneic       hematopoietic cell transplantation (HCT) on MAIT cell reconstitution have not       been described. We conducted an observational study of MAIT cell reconstitution       in myeloablative (n‚Äâ=‚Äâ41) and nonmyeloablative (n‚Äâ=‚Äâ66) allogeneic HCT recipients       and found that despite a rapid and early increase to a plateau at day 30 after       HCT, MAIT cell numbers failed to normalize for at least 1 year. Cord blood       transplant recipients and those who received post-HCT cyclophosphamide for graft       versus host disease (GVHD) prophylaxis had profoundly impaired MAIT cell       reconstitution. Sharing of TCRŒ≤ gene sequences between MAIT cells isolated from       HCT grafts and blood of recipients after HCT showed early MAIT cell       reconstitution was due at least in part to proliferation of MAIT cells       transferred in the HCT graft. Inflammatory cytokines were required for       TCR-dependent MAIT cell proliferation, suggesting that bacterial VŒ±7.2(+) TCR       ligands might promote MAIT cell reconstitution after HCT. Robust MAIT cell       reconstitution was associated with an increased GI abundance of Blautia spp. MAIT       cells suppressed proliferation of conventional T cells consistent with a possible       regulatory role. Our data identify modifiable factors impacting MAIT cell       reconstitution that could influence the risk of GVHD after HCT."
Early gut microbiota signature of aGvHD in children given allogeneic       hematopoietic cell transplantation for hematological disorders.,"BACKGROUND: The onset of acute Graft-versus-Host Disease (aGvHD) has been       correlated with the gut microbiota (GM) composition, but experimental       observations are still few, mainly involving cohorts of adult patients. In the       current scenario where fecal microbiota transplantation has been used as a       pioneer therapeutic approach to treat steroid-refractory aGvHD, there is an       urgent need to expand existing observational studies of the GM dynamics in       Hematopoietic Stem Cell Transplantation (HSCT). Aim of the present study is to       explore the GM trajectory in 36 pediatric HSCT recipients in relation to aGvHD       onset. METHODS: Thirty-six pediatric patients, from four transplantation centers,       undergoing HSCT were enrolled in the study. Stools were collected at three time       points: before HSCT, at time of engraftment and‚Äâ>‚Äâ30‚Äâdays following HSCT. Changes       in the GM phylogenetic structure were studied by 16S rRNA gene Illumina       sequencing and phylogenetic assignation. RESULTS: Children developing gut aGvHD       had a dysbiotic GM layout before HSCT occurred. This putative aGvHD-predisposing       ecosystem state was characterized by (i) reduced diversity, (ii) lower Blautia       content, (iii) increase in Fusobacterium abundance. At time of engraftment, the       GM structure underwent a deep rearrangement in all patients but, regardless of       the occurrence of aGvHD and its treatment, it reacquired a eubiotic configuration       from day 30. CONCLUSIONS: We found a specific GM signature before HSCT predictive       of subsequent gut aGvHD occurrence. Our data may open the way to a GM-based       stratification of the risk of developing aGvHD in children undergoing HSCT,       potentially useful also to identify patients benefiting from prophylactic fecal       transplantation."
Gut microbiota trajectory in pediatric patients undergoing hematopoietic SCT.,"Acute GvHD (aGvHD) is the main complication of hematopoietic SCT (HSCT) during       the treatment of hematological disorders. We carried out the first longitudinal       study to follow the gut microbiota trajectory, from both the phylogenetic and       functional points of view, in pediatric patients undergoing HSCT. Gut microbiota       trajectories and short-chain fatty acid production profiles were followed       starting from before HSCT and through the 3-4 months after transplant in children       developing and not developing aGvHD. According to our findings, HSCT procedures       temporarily cause a structural and functional disruption of the gut microbial       ecosystem, describing a trajectory of recovery during the following 100 days. The       onset of aGvHD is associated with specific gut microbiota signatures both along       the course of gut microbiota reconstruction immediately after transplant and,       most interestingly, prior to HSCT. Indeed, in pre-HSCT samples, non-aGvHD       patients showed higher abundances of propionate-producing Bacteroidetes, highly       adaptable microbiome mutualists that showed to persist during the HSCT-induced       ecosystem disruption. Our data indicate that structure and temporal dynamics of       the gut microbial ecosystem can be a relevant factor for the success of HSCT and       opens the perspective to the manipulation of the pre-HSCT gut microbiota       configuration to favor mutualistic persisters with immunomodulatory properties in       the gut."
Fecal microbiota transplantation in the treatment of intestinal steroid-resistant       graft-versus-host disease: two case reports and a review of the literature.,"Acute graft-versus-host disease (aGvHD) reduces the efficiency and safety of       allogeneic hematopoietic stem cell transplantation (allo-HSCT). In recent years,       attempts have been made to transplant fecal microbiota from healthy donors to       treat intestinal GvHD. This study presented two cases of patients undergoing       allo-HSCT who were later selected for fecal microbiota transplantation (FMT). In       the first patient, FMT resulted in the complete resolution of symptoms, whereas       therapeutic efficacy was not achieved in the second patient. FMT eliminated       drug-resistant pathogens, namely very drug-resistant Enterococcus spp., but not       multidrug-resistant Acinetobacter baumannii or Candida spp. Further research is       needed, particularly on the safety of FMT in patients with intestinal       steroid-resistant GvHD and on the distant impact of transplanted microflora on       the outcomes of allo-HSCT. FMT appears promising for the treatment of patients       with steroid-resistant GvHD."
"Impact of Gut Colonization by Antibiotic-Resistant Bacteria on¬†the Outcomes of       Allogeneic Hematopoietic Stem Cell Transplantation: A Retrospective,       Single-Center Study.","Gut colonization by antibiotic-resistant bacteria may underlie hard-to-treat       systemic infections. There is also accumulating evidence on the immunomodulatory       function of gut microbiota after allogeneic stem cell transplantation (alloSCT)       and its impact on graft-versus-host disease (GVHD). We investigated the       epidemiology and clinical impact of gut colonization after alloSCT and       retrospectively analyzed data on 107 alloSCTs performed at a single transplant       center. Pretransplant microbiology screening identified colonization in 31% of       cases. Colonization had a negative impact on overall survival after alloSCT in       univariate (34% versus 74% at 24¬†months, P¬†<¬†.001) and multivariate (hazard       ratio, 3.53; 95% confidence interval, 1.71 to 7.28; P¬†<¬†.001) analyses.       Nonrelapse mortality was significantly higher in colonized than in noncolonized       patients (42% versus 11% at 24¬†months, P¬†=¬†.001). Colonized patients more       frequently experienced bacteremia (48% versus 24%, P¬†=¬†.01), and more deaths were       attributable to infectious causes in the colonized group (42% versus 11% of       patients and 67% versus 29% of deaths, P¬†<¬†.05). We observed a significantly       higher incidence of grades II to IV acute GVHD in colonized than in noncolonized       patients (42% versus 23%, P¬†<¬†.05), especially involving the gastrointestinal       system (33% versus 13.5%, P¬†=¬†.07). In summary, we determined that gut       colonization by antibiotic-resistant bacteria decreases the overall survival of       patients undergoing alloSCT by increasing nonrelapse mortality and the incidences       of systemic infection and acute GVHD."
Circulating microbial cell-free DNA is increased during neutropenia after       hematopoietic stem cell transplantation.,"We used a next-generation sequencing platform to characterize microbial cell-free       DNA (mcfDNA) in plasma samples from patients undergoing allogeneic hematopoietic       stem cell transplantation (allo-HCT). In this observational study, we sought to       characterize plasma mcfDNA in order to explore its potential association with the       immunologic complications of transplantation. We compared serially collected       patient samples with plasma collected from healthy control subjects. We observed       changes in total mcfDNA burden in the plasma after transplantation, which was       most striking during the early posttransplant neutropenic phase. This elevation       could be attributed to a number of specific bacterial taxa, including       Veillonella, Bacteroides, and Prevotella (genus level). For an additional cohort       of patients, we compared the data of mcfDNA from plasma with 16s-ribosomal RNA       sequencing data from stool samples collected at matched time points. In a number       of patients, we confirmed that mcfDNA derived from specific microbial taxa (eg,       Enterococcus) could also be observed in the matched stool sample. Quantification       of mcfDNA may generate novel insights into mechanisms by which the intestinal       microbiome influences systemic cell populations and, thus, has been associated       with outcomes for patients with cancer."
Molecular Biomarkers in Ocular Graft-versus-Host Disease: A Systematic Review.,"Ocular graft-versus-host disease (oGVHD) affects ~50% of post-stem cell       transplant patients and is the only form of GVHD diagnosed without a biopsy. As       it must be distinguished from other dry eye diseases, there is a need to identify       oGVHD biomarkers to improve diagnosis and treatment. We conducted a systematic       review of 19 scholarly articles published from 2018 to 2023 including articles       focused on adult patients diagnosed with oGVHD following allogeneic hematopoietic       stem cell transplant and used biomarkers as the outcome measure. Articles that       were not original investigations or were not published in English were excluded.       These clinical investigations explored different molecular oGVHD biomarkers and       were identified on 3 October 2023 from the Scopus, PubMed, and Embase databases       by using search terms including ocular graft-versus-host disease, biomarkers,       cytokines, proteomics, genomics, immune response, imaging techniques, and       dry-eye-related key terms. The Newcastle-Ottawa scale for case-control studies       was used to assess bias. From the 19 articles included, cytokine, proteomic,       lipid, and leukocyte profiles were studied in tear film, as well as ocular       surface microbiota and fluorescein staining. Our findings suggest that cytokine       profiling is the most studied oGVHD biomarker. Additionally, variations       correlating these biomarkers with disease state may lead to a more targeted       diagnosis and therapeutic approach. Limitations include language bias,       publication bias, and sampling bias, as well as a lack of appropriate controls       for included studies."
What's new in the management of pulmonary complications in allogeneic stem cell       transplantation?,"INTRODUCTION: As survival increases after allogeneic hematopoietic stem cell       transplantation (allo-HCT), several organ complications have emerged, including       those involving the lung, which require a multidisciplinary management approach.       The constant evolution of allo-HCT procedures, advances in diagnostic tools for       infections and pulmonary disease, as well as new treatment approaches, require       frequent updating of knowledge in this field. AREAS COVERED: We review the       multiple infectious and noninfectious lung complications that occur both early       and late after allo-HCT. This includes an updated description of these       complications, risk factors, diagnostic approach and outcome. A literature search       was performed using PubMed-indexed journals. EXPERT OPINION: The diagnosis of       pulmonary complications after allo-HCT remains challenging, further complicated       by the frequent association of co-infections and/or links between infection and       noninfectious complications. The development of metagenomic next-generation       sequencing (mNGS) should enhance the diagnostic yield of bronchoalveolar lavage,       but its clinical relevance remains to be evaluated. A better understanding of the       pathophysiology of the lung chronic graft-versus-host disease (GVHD) and improved       phenotyping are essential for advancing its diagnostic and therapeutic       management. This requires a revision of diagnostic criteria and the       identification of new biomarkers of early disease."
Inflammatory Markers and Microbiome Dysbiosis in Hematopoietic Cell Transplant       Recipients with Lung Graft-versus-Host Disease.,"Bronchiolitis obliterans (BOS) is a manifestation of pulmonary chronic       graft-versus-host disease (cGVHD) and is a devastating complication of allogeneic       hematopoietic stem cell transplantation (HCT). Early detection and treatment of       BOS may improve outcomes, but biomarkers that accurately identify BOS early are       lacking. We aimed to determine whether certain validated cGVHD markers could also       accurately diagnose BOS as compared with patients without BOS and with or without       extrapulmonary cGVHD. In addition, we sought to determine whether dysbiosis of       the gut or oral microbiomes was associated with BOS or with inflammatory       biomarkers. We enrolled 43 recipients of allogeneic HCT, 16 of whom had BOS. For       each patient, we obtained pulmonary function tests, measured the levels of 9       serum biomarkers utilizing enzyme-linked immunosorbent assays, and analyzed both       the oral and gut microbiome using microbial DNA amplification and sequencing. We       compared biomarker levels to lung function, both at baseline and over time, as       well as to microbiome diversity. Higher IL1RL1 (P = .002) and IL-17 (P = .041) at       enrollment were negatively correlated with FEV1% (forced expiratory volume in 1       second) lung function over time. Increases in IL1RL1 (P = .035), IL-17 (P =       .009), and WFDC2 (P = .045) levels over time were associated with worsened lung       function/FEV1% over time. There were minimal correlations between gut microbiome       diversity and lung function or serum biomarkers. Oral microbiome alpha diversity       was lower in subjects with BOS than without (P = .00057), and oral beta diversity       was associated with FEV1% and with levels of several biomarkers. Our pilot study       suggests that certain serum cGVHD markers may identify recipients of allogeneic       HCT at higher risk for pulmonary impairment over time and that these markers       should be followed with robust, controlled studies."
Human Amniotic Membrane-Derived Mesenchymal Stem Cells Prevent Acute       Graft-Versus-Host Disease in an Intestinal Microbiome-Dependent Manner.,"Acute graft-versus-host disease (aGVHD) represents a fatal severe complication       after allogeneic hematopoietic stem cell transplantation. As a promising cell       therapeutic strategy of aGVHD, the mechanism of mesenchymal stem cells (MSC) to       ameliorate aGVHD has not been fully clarified, especially in the field of       intestinal homeostasis including the intestinal microbiome involved in the       pathogenesis of aGVHD. The present study aimed to explore the effect of MSC on       intestinal homeostasis including the intestinal barrier and intestinal microbiome       and its metabolites, as well as the role of intestinal microbiome in the       preventive process of hAMSCs ameliorating aGVHD. The preventive effects of human       amniotic membrane-derived MSC (hAMSCs) was assessed in humanized aGVHD mouse       models. Immunohistochemistry and RT-qPCR were used to evaluate intestinal barrier       function. The 16S rRNA sequencing and targeted metabolomics assay were performed       to observe the alternation of intestinal microbiome and the amounts of       medium-chain fatty acids (MCFAs) and short-chain fatty acids (SCFAs),       respectively. Flow cytometry was performed to analyze the frequencies of T immune       cells. Through animal experiments, we found that hAMSCs had the potential to       prevent aGVHD. HAMSCs could repair the damage of intestinal barrier structure and       function, as well as improve the dysbiosis of intestinal microbiome induced by       aGVHD, and meanwhile, upregulate the concentration of metabolites SCFAs, so as to       reshape intestinal homeostasis. Gut microbiota depletion and fecal microbial       transplantation confirmed the involvement of intestinal microbiome in the       preventive process of hAMSCs on aGVHD. Our findings showed that hAMSCs prevented       aGVHD in an intestinal microbiome-dependent manner, which might shed light on a       new mechanism of hAMSCs inhibiting aGVHD and promote the development of new       prophylaxis regimes for aGVHD prevention."
Human Amniotic Mesenchymal Stem Cells Alleviate aGVHD after allo-HSCT by       Regulating Interactions between Gut Microbiota and Intestinal Immunity.,"Acute graft-versus-host disease (aGVHD) after allogeneic hematopoietic stem cell       transplantation poses one of the most vexing challenges. Gut microbiota dysbiosis       can proceed aGVHD and mesenchymal stem cells (MSCs) have promising therapeutic       potential for aGVHD. However, whether hAMSCs affect the gut microbiota during       aGVHD mitigation remains unknown. Accordingly, we sought to define the effects       and underlying mechanisms of human amniotic membrane-derived MSCs (hAMSCs)       regulating the gut microbiota and intestinal immunity in aGVHD. By establishing       humanized aGVHD mouse models and hAMSCs treatment, we found that hAMSCs       significantly ameliorated aGVHD symptoms, reversed the immune imbalance of T cell       subsets and cytokines, and restored intestinal barrier. Moreover, the diversity       and composition of gut microbiota were improved upon treatment with hAMSCs.       Spearman's correlation analysis showed that there was a correlation between the       gut microbiota and tight junction proteins, immune cells as well as cytokines.       Our research suggested that hAMSCs alleviated aGVHD by promoting gut microbiota       normalization and regulating the interactions between the gut microbiota and       intestinal barrier, immunity."
Precision microbiome reconstitution restores bile acid mediated resistance to Clostridium difficile,"A fraction of the intestinal microbiota as precise as a single bacterial species confers infection resistance by synthesizing Clostridium difficile-inhibiting metabolites from host-derived bile salts. Antibiotic treatment can kill many members of the normal commensal gut microbiota, leaving patients susceptible to intestinal infection. Among infections that can result from antibiotic-mediated commensal flora destruction, Clostridium difficile colitis is one of the most common and difficult to treat. Eric Pamer and colleagues screened the mouse microbiota with a panel of antibiotics and looked for distinct microbiota changes associated with susceptibility to C. difficile. They identified resistance-associated microbiota constituents common to mice and humans, including Clostridium scindens, which they show confers resistance to infection by synthesizing C. difficile-inhibiting metabolites from host-derived bile salts. These findings could point the way towards novel approaches to the treatment and prevention of C. difficile colitis such as replenishment of secondary bile acids or biosynthesis-competent bacteria as adjuncts to faecal microbiota transplants. The gastrointestinal tracts of mammals are colonized by hundreds of microbial species that contribute to health, including colonization resistance against intestinal pathogens1. Many antibiotics destroy intestinal microbial communities and increase susceptibility to intestinal pathogens2. Among these, Clostridium difficile, a major cause of antibiotic-induced diarrhoea, greatly increases morbidity and mortality in hospitalized patients3. Which intestinal bacteria provide resistance to C. difficile infection and their in vivo inhibitory mechanisms remain unclear. Here we correlate loss of specific bacterial taxa with development of infection, by treating mice with different antibiotics that result in distinct microbiota changes and lead to varied susceptibility to C. difficile. Mathematical modelling augmented by analyses of the microbiota of hospitalized patients identifies resistance-associated bacteria common to mice and humans. Using these platforms, we determine that Clostridium scindens, a bile acid 7Œ±-dehydroxylating intestinal bacterium, is associated with resistance to C. difficile infection and, upon administration, enhances resistance to infection in a secondary bile acid dependent fashion. Using a workflow involving mouse models, clinical studies, metagenomic analyses, and mathematical modelling, we identify a probiotic candidate that corrects a clinically relevant microbiome deficiency. These findings have implications for the rational design of targeted antimicrobials as well as microbiome-based diagnostics and therapeutics for individuals at risk of C. difficile infection."
Adverse effects of antibiotics in children with cancer: are short-course       antibiotics for febrile neutropenia part of the solution?,"INTRODUCTION: Febrile neutropenia is a common complication experienced by       children with cancer or those undergoing hematopoietic stem cell transplantation.       Repeated episodes of febrile neutropenia result in cumulative exposure to       broad-spectrum antibiotics with potential for a range of serious adverse effects.       Short-course antibiotics, even in patients with high-risk febrile neutropenia,       may offer a solution. AREAS COVERED: This review addresses the known broad       effects of antibiotics, highlights developments in understanding the relationship       between cancer, antibiotics, and the gut microbiome, and discusses emerging       evidence regarding long-term adverse antibiotic effects. The authors consider       available evidence to guide the duration of empiric antibiotics in pediatric       febrile neutropenia and directions for future research. EXPERT OPINION:       Broad-spectrum antibiotics are associated with antimicrobial resistance,       Clostridioides difficile infection, invasive candidiasis, significant disturbance       of the gut microbiome and may seriously impact outcomes in children with cancer       or undergoing allogenic hematopoietic stem cell transplant. Short-course empiric       antibiotics are likely safe in most children with febrile neutropenia and present       a valuable opportunity to reduce the risks of antibiotic exposure."
Cutaneous dysbiosis characterizes the post-allogeneic hematopoietic stem cell       transplantation period.,"Gut dysbiosis is linked to mortality and the development of graft-versus-host       disease after hematopoietic stem cell transplantation (HSCT), but the impact of       cutaneous dysbiosis remains unexplored. We performed a pilot observational study,       obtained retroauricular and forearm skin swabs from 12 adult patients before       conditioning chemotherapy/radiation and at 1¬†week, 1¬†month, and 3¬†months after       allogeneic HSCT, and performed shotgun metagenomic sequencing. The cutaneous       microbiome among HSCT patients was enriched for gram-negative bacteria such as       Escherichia coli and Pseudomonas, fungi, and viruses. Enrichment with       bacteriophages and Polyomavirus species was observed among patients who died       within 1 year. We observed longitudinal stability of the cutaneous microbiome at       the 3-month time point among those who survived beyond 1 year after HSCT,       although these may simply be a reflection of the overall medical status of the       patients. There was no association with fungal abundance and any of the outcomes       observed. The cutaneous microbiome may be a reservoir of pathobionts among       allogeneic HSCT patients. Our findings suggest that cutaneous dysbiosis exists       after HSCT, but the ultimate implication of this to patient outcomes remains to       be seen through larger studies."
The role of microbiota in allogeneic hematopoietic stem cell transplantation,"Allogeneic hematopoietic stem cell transplantation (Allo-HSCT) is commonly performed to treat a variety of benign and malignant hematological diseases. Acute graft-versus-host disease (GVHD) is a major life-threatening complication that often occurs following allo-HSCT. Recently, improvements in methods to characterize the microbiota have led to a greater appreciation for how frequently and profoundly an alteration in microbial composition, or dysbiosis, can occur in allo-HSCT recipients to better decipher the complex interplay between microbiota and allo-HSCT outcomes. This article reviews the current knowledge of the microbiota‚Äôs impact on allo-HSCT outcomes, including effects of microbiota-derived metabolites, and crosstalk between commensals and the allogeneic immune response. This article also summarizes the effects of HSCT and transplant-related procedures on microbiota, and recent developments in interventional strategies. A growing body of literature indicates that the composition of the intestinal microbiota can function as a predictive biomarker for the risk and severity of acute GVHD, as well as overall survival, in patients undergoing allo-HSCT. Mechanisms underpinning these associations, however, are not well understood, and clinical strategies that modulate the microbiome to improve outcomes have yet to be fully developed. There is an unmet need to determine mechanisms to improve the efficacy of allo-HSCT."
Gut microbiota-derived TMAVA is a modulator of acute CNS-GVHD.,"Acute graft-versus-host disease (aGVHD) can affect the central nervous system       (CNS) through microglial activation and T cell infiltration, but the role of gut       microbiota in CNS-aGVHD remains unclear. Here, we investigated the role of       microbiota in microglial activation during aGVHD using antibiotic-treated       specific pathogen-free (SPF), germ-free (GF), and wildling mice.       Antibiotic-mediated microbiota depletion led to infiltration of IFN-Œ≥-producing T       cells in the brain, activation of microglia via the TLR4/p38 MAPK pathway, and       neurocognitive deficits in SPF aGVHD mice. Microglial depletion reversed the       neurocognitive deficits. GF and wildling mice treated with antibiotics exhibited       similar microglial activation after allogeneic hematopoietic cell transplantation       (allo-HCT). Mechanistically, the bacteria-derived metabolite       N,N,N-trimethyl-5-aminovaleric acid (TMAVA) was decreased in microglia following       antibiotic treatment. TMAVA administration suppressed TLR4/p38 MAPK pathway       activity in microglia and alleviated gut microbiota depletion-mediated       neurocognitive deficits. Additionally, TMAVA abundance decreased in patient blood       after allo-HCT and after GVHD onset. In summary, we identify TMAVA loss as a       central causative factor for CNS-aGVHD, opening new perspectives for a       metabolite-based therapy."
The Role of Intestinal Microbiota in Acute Graft-versus-Host Disease.,"The mammalian intestinal microbiota is a complex ecosystem that plays an       important role in host immune responses. Recent studies have demonstrated that       alterations in intestinal microbiota composition are linked to multiple       inflammatory diseases in humans, including acute graft-versus-host disease       (aGVHD). aGVHD is one of the major obstacles in allogeneic hematopoietic stem       cell transplantation (allo-HSCT), characterized by tissue damage in the       gastrointestinal (GI) tract, liver, lung, and skin. Here, we review the current       understanding of the role of intestinal microbiota in the control of immune       responses during aGVHD. Additionally, the possibility of using probiotic strains       for potential treatment or prevention of aGVHD will be discussed."
[Relationship Between the Change of Microbial Diversity and Gastrointestinal       Graft-Versus-Host Disease Following Allogeneic Hematopoietic Stem Cell       Transplantation].,"OBJECTIVE: To investigate the change of microbial diversity and its relation with       gastrointestinal (GI) graft-versus-host disease (GVHD) following allogeneic       hematopoietic stem cell transplantation (allo-HSCT). METHODS: Fecal samples were       collected at the time point of 2 weeks before transplantation (pre-transplant       group), 1 month after transplantation (post-tranplant group) and onset of GI GVHD       in 65 hematonosis patients, which were also collected in 26 donors and 10 healthy       subjects (control group). 16S rRNA was extracted from fecal microbiotas whose V4       variable region was amplified. The amplification products were sequenced in       Illumina HiSeq 2500 platform, and the sequencing results were analyzed and       compared. RESULTS: The microbial diversity was 5.70Ôºà3.74, 10.60Ôºâin pre-transplant       group, 7.30Ôºà4.89, 11.41Ôºâin control group, and the differences between them were       not statistically significant. The microbial diversity was 3.88Ôºà2.39, 6.49Ôºâin       post-transplant group, lower than that in control group and pre-transplant group.       After transplantation, the microbial diversity was 4.24Ôºà2.47, 7.16Ôºâin the       patients without GI GVHD, while the microbial diverosity was 2.90 (1.48, 5.64) in       patients subsequently suffered from GI GVHD, but the differences between them       were not statistically significant. The microbial diversity was 2.13Ôºà1.76,       3.75Ôºâonset of GI GVHD, which was lower than that without GI GVHD. CONCLUSION:       Intestinal microbial diversity decreases after allo-HSCT, and is associated with       with Gl GVHD."
Cell-free DNA profiling informs all major complications of hematopoietic cell       transplantation.,"Allogeneic hematopoietic cell transplantation (HCT) provides effective treatment       for hematologic malignancies and immune disorders. Monitoring of posttransplant       complications is critical, yet current diagnostic options are limited. Here, we       show that cell-free DNA (cfDNA) in blood is a versatile analyte for monitoring of       the most important complications that occur after HCT: graft-versus-host disease       (GVHD), a frequent immune complication of HCT, infection, relapse of underlying       disease, and graft failure. We demonstrate that these therapeutic complications       are informed from a single assay, low-coverage bisulfite sequencing of cfDNA,       followed by disease-specific bioinformatic analyses. To inform GVHD, we profile       cfDNA methylation marks to trace the cfDNA tissues-of-origin and to quantify       tissue-specific injury. To inform infection, we implement metagenomic cfDNA       profiling. To inform cancer relapse, we implement analyses of tumor-specific       genomic aberrations. Finally, to detect graft failure, we quantify the proportion       of donor- and recipient-specific cfDNA. We applied this assay to 170 plasma       samples collected from 27 HCT recipients at predetermined timepoints before and       after allogeneic HCT. We found that the abundance of solid-organ-derived cfDNA in       the blood at 1 mo after HCT is predictive of acute GVHD (area under the curve,       0.88). Metagenomic profiling of cfDNA revealed the frequent occurrence of viral       reactivation in this patient population. The fraction of donor-specific cfDNA was       indicative of relapse and remission, and the fraction of tumor-specific cfDNA was       informative of cancer relapse. This proof-of-principle study shows that cfDNA has       the potential to improve the care of allogeneic HCT recipients by enabling       earlier detection and better prediction of the complex array of complications       that occur after HCT."
Targeting the gut microbiome: An emerging trend in hematopoietic stem cell transplantation,"Mounting evidence has demonstrated the critical role of the gut microbiome in different cancer treatment modalities showing intensive crosstalk between microbiota and the host immune system. In cancer patients receiving hematopoietic stem cell transplantation (HSCT), conditioning regimens including chemotherapy, radiotherapy, and immunosuppressive therapy, as well as antimicrobial prophylaxis, result in intestinal barrier disruption and massive changes in microbiota composition. According to clinical studies, a drastic loss of microbial diversity during HSCT is associated with enhanced pro-inflammatory immune response and an increased risk of transplant-related complications such as graft-versus-host disease (GvHD) and mortality. In this review, we outline the current understanding of the role of microbiota diversity in the patient response to cancer therapies and highlight the impact of changes in the gut microbiome on clinical outcomes in post-HSCT patients. Moreover, the therapeutic implications of microbiota modulation by probiotics, prebiotics, and fecal microbiota transplantation (FMT) in hematologic cancer patients receiving HSCT are discussed."
Targeting the gut microbiome: An emerging trend in hematopoietic stem cell transplantation,
Potential Novel Biomarkers in Chronic Graft-Versus-Host Disease.,"Prognostic, diagnostic or predictive biomarkers are urgently needed for       assessment of chronic graft-versus-host disease (cGvHD), a major risk for       patients undergoing allogeneic hematopoietic stem cell transplantation. The main       goal of this review generated within the COST Action EUROGRAFT ""Integrated       European Network on Chronic Graft Versus Host Disease"" was to identify potential       novel biomarkers for cGvHD besides the widely accepted molecular and cellular       biomarkers. Thus, the focus was on cellular biomarkers, alloantibodies,       glycomics, endothelial derived particles, extracellular vesicles, microbiome,       epigenetic and neurologic changes in cGvHD patients. Both host-reactive       antibodies in general, and particularly alloantibodies have been associated with       cGvHD and require further consideration. Glycans attached to IgG modulate its       activity and represent a promising predictive and/or stratification biomarker for       cGVHD. Furthermore, epigenetic changes such as microRNAs and DNA methylation       represent potential biomarkers for monitoring cGvHD patients and novel targets       for developing new treatment approaches. Finally, the microbiome likely affects       the pathophysiology of cGvHD; bacterial strains as well as microbial metabolites       could display potential biomarkers for dysbiosis and risk for the development of       cGvHD. In summary, although there are no validated biomarkers currently available       for clinical use to better inform on the diagnosis, prognosis or prediction of       outcome for cGvHD, many novel sources of potential markers have shown promise and       warrant further investigation using well characterized, multi-center patient       cohorts."
Lipocalin-2 expression identifies an intestinal regulatory neutrophil population       during acute graft-versus-host disease.,"Acute graft-versus-host disease (aGVHD) is a life-threatening complication of       allogeneic hematopoietic cell transplantation (allo-HCT), for which therapeutic       options are limited. Strategies to promote intestinal tissue tolerance during       aGVHD may improve patient outcomes. Using single-cell RNA sequencing, we       identified a lipocalin-2 (LCN2)-expressing neutrophil population in mice with       intestinal aGVHD. Transfer of LCN2-overexpressing neutrophils or treatment with       recombinant LCN2 reduced aGVHD severity, whereas the lack of epithelial or       hematopoietic LCN2 enhanced aGVHD severity and caused microbiome alterations.       Mechanistically, LCN2 induced insulin-like growth factor 1 receptor (IGF-1R)       signaling in macrophages through the LCN2 receptor SLC22A17, which increased       interleukin-10 (IL-10) production and reduced major histocompatibility complex       class II (MHCII) expression. Transfer of LCN2-pretreated macrophages reduced       aGVHD severity but did not reduce graft-versus-leukemia effects. Furthermore,       LCN2 expression correlated with IL-10 expression in intestinal biopsies in       multiple cohorts of patients with aGVHD, and LCN2 induced IGF-1R signaling in       human macrophages. Collectively, we identified a LCN2-expressing intestinal       neutrophil population that reduced aGVHD severity by decreasing MHCII expression       and increasing IL-10 production in macrophages. This work provides the foundation       for administration of LCN2 as a therapeutic approach for aGVHD."
Gut resistome plasticity in pediatric patients undergoing hematopoietic stem cell       transplantation.,"The gut microbiome of pediatric patients undergoing allo-hematopoietic stem cell       transplantation (HSCT) has recently been considered as a potential reservoir of       antimicrobial resistance, with important implications in terms of patient       mortality rate. By means of shotgun metagenomics, here we explored the dynamics       of the gut resistome - i.e. the pattern of antibiotic resistance genes provided       by the gut microbiome - in eight pediatric patients undergoing HSCT, half of whom       developed acute Graft-versus-Host Disease (aGvHD). According to our findings, the       patients developing aGvHD are characterized by post-HSCT expansion of their gut       resistome, involving the acquisition of new resistances, as well as the       consolidation of those already present before HSCT. Interestingly, the       aGvHD-associated bloom in resistome diversity is not limited to genes coding for       resistance to the antibiotics administered along the therapeutic course, but       rather involves a broad pattern of different resistance classes, including       multidrug resistance, as well as resistance to macrolides, aminoglycosides,       tetracyclines and beta-lactams. Our data stress the relevance of mapping the gut       resistome in HSCT pediatric patients to define the most appropriate       anti-infective treatment post HSCT."
Clinical effects and applications of the gut microbiome in hematologic       malignancies.,"The gut microbiome and its effects on host immunity have exciting implications       for cancer prognosis and therapy. Examples in allogeneic hematopoietic stem cell       transplantation (allo-SCT) demonstrate the role of the gut microbiome as a       biomarker for clinical outcomes, and animal models demonstrate how microbiota       manipulation may augment therapeutic responses. There are multiple mechanisms       that gut microbiota may have in affecting distant tumor environments, including       control of cytokine release, dendritic cell activation, and T-cell lymphocyte       stimulation. Recently, there has been a marked interest in understanding       interactions between host and microbiome in hematologic malignancies. This review       summarizes the current understanding of the gut microbiome and its impact on       leukemia, lymphoma, multiple myeloma, and allo-SCT and highlights several broad       methods for targeting the gut microbiome in therapeutic trials."
Omitting Ciprofloxacin Prophylaxis in Patients Undergoing Allogeneic       Hematopoietic Stem Cell Transplantation and Its Impact on Clinical Outcomes and       Microbiome Structure.,"Fluoroquinolone prophylaxis during allogeneic hematopoietic stem cell       transplantation (allo-HSCT) reduces bloodstream infections. However, this       practice affects the gut microbiome and potentially increases dysbiosis, which is       closely related to transplantation outcomes, and lower gastrointestinal (GI)       tract acute graft-versus-host disease (GVHD). This study assessed the impact of       omitting ciprofloxacin prophylaxis on GI GVHD, clinical outcomes, and microbiome       composition in patients undergoing allo-HSCT. In this single-center,       retrospective study comprising recipients of allo-HSCT performed between 2018 and       2020, routine ciprofloxacin prophylaxis (the exposure variable) was stopped in       December 2018. The primary outcome was acute lower GI GVHD within 100 days       post-transplantation; secondary outcomes were 1-year overall survival, nonrelapse       mortality, relapse, and overall acute GVHD. Outcomes were compared using       univariate and multivariate analyses and Kaplan-Meier/competing-risk analyses.       Sequential stool samples were collected prospectively from a subpopulation of       recipients, and the microbiome composition was analyzed. Seventy-five of the 129       patients (58.1%) received prophylactic ciprofloxacin treatment. Baseline       characteristics did not differ between the 2 study groups: patients with       ciprofloxacin prophylaxis and those without ciprofloxacin prophylaxis. The rate       of lower GI GVHD also did not differ between the 2 groups (24% versus 18.5%;       P¬†=¬†.597). None of the secondary outcomes was significantly different between the       2 groups in univariate, multivariate, and time-to-event analyses. In addition,       microbiome analysis in a subpopulation of 22 patients did not reveal any       significant between-group difference in alpha or beta diversity. Omitting       prophylactic ciprofloxacin during allo-HSCT did not affect microbiome       composition, lower GI-GVHD rate, or other significant clinical outcomes. The use       of prophylactic antibiotics in this setting should be evaluated further."
"Individuals, Boundaries, and Graft-versus-Host Disease.","Hematopoietic cell transplantation generates new individuals, transplant       chimeras, composed of 2 genetic partners-the patient and donor-derived cells-no       longer restricted by their original genomes. Interactions of donor-derived and       recipient cells occur prominently at the boundary of the recipient with a third       partner, the microbiome, in particular skin and intestinal tract, leading to       disruption of microbiome homeostasis. These interactions of donor and patient       cells at the boundary set the stage for the development of graft-versus-host       disease, an expression of the defense of individuality by recipient and donor.       Establishment of tolerance and return of homeostasis at the boundary will allow       for the survival of the new integrated, physiologic individual."
"Chimerism, the Microenvironment and Control of Leukemia.","Transplantation of allogeneic hematopoietic cells faces two barriers: failure of       engraftment due to a host versus graft reaction, and the attack of donor cells       against the patient, the graft versus host (GVH) reaction. This reaction may lead       to GVH disease (GVHD), but in patients transplanted due to leukemia or other       malignant disorders, this may also convey the benefit of a graft versus leukemia       (GVL) effect. The interplay of transplant conditioning with donor and host cells       and the environment in the patient is complex. The microbiome, particularly in       the intestinal tract, profoundly affects these interactions, directly and via       soluble mediators, which also reach other host organs. The microenvironment is       further altered by the modifying effect of malignant cells on marrow niches,       favoring the propagation of the malignant cells. The development of stable mixed       donor/host chimerism has the potential of GVHD prevention without necessarily       increasing the risk of relapse. There has been remarkable progress with novel       conditioning regimens and selective T-cell manipulation aimed at securing       engraftment while preventing GVHD without ablating the GVL effect. Interventions       to alter the microenvironment and change the composition of the microbiome and       its metabolic products may modify graft/host interactions, thereby further       reducing GVHD, while enhancing the GVL effect. The result should be improved       transplant outcome."
Fecal Microbiota Transplantation: Restoring the Injured Microbiome after       Allogeneic Hematopoietic Cell Transplantation.,"Disruption of the intestinal microbiome early after allogeneic hematopoietic cell       transplantation (allo-HCT) has been linked to adverse outcomes in transplant       recipients. To date, whether microbiome-directed interventions will be able to       impact important clinical endpoints remains unknown. Fecal microbiota       transplantation (FMT) is a compelling intervention to restore healthy diversity       to the intestinal microenvironment after allo-HCT, but currently has no       established role in transplant recipients. In this review, we examine the use of       FMT as treatment for Clostridium difficile infection and acute graft-versus-host       disease, and also as a restorative intervention early after allo-HCT. Ongoing and       planned studies will help determine the ultimate role of FMT in allo-HCT       recipients."
Third-party fecal microbiota transplantation following allo-HCT reconstitutes       microbiome diversity.,"We hypothesized that third-party fecal microbiota transplantation (FMT) may       restore intestinal microbiome diversity after allogeneic hematopoietic cell       transplantation (allo-HCT). In this open-label single-group pilot study, 18       subjects were enrolled before allo-HCT and planned to receive third-party FMT       capsules. FMT capsules were administered no later than 4 weeks after neutrophil       engraftment, and antibiotics were not allowed within 48 hours before FMT. Five       patients did not receive FMT because of the development of early acute       gastrointestinal (GI) graft-versus-host disease (GVHD) before FMT (n = 3),       persistent HCT-associated GI toxicity (n = 1), or patient decision (n = 1).       Thirteen patients received FMT at a median of 27 days (range, 19-45 days) after       HCT. Participants were able to swallow and tolerate all FMT capsules, meeting the       primary study endpoint of feasibility. FMT was tolerated well, with 1       treatment-related significant adverse event (abdominal pain). Two patients       subsequently developed acute GI GVHD, with 1 patient also having concurrent       bacteremia. No additional cases of bacteremia occurred. Median follow-up for       survivors is 15 months (range, 13-20 months). The Kaplan-Meier estimates for       12-month overall survival and progression-free survival after FMT were 85% (95%       confidence interval, 51%-96%) and 85% (95% confidence interval, 51%-96%),       respectively. There was 1 nonrelapse death resulting from acute GI GVHD (12-month       nonrelapse mortality, 8%; 95% confidence interval, 0%-30%). Analysis of stool       composition and urine 3-indoxyl sulfate concentration indicated improvement in       intestinal microbiome diversity after FMT that was associated with expansion of       stool-donor taxa. These results indicate that empiric third-party FMT after       allo-HCT appears to be feasible, safe, and associated with expansion of recipient       microbiome diversity. This trial was registered at www.clinicaltrials.gov as       #NCT02733744."
Mining metagenomes and metatranscriptomes unveils viruses associated with       cutaneous squamous cell carcinoma in hematopoietic stem cell transplant       recipients.,"We investigated the presence of viral DNA and RNA in cutaneous squamous cell       carcinoma (cSCC) tumor and normal tissues from nine individuals with a history of       hematopoietic stem cell transplantation (HCT). Microbiome quantification through       DNA and RNA sequencing (RNA-seq) revealed the presence of 18 viruses in both       tumor and normal tissues. DNA sequencing (DNA-seq) identified Torque teno virus,       Saimiriine herpesvirus 1, Merkel cell polyomavirus, Human parvovirus B19, Human       gammaherpesvirus-4, Human herpesvirus-6, and others. RNA-seq revealed additional       viruses such as Tobamovirus, Pinus nigra virus, Orthohepadnavirus, Human       papillomavirus-5, Human herpesvirus-7, Human gammaherpesvirus-4, Gammaretrovirus,       and others. Notably, DNA-seq indicated that tumor samples exhibited low levels of       Escherichia virus in three out of nine subjects and elevated levels of Human       gammaherpesvirus-4 in one subject, while normal samples frequently contained       Gammaretrovirus and occasionally Escherichia virus. A comparative analysis using       both DNA- and RNA-seq captured three common viruses: Abelson murine leukemia       virus, Murine type C retrovirus, and Human gammaherpesvirus-4. These findings       were corroborated by an independent data set, supporting the reliability of the       viral detection methods utilized. The study provides insights into the viral       landscape in post-HCT patients, emphasizing the need for comprehensive viral       monitoring in this vulnerable population. IMPORTANCE: This study is important       because it explores the potential role of viruses in the development of cSCC in       individuals who have undergone allogeneic HCT. cSCC is common in this population,       particularly in those with chronic graft-versus-host disease on long-term       immunosuppression. By using advanced metagenomic and metatranscriptomic       next-generation sequencing, we aimed to identify viral pathogens present in tumor       and adjacent normal tissue. The results could lead to targeted preventive or       therapeutic interventions for these high-risk people, potentially improving their       outcomes and management of cSCC."
Advancing therapeutic strategies for graft-versus-host disease by targeting gut microbiome dynamics in allogeneic hematopoietic stem cell transplantation: current evidence and future directions,"Hematopoietic stem cell transplantation (HSCT) is a highly effective therapy for malignant blood illnesses that pose a high risk, as well as diseases that are at risk due to other variables, such as genetics. However, the prevalence of graft-versus-host disease (GVHD) has impeded its widespread use. Ensuring the stability of microbial varieties and associated metabolites is crucial for supporting metabolic processes, preventing pathogen intrusion, and modulating the immune system. Consequently, it significantly affects the overall well-being and susceptibility of the host to disease. Patients undergoing allogeneic hematopoietic stem cell transplantation (allo-HSCT) may experience a disruption in the balance between the immune system and gut bacteria when treated with medicines and foreign cells. This can lead to secondary intestinal inflammation and GVHD. Thus, GM is both a reliable indicator of post-transplant mortality and a means of enhancing GVHD prevention and treatment after allo-HSCT. This can be achieved through various strategies, including nutritional support, probiotics, selective use of antibiotics, and fecal microbiota transplantation (FMT) to target gut microbes. This review examines research advancements and the practical use of intestinal bacteria in GVHD following allo-HSCT. These findings may offer novel insights into the prevention and treatment of GVHD after allo-HSCT."
Advancing therapeutic strategies for graft-versus-host disease by targeting gut microbiome dynamics in allogeneic hematopoietic stem cell transplantation: current evidence and future directions,
Emerging Influence of the Intestinal Microbiota during Allogeneic Hematopoietic       Cell Transplantation: Control the Gut and the Body Will Follow.,"The intestinal microbiota has many critical roles in maintaining gastrointestinal       epithelial and gastrointestinal systemic immune homeostasis. This review provides       insight into how allogeneic hematopoietic cell transplantation (HCT) and its       associated complications and supportive care therapies affect the microbiota.       Additionally, the review discusses how preservation and restoration of the       microbiota might be advantageous in decreasing HCT-related morbidity and       mortality."
Clinical impact of pre-transplant gut microbial diversity on outcomes of allogeneic hematopoietic stem cell transplantation,"Post-transplant microbial diversity in the gastrointestinal tract is closely associated with clinical outcomes following allogeneic hematopoietic stem cell transplantation (allo-HSCT). However, little is known about the impact of the fecal microbiota before allo-HSCT. We analyzed fecal samples approximately 2 weeks before conditioning among 107 allo-HSCT recipients between 2013 and 2015. Microbial analysis was performed using 16S rRNA gene sequencing. Operational taxonomic unit-based microbial diversity was estimated by calculating the Shannon index. Patients were classified into three groups based on the diversity index: low (<2), intermediate (2, 3), and high (>3) diversity (18 (16.8%), 48 (44.9%), and 41 (38.3%) patients, respectively). There were no significant differences in the 20-month overall survival, cumulative incidence of relapse, and non-relapse mortality among three groups. The cumulative incidence of grade II to IV acute graft-versus-host disease (aGVHD) was similar among the three groups (low 55.6%; intermediate 35.4%; high 48.8%, p = 0.339, at day 100). Furthermore, we found no differences in the cumulative incidence of grade II to IV acute gastrointestinal GVHD among the three groups (low 38.9%; intermediate 21.3%; high 24.4%, p = 0.778, at day 100). Regarding the composition of microbiota before allo-HSCT, aGVHD patients showed a significantly higher abundance of phylum Firmicutes (p < 0.01) and a lower tendency for Bacteroidetes (p = 0.106) than non-aGVHD patients. Maintenance of Bacteroidetes throughout allo-HSCT may be a strategy to prevent aGVHD."
Clinical impact of pre-transplant gut microbial diversity on outcomes of allogeneic hematopoietic stem cell transplantation,
[Intestinal microbiota and allogeneic stem cell transplantation].,"Allogeneic hematopo√Øetic stem cell transplantation is one of the most efficient       curative treatment for acute leukemia. But it is also a heavy process with an       important risk of complications, particularly infection and graft versus host       disease. Increasing data in literature show that an alteration of the intestinal       microbiota of allogeneic stem cell recipients is associated with these       complications. Indeed, treatments used during conditioning regimen lead to an       impaired microbiota, which cannot fulfill its protective functions anymore. To       limit this microbiota impairment, we could restore a healthy microbiota by a       fecal microbiota transplantation, which has already shown its efficiency in the       treatment of Clostridium difficile infection. The aim of this review is to       describe the intestinal microbiota, the link between microbiota and complications       of allogeneic stem cells transplantation, and the recent published data on fecal       microbiota transplantation in this field."
Faecal microbiota transplantation to prevent complications after allogeneic stem       cell transplantation for haematological malignancies: a study protocol for a       randomised controlled phase-II trial (the FMT-allo study).,"INTRODUCTION: Allogeneic haematopoietic stem-cell transplantation (allo-HSCT) is       a major treatment for many haematological malignancies. The procedure has a good       success rate but high transplant-related toxicity (TRM). TRM is mostly related to       graft-versus-host disease (GvHD) and infectious complications. Alterations of the       intestinal microbiota plays a major role in the development of allo-HSCT       complications. The gut microbiota could be restored by faecal microbiota       transplantation (FMT). However, there are no published randomised studies       assessing the efficacy of FMT for GvHD prophylaxis. METHODS AND ANALYSIS: This       prospective, open-label, multi-centre, parallel-group, randomised phase-II       clinical trial has been designed to assess the effect of FMT on toxicity in       patients treated with myeloablative allo-HSCT for haematological malignancy.       Based on Fleming's single-stage sample size estimation procedure, the design       plans to include 60 male and female patients aged 18 or over per arm, to be       randomly assigned to two groups, one with and one without (control group) FMT.       The primary endpoint is GvHD-free relapse-free survival rate at 1‚Äâyear after       allo-HSCT. Secondary endpoints are outcome measures of the impact of FMT on       allo-HSCT-related morbidity and mortality (overall survival and progression-free       survival at 1 and 2 years, haematological parameters, infectious complications,       tolerance and safety of FMT). The primary endpoint will be evaluated according to       assumptions of the single-stage Fleming design, compared between groups by a       log-rank test and further investigated in a multivariate marginal structural Cox       model taking into account centre effect. The proportional-hazard hypothesis will       be verified using Schoenfeld's test and by plotting residuals. ETHICS AND       DISSEMINATION: The local institutional review board (CPP Sud-Est II, France)       issued approval on 27 January 2021. The French national authorities issued       approval on 15 April 2021. The outcome of the study will be disseminated via       peer-reviewed publications and at congresses. TRIAL REGISTRATION NUMBER:       NCT04935684."
Intestinal microbiota and allogeneic stem cell transplantation,
Diversification and Evolution of Vancomycin-Resistant Enterococcus faecium during Intestinal Domination,"Vancomycin-resistant Enterococcus faecium (VRE) is a leading cause of hospital-acquired infections. This is particularly true in immunocompromised patients, where the damage to the microbiota caused by antibiotics can lead to VRE domination of the intestine, increasing a patient‚Äôs risk for bloodstream infection. In previous studies we observed that the intestinal domination by VRE of patients hospitalized to receive allogeneic bone marrow transplantation can persist for weeks, but little is known about subspecies diversification and evolution during prolonged domination. Here we combined a longitudinal analysis of patient data and in vivo experiments to reveal previously unappreciated subspecies dynamics during VRE domination that appeared to be stable from 16S rRNA microbiota analyses. Whole-genome sequencing of isolates obtained from sequential stool samples provided by VRE-dominated patients revealed an unanticipated level of VRE population complexity that evolved over time. In experiments with ampicillin-treated mice colonized with a single CFU, VRE rapidly diversified and expanded into distinct lineages that competed for dominance. Mathematical modeling shows that in vivo evolution follows mostly a parabolic fitness landscape, where each new mutation provides diminishing returns and, in the setting of continuous ampicillin treatment, reveals a fitness advantage for mutations in penicillin-binding protein 5 (pbp5) that increase resistance to ampicillin. Our results reveal the rapid diversification of host-colonizing VRE populations, with implications for epidemiologic tracking of in-hospital VRE transmission and susceptibility to antibiotic treatment."
Fecal carbohydrate-degrading bacteria are associated with reduced incidence of       lower gastrointestinal GVHD.,"Lower gastrointestinal graft-versus-host disease (LGI-GVHD) carries morbidity and       mortality for patients undergoing allogeneic hematopoietic stem cell       transplantation (allo-HSCT), with critical contributions from the intestinal       microbiome. In a retrospective cohort of metagenomic sequencing of stool from       patients with allo-HSCT (N = 90), we found that a reduction in specific       Parabacteroides and Bacteroides species around the time of engraftment       contributes to LGI-GVHD risk. Given the known diverse carbohydrate-degrading       functionality of these bacteria, we investigated gene abundances for       carbohydrate-active enzymes (CAZymes) and found that Parabacteroides merdae, P       distasonis, and Bacteroides ovatus abundances were significantly correlated with       CAZymes in patients who did not develop LGI-GVHD compared with those who did. The       specific gene abundances of xylosidase, which contribute to the degradation of       xylose-containing polysaccharides, were significantly associated with a reduced       risk of LGI-GVHD. All these findings show the importance of the       carbohydrate-degrading functionality of putative beneficial bacteria in mediating       risk of LGI-GVHD."
Association between oral and fecal microbiome dysbiosis and treatment complications in pediatric patients undergoing allogeneic hematopoietic stem cell transplantation,"The oral and gastrointestinal mucosae represent the main targets of the toxic effect of chemo and/or radiotherapy administered during the conditioning regimen before hematopoietic stem cell transplant (HSCT). These harmful consequences and the immunological complications that may occur after the transplant (such as Graft versus Host Disease, GvHD) are responsible for the clinical symptoms associated with mucositis during the aplasia phase, like pain, nausea, vomiting, and diarrhea. These toxicities could play a critical role in the oral and gastrointestinal microbiomes during the post-transplant phase, and the degree of microbial dysbiosis and dysregulation among different bacterial species could also be crucial in intestinal mucosa homeostasis, altering the host‚Äôs innate and adaptive immune responses and favoring abnormal immune responses responsible for the occurrence of GvHD. This prospective pediatric study aims to analyze longitudinally oral and gut microbiomes in 17 pediatric patients who received allogeneic HSCT for malignant and non-malignant diseases. The oral mucositis was mainly associated with an increased relative abundance of Fusobacteria, and Prevotella species, while Streptococcus descendants showed a negative correlation. The fecal microbiome of subjects affected by cutaneous acute GvHD (aGvHD) correlated with Proteobacteria. Oral mucosal microbiota undergoes changes after HSCT, Fusobacteria, and Prevotella represent bacterial species associated with mucositis and they could be the target for future therapeutic approaches, while fecal microbiome in patients with acute GvHD (aGvHD) revealed an increase of different class of Proteobacteria (Alphaproteobacteria and Deltaproteobacteria) and a negative correlation with the class of Gammaproteobacteria."
Fecal Microbiota Transplantation as a Salvage Therapy for Concomitant Resistant Digestive Graft Versus Host Disease and Cryptosporidiosis in a Patient Post Hematopoietic Stem Cell Transplant: about a Case,
"Associations between the Gut Microbiota, Immune Reconstitution, and Outcomes of Allogeneic Hematopoietic Stem Cell Transplantation","Immune reconstitution following allogeneic hematopoietic stem cell transplantation (allo-HSCT) sets the stage for the goal of a successful transplant‚Äîthe prevention of disease relapse without graft versus host disease (GVHD) and opportunistic infection. In both epidemiologic studies and in controlled animal studies, it is known that the gut microbiome (GM) can profoundly influence normal innate and adaptive immune development and can be altered by microbial transfer and antibiotics. Following allo-HSCT the GM has been shown to influence clinical outcomes but published associations between the GM and immune reconstitution post-allo-HSCT are lacking. In this viewpoint we propose that the extensive knowledge garnered from studying normal immune development can serve as a framework for studying immune development post-allo-HSCT. We summarize existing studies addressing the effect of the GM on immune ontogeny and draw associations with immune reconstitution and the GM post-allo-HSCT."
An enterococcal phage-derived enzyme suppresses graft-versus-host disease,"Changes in the gut microbiome have pivotal roles in the pathogenesis of acute graft-versus-host disease (aGVHD) after allogenic haematopoietic cell transplantation (allo-HCT)1‚Äì6. However, effective methods for safely resolving gut dysbiosis have not yet been established. An expansion of the pathogen Enterococcus faecalis in the intestine, associated with dysbiosis, has been shown to be a risk factor for aGVHD7‚Äì10. Here we analyse the intestinal microbiome of patients with allo-HCT, and find that E. faecalis escapes elimination and proliferates in the intestine by forming biofilms, rather than by acquiring drug-resistance genes. We isolated cytolysin-positive highly pathogenic E. faecalis from faecal samples and identified an anti-E. faecalis enzyme derived from E. faecalis-specific bacteriophages by analysing bacterial whole-genome sequencing data. The antibacterial enzyme had lytic activity against the biofilm of E. faecalis in vitro and in vivo. Furthermore, in aGVHD-induced gnotobiotic mice that were colonized with E. faecalis or with patient faecal samples characterized by the domination of Enterococcus, levels of intestinal cytolysin-positive E.faecalis were decreased and survival was significantly increased in the group that was treated with the E. faecalis-specific enzyme, compared with controls. Thus, administration of a phage-derived antibacterial enzyme that is specific to biofilm-forming pathogenic E. faecalis‚Äîwhich is difficult to eliminate with existing antibiotics‚Äîmight provide an approach to protect against aGVHD. An analysis of the intestinal microbiome of people who have undergone allogenic haematopoietic cell transplantation shows that an enzyme derived from a bacteriophage has specific antibacterial activity against Enterococcus faecalis, and suppresses E. faecalis-associated graft-versus-host disease."
Crosstalk Between Intestinal Microbiota Derived Metabolites and Tissues in Allogeneic Hematopoietic Cell Transplantation,"Allogeneic hematopoietic stem cell transplantation (allo-HSCT) is an evidence based- cellular immunotherapy for hematological malignancies. Immune reactions not only promote graft-versus-tumor effects that kill hematological malignant cells but also graft-versus-host disease (GVHD) that is the primary complication characterized by systemic organ damages consisting of T-cells and antigen presenting cells (APCs) activation. GVHD has long been recognized as an immunological reaction that requires an immunosuppressive treatment targeting immune cells. However immune suppression cannot always prevent GVHD or effectively treat it once it has developed. Recent studies using high-throughput sequencing technology investigated the impact of microbial flora on GVHD and provided profound insights of the mechanism of GVHD other than immune cells. Allo-HSCT affects the intestinal microbiota and microbiome-metabolome axis that can alter intestinal homeostasis and the severity of experimental GVHD. This axis can potentially be manipulated via dietary intervention or metabolites produced by intestinal bacteria affected post-allo-HSCT. In this review, we discuss the mechanism of experimental GVHD regulation by the complex microbial community-metabolites-host tissue axis. Furthermore, we summarize the major findings of microbiome-based immunotherapeutic approaches that protect tissues from experimental GVHD. Understanding the complex relationships between gut microbiota-metabolites-host tissues axis provides crucial insight into the pathogenesis of GVHD and advances the development of new therapeutic approaches."
Complex interactions of cellular players in chronic Graft-versus-Host Disease.,"Chronic Graft-versus-Host Disease is a life-threatening inflammatory condition       that affects many patients after allogeneic hematopoietic stem cell       transplantation. Although we have made substantial progress in understanding       disease pathogenesis and the role of specific immune cell subsets, treatment       options are still limited. To date, we lack a global understanding of the       interplay between the different cellular players involved, in the affected       tissues and at different stages of disease development and progression. In this       review we summarize our current knowledge on pathogenic and protective mechanisms       elicited by the major involved immune subsets, being T cells, B cells, NK cells       and antigen presenting cells, as well as the microbiome, with a special focus on       intercellular communication of these cell types via extracellular vesicles as       up-and-coming fields in chronic Graft-versus-Host Disease research. Lastly, we       discuss the importance of understanding systemic and local aberrant cell       communication during disease for defining better biomarkers and therapeutic       targets, eventually enabling the design of personalized treatment schemes."
The Potential Roles of Mucosa-Associated Invariant T Cells in the Pathogenesis of       Gut Graft-Versus-Host Disease After Hematopoietic Stem Cell Transplantation.,"Gut acute graft-versus-host disease (aGVHD) is a serious complication after       allogeneic hematopoietic stem cell transplantation (allo-HSCT) and is associated       with high mortality. Mucosa-associated invariant T (MAIT) cells are a group of       innate-like T cells enriched in the intestine that can be activated by riboflavin       metabolites from various microorganisms. However, little is known about the       function or mechanism of action of MAIT cells in the occurrence of gut aGVHD in       humans. In our study, multiparameter flow cytometry (FCM) was used to evaluate       the number of MAIT cells and functional cytokines. 16S V34 region amplicon       sequencing analysis was used to analyze the intestinal flora of transplant       patients. In vitro stimulation and coculture assays were used to study the       activation and function of MAIT cells. The number and distribution of MAIT cells       in intestinal tissues were analyzed by immunofluorescence technology. Our study       showed that the number and frequency of MAIT cells in infused grafts in gut aGVHD       patients were lower than those in no-gut aGVHD patients. Recipients with a high       number of MAITs in infused grafts had a higher abundance of intestinal flora in       the early posttransplantation period (+14 days). At the onset of gut aGVHD, the       number of MAIT cells decreased in peripheral blood, and the activation marker       CD69, chemokine receptors CXCR3 and CXCR4, and transcription factors RorŒ≥t and       T-bet tended to increase. Furthermore, when gut aGVHD occurred, the proportion of       MAIT17 was higher than that of MAIT1. The abundance of intestinal flora with       non-riboflavin metabolic pathways tended to increase in gut aGVHD patients. MAIT       cells secreted more granzyme B, tumor necrosis factor (TNF)-Œ±, and interferon       (IFN)-Œ≥ under the interleukin (IL)-12/IL-18 stimulation [non-T-cell receptor       (TCR) signal] and secreted most of the IL-17 under the cluster of differentiation       (CD)3/CD28 stimulation (TCR signal). MAIT cells inhibited the proliferation of       CD4+ T cells in vitro. In conclusion, the¬†lower number of MAIT cells in infused       grafts was related to the higher incidence of gut aGVHD, and the number of MAIT       cells in grafts may affect the composition of the intestinal flora of recipients       early after transplantation. The flora of the riboflavin metabolism pathway       activated MAIT cells and promoted the expression of intestinal protective factors       to affect the occurrence of gut aGVHD in humans."
The clinical value of anal swabs for microbial detection in allogeneic       haematopoietic stem cell transplantation.,"The intestinal microbiota plays critical roles in allogeneic hematopoietic stem       cell transplantation (allo-HSCT). Rapid and effective microbial detection methods       have important guiding value for the selection of intervention strategies for       allo-HSCT recipients. We evaluated the application of the anal swab test before       transplantation in allo-HSCT recipients. A total of 120 patients who underwent       anal swab testing before allo-HSCT were retrospectively analyzed and divided into       3 groups: sterile (aseptic growth-negative), G(+) (gram-positive bacterial       colonization), and G(-) (gram-negative bacterial colonization). On 16S rRNA       sequencing, gram-negative bacteria predominated in the G(-) group before and       after transplantation. Compared with the sterile group, the percentage of natural       killer cells was higher and the percentage of T cells was lower after       transplantation in the G(-) group at 1 month after transplantation. The       percentage of CD4(+) and CD4(+)CD8(+) T cells was lower and the percentage of       regulatory T cells was higher in the G(-) group. The plasma levels of       proinflammatory cytokines (TNF-Œ±, IFN-Œ≥, IL-6, and IL-17A) at 2 weeks       post-transplantation were lower in the G(-) group than in the sterile group, as       was the cumulative incidence of grade III-IV acute graft-versus-host disease       (GVHD). Gram-negative bacterial colonization before allo-HSCT was associated with       low rates of bloodstream infections within 100 days post-transplantation and       cytomegalovirus reactivation at 100 days to 2 years post-transplantation.       Moreover, patients in the G(-) group had a higher rate of 2-year GVHD-free,       relapse-free survival compared with patients in the sterile group. The detection       results using anal swabs were consistent with the gram-negative or gram-positive       bacteria abundance of 16S rRNA sequencing results and associated with immune       homeostasis and clinical outcomes after allo-HSCT. Anal swab testing may have       potential advantages as a simple and effective method for microbial detection in       allo-HSCT."
Safety and Efficacy of Prophylactic Levofloxacin in Pediatric and Adult       Hematopoietic Stem Cell Transplantation Patients.,"Levofloxacin has been widely used for bacteremia prophylaxis in the       pre-engraftment setting for patients undergoing hematopoietic stem cell       transplantation (HSCT), but data supporting this practice are inconsistent. In       addition to concern for lack of benefit, there are also concerns that this       practice could increase the rates of Clostridioides¬†difficile (C diff)       infections, the incidence of multidrug-resistant organisms (MDRO) or lead to       increased incidence of acute graft-versus-host disease (aGVHD) by disrupting the       gut microbiome. This study aimed to assess the safety and efficacy of       levofloxacin as bacterial prophylaxis in pediatric and young adult patients       undergoing allogeneic or autologous HSCT at a single pediatric center. We       conducted a retrospective chart review evaluating patients age ‚â•6 months who       underwent HSCT at our center between January 1, 2016, and July 31, 2020. Patients       who underwent transplantation before March 2018 did not receive levofloxacin       prophylaxis, whereas those who underwent transplantation after April 2018 did       receive levofloxacin prophylaxis. Each transplantation was included as a separate       episode if the patient underwent more than 1 transplantation during the inclusion       time. The primary outcome of this study was the proportion of patients who       experienced at least 1 bacterial bloodstream infection (BSI) in the first 100       days post-transplantation. Secondary outcomes included the number of       non-levofloxacin antibiotic days post-transplantation, the incidence of aGVHD,       the occurrence of C diff infections, and development of MDRO. A total of 370 HSCT       recipients with a median age of 6.7 years (range, 0.5 to 39 years) were included       in this study. Seventy-two patients had undergone more than 1 transplantation,       and thus we had 443 transplantations to observe. Of these, 216 did not include       levofloxacin prophylaxis and 227 included levofloxacin prophylaxis. There were no       differences in baseline characteristics between the 2 groups except for age;       patients in the non-levofloxacin prophylaxis group were younger (8.1 years vs 9.6       years; P¬†=¬†.05). There were no between-group differences in rates of death at 100       days, antibiotic use, fungal infections, or MDRO infections. Patients in the       non-prophylaxis group developed more bacterial BSI in the first 100 days       post-HSCT (27% versus 17%; P¬†=¬†.004) and more C diff infections (20% versus 9%;       P¬†=¬†.003) than patients who received levofloxacin prophylaxis. In addition, more       aGVHD was seen in the patients without levofloxacin prophylaxis (P¬†=¬†.014).       Levofloxacin prophylaxis given from day -2 of HSCT through engraftment was       significantly associated with decreased bacterial BSI in the first 100 days       post-transplantation and was not associated with increased risks of C diff,       aGVHD, or MDRO. Our study supports the use of levofloxacin prophylaxis in the       peritransplantation period. ¬© 2021 American Society for Transplantation and       Cellular Therapy. Published by Elsevier Inc."
Alteration of Gut Microbiota Composition and Diversity in Acute and/or Chronic Graft-versus-Host Disease Following Hematopoietic Stem Cell Transplantation: A Prospective Cohort Study,"Changes in gut microbiome composition have been implicated in the pathogenesis of graft-versus-host disease (GvHD) after allogeneic hematopoietic stem cell transplantation (allo-HSCT). Our objective was to explore the microbial abundance in patients with GvHD after allo-HSCT. We conducted a single-center, prospective study in patients who underwent allo-HSCT and developed grade II or higher acute GvHD and/or moderate or severe chronic GvHD, to explore the microbial abundance of taxa at the phylum, family, genus, and species level, and we utilized alpha and beta diversity indices to further describe our findings. We collected fecal specimens at ‚àí2 to +2 (T1), +11 to +17 (T2), +25 to +30 (T3), +90 (T4), and +180 (T5) days to assess changes in gut microbiota, with day 0 being the day of allo-HSCT. We included 20 allo-HSCT recipients in the study. Compared with timepoint T1, at timepoint T4 we found a significant decrease in the abundance of Proteobacteria phylum (14.22% at T1 vs. 4.07% at T4, p = 0.01) and Enterobacteriaceae family (13.3% at T1 vs. <0.05% at T4, p < 0.05), as well as a significant increase in Enterococcus species (0.1% at T1 vs. 12.8% at T4, p < 0.05) in patients who developed acute GvHD. Regarding patients who developed chronic GvHD after allo-HSCT, there was a significant reduction in the abundance of Eurobactereaceae family (1.32% at T1 vs. 0.53% at T4, p < 0.05) and Roseruria genus (3.97% at T1 vs. 0.09% at T4, p < 0.05) at T4 compared with T1. Alpha and beta diversity analyses did not reveal a difference in the abundance of bacteria at the genus level in GvHD patients at T4 compared with T1. Our study reinforces results from previous studies regarding changes in gut microbiota in patients with acute GvHD and provides new data regarding the gut microbiome changes in chronic GvHD. Future studies will need to incorporate clinical parameters in their analyses to establish their association with specific changes in gut microbiota in patients with GvHD after allo-HSCT."
The Impact of Antibiotic-Mediated Modification of the Intestinal Microbiome on Outcomes of Allogeneic Hematopoietic Cell Transplantation: Systematic Review and Meta-Analysis,"Accumulating evidence points toward a protective role of intestinal microbiota diversity in allogeneic hematopoietic cell transplantation (allo-HCT). The purpose of this systematic review and meta-analysis is to determine the effect of antibiotic-mediated disruption of microbiota on main allo-HCT outcomes (graft-versus-host disease [GVHD], treatment-related mortality [TRM], overall survival [OS]). Following literature search, 2 reviewers screened eligible studies and assessed risk of bias (RoB). Meta-analysis was performed using Review Manager Software. Among 443 screened references, 18 were eligible for meta-analysis. In studies with genomic markers, grade II to IV acute GVHD was significantly reduced in patients not receiving gut decontamination (GD) (odds ratio [OR], 1.56; 95% confidence interval [CI], 1.20 to 2.04). In subgroup analysis, prophylaxis with systemic antibiotics conferred an increased risk of acute GVHD (OR, 1.65; 95% CI, 1.08 to 2.53). When we incorporated RoB, we found a positive correlation of intestinal GVHD with GD (OR, 1.77; 95% CI, 1.29 to 2.44). Patients with higher microbiota diversity presented increased OS (risk ratio [RR], 1.58; 95% CI, 1.19 to 2.09) and lower TRM (RR, 0.45; 95% CI, 0.26 to 0.76). Our findings confirm that GD and prophylaxis with systemic antibiotics increase acute and intestinal GVHD. Importantly, our meta-analysis was the first to show a significant effect of microbiota diversity on TRM and OS."
Open-Label Randomized Controlled Study of Ciprofloxacin vs Rifaximin as       Neutropenia Prophylaxis in Allogeneic Hematopoietic Stem Cell Transplantation.,"Loss of microbiota diversity has been clearly associated with poor outcomes in       the allogeneic hematopoietic stem cell transplantation setting. However, the       choice of the optimal antibiotic prophylaxis during the pre-engraftment phase       remains unclear. We designed a prospective randomized study to compare our       standard-of-care neutropenia prophylaxis (ciprofloxacin) with rifaximin. We       enrolled 38 consecutive adult patients who underwent allogeneic hematopoietic       stem cell transplantation setting and were randomly assigned to receive       ciprofloxacin (20 patients) or rifaximin (18 patients) at day -1. Pretransplant       and transplant characteristics did not differ between groups. Cumulative       incidence (CI) of acute graft-vs-host disease grade II to IV and moderate/severe       chronic graft-vs-host disease was similar in both groups. With a median follow-up       of 13.2 months (range, 6.8-30.2) in surviving patients, the 1-year CI of relapse       was 20.8% in ciprofloxacin vs 17.8% in rifaximin (P = .616). Importantly, the       1-year CI of treatment-related mortality was significantly reduced in the       ciprofloxacin group (10.2% vs 27.8%, P = .032), leading to higher 1-year overall       survival (88.9% vs 74.6%, P = .038). In Cox-regression multivariate analysis,       antibiotic prophylaxis remained the only predictor of overall survival,       independently of donor type, disease risk index, and moderate/severe chronic       graft-vs-host disease. Further studies are needed to assess the effects on       microbiota diversity and confirm these outcomes."
Dental plaque microbiota following allogeneic hematopoietic cell transplantation       and risk of chronic graft-versus-host disease.,"Microbiota disruptions have been associated with short-term complications after       allogeneic hematopoietic cell transplantation (alloHCT). However, only a few       studies have examined the relationship between dysbiosis and chronic       graft-versus-host disease (cGvHD), the main long-term immunologic toxicity of       alloHCT. Considering the role of oral microbiota in systemic inflammatory       diseases, we evaluated whether oral microbiota at day 28 post HCT corresponding       to clinical recovery from the acute events after transplantation is associated       with subsequent cGvHD. Shotgun metagenomic sequencing of 207 saliva and       supragingival plaque samples collected longitudinally at baseline       (pre-conditioning), day +28, and day +84 from 37 patients (11 with subsequent       moderate/severe cGvHD) revealed a significant association between day +28 plaque       microbiota composition and cGvHD. Two orthogonal statistical approaches       demonstrated Streptococcus sanguinis and Prevotella loescheii in day +28 plaque       to be associated with cGvHD. Metagenome-based functional analysis identified 4       microbial metabolic pathways associated with future cGvHD, 2 of which were highly       attributed to S. sanguinis. These pathways - ethanolamine utilization and       glycerol metabolism - increase bacterial fitness by providing an alternative       carbon/nitrogen source and improving survival in inflamed tissues. Our findings       propose a novel mechanism by which the early post-transplant dental biofilm may       contribute to cGvHD months later, offering a potential target for early       prophylactic intervention."
Low Intestinal IL22 Associates With Increased Transplant-Related Mortality After       Allogeneic Stem Cell Transplantation.,"The role of IL-22 in adult patients undergoing allogeneic stem cell       transplantation (SCT) is of major interest since animal studies showed a       protective and regenerative effect of IL-22 in graft versus host disease (GvHD).       However, no clinical data exist on the tissue expression. Here we demonstrate       that patients not suffering from transplant-related mortality (TRM) show       significantly upregulated IL22 expression during histological and clinical       GI-GvHD (p = 0.048 and p = 0.022, respectively). In contrast, in GvHD patients       suffering from TRM, IL22 was significantly lower (p = 0.007). Accordingly, lower       IL22 was associated with a higher probability of TRM in survival analysis (p =       0.005). In a multivariable competing risk Cox regression analysis, low IL22 was       identified as an independent risk factor for TRM (p = 0.007, hazard ratio 2.72,       95% CI 1.32 to 5.61). The expression of IL22 seemed to be microbiota dependent as       broad-spectrum antibiotics significantly diminished IL22 expression (p = 0.019).       Furthermore, IL22 expression significantly correlated with G-protein coupled       receptor (GPR)43 (r = 0.263, p = 0.015) and GPR41 expression (r = 0.284, p =       0.009). In conclusion, our findings reveal an essential role of IL-22 for the       prognosis of patients undergoing allogeneic SCT."
GPR Expression in Intestinal Biopsies From SCT Patients Is Upregulated in GvHD       and Is Suppressed by Broad-Spectrum Antibiotics.,"Microbiota can exert immunomodulatory effects by short-chain fatty acids (SCFA)       in experimental models of graft-versus-host disease (GvHD) after allogeneic       hematopoietic stem cell transplantation (allo-SCT). Therefore we aimed to analyze       the expression of SCFAs sensing G-protein coupled receptor GPR109A and GPR43 by       quantitative PCR in 338 gastrointestinal (GI) biopsies obtained from 199 adult       patients undergoing allo-SCT and assessed the interaction of GPR with FOXP3       expression and regulatory T cell infiltrates. GPR expression was strongly       upregulated in patients with stage II-IV GvHD (p=0.000 for GPR109A, p=0.01 for       GPR43) and at the onset of GvHD (p 0.000 for GPR109A, p=0.006 for GPR43) and       correlated strongly with FOXP3 and NLRP3 expression. The use of broad-spectrum       antibiotics (Abx) drastically suppressed GPR expression as well as FOXP3       expression in patients' gut biopsies (p=0.000 for GPRs, FOXP3 mRNA and FOXP3+       cellular infiltrates). Logistic regression analysis revealed treatment with Abx       as an independent factor associated with GPR and FOXP3 loss. The upregulation of       GPRs was evident only in the absence of Abx (p=0.001 for GPR109A, p=0.014 for       GPR43) at GvHD onset. Thus, GPR expression seems to be upregulated in the       presence of commensal bacteria and associates with infiltration of FOXP3+ T regs,       suggesting a protective, regenerative immunomodulatory response. However, Abx,       which has been shown to induce dysbiosis, interferes with this protective       response."
Biomarkers for acute and chronic graft versus host disease: state of the art.,"INTRODUCTION: Despite significant advances in treatment and prevention,       graft-versus-host disease (GVHD) still represents the main cause of morbidity and       mortality after allogeneic hematopoietic stem cell transplantation. Thus,       considerable research efforts have been made to find and validate reliable       biomarkers for diagnosis, prognosis, and risk stratification of GVHD. AREAS       COVERED: In this review the most recent evidences on different types of       biomarkers studied for GVHD, such as genetic, plasmatic, cellular markers, and       those associated with microbiome, were summarized. A comprehensive search of       peer-review literature was performed in PubMed including meta-analysis,       preclinical and clinical trials, using the terms: cellular and plasma biomarkers,       graft-versus-host disease, cytokines, and allogeneic hematopoietic stem cell       transplantation. EXPERT OPINION: In the near future, several validated biomarkers       will be available to help clinicians in the diagnosis of GVHD, the identification       of patients at high risk of GVHD development and in patients' stratification       according to its severity. Then, immunosuppressive treatment could be tailored to       each patient's real needs. However, more efforts are needed to achieve this goal.       Although most of the proposed biomarkers currently lack validation with       large-scale clinical data, their study led to improved knowledge of the       biological basis of GVHD, and ultimately to implementation of GHVD treatment."
Gut decontamination during allogeneic hematopoietic stem cell transplantation and the risk of acute graft-versus-host disease,
Deciphering and harnessing gut microbiota‚Äìassociated immune regulation in acute graft-versus-host disease,"Allogeneic hematopoietic stem cell transplantation represents a curative treatment of choice for numerous severe hematological malignancies. While donor-derived transplanted T cells can limit disease relapse (GvT/GvL effect), they also induce, in 30‚Äì50% of the patients, acute graft-versus-host disease (aGvHD), a severe condition with elevated mortality and comorbidity rates.¬†Gut microbiota composition has been associated with aGvHD outcome. This observation created a substantial research interest, and individual gut microbiota commensals have been acknowledged for their ability to promote immune regulation, both locally and systemically, and thus limit aGvHD-related inflammation. The mechanisms by which commensals support immune homeostasis are being decrypted at a remarkable rate. However, the trillions of micro-organisms comprising the gut microbiome interact, both directly and indirectly, with local immune cells, which is all the more critical in the context of heavy conditioning regimens these patients undergo, themselves damaging mucosal tissues and prompting inflammation. Commensals can help preserve the gut barrier integrity by actively limiting deleterious inflammation processes. Mechanistically deciphering the intricate crosstalk between gut microbes and gut immune cells, both at the species level and globally, represents a colossal challenge, but holds great promise¬†in predicting and harnessing numerous pathological processes, including aGvHD.¬†This review aims to examine the acquired knowledge concerning immunoregulatory responses driven by gut microbiota in the context of aGvHD. Recent preclinical and clinical studies harnessing such pathways proved to be encouraging, while substantial hurdles subsist regarding how to successfully harness this complex host/microbiota interplay to constrain aGvHD."
Human gut microbiota-reactive DP8Œ± Tregs prevent acute graft-versus-host disease       in a CD73-dependent manner.,"Graft-versus-host disease (GvHD) is a life-threatening complication frequently       occurring following allogeneic hematopoietic stem cell transplantation       (allo-HSCT). Since gut microbiota and regulatory T cells (Tregs) are believed to       play roles in GvHD prevention, we investigated whether DP8Œ± Tregs, which we have       previously described to harbor a T cell receptor specificity for the gut       commensal Faecalibacterium prausnitzii, could protect against GvHD, thereby       linking the microbiota and its effect on GvHD. We observed a decrease in CD73+       DP8Œ± Treg frequency in allo-HSCT patients 1 month after transplantation, which       was associated with acute GvHD (aGvHD) development at 1 month after       transplantation, as compared with aGvHD-free patients, without being correlated       to hematological disease relapse. Importantly, CD73 activity was shown to be       critical for DP8Œ± Treg suppressive function. Moreover, the frequency of       host-reactive DP8Œ± Tregs was also lower in aGvHD patients, as compared with       aGvHD-free patients, which could embody a protective mechanism responsible for       the maintenance of this cell subset in GvHD-free patients. We also showed that       human DP8Œ± Tregs protected mice against xenogeneic GvHD through limiting       deleterious inflammation and preserving gut integrity. Altogether, these results       demonstrated that human DP8Œ± Tregs mediate aGvHD prevention in a CD73-dependent       manner, likely through host reactivity, advocating for the use of these cells for       the development of innovative therapeutic strategies to preclude aGvHD-related       inflammation."
Fecal microbiota transfer for refractory intestinal graft-versus-host disease -       Experience from two German tertiary centers.,"RATIONALE: Steroid refractory graft-vs-host disease (sr-GvHD) represents a       challenging complication after allogeneic hematopoietic cell transplantation       (allo-HCT). Intestinal microbiota (IM) diversity and dysbiosis were identified as       influencing factors for the development of acute GvHD. Fecal microbiota transfer       (FMT) is hypothesized to restore IM dysbiosis, but there is limited knowledge       about the significance of FMT in the treatment of sr-GvHD. OBJECTIVES: We studied       the effects of FMT on sr-GvHD in allo-HCT patients from two German tertiary       clinical centers (n¬†=¬†11 patients; period: March 2017 until July 2019). To assess       safety and clinical efficacy, we analyzed clinical data pre- and post-FMT (day       -14 to +30 relative to FMT). Moreover, IM were analyzed in donor samples and in a       subset of patients pre- and post-FMT by 16S rRNA sequencing. RESULTS: Post-FMT,       we observed no intervention-associated, systemic inflammatory responses and only       minor side effects (5/11 patients: abdominal pain and transformation of       peristalsis-each 3/11 and vomiting-1/11). Stool frequencies and volumes were       significantly reduced [pre- vs post-FMT (d14): P¬†<¬†.05, respectively] as well as       clear attenuation regarding both grading and staging of sr-GvHD was present upon       FMT. Moreover, IM analyses revealed an increase of alpha diversity as well as a       compositional shifts toward the donor post-FMT. CONCLUSIONS: In our study, we       observed positive effects on sr-GVHD after FMT without the occurrence of major       adverse events. Although these findings are in line with published data on       beneficial effects of FMT in sr-GvHD, further randomized clinical studies are       urgently needed to better define the clinical validity including mode of action."
Stool Microbiota at Neutrophil Recovery Is Predictive for Severe Acute Graft vs Host Disease After Hematopoietic Cell Transplantation,"Low alpha diversity in stool microbiota at neutrophil recovery associates with increased severe graft-versus-host disease (GVHD), greater abundance of oral Actinobacteria or Firmicutes, and decreased abundance of intestinal Lachnospiraceae in stool microbiota at neutrophil recovery associated with increased severe GVHD. Graft-versus-host disease (GVHD) is common after allogeneic hematopoietic cell transplantation (HCT). Risk for death from GVHD has been associated with low bacterial diversity in the stool microbiota early after transplant; however, the specific species associated with GVHD risk remain poorly defined. We prospectively collected serial weekly stool samples from 66 patients who underwent HCT, starting pre-transplantation and continuing weekly until 100 days post-transplant, a total of 694 observations in HCT recipients. We used 16S rRNA gene polymerase chain reaction with degenerate primers, followed by high-throughput sequencing to assess the relative abundance of sequence reads from bacterial taxa in stool samples over time. The gut microbiota was highly dynamic in HCT recipients, with loss and appearance of taxa common on short time scales. As in prior studies, GVHD was associated with lower alpha diversity of the stool microbiota. At neutrophil recovery post-HCT, the presence of oral Actinobacteria and oral Firmicutes in stool was positively correlated with subsequent GVHD; Lachnospiraceae were negatively correlated. A gradient of bacterial species (difference of the sum of the relative abundance of positive correlates minus the sum of the relative abundance of negative correlates) was most predictive (receiver operator characteristic area under the curve of 0.83) of subsequent severe acute GVHD. The stool microbiota around the time of neutrophil recovery post-HCT is predictive of subsequent development of severe acute GVHD in this study."
"[Fecal microbiota transplantation for graft-versus-host disease in children and       adults: methods, clinical effects, safety].","AIM: Was to evaluate clinical efficacy, adverse events and changes in the gut       microbiome after fecal microbiota transplantation (FMT) in patients with       gastrointestinal (GI) form of graft-versus-host disease (GVHD). MATERIALS AND       METHODS: The prospective single-center study in R.M. Gorbacheva institute       included 27 patients with GI GVHD after allogeneic stem cell transplantation. 19       patients received FMT, 8 patients received placebo. Clinical scales for GI       autoimmune diseases were used to evaluate response. Microbiome alterations were       assessed with multiplex PCR. RESULTS: After FMT higher overall bacterial mass       (—Ä=0.00088), higher bacterial numbers ofBifidobacteriumspp. (—Ä=0.021),Escherichia       coli(—Ä=0.049) andBacteroides fragilisgr. (—Ä=0.000043) compared to placebo group.       Also higher bacterial mass was observed in patients with clinical response       (—Ä=0.0057). The bacterial mass after procedure in non-responders was compared to       the placebo group (—Ä=0.31). Partial response of GVHD was achieved faster in the       FMT group compared to placebo (median 4 days vs 48 days,p=0.014). Complete       response was observed in 8 (42%), 14 (74%) and 16 (84%) at 30, 60 and 90 days       respectively, while in the placebo group only 0%, 1 (13%) and 4 (50%) achieved       complete response at the same time points. The incidence and severity of adverse       events was comparable between FMT and the placebo group. CONCLUSION: FMT in       patients with refractory GI GVHD was associated with favorable clinical outcomes       and recovery in certain marker bacterial populations. Multiplex PCR can be used       to assess an engraftment of a donor microbiota. FMT in GI GVHD was not associated       with life-threatening adverse events, but further studies are required to       validate clinical efficacy."
Better early outcome with enteral rather than parenteral nutrition in children       undergoing MAC allo-SCT.,"There is no consensus on the type of nutritional support to introduce in children       undergoing allogeneic stem cell transplantation (allo-SCT) after myeloablative       conditioning (MAC). This retrospective, multicenter, observational study compared       the early administration of enteral nutrition (EN group, n¬†=¬†97) versus       parenteral nutrition (PN group, n¬†=¬†97) in such patients with matching for       important covariates. The primary endpoint was the study of day 100 overall       mortality. The early outcome at day 100 was better in EN group regarding       mortality rate (1% vs. 13%; p¬†=¬†0.0127), non relapse mortality (1% vs. 7%;       p¬†=¬†0.066), acute GVHD grades II-IV (37% vs. 54%; p¬†=¬†0.0127), III-IV (18% vs.       34%; p¬†=¬†0.0333) and its gut localization (16% vs. 32%; p¬†=¬†0.0136). Platelet       engraftment was better in EN group than in PN group for the threshold of 20¬†G/L       (97% vs. 80% p¬†<¬†0.0001) and 50¬†G/L (92% vs. 78%, p¬†<¬†0.0001). The length of stay       was shorter in EN group (28 vs. 52 days, p¬†<¬†0.0001). There were no differences       between the two groups regarding the polynuclear neutrophil engraftment,       infection rate or mucositis occurrence. These results suggest that, in children       undergoing MAC allo-SCT, PN should be reserved to the only cases when up-front EN       is insufficient or impossible to perform."
Changes in the bacterial profile and diversity of the gut microbiota in       allogeneic hematopoietic stem cell transplant recipients.,"OBJECTIVES: Allogeneic hematopoietic stem cell transplantation (allo-HSCT) is       associated with significant alterations in gut microbiota (GM) composition,       affecting transplant success. This study aimed to correlate these GM changes with       post-transplant (post-HSCT) outcomes. METHODS: A prospective multicentre cohort       study was conducted between June 2017 and December 2021 in three Spanish       hospitals. Stool samples from allo-HSCT recipients were collected before HSCT,       and at 14-, 30-, 60-, and 100-days post-HSCT. Bacterial 16S rRNA gene sequences       were characterized and microbial diversity assessed. RESULTS: Analysis of 409       samples from 95 patients revealed significant longitudinal GM shifts. Alpha       diversity significantly decreased at days 14 (P < 0.001), 30 (P < 0.001), and 60       (P = 0.002) compared to baseline. A distinct shift in dominant taxonomic profiles       was observed, notably a significant decrease in Blautia abundance (P < 0.001).       Patients with acute gastrointestinal graft-versus-host disease (GI-GVHD) (P =       0.009), bacteraemia (P = 0.014), or death (P < 0.001) exhibited significantly       lower Blautia levels. LEfSe analysis identified 22 differential taxa between       deceased and surviving patients; the former showed higher abundance of potential       pathogens such as Enterococcus_H (P = 0.026), Enterococcus_A (P = 0.019), and       Staphylococcus (P = 0.009). CONCLUSIONS: Significant variations in the GM's       taxonomic profiles and relative abundances post-HSCT, particularly the decrease       in Blautia and the increase in certain pathogens, are associated with poorer       clinical outcomes."
Translational and clinical advances in acute graft-versus-host disease.,"Acute graft-versus-host disease (aGvHD) is induced by immunocompetent       alloreactive T lymphocytes in the donor graft responding to polymorphic and       non-polymorphic host antigens and causing inflammation in primarily the skin,       gastrointestinal tract and liver. aGvHD remains an important toxicity of       allogeneic transplantation, and the search for better prophylactic and       therapeutic strategies is critical to improve transplant outcomes. In this       review, we discuss the significant translational and clinical advances in the       field which have evolved based on a better understanding of transplant       immunology. Prophylactic advances have been primarily focused on the depletion of       T lymphocytes and modulation of T-cell activation, proliferation, effector and       regulatory functions. Therapeutic strategies beyond corticosteroids have focused       on inhibiting key cytokine pathways, lymphocyte trafficking, and immunologic       tolerance. We also briefly discuss important future trends in the field, the role       of the intestinal microbiome and dysbiosis, as well as prognostic biomarkers for       aGvHD which may improve stratification-based application of preventive and       therapeutic strategies."
Lactobacillus rhamnosus GG probiotic enteric regimen does not appreciably alter       the gut microbiome or provide protection against GVHD after allogeneic       hematopoietic stem cell transplantation.,"Graft-versus-host disease (GVHD) is a major adverse effect associated with       allogeneic stem cell transplant. Previous studies in mice indicated that       administration of the probiotic Lactobacillus rhamnosus GG can reduce the       incidence of GVHD after hematopoietic stem cell transplant. Here we report       results from the first randomized probiotic enteric regimen trial in which       allogenic hematopoietic stem cell patients were supplemented with Lactobacillus       rhamnosus GG. Gut microbiome analysis confirmed a previously reported gut       microbiome association with GVHD. However, the clinical trial was terminated when       interim analysis did not detect an appreciable probiotic-related change in the       gut microbiome or incidence of GVHD. Additional studies are necessary to       determine whether probiotics can alter the incidence of GVHD after allogeneic       stem cell transplant."
"""Phage Transplantation in Allotransplantation"": Possible Treatment in       Graft-Versus-Host Disease?","Graft-versus-host disease, both acute and chronic (aGvHD, cGvHD) remains a major       complication in patients undergoing hematopoietic cell transplantation (HCT) and       a significant therapeutic challenge, as many patients do not respond adequately       to presently available therapy. Increasing antimicrobial resistance has greatly       revived interest in using bacterial viruses (phages) to combat       antibiotic-resistant bacteria. In recent years, evidence has accumulated       indicating that phages also have anti-inflammatory and immunomodulatory       activities. This article suggests how these anti-bacterial and immunomodulatory       activities of phages may be translated into a novel treatment of acute GvHD."
The microbial metabolite desaminotyrosine protects against graft-versus-host       disease via mTORC1 and STING-dependent intestinal regeneration.,"Changes in the intestinal microbiome and microbiota-derived metabolites predict       clinical outcomes after allogeneic hematopoietic stem cell transplantation       (allo-HSCT). Here, we report that desaminotyrosine (DAT), a product of bacterial       flavonoid metabolism, correlates with improved overall survival and reduced       relapse rates in patients receiving allo-HSCT. In preclinical mouse models,       treatment with synthetic DAT prevents graft-versus-host disease by protecting the       intestinal barrier and promoting intestinal regeneration and contributes to       graft-vs.-leukemia responses. DAT¬¥s beneficial effects on intestinal regeneration       remain effective despite broad-spectrum antibiotics-induced dysbiosis, also when       administered by fecal microbiota transfer with flavonoid-degrading F. plautii.       Mechanistically, DAT promotes mTORC1-dependent activation and proliferation of       intestinal stem cells, with concomitant engagement of the innate immune receptor       STING required to mitigate metabolic stress and maintain an undifferentiated stem       cell state independently of type-I interferon responses. Additionally, DAT can       skew T cells towards an effector phenotype to modulate graft-versus-leukemia       responses. Our data uncover DAT's dual, tissue- and immune-modulating properties       and underscore its potential in precision microbiome-based therapies to improve       tissue regeneration and minimize immune-mediated side effects."
Longitudinal relationship between the gut microbiota variation and diversity and       gut graft-versus-host disease (GVHD) following pediatric allogeneic hematopoietic       cell transplantation (HCT) - Case series.,"Allogeneic Hematopoietic Cell Transplantation (HCT) offers children with       life-threatening diseases a chance at survival. Complications from       graft-versus-host disease (GVHD, Stages 0-4) represent a significant cause of       morbidity and mortality which has been recently associated with gut dysbiosis the       adult HCT population. Here, our objective was to conduct a prospective,       longitudinal cohort study in nine pediatric allogeneic HCT participants by       collecting longitudinally post-HCT stool specimens up to 1 year. Stool microbiota       analyses showed that allogeneic HCT and antibiotic therapy lead to acute shifts       in the diversity of the gut microbiota with those experiencing stages 3-4 gut       GVHD having significantly greater microbiota variation over time when compared to       control participants (p¬†=¬†0.007). Pre-HCT microbiota diversity trended towards an       inverse relationship with gut microbiota stability over time, however, this did       not reach statistical significance (p¬†=¬†0.05). Future large prospective studies       are necessary to elucidate the mechanisms underlying these dynamic changes in the       gut microbiota following pediatric allogeneic HCT."
Fecal Microbiota Transplantation for Acute Graft-versus-Host Disease after       Allogeneic Hematopoietic Cell Transplantation: Expanding the Horizon into       Pediatrics.,"The microbiome plays a vital role in maintaining homeostasis of the intestinal       microenvironment and the immune response in allogeneic hematopoietic cell       transplantation (HCT) recipients. Disruption of the intestinal microbiome has       been associated with the development of acute graft-versus-host disease (GVHD) of       the lower gastrointestinal tract and worse survival. Fecal microbiota       transplantation (FMT) can achieve clinical responses in refractory GVHD,       establishing the promise of microbiome-directed interventions in this population.       Although most data on microbial changes in HCT recipients have been generated       from the adult population, children with refractory GVHD represent an important       group that may benefit from FMT. In this review, we first highlight       characteristics that distinguish the pediatric intestinal microbiome from the       adult intestinal microbiome. We then explore multiple clinical factors that       warrant careful consideration to optimize the application of FMT and other       microbiome-directed therapeutics to children."
Microbiome markers are early predictors of acute GVHD in allogeneic hematopoietic       stem cell transplant recipients.,
Incidence of Acute Graft-Versus-Host Disease and Survival after Allogeneic Hematopoietic Cell Transplantation over Time: A Study from the Transplant Complications and Chronic Malignancies Working Party of the EBMT,"INTRODUCTION Acute graft-versus-host disease (aGvHD) remains a serious complication of allogeneic hematopoietic cell transplantation (HCT) and negatively impacts on patients' outcome. Over recent years improvements in GvHD prophylaxis, HLA typing, donor selection, treatment and supportive care have been achieved. However, it is unknown whether these changes have resulted in improved outcome of patients undergoing allogeneic HCT and particularly in those patients diagnosed with aGvHD and in need of systemic immunosuppressive therapy. METHODS We examined outcome following diagnosis of grades II-IV and grades III-IV aGvHD according to time period and investigated effects according to maximum overall grade of aGvHD. Between 1990 and 2015, 126 838 patients with a median age of 46.4 (range, 18-83.8) years with malignant disease received a first allogeneic sibling (53.9%) or unrelated donor (46.1%) blood (74.5%) or marrow (25.5%) transplant after myeloablative (58.9%) or reduced-intensity (41.1%) conditioning. Sixty-two percent of patients were in complete remission (CR) at HCT. RESULTS Incidences of aGvHD grades II-IV by 100 days significantly (p<0.001) decreased from 40% for 1990-1995, to 37% for 1996-2000, 31% for 2001-2005, 29% for 2006-2010 and 28% for 2010-2015. In univariate analysis for the whole study population, incidence of aGvHD grades II-IV was higher in patients with an unrelated donor (33% vs 29%, p<0.001), a female donor compared to a male donor for a male recipient (33% vs 31%, p<0.001), and patients not in CR at HCT (33% vs 29%, p<0.001) whereas reduced-intensity conditioning (RIC) (27% vs 33%, p<0.001), and in vivo T-cell depletion (TCD) (27% vs 33%, p<0.001) were associated with a lower incidence. Incidences of aGvHD grades III-IV by 100 days significantly (p<0.001) decreased from 17% for 1990-1995, to 15% for 1996-2000, 13% for 2001-2005, 11% for 2006-2010 and 11% for 2010-2015. The median (range) follow-up was 217.6 (213.4-221.7) months, 169.9 (167.6-172.9) months, 129 (127.3-130.8) months, 81.3 (80.5-82.1) months and 29.7 (29.2-30.2) months for 1990-1995, 1996-2000, 2001-2005, 2006-2010 and 2010-2015. For the total study population, 3-year overall survival (OS) significantly (p<0.001) increased from 49% for 1990-1995, to 50% for 1996-2000, 51% for 2001-2005, 53% for 2006-2010 and 54% for 2010-2015, respectively. 3-year nonrelapse mortality (NRM) significantly (p<0.001) decreased from 33% for 1990-1995, to 29% for 1996-2000, 24% for 2001-2005, 23% for 2006-2010 and 23% for 2010-2015. In univariate analysis, OS was better after related donor HCT (55% vs. 49%, p<0.001), and HCT in CR (58% vs 41%, p<0.001) whereas female donor compared to male donor for a male recipient (50% vs 52%, p<0.001), use of antithymocyte globulin (ATG) (51% vs 53%, p<0.001), and in vivo TCD (51% vs 55%, p<0.001) were associated with worse OS. The OS of patients experiencing aGvHD grades II-IV was 66% at 6 months and decreased to 43% at 36 months after HCT. Survival at 36 months after aGvHD grades II-IV increased significantly (p<0.001) from 39% to 40%, 43%, 44% and 45% after HCT in the periods 1990-1995, 1996-2000, 2001-2005, 2006-2010 and 2010-2015. In univariate analysis, aGvHD grades II-IV-associated 3-year OS was significantly improved after myeloablative conditioning (45% vs 41%, p<0.001), related donor HCT (45% vs. 41%, p<0.001), and HCT in CR compared to no CR (49% vs 33%, p<0.001) whereas female donor for a male recipient (40% vs 43%, p<0.001), use of ATG (42% vs 44%, p<0.001), and in vivo TCD (41% vs 45%, p<0.001) were associated with worse aGvHD-associated OS. aGvHD grades III-IV-associated OS was 46% at 6 months and decreased to 27% 36 months after HCT. Survival at 36 months after aGvHD grades III-IV increased significantly (p<0.001) from 49% to 50%, 51%, 53% and 54% after HCT in the periods 1990-1995, 1996-2000, 2001-2005, 2006-2010 and 2010-2015. In univariate analysis, aGvHD grades III-IV-associated 3-year OS was improved after related donor HCT (29% vs. 25%, p<0.001), and HCT in CR compared to no CR (31% vs 26%, p<0.001) whereas use of ATG (25% vs 28%, p<0.001), and in vivo TCD (25% vs 29%, p<0.001) were associated with worse aGvHD grades III-IV-associated OS. CONCLUSIONS Incidences of aGvHD grades II-IV and grades III-IV decreased over time and aGvHD-associated survival increased over recent years resulting in improved survival of patients undergoing allogeneic HCT for malignant disease. Disclosures Greinix: Gilead: Speakers Bureau; Roche: Speakers Bureau; Therakos: Speakers Bureau; Novartis: Consultancy, Speakers Bureau; Amgen: Consultancy, Speakers Bureau; Celgene: Consultancy. Chalandon: Roche: Membership on an entity's Board of Directors or advisory committees, Other: Travel costs. Mohty: MaaT Pharma: Consultancy, Honoraria."
"Significant impact of antibiotic exposure on GI-GVHD, NRM, and GRFS following       allogeneic HCT with non-myeloablative Flu-TBI conditioning.","BACKGROUND: Acute gastro-intestinal graft-versus-host disease (GI-GVHD) and       non-relapse mortality (NRM) after allogeneic HCT are closely related to loss of       microbial diversity and intestinal dominance by single taxa resulting from the       use of antibiotics, dietary changes, and mucosal barrier injury. There is a       paucity of data on the impact of use of antibiotics in HCT after Flu-TBI-based       non-myeloablative (NMA) conditioning where there is absence of mucositis and       limited malnutrition. METHODS: We did a retrospective single-center analysis of       patients receiving Flu-TBI-based NMA HCT for a high-grade myeloid malignancy,       mostly AML, and MDS, or acute lymphoblastic leukemia (ALL). We analyzed the       impact of pre-engraftment antibiotic exposure, prophylactic ciprofloxacin, and or       treatment with broad-spectrum cephalosporin/carbapenem, on HCT outcomes, with a       focus on the incidence of acute GI-GVHD by day 180 and NRM at 1‚Äâyear. RESULTS: A       total of 150 patients were evaluable with a median age of 62‚Äâyears. Antibiotics       were used in 90 patients; 60 prophylactic use only and 30 therapeutic use with or       without previous prophylaxis. Antibiotic use resulted in a significant higher       incidence of GI-GVHD Stage 1-4; 29% (26/90) versus 5% (3/60) in those not       receiving antibiotics (OR 8.1 (95% CI 2.3-28.3), p‚Äâ=‚Äâ0.001). Use of antibiotics       resulted in higher 1-year NRM (19% (17/90) versus 10% (6/60), HR 2.3, p‚Äâ=‚Äâ0.06),       and decreased 2-year GRFS (42% (38/90) versus 55% (33/60), HR 1.7, p‚Äâ=‚Äâ0.04), but       did not impact RFS or OS. CONCLUSIONS: Use of antibiotics was related to the       occurrence of GI-GVHD, NRM, and GRFS in patients receiving truly NMA HCT.       Therefore, in the absence of mucositis and low incidence of bacteremia,       antibiotics can and should be used restrictively in this setting."
The impact of intestinal microbiota in antithymocyte globulin-based myeloablative       allogeneic hematopoietic cell transplantation.,"BACKGROUND: The correlation between intestinal microbiota and clinical outcomes       after allogeneic hematopoietic stem cell transplantation (allo-HCT) has been       reported in platforms with T-cell depletion or postcyclophosphamide-based       graft-vs-host disease (GVHD) prophylaxis regimens. It is still unclear whether it       is the same in platforms of antithymocyte globulin (ATG)-based myeloablative       allo-HCT. METHODS: A total of 603 fecal specimens from 100 consecutive patients       receiving allo-HCT were collected between December 2018 and July 2020. Fetal       samples were profiled with next-generation sequencing of bacterial 16S ribosomal       RNA (rRNA) genes. RESULTS: The diversity decreased to the lowest level at       approximately day 12 after allo-HCT and then increased over time. According to       the diversity of 314 samples that were collected from 86 patients during the       engraftment period, patients were grouped into the low- and high-diversity       groups. Two-year overall survival in the high-diversity group was significantly       longer than that in the low-diversity group (83.7% vs 60.6%, P¬†=¬†.026). Further       analysis revealed that worse outcomes for patients with low diversity were       associated with increased risk of worse outcomes for patients with low diversity       (adjusted hazard ratio, 4.95; P¬†=¬†.046). Its association with relapse and GVHD       was not found. Compositional analysis of fecal microbiota revealed that the       abundance of bacteroides decreased greatly during allo-HCT, whereas that of       Enterococcus, Klebsiella, and Escherichia was found to be increased. CONCLUSIONS:       This study indicates that gut dysbiosis in platforms of ATG-based myeloablative       allo-HCT featured loss of bacterial diversity. The diversity of the intestinal       flora at the engraftment period was an independent predictor of longer survival.       LAY SUMMARY: The correlation between intestinal microbiota and clinical outcomes       after allogeneic hematopoietic stem cell transplantation (allo-HCT) is reported       in platforms with T-cell depletion or postcyclophosphamide-based graft-vs-host       disease (GVHD) prophylaxis regimens. It is still unclear whether it is the same       pattern in platforms of antithymocyte globulin (ATG)-based T-cell repletion       myeloablative allo-HCT. Our study indicated that gut dysbiosis in platforms of       ATG-based myeloablative allo-HCT also features loss of bacterial diversity. The       diversity of the intestinal flora at the engraftment period is an independent       predictor of longer survival."
The role of fecal microbiota transplantation in the treatment of acute       graft-versus-host disease.,"Allogeneic hematopoietic stem cell transplantation (allo-HSCT) is one of the most       important methods for treating a wide range of hematologic malignancies and bone       marrow failure diseases. However, graft-versus-host disease (GVHD), a major       complication associated with this method, can seriously affect the survival and       quality of life of patients. Acute GVHD (aGVHD) occurs within 100 days after       transplantation, and gastrointestinal aGVHD (GI-aGVHD) is one of the leading       causes of nonrecurrent death after allo-HSCT. In recent years, fecal microbiota       transplantation (FMT) has been attempted as an emerging treatment method for       various diseases, including aGVHD after HSCT. Studies have shown encouraging       preliminary clinical results after the application of FMT in aGVHD, particularly       steroid-resistant aGVHD. Additionally, several studies have demonstrated that the       gut microbiota plays an important immunomodulatory role in the pathogenesis of       GVHD. Consensus guidelines recommend FMT as a secondary option for the treatment       of aGVHD. This article aims to review FMT treatment for GI-aGVHD after allo-HSCT."
Impact of gut colonization with butyrate-producing microbiota on respiratory viral infection following allo-HCT," Respiratory viral infections are frequent in patients undergoing allogeneic hematopoietic stem cell transplantation (allo-HCT) and can potentially progress to lower respiratory tract infection (LRTI). The intestinal microbiota contributes to resistance against viral and bacterial pathogens in the lung. However, whether intestinal microbiota composition and associated changes in microbe-derived metabolites contribute to the risk of LRTI following upper respiratory tract viral infection remains unexplored in the setting of allo-HCT. Fecal samples from 360 allo-HCT patients were collected at the time of stem cell engraftment and subjected to deep, 16S ribosomal RNA gene sequencing to determine microbiota composition, and short-chain fatty acid levels were determined in a nested subset of fecal samples. The development of respiratory viral infections and LRTI was determined for 180 days following allo-HCT. Clinical and microbiota risk factors for LRTI were subsequently evaluated using survival analysis. Respiratory viral infection occurred in 149 (41.4%) patients. Of those, 47 (31.5%) developed LRTI. Patients with higher abundances of butyrate-producing bacteria were fivefold less likely to develop viral LRTI, independent of other factors (adjusted hazard ratio = 0.22, 95% confidence interval 0.04-0.69). Higher representation of butyrate-producing bacteria in the fecal microbiota is associated with increased resistance against respiratory viral infection with LRTI in allo-HCT patients."
The Use of Intravenous Antibiotics at the Onset of Neutropenia in Patients Receiving Outpatient-Based Hematopoietic Stem Cell Transplants,"Empirical antibiotics at the onset of febrile neutropenia are one of several strategies for management of bacterial infections in patients undergoing Hematopoietic Stem Cell Transplant (HSCT) (empiric strategy). Our HSCT program aims to perform HSCT in an outpatient setting, where an empiric antibiotic strategy was employed. HSCT recipients began receiving intravenous antibiotics at the onset of neutropenia in the absence of fever as part of our institutional policy from 01 Jan 2009; intravenous Prophylactic strategy. A prospective study was conducted to compare two consecutive cohorts [Year 2008 (Empiric strategy) vs. Year 2009 (Prophylactic strategy)] of patients receiving HSCT. There were 238 HSCTs performed between 01 Jan 2008 and 31 Dec 2009 with 127 and 111 in the earlier and later cohorts respectively. Infection-related mortality pre- engraftment was similar with a prophylactic compared to an empiric strategy (3.6% vs. 7.1%; p = 0.24), but reduced among recipients of autologous HSCT (0% vs. 6.8%; p = 0.03). Microbiologically documented, blood stream infections and clinically documented infections pre-engraftment were reduced in those receiving a prophylactic compared to an empiric strategy, (11.7% vs. 28.3%; p = 0.001), (9.9% vs. 24.4%; p = 0.003) and (18.2% vs. 33.9% p = 0.007) respectively. The prophylactic use of intravenous once-daily ceftriaxone in patients receiving outpatient based HSCT is safe and may be particularly effective in patients receiving autologous HSCT. Further studies are warranted to study the impact of this Prophylactic strategy in an outpatient based HSCT program."
Breath analysis in gastrointestinal graft-versus-host disease after allogeneic       hematopoietic cell transplantation.,"Volatile organic compounds (VOCs) are generated during pathologic processes, and       their assessment can be used to diagnose and monitor a variety of diseases. Given       the role of the microbiome in graft-versus-host disease (GVHD), we hypothesized       that microorganisms producing volatile metabolites may alter VOCs expelled in       breath in patients with gastrointestinal (GI) GVHD. In this pilot study, exhaled       breath samples were obtained from 19 patients with grade 2 to 4 acute GI GVHD, 10       patients with no GVHD at day 100, and 10 healthy control subjects; the samples       were analyzed by using mass spectrometry. Overall, nine (47%) patients had grade       2 GVHD, eight (42%) patients had grade 3 GVHD, and two (11%) patients had grade 4       GVHD; 26% had upper GI, 21% had lower GI, and 53% had both upper and lower GI       manifestations. Stepwise canonical discriminant analysis identified 5 VOCs       distinguishing patients with and without GI GVHD: 2-propanol, acetaldehyde,       dimethyl sulfide, isoprene, and 1-decene (Wilks' Œõ, 0.43; F statistic, 6.08; P =       .001). The model correctly classified 89% (17 of 19) and 90% (9 of 10) of       patients with and without GI GVHD, respectively. Breath analysis is a feasible       and promising noninvasive method to detect acute GI GVHD. Further study of serial       breath analysis and the gut microbiome in a larger cohort are ongoing to validate       these findings."
A gut microbiota score predicting acute graft-versus-host disease following myeloablative allogeneic hematopoietic stem cell transplantation,"Although studies have reported that intestinal microbiota are associated with acute graft-versus-host disease (aGVHD), they lacked a satisfactory method for predicting aGVHD. We collected stool and blood samples at day 15 posttransplant from 150 patients from two centers who underwent myeloablative conditioning allogeneic hematopoietic stem cell transplantation (allo-HSCT). Stool microbiota were detected by 16S ribosomal RNA gene sequencing; inflammatory factors and T lymphocytes were detected by multiplex immunoassays and flow cytometry, respectively. A gut microbiota score (GMS) from a LASSO (least absolute shrinkage and selection operator) model was developed and validated to predict aGVHD. In the discovery cohort, the GMS could predict II-IV aGVHD (area under the receiver operating characteristic [ROC] curve [AUC] = 0.904, P < .0001). Furthermore, the validation model was consistent with the discovery set (AUC = 0.887, P < .0001). Regulatory T/T-helper 17 (Treg/Th17) cells ratio in the low GMS subgroup was higher compared with the high GMS (P = .012), and the validation set is consistent with the discovery set (P = .003). In addition, high cytokine levels were associated with high GMS. In conclusion, the GMS at neutrophil engraftment could predict aGVHD, and it was a potential and novel method. The GMS was associated with the inflammatory factor and Treg/Th17 balance."
Intestinal Microbiota at Engraftment Influence Acute Graft-Versus-Host Disease via the Treg/Th17 Balance in Allo-HSCT Recipients,"Animal models have indicated that intestinal microbiota influence acute graft-versus-host disease (aGVHD) by modulating immune homeostasis. But, in humans, the mechanism by which the microbiota induces aGVHD remains unclear. In this study, we investigated the relationship between the intestinal microbiota and T cell subsets in patients who undergo allogeneic hematopoietic stem cell transplantation (allo-HSCT) to explore the mechanism by which microbiota induced aGVHD. Based on aGVHD, this study was categorized into two groups: grades II‚ÄìIV aGVHD (aGVHD group, n = 32) and grade 0‚ÄìI aGVHD (non-aGVHD group, n = 49). The intestinal microbiota was detected by 16S rRNA gene sequencing, and the T cell subsets and histone 3 (H3) acetylation in CD4+ T cells in the peripheral blood was assayed by flow cytometry at the time of engraftment. The aGVHD group had greater low microbial diversity than the non-aGVHD group (56.3 versus 24.5%, p = 0.004). The bacterial community was depleted of Clostridia (e.g., the Lachnospiraceae and Ruminococcaceae families) and enriched for Gammaproteobacteria (e.g., the Enterobacteriaceae family) in the aGVHD group compared with the non-aGVHD group. The relative abundance of Lachnospiraceae and Ruminococcaceae was positively correlated with the Treg/Th17 ratio counts (r = 0.469 and 0.419; p < 0.001 and <0.001, respectively), whereas Enterobacteriaceae was negatively correlated with the Treg/Th17 ratio (r = ‚àí0.277; p = 0.012). The level of acetylated H3 in CD4+ T cells was not only correlated with Lachnospiraceae/Ruminococcaceae, but also with the Treg/Th17 ratio (r = 0.354; p = 0.001). In conclusions, our results suggest that decreased Lachnospiraceae and Ruminococcaceae and increased Enterobacteriaceae, correlate with a Treg/Th17 imbalance, which might be through acetylated H3 in CD4+ T cells. These findings suggest that intestinal microbiota might induce aGVHD by influencing the Treg/Th17 balance."
Intestinal Microbiota Can Predict Acute Graft-versus-Host Disease Following Allogeneic Hematopoietic Stem Cell Transplantation,"The intestinal microbiome plays an important role in the development of acute graft-versus-host disease (aGVHD). However, whether intestinal microbiota can predict the development of aGVHD has been reported only rarely. Here we conducted a prospective study of microbiota in 141 patients after allogeneic hematopoietic stem cell transplantation. We found lower microbiota diversity in the aGVHD group compared with the non-aGVHD group at day 0 and day 15 ¬± 1 (P‚ÄØ=‚ÄØ.018 and .009, respectively). Diversity was negatively associated with conditioning intensity (P‚ÄØ=‚ÄØ.017, day 0; P‚ÄØ=‚ÄØ.045, day 15) and Œ≤-lactam antibiotic administration (P‚ÄØ=‚ÄØ.004, day 15). Intensified conditioning and Œ≤-lactam antibiotics were associated with a lower regulatory T (Treg)/T helper 17 (Th17) cell ratio at day 15 (P‚ÄØ=‚ÄØ.030 and .047, respectively). At day 15, the levels of the inflammatory factors (tumor necrosis factor Œ±, interleukin [IL]-6, IL-17A, IL-1Œ≤, and lipopolysaccharide) were higher in the intensified conditioning group compared with the standard group (P < .05). The accumulated intestinal microbiota (AIM) score was defined as microbiota diversity and gradient of the 4 bacterials (Lachnospiraceae, Peptostreptococcaceae, Erysipelotrichaceae, and Enterobacteriaceae) at day 15 post-transplantation. The AIM score was positively correlated with aGVHD grade (r‚ÄØ=‚ÄØ.481, P < .001), and the AIM score could be predictive of the development of aGVHD (grade II-IV aGVHD: area under the curve [AUC], .75, P < .001; grade III-IV aGVHD: AUC, .84, P < .001). These findings suggest that intestinal microbiota and conditioning might induce aGVHD by inflammatory factors and the Treg/Th17 balance. The constitution of the intestinal microbiota at neutrophil engraftment may predict the development of aGVHD."
Multi-omics analysis reveals a feedback loop amplifying immune responses in acute       graft-versus-host disease due to imbalanced gut microbiota and bile acid       metabolism.,"Acute graft-versus-host disease (aGVHD) is primarily driven by allogeneic donor T       cells associated with an altered composition of the host gut microbiome and its       metabolites. The severity of aGVHD after allogeneic hematopoietic stem cell       transplantation (allo-HSCT) is not solely determined by the host and donor       characteristics; however, the underlying mechanisms remain unclear. Using       single-cell RNA sequencing, we decoded the immune cell atlas of 12 patients who       underwent allo-HSCT: six with aGVHD and six with non-aGVHD. We performed a fecal       microbiota (16SrRNA sequencing) analysis to investigate the fecal bacterial       composition of 82 patients: 30 with aGVHD and 52 with non-aGVHD. Fecal samples       from these patients were analyzed for bile acid metabolism. Through multi-omic       analysis, we identified a feedback loop involving ""immune cell-gut microbes-bile       acid metabolites"" contributing to heightened immune responses in patients with       aGVHD. The dysbiosis of the gut microbiota and disruption of bile acid metabolism       contributed to an exaggerated interleukin-1 mediated immune response. Our       findings suggest that resistin and defensins are crucial in mitigating against       aGVHD. Therefore, a comprehensive multi-omic atlas incorporating immune cells,       gut microbes, and bile acid metabolites was developed in this study and used to       propose novel, non-immunosuppressive approaches to prevent aGVHD."
Intestinal microbiota score could predict survival following allogeneic       hematopoietic stem cell transplantation.,"Intestinal microbiota is an important prognostic factor for allogeneic       hematopoietic stem cell transplantation (allo-HSCT), but its role in predicting       survival has not been determined. Here, stool samples at day 15‚Äâ¬±‚Äâ1       posttransplant were obtained from 209 patients at two centers. Microbiota was       examined using 16S rRNA sequencing. The microbiota diversity and abundance of       specific bacteria (including Lachnospiraceae, Ruminococcaceae,       Erysipelotrichaceae, and Enterobacteriaceae) were assigned a value of 0 or 1       depending on whether they were positive or negative associated with survival,       respectively. An accumulated intestinal microbiota (AIM) score was generated, and       patients were divided into low- and high-score groups. A low score was associated       with a better 3-year cumulative overall survival (OS) as well as lower mortality       than a high score (88.5 vs. 43.9% and 7.1 vs. 35.8%, respectively; both       P‚Äâ<‚Äâ0.001). In multivariate analysis, a high score was found to be an independent       risk factor for OS and transplant-related mortality (hazard ratio‚Äâ=‚Äâ5.68 and       3.92, respectively; P‚Äâ<‚Äâ0.001 and 0.003, respectively). Furthermore, the AIM       score could serve as a predictor for survival (area under receiver operating       characteristic curve‚Äâ=‚Äâ0.836, P‚Äâ<‚Äâ0.001). Therefore, the intestinal microbiota       score at neutrophil recovery could predict survival following allo-HSCT."
Impact of anti-anaerobic antibiotic activity on graft-versus-host disease in       allogeneic hematopoietic stem cell transplant (HSCT) recipients at an institution       that utilizes antibiotic cycling.,"BACKGROUND: At our institution, antibiotic cycling for febrile neutropenia is       utilized to increase heterogeneity of antibiotic exposure in patients who have       undergone an allogeneic hematopoietic stem cell transplantation (allo-HSCT).       Development of acute graft-versus-host disease (aGVHD) has been associated with       low diversity within stool microbiota. To date, discordant outcomes have been       reported implicating anti-anaerobic antibiotic use with the development of aGVHD,       and there is currently a lack of published data available in an antibiotic cycled       environment. The objective of this study was to determine if there is a       difference in the rate of aGVHD in patients who receive anti-anaerobic cycled       antibiotics compared with other cycled antibiotics. METHODS: This was a       retrospective, observational study evaluating rates of aGVHD in patients who       received antibiotics with anaerobic vs non-anaerobic coverage post-allo-HSCT from       January 2008 to January 2018. Univariate and multivariable analyses were       performed to assess associations with aGVHD. Secondary outcomes include rate of       all stages of aGVHD, progression-free survival, overall survival, 100-day       treatment-related mortality (TRM), and 1-year TRM. RESULTS: A total of 273       patients were included in the study. Baseline characteristics were similar       between groups, except patients who received anti-anaerobic antibiotics had more       unrelated donors (P¬†=¬†.002), were more likely to get myeloablative preparatory       regimens (P¬†=¬†.009), had less subtherapeutic calcineurin inhibitor serum       concentrations (P¬†=¬†.001), and more often received T-cell depletion (P¬†=¬†.004).       The incidence of grades II-IV aGVHD post-HSCT in patients who received       anti-anaerobic antibiotics was 32.6% compared with 18.8% in patients who received       other antibiotics (P¬†=¬†.015). Multivariable analysis showed that the occurrence       of grades II-IV aGVHD was associated with cytomegalovirus reactivation (OR¬†=¬†2.1,       95% CI¬†=¬†1.0-4.5, P¬†=¬†.047), unrelated donors (OR¬†=¬†6.1, 95% CI¬†=¬†2.3-16.6,       P¬†<¬†.001), and use of anti-anaerobic antibiotics (OR¬†=¬†2.3, 95% CI¬†=¬†1.1-4.8,       P¬†=¬†.021). A 100-day TRM in patients who received anti-anaerobic antibiotics was       9.6% compared with 3.6% in patients who received other antibiotics (P¬†=¬†.046).       One-year TRM in patients who received anti-anaerobic antibiotics was 25.2%       compared with 13.8% in patients who received other antibiotics (P¬†=¬†.017). There       was no statistically significant difference seen between groups in progression       free survival or overall survival. CONCLUSION: Variability in baseline       characteristics limits ability to make strong conclusions, but patients who       received antibiotics with anaerobic coverage during the first 30¬†days after an       allogeneic HSCT appeared to be at an increased risk of developing aGVHD and TRM.       Larger well-controlled trials are warranted to further clarify these       relationships."
Bile acids regulate intestinal antigen presentation and reduce graft-versus-host       disease without impairing the graft-versus-leukemia effect.,"Acute graft-versus-host disease causes significant mortality in patients       undergoing allogeneic hematopoietic cell transplantation. Immunosuppressive       treatment for graft-versus-host disease can impair the beneficial       graft-versus-leukemia effect and facilitate malignancy relapse. Therefore, novel       approaches that protect and regenerate injured tissues without impeding the donor       immune system are needed. Bile acids regulate multiple cellular processes and are       in close contact with the intestinal epithelium, a major target of acute       graft-versus-host disease. Here, we found that the bile acid pool is reduced       following graft-versus-host disease induction in a preclinical model. We       evaluated the efficacy of bile acids to protect the intestinal epithelium without       reducing anti-tumor immunity. We observed that application of bile acids       decreased cytokine-induced cell death in intestinal organoids and cell lines.       Systemic prophylactic administration of tauroursodeoxycholic acid, the most       potent compound in our in vitro studies, reduced graft-versus-host disease       severity in three different murine transplantation models. This effect was       mediated by decreased activity of the antigen presentation machinery and       subsequent prevention of apoptosis of the intestinal epithelium. Moreover, bile       acid administration did not alter the bacterial composition in the intestine       suggesting that its effects are cell-specific and independent of the microbiome.       Treatment of human and murine leukemic cell lines with tauroursodeoxycholic acid       did not interfere with the expression of antigen presentation-related molecules.       Systemic T cell expansion and especially their cytotoxic capacity against       leukemic cells remained intact. This study establishes a role for bile acids in       the prevention of acute graft-versus-host disease without impairing the       graft-versus-leukemia effect. In particular, we provide a scientific rationale       for the systematic use of tauroursodeoxycholic acid in patients undergoing       allogeneic hematopoietic cell transplantation."
[Key players in intestinal GVHD].,"Acute graft versus host disease (GVHD) is a potentially life threatening       complication after allogeneic hematopoietic stem cell transplantation. The gut is       one of the most frequently affected organs in GVHD. Intestinal GVHD is often       resistant to current therapies for GVHD and greatly affects the nutritional       status of patients. Recent advances in understanding the biology of the       intestinal immune system have revealed the significance of mechanical and       chemical barriers involving the intestinal mucosa and intestinal microflora in       the pathophysiology of GVHD. These barriers and flora are tightly regulated by       key populations such as intestinal stem cells, Paneth cells, innate lymphoid       cells, and macrophages. Recent findings for these key players in the process of       intestinal GVHD are reviewed in this article."
[Graft-versus-host disease: new insights into disease pathogenesis].,"Graft-versus-host disease (GVHD) is a potentially life-threatening complication       associated with allogeneic hematopoietic stem cell transplantation (allo-SCT).       Although prophylaxis and GVHD treatment using immunosuppressants are essential       for a successful allo-SCT, profound immunosuppression could lead to an infection       and/or the recurrence of malignant diseases. Recently, the concept of tissue       tolerance has emerged. This concept has been identified as a means to suppress       GVHD by relying on tissue-intrinsic mechanisms that are independent from those       underlying immune tolerance. Thus, GVHD prophylaxis and treatments targeting the       mechanisms that promote tissue tolerance could help suppress GVHD and maintain       leukocyte-mediated immune responses against tumors and infectious pathogens.       Epithelial regeneration from LGR5-positive intestinal stem cells and epithelial       maintenance mediated by metabolites from the intestinal microbiota are       representative mechanisms that promote tissue tolerance in the gut. However,       these protective mechanisms are weakened by GVHD and conditioning regimens. This       review focuses on the pathophysiology of acute GVHD and tissue-intrinsic       mechanisms that promote tissue tolerance."
A single nucleotide polymorphism at chromosome 2q21.3 (LCT -13910C>T) associates       with clinical outcome after allogeneic hematopoietic stem cell transplantation.,"A single nucleotide polymorphism (SNP) responsible for lactase persistence (LCT       -13910C>T) changes intestinal microflora. Considering the influence of bacterial       microflora on various immune effects, we tested DNA from 111 recipients/donors       and analyzed whether this SNP interferes with survival and the incidence of acute       graft-versus-host disease (aGVHD) after allogeneic hematopoetic stem cell       transplantations (HSCT). Median overall survival (OS) was significantly longer       when donors had a CC genotype (not reached after 133 vs 11.1 months, P = .004).       Multivariate analysis identified a donor T allele (hazard ratio 2.63, 95%       confidence interval 1.29-5.33, P = .008) as independent risk factor for death.       Surprisingly, recipient genotypes did not influence outcome and there were no       differences regarding aGVHD. Transplantation-related mortality (TRM), relapse and       pneumonia were significantly less frequent in patients with CC donors. These       findings add to the growing list of non-HLA polymorphisms with impact on outcome       after allogeneic HSCT."
[Induction and regulation of intestinal graft-versus-host disease by the       intestinal microbiota].,"The intestinal microbiota is an important prognostic factor for allogeneic       hematopoietic stem cell transplantation (allo-HCT), and decreased diversity of       the intestinal microbiota is linked to shorter overall survival, high       transplant-related mortality, and acute graft-versus-host disease (GVHD). Major       factors that alter the intestinal microbiota during allo-HCT are broad-spectrum       antibiotics and intestinal GVHD. Broad-spectrum antibiotics dysregulate the       immune system and impair intestinal epithelial regeneration by reducing       beneficial commensal bacteria and activating mucus-degrading bacteria, which       disrupts the colonic barrier function. Intestinal GVHD leads to decreased       secretion of antimicrobial peptides into the intestinal lumen, as well as       mitochondrial dysfunction in the intestinal epithelium, altering the intestinal       microbiota. Various therapeutic approaches targeting the intestinal microbiota       have been investigated in clinical trials. Protecting the intestinal microbiota       may further enhance the safety and efficacy of allo-HCT by regulating intestinal       immune responses, promoting intestinal epithelial regeneration, and facilitating       the production of beneficial metabolites derived from commensal bacteria."
Bacteroides ovatus alleviates dysbiotic microbiota-induced graft-versus-host       disease.,"Acute lower gastrointestinal GVHD (aLGI-GVHD) is a serious complication of       allogeneic hematopoietic stem cell transplantation. Although the intestinal       microbiota is associated with the incidence of aLGI-GVHD, how the intestinal       microbiota impacts treatment responses in aLGI-GVHD has not been thoroughly       studied. In a cohort of patients with aLGI-GVHD (n¬†= 37), we found that       non-response to standard therapy with corticosteroids was associated with prior       treatment with carbapenem antibiotics and a disrupted fecal microbiome       characterized by reduced abundances of Bacteroides ovatus. In a murine GVHD model       aggravated by carbapenem antibiotics, introducing B.¬†ovatus reduced GVHD severity       and improved survival. These beneficial effects of Bacteroides ovatus were linked       to its ability to metabolize dietary polysaccharides into monosaccharides, which       suppressed the mucus-degrading capabilities of colonic mucus degraders such as       Bacteroides thetaiotaomicron and Akkermansia muciniphila, thus reducing       GVHD-related mortality. Collectively, these findings reveal the importance of       microbiota in aLGI-GVHD and therapeutic potential of B.¬†ovatus."
[Disruption of gut immune system caused by damage of intestinal stem cells and       their niche in graft-versus-host disease after allogeneic hematopoietic stem cell       transplantation.].,"Allogeneic hematopoietic stem cell transplantation(allo-SCT)is curative therapy       for various hematological diseases. Graft-versus-host disease(GVHD)and infection       remain the main problems in allo-SCT. Gastrointestinal tract is targeted by GVHD.       In intestinal GVHD, intestinal stem cells and Paneth cells reside at the base of       crypts are damaged by donor T cells. These damage leads to disruption of       intestinal mucosal barrier and intestinal dysbiosis, resulting in more       exaggerated GVHD. Recently, we and others have reported that R-Spondin1 and       interleukin-22 as factors regenerated intestinal tissue homeostasis in murine       model of bone marrow transplantation. It is important to understand biology of       various cells targeted by intestinal GVHD and develop novel methods to protect       them from GVHD damage."
Biomarkers in Graft-Versus-Host Disease: from Prediction and Diagnosis to       Insights into Complex Graft/Host Interactions.,"PURPOSE OF REVIEW: Acute graft versus host disease (aGVHD) is a frequent cause of       treatment-related mortality after allogeneic hematopoietic stem cell       transplantation (alloHCT), with few effective treatment options beyond systemic       steroids. Discovery of biomarkers for aGVHD may provide insight into the       pathophysiology of aGVHD and suggest novel mechanisms for treatment. RECENT       FINDINGS: We highlight biomarkers within innate immune activation,       T-cell-mediated tissue damage, endothelial damage, dysbiosis, and poor wound       healing that can be obtained prior to transplant, in the early transplant period,       or at the onset of aGVHD. aGVHD biomarkers have predictive and prognostic utility       but also suggest novel mechanisms of recipient tissue damage and impaired       regenerative capacity. These mechanisms should be further studied and tested in       therapeutic clinical trials to improve outcomes post-alloHCT."
Dental Biofilm Microbiota Dysbiosis Is Associated With the Risk of Acute       Graft-Versus-Host Disease After Allogeneic Hematopoietic Stem Cell       Transplantation.,"Acute graft-versus-host disease (aGVHD) is one of the major causes of death after       allogeneic hematopoietic stem cell transplantation (allo-HSCT). Recently, aGVHD       onset was linked to intestinal microbiota (IM) dysbiosis. However, other       bacterial-rich gastrointestinal sites, such as the mouth, which hosts several       distinctive microbiotas, may also impact the risk of GVHD. The dental biofilm       microbiota (DBM) is highly diverse and, like the IM, interacts with host cells       and modulates immune homeostasis. We characterized changes in the DBM of patients       during allo-HSCT and evaluated whether the DBM could be associated with the risk       of aGVHD. DBM dysbiosis during allo-HSCT was marked by a gradual loss of       bacterial diversity and changes in DBM genera composition, with commensal genera       reductions and potentially pathogenic bacteria overgrowths. High Streptococcus       and high Corynebacterium relative abundance at preconditioning were associated       with a higher risk of aGVHD (67% vs. 33%; HR = 2.89, P = 0.04 and 73% vs. 37%; HR       = 2.74, P = 0.04, respectively), while high Veillonella relative abundance was       associated with a lower risk of aGVHD (27% vs. 73%; HR = 0.24, P < 0.01).       Enterococcus faecalis bloom during allo-HSCT was observed in 17% of allo-HSCT       recipients and was associated with a higher risk of aGVHD (100% vs. 40%; HR =       4.07, P < 0.001) and severe aGVHD (60% vs. 12%; HR = 6.82, P = 0.01). To the best       of our knowledge, this is the first study demonstrating that DBM dysbiosis is       associated with the aGVHD risk after allo-HSCT."
Experimental and clinical gnotobiotics: influence of the microflora on       graft-versus-host disease after allogeneic bone marrow transplantation.,"One of the major complications of allogeneic bone marrow transplantation (BMT) is       graft-versus-host disease (GvHD), which is caused by donor type lymphocytes which       react against the recipient's tissues. An important factor which influences GvHD       is the recipient's gastrointestinal microflora. This was originally observed in       gnotobiotic mice. Infusion of 10(7) H-2 incompatible bone marrow cells into       lethally irradiated (9.0 Gy X-rays) conventional mice results in a late onset       type GvHD which causes the death of the majority of the recipients during the       first two months after BMT. This mortality can be completely prevented if the       recipients are germfree mice, or when they are conventional animals which have       been subjected to complete or selective gastrointestinal decontamination (GID).       In a mouse model, the mechanism responsible for the influence of the microflora       on GvHD after allogeneic BMT was investigated. These studies indicate that GvHD       can be induced by activated T-lymphocytes from donor origin reacting against       bacterial antigens which might be cross-reactive with the recipient's epithelial       tissue antigens. Activation of these T-lymphocytes is confined to antigens of       certain bacterial species of the recipient which are not present in the       indigenous microflora of the donor mice. These bacteria most likely belong to the       anaerobic flora of the recipient. The latter hypothesis is strongly supported by       the observation in human patients that, in contrast to complete GID, selective       decontamination of the gastrointestinal tract did not have any beneficial effect       on moderately severe to severe GvHD after transplantation with MHC-matched       sibling donor bone marrow grafts."
The clinical role of the gut microbiome and fecal microbiota transplantation in allogeneic stem cell transplantation,"Outcomes of allogeneic hematopoietic stem cell transplantation (allo- HSCT) have improved in the recent decade; however, infections and graft-versus-host disease remain two leading complications significantly contributing to early transplant-related mortality. In past years, the human intestinal microbial composition (microbiota) has been found to be associated with various disease states, including cancer, response to cancer immunotherapy and to modulate the gut innate and adaptive immune response. In the setting of allo-HSCT, the intestinal microbiota diversity and composition appear to have an impact on infection risk, mortality and overall survival. Microbial metabolites have been shown to contribute to the health and integrity of intestinal epithelial cells during inflammation, thus mitigating graft-versus-host disease in animal models. While the cause-andeffect relationship between the intestinal microbiota and transplant-associated complications has not yet been fully elucidated, the above findings have already resulted in the implementation of various interventions aiming to restore the intestinal microbiota diversity and composition. Among others, these interventions include the administration of fecal microbiota transplantation. The present review, based on published data, is intended to define the role of the latter approach in the setting of allo-HSCT."
The association between the incidence of intestinal graft-vs-host disease and       antibiotic use after allogeneic hematopoietic stem cell transplantation.,"Intestinal microbiota plays an important role in the regulation of allogeneic       immune reaction after allogeneic hematopoietic stem cell transplantation       (allo-SCT). Intestinal graft-vs-host disease (GVHD) is one of the major causes of       mortality after allo-SCT and often complicated with intestinal dysbiosis. Recent       studies suggest that antibiotic-induced dysbiosis is a risk factor for intestinal       GVHD. We retrospectively evaluated the impacts of antibiotic use on the incidence       of intestinal GVHD occurring before day 100 after allo-SCT. Among 213 patients       who underwent allo-SCT, 200 patients achieving engraftment were analyzed.       Antibiotics were classified into carbapenem, quinolone, penicillin, cephem, and       glycopeptide. Among 128 patients who developed acute GVHD, intestinal GVHD       developed in 36 patients. Patients with intestinal GVHD received significantly       longer administration of carbapenem and glycopeptide compared to those without it       in periengraftment period. In multivariate analysis, use of carbapenem for       greater than 7¬†days was associated with an increased risk of intestinal GVHD.       However, use of antibiotics for greater than 7¬†days was not associated with poor       overall survival and high nonrelapse mortality. Long use of carbapenem in       periengraftment period may be a risk for intestinal GVHD. Prospective studies are       required to validate our findings."
Current Concepts and Advances in Graft-Versus-Host Disease Immunology.,"Worldwide, each year over 30,000 patients undergo an allogeneic hema-topoietic       stem cell transplantation with the intent to cure high-risk hematologic       malignancy, immunodeficiency, metabolic disease, or a life-threatening bone       marrow failure syndrome. Despite substantial advances in donor selection and       conditioning regimens and greater availability of allograft sources, transplant       recipients still endure the morbidity and mortality of graft-versus-host disease       (GVHD). Herein, we identify key aspects of acute and chronic GVHD       pathophysiology, including host/donor cell effectors, gut dysbiosis, immune       system and cytokine imbalance, and the interface between inflammation and tissue       fibrosis. In particular, we also summarize the translational application of this       heightened understanding of immune dysregulation in the design of novel therapies       to prevent and treat GVHD."
Prolonged gut microbial alterations in post-transplant survivors of allogeneic       haematopoietic stem cell transplantation.,"Dysbiosis of the gut microbiota has been reported to increase early complications       after allogeneic haematopoietic stem cell transplantation (allo-HSCT). However,       it remains unclear whether gut microbial alterations persist during late       complications, such as chronic graft-versus-host disease (cGVHD) or secondary       cancers. Here, we analysed the gut microbiota of 59 patients who survived for       1-21.7‚Äâyears (median, 6.4‚Äâyears) after allo-HSCT. Long-term survivors showed       lower gut microbial diversity than the age- and sex-matched healthy controls.       This decreased diversity was reflected in the reduced abundance of the       butyrate-producing bacteria. Patients with a history of grade 3 acute       graft-versus-host disease (aGVHD) exhibited higher Veillonella abundance than       patients with a history of grade 1-2 or non-aGVHD cases. The abundance of       Faecalibacterium showed no decrease only in limited cGVHD cases. Additionally,       the microbial structure in the secondary cancer group was significantly different       (p‚Äâ<‚Äâ0.05) from that in the non-secondary cancer group. This study is the first       to show that microbial dysbiosis is present over a 10-year lifetime after       discharge following allo-HSCT. Our results suggest that these prolonged gut       microbial alterations may be associated with the development and exacerbation of       late complications in post-transplant survivors."
Prolonged gut microbial alterations in post-transplant survivors of allogeneic haematopoietic stem cell transplantation,
Distinct Regulatory and Effector T Cell Metabolic Demands during       Graft-Versus-Host Disease.,"Despite graft-versus-host disease (GVHD) prophylactic agents, the success and       wider utilization of allogeneic hematopoietic stem cell transplantation       (allo-HSCT) is limited by GVHD. Increasing donor graft regulatory T¬†cell       (Treg):effector T¬†cell (Teff) ratios can substantially reduce GVHD in cancer       patients, but pre-HSCT conditioning regimens and GVHD create a challenging       inflammatory environment for Treg stability, persistence, and function.       Metabolism plays a crucial role in¬†T¬†cell and Treg differentiation, and       development of effector function. Although glycolysis is a¬†main driver of       allogeneic T¬†cell-driven GVHD, oxidative phosphorylation is a main driver of¬†Treg       suppressor function. This review focuses on recent advances in our understanding       of Treg metabolism in the context of GVHD, and discusses potential therapeutic       applications of Tregs in the prevention or treatment of GVHD in cancer patients."
Metagenomic Analysis of the Stool Microbiome in Patients Receiving Allogeneic Stem Cell Transplantation: Loss of Diversity Is Associated with Use of Systemic Antibiotics and More Pronounced in Gastrointestinal Graft-versus-Host Disease," Next-generation sequencing of the hypervariable V3 region of the 16s rRNA gene isolated from serial stool specimens collected from 31 patients receiving allogeneic stem cell transplantation (SCT) was performed to¬†elucidate variations in the composition of the intestinal microbiome in the course of allogeneic SCT. Metagenomic analysis was complemented by strain-specific enterococcal PCR and indirect assessment of bacterial load by liquid chromatography-tandem mass spectrometry of urinary indoxyl sulfate. At the time of admission, patients showed a predominance of commensal bacteria. After transplantation, a relative shift toward enterococci was observed, which was more pronounced under antibiotic prophylaxis and treatment of neutropenic infections. The shift was particularly prominent in patients that developed subsequently or suffered from active gastrointestinal (GI) graft-versus-host disease (GVHD). The mean proportion of enterococci in post-transplant stool specimens was 21% in patients who did not develop GI GVHD as compared with 46% in those that subsequently developed GI GVHD and 74% at the time of active GVHD. Enterococcal PCR confirmed predominance of Enterococcus faecium or both E.¬†faecium and Enterococcus faecalis in these specimens. As a consequence of the loss of bacterial diversity, mean urinary indoxyl sulfate¬†levels dropped from 42.5¬†¬±¬†11¬†Œºmol/L to 11.8¬†¬±¬†2.8¬†Œºmol/L in all post-transplant samples and to 3.5¬†¬±¬†3¬†Œºmol/L in samples from patients with active GVHD. Our study reveals major microbiome shifts in the course of allogeneic SCT that occur in the period of antibiotic treatment but are more prominent in association with GI GVHD. Our data indicate early microbiome shifts and a loss of diversity of the intestinal microbiome that may affect intestinal inflammation in the setting of allogeneic SCT."
Interplay Between the Intestinal Microbiota and Acute Graft-Versus-Host Disease: Experimental Evidence and Clinical Significance,"Allogeneic hematopoietic stem cell transplantation (allo-HSCT) is a potentially curative therapy for many hematological disorders and autoimmune diseases, but acute graft-versus-host disease (aGVHD) has remained a major obstacle that limits allo-HSCT and exhibits a daunting mortality rate. The gastrointestinal system is among the most common sites affected by aGVHD. Experimental advances in the field of intestinal microbiota research enhanced our understanding - not only of the quantity and diversity of intestinal microbiota - but also their association with homeostasis of the immune system and disease pathogenesis, including that of aGVHD. Meanwhile, ever-growing clinical evidence suggest that the intestinal microbiota is dysregulated in patients who develop aGVHD and that the imbalance may affect clinical outcomes, indicating a potential predictive role for microbiota dysregulation in aGVHD severity and prognosis. The current animal and human studies investigating the intestinal microbiota in aGVHD and the understanding of the influence and management of the microbiota in the clinic are reviewed herein. Taken together, monitoring and remodeling the intestinal microecology following allo-HSCT may provide us with promising avenues for diagnosing, preventing or treating aGVHD in the clinic."
Pharmacomicrobiomics in blood cancers: How the gut microbiome and its metabolites       shape drug efficacy and toxicity.,"Clinical management of hematologic cancers is frequently complicated by marked,       unpredictable inter-patient variation in both therapeutic benefit and adverse       effects. Beyond host genetics, accumulating mechanistic and translational data       implicate the gut microbiota and its small-molecule metabolome as active       modifiers of drug chemistry, host immune tone, and clinical outcomes. In this       review we synthesize three recurring, actionable findings: (1) discrete microbial       enzymes, most prominently bacterial Œ≤-glucuronidases, repeatedly re-activate       hepatic drug-glucuronides in the gut and amplify local gastrointestinal toxicity       (e.g., irinotecan and mycophenolate), a pathway successfully targeted in       preclinical and translational studies. (2) loss of anaerobic short-chain fatty       acid production, especially butyrate, is a recurrent, causal mediator of mucosal       injury and aggravated graft-versus-host disease after allogeneic hematopoietic       cell transplantation. (3) reduced gut microbial diversity and the depletion of       key functional taxa predict worse transplant outcomes (including mortality),       arguing that baseline ecosystem state is a prognostic biomarker that merits       routine consideration in trial design. Building on these syntheses, we propose a       compact clinical framework for hematology trials and practice: (A) baseline       ecosystem phenotyping (shotgun metagenome + targeted metabolite panel including       butyrate and measured bacterial Œ≤-glucuronidase activity), (B) risk-stratified       interventions (enzyme-targeted inhibitors, defined consortia, or metabolite       replacement for high-risk patients), and (C) embedded holo-omic endpoints to       confirm on-target biochemical modulation and link molecular change to clinical       benefit. Together, these elements move Pharmacomicrobiomics beyond descriptive       cataloging toward mechanistic stratification and testable interventions that can       reduce unexplained variability in drug response and toxicity for patients with       leukemia, lymphoma and myeloma."
Associations of the gut microbiome and clinical factors with acute GVHD in       allogeneic HSCT recipients.,"Acute graft-versus-host disease (aGVHD) is a leading cause of       transplantation-related mortality after allogeneic hematopoietic stem cell       transplantation (aHSCT). 16S ribosomal RNA (16S rRNA) gene-based studies have       reported that lower gut bacterial diversity and the relative abundance of certain       bacteria after aHSCT are associated with aGVHD. Using shotgun metagenomic       sequencing and a large cohort, we aimed to confirm and extend these observations.       Adult aHSCT recipients with stool samples collected from day -30 to day 100       relative to aHSCT were included. One sample was selected per patient per period       (pre-aHSCT (day -30 to day 0), early post-aHSCT (day 1 to day 28), and late       post-aHSCT (day 29 to day 100)), resulting in 150 aHSCT recipients and 259       samples. Microbial and clinical factors were tested for differences between time       periods and an association with subsequent aGVHD. Patients showed a decline in       gut bacterial diversity posttransplant, with several patients developing a       dominance of Enterococcus. A total of 36 recipients developed aGVHD at a median       of 34 days (interquartile range, 26-50 days) post-aHSCT. Lower microbial gene       richness (P = .02), a lower abundance of the genus Blautia (P = .05), and a lower       abundance of Akkermansia muciniphila (P = .01) early post-aHSCT was observed in       those who developed aGVHD. Myeloablative conditioning was associated with aGVHD       along with a reduction in gene richness and abundance of Blautia and A       muciniphila. These results confirm low diversity and Blautia being associated       with aGVHD. Crucially, we add that pretransplant conditioning is associated with       changes in gut microbiota. Investigations are warranted to determine the       interplay of gut microbiota and conditioning in the development of aGVHD."
Understanding Luminal Microorganisms and Their Potential Effectiveness in Treating Intestinal Inflammation,
Specific gut microbiome members are associated with distinct immune markers in pediatric allogeneic hematopoietic stem cell transplantation,"Increasing evidence reveals the importance of the microbiome in health and disease and inseparable host-microbial dependencies. Host-microbe interactions are highly relevant in patients receiving allogeneic hematopoietic stem cell transplantation (HSCT), i.e., a replacement of the cellular components of the patients‚Äô immune system with that of a foreign donor. HSCT is employed as curative immunotherapy for a number of non-malignant and malignant hematologic conditions, including cancers such as acute lymphoblastic leukemia. The procedure can be accompanied by severe side effects such as infections, acute graft-versus-host disease (aGvHD), and death. Here, we performed a longitudinal analysis of immunological markers, immune reconstitution and gut microbiota composition in relation to clinical outcomes in children undergoing HSCT. Such an analysis could reveal biomarkers, e.g., at the time point prior to HSCT, that in the future could be used to predict which patients are of high risk in relation to side effects and clinical outcomes and guide treatment strategies accordingly. In two multivariate analyses (sparse partial least squares regression and canonical correspondence analysis), we identified three consistent clusters: (1) high concentrations of the antimicrobial peptide human beta-defensin 2 (hBD2) prior to the transplantation in patients with high abundances of Lactobacillaceae, who later developed moderate or severe aGvHD and exhibited high mortality. (2) Rapid reconstitution of NK and B cells in patients with high abundances of obligate anaerobes such as Ruminococcaceae, who developed no or mild aGvHD and exhibited low mortality. (3) High inflammation, indicated by high levels of C-reactive protein, in patients with high abundances of facultative anaerobic bacteria such as Enterobacteriaceae. Furthermore, we observed that antibiotic treatment influenced the bacterial community state. We identify multivariate associations between specific microbial taxa, host immune markers, immune cell reconstitution, and clinical outcomes in relation to HSCT. Our findings encourage further investigations into establishing longitudinal surveillance of the intestinal microbiome and relevant immune markers, such as hBD2, in HSCT patients. Profiling of the microbiome may prove useful as a prognostic tool that could help identify patients at risk of poor immune reconstitution and adverse outcomes, such as aGvHD and death, upon HSCT, providing actionable information in guiding precision medicine."
Microbiota long-term dynamics and prediction of acute graft-versus-host disease in pediatric allogeneic stem cell transplantation,"Patients undergoing allogeneic hematopoietic stem cell transplantation (HSCT) exhibit changes in their gut microbiota and are experiencing a range of complications, including acute graft-versus-host disease (aGvHD). It is unknown if, when, and under which conditions a re-establishment of microbial and immunological homeostasis occurs. It is also unclear whether microbiota long-term dynamics occur at other body sites than the gut such as the mouth or nose. Moreover, it is not known whether the patients‚Äô microbiota prior to HSCT holds clues to whether the patient would suffer from severe complications subsequent to HSCT. Here, we take a holobiont perspective and performed an integrated host-microbiota analysis of the gut, oral, and nasal microbiota in 29 children undergoing allo-HSCT. The bacterial diversity decreased in the gut, nose, and mouth during the first month and reconstituted again 1‚Äì3 months after allo-HSCT. The microbial community composition traversed three phases over 1 year. Distinct taxa discriminated the microbiota temporally at all three body sides, including Enterococcus spp., Lactobacillus spp., and Blautia spp. in the gut. Of note, certain microbial taxa appeared already changed in the patients prior to allo-HSCT as compared with healthy children. Acute GvHD occurring after allo-HSCT could be predicted from the microbiota composition at all three body sites prior to HSCT. The reconstitution of CD4+ T cells, TH17, and B cells was associated with distinct taxa of the gut, oral, and nasal microbiota. This study reveals for the first time bacteria in the mouth and nose that may predict aGvHD. Monitoring of the microbiota at different body sites in HSCT patients and particularly through involvement of samples prior to transplantation may be of prognostic value and could assist in guiding personalized treatment strategies. The identification of distinct bacteria that have a potential to predict post-transplant aGvHD might provide opportunities for an improved preventive clinical management, including a modulation of microbiomes. The host-microbiota associations shared between several body sites might also support an implementation of more feasible oral and nasal swab sampling-based analyses. Altogether, the findings suggest that the microbiota and host factors together could provide actionable information to guiding precision medicine. 92cAJ6KC3SeHUVAFGfZKuDVideo Abstract Video Abstract"
Mucosal microbiotas and their role in stem cell transplantation.,"Mucosal microbiotas and their role in stem cell transplantation. Patients with       hematological disorders such as leukemia often undergo allogeneic hematopoietic       stem cell transplantation, and thereby receive stem cells from a donor for       curation of disease. This procedure also involves immunosuppressive and       antimicrobial treatments that disturb the important interactions between the       microbiota and the immune system, especially at mucosal sites. After       transplantation, bacterial diversity decreases together with a depletion of       Clostridia, and shifts toward predominance of Proteobacteria. Infectious and       inflammatory complications, such as graft-versus-host disease, also interfere       with patient recovery. This review collects and contextualizes current knowledge       of the role of mucosal microbiotas at different body sites in stem cell       transplantation, proposes underlying mechanisms, and discusses potential clinical       value of bacterial markers for improved treatment strategies."
Additional file 15: of Specific gut microbiome members are associated with distinct immune markers in pediatric allogeneic hematopoietic stem cell transplantation,
Effect of Antibiotics With Anaerobic Coverage on Graft-Versus-Host Disease in       Patients Undergoing Allogeneic Hematopoietic Stem Cell Transplantation: A       Systematic Review and Meta-Analysis.,"BACKGROUND: Broad-spectrum antibiotics are standard for febrile neutropenia (FN)       in allogeneic hematopoietic stem cell transplantation (HSCT) but may disrupt gut       microbiota, increasing the risk of graft-versus-host disease (GVHD). However,       current evidence on the effects of anaerobic versus limited anaerobic antibiotic       coverage on GVHD-related outcomes remains inconclusive. METHODS: We       systematically searched for studies assessing overall survival, acute GVHD       incidence, and GVHD-related mortality in patients with allogeneic HSCT receiving       antibiotics with anaerobic versus limited anaerobic coverage. A random-effects       meta-analysis calculated risk ratios (RRs) and 95% confidence intervals (CIs)       after assessing bias risk. RESULTS: Six of the 323 screened studies met the       inclusion criteria, encompassing 2169 patients: five studies included adult       populations, and one included a pediatric population. Meta-analysis revealed no       significant difference in 1-year overall survival between the anaerobic and the       limited anaerobic coverage groups (RR: 1.01; 95% CI: 0.92-1.12). Acute GVHD       incidence was significantly higher in the anaerobic coverage group than in the       limited anaerobic coverage group (RR: 1.33; 95% CI: 1.17-1.51). GVHD-related       mortality tended to be higher in the anaerobic coverage group than in the limited       coverage group (RR: 1.65; 95% CI: 0.94-2.91). Of the six studies, three had a       high risk of bias. Moderate heterogeneity was observed between citations       regarding GVHD-related mortality (I(2) = 63%). CONCLUSION: Antibiotics with       anaerobic coverage appear to increase acute GVHD incidence in patients who       received an allogeneic HSCT compared to antibiotics with limited anaerobic       coverage. However, the strength of this conclusion is limited by the quality of       available evidence. Further well-designed research is necessary to clarify the       impact of anaerobic antibiotic coverage on GVHD-related outcomes."
Possible clinical outcomes using early enteral nutrition in individuals with       allogeneic hematopoietic stem cell transplantation: A single-center retrospective       study.,"OBJECTIVES: Intensive nutritional support during allogeneic hematopoietic stem       cell transplantation (allo-HSCT) yields improved clinical outcomes. However, the       clinical implications of early enteral nutrition (EN) in allo-HSCT remain       unclear. This retrospective study was conducted to determine the significance of       early EN in individuals who underwent allo-HSCT, and the association between       early nutritional intervention and clinical outcomes, including the status of the       intestinal microbiome. METHODS: Thirty-one participants received EN before       conditioning. The intestinal microbiota was examined by meta 16S rRNA gene       sequencing of fecal samples. RESULTS: The median body mass variation was only       -0.35 kg on day 60. The probability of 2-y overall survival was 61.1%. The       cumulative incidence of treatment-related mortality was 17.4%, and those of acute       graft-versus-host disease were 32.3% (grades II-IV) and 3.2% (grades III-IV).       Chronic graft-versus-host disease was observed in four participants. Dysbiosis of       the intestines and acute graft-versus-host disease occurred simultaneously, and       Enterococcus species were abundant. CONCLUSIONS: Our results suggest that early       nutritional support can improve the outcomes for individuals who have undergone       allo-HSCT and can maintain homeostasis of their intestinal microbiome. Future       prospective clinical trials are required to elucidate the role of EN in allo-HSCT       and the association between the intestinal microbiome and EN."
Clostridioides difficile Infection and Risk of Acute Graft-versus-Host Disease       among Allogeneic Hematopoietic Stem Cell Transplantation Recipients.,"Clostridioides difficile infection (CDI) is a major cause of infectious diarrhea       among allogeneic hematopoietic stem cell transplantation (allo-HSCT) recipients.       The relationship between CDI and acute graft-versus-host disease (aGVHD) has been       a topic of interest, as these 2 conditions may influence each other. We studied       the temporal relationship of CDI to aGVHD in the first 100 days       post-transplantation in a large cohort of allo-HSCT recipients. We performed a       retrospective cohort study of adult patients undergoing their first allo-HSCT at       our tertiary care medical center between January 1, 2010, and December 31, 2016.       Patients were followed for CDI diagnosis, development of aGVHD, and vital status       up to day +100 post-transplantation. Descriptive statistics and multivariate Cox       models with CDI as a time-varying covariate and aGVHD and high-grade aGVHD as       outcomes were used for data analyses. A total of 656 allo-HSCT recipients were       included in the analysis. Of these, 419 (64%) developed aGVHD, and 111 (17%) were       diagnosed with CDI within the first 100 days post-transplantation. CDI developed       before the onset of aGVHD in 72 of the 84 allo-HSCT recipients (85%) with both       CDI and aGVHD. Fidaxomicin was used in the treatment of 57 of the 111 CDI cases       (50%), whereas vancomycin was used in 52 (47%). Most of the CDI cases (88%) were       diagnosed in the peritransplantation period (between day -10 and day +10). The       median time to the development of CDI and aGVHD was 3.5 days (range, -7 to 95       days) and 33 days (range, 9 to 98 days) post-transplantation, respectively. Using       multivariate Cox model, the following predictors were significantly associated       with the development of aGVHD: CDI (adjusted hazard ratio [aHR], 1.52; 95%       confidence interval [CI], 1.17 to 1.97; P‚ÄØ=‚ÄØ.0018), transplantation from a       matched related donor (MRD) compared with a matched unrelated donor (aHR, 0.68;       95% CI, 0.54 to 0.85; P‚ÄØ=‚ÄØ.0003), and myeloablative versus nonmyeloablative       conditioning (aHR, 2.45; 95% CI, 1.80 to 3.34; P < .0001), adjusting for age,       sex, race, underlying disease, cytomegalovirus CMV serostatus, transplant source,       and receipt of antithymocyte globulin (ATG). There was no association between CDI       and high-grade aGVHD after adjustment for age, underlying disease, transplant       type, intensity of conditioning, and receipt of ATG (aHR, 1.59; 95% CI, 0.95 to       2.66; P‚ÄØ=‚ÄØ.0755). CDI after allo-HSCT is associated with increased risk of GVHD       when no CDI prophylaxis was used. Further studies examining CDI preventive       measures, including prophylaxis, as well as the preservation or reconstitution of       the gastrointestinal microbiome in the setting of HSCT are warranted."
Multimodal immune cell phenotyping in GI biopsies reveals microbiome-related T cell modulations in human GvHD,"Acute graft-versus-host disease (aGvHD) is a significant complication after allogeneic hematopoietic stem cell transplantation (aHSCT), but major factors determining disease severity are not well defined yet. By combining multiplexed tissue imaging and single-cell RNA sequencing on gastrointestinal biopsies from aHSCT-treated individuals with fecal microbiome analysis, we link high microbiome diversity and the abundance of short-chain fatty acid-producing bacteria to the sustenance of suppressive regulatory T¬†cells (Tregs). Furthermore, aGvHD severity strongly associates with the clonal expansion of mainly CD8 T¬†cells, which we find distributed over anatomically distant regions of the gut, persistent over time, and inversely correlated with the presence of suppressive Tregs. Overall, our study highlights the pathophysiological importance of expanded CD8 T¬†cell clones in the progression of aGvHD toward more severe clinical manifestations and strongly supports the further development of microbiome interventions as GvHD treatment via repopulation of the gut Treg niche to suppress inflammation."
Intestinal Blautia Is Associated with Reduced Death from Graft-versus-Host Disease," The relationship between intestinal microbiota composition and acute graft-versus-host disease (GVHD) after allogeneic blood/marrow transplantation (allo-BMT) is not well understood. Intestinal bacteria have long been thought to contribute to GVHD pathophysiology, but recent animal studies in nontransplant settings have found that anti-inflammatory effects are mediated by certain subpopulations of intestinal commensals. Hypothesizing that a more nuanced relationship may exist between the intestinal bacteria and GVHD, we evaluated the fecal bacterial composition of 64 patients 12 days after BMT. We found that increased bacterial diversity was associated with reduced GVHD-related mortality. Furthermore, harboring increased amounts of bacteria belonging to the genus Blautia was associated with reduced GVHD lethality in this cohort and was confirmed in another independent cohort of 51 patients from the same institution. Blautia abundance was also associated with improved overall survival. We evaluated the abundance of Blautia with respect to clinical factors and found that loss of Blautia was associated with treatment with antibiotics that inhibit anaerobic bacteria and receiving total parenteral nutrition for longer durations. We conclude that increased abundance of commensal bacteria belonging to the Blautia genus is associated with reduced lethal GVHD and improved overall survival."
Regulation of intestinal inflammation by microbiota following allogeneic bone marrow transplantation,"Despite a growing understanding of the link between intestinal inflammation and resident gut microbes, longitudinal studies of human flora before initial onset of intestinal inflammation have not been reported. Here, we demonstrate in murine and human recipients of allogeneic bone marrow transplantation (BMT) that intestinal inflammation secondary to graft-versus-host disease (GVHD) is associated with major shifts in the composition of the intestinal microbiota. The microbiota, in turn, can modulate the severity of intestinal inflammation. In mouse models of GVHD, we observed loss of overall diversity and expansion of Lactobacillales and loss of Clostridiales. Eliminating Lactobacillales from the flora of mice before BMT aggravated GVHD, whereas reintroducing the predominant species of Lactobacillus mediated significant protection against GVHD. We then characterized gut flora of patients during onset of intestinal inflammation caused by GVHD and found patterns mirroring those in mice. We also identified increased microbial chaos early after allogeneic BMT as a potential risk factor for subsequent GVHD. Together, these data demonstrate regulation of flora by intestinal inflammation and suggest that flora manipulation may reduce intestinal inflammation and improve outcomes for allogeneic BMT recipients."
How's your microbiota? Let's check your urine.,"In this issue of Blood, Weber and colleagues demonstrate that in the first 10       days following allogeneic hematopoietic transplantation, urinary 3-indoxyl       sulfate is a biomarker of intestinal microbiota health and predicts reduced       intestinal graft-versus-host disease (GVHD) and treatment-related mortality, as       well as improved overall survival."
Intestinal Blautia Is Associated with Reduced Death from Graft-versus-Host Disease,
Effect of GVHD on the gut and intestinal microflora.,"Graft-versus-host disease (GVHD) is one of the most important cause of death in       patients undergoing allogeneic hematopoietic stem cell transplantation       (allo-HSCT). The gastrointestinal tract is one of the most common sites affected       by GVHD. However, there is no gold standard clinical practice for diagnosing       gastrointestinal GVHD (GI-GVHD), and it is mainly diagnosed by the patient's       clinical symptoms and related histological changes. Additionally, GI-GVHD causes       intestinal immune system disorders, damages intestinal epithelial tissue such as       intestinal epithelial cells((IEC), goblet, Paneth, and intestinal stem cells, and       disrupts the intestinal epithelium's physical and chemical mucosal barriers. The       use of antibiotics and diet alterations significantly reduces intestinal       microbial diversity, further reducing bacterial metabolites such as short-chain       fatty acids and indole, aggravating infection, and GI-GVHD. gut microbe diversity       can be restored by fecal microbiota transplantation (FMT) to treat refractory       GI-GVHD. This review article focuses on the clinical diagnosis of GI-GVHD and the       effect of GVHD on intestinal flora and its metabolites."
Metabolic Potential of the Gut Microbiome Is Significantly Impacted by Conditioning Regimen in Allogeneic Hematopoietic Stem Cell Transplantation Recipients,
Pre-transplant and longitudinal changes in faecal microbiome characteristics are       associated with subsequent development of chronic graft-versus-host disease.,"The role of the gastrointestinal microbiome in predisposing to chronic       graft-versus-host disease (cGVHD), an immune-mediated haematopoietic cell       transplant (HCT) complication, is not well defined. We examined the relationship       of the host faecal microbiome with subsequent cGVHD development by analysing       baseline stool samples as well as post-HCT changes in microbiome composition and       metabolite pathway analyses. We analysed pre-transplant baseline samples from 11       patients who subsequently developed cGVHD compared to 13 controls who did not       develop acute GVHD or cGVHD at any time. We found a significant differential       abundance of multiple taxa at baseline between cGVHD versus controls, including       the Actinobacteria phylum and Clostridium genus. A subgroup analysis of       longitudinal samples within each patient revealed a greater loss of alpha       diversity from baseline to post-engraftment in patients who subsequently       developed cGVHD. Metabolic pathways analysis revealed that two pathways       associated with short-chain fatty acid metabolism were enriched in cGVHD patient       microbiomes: Œ≤-oxidation and acyl-CoA synthesis, and Œ≥-aminobutyrate shunt. In       contrast, a tryptophan catabolism pathway was enriched in controls. Our findings       show a distinct pattern of baseline microbiome and metabolic capacity that may       play a role in modulating alloreactivity in patients developing cGVHD. These       findings support the therapeutic potential of microbiome manipulation for cGVHD       prevention."
Impact of percutaneous endoscopic gastrostomy on pediatric bone marrow       transplantation outcomes: Retrospectice single-center cohort study.,"BACKGROUND: Parenteral nutrition is commonly used to ensure nutrition support and       prevent the harmful effects of malnutrition, which frequently occurs after       allogeneic hematopoietic stem cell transplantation (aHSCT). Nevertheless, enteral       nutrition supports the restoration of the gut barrier and microbiome as well as       protects against infectious complications and acute graft-vs-host disease.       Percutaneous endoscopic gastrostomy (PEG) may also be beneficial for gastric       decompression and drug administration. METHODS: We performed a retrospective       cohort study to evaluate the impact of PEG on treatment outcomes in 75 children       who underwent aHSCT with (n‚Äâ=‚Äâ34) or without (n‚Äâ=‚Äâ41) PEG from 2005 to 2016.       RESULTS: In 34 patients, PEG was used to ensure enteral nutrition support       (n‚Äâ=‚Äâ30), oral drug intake (n‚Äâ=‚Äâ28), and abdominal decompression (n‚Äâ=‚Äâ2). During       the study period, we observed a beneficial association between PEG placement and       transplant-related mortality as well as 5-year overall survival compared with the       non-PEG group (12.9% vs 59.0%, P‚Äâ=‚Äâ0.000; 85.3% vs 35.1%, P‚Äâ=‚Äâ0.000,       respectively). The beneficial impact of PEG was most prominent on 5-year overall       survival in older children (12-17 years) with grafts from matched unrelated       donors. CONCLUSIONS: PEG placement had a positive association with transplant       outcomes in pediatric patients undergoing aHSCT. To confirm these results, larger       prospective studies are needed."
Impact of broad-spectrum antibiotic exposures and multidrug-resistant       gram-negative bacteremia on hematopoietic cell transplantation outcomes.,"INTRODUCTION: There is a close association between the use of broad-spectrum       antibiotics, gut microbiome alteration, multidrug resistant (MDR) gram-negative       bacilli (GNB) bacteremia, graft versus host disease (GVHD), and mortality       post-allogeneic hematopoietic cell transplantation (allo-HCT). This study reports       the impact of the high use of carbapenems and colistin and MDR bacteremia pre-       and post-HCT on HCT outcomes. METHODS: This was a single-center, partial       retrospective, and prospective study from 2016 to 2020. Both pre- and post-HCT       antibiotic exposures and blood culture/sensitivity were recorded. MDR GNB was       defined as either non-susceptibility to third-generation cephalosporin or       carbapenems. In the absence of positive cultures, the treating physician       escalated antibiotics from third-generation cephalosporins to carbapenem and/or       colistin as per clinical discretion. De-escalation policy was not strictly       enforced. RESULTS: MDR GNB bacteremia was seen in 29 of 76 (38%) of patients       peri-HCT. The utilization rates for carbapenems and colistin was significantly       higher in the cohort with MDR GNB bacteremia pre-HCT (70%¬†vs. 32%, p¬†=¬†0.002 and       31%¬†vs. 6.4%, p¬†=¬†0.007, respectively) and post-HCT (100%¬†vs. 74.5%, p¬†=¬†0.002,       and 55.2%¬†vs. 8.5%, p¬†<¬†0.0001, respectively). The cohort with MDR GNB bacteremia       had significantly more severe acute GVHD at day+100 (45%¬†vs. 17.5%, p¬†=¬†0.009).       The median survival was 204 days compared to not reached in the cohort without       any MDR GNB bacteremia (p¬†=¬†0.005). CONCLUSION: This study shows pre- and       post-HCT MDR GNB bacteremia is associated with an increased risk of severe acute       GVHD and mortality. Patients with MDR GNB bacteremia had higher exposure to pre-       and post-HCT carbapenems and colistin."
Integrated meta-omic analyses of the gastrointestinal tract microbiome in       patients undergoing allogeneic hematopoietic stem cell transplantation.,"In patients undergoing allogeneic hematopoietic stem cell transplantation       (allo-HSCT), treatment-induced changes to the gastrointestinal tract (GIT)       microbiome have been linked to adverse outcomes, most notably graft-versus-host       disease (GvHD). However, it is presently unknown whether this relationship is       causal or consequential. Here, we performed an integrated meta-omic analysis to       probe deeper into the GIT microbiome changes during allo-HSCT and its       accompanying treatments. We used 16S and 18S rRNA gene amplicon sequencing to       resolve archaea, bacteria, and eukaryotes within the GIT microbiomes of 16       patients undergoing allo-HSCT for the treatment of hematologic malignancies.       These results revealed a major shift in the GIT microbiome after allo-HSCT       including a marked reduction in bacterial diversity, accompanied by only limited       changes in eukaryotes and archaea. An integrated analysis of metagenomic and       metatranscriptomic data was performed on samples collected from a patient before       and after allo-HSCT for acute myeloid leukemia. This patient developed severe       GvHD, leading to death 9 months after allo-HSCT. In addition to drastically       decreased bacterial diversity, the post-treatment microbiome showed a higher       overall number and higher expression levels of antibiotic resistance genes       (ARGs). One specific Escherichia coli strain causing a paravertebral abscess was       linked to GIT dysbiosis, suggesting loss of intestinal barrier integrity. The       apparent selection for bacteria expressing ARGs suggests that prophylactic       antibiotic administration may adversely affect the overall treatment outcome. We       therefore assert that such analyses including information about the selection of       pathogenic bacteria expressing ARGs may assist clinicians in ""personalizing""       regimens for individual patients to improve overall outcomes."
Gut Microbiome Modulation and Faecal Microbiota Transplantation Following Allogenic Hematopoietic Stem Cell Transplantation,"Allogenic hematopoietic stem cell transplantation (allo-HSCT) represents a significant part of the treatment for hematologic malignancies and other types of diseases. Allo-HSCT-related complications, such as conditioning chemotherapy, graft-versus-host disease, mucositis, irradiation, administration of antibiotics, recurrent Clostridioides difficile infection, and many others, can alter the gut microbiota composition, leading to its imbalance. Consequently, the disruption of gut microbiota homeostasis and loss of gut-barrier integrity affect therapy efficacy. Thus, restoring gut microbiota diversity and maintaining its balance seem to be strongly needed in these cases. Promising effects were observed after fecal microbiota transplantation (FMT). Notwithstanding, FMT efficacy was confirmed in Clostridium difficile infection treatment in HSCT recipients. Gut microbiota may be also modified by prebiotics, probiotics, synbiotics, and postbiotics. However, the administration of fungal probiotics is associated with the risk of fungemia/septicemia, especially in immunocompromised patients. Nowadays, allogenic hematopoietic stem cell transplantation (allo-HSCT) is a curative therapy that is mainly recommended for hematologic malignancies. However, complications (such as graft-versus-host disease, mucositis, disease relapse, and infections) associated with the HSCT procedure contribute to the development of gut microbiota imbalance, gut-barrier disruption, and increased intestinal permeability. In the present narrative review, the crosstalk between gut microbiota products and intestinal homeostasis is discussed. Notably, gut-microbiota-related aspects have an impact on patients‚Äô clinical outcomes and overall survival. In accordance with the most recent published data, gut microbiota is crucial for the treatment effectiveness of many diseases, not only gastrointestinal cancers but also hematologic malignancies. Therefore, it is necessary to indicate a therapeutic method allowing to modulate gut microbiota in HSCT recipients. Currently, fecal microbiota transplantation (FMT) is the most innovative method used to alter/restore gut microbiota composition, as well as modulate its activity. Despite the fact that some previous data have shown promising results, the knowledge regarding FMT in HSCT is still strongly limited, except for the treatment of Clostridium difficile infection. Additionally, administration of prebiotics, probiotics, synbiotics, and postbiotics can also modify gut microbiota; however, this strategy should be considered carefully due to the high risk of fungemia/septicemia (especially in case of fungal probiotics)."
Obesity induces gut microbiota alterations and augments acute graft-versus-host disease after allogeneic stem cell transplantation,"The efficacy of allogeneic hematopoietic stem cell transplantation (allo-HSCT) is limited by acute and chronic graft-versus-host disease (GVHD). The impact of obesity on allo-HSCT outcomes is poorly understood. Here, we report that obesity had a negative and selective impact on acute gut GVHD after allo-HSCT in mice with diet-induced obesity (DIO). These animals exhibited increased gut permeability, endotoxin translocation across the gut, and radiation-induced gastrointestinal damage after allo-HSCT. After allo-HSCT, both male and female DIO mouse recipients showed increased proinflammatory cytokine production and expression of the GVHD marker ST2 (IL-33R) and MHC class II molecules; they also exhibited decreased survival associated with acute severe gut GVHD. This rapid-onset, obesity-associated gut GVHD depended on donor CD4+ T cells and occurred even with a minor MHC mismatch between donor and recipient animals. Retrospective analysis of clinical cohorts receiving allo-HSCT transplants from unrelated donors revealed that recipients with a high body mass index (BMI, >30) had reduced survival and higher serum ST2 concentrations compared with nonobese transplant recipients. Assessment of both DIO mice and allo-HSCT recipients with a high BMI revealed reduced gut microbiota diversity and decreased Clostridiaceae abundance. Prophylactic antibiotic treatment protected DIO mouse recipients from endotoxin translocation across the gut and increased inflammatory cytokine production, as well as gut pathology and mortality, but did not protect against later development of chronic skin GVHD. These results suggest that obesity-induced alterations of the gut microbiota may affect GVHD after allo-HSCT in DIO mice, which could be ameliorated by prophylactic antibiotic treatment."
The emerging roles of the gut microbiome in allogeneic hematopoietic stem cell transplantation,"Allogeneic hematopoietic stem cell transplantation (allo-HSCT) is used for the treatment of hematologic cancers and disorders. However, graft-versus-host disease (GVHD) in which the donor immune cells attack the genetically-disparate recipient is a significant cause of morbidity. Acute GVHD is an inflammatory condition and the gastrointestinal system is a major organ affected but is also tied to beneficial graft-versus-tumor (GVT) effects. There is increasing interest on the role of the microbiome on immune function as well as on cancer progression and immunotherapy outcomes. However, there are still significant unanswered questions on the role the microbiome plays in GVHD progression or how to exploit the microbiome in GVHD prevention or treatment. In this review, concepts of HSCT with the focus on GVHD pathogenesis as well as issues in preclinical models used to study GVHD will be discussed with an emphasis on the impact of the microbiome. Factors affecting the microbiome and GVHD outcome such as obesity are also examined. The bridging of preclinical models and clinical outcomes in relation to the role of the microbiome will also be discussed along with possibilities for therapeutic exploitation."
New investigational drugs for steroid-refractory acute graft-versus-host disease:       a review of the literature.,"INTRODUCTION: Steroid-refractory acute graft-versus-host disease (SR-aGVHD)       remains a formidable obstacle in the field of allogeneic hematopoietic cell       transplantation (allo-HCT), significantly contributing to patient morbidity and       mortality. The current therapeutic landscape for SR-aGVHD is limited, often       yielding suboptimal results, thereby emphasizing the urgent need for innovative       and effective treatments. AREAS COVERED: In light of the pivotal REACH2 trial,       ruxolitinib phosphate, a Janus kinase inhibitor, has gained prominence as the       standard treatment for SR-aGVHD. Nevertheless, a considerable number of patients       either do not respond to or cannot tolerate this therapy. This review delves into       emerging treatments for SR-aGVHD, including mesenchymal stromal cells (MSCs),       fecal microbiota transplantation (FMT), CD3/CD7 blockade, neihulizumab,       begelomab, tocilizumab, and vedolizumab. While some of these agents have shown       encouraging results in early-phase trials, issues such as treatment-related       toxicities and inconsistent responses in larger studies highlight the necessity       for ongoing research. EXPERT OPINION: Current trials exploring new agents and       combination therapies offer hope for fulfilling the unmet clinical needs in       SR-aGVHD, potentially leading to more effective and precise treatment strategies."
Early Clostridium difficile infection during allogeneic hematopoietic stem cell       transplantation.,"Clostridium difficile infection (CDI) is frequently diagnosed in recipients of       allogeneic hematopoietic stem cell transplantation (allo-HSCT). We characterized       early-transplant CDI and its associations, and analyzed serially-collected feces       to determine intestinal carriage of toxigenic C. difficile. Fecal specimens were       collected longitudinally from 94 patients during allo-HSCT hospitalization, from       the start of pre-transplant conditioning until up to 35 days after stem cell       infusion. Presence of C. difficile 16S rRNA and tcdB genes was determined.       Clinical variables and specimen data were analyzed for association with       development of CDI. Historical data from an additional 1144 allo-HSCT patients       was also used. Fecal specimens from 37 patients (39%) were found to harbor C.       difficile. Early-transplant CDI was diagnosed in 16 of 94 (17%) patients       undergoing allo-HSCT; cases were generally mild and resembled non-CDI diarrhea       associated with transplant conditioning. CDI was associated with preceding       colonization with tcdB-positive C. difficile and conditioning regimen intensity.       We found no associations between early-transplant CDI and graft-versus-host       disease or CDI later in transplant. CDI occurs with high frequency during the       early phase of allo-HSCT, where recipients are pre-colonized with toxigenic C.       difficile. During this time, CDI incidence peaks during pre-transplant       conditioning, and is correlated to intensity of the treatment. In this unique       setting, high rates of CDI may be explained by prior colonization and       chemotherapy; however, cases were generally mild and resembled non-infectious       diarrhea due to conditioning, raising concerns of misdiagnosis. Further study of       this unique population with more discriminating CDI diagnostic tests are       warranted."
Mucosal calprotectin is associated with severity of aGI-GVHD and poor outcomes       after allogeneic stem cell transplantation.,"Calprotectin, a calcium- and zinc-binding protein that comprises the subunits       S100A8 and S100A9, has been extensively studied as a biomarker of       gastrointestinal (GI) inflammation through fecal and serum analyses. However, its       role in intestinal tissue remains poorly understood because of the limited       availability of biopsy specimens. In this study, we analyzed S100A8 and S100A9       messenger RNA (mRNA) expression in 579 intestinal biopsy specimens from       allogeneic stem cell transplantation recipients and observed a strong association       with acute GI graft-versus-host disease (aGI-GVHD; P< .001). Neutrophil       infiltration correlated with the severity of aGI-GVHD (P< .001), and calprotectin       expression was strongly linked to Toll-like receptor 4 (TLR4; P< .001) and TLR2       (P< .001) expression. Both TLR4 and aGI-GVHD were associated with elevated       calprotectin mRNA levels (P< .001). When patients received broad-spectrum       antibiotics at disease onset, calprotectin expression was suppressed (S100A8, P =       .001; S100A9, P = .01). GI site-specific differences in calprotectin expression       were identified: during severe aGI-GVHD, levels increased up to 30-fold in the       small intestine and up to fivefold in the large intestine with respect to mild or       no aGI-GVHD, whereas under homeostasis, the large intestine exhibited higher       baseline calprotectin (P = .001). The high clinical relevance of this finding is       evident from the observation that calprotectin expression was prognostic for       transplant-related mortality. Our study suggests that (1) calprotectin is a       potential biopsy biomarker in aGI-GvHD and (2) calprotectin expression and       neutrophil infiltration possibly indicate translocation of microbiota, which (3)       may be modulated by antibiotics."
Intestinal Microbiota Influence Immune Tolerance Post Allogeneic Hematopoietic Cell Transplantation and Intestinal GVHD,"Under normal conditions our intestines are inhabited by trillions of diverse microorganisms composing the intestinal microbiota, which are mostly non-pathogenic anaerobic commensal bacteria vital for the maintenance of immune homeostasis. The composition and diversity of the intestinal microbiota can be disturbed by various factors including diet, antibiotics, and exposure to intestinal pathogens. Alterations of the intestinal microbiota contributes to many diseases including graft-vs.-host disease (GVHD), a life threatening complication that occurs after allogeneic hematopoietic cell transplantation (allo-HCT) caused by an allogeneic reaction of donor T cells against recipient target tissues. Intestinal GVHD is most difficult to treat and connected to a high mortality. Due to recent advances in high-throughput sequencing technology, composition of the microbiome during allo-HCT has been characterized, and some common patterns have been identified. Metabolites produced by intestinal bacteria were shown to promote intestinal tissue homeostasis and immune tolerance post-allo-HCT. In this review, we discuss the role of the intestinal microbiota and metabolites in the context of acute GVHD. Moreover, novel therapeutic approaches that aim at protecting or regenerating intestinal cell populations will be highlighted."
"[Recent Advances in Research on the Relationship between Gut Microbiota, Its       Metabolites, and Acute Myeloid Leukemia--Review].","Gut microbiota and its metabolites are associated with a variety of hematological       malignancies, including acute myeloid leukemia (AML). AML patients commonly       suffer from imbalances in intestinal homeostasis before and after chemotherapy       and allogeneic hematopoietic stem cell transplantation (allo-HSCT). The diversity       and abundance of gut microbiota, as well as the levels of metabolites, may be       biomarkers for predicting the occurrence of infection and graft-versus-host       disease (GVHD) in AML patients. In order to offer a theoretical foundation for       optimizing treatment strategies for AML patients, this review summarized the       latest research progress on gut microbiota and its metabolites in relation to the       occurrence, development, treatment and prognosis of AML."
"Strategies before, during, and after hematopoietic cell transplantation to       improve T-cell immune reconstitution.","T-cell immune reconstitution (IR) after allogeneic hematopoietic cell       transplantation (allo-HCT) is highly variable between patients and may take       several months to even years. Patients with delayed or unbalanced T-cell IR have       a higher probability of developing transplantation-related morbidity, mortality,       and relapse of disease. Hence, there is a need for strategies to better predict       and improve IR to reduce these limitations of allo-HCT. In this review, we       provide an update of current and in-near-future clinically relevant strategies       before, during, and after transplantation to achieve successful T-cell IR. Potent       strategies are choosing the right HCT source (eg, donor-recipient matching, cell       dose, graft manipulation), individualized conditioning and serotherapy (eg,       antithymocyte globulin), nutritional status, exercise, home care, modulation of       microbiota, enhancing homeostatic peripheral expansion, promoting thymopoiesis,       and the use of adjuvant-targeted cellular immunotherapies. Strategies to prevent       graft-versus-host disease are important as well because this complication and the       subsequent need for immunosuppression affects T-cell IR and function. These       options aim for personalized precision transplantation, where allo-HCT therapy is       designed to boost a well-balanced T-cell IR and limit complications in individual       patients, resulting in overall lower morbidity and higher survival chances."
Reconstitution of Circulating Mucosal-Associated Invariant T Cells after       Allogeneic Hematopoietic Cell Transplantation: Its Association with the       Riboflavin Synthetic Pathway of Gut Microbiota in Cord Blood Transplant       Recipients.,"Mucosal-associated invariant T (MAIT) cells are a type of innate lymphocyte and       recognize riboflavin (vitamin B2) synthesis products presented by MHC-related       protein 1. We investigated long-term reconstitution of MAIT cells and its       association with chronic graft-versus-host disease (cGVHD) in a cross-sectional       cohort of 173 adult patients after allogeneic hematopoietic cell transplantation.       According to donor source, the number of MAIT cells significantly correlated with       time after cord blood transplantation (CBT) but not with time after bone marrow       transplantation or peripheral blood stem cell transplantation. The number of MAIT       cells was significantly lower in patients with cGVHD compared with patients       without cGVHD. We also examined the association between MAIT cell reconstitution       and gut microbiota as evaluated by 16S ribosomal sequencing of stool samples 1 mo       post-CBT in 27 adult patients undergoing CBT. The diversity of gut microbiota was       positively correlated with better MAIT cell reconstitution after CBT.       Phylogenetic Investigation of Communities by Reconstruction of Unobserved States       analysis indicated that amounts of ribB and ribA genes were significantly higher       in the microbiomes of patients with subsequent MAIT cell reconstitution after       CBT. In conclusion, long-term MAIT cell reconstitution is dependent on the type       of donor source. Our data also unveiled an important role for the interaction of       circulating MAIT cells with gut microbiota in humans."
High Throughput Analysis Reveals Changes in Gut Microbiota and Specific Fecal Metabolomic Signature in Hematopoietic Stem Cell Transplant Patients,"There is mounting evidence for the emerging role of gut microbiota (GM) and its metabolites in profoundly impacting allogenic hematopoietic stem cell transplantation (allo-HSCT) and its subsequent complications, mainly infections and graft versus host-disease (GvHD). The present study was performed in order to investigate changes in GM composition and fecal metabolic signature between transplant patients (n = 15) and healthy controls (n = 18). The intestinal microbiota was characterized by NGS and gas chromatography‚Äìmass spectrometry was employed to perform untargeted analysis of fecal metabolites. We found lower relative abundances of Actinobacteria, Firmicutes, and Bacteroidetes and a higher abundance of Proteobacteria phylum after allo-HSCT. Particularly, the GvHD microbiota was characterized by a lower relative abundance of the short-chain fatty acid-producing bacteria, namely, the Feacalibacterium, Akkermansia, and Veillonella genera and the Lachnospiraceae family, and an enrichment in multidrug-resistant bacteria belonging to Escherichia, Shigella, and Bacteroides. Moreover, network analysis showed that GvHD was linked to a higher number of positive interactions of Blautia and a significant mutual-exclusion rate of Citrobacter. The fecal metabolome was dominated by lipids in the transplant group when compared with the healthy individuals (p < 0.05). Overall, 76 metabolites were significantly altered within transplant recipients, of which 24 were selected as potential biomarkers. Furthermore, the most notable altered metabolic pathways included the TCA cycle; butanoate, propanoate, and pyruvate metabolisms; steroid biosynthesis; and glycolysis/gluconeogenesis. Specific biomarkers and altered metabolic pathways were correlated to GvHD onset. Our results showed significant shifts in gut microbiota structure and fecal metabolites characterizing allo-HSCT."
Intestinal microbiota controls graft-versus-host disease independent of donor-host genetic disparity,"Acute graft-versus-host disease (aGVHD) remains a major limitation of allogeneic stem cell transplantation (SCT), and severe intestinal manifestation is the major cause of early mortality. Intestinal microbiota control MHC class II (MHC-II) expression by ileal intestinal epithelial cells (IECs) that promote GVHD. Here, we demonstrated that genetically identical mice of differing vendor origins had markedly different intestinal microbiota and ileal MHC-II expression, resulting in discordant GVHD severity. We utilized cohousing and antibiotic treatment to characterize the bacterial taxa positively and negatively associated with MHC-II expression. A large proportion of bacterial MHC-II inducers were vancomycin sensitive, and peri-transplant oral vancomycin administration attenuated CD4+ T¬†cell-mediated GVHD. We identified a similar relationship between pre-transplant microbes, HLA class II expression, and both GVHD and mortality in a large clinical SCT cohort. These data highlight therapeutically tractable mechanisms by which pre-transplant microbial taxa contribute to GVHD independently of genetic disparity."
Recent insights to the mechanisms of graft-versus-host disease.,"Allogeneic hematopoietic stem cell transplantation remains the cornerstone of       curative therapy for haematological malignancies but is limited by       graft-versus-host disease (GVHD), both acute and chronic. Exciting new approaches       have been developed to prevent GVHD in the last 5 years and some have already       successfully translated into the clinic. These strategies have been born from new       model systems that allow the dissection of alloantigen specific responses that       have in turn informed new disease paradigms. In this review, we discuss these       recent insights into the biology of GVHD that appear to be highly predictive for       improved clinical outcomes."
The primacy of gastrointestinal tract antigen-presenting cells in lethal       graft-versus-host disease.,"Allogeneic stem cell transplantation is a cornerstone of curative therapy for       high-risk and/or advanced hematological malignancies but remains limited by       graft-versus-host disease (GVHD). GVHD is initiated by the interaction between       recipient antigen-presenting cells (APCs) and donor T cells, culminating in       T-cell differentiation along pathogenic type-1 and type-17 paradigms at the       expense of tolerogenic regulatory T-cell patterns. Type-1 and type-17 T cells       secrete cytokines (eg, granulocyte-macrophage colony-stimulating factor and       interferon-Œ≥) critical to the cytokine storm that amplifies expansion of donor       APCs and their alloantigen presentation. It has become increasingly clear that       pathogenic donor T-cell differentiation is initiated by both professional       recipient APCs (eg, dendritic cells [DCs]) and nonprofessional APCs (eg,       epithelial and mesenchymal cells), particularly within the gastrointestinal (GI)       tract. In the immediate peritransplantation period, these APCs are profoundly       modified by pathogen-associated molecular pattern (PAMP)/damage-associated       molecular pattern (DAMP) signals derived from conditioning and intestinal       microbiota. Subsequently, donor DCs in the GI tract are activated by DAMP/PAMP       signals in the colon that gain access to the lamina propria once the mucosal       barrier mucosa is compromised by GVHD. This results in donor DC expansion and       alloantigen presentation in the colon and subsequent migration into the       mesenteric lymph nodes. Here, new donor T cells are primed, expanded,       differentiated, and imprinted with gut-homing integrins permissive of migration       into the damaged GI tract, resulting in the lethal feed-forward cascade of GVHD.       These new insights into our understanding of the cellular and molecular factors       initiating GVHD, both spatially and temporally, give rise to a number of logical       therapeutic targets, focusing on the inhibition of APC function in the GI tract."
Recent advances in acute gastrointestinal graft versus host disease (aGvHD):       aspects of steroid-resistant disease.,"Acute Graft versus Host Disease (aGvHD) is a common immunological complication       occurring in patients undergoing allogeneic hematopoietic stem cell       transplantation (allo-HSCT). Moreover, aGvHD is associated with a higher risk of       infections and metabolic complications, affecting non-relapse mortality. Progress       in transplantation has changed the prophylactic and therapeutic strategies of       aGvHD and improved patient outcomes. The standard first-line therapy remains       steroids, with a response rate of about 50%. The Janus Kinase 2 (JAK2) inhibitor,       ruxolitinib, is an effective second-line therapy. The management of patients who       developed a disease that is refractory to steroids and ruxolitinib, especially in       the severe gastrointestinal forms of aGvHD, is not validated and remains an unmet       medical need. In the article, we present the current clinical practice, as well       as the latest advances targeting pathophysiological pathways of GvHD and gut       microbiota, which may be a potential future of aGvHD therapy."
Microbiome: An Emerging New Frontier in Graft-Versus-Host Disease.,"Hematopoietic cell transplantation is an intensive therapy used to treat       high-risk hematological malignant disorders and other life-threatening       hematological and genetic diseases. Graft-versus-host disease (GVHD) presents a       barrier to its wider application. A conditioning regimen and medications given to       patients undergoing allogeneic hematopoietic stem cell transplantation (allo-HCT)       are capable of disturbing the homeostatic crosstalk between the microbiome and       the host immune system and of leading to dysbiosis. Intestinal inflammation in       the context of GVHD is associated with loss in microbial diversity that could       serve as an independent predictor of mortality. Successful gastrointestinal       decontamination using high doses of non-absorbable antibiotics likely affect       allo-HCT outcomes leading to significantly less acute GVHD (aGVHD).       Butyrate-producing Clostridia directly result in the increased presence of       regulatory T cells in the gut, which are protective in GVHD development. Beyond       the microbiome, Candida, a member of the mycobiome, colonization in the gut has       been considered as a risk factor in pathophysiology of aGVHD and reduction in       GVHD is observed with antifungal prophylaxis with fluconazole. Reduced number of       goblet cells and Paneth cells have¬†been shown to associate with GVHD and has a       significant impact on the micro- and mycobiome density and their composition.       Lower levels of 3-indoxyl sulfate at initial stages after allo-HCT are related       with worse GVHD outcomes and increased mortality. Increased understanding of the       vital role of the gut microbiome in GVHD can give directions to move the field       towards the development of improved innovative approaches for preventing or       treating GVHD following¬†allo-HCT."
Microbiome: an emerging new frontier in graft‚Äëversus‚Äëhost disease.,
Large-scale association analyses identify host factors influencing human gut microbiome composition,"To study the effect of host genetics on gut microbiome composition, the MiBioGen consortium curated and analyzed genome-wide genotypes and 16S fecal microbiome data from 18,340 individuals (24 cohorts). Microbial composition showed high variability across cohorts: only 9 of 410 genera were detected in more than 95% of samples. A genome-wide association study of host genetic variation regarding microbial taxa identified 31 loci affecting the microbiome at a genome-wide significant (P < 5 √ó 10‚àí8) threshold. One locus, the lactase (LCT) gene locus, reached study-wide significance (genome-wide association study signal: P = 1.28 √ó 10‚àí20), and it showed an age-dependent association with Bifidobacterium abundance. Other associations were suggestive (1.95 √ó 10‚àí10 < P < 5 √ó 10‚àí8) but enriched for taxa showing high heritability and for genes expressed in the intestine and brain. A phenome-wide association study and Mendelian randomization identified enrichment of microbiome trait loci in the metabolic, nutrition and environment domains and suggested the microbiome might have causal effects in ulcerative colitis and rheumatoid arthritis. Analysis of human genotypes and 16S microbiome data of 18,473 individuals from 25 cohorts through a genome-wide association study, a phenome-wide association study and Mendelian randomization identifies host genetic and microbial trait associations."
Fecal microbiota transplantation for Crohn's disease-like intestinal lesions       arising after allogeneic stem cell transplantation.,"Several cases of inflammatory bowel disease (or similar gastrointestinal lesions)       arising after allogeneic hematopoietic stem cell transplantation have been       reported, but the effect of intestinal dysbiosis on development of these lesions       remains unclear. We performed fecal microbiota transplantation (FMT) and 16S rRNA       microbiome analysis in a patient who developed Crohn's disease-like lesions after       allogeneic transplantation. A 62-year-old woman underwent haploidentical stem       cell transplantation from her daughter to treat double-hit lymphoma relapsed       after chimeric antigen receptor T-cell therapy, and achieved remission without       developing acute graft-versus-host disease. Eight months later, she developed       Crohn's disease-like intestinal lesions after cytomegalovirus enteritis. Her       condition did not improve with the conventional treatment, so she underwent FMT       from her daughter as part of a clinical trial. Diarrhea gradually improved, and       follow-up endoscopy 4¬†months after the FMT showed ulcer healing and scarring. The       16S rRNA analysis revealed a reduction in the relative abundance of the       Enterococcus genus after FMT, suggesting that dysbiosis may have contributed to       lesion development. The patient is currently on a regular diet, with no symptom       recurrence, and the primary disease remains in remission. Although this outcome       suggests that FMT is effective, careful patient selection is required to reduce       the risk of FMT-associated sepsis."
Pre- and post-serial metagenomic analysis of gut microbiota as a prognostic       factor in patients undergoing haematopoietic stem cell transplantation.,"The human gut harbours diverse microorganisms, and gut dysbiosis has recently       attracted attention because of its possible involvement in various diseases. In       particular, the lack of diversity in the gut microbiota has been associated with       complications of haematopoietic stem cell transplantation (HSCT), such as       infections, acute graft-versus-host disease and relapse of primary disease, which       lead to a poor prognosis. However, few studies have serially examined the       composition of the intestinal microbiota after HSCT. In this study, we       demonstrated, using next-generation sequencing of the bacterial 16S ribosomal RNA       gene, combined with uniFrac distance analysis, that the intestinal microbiota of       patients undergoing allogeneic HSCT substantially differed from that of healthy       controls and recipients of autologous transplants. Faecal samples were obtained       daily throughout the clinical course, before and after transplantation. Notably,       the proportions of Bifidobacterium and genera categorized as butyrate-producing       bacteria were significantly lower in patients with allogeneic HSCT than in       healthy controls. Furthermore, among allogeneic transplant recipients, a subgroup       with a preserved microbiota composition showed a benign course, whereas patients       with a skewed microbiota showed a high frequency of complications and mortality       after transplantation. Thus, we conclude that the stability of intestinal       microbiota is critically involved in outcomes of HSCT."
A Randomized Clinical Trial Evaluating Lactiplantibacillus Plantarum for the       Prevention of GI aGvHD: A Report From the Children's Oncology Group (ACCL1633).,"Gastrointestinal (GI) acute graft-versus-host disease (aGvHD) is a leading cause       of non-relapse mortality following allogeneic hematopoietic cell transplant       (alloHCT). Previous studies have suggested that the intestinal microbiome may       influence the risk of GI aGvHD. We performed a Phase 3, randomized,       placebo-controlled clinical trial to examine the effect of L. plantarum 299v (LBP       299v) in preventing GI aGvHD. Participants (N = 161 evaluable participants)       received LBP 299v or placebo from the start of conditioning therapy to 56 days       post alloHCT (D56). Blood, stool, and clinical data were collected until 120 days       post-transplant (D120). The D120 cumulative incidences of stages 1-4 GI aGvHD       were 16% and 15% (P = .54), and overall grades 2-4 aGvHD were 26% and 29% (P =       .95), LBP 299v and placebo groups, respectively. No patients developed L.       plantarum bacteremia and no difference in serious adverse events was reported (P       = 1.00). Administration of LBP 299v was associated with increased microbial       diversity at D0 (P = .02) and reduced mucosal barrier injury at D7 (P = .02).       Microbial signatures significantly differed between the groups; however, this was       not associated with the investigated clinical outcomes. We conclude that       administration of LBP 299v is safe among children and adolescents undergoing       alloHCT but ineffective at preventing GI aGvHD."
The safety and feasibility of probiotics in children and adolescents undergoing       hematopoietic cell transplantation.,"Hematopoietic cell transplantation (HCT) has become a standard treatment for many       adult and pediatric conditions. Emerging evidence suggests that perturbations in       the microbiota diversity increase recipients' susceptibilities to gut-mediated       conditions such as diarrhea, infection and acute GvHD. Probiotics preserve the       microbiota and may minimize the risk of developing a gut-mediated condition;       however, their safety has not been evaluated in the setting of HCT. We evaluated       the safety and feasibility of the probiotic, Lactobacillus plantarum (LBP), in       children and adolescents undergoing allogeneic HCT. Participants received       once-daily supplementation with LBP beginning on day -8 or -7 and continued until       day +14. Outcomes were compliance with daily administration and incidence of LBP       bacteremia. Administration of LBP was feasible with 97% (30/31, 95% confidence       interval (CI) 83-100%) of children receiving at least 50% of the probiotic dose       (median 97%; range 50-100%). We did not observe any case of LBP bacteremia (0%       (0/30) with 95% CI 0-12%). There were not any unexpected adverse events related       to LBP. Our study provides preliminary evidence that administration of LBP is       safe and feasible in children and adolescents undergoing HCT. Future steps       include the conduct of an approved randomized, controlled trial through       Children's Oncology Group."
The Promise of Precision Nutrition for Modulation of the Gut Microbiota as a       Novel Therapeutic Approach to Acute Graft-versus-host Disease.,"Acute graft-versus-host disease (aGVHD) is a severe side effect of allogeneic       hematopoietic stem cell transplantation (aHSCT) that has complex phenotypes and       often unpredictable outcomes. The current management is not always able to       prevent aGVHD. A neglected actor in the management of aGVHD is the gut       microbiota. Gut microbiota dysbiosis after aHSCT is caused by many factors and       may contribute to the development of aGVHD. Diet and nutritional status modify       the gut microbiota and a wide range of products are now available to manipulate       the gut microbiota (pro-, pre-, and postbiotics). New investigations are testing       the effect of probiotics and nutritional supplements in both animal models and       human studies, with encouraging results. In this review, we summarize the most       recent literature about the probiotics and nutritional factors able to modulate       the gut microbiota and we discuss the future perspective in developing new       integrative therapeutic approaches to reducing the risk of graft-versus-host       disease in patients undergoing aHSCT."
Intestinal Geographical Pattern of Gut Microbiome and Metabolites Identifies Novel Regulators of Graft-Versus-Host Disease,"Introduction: The severity of T cell-mediated gastrointestinal graft-versus-host disease (GI-GVHD) correlates with a decrease in the gut microbiome diversity, loss of obligate anaerobic bacteria and alterations in levels of salutary metabolites like short chain fatty acids (SCFAs). However, it is unknown whether the intestinal anatomic geography of the microbiome and its metabolites impacts GI GVHD severity. Herein, we investigate the pattern of the gut microbiome and metabolites from four distinct anatomical sites of intestines after allogeneic stem cell transplant (allo-SCT) via shotgun metagenomics and untargeted mass-spectrometry. Methods: To determine the composition of the gut microbiome and gut metabolites of mice after allo-SCT, we utilized contemporaneous analyses of shotgun metagenomic sequencing and untargeted mass spectrometry on the gut contents of mice 7 or 21 days after major histocompatibility complex (MHC)-disparate BALB/c‚ÜíC57BL/6 (B6) allogeneic SCT. We investigated the microbial community composition and gut metabolites from four distinct gut locations (terminal ileum, cecum, transverse colon, descending colon) and performed integrative analysis to assess for novel pathways that may regulate GVHD biology. For shotgun metagenomics analyses, reads were depth normalized with BBnorm v.38.96 and assembled per-sample with MEGAHIT v.1.2.9. Prodigal v.2.6.3 was used to find genes in each bin. KofamScan v.1.3.0 was used to assign KEGG ortholog IDs (KO) to translated genes predicted by Prodigal. Community composition profiles were produced with Kraken2 v.2.1.2 and Bracken v.2.6.1. Functional profiles for each sample were determined with the Kraken community composition profiles and Humann3 v.3.0.0, with a GTDB database built with Struo2. Results: Consistent with previous reports from direct stool analyses, our data demonstrated that after allo-SCT, gut microbial diversity is reduced, relative abundance of obligate anaerobes decreases, and relative abundance of facultative anaerobes increases at all the intestinal anatomic sites, but the difference was maximal in ileo-cecal contents. Furthermore, metabolomic analyses reveal a decrease in previously described metabolites such as, SCFAs, bile acids and indoles at these sites. The distinct patterns of change between control and allogeneic samples depended not only on the gut location probed but also correlated with timepoint after transplant (7 days or 21 days) highlighting the importance of probing different gut locations and timepoints. The largest driver of differences between sample groups was (1) gut location (2) time after transplant (3) transplant type. Integrative analyses demonstrated loss of microbial functional genes related to butyrate processing following allo-SCT complementing previous studies that demonstrated reduction in butyrate levels. Further bioinformatic analyses identified novel microbial functional genes and metabolites that may have biological implications. Analyses revealed that after allo-SCT, phenyllactic acid (PLA) levels increased in the transverse colon and distal colon (fig.1). PLA is an anti-microbial compound and has been shown to have immune modulatory properties. Administration of PLA in drinking water of mice after allo-SCT worsened GVHD severity and increased mortality indicating PLA may play a role in inducing dysbiosis and worsening GVHD severity. Conclusion: Contemporaneous analyses of shotgun metagenomic and untargeted mass spectrometry of gut contents after allo-SCT reveal changes in microbial composition and metabolites consistent with previous data from analyses from stool. However, our analysis demonstrates distinct patterns of key metabolites and microbes in between syngeneic and allogeneic depending on gut location and time after transplant. Furthermore, our analyses have identified novel functional genes and metabolites that are implicated in GVHD severity."
Hematopoietic stem cell transplantation disrupts age-related gut microbiota signatures in pediatric and adult recipients,"Allogeneic hematopoietic stem cell transplantation (allo-HSCT) profoundly reshapes the gut microbiome (GM), yet age-related differences in this process remain incompletely understood. In this study, we analyzed stool samples from a cohort of pediatric and adult patients collected before allo-HSCT and at neutrophil engraftment to assess GM dynamics. We observed a significant reduction in alpha diversity post-HSCT across both age groups, with young patients displaying notably lower biodiversity. While GM composition varies among age ranges before transplantation, these distinctions largely disappeared at neutrophil engraftment, indicating a convergence toward a more uniform ‚Äútransplant-specific‚Äù signature. This shift entailed a loss of health-associated, butyrate-producing taxa and a rise in potentially opportunistic bacteria (e.g., Enterococcaceae, Staphylococcaceae). Low pre-allo-HSCT GM diversity correlated with an increased risk of clinically significant acute graft-versus-host disease, overwhelming the age differences, underscoring the clinical relevance of maintaining a balanced microbiome before transplantation. Overall, our findings highlight the importance of age in shaping the pre-transplant GM and reveal how allo-HSCT-driven factors homogenize microbial communities among age ranges, offering insights for future microbiome-targeted interventions to improve transplant outcomes."
Protective Factors in the Intestinal Microbiome Against Clostridium difficile Infection in Recipients of Allogeneic Hematopoietic Stem Cell Transplantation,"Clostridium difficile infection (CDI) is a frequent complication in recipients of allogeneic hematopoietic stem cell transplantation (allo-HSCT), who receive intensive treatments that significantly disrupt the intestinal microbiota. In this study, we examined the microbiota composition of allo-HSCT recipients to identify bacterial colonizers that confer protection against CDI after engraftment. Feces collected from adult recipients allo-HSCT at engraftment were analyzed; 16S ribosomal RNA genes were sequenced and analyzed from each sample. Bacterial taxa with protective effects against development of CDI were identified by means of linear discriminant analysis effect size analysis and then further assessed with clinical predictors of CDI using survival analysis. A total of 234 allo-HSCT recipients were studied; postengraftment CDI developed in 53 (22.6%). Within the composition of the microbiota, the presence of 3 distinct bacterial taxa was correlated with protection against CDI: Bacteroidetes, Lachnospiraceae, and Ruminococcaceae. Colonization with these groups at engraftment was associated with a 60% lower risk of CDI, independent of clinical factors. Colonization with these 3 bacterial groups is associated with a lower risk of CDI. These groups have been shown to be vital components of the intestinal microbiota. Targeted efforts to maintain them may help minimize the risk of CDI in this at-risk population."
[Expanding Role of Gastroenterologists in Acute Gastrointestinal       Graft-versus-Host Disease: From Diagnosis and Management to Microbiome-Based       Strategies].,"Acute graft-versus-host disease (GVHD) is a major complication following       allogeneic hematopoietic stem cell transplantation. Steroid-refractory cases have       poor outcomes, so an accurate diagnosis, particularly differentiation from       cytomegalovirus colitis, is critical. Ruxolitinib is the standard second-line       therapy, while Vedolizumab has shown potential in gut-specific modulation. Recent       studies have reported that reduced microbiome diversity and the loss of       short-chain fatty acid-producing bacteria are linked to acute GVHD severity and       mortality. Fecal microbiota transplantation may offer benefit in selected       steroid-refractory cases, but the evidence remains limited and variable.       Gastroenterologists play an essential role in diagnosis and microbiome-guided       care. A personalized approach incorporating microbial biomarkers may improve the       future outcomes."
Impact of pre-transplant use of antibiotics on the graft-versus-host disease in       adult patients with hematological malignancies.,"OBJECTIVES: Changes in fecal microbiota affect the incidence and extent of       graft-versus-host disease (GVHD) after allogeneic hematopoietic stem cell       transplantation (HSCT). Most patients with hematological malignancies receive       antibiotics for the treatment of febrile neutropenia prior to allogeneic HSCT,       and pre-transplant use of antibiotics may influence the fecal microbiota and       GVHD. METHODS: We retrospectively analysed consecutive adult patients with       hematological malignancies who received allogeneic HSCT at Chungnam National       University Hospital between 2007 and 2018. Pre-transplant use of antibiotics was       defined as the use of antibiotics before conditioning chemotherapy. RESULTS: This       study included 131 patients with a median age of 46 (range, 18-71) years: 76       (58%) patients were AML, 28 (21.4%) with ALL, 23 (17.6%) with MDS, and 4 (3.1%)       with CML. All patients received calcineurin inhibitors with short-course       methotrexate for GVHD prophylaxis. A total of 31 (23.7%) patients received       anti-thymocyte globulin. All patients received antibiotics prior to HSCT: 70       (53.4%) patients received glycopeptide, 114 (87.0%) received cefepime, 87 (66.4%)       received piperacillin/tazobactam, and 51 (38.9%) received carbapenem. Patients       who received glycopeptide had more frequently extensive chronic GVHD (cGVHD) than       those who did not (51.1% vs. 28.1% at 5 years) and had more frequently cGVHD of       the lung (34.8% vs. 15.8% at 5 years). Pre-transplant use of glycopeptide did not       affect the overall survival (OS) or GVHD- and relapse-free survival (GRFS)       (median OS; 49 months in glycopeptide group vs. not reached in non-glycopeptide       group, p=0.475; median GRFS; 9 months in glycopeptide group vs. 16 months in       non-glycopeptide group, p=0.092). CONCLUSION: Pre-transplant use of glycopeptide       tends to increase the incidence of extensive cGVHD."
Modern-Era Challenges in the Clinical Management of Graft-Versus-Host Disease.,"For several decades, graft-versus-host disease (GVHD) has been a long-standing       barrier to successful allogenic hematopoietic cell transplantation and a       significant cause of post-transplant morbidity and mortality. Initially described       as secondary disease or wasting syndrome in transplanted mice, the pathobiology       of GVHD is increasingly understood as a dynamic interplay between innate and       adaptive immunity in response to initial tissue damage, leading to inflammation       and end-organ damage. In parallel, more uniform symptom capture, diagnosis, and       response criteria have facilitated rigorous clinical trial design and conduct;       together, these advancements have facilitated the development of novel GVHD       prevention and treatment strategies. While these advancements have improved the       GVHD treatment paradigm, new questions arise within this complex patient       population. This chapter discusses several of the most pertinent current clinical       practice challenges in GVHD, including its earlier diagnosis, risk       stratification, initial and more advanced stage management, as well as a renewed       focus on supportive care, given our increased understanding of key roles played       by the human microbiome."
Expanding Role of Gastroenterologists in Acute Gastrointestinal Graft-versus-Host Disease: From Diagnosis and Management to Microbiome-Based Strategies,
Targeting the gut microbiome in allogeneic hematopoietic stem cell transplantation,"Gut microbiota (GM) composition has been associated with acute Graft-versus-Host Disease (aGvHD), however, current knowledge is insufficient to target the GM. A relevant series of microbiome data sets were combined and reanalyzed, with resolution of species level changes in the GM. GM composition was found strongly correlated with aGvHD status after one month post stem cell infusion (R2=0.51). The predicted average biological safety level, indicative of antibiotic resistance, was found increased in aGvHD cases (p=1.6E-4). Using in silico modelling, we formulated a probiotic composition putatively competing with mortality and aGvHD associated species. Supplementation with Bifidobacterium longum and Bifidobacterium breve is proposed as a prophylactic treatment alongside with prebiotics and an adapted antibiotics course."
The virome in hematology-Stem cell transplantation and beyond.,"The virome has been recently studied in hematology and mostly in the setting of       allogeneic hematopoietic stem cell transplantation. However, in hematology (as in       the setting of nonhematological disorders) the study of the microbiome (that       indeed includes the virome) is a growing field. The overall field is moving       beyond species catalogue to the understanding of the complex ecological       relationship that microbes have with each other and with their host. Here we       review the existing literature on the virome in transplant recipients and in       other settings, and discuss potential applications of the virome study in       hematology."
The eukaryotic gut virome in hematopoietic stem cell transplantation: new clues       in enteric graft-versus-host disease.,"Much attention has been focused on the role of the bacterial microbiome in human       health, but the virome is understudied. Although previously investigated in       individuals with inflammatory bowel diseases or solid-organ transplants, virome       dynamics in allogeneic hematopoietic stem cell transplantation (HSCT) and enteric       graft-versus-host disease (GVHD) remain unexplored. Here we characterize the       longitudinal gut virome in 44 recipients of HSCT using metagenomics. A viral       'bloom' was identified, and significant increases were demonstrated in the       overall proportion of vertebrate viral sequences following transplantation (P =       0.02). Increases in both the rates of detection (P < 0.0001) and number of       sequences (P = 0.047) of persistent DNA viruses (anelloviruses, herpesviruses,       papillomaviruses and polyomaviruses) over time were observed in individuals with       enteric GVHD relative to those without, a finding accompanied by a reduced phage       richness (P = 0.01). Picobirnaviruses were detected in 18 individuals (40.9%),       more frequently before or within a week after transplant than at later time       points (P = 0.008). In a time-dependent Cox proportional-hazards model,       picobirnaviruses were predictive of the occurrence of severe enteric GVHD (hazard       ratio, 2.66; 95% confidence interval (CI) = 1.46-4.86; P = 0.001), and correlated       with higher fecal levels of two GVHD severity markers, calprotectin and       Œ±1-antitrypsin. These results reveal a progressive expansion of vertebrate viral       infections over time following HSCT, and they suggest an unexpected association       of picobirnaviruses with early post-transplant GVHD."
Low Paneth cell numbers at onset of gastrointestinal graft-versus-host disease       identify patients at high risk for nonrelapse mortality.,"Acute graft-versus-host disease (GVHD) of the gastrointestinal (GI) tract is an       often lethal complication of allogeneic hematopoietic cell transplant. Clinical       severity correlates with outcomes, but histopathologic grading is primarily used       to confirm the clinical diagnosis. One barrier to using histopathologic grading       to predict clinical outcomes is inter-grader variability among transplant       centers. Recent experimental models have shown that the loss of Paneth cells,       which are located in the small intestine and help regulate the GI microbiome by       secreting antimicrobial peptides, correlates with clinical GVHD severity. Because       Paneth cells are easy to identify and quantify by light microscopy, we evaluated       the mean number of Paneth cells per high-powered field (hpf) in 116 duodenal       biopsies obtained at diagnosis of GI GVHD at 2 different centers with their       clinical outcomes. Paneth cell counts were reproducible between centers (r(2) =       0.81; P < .0001). Lower numbers of Paneth cells at diagnosis correlated with       clinically more severe GI GVHD (P < .0001) and less likelihood of response to       GVHD treatment (P < .0001). A threshold of 4 Paneth cells per hpf stratified       patients according to nonrelapse mortality (28% vs 56%; P = .004). We conclude       that the enumeration of duodenal Paneth cells is a readily available index of       disease severity that provides important information regarding GVHD prognosis."
Less (bacterial diversity) is more (deaths).,"In this issue of Blood, Taur et al demonstrate that a lack of intestinal       microbial diversity independently predicts nonrelapse mortality (NRM) in       allogeneic hematopoietic cell transplant recipients. At the time of engraftment,       patients with low microbial diversity were at fivefold higher risk for NRM than       patients with high microbial diversity, primarily because of graft-versus-host       disease (GVHD)."
Metagenomic Profiling of the Ocular Surface Microbiome in Patients After Allogeneic Hematopoietic Stem Cell Transplantation,"Purpose To investigate the characteristics of the ocular surface microbiome in patients after allogeneic hematopoietic stem cell transplantation (allo-HSCT) and the associations between the microbial dysbiosis and chronic ocular graft-versus-host disease (oGVHD). Design Prospective cohort study. Methods Ocular surface samples from 48 healthy subjects and 76 patients after allo-HSCT, including 50 patients with chronic oGVHD and 26 patients without oGVHD, were collected. Species-level composition of the ocular surface microbiome was surveyed via metagenomic shotgun sequencing. OGVHD was diagnosed and graded according to the International Chronic Ocular GVHD Consensus Group criteria. Results The Œ±-diversity of the microbiota was significantly decreased in patients after allo-HSCT. Nevertheless, we detected more types of viral species in the allo-HSCT group than the healthy group, especially anelloviruses. The mismatch of donor-recipient sex was only negatively associated with the Œ±-diversity in male but not female recipients. Moreover, the microbiome of patients with oGVHD was distinct from patients without oGVHD. Gordonia bronchialis and Pseudomonas parafulva were enriched in patients with oGVHD and positively associated with International Chronic Ocular GVHD score. Conclusions This study suggests that the ocular surface microbiome after allo-HSCT is characterized by a loss of diversity. Furthermore, the microbial dysbiosis at the ocular surface is associated with the status and severity of chronic oGVHD. These results lay the groundwork for future investigations of the potential microbial mechanism for oGVHD."
Dynamic findings of brain magnetic resonance imaging in a haploidentical       hematopoietic stem cell transplantation recipient with cytomegalovirus       ventriculoencephalitis: a case report and systematic review.,"Our case demonstrated unique cytomegalovirus (CMV) encephalitis       post-haploidentical donor hematopoietic stem cell transplantation (HID-HSCT),       with early findings on diffusion-weighted brain magnetic resonance imaging (MRI)       in the absence of any neurologic symptoms. A 54-year-old Chinese man with acute       lymphoblastic leukemia (Philadelphia chromosome-negative) underwent HID-HSCT.       After HSCT, the patient developed CMV viremia and severe acute graft-versus-host       disease. Recurrence of CMV viremia was observed. On day 129, brain MRI was       performed to determine the cause for the intermittent fever. Diffusion-weighted       imaging (DWI) revealed several bright spots in the cortex of the frontal lobes       and anterior angle of the left lateral ventricle. Subsequently, he developed       transplant-associated thrombotic microangiopathy, posterior reversible       encephalopathy syndrome, and enlargement of lesions alongside the ventricular       wall on a brain MRI series. Metagenomic next-generation sequencing (NGS) of the       cerebrospinal fluid (CSF) led to the final diagnosis of CMV encephalitis.       Although ganciclovir combined with foscarnet was administered, the patient's       consciousness deteriorated, followed by respiratory failure. The patient died on       day 198. Additionally, we performed a systematic review to comprehensively       analyze this disease. Regarding treatment, immunological therapies, including       virus-specific T cells from a third donor and CMV-cytotoxic T lymphocytes, may be       more effective. This case report and systematic review underscores the       complexities of managing CMV ventriculoencephalitis in HSCT recipients and       emphasizes the importance of early diagnosis by brain MRI and CSF polymerase       chain reaction or NGS and ongoing research in improving outcomes."
The composition of the intestinal microbiota after allogeneic haematopoietic stem       cell transplantation and its association with graft versus host disease as       assessed by 16Sribosomal ribonucleic acid.,"To observe the evolution of the intestinal microbiota in patients after       allogeneic hematopoietic stem cell transplantation (allo-HSCT) and discuss the       relationship between the intestinal microbiota and graft-versus-host disease       (GVHD). In this study, 11 patients who underwent allo-HSCT in the Aerospace       Central Hospital from January 2021 to October 2021 were selected, along with 11       donors. Fecal specimens were collected 7 times: at admission, after       pre-treatment, and every 3 weeks after transplantation from patients and once       from donors. The composition of the intestinal microbiota and its association       with GVHD after allogeneic hematopoietic stem cell transplantation were analyzed       by 16S rRNA sequencing. Of the 11 patients, 5 developed GVHD, and 6 did not. The       diversity of the intestinal microbiota among GVHD patients first increased and       then decreased after transplantation, while that among non-GVHD patients first       increased and then tended to be stable. The diversity of the intestinal       microbiota among GVHD patients was lower than that among non-GVHD patients before       pre-treatment and after transplantation. The taxa diversity of the intestinal       microbiota in the non-GVHD group was better than that in the GVHD group before       allo-HSCT, and the difference was statistically significant (P<0.05 for OTUs and       CHAO1 index). The taxa abundance of Enterococcaceae 2.16% (2.13%, 2.22%) before       allo-HSCT was significantly higher than that in the non-GVHD group 1.33% (0.27%,       1.52%), and the difference was statistically significant (P=0.004). There was no       significant difference between the GVHD group and the non-GVHD group in the       diversity of the intestinal microbiota of donors (P<0.05). The characteristics of       the intestinal microbiota in the final sample of patients in the GVHD group were       similar to the preoperative structure of the intestinal microbiota. In       conclusion: The decrease in the diversity of the intestinal microbiota after HSCT       may be a risk factor for the occurrence of GVHD. The presence of Enterococcaceae       in the intestinal microbiota may be associated with an increased risk of       developing GVHD. The intestinal microbiota reconstitute to be close to the       intestinal microbiota composition of the donors in the non-GVHD group."
A Promising Insight: The Potential Influence and Therapeutic Value of the Gut       Microbiota in GI GVHD.,"Allogeneic hematopoietic cell transplantation (allo-HSCT) is a reconstruction       process of hematopoietic and immune functions that can be curative in patients       with hematologic malignancies, but it carries risks of graft-versus-host disease       (GVHD), thrombotic microangiopathy (TMA), Epstein-Barr virus (EBV) infection,       cytomegalovirus infection, secondary hemophagocytic lymphohistiocytosis (sHLH),       macrophage activation syndrome (MAS), bronchiolitis obliterans, and posterior       reversible encephalopathy syndrome (PRES). Gastrointestinal graft-versus-host       disease (GI GVHD), a common complication of allo-HSCT, is one of the leading       causes of transplant-related death because of its high treatment difficulty,       which is affected by preimplantation, antibiotic use, dietary changes, and       intestinal inflammation. At present, human trials and animal studies have proven       that a decrease in intestinal bacterial diversity is associated with the       occurrence of GI GVHD. Metabolites produced by intestinal bacteria, such as       lipopolysaccharides, short-chain fatty acids, and secondary bile acids, can       affect the development of GVHD through direct or indirect interactions with       immune cells. The targeted damage of GVHD on intestinal stem cells (ISCs) and       Paneth cells results in intestinal dysbiosis or dysbacteriosis. Based on the       effect of microbiota metabolites on the gastrointestinal tract, the clinical       treatment of GI GVHD can be further optimized. In this review, we describe the       mechanisms of GI GVHD and the damage it causes to intestinal cells and we       summarize recent studies on the relationship between intestinal microbiota and       GVHD in the gastrointestinal tract, highlighting the role of intestinal       microbiota metabolites in GI GVHD. We hope to elucidate strategies for       immunomodulatory combined microbiota targeting in the clinical treatment of GI       GVHD."
Commensal Bacteroides T6SS alleviate GI-aGVHD via mediating gut microbiota       composition and bile acids metabolism.,"BACKGROUND: Gastrointestinal acute graft-versus-host disease (GI-aGVHD) is one of       the main complications of patients undergoing allogenic haematopoietic stem cell       transplantation (allo-HSCT). A deeper understanding of the mechanisms of       sustaining intestinal homeostasis is essential. OBJECTIVE: Here, we investigated       micro-organisms and microbial metabolites that were crucial for intestinal       homeostasis in the context of GI-aGVHD management. DESIGN: We profiled the gut       microbiota, immune indices and gut metabolism of 71 patients undergoing       allo-HSCT. Initially, we set up a mouse aGVHD model to confirm the effect of       Bacteroides fragilis type VI secretion system (T6SS) on aGVHD progression.       Subsequently, we applied 16S amplicon sequencing and metabolic profiling to       reveal the function of B. fragilis T6SS on microbial structure intestinal and       metabolome. Finally, the mediation package was used to validate our findings in       clinical samples. RESULTS: A higher abundance of Bacteroides spp contributes to       reducing the incidence of GI-aGVHD, and the T6SS is required for Bacteroides spp       protection on aGVHD. T6SS-mediated antagonism regulates the structure and       composition of gut microbiota, affecting the entire gut metabolome, particularly       the bile acids metabolism, subsequently reducing inflammation response in the       intestine and protecting intestinal barrier integrity. Notably, accumulating       primary bile acids such as chenodeoxycholic acid exacerbated aGVHD by enhancing       the activation of T cells. Mediation analysis further validated that T6SS affects       the incidence of GI-aGVHD through its effect on primary bile acid metabolism.       CONCLUSIONS: T6SS in commensal bacteria could modulate bile acid metabolism,       potentially impacting aGVHD outcomes and offering a novel target for therapeutic       interventions."
Clinical analysis of fecal microbiota transplantation for refractory acute       gastrointestinal graft-versus-host disease after allogeneic hematopoietic stem       cell transplantation: a five-year retrospective study.,"BACKGROUND AIMS: Refractory acute gastrointestinal graft-versus-host disease       (GI-aGVHD) is a severe complication following allogeneic hematopoietic stem cell       transplantation (allo-HSCT), which is associated with significantly increased       mortality. Fecal microbiota transplantation (FMT) has emerged as a promising       therapeutic strategy for this condition, and its efficacy and safety have       garnered substantial attention in clinical research. OBJECTIVE: To explore the       clinical efficacy and safety of FMT for refractory acute GI-aGVHD after       allo-HSCT. METHODS: Data from 22 patients with refractory GI-aGVHD who received       FMT and 20 patients who did not undergo FMT, all diagnosed with refractory       GI-aGVHD after allo-HSCT and treated at Henan Cancer Hospital between December       2017 and March 2023, were retrospectively analyzed to evaluate short-term       efficacy, safety, and long-term survival outcomes. RESULTS: FMT significantly       reduced the median diarrhea volume (1300 versus 450 mL, P = 0.017) and frequency       (10 versus 5.5 times/d, P = 0.049) in the FMT group, whereas the control group       showed no significant improvement in either parameter (diarrhea volume: 1350       versus 900 mL, P > 0.05; frequency: 10 versus 9 times/d, P > 0.05). The FMT group       exhibited significantly higher complete response (CR) (31.8% versus 5%, P =       0.047) and overall response rate (ORR) (59.1% versus 25%, P = 0.033) compared       with the control group. Subgroup analyses showed that patients with isolated       intestinal involvement (ORR = 100%) and those without bloody stool before FMT       (ORR = 78.6%) had superior responses to FMT. The FMT group achieved a median       progression-free survival (PFS) of 30 (10-2113) days and a median overall       survival (OS) of 150 (51-2130) days, with the 100-day, 1-year and 3-year PFS       rates of 40.9%, 28.1%, and 28.1%, respectively, and the 100-day, 1-year and       3-year OS rates of 59.1%, 50.0% and 34.3%. In contrast, the control group had       notably poorer survival outcomes: median PFS was 23 (7-1820) days, median OS was       80 (20-1901) days, while the 100-day, 1-year, and 3-year PFS rates remained 5%       across all time points, and the 100-day, 1-year, and 3-year OS rates were 20.0%,       10.0%, and 10%. CONCLUSION: FMT is effective and safe as a clinical treatment for       refractory GI-aGVHD after allo-HSCT, and the effectiveness of FMT can be used as       a prognostic indicator for long-term survival in refractory GI-aGVHD."
Compilation of longitudinal microbiota data and hospitalome from hematopoietic cell transplantation patients,"The impact of the gut microbiota in human health is affected by several factors including its composition, drug administrations, therapeutic interventions and underlying diseases. Unfortunately, many human microbiota datasets available publicly were collected to study the impact of single variables, and typically consist of outpatients in cross-sectional studies, have small sample numbers and/or lack metadata to account for confounders. These limitations can complicate reusing the data for questions outside their original focus. Here, we provide comprehensive longitudinal patient dataset that overcomes those limitations: a collection of fecal microbiota compositions (>10,000 microbiota samples from >1,000 patients) and a rich description of the ‚Äúhospitalome‚Äù experienced by the hosts, i.e., their drug exposures and other metadata from patients with cancer, hospitalized to receive allogeneic hematopoietic cell transplantation (allo-HCT) at a large cancer center in the United States. We present five examples of how to apply these data to address clinical and scientific questions on host-associated microbial communities."
"Allogeneic hematopoietic cell transplantation, the microbiome, and graft-versus-host disease","Many patients with hematological malignancies, such as acute myeloid leukemia, receive an allogeneic hematopoietic cell transplantation (HCT) to cure their underlying condition. Allogeneic HCT recipients are exposed to various elements during the pre-, peri- and post-transplant period that can disrupt intestinal microbiota, including chemo- and radiotherapy, antibiotics, and dietary changes. The dysbiotic post-HCT microbiome is characterized by low fecal microbial diversity, loss of anaerobic commensals, and intestinal domination, particularly by Enterococcus species, and is associated with poor transplant outcomes. Graft-versus-host disease (GvHD) is a frequent complication of allogeneic HCT caused by immunologic disparity between donor and host cells and results in tissue damage and inflammation. Microbiota injury is particularly pronounced in allogeneic HCT recipients who go on to develop GvHD. At present, manipulation of the microbiome for example, via dietary interventions, antibiotic stewardship, prebiotics, probiotics, or fecal microbiota transplantation, is widely being explored to prevent or treat gastrointestinal GvHD. This review discusses current insights into the role of the microbiome in GvHD pathogenesis and summarizes interventions to prevent and treat microbiota injury."
Gut microbiome in allogeneic HCT survivors: The insults are gone but the damage       lingers.,"The gut microbiome is an important regulator of health and disease. The report by       Hino et al. suggests that damage to the microbiome, inflicted before and soon       after allogeneic haematopoietic progenitor cell transplantation, does not heal by       itself, most likely with consequences for late transplantation outcomes.       Commentary on: Hino et al. Prolonged gut microbial alterations in post-transplant       survivors of allogeneic haematopoietic stem cell transplantation. Br J Haematol       2023;200:725-737."
The post-hematopoietic cell transplantation microbiome: relationships with       transplant outcome and potential therapeutic targets.,"Microbiota injury occurs in many patients undergoing allogeneic hematopoietic       cell transplantation, likely as a consequence of conditioning regimens involving       chemo- and radiotherapy, the widespread use of both prophylactic and therapeutic       antibiotics, and profound dietary changes during the peri-transplant period.       Peri-transplant dysbiosis is characterized by a decrease in bacterial diversity,       loss of commensal bacteria and single-taxon domination (e.g., with Enterococcal       strains). Clinically, deviation of the post-transplant microbiota from a normal,       high-diversity, healthy state has been associated with increased risk of       bacteremia, development of graft-versus-host disease and decreases in overall       survival. A number of recent clinical trials have attempted to target the       microbiota in allogeneic hematopoietic cell transplantation patients via dietary       interventions, selection of therapeutic antibiotics, administration of pre- or       pro-biotics, or by performing fecal microbiota transplantation. These strategies       have yielded promising results but the mechanisms by which these interventions       influence transplant-related complications remain largely unknown. In this review       we summarize the current approaches to targeting the microbiota, discuss       potential underlying mechanisms and highlight the key outstanding areas that       require further investigation in order to advance microbiota- targeting       therapies."
Profiling the Fungal Microbiome after Fecal Microbiota Transplantation for       Graft-versus-Host Disease: Insights from a Phase 1 Interventional Study.,"Disruption of the intestinal bacterial microbiota is frequently observed in the       context of allogeneic hematopoietic cell transplantation (HCT) and is       particularly pronounced in patients who develop graft-versus-host disease (GVHD).       Donor fecal microbiota transplantation (FMT) restores gut microbial diversity and       reduces GVHD in HCT recipients. The composition of the intestinal fungal       community in patients with GVHD, and whether fungal taxa are transferred during       FMT are currently unknown. We performed a secondary analysis of our clinical       trial of FMT in patients with steroid-refractory GVHD with a focus on the       mycobiota. We characterized the fecal mycobiota of 17 patients and healthy FMT       donors using internal transcribed spacer amplicon sequencing. The donor who       provided the majority of FMT material in our study represents an n-of-one study       of the intestinal flora over time. In this donor, mycobiota composition       fluctuated over time while the bacterial microbiota remained stable over 16       months. Fungal DNA was detected more frequently in baseline stool samples from       patients with steroid-refractory GVHD than in patients with steroid-dependent       GVHD. We could detect fungal taxa in the majority of samples but did not see       evidence of mycobiota transfer from donor to recipient. Our study demonstrates       the feasibility of profiling the mycobiota alongside the more traditional       bacterial microbiota, establishes the methodology, and provides a first insight       into the mycobiota composition of patients with GVHD."
Donor fecal microbiota transplantation ameliorates intestinal graft-versus-host       disease in allogeneic hematopoietic cell transplant recipients.,"Disruption of the intestinal microbiota occurs frequently in allogeneic       hematopoietic cell transplantation (allo-HCT) recipients and predisposes them to       development of graft-versus-host disease (GvHD). In a prospective, single-center,       single-arm study, we investigated the effect of donor fecal microbiota       transplantation (FMT) on symptoms of steroid-refractory or steroid-dependent,       acute or late-onset acute intestinal GvHD in 15 individuals who had undergone       allo-HCT. Study participants received a fecal suspension from an unrelated       healthy donor via nasoduodenal infusion. Donor FMT was well tolerated, and       infection-related adverse events did not seem to be related to the FMT procedure.       In 10 of 15 study participants, a complete clinical response was observed within       1 month after FMT, without additional interventions to alleviate GvHD symptoms.       This response was accompanied by an increase in gut microbial Œ±-diversity, a       partial engraftment of donor bacterial species, and increased abundance of       butyrate-producing bacteria, including Clostridiales and Blautia species. In 6 of       the 10 responding donor FMT recipients, immunosuppressant drug therapy was       successfully tapered. Durable remission of steroid-refractory or       steroid-dependent GvHD after donor FMT was associated with improved survival at       24 weeks after donor FMT. This study highlights the potential of donor FMT as a       treatment for steroid-refractory or steroid-dependent GvHD, but larger clinical       trials are needed to confirm the safety and efficacy of this procedure."
From support to therapy: rethinking the role of nutrition in acute       graft-versus-host disease.,"Allogeneic Hematopoietic stem cell transplantation (HSCT) offers a potential cure       for patients with hematologic malignancies. Unfortunately, graft-versus-host       disease (GVHD) remains a major obstacle to the greater success of this treatment.       Despite intensive research efforts over the past several decades, GVHD is still a       major cause of morbidity and mortality in patients receiving allogeneic HSCT. The       genetic disparity between donor and recipient is the primary factor that dictates       the extent of alloimmune response and the severity of acute GVHD (aGVHD).       However, some nongenetic factors are also actively involved in GVHD pathogenesis.       Thus, identifying host factors that can be readily modified to reduce GVHD risk       is of important clinical significance. We are particularly interested in the       potential role of nutrition, as a nongenetic factor, in the etiology and       management of aGVHD. In this article, we summarize recent findings regarding how       different routes of nutritional support and various dietary factors affect aGVHD.       Since diet is one of the most important factors that shape gut microbiota, we       also provide evidence for a potential link between certain nutrients and gut       microbiota in recipients of allogeneic HSCT. We propose a shifting role of       nutrition from support to therapy in GVHD by targeting gut microbiota."
Update in clinical and mouse microbiota research in allogeneic haematopoietic       cell transplantation.,"PURPOSE OF REVIEW: The intestinal microbiota plays a critical role in intestinal       homeostasis and immune regulation and has been recognized as a predictor of       clinical outcome in patients undergoing allogeneic haematopoietic cell       transplantation (allo-HCT) and specifically a determinant of the severity of       graft-versus-host disease (GVHD) in mouse models. As GVHD is the most important       cause of nonrelapse mortality (NRM) after allo-HCT, understanding the mechanisms       by which modifying the microbiota may prevent or decrease the severity of GVHD       would represent an important advance. RECENT FINDINGS: Microbiota injury was       observed globally and higher diversity at peri-engraftment was associated with       lower mortality. Lactose is a dietary factor that promotes post-allo-HCT       Enterococcus expansion, which is itself associated with mortality from GVHD in       patients and exacerbates GVHD in mice. Bacterial and fungal bloodstream       infections are preceded by intestinal colonization with a corresponding organism,       supporting the gut as a source for many bloodstream infections. Metabolomic       profiling studies showed that GVHD is associated with changes in faecal and       plasma microbiota-derived molecules. SUMMARY: In this review, we highlight some       of the most recent and important findings in clinical and mouse microbiota       research, as it relates to allo-HCT. Many of these are already being translated       into clinical trials that have the potential to change future practice in the       care of patients."
Associations between acute gastrointestinal GvHD and the baseline gut microbiota of allogeneic hematopoietic stem cell transplant recipients and donors,"Growing evidence suggests that host-microbiota interactions influence GvHD risk following allogeneic hematopoietic stem cell transplant. However, little is known about the influence of the transplant recipient‚Äôs pre-conditioning microbiota nor the influence of the transplant donor‚Äôs microbiota. Our study examines associations between acute gastrointestinal GvHD (agGvHD) and 16S rRNA fecal bacterial profiles in a prospective cohort of N=57 recipients before preparative conditioning, as well as N=22 of their paired HLA-matched sibling donors. On average, recipients had lower fecal bacterial diversity (P=0.0002) and different phylogenetic membership (UniFrac P=0.001) than the healthy transplant donors. Recipients with lower phylogenetic diversity had higher overall mortality rates (hazard ratio=0.37, P=0.008), but no statistically significant difference in agGvHD risk. In contrast, high bacterial donor diversity was associated with decreased agGvHD risk (odds ratio=0.12, P=0.038). Further investigation is warranted as to whether selection of hematopoietic stem cell transplant donors with high gut microbiota diversity and/or other specific compositional attributes may reduce agGvHD incidence, and by what mechanisms."
Effects of bacterial naso-oropharyngeal colonisation on acute graft-versus-host       disease in patients undergoing allogeneic bone marrow transplantation.,"The efficacy of gastrointestinal decontamination in reducing the incidence of       severe bacterial or fungal infections and of moderate to severe acute       graft-versus-host disease (GVHD) has been suggested. We report here a       retrospective study of 71 patients grafted consecutively in our institution with       bone marrow from HLA genotypically identical siblings. Complete decontamination       (plastic isolator or laminar airflow room, sterile nursing and oral antimicrobial       drugs) was carried out in all patients. Sixty eight patients were evaluable. Only       six patients had aerobic Gram negative rods or anaerobic bacteria in their faeces       and 44 of 68 (65%) had yeasts in their faeces. Most patients had oropharyngeal       and/or nasal colonisation with bacteria (Gram positive cocci: 39 patients (57%);       Gram negative rods: 13 patients (19%)) or yeasts (29 patients (43%)). Thirty nine       patients (57%) experienced severe grade > or = II acute GVHD (grade II-IV). A       significant relation was found between bacterial oropharyngeal or nasal       colonisation and GVHD (P < 0.01) but not between gastrointestinal microflora and       GVHD, whatever microorganisms were considered (bacteria, yeasts)."
Gut microbiota trajectory in Œ≤-thalassemia major children who underwent       allogeneic hematopoietic stem cell transplantation.,"BACKGROUND: The gut microbiota of patients undergoing allogeneic hematopoietic       stem cell transplantation (HSCT) changes, leading to complications such as acute       graft-versus-host disease (GVHD). This study aimed to evaluate the human       microbiota composition before and after HSCT in Œ≤-thalassemia major (Œ≤-TM)       children. METHOD: Twenty-two Œ≤-TM children who received allo-HSCT between       December 2018 and March 2020 were enrolled. They were followed up for more than       100 days after HSCT, and their gut microbiota information and disease data were       recorded at five-time points. RESULTS: The dominant bacteria were Bacteroidetes       and Firmicutes at the phylum level and Lachnospiraceae at the family level before       and after HSCT. In the differential analysis, Ruminococcaceae constantly       decreased after HSCT. Besides, Rothia mucilaginosa was the most abundant 2 months       after HSCT compared to before it. Additionally, GVHD patients presented decreased       levels of Bacteroidetes compared to those without GVHD. Moreover, Blautia levels       significantly decreased in critically ill GVHD patients. CONCLUSION: The gut       microbiota of the 22 Œ≤-TM children showed a clear trend of destruction and       reconstruction within 100 days after HSCT. The extra-oral infections and       inflammations of Rothia mucilaginosa, a Gram-positive bacterium of the normal       oropharyngeal tract microbiota, might play an important role in the recovery       process of HSCT. Finally, decreased Bacteroidetes levels were associated with       GVHD onset."
[Clinical characteristics and prognostic factors in patients with cerebrospinal       fluid torque teno virus positivity after allogeneic hematopoietic stem cell       transplantation].,"Objective: To investigate the clinical characteristics and prognostic factors for       patients with cerebrospinal fluid positivity for torque teno virus (TTV) after       allogeneic hematopoietic stem cell transplantation (allo-HSCT). Methods: A       retrospective analysis was conducted on the patients who received allo-HSCT at       Hebei Yanda Lu Daopei Hospital from 2022 to 2023 year and showed positive       cerebrospinal fluid metagenomic next-generation sequencing (mNGS) results       post-transplantation, with their clinical data collected accordingly. The       patients were categorized into TTV-negative and TTV-positive groups based on the       detection of TTV in cerebrospinal fluid. The TTV-positive group was further       subdivided into low-RPM [TTV reads per million sequencing reads (TTV-RPM)<1] and       high-RPM (TTV-RPM‚â•1) subgroups using the threshold of TTV-RPM. The patients were       followed until December 9, 2025, to investigate the clinical features of       cerebrospinal fluid TTV positive patients after allo-HSCT. The survival curve was       drawn to compare the difference of survival rate between groups. The influencing       factors of patient prognosis were analyzed using a multivariate Cox regression       model. Results: A total of 134 patients were enrolled: sixty in the TTV-negative       group, including 35 males and 25 females, aged [M (Q(1), Q(3))] 30 (14, 42)       years, and 74 in the TTV-positive group, including 45 males and 29 females, aged       24 (15, 40) years. Within the TTV-positive group, 44 were classified as low-RPM       subgroup and 30 as high-RPM subgroup. Baseline characteristics, including gender,       age, primary disease, donor type, neutrophil engraftment time, platelet       engraftment time, whether acute graft-versus-host disease (aGVHD) occurred, and       other microbial infections in cerebrospinal fluid, showed no significant       differences between the TTV-negative and TTV-positive groups, or between the       low-RPM and high-RPM subgroups (all P>0.05). The median follow-up time was       30.0(18.0, 35.4) months, the median survival period was not reached in the       low-RPM subgroup, while that in the high-RPM subgroup was 25.6 months (95%CI:       5.3-45.9), and the 3-year survival rate was lower than that in the low-RPM       subgroup (41.1% vs 76.8%, P=0.014). Multivariate Cox regression analysis       confirmed high TTV-RPM level (‚â•1) in cerebrospinal fluid as a risk factor for       mortality in allo-HSCT patients (HR=2.57, 95%CI: 1.09-6.08). Conclusions: There       is no difference in clinical characteristics among allo-HSCT patients with or       without TTV infection or with different TTV viral loads. A high TTV-RPM value       (‚â•1) in cerebrospinal fluid is a risk factor for mortality in allo-HSCT patients."
Advances in understanding the pathogenesis of graft-versus-host disease.,"Allogeneic haematopoietic stem cell transplantation (HCT) is a potent       immunotherapy with curative potential for several haematological disorders.       Overcoming the immunological barrier of acute graft-versus-host disease (GVHD)       remains a fundamental impediment to expanding the efficacy of HCT. GVHD reflects       a complex pathological interaction between the innate and adaptive immune systems       of the host and donor. Over the past decade there has been a tremendous       advancement in our understanding of the cellular and molecular underpinnings of       this devastating disease. In this review, we cover several recently appreciated       facets of GVHD pathogenesis including novel extracellular mediators of       inflammation, immune subsets, intracellular signal transduction, post-translation       modifications and epigenetic regulation. We begin to develop general themes       regarding the immunological pathways in GVHD pathogenesis, discuss critical       outstanding questions, and explore new avenues for GVHD treatment and prevention."
Impact of gut fungal and bacterial communities on the outcome of allogeneic       hematopoietic cell transplantation.,"Patients receiving allogeneic hematopoietic cell transplantation (alloHCT) were       previously shown to display a bacterial gut dysbiosis; however, limited data are       available regarding the role of fungal microbiota in these patients. We evaluated       the bacterial and fungal composition of the fecal microbiota at day 0 of alloHCT.       Higher bacterial diversity was associated with an improved overall survival (OS)       and disease-free survival (DFS). While fungal diversity had no impact on patient       outcomes, we observed that high versus low relative abundance of Candida albicans       in alloHCT patients¬†at day 0 was associated with a significantly lower OS, DFS       and graft-versus-host-free, relapse-free survival (GRFS) (p‚Äâ=‚Äâ0.0008, p‚Äâ=‚Äâ0.0064       and p‚Äâ=‚Äâ0.026, respectively). While these results are limited by low patient       numbers and low fungal read counts in some samples, they suggest a potentially       important role for C albicans in alloHCT."
The Microbiome and Its Impact on Allogeneic Hematopoietic Cell Transplantation.,"Allogeneic hematopoietic cell transplantation (alloHCT) is a standard curative       therapy for a variety of benign and malignant hematological diseases. Previously,       patients who underwent alloHCT were at high risk for complications with       potentially life-threatening toxicities, including a variety of opportunistic       infections as well as acute and chronic manifestations of graft-versus-host       disease (GVHD), where the transplanted immune system can produce inflammatory       damage to the patient. With recent advances, including newer conditioning       regimens, advances in viral and fungal infection prophylaxis, and novel GVHD       prophylactic and treatment strategies, improvements in clinical outcomes have       steadily improved. One modality with great potential that has yet to be fully       realized is targeting the microbiome to further improve clinical outcomes.In       recent years, the intestinal microbiota, which includes bacteria, fungi, viruses,       and other microbes that reside within the intestinal tract, has become       established as a potent modulator of alloHCT outcomes. The composition of       intestinal bacteria, in particular, has been found in large multicenter       prospective studies to be strongly associated with GVHD, treatment-related       mortality, and overall survival. Murine studies have demonstrated a causal       relationship between intestinal microbiota injury and aggravated GVHD, and more       recently, clinical interventional studies of repleting the intestinal microbiota       with fecal microbiota transplantation have emerged as effective therapies for       GVHD. How the composition of the intestinal bacterial microbiota, which is often       highly variable in alloHCT patients, can modulate GVHD and other outcomes is not       fully understood. Recent studies, however, have begun to make substantial       headway, including identifying particular bacterial subsets and/or       bacterial-derived metabolites that can mediate harm or benefit. Here, the authors       review recent studies that have improved our mechanistic understanding of the       relationship between the microbiota and alloHCT outcomes, as well as studies that       are beginning to establish strategies to modulate the microbiota with the hope of       optimizing clinical outcomes."
Faecal microbiota transplantation in patients with haematological malignancies       undergoing cellular therapies: from translational research to routine clinical       practice.,"The effect of the gut microbiota on patients' outcomes after allogeneic       haematopoietic cell transplantation (HCT) is now well established. In particular,       gut microbiota dysbiosis has been associated with acute graft-versus-host disease       (GVHD). Furthermore, increasing data also suggest an effect of the gut microbiota       on outcome after autologous HCT and CAR T cells. In fact, the bacterial gut       microbiota interplays with the immune system and contributes to immunological       complication and antitumour response to treatment. Therefore, faecal microbiota       transplantation has been evaluated in patients with haematological malignancies       for various indications, including Clostridioides difficile infection,       eradication of multidrug-resistant bacteria, and steroid refractory acute GVHD.       In addition, use of prophylactic faecal microbiota transplantation to restore the       gut microbiota and improve patients' outcomes is being developed in the setting       of allogeneic HCT, but also probably very soon in patients receiving autologous       HCT or CAR T cells."
High gastrointestinal microbial diversity and clinical outcome in graft-versus-host disease patients,
Treatment of intestinal graft-versus-host disease with unrelated donor fecal       microbiota transplantation capsules: A case report.,"INTRODUCTION: Fecal microbiota transplantation (FMT), administering fecal       suspensions via a nasoduodenal tube, has achieved a promising effect in the       treatment of intestinal graft-versus-host disease (GvHD) in some pilot studies.       In this study, oral FMT capsules from unrelated donor were used for the first       time in the treatment of intestinal GvHD. Patient concerns: A 31-year-old male       who was diagnosed as ""myelodysplastic syndromes with excess blasts II""       (intermediate risk 2 of international prognostic scoring system) received human       leukocyte antigen -matched sibling donor allogeneic hematopoietic stem cell       transplantation. The patient developed diarrhea, vomiting, and bloody stool on 28       days after transplantation. DIAGNOSIS: Intestinal acute GvHD was diagnosed       clinically with histological confirmation by colonoscopy and pathological biopsy.       INTERVENTIONS: This patient was treated with first cycle of oral FMT capsules       after failure to initial treatment of methylprednisolone (2‚Äämg/kg/d) combined       with recombinant human tumor necrosis factor-Œ± receptorII: IgG Fc fusion protein       (25‚Äämg, biw). The symptoms of intestinal GvHD were relieved but recurred 11 days       later. Second cycle of oral FMT capsules was carried out. OUTCOMES: After 2       cycles of fecal bacteria transplantation, intestinal GvHD was gradually       controlled and did not recur again during the 2-month follow-up. The diversity       and structure of the intestinal flora after FMT was closer to that of healthy       donors than that before. CONCLUSION: Our case showed oral FMT capsules could be       used as a treatment option for corticosteroid refractory intestinal GvHD. Further       studies are warranted to assess the clinical efficacy and safety of oral FMT       capsules in the treatment of intestinal GvHD. RATIONALE: Fecal microbiota       transplantation (FMT), administering fecal suspensions via a nasoduodenal tube,       has achieved a promising effect in the treatment of intestinal graft-versus-host       disease (GvHD) in some pilot studies. In this study, oral FMT capsules from       unrelated donor were used for the first time in the treatment of intestinal GvHD.       PATIENT CONCERNS: A 31-year-old male who was diagnosed as ""myelodysplastic       syndromes with excess blasts II"" (intermediate risk 2 of international prognostic       scoring system) received human leukocyte antigen -matched sibling donor       allogeneic hematopoietic stem cell transplantation. The patient developed       diarrhea, vomiting, and bloody stool on 28 days after transplantation. DIAGNOSES:       Intestinal acute GvHD was diagnosed clinically with histological confirmation by       colonoscopy and pathological biopsy. INTERVENTIONS: This patient was treated with       first cycle of oral FMT capsules after failure to initial treatment of       methylprednisolone (2‚Äämg/kg/d) combined with recombinant human tumor necrosis       factor-a receptorII: IgG Fc fusion protein (25‚Äämg, biw). The symptoms of       intestinal GvHD were relieved but recurred 11 days later. Second cycle of oral       FMT capsules was carried out. OUTCOMES: After 2 cycles of fecal bacteria       transplantation, intestinal GvHD was gradually controlled and did not recur again       during the 2-month follow-up. The diversity and structure of the intestinal flora       after FMT was closer to that of healthy donors than that before. CONCLUSION: Our       case showed oral FMT capsules could be used as a treatment option for       corticosteroid refractory intestinal GvHD. Further studies are warranted to       assess the clinical efficacy and safety of oral FMT capsules in the treatment of       intestinal GvHD. LESSONS: There is still a possibility of recurrence after the       treatment of GvHD with capsule fecal microbiota transplantation. How to optimize       the dosage and treatment course of fecal microbiota capsule administration needs       further exploration."
Pre-Transplant Prediction of Acute Graft-versus-Host Disease Using the Gut       Microbiome.,"Gut microbiota is thought to influence host responses to allogeneic hematopoietic       stem cell transplantation (aHSCT). Recent evidence points to this post-transplant       for acute graft-versus-host disease (aGvHD). We asked whether any such       association might be found pre-transplant and conducted a metagenome-wide       association study (MWAS) to explore. Microbial abundance profiles were estimated       using ensembles of Kaiju, Kraken2, and DeepMicrobes calls followed by       dimensionality reduction. The area under the curve (AUC) was used to evaluate       classification of the samples (aGvHD vs. none) using an elastic net to test the       relevance of metagenomic data. Clinical data included the underlying disease       (leukemia vs. other hematological malignancies), recipient age, and sex. Among       172 aHSCT patients of whom 42 developed aGVHD post transplantation, a total of       181 pre-transplant tool samples were analyzed. The top performing model       predicting risk of aGVHD included a reduced species profile (AUC = 0.672). Beta       diversity (37% in Jaccard's Nestedness by mean fold change, p < 0.05) was lower       in those developing aGvHD. Ten bacterial species including Prevotella and       Eggerthella genera were consistently found to associate with aGvHD in indicator       species analysis, as well as relief and impurity-based algorithms. The findings       support the hypothesis on potential associations between gut microbiota and aGvHD       based on a data-driven approach to MWAS. This highlights the need and relevance       of routine stool collection for the discovery of novel biomarkers."
Microbiota Predict Infections and Acute Graft-Versus-Host Disease After Pediatric Allogeneic Hematopoietic Stem Cell Transplantation,"Despite preventive measures, infections continue to pose significant risks to pediatric allogeneic hematopoietic cell transplantation (allo-HCT) recipients. The gut microbiota has been linked to clinical outcomes following adult allo-HCT. This study evaluated whether similar disruptions or differing microbiota patterns were associated with infection risk in pediatric allo-HCT. In a prospective observational study, fecal samples were obtained from 74 children before conditioning and upon neutrophil recovery. Microbiome signatures identified through sequencing were examined for their associations with infections or acute graft-versus-host disease (aGVHD) in the first-year post-HCT using Cox proportional hazards analysis. Microbiome disruption in adults, did not predict infection risk in pediatric allo-HCT. Unique microbiota signatures were associated with different infections or aGVHD. A ratio of strict and facultative anaerobes (eg, Lachnoclostridium, Parabacteroides) prior to conditioning predicted bacteremia risk (Cox hazard ratio [HR], 3.89). A distinct ratio of oral (eg, Rothia, Veillonella) to intestinal anaerobes (eg, Anaerobutyricum, Romboutsia) at neutrophil recovery predicted likelihood of bacterial infections (Cox HR, 1.81) and viral enterocolitis (Cox HR, 1.96). Interactions between medical interventions, pediatric hosts, and microbial communities contribute to microbiota signatures that predict infections. Further multicenter study is necessary to validate the generalizability of these ratios as biomarkers. Gut microbial communities can predict which children after hematopoietic cell transplantation will have infections or acute graft-versus-host disease. These ratios of gut community members can be used to focus prevention and treatment on children at highest risks for complications."
Exocrine pancreatic insufficiency after allogeneic bone marrow transplantation.,"Several reports suggest a relationship between bone marrow transplantation and       pancreatic damage. The authors describe two patients with pancreatic       insufficiency after bone marrow transplantation. The first patient had weight       loss arising from steatorrhea secondary to severe pancreatic insufficiency       (lipase output result <3% of normal) due to pancreatic atrophy. The second       patient had steatorrhea secondary to intestinal bacterial overgrowth, but       moderate pancreatic insufficiency was present (results of trypsin and lipase       outputs were 50 and 30% of normal). Before the diagnosis of pancreatic       insufficiency, both patients had acute graft vs host disease and the second       patient had chronic graft vs host disease. We conclude that graft vs host disease       after bone marrow transplantation may damage the pancreas. Patients with       persistent malabsorption after bone marrow transplantation should be tested for       exocrine pancreatic insufficiency."
The microbe-derived short-chain fatty acids butyrate and propionate are associated with protection from chronic GVHD," Studies of the relationship between the gastrointestinal microbiota and outcomes in allogeneic hematopoietic stem cell transplantation (allo-HCT) have thus far largely focused on early complications, predominantly infection and acute graft-versus-host disease (GVHD). We examined the potential relationship of the microbiome with chronic GVHD (cGVHD) by analyzing stool and plasma samples collected late after allo-HCT using a case-control study design. We found lower circulating concentrations of the microbe-derived short-chain fatty acids (SCFAs) propionate and butyrate in day 100 plasma samples from patients who developed cGVHD, compared with those who remained free of this complication, in the initial case-control cohort of transplant patients and in a further cross-sectional cohort from an independent transplant center. An additional cross-sectional patient cohort from a third transplant center was analyzed; however, serum (rather than plasma) was available, and the differences in SCFAs observed in the plasma samples were not recapitulated. In sum, our findings from the primary case-control cohort and 1 of 2 cross-sectional cohorts explored suggest that the gastrointestinal microbiome may exert immunomodulatory effects in allo-HCT patients at least in part due to control of systemic concentrations of microbe-derived SCFAs."
The Post-HCT Intestinal Microbiome: Who are the Key Disruptors and How Long does       the Damage Last?,
Rifaximin use favoured micafungin-resistant Candida spp. infections in recipients       of allogeneic hematopoietic cell transplantation.,"Damage to gut mucosa following conditioning regimens may favour bacterial       infections that can trigger graft versus host disease (GvHD) in patients       undergoing allogeneic hematopoietic stem cell transplantation (HSCT). Rifaximin,       an oral and non-absorbable antibiotic, has been recently proposed as effective       prophylaxis to reduce bacterial infections in the gut and consequently acute GvHD       in this setting. The present study evaluated safety and outcomes of HSCT patients       that were treated with rifaximin prophylaxis at Perugia University Hospital.       Rifaximin prophylaxis was introduced as standard of care in HSCT patients in May       2018. We retrieved data from 118 consecutive transplants, and we compared the       outcomes of rifaximin-treated patients with historical controls that did not       receive antibiotic prophylaxis. While incidences of neutropenic fever, documented       bacterial infections, and aGvHD were similar in the two groups, we found an       increased frequency of invasive candidiasis and clinically relevant Candida spp.       infections in rifaximin-treated patients (5 patients vs 1 patient, 25% [¬±‚Äâ0.99%]       vs 1% [¬±‚Äâ0.01%], p‚Äâ<‚Äâ.0001). Three rifaximin-treated patients experienced       life-threating candidemia (2 C. krusei, 1 C. orthopsilosis). Rifaximin was the       only factor that increased the risk of Candida spp. infections. Rifaximin could       have contributed to microbiome disruption which favoured an outbreak of       life-threatening Candida infections. This important complication forced us to       halt its use. Larger, prospective studies are needed to assess the impact of       rifaximin prophylaxis on incidence of bacterial infections, aGvHD, and survival       of HSCT patients."
Gut microbiota diversity before allogeneic hematopoietic stem cell       transplantation as a predictor of mortality in children.,"The correlation existing between gut microbiota diversity and survival after       allogeneic hematopoietic stem cell transplantation (allo-HSCT) has so far been       studied in adults. Pediatric studies question whether this association applies to       children as well. Stool samples from a multicenter cohort of 90 pediatric       allo-HSCT recipients were analyzed using 16S ribosomal RNA amplicon sequencing to       profile the gut microbiota and estimate diversity with the Shannon index. A       global-to-local networking approach was used to characterize the ecological       structure of the gut microbiota. Patients were stratified into higher- and       lower-diversity groups at 2 time points: before transplantation and at neutrophil       engraftment. The higher-diversity group before transplantation exhibited a¬†higher       probability of overall survival (88.9%¬†¬± 5.7% standard error [SE] vs 62.7%¬†¬± 8.2%       SE; P¬†=¬†.011) and lower incidence of grade 2 to 4 and grade 3 to 4 acute       graft-versus-host disease (aGVHD). No significant difference in relapse-free       survival was observed between the 2 groups (80.0%¬†¬± 6.0% SE vs 55.4%¬†¬± 10.8% SE;       P¬†= .091). The higher-diversity group was characterized by higher relative       abundances of potentially health-related microbial families, such as       Ruminococcaceae and Oscillospiraceae. In contrast, the lower-diversity group       showed an overabundance of Enterococcaceae and Enterobacteriaceae. Network       analysis detected short-chain fatty acid producers, such as Blautia,       Faecalibacterium, Roseburia, and Bacteroides, as keystones in the       higher-diversity group. Enterococcus, Escherichia-Shigella, and Enterobacter were       instead the keystones detected in the lower-diversity group. These results       indicate that gut microbiota diversity and composition before transplantation       correlate with survival and with the likelihood of developing aGVHD."
Microbiome-Derived Metabolites in Allogeneic Hematopoietic Stem Cell       Transplantation.,"The gut microbiome has emerged as a major character in the context of       hematopoietic stem cell transplantation. The biology underpinning this       relationship is still to be defined. Recently, mounting evidence has suggested a       role for microbiome-derived metabolites in mediating crosstalk between intestinal       microbial communities and the host. Some of these metabolites, such as       fiber-derived short-chain fatty acids or amino acid-derived compounds, were found       to have a role also in the transplant setting. New interesting data have been       published on this topic, posing a new intriguing perspective on comprehension and       treatment. This review provides an updated comprehensive overview of the       available evidence in the field of gut microbiome-derived metabolites and       hematopoietic stem cell transplantation."
The gut microbiome in pediatric patients undergoing allogeneic hematopoietic stem       cell transplantation.,"The gut microbiome (GM) has been associated with different clinical outcomes in       the context of allogeneic hematopoietic stem cell transplantation (HSCT). Large       multicenter cohort studies in adults have found significant correlations with       overall survival, relapse, and incidence of complications. Moreover, GM is       already a promising target for therapeutic interventions. However, few data are       available in children, a population presenting unique features and challenges.       During childhood, the GM evolves rapidly with large structural fluctuations,       alongside with the maturation of the immune system. Furthermore, the HSCT       procedure presents significant differences in children. These considerations       underline the importance of a specific focus on the pediatric setting, and the       role of GM and its age-dependent trajectory in influencing the immunity       reconstitution and clinical outcomes. This review provides a comprehensive       overview of the available evidence in the field of GM and pediatric HSCT,       highlighting age-specific issues and discussing GM-based therapeutic approaches."
The gut microbiome in pediatric patients undergoing allogeneic hematopoietic stem cell transplantation,
Prolonged Suppression of Butyrate-Producing Bacteria Is Associated With Acute       Gastrointestinal Graft-vs-Host Disease and Transplantation-Related Mortality       After Allogeneic Stem Cell Transplantation.,"BACKGROUND: Butyrogenic bacteria play an important role in gut microbiome       homeostasis and intestinal epithelial integrity. Previous studies have       demonstrated an association between administration of short-chain fatty acids       like butyrate and protection from acute graft-vs-host disease (GvHD) after       allogeneic stem cell transplantation (ASCT). METHODS: In the current study, we       examined the abundance and butyrogenic capacity of butyrate-producing bacteria in       28 healthy donors and 201 patients after ASCT. We prospectively collected serial       stool samples and performed polymerase chain reaction analysis of the       butyrate-producing bacterial enzyme butyryl-coenzyme A (CoA):acetate       CoA-transferase (BCoAT) in fecal nucleic acid extracts. RESULTS: Our data       demonstrate a strong and prolonged suppression of butyrogenic bacteria early in       the course of ASCT. In a multivariable analysis, early use of broad-spectrum       antibiotics before day 0 (day of transplantation) was identified as an       independent factor associated with low BCoAT copy numbers (odds ratio, 0.370 [95%       confidence interval, .175-.783]; P‚ÄÖ=‚ÄÖ.009). Diminished butyrogens correlated with       other biomarkers of microbial diversity, such as low 3-indoxylsulfate levels,       reduced abundance of Clostridiales and low inverse Simpson and effective Shannon       indices (all P‚ÄÖ<‚ÄÖ.001). Low BCoAT copy numbers at GvHD-onset were correlated with       GI-GvHD severity (P‚ÄÖ=‚ÄÖ.002) and associated with a significantly higher       GvHD-associated mortality rate (P‚ÄÖ=‚ÄÖ.04). Furthermore, low BCoAT copy numbers at       day 30 were associated with a significantly higher transplantation-related       mortality rate (P‚ÄÖ=‚ÄÖ.02). CONCLUSIONS: Our results are consistent with the       hypothesis that alterations in the microbiome play an important role in GvHD       pathogenesis and that microbial parameters such as BCoAT might serve as       biomarkers to identify patients at high risk of lethal GI-GvHD."
Enterococcus Intestinal Domination Is Associated With Increased Mortality in the Acute Leukemia Chemotherapy Population,"Enterococcus intestinal domination (EID), a state of dysbiosis wherein enterococci comprise ‚â•30% abundance within the microbiota, has been associated with Enterococcus bacteremia, graft-versus-host disease, and mortality in the allogeneic hematopoietic stem cell transplant (allo HCT) population. The acute leukemia (AL) chemotherapy population includes patients receiving intensive chemotherapy, but not all patients go on to have an allo HCT. The impact of EID on outcomes including mortality in the AL chemotherapy population is unknown. Microbiota composition from weekly stool samples was analyzed using 16S ribosomal RNA gene sequencing. Patients were analyzed in 2 cohorts: AL chemotherapy cohort and allo HCT cohort. Œ± -diversity and richness were calculated. Kaplan-Meier analysis was used to analyze mortality. A total of 929 stool samples were collected from 139 patients. Both allo HCT and AL cohorts had a decline in Œ±-diversity and richness over the course of treatment that tended not to return to baseline months later. EID was observed in at least 1 sample in 36% of allo HCT patients and 49% of AL patients. Patients with observed EID had lower Œ±-diversity over time. Similar to the HCT cohort, AL patients with EID had reduced overall survival. We identified 4 other genera that were commonly found in ‚â•30% relative abundance within the microbiota, but none were associated with mortality. In fact, in allo HCT, Bacteroides abundance ‚â•30% was associated with improved survival. EID is associated with increased all-cause mortality in HCT and AL cohorts. Unlike EID, relative abundance ‚â•30% by other genera is not associated with increased all-cause mortality. Enterococcus intestinal domination is associated with increased mortality in the acute leukemia population. The 4 other most common causes of relative abundance ‚â•30% are not associated with increased mortality in either the allogeneic transplant or acute leukemia populations."
The Role of Fecal Microbiota Transplantation in the Allogeneic Stem Cell Transplant Setting,
Metabolomics analysis of human acute graft-versus-host disease reveals changes in       host and microbiota-derived metabolites.,"Despite improvement in clinical management, allogeneic hematopoietic stem cell       transplantation (HSCT) is still hampered by high morbidity and mortality rates,       mainly due to graft versus host disease (GvHD). Recently, it has been       demonstrated that the allogeneic immune response might be influenced by external       factors such as tissues microenvironment or host microbiota. Here we used high       throughput metabolomics to analyze two cohorts of genotypically HLA-identical       related recipient and donor pairs. Metabolomic profiles markedly differ between       recipients and donors. At the onset of acute GvHD, in addition to host-derived       metabolites, we identify significant variation in microbiota-derived metabolites,       especially in aryl hydrocarbon receptor (AhR) ligands, bile acids and       plasmalogens. Altogether, our findings support that the allogeneic immune       response during acute GvHD might be influenced by bile acids and by the decreased       production of AhR ligands by microbiota that could limit indoleamine       2,3-dioxygenase induction and influence allogeneic T¬†cell reactivity."
Dietary animal fat disrupts gut microbiota and aggravates Scl-cGVHD after       allogeneic hematopoietic stem cell transfer.,"Allogeneic hematopoietic stem cell transplant (allo-HSCT) is an effective       treatment for high-risk or relapsed acute leukemia. However, the frequent       occurrence of graft-versus-host disease (GVHD) poses significant complications.       Modifiable factors such as the gut microbiome and dietary regimen have the       potential to influence the frequency and severity of GVHD. Previous studies in       mouse models have shown a direct link between obesity and increased severity of       GVHD; however, analysis of human data has not suggested a causal relationship. We       hypothesized that dietary fat content before transplantation, rather than obesity       itself, might affect outcomes, given that increased dietary fat is associated       with reduced gut microbiome diversity. In our study, we evaluated the effects of       an animal fat-based diet (AFD) and a plant fat-based diet (PFD) in a mouse model       of sclerodermatous chronic GVHD (Scl-cGVHD). Mice initially fed normal chow (‚àº10%       kcal from fat) were switched to either an AFD or a PFD (each with ‚àº25% kcal from       fat) 2 weeks before allo-HSCT. Mice on the AFD had an elevated serum cytokine       response, more severe skin inflammation, and greater intestinal immune       dysregulation than mice on the PFD. Although both diets reduced gut microbial       diversity, the fat source led to distinct microbiota compositions that included 2       coabundance guilds that differentiated between the AFD and PFD groups. Our       findings demonstrate that even short-term consumption of diets with equivalent       macronutrient content, but different fat sources, can modulate the gut       microbiome, disrupt intestinal homeostasis, and influence Scl-cGVHD outcomes."
Early intestinal microbial features are associated with CD4 T-cell recovery after       allogeneic hematopoietic transplant.,"Low intestinal microbial diversity is associated with poor outcomes after       allogeneic hematopoietic cell transplantation (HCT). Using 16S rRNA sequencing of       2067 stool samples and flow cytometry data from 2370 peripheral blood samples       drawn from 894 patients who underwent allogeneic HCT, we have linked features of       the early post-HCT microbiome with subsequent immune cell recovery. We examined       lymphocyte recovery and microbiota features in recipients of both unmodified and       CD34-selected allografts. We observed that fecal microbial diversity was an       independent predictor of CD4 T-cell count 3 months after HCT in recipients of a       CD34-selected allograft, who are dependent on de novo lymphopoiesis for their       immune recovery. In multivariate models using clinical factors and microbiota       features, we consistently observed that increased fecal relative abundance of       genus Staphylococcus during the early posttransplant period was associated with       worse CD4 T-cell recovery. Our observations suggest that the intestinal bacteria,       or the factors they produce, can affect early lymphopoiesis and the homeostasis       of allograft-derived T cells after transplantation."
Improving bench-to-bedside translation for acute graft-versus-host disease       models.,"The transplantation of allogeneic hematopoietic stem cells is a potentially       curative treatment for hematological malignancies, inherited blood disorders and       immune deficiencies. Unfortunately, 30-50% of patients receiving allogeneic       hematopoietic stem cells will develop a potentially life-threatening inflammatory       disease called acute graft-versus-host disease (aGVHD). In patients with aGVHD,       graft-associated T cells, which typically target the skin, intestinal tract and       liver, can also damage the lungs and lymphoid tissue. Damage to lymphoid tissue       creates prolonged immunodeficiency that markedly increases the risk of infections       and bleeding, resulting in considerable morbidity and mortality. Although mouse       models of aGVHD have been instrumental to our understanding of this condition's       pathogenesis, translation of preclinical data into new and more effective       treatments for human disease has been limited for reasons that remain to be fully       understood. However, evidence suggests that factors associated with mouse models       of aGVHD likely contribute to these unsatisfactory results. In this Review, we       identify and discuss the specific factors inherent to mouse models of aGVHD that       may limit the translation of preclinical data to patient treatment, and suggest       how to improve the translatability of these models."
Oral shedding of herpesviruses and clinical outcomes in hematopoietic stem cell       transplant patients.,"OBJECTIVES: To characterize the oral shedding of herpes viruses in patients who       underwent allogeneic hematopoietic stem cell transplantation (alloHSCT) and       investigate its relationship with clinical outcomes. MATERIALS AND METHODS:       Polymerase chain reaction and enzymatic digestion were performed to identify the       oral shedding of the members of the Herpesviridae family in 31 patients. The       samples were collected from the oral cavity at five timestamps. RESULTS: The       presence of each herpesvirus in the oral cavity was observed in 3.2%, 12.9%,       19.3%, 32.2%, 54.8% and 93.5% patients for human herpesvirus (HHV)-6A, herpes       simplex virus-1, HHV-6B, cytomegalovirus (CMV), Epstein-Barr virus (EBV) and       HHV-7, respectively. Oral shedding of herpes virus was not uncommon after       alloHSCT. There was a statistically significant association between the EBV and       CMV oral shedding at C1 and the cumulative incidence of acute graft-versus-host       disease (aGVHD). The results suggested that the presence of HSV-1 at C2 was       related to a relapse. The HHV-7 oral shedding at C2 suggests a possible link       between relapse, progression-free survival and overall survival of the patients.       CONCLUSIONS: Patients who developed aGVHD showed higher CMV and EBV shedding in       the oral cavity at aplasia, suggesting modifications to the pattern of immune       cell response and inflammatory microenvironment."
Recent Metabolic Advances for Preventing and Treating Acute and Chronic Graft       Versus Host Disease.,"The therapeutic efficacy of allogeneic hematopoietic stem cell transplantation       (allo-HSCT) is limited by the development of graft-versus-host disease (GVHD). In       GVHD, rigorous pre-conditioning regimen resets the immune landscape and       inflammatory milieu causing immune dysregulation, characterized by an expansion       of alloreactive cells and a reduction in immune regulatory cells. In acute GVHD       (aGVHD), the release of damage- and pathogen- associated molecular patterns from       damaged tissue caused by the conditioning regimen sets the stage for T cell       priming, activation and expansion further exacerbating tissue injury and organ       damage, particularly in the gastrointestinal tract. Studies have shown that donor       T cells utilize multiple energetic and biosynthetic pathways to mediate GVHD that       can be distinct from the pathways used by regulatory T cells for their       suppressive function. In chronic GVHD (cGVHD), donor T cells may differentiate       into IL-21 producing T follicular helper cells or tissue resident T helper cells       that cooperate with germinal center B cells or memory B cells, respectively, to       produce allo- and auto-reactive antibodies with subsequent tissue fibrosis.       Alternatively, donor T cells can become IFN- Œ≥/IL-17 cytokine expressing T cells       that mediate sclerodermatous skin injury. Patients refractory to the first line       standard regimens for GVHD treatment have a poor prognosis indicating an urgent       need for new therapies to restore the balance between effector and regulatory       immune cells while preserving the beneficial graft-versus-tumor effect. Emerging       data points toward a role for metabolism in regulating these allo- and       auto-immune responses. Here, we will discuss the preclinical and clinical data       available on the distinct metabolic demands of acute and chronic GVHD and recent       efforts in identifying therapeutic targets using metabolomics. Another dimension       of this review will examine the changing microbiome after allo-HSCT and the role       of microbial metabolites such as short chain fatty acids and long chain fatty       acids on regulating immune responses. Lastly, we will examine the metabolic       implications of coinhibitory pathway blockade and cellular therapies in       allo-HSCT. In conclusion, greater understanding of metabolic pathways involved in       immune cell dysregulation during allo-HSCT may pave the way to provide novel       therapies to prevent and treat GVHD."
"Impact of transforming growth factor-Œ≤2 enriched food for special medical       purposes on nutritional status, microbiota and clinical outcomes after allogeneic       hematopoietic stem cell transplantation: prospective analysis of 192 consecutive       patients.","BACKGROUND AND AIMS: Allogeneic hematopoietic stem cell transplantation       (allo-HSCT) represents an essential treatment for various diseases despite being       burdened by severe malnutrition, serious infections, graft-versus-host disease       (GVHD) and gut microbiota dysbiosis. There is growing evidence suggesting that       nutritional interventions may potentially lower these risks. In particular,       nutritional supports enriched with the TGF-Œ≤2 have shown promising benefits in       Crohn's disease thanks to its immunomodulating and anti-inflammatory properties.       Given the pathophysiological and clinical similarities between IBDs (Inflammatory       Bowel Diseases) and gastrointestinal acute GVHD (GI aGVHD), this prospective       study investigated the impact of a TGF-Œ≤2 enriched Food for Special Medical       Purposes (TGF-Œ≤2 FSMP) on nutritional status, transplant outcomes, and microbiota       composition in patients undergoing allo-HSCT. METHODS: Patients were divided into       two groups according to their TGF-Œ≤2 FSMP consumption defined by study protocol:       Group A (Treatment Ratio ‚â•50 %, more than 50 % of prescribed FSMP assumed) and       Group B (Treatment Ratio <50 %). Transplant outcomes (Overall Survival,       Transplant Related Mortality, Cumulative Incidence of acute GVHD, infectious       complications, lymphocytes count 28 days after transplantation and microbiota       composition) were analyzed according to TGF-Œ≤2 FSMP consumption. RESULTS: A total       of 192 consecutive patients who have undergone allo-HSCT were included, 112 in       group A and 80 in group B. Adequate TGF-Œ≤2 FSMP intake (Group A) significantly       reduced severe malnutrition (PG-SGA C) at day +28 post-transplant, improved       overall survival (OS) (median 42.2 months in Group A vs. 29.2 months in Group B,       p = 0.014), and decreased non-relapse mortality (NRM) (p = 0.018). Furthermore,       Group A exhibited a lower incidence of clinically significant acute       graft-versus-host disease (aGVHD) (MAGIC II-IV) (18.4 % in Group A vs. 45.4 % in       Group B, p < 0.001), particularly gastrointestinal aGVHD (12.8 % in Group A vs.       42.3 % in Group B, p < 0.001), and a reduced incidence of pneumonia (24.1 % in       Group A, vs. 48.1 % in Group B, p < 0.001). Moreover, Group A showed       significantly higher counts of NK lymphocytes (CD56+ and CD16+) at day +28 (p =       0.012 and p = 0.002, respectively). Microbiota analysis on 32 representative       patients revealed no significant differences between groups after TGF-Œ≤2 FSMP       supplementation, while Firmicutes/Bacteroidetes (phyla commonly dominating gut       microbiota) ratio showed a significant decrease in Group A at day +28       post-transplant compared to baseline (p = 0.011). Multivariable analysis       identified adequate TGF-Œ≤2 FSMP intake, absence of disease relapse, and       lymphocyte count ‚â•140 cells/ŒºL at day +28 as independent predictors of improved       OS. CONCLUSIONS: These findings highlight the potential of TGF-Œ≤2 FSMP as a       crucial nutritional intervention in allo-HSCT, positively influencing nutritional       status, immune reconstitution, microbiota composition, and overall transplant       outcomes. Further randomized trials are needed to confirm these data."
Gastrointestinal Graft-versus-Host Disease Is a Risk Factor for Postengraftment       Bloodstream Infection in Allogeneic Hematopoietic Stem Cell Transplant       Recipients.,"Bloodstream infection (BSI) is a well-known cause of morbidity and mortality in       allogeneic hematopoietic stem cell transplant (allo-HSCT) recipients. Here, we       conducted a retrospective study to assess the morbidity, etiology, risk factors,       and outcomes of BSI in the postengraftment period (PE-BSI) after allo-HSCT.       Forty-three of 316 patients (13.6%) developed 57 PE-BSI episodes, in which 62       pathogens were isolated: Gram-positive bacteria, gram-negative bacteria, and       fungi, respectively, accounted for 54.8%, 35.5%, and 9.7% of the isolates.       Multivariate analysis revealed methylprednisolone use for graft-versus-host       disease (GVHD) prophylaxis (odds ratio [OR], 6.49; 95% confidence interval [CI],       1.49 to 28.2; P = .013) and acute gastrointestinal GVHD (GI-GVHD) (OR, 8.82; 95%       CI, 3.99 to 19.5; P < .0001) as risk factors for developing PE-BSI. This finding       suggested that GI-GVHD increases the risk of bacterial translocation and       subsequent septicemia. Moreover, among patients with GI-GVHD, insufficient       response to corticosteroids, presumably related to an intestinal dysbiosis,       significantly correlated with this complication. Patients with PE-BSI presented       worse outcome compared with those without (3-year overall survival, 47.0% versus       18.6%; P < .001). Close microbiologic monitoring for BSIs and minimizing       intestinal dysbiosis may be crucial to break the vicious cycle between GI-GVHD       and bacteremia and to improve transplant outcomes especially in patients who       require additional immunosuppressants."
Antibiotic-Induced Shifts in Fecal Microbiota Density and Composition during Hematopoietic Stem Cell Transplantation,"Dramatic microbiota changes and loss of commensal anaerobic bacteria are associated with adverse outcomes in hematopoietic cell transplantation (HCT) recipients. In this study, we demonstrate these dynamic changes at high resolution through daily stool sampling and assess the impact of individual antibiotics on those changes. We collected 272 longitudinal stool samples (with mostly daily frequency) from 18 patients undergoing HCT and determined their composition by multiparallel 16S rRNA gene sequencing as well as the density of bacteria in stool by quantitative PCR (qPCR). We calculated microbiota volatility to quantify rapid shifts and developed a new dynamic systems inference method to assess the specific impact of antibiotics. The greatest shifts in microbiota composition occurred between stem cell infusion and reconstitution of healthy immune cells. Piperacillin-tazobactam caused the most severe declines among obligate anaerobes. Our approach of daily sampling, bacterial density determination, and dynamic systems modeling allowed us to infer the independent effects of specific antibiotics on the microbiota of HCT patients."
The gut microbiome in graft-versus-host disease: mechanisms of immune modulation       and therapeutic approaches.,"Graft-versus-host disease (GvHD) remains a major complication of allogeneic       hematopoietic stem cell transplantation and occurs when T cells from the donor       graft target recipient-derived antigen on host tissue. The involvement of the       gastrointestinal (GI) tract drives morbidity and mortality-not coincidentally,       the GI tract also harbors the most complex and abundant human microbial       reservoir. In this review, we first revisit how the microbiota initiates,       propagates, and protects against GvHD in the context of both innate and adaptive       immunity. Historically, the impact of the microbiota on GvHD has been ascribed       primarily to the activation of innate immunity, setting the stage for donor       alloreactivity. Although established models of GvHD focus on donor-host genetic       disparity as the principal driver of donor T-cell activation, commensal microbes       in the GI tract, whose collective gene content exceeds that of the human genome       by more than two orders of magnitude, constitutes an immense and poorly       understood source of potential T-cell antigens. We next discuss the evolution of       therapeutic approaches aimed at modifying the microbiota to improve GvHD       outcomes, incorporating over 40 clinical studies spanning the last 40 years, from       broad decontamination strategies to pre/probiotic approaches and targeted       ecosystem replacement, including fecal microbiota transplantation."
The gut microbiome in graft-versus-host disease: mechanisms of immune modulation and therapeutic approaches,
"Intestinal Microbiota Transplant Prior to Allogeneic Stem Cell Transplant (MAST)       trial: study protocol for a multicentre, double-blinded, placebo-controlled,       phase IIa trial.","INTRODUCTION: Lower diversity of the gut microbiome prior to allogeneic       haematopoietic cell transplantation (HCT) correlates with reduced survival after       the intervention. Most patients undergoing HCT for a haematological malignancy       have previously received intensive chemotherapy, resulting in prolonged       neutropenic episodes requiring broad-spectrum antibiotics; use of these has been       linked to reduced microbiome diversity. Intestinal microbiota transplant (IMT) is       a novel treatment approach that restores this diversity. We hypothesised that IMT       performed prior to initiation of HCT conditioning restores microbiome diversity       during the early stages of HCT, leading to decreased frequency of complications       and improved outcomes of HCT. METHODS AND ANALYSIS: 50 adult patients receiving       allogeneic HCT will be recruited into this phase IIa trial and randomised 1:1 to       receive capsulised IMT or matched placebo shortly prior to initiation of HCT       conditioning and followed for up to 12 months. The primary outcome will be to       assess the increase in alpha diversity between pre-IMT and that measured at ~42       days after IMT administration (day +28 of HCT), comparing the difference between       patients receiving IMT compared with placebo. Secondary outcomes will include       tolerability, the dynamics of gut microbiome diversity metrics and taxonomy over       all time points assessed, as well as clinical outcomes (including burden of       invasive infections, days of fever, admission to intensive care, development of       graft-vs-host disease and mortality). ETHICS AND DISSEMINATION: This study was       approved by a UK Research Ethics Committee (REC reference: 23/NE/0105).       Dissemination of results will be in concert with patient and public involvement       group input and is expected to be primarily via abstract presentation at       conferences and manuscripts in peer-reviewed journals. TRIAL REGISTRATION       NUMBERS: NCT6355583; EudraCT: 2022-003617-10."
Recent topics in graft-versus-host disease: from the perspectives of pathogenesis       and treatment.,
Hematopoietic Dysfunction during Graft-Versus-Host Disease: A Self-Destructive       Process?,"Graft-versus-host disease (GvHD) is a major complication of allogeneic       hematopoietic (stem) cell transplantation (HCT). Clinically, GvHD is associated       with severe and long-lasting hematopoietic dysfunction, which may contribute to       the high mortality of GvHD after HCT. During GvHD, excessive immune activation       damages both hematopoietic stem and progenitor cells and their surrounding bone       marrow niche, leading to a reduction in cell number and functionality of both       compartments. Hematopoietic dysfunction can be further aggravated by the       occurrence-and treatment-of HCT-associated complications. These include immune       suppressive therapy, coinciding infections and their treatment, and changes in       the microbiome. In this review, we provide a structured overview of GvHD-mediated       hematopoietic dysfunction, including the targets in the bone marrow, the       mechanisms of action and the effect of GvHD-related complications and their       treatment. This information may aid in the identification of treatment options to       improve hematopoietic function in patients, during and after GvHD."
Cause and effect? A review of the impact of antibiotics on the gut microbiome in       patients undergoing hematopoietic stem cell transplantation.,"INTRODUCTION: Patients undergoing allogeneic hematopoietic stem cell       transplantation (allo-HSCT) are at high risk of infection due to       immunosuppression, prompting routine use of prophylactic and broad-spectrum       antibiotics for treatment. However, emerging evidence suggests that gut       microbiome disruption (dysbiosis), partly caused by antibiotic use, is associated       with poorer transplant outcomes, including graft-versus-host disease (GVHD),       infection, and mortality. AREAS COVERED: This narrative review discusses       antibiotic use to prevent and treat febrile neutropenia in allo-HSCT recipients,       including effectiveness, impacts on microbiome and GVHD, antimicrobial resistance       and Clostridioides difficile infection (CDI). It also reviews available       strategies to reduce unnecessary antibiotic use and proposes potential future       interventions. A comprehensive PubMed search was conducted through 2024 using       terms related to HSCT, antimicrobials, microbiome, resistance, and CDI. EXPERT       OPINION: Improving outcomes while minimizing emergence of antibiotic resistance       and CDI requires personalized, risk-adaptive antimicrobial stewardship (AMS).       Tailored AMS approaches, including patient risk stratification and early       de-escalation, could limit unnecessary antibiotic use and mitigate adverse       effects. In the future, microbiome preservation and restoration may reduce       transplant complications by maintaining colonization resistance and immune       balance. Integrating these strategies into allo-HSCT care is essential for       optimizing both clinical and microbiological outcomes."
The role of the intestinal microbiota in allogeneic HCT: clinical associations and preclinical mechanisms,"Allogeneic hematopoietic cell transplantation (allo-HCT) is a curative-intent therapy for patients with hematological malignancies, but despite advances in the field in recent years, there is still a significant risk of post-transplant mortality. In addition to relapse of the underlying malignancy, the key contributors to this high mortality are graft-versus-host disease (GVHD) and infection. The intestinal microbiota is the collective term describing the community of bacteria, fungi, viruses and protozoa that resides in the human gastrointestinal tract. Bacterial communities have been studied most comprehensively, and disruption of these communities has been associated with the development of a variety of medical conditions in large clinical associative studies. Preclinical studies suggest a mechanistic role for the intestinal microbiota in the instruction and maintenance of both intestinal and systemic immune cell function. This review outlines our current understanding of the relationship between gut bacteria and allo-HCT outcomes, including infection, immune reconstitution, GVHD and relapse, drawing on evidence from both clinical associative studies and preclinical mechanistic studies."
"High-resolution analyses of associations between medications, microbiome, and mortality in cancer patients","Discerning the effect of pharmacological exposures on intestinal bacterial communities in cancer patients is challenging. Here, we deconvoluted the relationship between drug exposures and changes in microbial composition by developing and applying a new computational method, PARADIGM (parameters associated with dynamics of gut microbiota), to a large set of longitudinal fecal microbiome profiles with detailed medication-administration records from patients undergoing allogeneic hematopoietic cell transplantation. We observed that several non-antibiotic drugs, including laxatives, antiemetics, and opioids, are associated with increased Enterococcus relative abundance and decreased alpha diversity. Shotgun metagenomic sequencing further demonstrated subspecies competition, leading to increased dominant-strain genetic convergence during allo-HCT that is significantly associated with antibiotic exposures. We integrated drug-microbiome associations to predict clinical outcomes in two validation cohorts on the basis of drug exposures alone, suggesting that this approach can generate biologically and clinically relevant insights into how pharmacological exposures can perturb or preserve microbiota composition. The application of a computational method called PARADIGM to a large dataset of cancer patients‚Äô longitudinal fecal specimens and detailed daily medication records reveals associations between drug exposures and the intestinal microbiota that recapitulate in¬†vitro findings and are also predictive of clinical outcomes."
Impact of the Use and Type of Antibiotics on Acute Graft-versus-Host Disease.,"The intestinal microbiota plays an important role in the pathogenesis of acute       graft-versus-host disease (aGVHD). During the course of hematopoietic stem cell       transplantation (HSCT), the intestinal microbiota is influenced by the use of       broad-spectrum antibiotics. However, the impact of the use and type of       antibiotics on the microbiota composition and, subsequently, the onset of aGVHD       remain poorly understood. We hypothesized that the use and type of antibiotics       had an impact on the occurrence of aGVHD. We assessed 275 patients who underwent       their first allogeneic HSCT between January 2005 and June 2015 at Kyoto       University Hospital. We monitored the 6 most frequently administered antibiotics       (fourth-generation cephalosporins, glycopeptides, piperacillin-tazobactam,       carbapenems, aminoglycosides, and quinolones) administered between days -14 and       +14 relative to HSCT and its duration. The primary endpoint was the cumulative       incidence of grades II to IV aGVHD. The cumulative incidence of aGVHD was       significantly higher in patients administered fourth-generation cephalosporins       than in patients not receiving fourth-generation cephalosporins (grades II to IV:       hazard ratio, 1.98; 95% confidence interval, 1.19 to 3.29; P‚ÄØ=‚ÄØ.0087; grades III       to IV: hazard ratio, 8.03; 95% confidence interval, 1.07 to 60.51; P = .043). In       contrast, there was no significant association between administration of other       antibiotics and aGVHD incidence. As for organ-specific aGVHD, the cumulative       incidence of gut aGVHD was significantly higher in patients who received       fourth-generation cephalosporins than in those who did not (31% versus 16%,       P‚ÄØ=‚ÄØ.018). In conclusion, we demonstrated that the administration of       fourth-generation cephalosporins had a strong impact on the development of aGVHD."
The Gut Microbiota and Hematopoietic Stem Cell Transplantation: Challenges and Potentials,"The human gut microbiota gained tremendous importance in the last decade as next-generation technologies of sequencing and multiomics analyses linked the role of the microbial communities to host physiology and pathophysiology. A growing number of human pathologies and diseases are linked to the gut microbiota. One of the main mechanisms by which the microbiota influences the host is through its interactions with the host immune system. These interactions with both innate and adaptive host intestinal and extraintestinal immunity, although usually commensalistic even mutualistic with the host, in some cases lead to serious health effects. In the case of allogenic hematopoietic stem cell transplantation (allo-HSCT), the disruption of the intestinal microbiota diversity is associated with acute graft-versus-host disease (GvHD). Causing inflammation of the liver, skin, lungs, and the intestine, GvHD occurs in 40‚Äì50% of patients undergoing allo-HSCT and results in significant posttransplantation mortality. In this review, we highlight the impact of the gut microbiota on the host immunity in GvHD and the potential of microbiota in alleviation or even prevention of GvHD."
Glucagon-like peptide 2 for intestinal stem cell and Paneth cell repair during       graft-versus-host disease in mice and humans.,"Acute graft-versus-host disease (GVHD) is a life-threatening complication after       allogeneic hematopoietic cell transplantation (allo-HCT). Although currently used       GVHD treatment regimens target the donor immune system, we explored here an       approach that aims at protecting and regenerating Paneth cells (PCs) and       intestinal stem cells (ISCs). Glucagon-like-peptide-2 (GLP-2) is an       enteroendocrine tissue hormone produced by intestinal L cells. We observed that       acute GVHD reduced intestinal GLP-2 levels in mice and patients developing GVHD.       Treatment with the GLP-2 agonist, teduglutide, reduced de novo acute GVHD and       steroid-refractory GVHD, without compromising graft-versus-leukemia (GVL) effects       in multiple mouse models. Mechanistically GLP-2 substitution promoted       regeneration of PCs and ISCs, which enhanced production of antimicrobial peptides       and caused microbiome changes. GLP-2 expanded intestinal organoids and reduced       expression of apoptosis-related genes. Low numbers of L cells in intestinal       biopsies and high serum levels of GLP-2 were associated with a higher incidence       of nonrelapse mortality in patients undergoing allo-HCT. Our findings indicate       that L cells are a target of GVHD and that GLP-2-based treatment of acute GVHD       restores intestinal homeostasis via an increase of ISCs and PCs without impairing       GVL effects. Teduglutide could become a novel combination partner for       immunosuppressive GVHD therapy to be tested in clinical trials."
Reconstitution in severe combined immunodeficiency by transplantation of marrow       from an unrelated donor.,"A patient with severe combined immunodeficiency received seven transplants of       bone marrow from an HLA-B-compatible and HLA-D-compatible unrelated donor in an       attempt to provide immunologic reconstitution. The first four transplants       achieved restricted engraftment with evidence of rudimentary immunologic       function. A fifth transplant, given after low-dose cyclophosphamide, produced       reconstituion of cell-mediated immunity. Marrow aplasia developed after       recontamination with a nonpathogenic microflora. Transplantation of marrow       previously stored in liquid nitrogen was ineffective. A subsequent transplant,       administered after high-dose cyclophosphamide, achieved durable engraftment, with       complete hematopoietic and immunologic reconstitution. Seventeen months after       transplantation, full functional engraftment persists. Graft-versus-host disease       has been chronic and moderately severe, but limited to the skin and oral mucosa.       Transplantation of marrow from unrelated histocompatible donors may provide a       useful treatment for patients with severe combined immunodeficiency or aplastic       anemia who lack a matched sibling or related donor."
Donor-derived IL-17A and IL-17F deficiency triggers Th1 allo-responses and       increases gut leakage during acute GVHD.,"IL-17A and IL-17F cytokines are important regulators of acute       graft-versus-host-disease (GVHD). However, contrary effects of these cytokines in       inflammatory diseases have been reported. To investigate the effects of       donor-derived IL-17A and IL-17F on GVHD, we made use of single (Il17a-/- or       Il17f-/-) and double deficient (Il17af-/-) allogeneic donor CD4+ T cells. We       could demonstrate that transplantation of Il17af-/- CD4+ donor T cells led to       aggravated GVHD. However, this phenotype was not observed after transplantation       of single, Il17a-/- or Il17f-/-, deficient CD4+ T cells, suggesting redundant       effects of IL-17A and IL-17F. Moreover, Il17af-/- cell recipients showed an       increase of systemic IFNŒ≥, indicating a heightened pro-inflammatory state, as       well as infiltration of IFNŒ≥-secreting CD4+ T cells in the recipients' intestinal       tract. These recipients exhibited significant gut leakage, and markedly       macrophage infiltration in the gastrointestinal epithelial layer. Moreover, we       saw evidence of impaired recovery of gut epithelial cells in recipients of       Il17af-/- CD4+ T cells. In this study, we show that IL-17A/F double deficiency of       donor CD4+ T cells leads to accelerated GVHD and therefore highlight the       importance of these cytokines. Together, IL-17 cytokines might serve as a brake       to an intensified Th1 response, leading to the exacerbated gut damage in acute       GVHD."
[Graft-versus-host disease targets R-spondin3-producing lymphatic endothelial       cells in the small intestine].,"Graft-versus-host disease (GVHD) is a potentially fatal complication of       allogeneic hematopoietic stem cell transplantation. The gastrointestinal tract is       a major target organ of GVHD, and disruption of the barrier function of the       intestinal mucosa leads to an influx of danger signals derived from intestinal       microbiota, which may further exaggerate GVHD. We have shown that the recombinant       human R-spondin1 protects intestinal stem cells against GVHD, improves intestinal       dysbiosis, and ameliorates GVHD. However, the endogenous R-spondin-producing       cells in the small intestine remained to be studied in greater detail. This study       clarified that R-spondin3 is the predominant R-spondin protein produced in the       mouse small intestine. We also found that R-spondin3 is predominantly produced by       lymphatic endothelial cells. Furthermore, we found that GVHD targets lymphatic       endothelial cells in the small intestine, leading to decreased R-spondin3       production. GVHD-induced reduction of endogenous R-spondin3 could delay       intestinal epithelial regeneration, possibly resulting in GVHD deterioration."
Disrupted tongue microbiota and detection of nonindigenous bacteria on the day of       allogeneic hematopoietic stem cell transplantation.,"Disruption of the intestinal microbiota caused by intensive chemotherapy,       irradiation and antibiotics can result in development of severe gut       graft-versus-host disease and infectious complications, leading to poorer       outcomes among allogeneic hematopoietic stem cell transplantation (allo-HSCT)       recipients. Although the oral cavity is also densely colonized by indigenous       microorganisms, the bacterial composition in allo-HSCT recipients remains       unclear. We determined the tongue microbiota composition of 45 patients with       hematological disorders on the day of transplantation and compared them to 164       community-dwelling adults. The V1-V2 regions of the 16S rRNA gene sequences       demonstrated that the allo-HSCT recipients had less diverse and distinct       microbiota from that of community-dwelling adults. The full-length 16S rRNA gene       sequences identified 146 bacterial taxa in the microbiota of allo-HSCT       recipients, of which 34 bacterial taxa did not correspond to bacteria primarily       inhabiting the oral cavity deposited in the expanded Human Oral Microbiome       Database. Notably, the detection of Staphylococcus haemolyticus and/or Ralstonia       pickettii was significantly associated with a higher risk of mortality during the       follow-up period. These results demonstrate that the oral cavity of allo-HSCT       recipients is colonized by a disrupted microbiota on the day of transplantation       and suggest that detection of specific nonindigenous taxa could be a predictor of       transplant outcome."
Current Approaches for the Prevention and Treatment of Acute and Chronic GVHD.,"Whereas aGVHD has strong inflammatory components, cGVHD displays autoimmune and       fibrotic features; incidence and risk factors are similar but not identical;       indeed, the aGVHD is the main risk factor for cGVHD. Calcineurin Inhibitors (CNI)       with either Methotrexate (MTX) or Mycophenolate (MMF) still represent the       standard prophylaxis in HLA-matched allogeneic stem cell transplantation (HSCT);       other strategies focused on ATG, Post-Transplant Cyclophosphamide (PTCy),       Abatacept and graft manipulation. Despite the high rate, first-line treatment for       aGVHD is represented by corticosteroids, and Ruxolitinib is the standard       second-line therapy; investigational approaches include Microbiota transplant and       the infusion of Mesenchymal stem cells. GVHD is a pleiotropic disease involving       any anatomical district; also, Ruxolitinib represents the standard for       steroid-refractory cGVHD in this setting. It is a pleiotropic disease involving       any anatomical district; also, Ruxolitinib represents the standard for       steroid-refractory cGVHD in this setting. Extracorporeal Photopheresis (ECP) is       still an option used for steroid refractoriness or to achieve a steroid-sparing.       For Ruxolitinib-refractory cGVHD, Belumosudil and Axatilimab represent the most       promising agents. Bronchiolitis obliterans syndrome (BOS) still represents a       challenge; among the compounds targeting non-immune effectors, Alvelestat, a       Neutrophil elastase inhibitor, seems promising in BOS. Finally, in both aGVHD and       cGVHD, the association of biological markers with specific disease manifestations       could help refine risk stratification and the availability of reliable biomarkers       for specific treatments."
Retinoic Acid Signaling Modulates Recipient Gut Barrier Integrity and Microbiota       After Allogeneic Hematopoietic Stem Cell Transplantation in Mice.,"Graft-versus-host disease (GVHD) remains a major complication after allogeneic       hematopoietic stem cell transplantation (HSCT). An impaired intestinal epithelial       barrier is an important component of GVHD pathogenesis. However, contributing       host factors that modulate mucosal barrier integrity during GVHD are poorly       defined. We hypothesized that vitamin A and retinoic acid (RA) exert positive       impacts on maintaining intestinal barrier function after HSCT, thus preventing or       dampening GVHD severity. Unexpectedly, we found that exogenous RA increased       intestinal permeability of recipient mice after allogeneic HSCT. Serum bacterial       endotoxin levels were significantly higher in GVHD mice fed a vitamin A-high       (VAH) diet compared to those fed a vitamin A-normal (VAN) diet, indicating a more       compromised intestinal barrier function. Furthermore, VAH mice showed more severe       lung GVHD with increased donor T cell infiltration in this tissue and died       significantly faster than VAN recipients. 16S rRNA sequencing of fecal samples       revealed significant differences in the diversity and composition of gut       microbiota between VAN and VAH transplant recipients. Collectively, we show that       retinoic acid signaling may negatively impact intestinal barrier function during       GVHD. Mild vitamin A supplementation is associated with increased lung GVHD and       more profound gut dysbiosis. Micronutrients such as vitamin A could modulate       complications of allogeneic HSCT, which may be mediated by shaping gut       microbiota."
Microbiome and diversity indices during blood stem cells transplantation - new       perspectives?,"OBJECTIVE: The human body is colonized by bacteria, fungi and viruses. Resident       commensal bacteria are a fundamental line of resistance to colonization by       exogenous microbes. They actively regulate the production of nutrients by the       host through a negative feedback mechanism, in order to prevent the availability       of nutrients for potential pathogens. While only a small fraction of these       microorganism may be pathogenic, the relationship between host and commensal       microbiome is now studied as a whole, impacting several aspects of the host       biology. Some studies have made clear the progresses in examining the role of       microbiome on transplants and graft versus host disease (GVHD) severity and its       pathogenesis: the risk of complications from allogenic hematopoietic stem cells       transplantation (HSCT) is greater with the highest mortality if a patient has a       lower bacterial diversity in the gut prior to the transplantation process       beginning. Microbiota-associated molecular patterns are directly recognized by       pathogen recognition receptors. The development of molecular methods has greatly       expanded our knowledge of the composition and function of the microbiome in       health and disease, shortening the response times vs. microbiological culture       tests. The gut flora can make the difference when it comes to allo-HSCT. The aim       of the study was to monitor microbiome of 10 children during allo-HSCT. METHODS:       Oral specimens and gut faecal microbiome (100 grams) samples were collected at 2,       16, 24 days. The samples were analysed by polymerase chain reaction and primary       sequencing was done. To calculate the biodiversity of microbiome the Shannon       index and the Observed species index were chosen. RESULTS: Our study suggests       some differences in the diversity indices (DIs) in 5 children affected by GVHD       vs. not affected. The DIs in oral and faecal specimens show in all patients a       diminution in the post-transplant phase with an improvement in species diversity       after 16 days from the transplant. The Observed species index in faeces specimens       after 16 days was higher in patients which had not GVHD; moreover, patients with       GVHD showed a deterioration at 24 days. Oral specimens after 24 days showed a       parallel trend in the two groups. The Shannon index shows a downward trend in       faeces specimens of the children with GVHD at 24 days; the children without GVHD       recover a good trend of entropy. Oral specimens at 24 days show low entropy in       the two groups. Very aggressive bacterial species as Cronobacter and Routella in       the faeces specimens of a child had not serious consequences for disease status:       Cronobacter were not present 24 days after transplantation. CONCLUSIONS: The data       show the microbial metabolome could have an impact on patients with GVHD vs. no       GVHD. A better understanding of the role of the oral and gut microbiome in GVHD       can give directions to move towards the development of innovative approaches for       preventing GVHD following allo-HCT, reducing also antibiotic therapy."
Modern views of nutritional support in patients undergoing allogeneic stem cell       transplantation.,"Patients undergoing allogeneic stem cell transplant (HSCT) have a higher risk of       developing malnutrition. The aetiology is multifactorial and complex: the       conditioning regimen causes damages to the gastrointestinal tract that can       contribute to trigger graft-versus-host disease and/or infectious complications       that adversely affect food intake and the gut absorption of nutrients in       transplant recipients. Consequently, patients might develop weight loss and       muscle wasting. There is mounting evidence that insufficient muscle mass       increases the risk of toxicity to many chemotherapy drugs. Furthermore, the       screening for malnutrition, assessment and intervention can vary among HSCT       centers. Hereby, we report the main nutritional clinical issues in the field of       HSCT and the main nutritional tools used in this setting. Future clinical trials       investigating nutritional tools and dose-escalating studies based on       pre-treatment body composition assessment may help having the potential to alter       cancer treatment paradigms."
Functional and phylogenetic alterations in gut microbiome are linked to graft-versus-host disease severity," Acute graft-versus-host disease (aGVHD) is the main complication of hematopoietic stem cell transplantation (HSCT). Changes in gut microbiota composition have been associated with subsequent aGVHD, and reconstitution of healthy microbiota is currently being explored as a therapeutic approach. However, the specific actors in the intestinal ecosystem involved in the pathologic process at the time of aGVHD onset are not yet fully known. We prospectively collected stool samples from patients who underwent allogeneic HSCT. Patients sampled at aGVHD onset were compared with non-GVHD patients. To identify phylogenetic and functional signatures of the disease process, we determined fecal short-chain fatty acid (SFCA) profiles and used high-throughput DNA sequencing and real-time quantitative polymerase chain reaction to assess the microbiota composition. Microbiota alterations were highly specific of gastrointestinal (GI) aGVHD severity. Bacterial biomass and Œ±-diversity were lower in severe aGVHD. We identified several bacterial signatures associated with severe aGVHD at disease onset; a negative correlation was observed with anaerobic bacteria of the Lachnospiraceae, especially the Blautia genus, and Ruminococcaceae families. In parallel, in severe aGVHD patients, we showed a dramatic decrease in the levels of the main SFCAs: acetate (75.8%), propionate (95.8%), and butyrate (94.6%). Mild aGVHD patients were characterized by conserved levels of propionate and Blautia propionate producers. Butyrate was significantly decreased in all GI aGVHD stages, representing a potential diagnostic marker of the disease. Specific microbiota and metabolic alterations were thus associated with aGVHD severity and may be useful for diagnostic and pathophysiologic purposes."
Intestinal Microbiota and Relapse After Hematopoietic-Cell Transplantation,"PurposeThe major causes of mortality after allogeneic hematopoietic-cell transplantation (allo-HCT) are relapse, graft-versus-host disease (GVHD), and infection. We have reported previously that alterations in the intestinal flora are associated with GVHD, bacteremia, and reduced overall survival after allo-HCT. Because intestinal bacteria are potent modulators of systemic immune responses, including antitumor effects, we hypothesized that components of the intestinal flora could be associated with relapse after allo-HCT. MethodsThe intestinal microbiota of 541 patients admitted for allo-HCT was profiled by means of 16S ribosomal sequencing of prospectively collected stool samples. We examined the relationship between abundance of microbiota species or groups of related species and relapse/progression of disease during 2 years of follow-up time after allo-HCT by using cause-specific proportional hazards in a retrospective discovery-validation cohort study. ResultsHigher abundance of a bacterial group composed mostly of Eubacterium limosum in the validation set was associated with a decreased risk of relapse/progression of disease (hazard ratio [HR], 0.82 per 10-fold increase in abundance; 95% CI, 0.71 to 0.95; P = .009). When the patients were categorized according to presence or absence of this bacterial group, presence also was associated with less relapse/progression of disease (HR, 0.52; 95% CI, 0.31 to 0.87; P = .01). The 2-year cumulative incidences of relapse/progression among patients with and without this group of bacteria were 19.8% and 33.8%, respectively. These associations remained significant in multivariable models and were strongest among recipients of T-cell‚Äìreplete allografts. ConclusionWe found associations between the abundance of a group of bacteria in the intestinal flora and relapse/progression of disease after allo-HCT. These might serve as potential biomarkers or therapeutic targets to prevent relapse and improve survival after allo-HCT."
Microbiota as Predictor of Mortality in Allogeneic Hematopoietic-Cell Transplantation,"Background Relationships between microbiota composition and clinical outcomes after allogeneic hematopoietic-cell transplantation have been described in single-center studies. Geographic v... Deleterious Alterations in the Microbiota in Allogeneic HCT In this study, the gastrointestinal microbiome was serially monitored in patients undergoing allogeneic hematopoietic-cell transplantatio..."
Role of the intestinal mucosa in acute gastrointestinal GVHD.,"Intestinal graft-versus-host disease (GVHD) remains a significant obstacle to the       success of allogeneic hematopoietic cell transplantation. The intestinal mucosa       comprises the inner lining of the intestinal tract and maintains close proximity       with commensal microbes that reside within the intestinal lumen. Recent advances       have significantly improved our understanding of the interactions between the       intestinal mucosa and the enteric microbiota. Changes in host mucosal tissue and       commensals posttransplant have been actively investigated, and provocative       insights into mucosal immunity and the enteric microbiota are now being       translated into clinical trials of novel approaches for preventing and treating       acute GVHD. In this review, we summarize recent findings related to aspects of       the intestinal mucosa during acute GVHD."
Role of the intestinal mucosa in acute gastrointestinal GVHD.,"Intestinal graft-versus-host disease (GVHD) remains a significant obstacle to the       success of allogeneic hematopoietic cell transplantation. The intestinal mucosa       comprises the inner lining of the intestinal tract and maintains close proximity       with commensal microbes that reside within the intestinal lumen. Recent advances       have significantly improved our understanding of the interactions between the       intestinal mucosa and the enteric microbiota. Changes in host mucosal tissue and       commensals posttransplant have been actively investigated, and provocative       insights into mucosal immunity and the enteric microbiota are now being       translated into clinical trials of novel approaches for preventing and treating       acute GVHD. In this review, we summarize recent findings related to aspects of       the intestinal mucosa during acute GVHD."
New Insights into Graft-Versus-Host Disease and Graft Rejection.,"Allogeneic transplantation of foreign organs or tissues has lifesaving potential,       but can lead to serious complications. After solid organ transplantation,       immune-mediated rejection mandates the use of prolonged global immunosuppression       and limits the life span of transplanted allografts. After bone marrow       transplantation, donor-derived immune cells can trigger life-threatening       graft-versus-host disease. T cells are central mediators of alloimmune       complications and the target of most existing therapeutic interventions. We       review recent progress in identifying multiple cell types in addition to T cells       and new molecular pathways that regulate pathogenic alloreactivity. Key       discoveries include the cellular subsets that function as potential sources of       alloantigens, the cross talk of innate lymphoid cells with damaged epithelia and       with the recipient microbiome, the impact of the alarmin interleukin-33 on       alloreactivity, and the role of Notch ligands expressed by fibroblastic stromal       cells in alloimmunity. While refining our understanding of transplantation       immunobiology, these findings identify new therapeutic targets and new areas of       investigation."
The gastrointestinal tract: properties and role in allogeneic hematopoietic stem       cell transplantation.,"The GI-tract is a major target for both the intensive chemo and/or radiotherapy       conditioning as well as for GVHD and therefore is closely associated with       transplant outcome. Apart from being a target, the GI-tract is also a mediator       and therefore is also a key player of the pathogenetic process following       allogeneic transplantation. Areas covered: The intestinal homeostasis is       regulated through complicated interactions between the key players of this       process which are the intestinal epithelium, the intestinal immune system, and       the intestinal microbiota. A brief description of these elements, based on       published english-language articles in PubMed, as well as their role during the       process of allo-HSCT is discussed in this review. Expert commentary: Data on       GI-tract properties suggest a central role for the intestine in regulation of       immunity, both in healthy - steady state conditions and in pathological states       such as during allo-HSCT. Given the fact that in the allogeneic transplant       setting severe complications such as infections and GVHD are limiting this       treatment modality, understanding the mechanisms that mediate intestinal       homeostasis could lead to new preventive methods and improved outcomes."
Fecal Microbiota Transplantation in Allogeneic Hematopoietic Stem Cell Transplantation Recipients: A Systematic Review,
MiRKAT-S: a community-level test of association between the microbiota and       survival times.,"BACKGROUND: Community-level analysis of the human microbiota has culminated in       the discovery of relationships between overall shifts in the microbiota and a       wide range of diseases and conditions. However, existing work has primarily       focused on analysis of relatively simple dichotomous or quantitative outcomes,       for example, disease status or biomarker levels. Recently, there is also       considerable interest in the relationship between the microbiota and censored       survival outcomes, such as in clinical trials. How to conduct community-level       analysis with censored survival outcomes is unclear, since standard       dissimilarity-based tests cannot accommodate censored survival times and no       alternative methods exist. METHODS: We develop a new approach, MiRKAT-S, for       community-level analysis of microbiome data with censored survival times.       MiRKAT-S uses ecologically informative distance metrics, such as the UniFrac       distances, to generate matrices of pairwise distances between individuals'       taxonomic profiles. The distance matrices are transformed into kernel       (similarity) matrices, which are used to compare similarity in the microbiota to       similarity in survival times between individuals. RESULTS: Simulation studies       using synthetic microbial communities demonstrate correct control of type I error       and adequate power. We also apply MiRKAT-S to examine the relationship between       the gut microbiota and survival after allogeneic blood or bone marrow transplant.       CONCLUSIONS: We present MiRKAT-S, a method that facilitates community-level       analysis of the association between the microbiota and survival outcomes and       therefore provides a new approach to analysis of microbiome data arising from       clinical trials."
A phase 2 study of interleukin-22 and systemic corticosteroids as initial       treatment for acute GVHD of the lower GI tract.,"Graft-versus-host disease (GVHD) is a major cause of morbidity and mortality       following allogeneic hematopoietic transplantation. In experimental models,       interleukin-22 promotes epithelial regeneration and induces innate antimicrobial       molecules. We conducted a multicenter single-arm phase 2 study evaluating the       safety and efficacy of a novel recombinant human interleukin-22 dimer, F-652,       used in combination with systemic corticosteroids for treatment of newly       diagnosed lower gastrointestinal acute GVHD. The most common adverse events were       cytopenias and electrolyte abnormalities, and there were no dose-limiting       toxicities. Out of 27 patients, 19 (70%; 80% confidence interval, 56%-79%)       achieved a day-28 treatment response, meeting the prespecified primary endpoint.       Responders exhibited a distinct fecal microbiota composition characterized by       expansion of commensal anaerobes, which correlated with increased overall       microbial Œ±-diversity, suggesting improvement of GVHD-associated dysbiosis. This       work demonstrates a potential approach for combining immunosuppression with       tissue-supportive strategies to enhance recovery of damaged mucosa and promote       microbial health in patients with gastrointestinal GVHD. This trial was       registered at www.clinicaltrials.gov as NCT02406651."
Clostridioides difficile infection in the allogeneic hematopoietic cell       transplant recipient.,"Clostridioides difficile (CD) is one of the most important causes of diarrhea in       hospitalized patients, in particular those who undergo an allogeneic       hematopoietic cell transplant (allo-HCT) and who are more at risk of developing a       CD infection (CDI) due to frequent hospitalizations, iatrogenic       immunosuppression, and prolonged antibiotic cycles. CDI may represent a severe       condition in allo-HCT patients, increasing the length of hospitalization,       influencing the intestinal microbiome with a bidirectional association with       graft-versus-host disease, and leading to unfavorable outcomes, including death.       The diagnosis of CDI requires the exclusion of other probable causes of diarrhea       in HCT patients and is based on highly sensitive and highly specific tests to       distinguish colonization from infection. In adult patients, fidaxomicin is       recommended as first-line, with oral vancomycin as an alternative agent.       Bezlotoxumab may be used to reduce the risk of recurrence. In pediatric patients,       vancomycin and metronidazole are still suggested as first-line therapy, but       fidaxomicin will probably become standard in pediatrics in the near future.       Because of insufficient safety data, fecal microbiota transplantation is not       routinely recommended in HCT in spite of promising results for the management of       recurrences in other populations."
Editorial commentary: the gut microbiota strikes again.,
"Indole derivatives, microbiome and graft versus host disease.","Graft versus host disease is a life-threatening complication following allogeneic       hematopoietic stem cell transplantation driven by donor T cells reacting against       disparate host antigens. Immune homeostasis within the gut plays a major role in       the graft versus host response. Gut microbiota and its metabolites impact gut       integrity, inflammation and immune activation within the gut. This review will       focus on the role of indoles, a product of microbiota metabolism, on gut       homeostasis and our current understanding on how that modulates graft versus host       disease."
The Role of Intestinal Microbiota in Graft versus Host Disease.,"Graft versus host disease (GVHD) remains a major life threatening complication       and one of the primary barriers to successful allogeneic hematopoietic stem cell       transplantation, limiting its application in nonmalignant conditions.       Immunosuppression is used for prevention and treatment of GVHD, dampening the       graft versus leukemia effect. Intestinal bacteria play a major role in       inflammation and augmenting the GVHD cytokine response. Early studies in murine       models showed that manipulating the presence of intestinal flora or counteracting       its byproducts could limit GVHD. Thus multiple clinical trials targeting gut       decontamination were conducted, with the aims of modulating inflammation and       protecting against GVHD, with mixed results. More recent work has improved our       understanding of the role of intestinal microbiota in the maintenance of innate       immunity, mucosal integrity and limiting inflammation. This review offers a       summary of this data, with a discussion of potential therapeutic interventions       manipulating the intestinal microbiota."
Longitudinal dynamics of gut microbiota in the pathogenesis of acute graft‚Äêversus‚Äêhost disease,"The gut microbiota has been reported to be associated with acute graft‚Äêversus‚Äêhost disease (aGvHD) in hematopoietic stem cell transplantation (HSCT). Dynamic surveillance of the microbiota is required to understand the detailed pathogenesis involved in the process of aGvHD. Fecal samples were collected prospectively at four timepoints, including pre‚ÄêHSCT (T1), graft infusion (T2), neutrophil engraftment (T3), and 30 days after transplantation (T4). Fecal samples were profiled by 16S ribosomal RNA gene sequencing to assess the microbiota composition. From the T1 to T4 timepoint, the diversity of the gut microbiota decreased, and the dominant species also changed, with a decrease in the obligate anaerobic bacteria and a shift toward a ‚Äúpathogenic community‚Äù. Compared with non‚ÄêaGvHD patients, aGvHD patients had a lower abundance of Roseburia at T1 and a higher abundance of Acinetobacter johnsonii at T2. Furthermore, Acinetobacter johnsonii was negatively correlated with the secretion of IL‚Äê4 and TNF‚ÄêŒ±. At T3, Rothia mucilaginos was demonstrated to be linked with a decreased risk of aGvHD, which was accompanied by decreased secretion of IL‚Äê8. At T4, higher abundances of Lactobacillus paracasei and Acinetobacter johnsonii were identified to be related with aGvHD. Lactobacillus paracasei was associated with the downregulation of IL‚Äê10, and Acinetobacter johnsonii was associated with the downregulation of IL‚Äê2 and TNF‚ÄêŒ±. Dynamic changes in gut microbiota composition and related cytokines were found to be related to aGvHD, including pathogenic or protective changes. These findings suggested that manipulation of gut microbiota at different timepoints might be a promising avenue for preventing or treating this common complication."
Steroid-resistant intestinal aGVHD and refractory CMV and EBV infections       complicated by haplo-HSCT were successfully rescued by FMT and CTL infusion.,"Haploidentical hematopoietic stem cell transplantation (haplo-HSCT) produces       similar survival outcomes as HLA-matched sibling donor allogeneic HCST in younger       patients with acquired severe aplastic anemia (SAA). This study reported a       29-years-old man with SAA and intracranial hemorrhage who underwent haplo-HSCT       with a modified BU/CY‚Äâ+‚ÄâATG conditioning regimen. Neutrophil and platelet       engraftment were both achieved on day 14 after HSCT. The patient developed grade       IV acute graft-versus-host disease (aGVHD) on day 20 and acquired cytomegalovirus       (CMV) and Epstein-Barr virus (EBV) infections on day 47. After the failure of       methylprednisolone, basiliximab, ruxolitinib, and antiviral treatment, the       patient was diagnosed with steroid-resistant grade IV aGVHD and refractory CMV       and EBV infections. We performed fecal microbiota transplantation and infused       CMV- and EBV-specific cytotoxic T lymphocytes. After that the stool volume and       frequency gradually decreased, and viral DNA was undetectable on day 80. This       report provides helpful clinical experience for treating steroid-resistant aGVHD       and refractory viral infections."
Microbiome-intestine cross talk during acute graft-versus-host disease," Allogeneic hematopoietic stem cell transplantation (allo-SCT) offers cure for a variety of conditions, in particular, but not limited to, hematologic malignancies. However, it can be associated with life-threatening complications, including graft-versus-host disease (GVHD) and infections, which are factors limiting its widespread use. Technical advances in the field of microbiome research have allowed for a better understanding of the microbial flora of the human intestine, as well as dissection of their interactions with the host immune system in allo-SCT and posttransplant complications. There is growing evidence that the commensal microbiome is frequently dysregulated following allo-SCT and that this dysbiosis can predispose to adverse clinical outcomes, especially including acute intestinal GVHD and reduced overall survival. In this review, we discuss the interactions between the microbiome and the components of the immune system that play a major role in the pathways leading to the inflammatory state of acute intestinal GVHD. We also discuss the microbiome-centered strategies that have been devised or are actively being investigated to improve the outcomes of allo-SCT patients in regard to acute intestinal GVHD."
Intestinal dysbiosis and allogeneic hematopoietic progenitor cell       transplantation.,"The intestinal microbiota is a diverse and dynamic ecosystem that is increasingly       understood to play a vital role in human health. Hematopoietic stem cell       transplant recipients undergo prolonged exposure to antimicrobials,       chemotherapeutic agents, and immunosuppressants, resulting in profound shifts in       the gut microbiome. A growing body of research has revealed the ways in which       these microbiologic shifts shape immune modulation, affecting susceptibility to       infections and graft-versus-host disease, the two major post-transplant       complications in this population. As transplant medicine becomes increasingly       personalized, the potential for microbiome-modulating treatments holds immense       potential. Strategies to preserve the intestinal microbiota, including targeted       antibiotics, prebiotics and probiotics, and fecal microbiota transplant could       mitigate some of the microbiologic shifts in stem cell transplant recipients, and       reduce the incidence of peri-transplant morbidity and mortality."
A phase 2 trial of the somatostatin analog pasireotide to prevent GI toxicity and       acute GVHD in allogeneic hematopoietic stem cell transplant.,"BACKGROUND: Allogeneic hematopoietic stem cell transplantation (HCT) is an often       curative intent treatment, however it is associated with significant       gastrointestinal (GI) toxicity and treatment related mortality. Graft-versus-host       disease is a significant contributor to transplant-related mortality. We       performed a phase 2 trial of the somatostatin analog pasireotide to prevent       gastrointestinal toxicity and GVHD after myeloablative allogeneic HCT. METHODS:       Patients received 0.9mg pasireotide every 12 hours from the day prior to       conditioning through day +4 after HCT (or a maximum of 14 days). The primary       outcomes were grade 3-4 gastrointestinal toxicity through day 30 and acute GVHD.       Secondary outcomes were chronic GVHD, overall survival and relapse free survival       at one year. Stool and blood samples were collected from before and after HCT for       analyses of stool microbiome, local inflammatory markers, and systemic       inflammatory and metabolic markers. Results were compared with matched controls.       RESULTS: Twenty-six patients received pasireotide and were compared to 52 matched       contemporaneous controls using a 1-2 match. Grade 3-4 GI toxicity occurred in 21       (81%) patients who received pasireotide and 35 (67%) controls (p = 0.33). Acute       GVHD occurred in 15 (58%) patients in the pasireotide group and 28 (54%) controls       (p = 0.94). Chronic GVHD occurred in 16 patients in the pasireotide group (64%)       versus 22 patients in the control group (42%) (p = 0.12). Overall survival at 1       year in the pasireotide group was 63% (95% CI: 47%,86%) versus 82% (95% CI: 72%,       93%) in controls (log-rank p = 0.006). Relapse-free survival rate at one year was       40% (95% CI: 25%, 65%) in the pasireotide group versus 78% (95% CI: 68%, 91%) in       controls (log-rank p = 0.002). After controlling for the effect of relevant       covariates, patients in the pasireotide group had attenuated post-HCT loss of       microbial diversity. Analysis of systemic inflammatory markers and metabolomics       demonstrated feasibility of such analyses in patients undergoing allogeneic HCT.       Baseline level and pre-to-post transplant changes in several inflammatory markers       (including MIP1a, MIP1b, TNFa, IL8Pro, and IL6) correlated with likelihood of       survival. CONCLUSIONS: Pasireotide did not prevent gastrointestinal toxicity or       acute GVHD compared to contemporaneous controls. Pasireotide was associated with       numerically higher chronic GVHD and significantly decreased OS and RFS compared       to contemporaneous controls. Pasireotide may provide a locally protective effect       in the stool microbiome and in local inflammation as measured by stool       calprotectin, stool beta-defensin, and stool diversity index."
An alpha-defensin gene single nucleotide polymorphism modulates the gut       microbiota and may alter the risk of acute graft-versus-host disease.,"We previously reported a protective association between single nucleotide       polymorphisms (SNPs; rs4415345G and rs4610776A alleles) of Paneth cell       Œ±-defensin-5 against acute graft-versus-host disease (aGVHD). Because dysbiosis       has been associated with aGVHD, we hypothesized that these SNPs may have a gut       microbiota signature. In Lasso regression analysis of 248 healthy individuals,       rs4415345G was associated with a higher abundance of Odoribacter splanchnicus, an       anaerobic butyrogenic commensal. In multivariable analysis of data from 613       allogeneic haematopoietic cell transplant recipients, peri-engraftment presence       of O.¬†splanchnicus was associated with ~50% lower risk for grade II-IV aGVHD       (hazard ratio 0¬∑53, 95% confidence interval 0¬∑28-1¬∑00, P¬†=¬†0¬∑05). O.¬†splanchnicus       may protect rs4415345G individuals against aGVHD."
Multi-omics Analysis of a Fecal Microbiota Transplantation Trial Identifies Novel       Aspects of Acute GVHD Pathogenesis.,"Acute GVHD (aGVHD) is a major complication of allogeneic hematopoietic cell       transplantation (alloHCT) associated with gut microbiota disruptions. However,       whether therapeutic microbiota modulation prevents aGVHD is unknown. We conducted       a randomized, placebo-controlled trial of third-party fecal microbiota       transplantation (FMT) administered at the peak of microbiota injury in 100       patients with acute myeloid leukemia receiving induction chemotherapy and alloHCT       recipients. Despite improvements in microbiome diversity, expansion of       commensals, and shrinkage of potential pathogens, aGVHD occurred more frequently       after FMT than placebo. Although this unexpected finding could be explained by       clinical differences between the two arms, we asked whether a microbiota       explanation might be also present. To this end, we performed multi-omics analysis       of preintervention and postintervention gut microbiome and serum metabolome. We       found that postintervention expansion of Faecalibacterium, a commensal genus with       gut-protective and anti-inflammatory properties under homeostatic conditions,       predicted a higher risk for aGVHD. Faecalibacterium expansion occurred       predominantly after FMT and was due to engraftment of unique donor taxa,       suggesting that donor Faecalibacterium-derived antigens might have stimulated       allogeneic immune cells. Faecalibacterium and ursodeoxycholic acid (an       anti-inflammatory secondary bile acid) were negatively correlated, offering an       alternative mechanistic explanation. In conclusion, we demonstrate context       dependence of microbiota effects where a normally beneficial bacteria may become       detrimental in disease. While FMT is a broad, community-level intervention, it       may need precision engineering in ecologically complex settings where multiple       perturbations (e.g., antibiotics, intestinal damage, alloimmunity) are       concurrently in effect. SIGNIFICANCE: Post-FMT expansion of Faecalibacterium,       associated with donor microbiota engraftment, predicted a higher risk for aGVHD       in alloHCT recipients. Although Faecalibacterium is a commensal genus with       gut-protective and anti-inflammatory properties under homeostatic conditions, our       findings suggest that it may become pathogenic in the setting of FMT after       alloHCT. Our results support a future trial with precision engineering of the FMT       product used as GVHD prophylaxis after alloHCT."
Oral and Gut Microbiome Alterations in Oral Chronic GVHD Disease: Results from       Close Assessment and Testing for Chronic GVHD (CATCH Study).,"PURPOSE: Whether and how the oral microbiome and its changes in allogeneic       hematopoietic cell transplantation (alloHCT) recipients may contribute to oral       chronic GVHD (cGVHD) pathogenesis is unknown. In addition, although the oral and       colonic microbiota are distinct in healthy adults, whether oral microbes may       ectopically colonize the gut in alloHCT patients is unknown. EXPERIMENTAL DESIGN:       To address these knowledge gaps, longitudinal oral and fecal samples were       collected prospectively in the multicenter Close Assessment and Testing for       Chronic GVHD study (NCT04188912). Through shotgun metagenomic sequencing of the       samples collected at baseline, oral cGVHD onset, first post-cGVHD onset visit,       and 1-year post-HCT time points in patients with oral cGVHD (cases; N = 29) or       without any cGVHD (controls; N = 51), we examined whether (i) oral and/or gut       microbiomes and their longitudinal trajectories differ between cases and controls       and (ii) oral and gut microbiomes overlap in alloHCT recipients, especially those       developing cGVHD. RESULTS: A total of 195 samples were analyzed. The onset of       oral cGVHD was characterized by an expansion of Streptococcus salivarius and       Veillonella parvula in the oral microbiome. High levels of oral/gut microbiota       overlap were observed, particularly in patients with oral cGVHD, suggesting       ectopic colonization of the gut by oral bacteria. CONCLUSIONS: The unusual       coalescence of two distant niches in these patients may result in short- or       long-term consequences for the host, a novel avenue for future research. In       addition, this study suggests a contribution of the oral microbiome to oral cGVHD       pathogenesis."
Protective Effect of Intestinal Blautia Against Neutropenic Fever in Allogeneic       Transplant Recipients.,"BACKGROUND: Neutropenic fever (NF) occurs in >70% of hematopoietic cell       transplant (HCT) recipients, without a documented cause in most cases.       Antibiotics used to prevent and treat NF disrupt the gut microbiota; these       disruptions predict a higher posttransplantation mortality rate. We hypothesized       that specific features in the gut microbial community may mediate the risk of NF.       METHODS: We searched a large gut microbiota database in allogeneic HCT recipients       (12 546 stool samples; 1278 patients) to find pairs with NF (cases) versus       without NF (controls) on the same day relative to transplantation and with a       stool sample on the previous day. A total of 179 such pairs were matched as to       the underlying disease and graft source. Several other important clinical       variables were similar between the groups. RESULTS: The gut microbiota of cases       on the day before NF occurrence had a lower abundance of Blautia than their       matched controls on the same day after transplantation, suggesting a protective       role for Blautia. Microbiota network analysis did not find any differences in       community structure between the groups, suggesting a single-taxon effect. To       identify putative mechanisms, we searched a gut microbiome and serum metabolome       database of patients with acute leukemia receiving chemotherapy and identified       139 serum samples collected within 24‚ÄÖhours after a stool sample from the same       patient. Greater Blautia abundances predicted higher levels of next-day       citrulline, a biomarker of total enterocyte mass. CONCLUSIONS: These findings       support a model in which Blautia protects against NF by improving intestinal       health. Therapeutic restoration of Blautia may help prevent NF, thus reducing       antibiotic exposures and transplantation-related deaths."
A Genetic Modifier of the Gut Microbiome Influences the Risk of Graft-versus-Host Disease and Bacteremia After Hematopoietic Stem Cell Transplantation,"The human gut microbiome is involved in vital biological functions, such as maintenance of immune homeostasis and modulation of intestinal development and enhanced metabolic capabilities. Disturbances of the intestinal microbiota have been associated with development and progression of inflammatory conditions, including graft-versus-host disease (GVHD). The fucosyltransferase 2 (FUT2) gene produces an enzyme that is responsible for the synthesis of the H antigen in body fluids and on the intestinal mucosa. FUT2 genotype has been shown to modify the gut microbiome. We hypothesized that FUT2 genotype influences risk of GVHD and bacterial translocation after allogeneic hematopoietic stem cell transplantation (HSCT). FUT2 genotype was determined in 150 consecutive patients receiving allogeneic HSCT at our center. We abstracted clinical characteristics and outcomes from the transplantation database. Cumulative risk of any acute GVHD varied by FUT2 genotype, with decreased risk in those with A/A genotype and increased risk in those with G/G genotype. In contrast, the cumulative incidence of bacteremia was increased in those with A/A genotype. We conclude that the FUT2 genotype influences risk of acute GVHD and bacteremia after HSCT. We hypothesize that the mechanisms involve altered intestinal surface glycosylation and microbial composition but this requires additional study."
Fecal microbiota transplantation to prevent acute graft-versus-host disease: pre-planned interim analysis of donor effect,"Gut microbiota disruptions after allogeneic hematopoietic cell transplantation (alloHCT) are associated with increased risk of acute graft-versus-host disease (aGVHD). We designed a randomized, double-blind placebo-controlled trial to test whether healthy-donor fecal microbiota transplantation (FMT) early after alloHCT reduces the incidence of severe aGVHD. Here, we report the results from the single-arm run-in phase which identified the best of 3 stool donors for the randomized phase. The primary and key secondary endpoints were microbiota engraftment and severe aGVHD, respectively. Three cohorts of patients (20 total) received FMT, each from a different donor. FMT was safe and effective in restoring microbiota diversity and commensal species. Microbiota engraftment, determined from shotgun sequencing data, correlated with larger microbiota compositional shifts toward donor and better clinical outcomes. Donor 3 yielded a median engraftment rate of 66%, higher than donors 1 (P = 0.02) and 2 (P = 0.03) in multivariable analysis. Three patients developed severe aGVHD; all 3 had received FMT from donor 1. Donor 3 was selected as the sole donor for the randomized phase. Our findings suggest a clinically relevant donor effect and demonstrate feasibility of evidence-based donor selection. FMT is a holistic microbiota restoration approach that can be performed as a precision therapeutic. ClinicalTrials.gov identifier NCT06026371"
Innovative approaches in acute graft-versus-host disease: emerging therapeutics       and novel clinical trial design.,"Acute graft-versus host disease (aGVHD) is a major early complication of       allogeneic hematopoietic cell transplantation and is associated with substantial       morbidity and mortality, particularly in severe cases. The use of corticosteroids       as first-line therapy remains standard of care, despite limited efficacy in       high-risk cases and associated toxicities. Ruxolitinib has emerged as the       treatment of choice for patients who fail corticosteroids, but there remains a       need for novel treatment strategies. In this review, we examine the evolving       therapeutic landscape of aGVHD and summarize emerging approaches including small       molecule inhibitors, biologics, and cellular- and microbiome-modulating       therapies. We explore how improved understanding of aGVHD pathophysiology       continues to inform new interventions while also addressing the operational and       conceptual challenges that constrain clinical trial design and regulatory       progress. Finally, we discuss new innovations in biomarker-driven strategies and       adaptive clinical trial designs that may facilitate future therapeutic       development and advance outcomes for patients with aGVHD."
Non-viral pathogens of infectious diarrhoea post-allogeneic stem cell       transplantation are associated with graft-versus-host disease.,"Infectious diarrhoea is common post-allogeneic haematopoietic stem-cell       transplantation (alloHSCT). While the epidemiology of Clostridioides difficile       infection (CDI) post-alloHSCT has been described, the impact of other diarrhoeal       pathogens is uncertain. We reviewed all alloHSCT between 2017 and 2022 at a       single large transplant centre; 374 patients were identified and included. The       1-year incidence of infectious diarrhoea was 23%, divided into viral (13/374,       3%), CDI (65/374, 17%) and other bacterial infections (16/374, 4%). There was a       significant association between infectious diarrhoea within 1¬†year       post-transplant and the occurrence of severe acute lower gastrointestinal       graft-versus-host disease (GVHD, OR‚Äâ=‚Äâ4.64, 95% CI 2.57-8.38, p‚Äâ<‚Äâ0.001) and       inferior GVHD-free, relapse-free survival on analysis adjusted for age, donor       type, stem cell source and T-cell depletion (aHR‚Äâ=‚Äâ1.64, 95% CI‚Äâ=‚Äâ1.18-2.27,       p‚Äâ=‚Äâ0.003). When the classes of infectious diarrhoea were compared to no       infection, bacterial (OR‚Äâ=‚Äâ6.38, 95% CI 1.90-21.40, p‚Äâ=‚Äâ0.003), CDI (OR‚Äâ=‚Äâ3.80,       95% CI 1.91-7.53, p‚Äâ<‚Äâ0.001) and multiple infections (OR‚Äâ=‚Äâ11.16, 95% CI       2.84-43.92, p‚Äâ<‚Äâ0.001) were all independently associated with a higher risk of       severe GI GVHD. Conversely, viral infections were not (OR‚Äâ=‚Äâ2.98, 95% CI       0.57-15.43, p‚Äâ=‚Äâ0.20). Non-viral infectious diarrhoea is significantly associated       with the development of GVHD. Research to examine whether the prevention of       infectious diarrhoea via infection control measures or modulation of the       microbiome reduces the incidence of GVHD is needed."
Faecal microbiota transplantation in patients with haematological malignancies       undergoing cellular therapies: from translational research to routine clinical       practice.,"The effect of the gut microbiota on patients' outcomes after allogeneic       haematopoietic cell transplantation (HCT) is now well established. In particular,       gut microbiota dysbiosis has been associated with acute graft-versus-host disease       (GVHD). Furthermore, increasing data also suggest an effect of the gut microbiota       on outcome after autologous HCT and CAR T cells. In fact, the bacterial gut       microbiota interplays with the immune system and contributes to immunological       complication and antitumour response to treatment. Therefore, faecal microbiota       transplantation has been evaluated in patients with haematological malignancies       for various indications, including Clostridioides difficile infection,       eradication of multidrug-resistant bacteria, and steroid refractory acute GVHD.       In addition, use of prophylactic faecal microbiota transplantation to restore the       gut microbiota and improve patients' outcomes is being developed in the setting       of allogeneic HCT, but also probably very soon in patients receiving autologous       HCT or CAR T cells."
High gastrointestinal microbial diversity and clinical outcome in graft-versus-host disease patients,
Treatment of intestinal graft-versus-host disease with unrelated donor fecal       microbiota transplantation capsules: A case report.,"INTRODUCTION: Fecal microbiota transplantation (FMT), administering fecal       suspensions via a nasoduodenal tube, has achieved a promising effect in the       treatment of intestinal graft-versus-host disease (GvHD) in some pilot studies.       In this study, oral FMT capsules from unrelated donor were used for the first       time in the treatment of intestinal GvHD. Patient concerns: A 31-year-old male       who was diagnosed as ""myelodysplastic syndromes with excess blasts II""       (intermediate risk 2 of international prognostic scoring system) received human       leukocyte antigen -matched sibling donor allogeneic hematopoietic stem cell       transplantation. The patient developed diarrhea, vomiting, and bloody stool on 28       days after transplantation. DIAGNOSIS: Intestinal acute GvHD was diagnosed       clinically with histological confirmation by colonoscopy and pathological biopsy.       INTERVENTIONS: This patient was treated with first cycle of oral FMT capsules       after failure to initial treatment of methylprednisolone (2‚Äämg/kg/d) combined       with recombinant human tumor necrosis factor-Œ± receptorII: IgG Fc fusion protein       (25‚Äämg, biw). The symptoms of intestinal GvHD were relieved but recurred 11 days       later. Second cycle of oral FMT capsules was carried out. OUTCOMES: After 2       cycles of fecal bacteria transplantation, intestinal GvHD was gradually       controlled and did not recur again during the 2-month follow-up. The diversity       and structure of the intestinal flora after FMT was closer to that of healthy       donors than that before. CONCLUSION: Our case showed oral FMT capsules could be       used as a treatment option for corticosteroid refractory intestinal GvHD. Further       studies are warranted to assess the clinical efficacy and safety of oral FMT       capsules in the treatment of intestinal GvHD. RATIONALE: Fecal microbiota       transplantation (FMT), administering fecal suspensions via a nasoduodenal tube,       has achieved a promising effect in the treatment of intestinal graft-versus-host       disease (GvHD) in some pilot studies. In this study, oral FMT capsules from       unrelated donor were used for the first time in the treatment of intestinal GvHD.       PATIENT CONCERNS: A 31-year-old male who was diagnosed as ""myelodysplastic       syndromes with excess blasts II"" (intermediate risk 2 of international prognostic       scoring system) received human leukocyte antigen -matched sibling donor       allogeneic hematopoietic stem cell transplantation. The patient developed       diarrhea, vomiting, and bloody stool on 28 days after transplantation. DIAGNOSES:       Intestinal acute GvHD was diagnosed clinically with histological confirmation by       colonoscopy and pathological biopsy. INTERVENTIONS: This patient was treated with       first cycle of oral FMT capsules after failure to initial treatment of       methylprednisolone (2‚Äämg/kg/d) combined with recombinant human tumor necrosis       factor-a receptorII: IgG Fc fusion protein (25‚Äämg, biw). The symptoms of       intestinal GvHD were relieved but recurred 11 days later. Second cycle of oral       FMT capsules was carried out. OUTCOMES: After 2 cycles of fecal bacteria       transplantation, intestinal GvHD was gradually controlled and did not recur again       during the 2-month follow-up. The diversity and structure of the intestinal flora       after FMT was closer to that of healthy donors than that before. CONCLUSION: Our       case showed oral FMT capsules could be used as a treatment option for       corticosteroid refractory intestinal GvHD. Further studies are warranted to       assess the clinical efficacy and safety of oral FMT capsules in the treatment of       intestinal GvHD. LESSONS: There is still a possibility of recurrence after the       treatment of GvHD with capsule fecal microbiota transplantation. How to optimize       the dosage and treatment course of fecal microbiota capsule administration needs       further exploration."
Pre-Transplant Prediction of Acute Graft-versus-Host Disease Using the Gut       Microbiome.,"Gut microbiota is thought to influence host responses to allogeneic hematopoietic       stem cell transplantation (aHSCT). Recent evidence points to this post-transplant       for acute graft-versus-host disease (aGvHD). We asked whether any such       association might be found pre-transplant and conducted a metagenome-wide       association study (MWAS) to explore. Microbial abundance profiles were estimated       using ensembles of Kaiju, Kraken2, and DeepMicrobes calls followed by       dimensionality reduction. The area under the curve (AUC) was used to evaluate       classification of the samples (aGvHD vs. none) using an elastic net to test the       relevance of metagenomic data. Clinical data included the underlying disease       (leukemia vs. other hematological malignancies), recipient age, and sex. Among       172 aHSCT patients of whom 42 developed aGVHD post transplantation, a total of       181 pre-transplant tool samples were analyzed. The top performing model       predicting risk of aGVHD included a reduced species profile (AUC = 0.672). Beta       diversity (37% in Jaccard's Nestedness by mean fold change, p < 0.05) was lower       in those developing aGvHD. Ten bacterial species including Prevotella and       Eggerthella genera were consistently found to associate with aGvHD in indicator       species analysis, as well as relief and impurity-based algorithms. The findings       support the hypothesis on potential associations between gut microbiota and aGvHD       based on a data-driven approach to MWAS. This highlights the need and relevance       of routine stool collection for the discovery of novel biomarkers."
Microbiota Predict Infections and Acute Graft-Versus-Host Disease After Pediatric Allogeneic Hematopoietic Stem Cell Transplantation,"Despite preventive measures, infections continue to pose significant risks to pediatric allogeneic hematopoietic cell transplantation (allo-HCT) recipients. The gut microbiota has been linked to clinical outcomes following adult allo-HCT. This study evaluated whether similar disruptions or differing microbiota patterns were associated with infection risk in pediatric allo-HCT. In a prospective observational study, fecal samples were obtained from 74 children before conditioning and upon neutrophil recovery. Microbiome signatures identified through sequencing were examined for their associations with infections or acute graft-versus-host disease (aGVHD) in the first-year post-HCT using Cox proportional hazards analysis. Microbiome disruption in adults, did not predict infection risk in pediatric allo-HCT. Unique microbiota signatures were associated with different infections or aGVHD. A ratio of strict and facultative anaerobes (eg, Lachnoclostridium, Parabacteroides) prior to conditioning predicted bacteremia risk (Cox hazard ratio [HR], 3.89). A distinct ratio of oral (eg, Rothia, Veillonella) to intestinal anaerobes (eg, Anaerobutyricum, Romboutsia) at neutrophil recovery predicted likelihood of bacterial infections (Cox HR, 1.81) and viral enterocolitis (Cox HR, 1.96). Interactions between medical interventions, pediatric hosts, and microbial communities contribute to microbiota signatures that predict infections. Further multicenter study is necessary to validate the generalizability of these ratios as biomarkers. Gut microbial communities can predict which children after hematopoietic cell transplantation will have infections or acute graft-versus-host disease. These ratios of gut community members can be used to focus prevention and treatment on children at highest risks for complications."
Exocrine pancreatic insufficiency after allogeneic bone marrow transplantation.,"Several reports suggest a relationship between bone marrow transplantation and       pancreatic damage. The authors describe two patients with pancreatic       insufficiency after bone marrow transplantation. The first patient had weight       loss arising from steatorrhea secondary to severe pancreatic insufficiency       (lipase output result <3% of normal) due to pancreatic atrophy. The second       patient had steatorrhea secondary to intestinal bacterial overgrowth, but       moderate pancreatic insufficiency was present (results of trypsin and lipase       outputs were 50 and 30% of normal). Before the diagnosis of pancreatic       insufficiency, both patients had acute graft vs host disease and the second       patient had chronic graft vs host disease. We conclude that graft vs host disease       after bone marrow transplantation may damage the pancreas. Patients with       persistent malabsorption after bone marrow transplantation should be tested for       exocrine pancreatic insufficiency."
The microbe-derived short-chain fatty acids butyrate and propionate are associated with protection from chronic GVHD," Studies of the relationship between the gastrointestinal microbiota and outcomes in allogeneic hematopoietic stem cell transplantation (allo-HCT) have thus far largely focused on early complications, predominantly infection and acute graft-versus-host disease (GVHD). We examined the potential relationship of the microbiome with chronic GVHD (cGVHD) by analyzing stool and plasma samples collected late after allo-HCT using a case-control study design. We found lower circulating concentrations of the microbe-derived short-chain fatty acids (SCFAs) propionate and butyrate in day 100 plasma samples from patients who developed cGVHD, compared with those who remained free of this complication, in the initial case-control cohort of transplant patients and in a further cross-sectional cohort from an independent transplant center. An additional cross-sectional patient cohort from a third transplant center was analyzed; however, serum (rather than plasma) was available, and the differences in SCFAs observed in the plasma samples were not recapitulated. In sum, our findings from the primary case-control cohort and 1 of 2 cross-sectional cohorts explored suggest that the gastrointestinal microbiome may exert immunomodulatory effects in allo-HCT patients at least in part due to control of systemic concentrations of microbe-derived SCFAs."
The Post-HCT Intestinal Microbiome: Who are the Key Disruptors and How Long does       the Damage Last?,
"Safety and efficacy of post-haematopoietic cell transplantation maintenance       therapy with blinatumomab for relapsed/refractory CD19-positive B-cell acute       lymphoblastic leukaemia: protocol for a phase I-II, multicentre, non-blinded,       non-controlled trial (JPLSG SCT-ALL-BLIN21).","INTRODUCTION: Relapsed and refractory B-cell acute lymphoblastic leukaemia       (R/R-B-ALL) is linked to a significant relapse rate after allogeneic       haematopoietic cell transplantation (allo-HCT) in children, adolescents and young       adults (CAYA). No standard treatment has been established to prevent relapse       after allo-HCT for R/R-B-ALL, which is an unmet medical need. The administration       of blinatumomab after allo-HCT is expected to enhance the antileukaemic effect on       residual CD19-positive blasts by donor-derived CD3-positive T-cells. METHODS AND       ANALYSIS: The goal of this multicentre, open-label, uncontrolled, phase I-II       clinical trial is to assess the safety and effectiveness of post-transplant       maintenance therapy with blinatumomab for CAYA patients (25 years old or younger)       with CD19-positive R/R-B-ALL who have received allo-HCT beyond first complete       remission (CR) and have CR with haematological recovery between 30 and 100 days       after allo-HCT. Eighty-five paediatric institutions in Japan are participating in       this study. Forty-one patients will enrol within 2.25-year enrolment period and       follow-up period is 1‚Äâyear. The primary endpoints are the treatment completion       rate for phase I study and the 1-year graft-versus-host disease-free/relapse-free       survival rate for phase II study, respectively. ETHICS AND DISSEMINATION: This       research was approved by the Central Review Board at National Hospital       Organization Nagoya Medical Center (Nagoya, Japan) on 21 January 2022 and was       registered at the Japan Registry of Clinical Trials (jRCT) on 3 March 2022.       Written informed consent is obtained from all patients and/or their guardians.       The results of this study will be disseminated through peer-reviewed publications       and conference presentations. TRIAL REGISTRATION NUMBER: jRCTs041210154."
The microbiome in graft-versus-host disease: a tale of two ecosystems,"Graft-versus-host disease (GVHD), a life-threatening complication of allogeneic hematopoietic stem cell transplantation (HSCT), is shaped by a dynamic interplay between two microbial ecosystems: the recipient‚Äôs disrupted microbiome and the donor‚Äôs transplanted microbiota. This narrative review unravels the ‚Äútale of two ecosystems,‚Äù exploring how pre-transplant chemotherapy, radiation, and antibiotics induce recipient dysbiosis‚Äîmarked by loss of beneficial taxa (Clostridia, Faecalibacterium) and dominance of pathobionts (Enterococcus). These shifts impair barrier integrity, fuel systemic inflammation, and skew immune responses toward pro-inflammatory T-cell subsets, exacerbating GVHD. Conversely, emerging evidence implicates donor microbiota in modulating post-transplant immune reconstitution, though its role remains underexplored. Therapeutic strategies, including probiotics, prebiotics, and fecal microbiota transplantation (FMT), demonstrate promise in restoring microbial balance, enhancing short-chain fatty acid (SCFA)-driven immune regulation, and reducing GVHD severity. However, challenges such as strain-specific efficacy, safety in immunocompromised hosts, and protocol standardization persist. By bridging microbial ecology and immunology, this review underscores the microbiome‚Äôs transformative potential in redefining GVHD management and advocates for personalized, microbiome-targeted interventions to improve HSCT outcomes."
Reduced Enterohepatic Recirculation of Mycophenolate and Lower Blood       Concentrations Are Associated with the Stool Bacterial Microbiome after       Hematopoietic Cell Transplantation.,"Mycophenolate mofetil (MMF) is an important immunosuppressant used after       allogeneic hematopoietic cell transplantation (HCT). MMF has a narrow therapeutic       index, and blood concentrations of mycophenolic acid (MPA), the active component       of MMF, are highly variable. Low MPA concentrations are associated with the risk       of graft-versus-host disease (GVHD), whereas high concentrations are associated       with toxicity. Reasons for variability are not well known and may include the       presence of Œ≤-glucuronidase-producing bacteria in the gastrointestinal tract,       which enhance MPA enterohepatic recirculation (EHR) by transforming MPA       metabolites formed in the liver back to MPA. This study was conducted to       determine whether individuals with high MPA EHR have a greater abundance of       Œ≤-glucuronidase-producing bacteria in their stool and higher MPA concentrations       compared with those with low EHR. We conducted a pharmacomicrobiomics study in 20       adult HCT recipients receiving a myeloablative or reduced-intensity preparative       regimen. Participants received MMF 1 g i.v. every 8 hours with tacrolimus.       Intensive pharmacokinetic sampling of MMF was conducted before hospital       discharge; total MPA, MPA glucuronide (MPAG), and acyl-glucuronide metabolite       (acylMPAG) were measured. EHR was defined as the ratio of MPA area under the       concentration-versus-time curve (AUC)(4-8) to MPA AUC(0-8). Differences in stool       microbiome diversity and composition, determined by shotgun metagenomic       sequencing, were compared above and below the median EHR (22%; range, 5% to 44%).       The median EHR was 12% in the low EHR group and 29% in the high EHR group. MPA       troughs, MPA AUC(4-8), and acyl-glucuronide metabolite (acylMPAG)       AUC(4-8)/AUC(0-8) ratio were greater in the high EHR group compared with the low       EHR group (1.53 Œºg/mL versus .28 Œºg/mL [P¬†=¬†.0001], 7.33 hour¬∑Œºg/mL versus 1.79       hour¬∑Œºg/mL [P¬†=¬†.0003], and .33 hour¬∑Œºg/mL versus .24 hour¬∑Œºg/mL [P¬†=¬†.0007],       respectively). MPA AUC(0-8) was greater in the high EHR group than in the low EHR       group, and the difference trended toward significance (22.8 hour¬∑Œºg/mL versus       15.3 hour¬∑Œºg/mL; P¬†=¬†.06). Bacteroides vulgatus, Bacteroides stercoris, and       Bacteroides thetaiotaomicron were 1.2- to 2.4-fold more abundant (P¬†=¬†.039, .024,       and .046, respectively) in the high EHR group. MPA EHR was positively correlated       with B. vulgatus (‚ç¥¬†=¬†.58; P ‚â§ .01) and B. thetaiotaomicron (‚ç¥¬†=¬†.46; P < .05)       and negatively correlated with Blautia hydrogenotrophica (‚ç¥¬†=¬†-.53; P < .05).       Therapeutic MPA troughs were achieved in 80% of patients in the high EHR group       but in no patients in the low EHR group. There was a trend toward differences in       MPA AUC(0-8) and MPA concentration at steady-state (Œºg/mL) between the high EHR       group versus the low EHR group (P¬†=¬†.06). MPA EHR was variable. Patients with       high MPA EHR had greater abundance of Bacteroides species in stool and higher MPA       exposure compared with patients with low MPA EHR. Therefore, Bacteroides may be       protective against poor outcomes, such as graft-versus-host disease, in some       patients but may increase the risk of MPA adverse effects in others. These data       need to be confirmed and studied after oral MMF therapy."
A Multicenter Study of Bacterial Blood Stream Infections in Pediatric Allogeneic       Hematopoietic Cell Transplantation Recipients: The Role of Acute Gastrointestinal       Graft-versus-Host Disease.,"Blood stream infections (BSI) caused by enteric organisms are associated with a       particularly high mortality rate in allogeneic hematopoietic cell transplantation       (alloHCT) recipients. We conducted a retrospective multicenter study aiming to       analyze the risk factors associated with antibiotic resistance and impact of BSI       on transplantation-related mortality (TRM) in children after alloHCT. During the       study period from 2004 to 2014, 395 children (mean age, 9.4 years) with at least       1 BSI were included. The incidences of resistant gram-negative rods were 20.7% to       piperacillin-tazobactam, 10.9% to cefepime, 21% to ceftazidime, 11.4% to       levofloxacin, and 8.16% to meropenem. Thirty-eight percent of Enterococcus spp.       isolates were resistant to vancomycin. More than 1 episode of BSI was associated       with significant increase in the risk of resistance to piperacillin-tazobactam,       cefepime, and vancomycin. On multivariate analysis of risk factors for TRM,       achievement of neutrophil engraftment by day 30 was associated with lower TRM       (P‚Äâ=‚Äâ.002). However, infection with an antibiotic-resistant organism was not       associated with TRM. Development of enteric bacterial BSI after the onset of       acute gastrointestinal graft-versus-host disease (GVHD) was the strongest       predictor of TRM (hazard ratio, 4.786; 95% confidence interval, 2.833 to 8.087;       P‚Äâ<‚Äâ.001). In patients with acute gastrointestinal GVHD who subsequently       developed enteric bacterial BSI, the incidence of 1-year TRM was 33.4% (SE‚Äâ=‚Äâ7%),       compared with 15.3% (SE‚Äâ=‚Äâ2%) for those without acute gastrointestinal GVHD       (P‚Äâ=‚Äâ.004). Primary prevention of a first episode of BSI is arguably the most       important intervention to decrease antibiotic resistance. It is also imperative       that we develop strategies to maintain gastrointestinal health, especially in       patients with gastrointestinal GVHD, in an effort to prevent subsequent enteric       bacterial BSI and improve survival."
Bidirectional Interactions: Microbiome and Immune System Function in Cutaneous       Graft-Versus-Host Disease.,"Chronic graft-versus-host disease (cGVHD) of the skin represents a complex       immunopathologic process triggered by donor-derived immune cells following       allogeneic hematopoietic stem cell transplantation (HSCT). While traditionally       understood through the lens of alloimmune activation and fibrotic remodeling,       emerging evidence highlights the role of microbial dysbiosis-particularly in the       skin microbiome-as both a contributor to and a consequence of disease       progression. This review explores the evolving understanding of the       microbiome-immune interface in cutaneous GVHD, focusing on how shifts in       microbial composition, such as the loss of Staphylococcus epidermidis and the       overgrowth of S. aureus, may impair barrier function, promote local immune       activation, and potentiate systemic inflammation. Disruption of commensal-derived       signals leads to reduced antimicrobial peptide production, diminished regulatory       T cell activity, and proinflammatory T cell polarization, all of which contribute       to immune-mediated skin damage. A self-reinforcing cycle of barrier dysfunction       and microbial imbalance emerges, suggesting new avenues for intervention. We       discuss microbiome-targeted therapies including donor-derived skin allografting       as potential strategies to restore microbial equilibrium and mitigate       inflammation. Additionally, we highlight the diagnostic potential of skin       microbiome profiling as a biomarker for disease activity and treatment response.       Understanding the bidirectional interactions between the microbiome and immune       system may offer novel therapeutic and prognostic tools for managing cutaneous       cGVHD."
Intestinal IgA-positive plasma cells are highly sensitive indicators of       alloreaction early after allogeneic transplantation and associate with both       graft-versus-host disease and relapse-related mortality.,"Intestinal immunoglobulin A (IgA) is strongly involved in microbiota homeostasis.       Since microbiota disruption is a major risk factor of acute graft-versus-host       disease (GvHD), we addressed the kinetics of intestinal IgA-positive (IgA+)       plasma cells by immunohistology in a series of 430 intestinal biopsies obtained       at a median of 1,5 months after allogeneic stem cell transplantation (allo-SCT)       from 115 patients (pts) at our center. IgA+ plasma cells were located in the       subepithelial lamina propria and suppressed in the presence of histological aGvHD       (GvHD Lerner stage 0: 131+/-8 IgA+ plasma cells/mm2; stage 1-2: 108+/-8 IgA+       plasma cells/mm2; stage 3-4: 89+/-16 IgA+ plasma cells/mm2; P=0.004). Overall,       pts with IgA+ plasma cells below median had an increased treatment related       mortality (P=0.04). Time courses suggested a gradual recovery of IgA+ plasma       cells after day 100 in the absence but not in the presence of GvHD. Vice versa       IgA+ plasma cells above median early after allo-SCT were predictive of relapse       and relapse-related mortality (RRM): pts with low IgA+ cells had a 15% RRM at 2       and at 5 years, while pts with high IgA+ cells had a 31% RRM at 2 years and more       than 46% at 5 years; multivariate analysis indicated high IgA+ plasma cells in       biopsies (hazard ratio =2.7; 95% confidence interval: 1.04-7.00) as independent       predictors of RRM, whereas Lerner stage and disease stage themselves did not       affect RRM. In contrast, IgA serum levels at the time of biopsy were not       predictive for RRM. In summary, our data indicate that IgA+ cells are highly       sensitive indicators of alloreaction early after allo-SCT showing association       with TRM but also allowing prediction of relapse independently from the presence       of overt GvHD."
The gut microbiota is associated with immune cell dynamics in humans,"The gut microbiota influences development1‚Äì3 and homeostasis4‚Äì7 of the mammalian immune system, and is associated with human inflammatory8 and immune diseases9,10 as well as responses to immunotherapy11‚Äì14. Nevertheless, our understanding of how gut bacteria modulate the immune system remains limited, particularly in humans, where the difficulty of direct experimentation makes inference challenging. Here we study hundreds of hospitalized‚Äîand closely monitored‚Äîpatients with cancer receiving haematopoietic cell transplantation as they recover from chemotherapy and stem-cell engraftment. This aggressive treatment causes large shifts in both circulatory immune cell and microbiota populations, enabling the relationships between the two to be studied simultaneously. Analysis of observed daily changes in circulating neutrophil, lymphocyte and monocyte counts and more than 10,000 longitudinal microbiota samples revealed consistent associations between gut bacteria and immune cell dynamics. High-resolution clinical metadata and Bayesian inference allowed us to compare the effects of bacterial genera in relation to those of immunomodulatory medications, revealing a considerable influence of the gut microbiota‚Äîtogether and over time‚Äîon systemic immune cell dynamics. Our analysis establishes and quantifies the link between the gut microbiota and the human immune system, with implications for microbiota-driven modulation of immunity. Influence of the gut microbiome on the human immune system is revealed by systems analysis of vast clinical data from decades of electronic health records paired with massive longitudinal microbiome sequencing."
An association between the gut microbiota and immune cell dynamics in humans,"The gut microbiota influences development and homeostasis of the mammalian immune system1‚Äì3, can alter immune cell compositions in mice4‚Äì7, and is associated with responses to immunotherapy that rely on the activity of peripheral immune cells8‚Äì12. Still, our understanding of how the microbiota modulates immune cells dynamics remains limited, particularly in humans where a lack of deliberate manipulations makes inference challenging. Here we study hundreds of hospitalized‚Äîand closely monitored‚Äîpatients receiving hematopoietic cell transplantation as they recover from chemotherapy and stem cell engraftment. This aggressive treatment causes large shifts in both circulatory immune cell and microbiota populations, allowing the relationships between the two to be studied simultaneously. We analyzed daily changes in white blood cells from 2,235 patients, and 10,680 longitudinal microbiota samples to identify bacteria associated with those changes. Bayesian inference and validation across patient cohorts revealed consistent associations between gut bacteria and white blood cell dynamics in the context of immunomodulatory medications, clinical metadata and homeostatic feedbacks. We contrasted the potency of fermentatively active, obligate anaerobic bacteria with that of medications with known immunomodulatory mechanism to estimate the potential of the microbiota to influence peripheral immune cell dynamics. Our analysis establishes and quantifies the link between the gut microbiota and the human immune system, with implications for microbiota-driven modulation of immunity."
Scarce data on skin microbiome in graft-versus-host disease after allogenic       haematopoietic cell transplantation - a systematic review.,
Microbiome Anomalies in Allogeneic Hematopoietic Cell Transplantation.,"The microbiome is an integrated part of the human body that can modulate a       variety of disease processes and affect prognosis, treatment response,       complications, and outcomes. The importance of allogeneic hematopoietic cell       transplantation in cancer treatment has resulted in extensive investigations on       the interaction between the microbiome and this treatment modality. These       investigations are beginning to lead to clinical trials of microbiome-targeted       interventions. Here we review some of these discoveries and describe strategies       being investigated to manipulate the microbiome for favorable outcomes, such as       the proper selection and timing of antibiotics, type of diet and route of       administration, probiotics, prebiotics, and fecal microbiota transplantation."
PET assessment of acute gastrointestinal graft versus host disease.,"Acute gastrointestinal graft versus host disease (GI-GVHD) is a common       complication following allogeneic haematopoietic cell transplantation (HCT), and       is characterised by severe morbidity, frequent treatment-refractoriness, and high       mortality. Early, accurate identification of GI-GVHD could allow for therapeutic       interventions to ameliorate its severity, improve response rates and survival;       however, standard endoscopic biopsy is inadequately informative in terms of       diagnostic sensitivity or outcome prediction. In an era where rapid technological       and laboratory advances have dramatically expanded our understanding of GI-GVHD       biology and potential therapeutic targets, there is substantial scope for novel       investigations that can precisely guide GI-GVHD management. In particular, the       combination of tissue-based biomarker assessment (plasma cytokines, faecal       microbiome) and molecular imaging by positron emission tomography (PET) offers       the potential for non-invasive, real-time in vivo assessment of donor:recipient       immune activity within the GI tract for GI-GVHD prediction or diagnosis. In this       article, we review the evidence regarding GI-GVHD diagnosis, and examine the       potential roles and translational opportunities posed by these novel diagnostic       tools, with a focus on the evolving role of PET."
Nutritional interventions in patients with graft-versus-host disease.,"PURPOSE OF REVIEW: This review aims to highlight the benefits of nutrition before       and during graft-versus-host disease (GvHD) and the promising precision medicine       approach that should be offered to prevent and mitigate GvHD. RECENT FINDINGS:       The intestinal damage induced by preconditioning/conditioning chemotherapies is       the main trigger of GvHD. Impaired nutritional status and decreased plasma       citrulline level, which is the most sensitive biomarker of intestinal barrier       health, predict the occurrence of acute GvHD after allogeneic hematopoietic cell       transplantation (allo-HCT). Optimal oral and/or enteral nutrition and a lack of       vitamin D deficiency limit this intestinal damage. As intestinal dysbiosis plays       an important role in GvHD, probiotics and prebiotics supplementation could be a       promising therapy. Diverting enterostomy combined with parenteral nutrition saves       the lives of patients with severe steroid-refractory gastrointestinal GvHD.       SUMMARY: Regardless of age, healthy nutritional status and a healthy gut barrier       are protective factors against GvHD in patients undergoing allo-HCT, and above       all, these are closely dependent on adequate oral and/or enteral intake.       Therefore, maintaining gut barrier integrity through adequate oral nutrition       before allo-SCT and early first-line enteral nutrition after allo-HCT are of       critical importance, not forgetting vitamin D supplementation. In the future,       probiotics and prebiotics are expected to play a growing role for replenishing       the commensal microbiota given the impact of gut dysbiosis on GvHD. Parenteral       nutrition remains the only nutritional support that can be used in the event of       severe gastrointestinal GvHD."
Microbiota modification in hematology: still at the bench or ready for the       bedside?,"Growing evidence suggests that human microbiota likely influence diverse       processes including hematopoiesis, chemotherapy metabolism, and efficacy, as well       as overall survival in patients with hematologic malignancies and other cancers.       Both host genetic susceptibility and host-microbiota interactions may impact       cancer risk and response to treatment; however, microbiota have the potential to       be uniquely modifiable and accessible targets for treatment. Here, we focus on       strategies to modify microbiota composition and function in patients with cancer.       First, we evaluate the use of fecal microbiota transplant to restore microbial       equilibrium following perturbation by antibiotics and chemotherapy, and as a       treatment of complications of hematopoietic stem cell transplantation (HSCT),       such as graft-versus-host disease and colonization with multidrug-resistant       organisms. We then address the potential use of both probiotics and dietary       prebiotic compounds in targeted modulation of the microbiota intended to improve       outcomes in hematologic diseases. With each type of therapy, we highlight the       role that abnormal, or dysbiotic, microbiota play in disease, treatment efficacy,       and toxicity and evaluate their potential promise as emerging strategies for       microbiota manipulation in patients with hematologic malignancies and in those       undergoing HSCT."
Microbiota dynamics in a randomized trial of gut decontamination during       allogeneic hematopoietic cell transplantation.,"BACKGROUNDGut decontamination (GD) can decrease the incidence and severity of       acute graft-versus-host disease (aGVHD) in murine models of allogeneic       hematopoietic cell transplantation (HCT). In this pilot study, we examined the       impact of GD on gut microbiome composition and the incidence of aGVHD in HCT       patients.METHODSWe randomized 20 patients undergoing allogeneic HCT to receive       (GD) or not receive (no-GD) oral vancomycin-polymyxin B from day -5 through       neutrophil engraftment. We evaluated shotgun metagenomic sequencing of serial       stool samples to compare the composition and diversity of the gut microbiome       between study arms. We assessed clinical outcomes in the 2 arms and performed       strain-specific analyses of pathogens that caused bloodstream infections       (BSI).RESULTSThe 2 arms did not differ in the predefined primary outcome of       Shannon diversity of the gut microbiome at 2 weeks post-HCT (genus, P = 0.8;       species, P = 0.44) or aGVHD incidence (P = 0.58). Immune reconstitution of T cell       and B cell subsets was similar between groups. Five patients in the no-GD arm had       8 BSI episodes versus 1 episode in the GD arm (P = 0.09). The BSI-causing       pathogens were traceable to the gut in 7 of 8 BSI episodes in the no-GD arm,       including Staphylococcus species.CONCLUSIONWhile GD did not differentially affect       Shannon diversity or clinical outcomes, our findings suggest that GD may protect       against gut-derived BSI in HCT patients by decreasing the prevalence or abundance       of gut pathogens.TRIAL REGISTRATIONClinicalTrials.gov NCT02641236.FUNDINGNIH,       Damon Runyon Cancer Research Foundation, V Foundation, Sloan Foundation, Emerson       Collective, and Stanford Maternal & Child Health Research Institute."
Changes in intestinal microbiota and their effects on allogeneic stem cell       transplantation.,"The human intestinal microbiota is essential for microbial homeostasis,       regulation of metabolism, and intestinal immune tolerance. Rapidly evolving       understanding of the importance of the microbiota implicates changes in the       composition and function of intestinal microbial communities in an assortment of       systemic conditions. Complications following allogeneic stem cell transplant now       join the ever-expanding list of pathologic states regulated by intestinal       microbiota. Dysbiosis, or disruption of the normal ecology of this microbiome,       has been directly implicated in the pathogenesis of entities such as Clostridium       difficile infections, graft-versus-host disease (GVHD), and most recently disease       relapse, all of which are major causes of morbidity and mortality in patients       undergoing allogeneic stem cell transplant. In this review, we elucidate the key       origins of microbiotic alterations and discuss how dysbiosis influences       complications following allogeneic stem cell transplant. Our emerging       understanding of the importance of a balanced and diverse intestinal microbiota       is prompting investigation into the appropriate treatment of dysbiosis, reliable       and early detection of such, and ultimately its prevention in patients to improve       the outcome following allogeneic hematopoietic stem cell transplant."
Encephalitozoon hellem infection after haploidentical allogeneic hematopoietic       stem cell transplantation in children: a case report.,"BACKGROUND: Encephalitozoon hellem (E. hellem) infection is a zoonotic disease,       rarely observed in individuals, causing various clinical manifestations including       diarrhea, keratoconjunctivitis, cystitis, etc. E. hellem infection after       hematopoietic stem-cell transplantation (HSCT) is a rare, serious complication.       CASE PRESENTATION: Herein, we present a case of E. hellem infection developing       during HLA-haploidentical HSCT in a 9-year-old boy who suffered from aplastic       anemia. On 15 days after HSCT, the patient developed recurrent and prolonged       fever, diarrhea and hematuria. It is challenging to differentiate whether the       symptoms mentioned in this case are caused by graft-versus-host disease (GVHD) or       a specific infection. Based on the result of metagenomic next-generation       sequencing (mNGS) and clinical observation, the patient was diagnosed as E.       hellem infection, and received albendazole and decreased the immunosuppressive       treatment. Finally, he had recovered. CONCLUSION: We should pay attention to the       uncommon disease caused by the E. hellem infection after HSCT, especially in       cases with immune reconstitution unrecovered. Among those rare infection, mNGS       can be performed for better understanding the source of infection and targeted       therapy, which can benefit the patients."
Increased GVHD-related mortality with broad-spectrum antibiotic use after allogeneic hematopoietic stem cell transplantation in human patients and mice,"Intestinal bacteria may modulate the risk of infection and graft-versus-host disease (GVHD) after allogeneic hematopoietic stem cell transplantation (allo-HSCT). Allo-HSCT recipients often develop neutropenic fever, which is treated with antibiotics that may target anaerobic bacteria in the gut. We retrospectively examined 857 allo-HSCT recipients and found that treatment of neutropenic fever with imipenem-cilastatin and piperacillin-tazobactam antibiotics was associated with increased GVHD-related mortality at 5 years (21.5% for imipenem-cilastatin‚Äìtreated patients versus 13.1% for untreated patients, P = 0.025; 19.8% for piperacillin-tazobactam‚Äìtreated patients versus 11.9% for untreated patients, P = 0.007). However, two other antibiotics also used to treat neutropenic fever, aztreonam and cefepime, were not associated with GVHD-related mortality (P = 0.78 and P = 0.98, respectively). Analysis of stool specimens from allo-HSCT recipients showed that piperacillin-tazobactam administration was associated with perturbation of gut microbial composition. Studies in mice demonstrated aggravated GVHD mortality with imipenem-cilastatin or piperacillin-tazobactam compared to aztreonam (P < 0.01 and P < 0.05, respectively). We found pathological evidence for increased GVHD in the colon of imipenem-cilastatin‚Äìtreated mice (P < 0.05), but no difference in the concentration of short-chain fatty acids or numbers of regulatory T cells. Notably, imipenem-cilastatin treatment of mice with GVHD led to loss of the protective mucus lining of the colon (P < 0.01) and the compromising of intestinal barrier function (P < 0.05). Sequencing of mouse stool specimens showed an increase in Akkermansia muciniphila (P < 0.001), a commensal bacterium with mucus-degrading capabilities, raising the possibility that mucus degradation may contribute to murine GVHD. We demonstrate an underappreciated risk for the treatment of allo-HSCT recipients with antibiotics that may exacerbate GVHD in the colon."
Gut microbiota injury in allogeneic haematopoietic stem cell transplantation,"Allogeneic haematopoietic stem cell transplantation (allo-HSCT) offers the strongest anticancer therapy for many malignancies but has limited application owing to complications including graft-versus-host disease (GVHD), infections and relapse. Understanding the microbiota ecology in these settings will help to develop better strategies to overcome these complications.Recent advances in large-scale DNA sequencing technology enable thorough evaluation of changes in microbiota in patients undergoing allo-HSCT, and evidence is starting to accumulate with regard to beneficial and harmful changes in microbiota in the setting of allo-HSCT.Loss of microbiota diversity after allo-HSCT is associated with worse GVHD and mortality after allo-HSCT.Faecal microbiota transfer (FMT) may be beneficial to restore a microbiota that has been injured. It potentially improves GVHD and prevents infectious complications after allo-HSCT.Broad-spectrum antibiotic use can lead to microbiota injury and increases GVHD-related mortality after allo-HSCT.To develop novel strategies to improve outcomes following allo-HSCT, better characterization of the changes in the microbiota after allo-HSCT should be performed in a prospective multicentre fashion. Allogeneic haematopoietic stem cell transplantation (allo-HSCT) offers the strongest anticancer therapy for many malignancies but has limited application owing to complications including graft-versus-host disease (GVHD), infections and relapse. Understanding the microbiota ecology in these settings will help to develop better strategies to overcome these complications. Recent advances in large-scale DNA sequencing technology enable thorough evaluation of changes in microbiota in patients undergoing allo-HSCT, and evidence is starting to accumulate with regard to beneficial and harmful changes in microbiota in the setting of allo-HSCT. Loss of microbiota diversity after allo-HSCT is associated with worse GVHD and mortality after allo-HSCT. Faecal microbiota transfer (FMT) may be beneficial to restore a microbiota that has been injured. It potentially improves GVHD and prevents infectious complications after allo-HSCT. Broad-spectrum antibiotic use can lead to microbiota injury and increases GVHD-related mortality after allo-HSCT. To develop novel strategies to improve outcomes following allo-HSCT, better characterization of the changes in the microbiota after allo-HSCT should be performed in a prospective multicentre fashion. Allogeneic haematopoietic stem cell transplantation (allo-HSCT) is a well-established treatment for many haematopoietic malignancies but often results in life-threatening complications, such as graft-versus-host disease, relapse and infections. This Review discusses the potential role of intestinal microbiota in complications after allo-HSCT. Allogeneic haematopoietic stem cell transplantation (allo-HSCT) is considered to be the strongest curative immunotherapy for various malignancies (primarily, but not limited to, haematologic malignancies). However, application of allo-HSCT is limited owing to its life-threatening major complications, such as graft-versus-host disease (GVHD), relapse and infections. Recent advances in large-scale DNA sequencing technology have facilitated rapid identification of the microorganisms that make up the microbiota and evaluation of their interactions with host immunity in various diseases, including cancer. This has resulted in renewed interest regarding the role of the intestinal flora in patients with haematopoietic malignancies who have received an allo-HSCT and in whether the microbiota affects clinical outcomes, including GVHD, relapse, infections and transplant-related mortality. In this Review, we discuss the potential role of intestinal microbiota in these major complications after allo-HSCT, summarize clinical trials evaluating the microbiota in patients who have received allo-HSCT and discuss how further studies of the microbiota could inform the development of strategies that improve outcomes of allo-HSCT."
Intestinal microbiota-related effects on graft-versus-host disease,"Allogeneic hematopoietic stem cell transplantation (allo-HSCT) is an increasingly important treatment for conditions including hematopoietic malignancies and inherited hematopoietic disorders, and is considered to be the most effective form of tumor immunotherapy available to date. However, graft-versus-host disease (GVHD) remains a major source of morbidity and mortality following allo-HSCT, and understanding the mechanisms of GVHD has been highlighted as a key research priority. During development of GVHD, activation of various immune cells, especially donor T cells, leads to damage of target organs including skin, liver, hematopoietic system, and of particular clinical importance, gut. In addition to histocompatibility complex differences between the donor and recipient, pretransplant conditioning with chemotherapy and irradiation also contributes to GVHD by damaging the gut, resulting in systemic exposure to microbial products normally confined to the intestinal lumen. The intestinal microbiota is a modulator of gastrointestinal immune homeostasis. It also promotes the maintenance of epithelial cells. Recent reports provide growing evidence of the impact of intestinal microbiota on GVHD pathophysiology. This review summarizes current knowledge of changes and effects of intestinal microbiota in the setting of allo-HSCT. We will also discuss potential future strategies of intestinal microbiota manipulation that might be advantageous in decreasing allo-HSCT-related morbidity and mortality."
[Gut microbiota and graft-versus-host disease: broad-spectrum antibiotic use       increases post-allogeneic hematopoietic stem cell transplant graft-versus-host       disease-related mortality].,"Intestinal bacteria can modulate the risk of infection and graft-versus-host       disease (GVHD) after allogeneic hematopoietic stem cell transplantation       (allo-HSCT). Allo-HSCT recipients often develop neutropenic fever, which is       treated with antibiotics that may target anaerobic bacteria in the gut. We       retrospectively examined 857 allo-HSCT recipients and found that treatment using       broad-spectrum antibiotics was associated with increased GVHD-related mortality       at 5 years. Analysis of stool specimens from allo-HSCT recipients showed that       broad-spectrum antibiotic administration was associated with perturbation of gut       microbial composition. Studies in mice also demonstrated aggravated GVHD       mortality with broad-spectrum antibiotics use. Broad-spectrum antibiotics       treatment of mice with GVHD led to a loss of the protective mucus lining of the       colon, compromised intestinal barrier function, as well as increased a commensal       bacterium with mucus-degrading capabilities, raising the possibility that mucus       degradation may contribute to murine GVHD. We demonstrate an underappreciated       risk of antibiotics in allo-HSCT recipients that may exacerbate GVHD in the       colon."
Pearls & Oy-sters: Seronegative Eastern Equine Encephalitis in an       Immunocompromised Stem Cell Transplant Recipient.,"Altered mental status in immunosuppressed patients has a wide differential       diagnosis. In this case, a 27-year-old man presented with encephalopathy, nausea,       vomiting, and fevers. His medical history was significant for acute myeloid       leukemia in remission after allogenic hematopoietic stem cell transplantation 17       months prior complicated by graft vs host disease affecting his skin treated with       sirolimus. A lumbar puncture was performed with a lymphocytic pleocytosis, mildly       elevated protein, and negative Gram-stain and bacterial and fungal cultures. His       examination deteriorated, and he became comatose with loss of pupillary and       corneal reflexes. An MRI of his brain demonstrated T2/fluid-attenuated inversion       recovery signal abnormality involving the bilateral basal ganglia, mesial       temporal lobes, and entire brainstem along with bilateral temporal parenchymal       and leptomeningeal enhancement. Ultimately, diagnosis was made through       metagenomic PCR sequencing from his CSF. This case highlights diagnostic       challenges in immunosuppressed patients because antibodies against the causative       antigen were negative (potentially related to decreased antibody production in       the setting of immunosuppression)."
Conditioning Regimens are Associated with Distinct Patterns of Microbiota Injury       in Allogeneic Hematopoietic Cell Transplantation.,"PURPOSE: The gut microbiota is subject to multiple insults in allogeneic       hematopoietic cell transplantation (allo-HCT) recipients. We hypothesized that       preparative conditioning regimens contribute to microbiota perturbation in       allo-HCT. EXPERIMENTAL DESIGN: This was a retrospective study that evaluated the       relationship between conditioning regimens exposure in 1,188 allo-HCT recipients       and the gut microbiome. Stool samples collected from 20 days before       transplantation up to 30 days after were profiled using 16S rRNA sequencing.       Microbiota injury was quantified by changes in Œ±-diversity. RESULTS: We       identified distinct patterns of microbiota injury that varied by conditioning       regimen. Diversity loss was graded into three levels of conditioning-associated       microbiota injury (CMBI) in a multivariable model that included antibiotic       exposures. High-intensity regimens, such as total body irradiation       (TBI)-thiotepa-cyclophosphamide, were associated with the greatest injury (CMBI       III). In contrast, the nonmyeloablative regimen fludarabine-cyclophosphamide with       low-dose TBI (Flu/Cy/TBI200) had a low-grade injury (CMBI I). The risk of acute       GVHD correlated with CMBI degree. Pretransplant microbial compositions were best       preserved with Flu/Cy/TBI200, whereas other regimens were associated with loss of       commensal bacteria and expansion of Enterococcus. CONCLUSIONS: Our findings       support an interaction between conditioning at the regimen level and the extent       of microbiota injury."
Patterns of salivary microbiota injury and oral mucositis in recipients of       allogeneic hematopoietic stem cell transplantation.,"Oral mucositis (OM) is a common debilitating dose-limiting toxicity of cancer       treatment, including hematopoietic stem cell transplantation (HSCT). We       hypothesized that the oral microbiome is disturbed during allogeneic HSCT,       partially accounting for the variability in OM severity. Using 16S ribosomal RNA       gene sequence analysis, metabolomic profiling, and computational methods, we       characterized the behavior of the salivary microbiome and metabolome of 184       patients pre- and post-HSCT. Transplantation was associated with a decrease in       oral Œ± diversity in all patients. In contrast to the gut microbiome, an       association with overall survival was not detected. Among 135 patients given       methotrexate for graft-versus-host disease prophylaxis pre-HSCT, Kingella and       Atopobium abundance correlated with future development of severe OM.       Posttransplant, Methylobacterium species were significantly enriched in patients       with severe OM. Moreover, the oral microbiome and metabolome of severe OM       patients underwent distinct changes post-HSCT, compared with patients with no or       mild OM. Changes in specific metabolites were well explained by microbial       composition, and the common metabolic pathway was the polyamines pathway, which       is essential for epithelial homeostasis. Together, our findings suggest that       salivary microbial composition and metabolites are associated with the       development of OM, offering new insights on pathophysiology and potential avenues       of intervention."
Microbiome-based prediction of allogeneic hematopoietic stem cell transplantation outcome,"Allogeneic hematopoietic stem cell transplantation (HSCT) is potentially curative for hematologic malignancies but is frequently complicated by relapse and immune-mediated complications, such as graft-versus-host disease (GVHD). Emerging evidence suggests a role for the intestinal and oral microbiome in modulating HSCT outcomes, yet predictive models incorporating microbiome data remain limited. We applied the RATIO (suRvival Analysis lefT barrIer lOss) model to longitudinal stool and saliva microbiome data from 204 adult HSCT recipients to predict the timing of seven outcomes: overall survival (OS), non-relapse mortality (NRM), relapse, acute GVHD (grades II‚ÄìIV and III‚ÄìIV), chronic GVHD, and oral chronic GVHD. A total of 514 stool and 1291 saliva samples were collected over 70 weeks post-HSCT. Model performance was evaluated using the concordance index (CI) and Spearman correlation coefficient (SCC), with SHAP (SHapley Additive exPlanations) analysis used for model interpretability. Oral and stool microbial dysbiosis peaked within the first 2 weeks post-HSCT, followed by partial recovery. Using the RATIO model, we found that microbiome features from early time points (weeks 1‚Äì2) were most predictive of short-term complications such as acute GVHD, while later samples (weeks 36‚Äì70) were more informative for long-term outcomes, including overall survival. RATIO outperformed traditional survival models (Cox and Random Survival Forest) across most outcomes (median CI > 0.65), with stool microbiota showing greater predictive power than saliva. SHAP analysis identified specific stool genera, including Collinsella and Eggerthella, associated with shorter time to various complications. External validation using a pediatric GVHD cohort confirmed the model‚Äôs generalizability and reproducibility. External validation using a pediatric HSCT cohort (n = 90) confirmed the reproducibility and generalizability of these microbiome-based predictions. Microbiome profiling of stool and saliva samples offers robust, time-sensitive prediction of post-HSCT complications. The RATIO model enables interpretable, time-to-event prediction across multiple outcomes and may inform microbiome-guided interventions to improve transplant success."
Intestinal microbiota predict HSCT outcome,
Preservation of the fecal microbiome is associated with¬†reduced severity of       graft-versus-host disease.,"Following allogeneic hematopoietic cell transplantation (allo-HCT), the       gastrointestinal (GI) tract is frequently affected by acute graft-versus-host       disease (aGVHD), the pathophysiology of which is associated with a dysbiotic       microbiome. Since microbial composition varies along the length of the GI tract,       the authors hypothesized that microbiome features correlate with the pattern of       organ involvement after allo-HCT. We evaluated 266 allo-HCT recipients from whom       1303 stool samples were profiled by 16S ribosomal gene sequencing. Patients were       classified according to which organs were affected by aGVHD. In the 20 days prior       to disease onset, GVHD patients had lower abundances of members of the class       Clostridia, lower counts of butyrate producers, and lower ratios of       strict-to-facultative (S/F) anaerobic bacteria compared with allograft recipients       who were free of GVHD. GI GVHD patients showed significant reduction in microbial       diversity preonset. Patients with lower GI aGVHD had lower S/F anaerobe ratios       compared with those with isolated upper GI aGVHD. In the 20 days after disease       onset, dysbiosis was observed only in GVHD patients with GI involvement,       particularly those with lower-tract disease. Importantly, Clostridial and       butyrate-producer abundance as well as S/F anaerobe ratio were¬†predictors of       longer overall survival; higher abundance of butyrate producers and higher S/F       anaerobe ratio were associated with decreased risk of GVHD-related death. These       findings suggest that the intestinal microbiome can serve as a biomarker for       outcomes of allo-HCT patients with GVHD."
Preservation of the fecal microbiome is associated withreduced severity of graft-versus-host disease.,
Redefining 'self': the role of microflora (commensals) mismatch in the       development of GvHD after allogeneic stem cell transplantation and some possible       remedies.,The discovery of human leukocyte antigen (HLA) molecules and their role in       allorecognition has facilitated the initiation of allogeneic stem cell       transplantation in human beings. HLA mismatch to a large extent explains the       phenomenon of graft rejection and graft versus host disease (GvHD). Incidence of       GvHD even in syngeneic transplants suggests a role for extra genetic factors in       the causation of GvHD. We hereby propose a hypothesis that the definition of       'self' (in the immunological sense) should be broadened to include both       genetically determined molecules (e.g. HLA) and the microbial flora that colonize       an individual. This hypothesis explains several observations about GvHD which can       not fully be accounted for by the HLA mismatch theory and gives some clues       towards circumventing GvHD.
Mortality and microbial diversity after allogeneic hematopoietic stem cell transplantation: secondary analysis of a randomized nutritional intervention trial,
An infectious diseases perspective on the microbiome and allogeneic stem cell       transplant.,"PURPOSE OF REVIEW: The gut microbiome presents a novel source of diagnostic and       therapeutic potential to modify post allogeneic stem cell transplant       complications. There is an explosion of interest in microbiome research, mostly       in the form of single-centre prospective time-series cohorts utilizing a variety       of sampling frequencies and metagenomic technologies to sequence the microbiome.       The purpose of this review is to summarize important recent publications and       contextualize them within what has already been described in this rapidly growing       field. RECENT FINDING: Results from observational human cohort and animal       transplant models add to the growing body of evidence that the microbiome       modulates the immunopathogenesis of posttransplant complications. This is       particularly the case for recipients of grafts replete with T cells where the       evidence that acute graft-versus-host disease is mediated by anaerobic       commensal-associated short-chain fatty acids, which interact with       mucosa-associated (CD4FOXP3) T-regulatory cells. SUMMARY: Future human research       into the role of the microbiome in allogeneic stem transplant should incorporate       rigorous and considered experimental design in addition to next-generation       sequencing technology to better portray microbiome functional potential and       active gene expression. In combination with host immune phenotyping, which would       facilitate a robust understanding of the host--microbiome interaction that is       required before meaningful translation into clinical diagnostics and therapeutics       can be expected."
Microbes matter in pediatric allo-HSCT,
Insights from integrating clinical and preclinical studies advance understanding       of graft-versus-host disease.,"As a result of impressive increases in our knowledge of rodent and human       immunology, the understanding of the pathophysiologic mechanisms underlying       graft-versus-host disease (GVHD) has dramatically improved in the past 15 years.       Despite improved knowledge, translation to clinical care has not proceeded       rapidly, and results from experimental models have been inconsistent in their       ability to predict the clinical utility of new therapeutic agents. In parallel,       new tools in immunology have allowed in-depth analyses of the human system and       have recently been applied in the field of clinical GVHD. Notwithstanding these       advances, there is a relative paucity of mechanistic insights into human       translational research, and this remains an area of high unmet need. Here we       review selected recent advances in both preclinical experimental transplantation       and translational human studies, including new insights into human immunology,       the microbiome, and regenerative medicine. We focus on the fact that both       approaches can interactively improve our understanding of both acute and chronic       GVHD biology and open the door to improved therapeutics and successes."
Gut microbiota variation and diversity and gut graft-versus-host disease (GVHD)       in pediatrics: A systematic review.,"BACKGROUND: Allogeneic hematopoietic stem cell transplantation (HSCT) provides       children with life-threatening conditions an opportunity for survival.       Complications from graft-versus-host disease (GVHD) are a major source of       morbidity and death, recently linked to gut dysbiosis in the hematopoietic stem       cell transplantation (HSCT) population. But so far, no comprehensive study has       been conducted to investigate this relationship in the children population. In       this systematic study, we investigated the Gut microbiota variation and diversity       and gut GVHD in pediatrics. METHODS: A systematic review according to PRISMA       standards was performed from inception till August 2024. Out of 568 originally       chosen publications, 10 studies involving 490 pediatric subjects satisfied the       eligibility criteria and were included. RESULTS: The findings obtained from the       study included in the present systematic study mostly indicated the use of       combined treatments including Busulfan, Cyclophosphamide, and total body       irradiation and in some studies the use of anti-thymocyte globulin and Melphalan       as conditioning regimens. In addition, out of 10 reviewed studies, 9 reported a       significant decrease in gut microbiota diversity following GVHD. However, in all       studies, an increased variation was reported. So that most of the studies showed       a decrease in the levels of beneficial bacteria and producers of short-chain       fatty acid products in the intestine such as Ruminococcaceae and Enterococcus,       which is also observed in the intestinal microbiota population of healthy people.       CONCLUSION: As a result, our findings indicated a decrease in diversity as well       as a change in intestinal microbiota in children with GVHD under HSCT in most of       the studies."
Intestinal epithelial Ceacam1 deficiency prevents steroid-refractory acute gut       graft-versus-host disease.,"Steroid-refractory gut acute graft-versus-host disease (SR-Gut-aGVHD) is the       major cause of nonrelapse death after allogeneic hematopoietic cell       transplantation. High numbers of donor-type IL-22+ T cells, IL-22-dependent       dysbiosis, and loss of antiinflammatory CX3CR1hi mononuclear phagocytes (MNPs)       play critical roles in SR-Gut-aGVHD pathogenesis. CEACAM1 on intestinal       epithelial cells (IECs) is proposed to regulate bacterial translocation and       subsequent immune responses in the intestine. Here, with imaging mass cytometry       (IMC), combined scRNA-Seq with ATAC-Seq, and high-dimensional flow cytometry       analysis, we show that CEACAM1 expression was enhanced on IECs in murine and       human SR-Gut-aGVHD. Ceacam1 deficiency on host IECs effectively prevented       SR-Gut-aGVHD in murine models. Ceacam1 deficiency on IECs resulted in (i) higher       numbers of IL-22+IL-10+Foxp3+CD4+ peripheral Tregs (pTregs) and lower numbers of       conventional IL-22+CD4+ T (Tcon), Th/Tc1, and Th17 cells in the intestine; (ii)       higher prevalence of beneficial commensal bacteria that augment colonic pTreg       expansion, with lower prevalence of pathogenic bacteria; and (iii) higher numbers       of antiinflammatory CD103-CX3CR1hi MNPs that produce indoleamine 2,3-dioxygenase       (IDO) and IL-10, with lower numbers of proinflammatory CD103+CX3CR1lo MNPs that       produce IL-6. Thus, specifically targeting IEC CEACAM1 represents a promising       approach for prevention of SR-Gut-aGVHD."
Unraveling the Mechanisms of Cutaneous Graft-Versus-Host Disease.,"The skin is the most common target organ affected by graft-versus-host disease       (GVHD), with severity and response to therapy representing important predictors       of patient survival. Although many of the initiating events in GVHD pathogenesis       have been defined, less is known about why treatment resistance occurs or why       there is often a permanent failure to restore tissue homeostasis. Emerging data       suggest that the unique immune microenvironment in the skin is responsible for       defining location- and context-specific mechanisms of injury that are distinct       from those involved in other target organs. In this review, we address recent       advances in our understanding of GVHD biology in the skin and outline the new       research themes that will ultimately enable design of precision therapies."
The intestinal microbiota in allogeneic hematopoietic cell transplant and graft-versus-host disease," Hematopoietic cell transplantation (HCT) is a critical treatment of patients with high-risk hematopoietic malignancies, hematological deficiencies, and other immune diseases. In allogeneic HCT (allo-HCT), donor-derived T cells recognize host tissues as foreign, causing graft-versus-host disease (GVHD) which is a main contributor to morbidity and mortality. The intestine is one of the organs most severely affected by GVHD and research has recently highlighted the importance of bacteria, particularly the gut microbiota, in HCT outcome and in GVHD development. Loss of intestinal bacterial diversity is common during the course of HCT and is associated with GVHD development and treatment with broad-spectrum antibiotics. Loss of intestinal diversity and outgrowth of opportunistic pathogens belonging to the phylum Proteobacteria and Enterococcus genus have also been linked to increased treatment-related mortality including GVHD, infections, and organ failure after allo-HCT. Experimental studies in allo-HCT animal models have shown some promising results for prebiotic and probiotic strategies as prophylaxis or treatment of GVHD. Continuous research will be important to define the relation of cause and effect for these associations between microbiota features and HCT outcomes. Importantly, studies focused on geographic and cultural differences in intestinal microbiota are necessary to define applicability of new strategies targeting the intestinal microbiota."
Lactose drives Enterococcus expansion to promote graft-versus-host disease,"Disruption of intestinal microbial communities appears to underlie many human illnesses, but the mechanisms that promote this dysbiosis and its adverse consequences are poorly understood. In patients who received allogeneic hematopoietic cell transplantation (allo-HCT), we describe a high incidence of enterococcal expansion, which was associated with graft-versus-host disease (GVHD) and mortality. We found that Enterococcus also expands in the mouse gastrointestinal tract after allo-HCT and exacerbates disease severity in gnotobiotic models. Enterococcus growth is dependent on the disaccharide lactose, and dietary lactose depletion attenuates Enterococcus outgrowth and reduces the severity of GVHD in mice. Allo-HCT patients carrying lactose-nonabsorber genotypes showed compromised clearance of postantibiotic Enterococcus domination. We report lactose as a common nutrient that drives expansion of a commensal bacterium that exacerbates an intestinal and systemic inflammatory disease."
Compositional Flux Within the Intestinal Microbiota and Risk for Bloodstream Infection With Gram-negative Bacteria,"Gram-negative bloodstream infections (BSIs) represent a significant complication facing allogeneic hematopoietic cell transplant (allo-HCT) recipients, as a result of intestinal translocation during neutropenia. In this study we sought to better understand how the composition of the intestinal microbiota is connected to risk of gram-negative BSIs, expanding on our prior work in these patients. Fecal specimens were collected from recipients of allo-HCT and analyzed using 16S ribosomal RNA gene sequencing. Samples and clinical data extending from the pretransplant conditioning period through stem cell engraftment were used in the analysis. Intestinal domination (relative abundance ‚â• 30%) by gram-negative bacteria was used as predictor of gram-negative BSI using Cox proportional hazards modeling. Further analysis of microbiota composition was performed at the genus level. Seven hundred eight allo-HCT subjects were studied (7.5% developed gram-negative infection), with 4768 fecal samples for analysis. Gram-negative intestinal domination was associated with subsequent BSI, which was observed overall and individually at the genus level: Escherichia, Klebsiella, Enterobacter, Pseudomonas, and Stenotrophomonas. Fluoroquinolone prophylaxis was associated with decreased BSI and intestinal colonization by gram-negative microbes. In fluoroquinolone-prophylaxed patients, Escherichia coli was more frequently observed as breakthrough, both in terms of intestinal colonization and BSIs, compared with nonprophylaxed patients. Initial colonization by members of Ruminococcaceae and Bacteroidetes were associated with protection against gram-negative BSI. Gram-negative intestinal colonization is highly predictive of BSI in the setting of allo-HCT. Fluoroquinolones appear to reduce these infections by influencing gut colonization. In this study, the intestinal microbiota and risk of gram-negative bloodstream infections was studied in patients undergoing allogeneic hematopoietic cell transplantation, during neutropenia. Expansion and domination by gram negatives occur in these patients and are predictive of bloodstream infection."
[Haematological aspects of the gut flora].,"The relationship between the gut flora and various diseases (obesity, diabetes       mellitus, metabolic disorders, allergic and autoimmune diseases, inflammatory       bowel diseases, liver failure, infections, certain neuropsychiatric disorders,       tumors) has been highlighted in recent years. Depletion of microbiotics inhibits       bone marrow healing. Infections and their antibiotic treatment may also affect       hematopoiesis. Intestinal flora may also affect the severity of the       graft-versus-host disease and may also play a role in the pathogenesis of       immunthrombocytopenia through the T-regulator cells. The study summarizes the       features of the gut flora, the effects of microbiotics on bone marrow healing,       the course of infections, allogeneic bone marrow transplantation,       graft-versus-host disease, lymphoma and the results of related research and       therapeutic options. The authors briefly discuss the possible linkage between       intestinal flora and immunthrombocytopenia and the effectiveness of the       immunotherapy of tumors and its effect on the von Willebrand-factor synthesis.       They draw attention on the importance of maintaining microbiotics diversity. Orv       Hetil. 2019; 160(20): 774-779."
Clarithromycin As an Alternative and Prophylactic Agent in a Hematopoietic Stem       Cell Transplantation Patient.,"BACKGROUND Nocardia infections have rarely been reported in hematopoietic stem       cell transplantation (HSCT) patients, who usually receive the prophylactic use of       sulfamethoxazole/trimethoprim (ST) against Pneumocystis jiroveci. However, the ST       prophylaxis, sensitive to Nocardia species, sometimes induces renal toxicities.       Therefore, alternative prophylactic or therapeutic drugs are required for       nocardiosis in HSCT patients. CASE REPORT A 34-year-old Japanese man with acute       mixed phenotypic leukemia with t(9; 22) received allogenic peripheral blood HSCT       from a haplo-identical sibling donor. He developed graft versus host disease       (GVHD) with grade II, and was treated with prednisolone and cyclosporine A with       concurrent ciprofloxacin, fluconazole, valacyclovir, and ST. However, the       prophylactic ST was ceased because of its renal toxicity. He developed a       pulmonary nodular lesion with elevated √ü-D-glucan and Aspergillus galactomannan       antigen. Repeated blood and sputum culture isolated no pathogens. Voriconazole       treatment administered once improved these lesions and laboratory findings. One       month later, he presented with right pleuritic chest pain and multiple       ring-enhancing cavitation lesions along the ribs. A needle biopsy demonstrated       Nocardia elegans, which is an extremely rare infection induced by Nocardia       species, in the cavitation lesions, shown by 16S rRNA gene sequencing. He was       started on doripenem and liposomal amphotericin B, and a subsequent treatment       kept him free from Nocardia elegans infection, without any adverse effects, while       continuing the cyclosporine A and prednisolone treatment for chronic GVHD.       CONCLUSIONS Clarithromycin has fewer adverse effects than ST. This case suggests       that clarithromycin is an appropriate alternative and prophylactic therapy for       patients with nocardiosis and ST toxicities."
Intestinal graft-versus-host disease: mechanisms and management.,"Allogeneic haematopoietic stem cell transplantation remains the treatment of       choice for a number of malignancies. However, graft-versus-host disease (GVHD)       has long been regarded as a serious complication of this procedure. Although GVHD       may affect any organ, intestinal GVHD is particularly important because of its       frequency, severity and impact on the general condition of the patient. Recent       studies have led to progressive elucidation of the mechanism of GVHD. Donor T       cells are critical for the induction of GVHD, because depletion of T cells from       bone marrow grafts effectively prevents GVHD but also results in an increase of       leukaemia relapse. It has been shown that the gastrointestinal tract plays a       major role in the amplification of systemic disease because gastrointestinal       damage increases the translocation of endotoxins, which promotes further       inflammation and additional gastrointestinal damage. Consequently, the management       of intestinal GVHD (and the intestine itself) is a subject that should be       highlighted. In this article, approaches to the prevention of intestinal GVHD are       discussed after being classified into three categories: regimens in common       clinical use, regimens under investigation and original regimens used at our       hospital. The standard regimen that is used most widely for prevention of GVHD is       cyclosporin plus short-term methotrexate. Corticosteroids can be added to this       regimen but careful consideration of the adverse effects of these hormones should       be considered. Tacrolimus is a newer, more potent alternative to cyclosporin.       T-cell depletion (TCD) after transplantation has been shown to prevent acute       GVHD, however, the survival benefit of TCD has not been as great as expected.       Mycophenolate mofetil can be useful for the treatment of acute GVHD as part of       combination therapy. Regimens currently under investigation in animal experiments       include suppression of inflammatory cytokines and inhibition of T-cell       activation, and, specifically at our institution, hepatocyte growth factor gene       therapy. The evidence-based therapy used at our institution includes systemic       antibacterial therapy (including eradication of intestinal bacteria) to prevent       the intestinal translocation of lipopolysaccharide and avoid the subsequent       increase of various inflammatory cytokines. In addition, because of the       similarities between intestinal GVHD and ulcerative colitis, sulfasalazine,       betamethasone enemas and eicosapentaenoic acid have been used to treat intestinal       GVHD in some patients."
[Fecal microbiota transplantation for refractory Clostridioides difficile       infection with Crohn's disease in an allogeneic bone marrow transplant       recipient].,"We report a case of a 15-year-old girl who developed refractory Clostridioides       difficile infection (CDI) after allogeneic bone marrow transplantation (BMT). She       was treated successfully with fecal microbiota transplantation (FMT). The patient       who had aplastic anemia underwent allogeneic BMT from an HLA 1-locus-mismatched       unrelated donor. Four months later, she developed gastrointestinal       graft-versus-host disease (GVHD), and immunosuppressive treatment improved the       GVHD. However, she developed CDI 5 months after BMT and experienced recurrence       after that. Fifteen months after transplant, CDI relapsed despite discontinuation       of immunosuppressive treatment; thus, she underwent FMT. Colonoscopy at the time       of FMT revealed round aphthae, mainly in the ileocecum, and colonic biopsy       revealed inflammatory cell infiltration and noncaseating epithelioid granuloma,       which fulfilled the diagnostic criteria for Crohn's disease. Following FMT for       CDI, she was treated with enteric budesonide and intravenous methotrexate for       Crohn's disease. These interventions resulted in a marked improvement in both CDI       and Crohn's disease. Twenty-eight months after FMT, both CDI and Crohn's disease       remained in remission with oral mesalamine monotherapy."
[Fecal microbiota transplantation for refractory Clostridioides difficile infection with Crohn's disease in an allogeneic bone marrow transplant recipient].,
Anaerobic Antibiotics and the Risk of Graft-versus-Host Disease after Allogeneic Hematopoietic Stem Cell Transplantation.,"Certain anaerobic bacteria are important for maintenance of gut barrier integrity and immune tolerance and may influence the risk of graft-versus-host disease (GVHD) after allogeneic hematopoietic stem cell transplantation (HSCT). We conducted a single-center retrospective cohort study of allogeneic HSCT recipients to evaluate associations between receipt of antibiotics with an anaerobic spectrum of activity and GVHD outcomes. We identified 1214 children and adults who developed febrile neutropenia between 7 days before and 28 days after HSCT and compared GVHD risk and mortality among patients who received anaerobic antibiotics (piperacillin-tazobactam or carbapenems; n¬†=¬†491) to patients who received only antibiotics with minimal activity against anaerobes (aztreonam, cefepime, or ceftazidime; n¬†=¬†723). We performed metagenomic sequencing of serial fecal samples from 36 pediatric patients to compare the effects of specific antibiotics on the gut metagenome. Receipt of anaerobic antibiotics was associated with higher hazards of acute gut/liver GVHD (hazard ratio [HR], 1.26; 95% confidence interval [CI], 1.03 to 1.54) and acute GVHD mortality (HR, 1.63; 95% CI, 1.08 to 2.46), but not chronic GVHD diagnosis (HR, 1.04; 95% CI: .84 to 1.28) or chronic GVHD mortality (HR, .88; 95% CI, .53 to 1.45). Anaerobic antibiotics resulted in decreased gut bacterial diversity, reduced abundances of Bifidobacteriales and Clostridiales, and loss of bacterial genes encoding butyrate biosynthesis enzymes from the gut metagenome. Acute gut/liver GVHD was preceded by a sharp decline in bacterial butyrate biosynthesis genes with antibiotic treatment. Our findings demonstrate that exposure to anaerobic antibiotics is associated with increased risks of acute gut/liver GVHD and acute GVHD mortality after allogeneic HSCT. Use of piperacillin-tazobactam or carbapenems should be reserved for febrile neutropenia cases in which anaerobic or multidrug-resistant infections are suspected."
The effects of intestinal tract bacterial diversity on mortality following allogeneic hematopoietic stem cell transplantation," Highly diverse bacterial populations inhabit the gastrointestinal tract and modulate host inflammation and promote immune tolerance. In allogeneic hematopoietic stem cell transplantation (allo-HSCT), the gastrointestinal mucosa is damaged, and colonizing bacteria are impacted, leading to an impaired intestinal microbiota with reduced diversity. We examined the impact of intestinal diversity on subsequent mortality outcomes following transplantation. Fecal specimens were collected from 80 recipients of allo-HSCT at the time of stem cell engraftment. Bacterial 16S rRNA gene sequences were characterized, and microbial diversity was estimated using the inverse Simpson index. Subjects were classified into high, intermediate, and low diversity groups and assessed for differences in outcomes. Mortality outcomes were significantly worse in patients with lower intestinal diversity; overall survival at 3 years was 36%, 60%, and 67% for low, intermediate, and high diversity groups, respectively (P = .019, log-rank test). Low diversity showed a strong effect on mortality after multivariate adjustment for other clinical predictors (transplant related mortality: adjusted hazard ratio, 5.25; P = .014). In conclusion, the diversity of the intestinal microbiota at engraftment is an independent predictor of mortality in allo-HSCT recipients. These results indicate that the intestinal microbiota may be an important factor in the success or failure in allo-HSCT."
Reconstitution of the gut microbiota of antibiotic-treated patients by autologous fecal microbiota transplant,"Antibiotic treatment can deplete the commensal bacteria of a patient‚Äôs gut microbiota and, paradoxically, increase their risk of subsequent infections. In allogeneic hematopoietic stem cell transplantation (allo-HSCT), antibiotic administration is essential for optimal clinical outcomes but significantly disrupts intestinal microbiota diversity, leading to loss of many beneficial microbes. Although gut microbiota diversity loss during allo-HSCT is associated with increased mortality, approaches to reestablish depleted commensal bacteria have yet to be developed. We have initiated a randomized, controlled clinical trial of autologous fecal microbiota transplantation (auto-FMT) versus no intervention and have analyzed the intestinal microbiota profiles of 25 allo-HSCT patients (14 who received auto-FMT treatment and 11 control patients who did not). Changes in gut microbiota diversity and composition revealed that the auto-FMT intervention boosted microbial diversity and reestablished the intestinal microbiota composition that the patient had before antibiotic treatment and allo-HSCT. These results demonstrate the potential for fecal sample banking and posttreatment remediation of a patient‚Äôs gut microbiota after microbiota-depleting antibiotic treatment during allo-HSCT."
Intestinal Domination and the Risk of Bacteremia in Patients Undergoing Allogeneic Hematopoietic Stem Cell Transplantation,"Background . Bacteremia is a frequent complication of allogeneic hematopoietic stem cell transplantation (allo-HSCT). It is unclear whether changes in the intestinal microbiota during allo-HSCT contribute to the development of bacteremia. We examined the microbiota of patients undergoing allo-HSCT, and correlated microbial shifts with the risk of bacteremia. Methods . Fecal specimens were collected longitudinally from 94 patients undergoing allo-HSCT, from before transplant until 35 days after transplant. The intestinal microbiota was characterized by 454 pyrosequencing of the V1-V3 region of bacterial 16S ribosomal RNA genes. Microbial diversity was estimated by grouping sequences into operational taxonomic units and calculating the Shannon diversity index. Phylogenetic classification was obtained using the Ribosomal Database Project classifier. Associations of the microbiota with clinical predictors and outcomes were evaluated. Results . During allo-HSCT, patients developed reduced diversity, with marked shifts in bacterial populations inhabiting the gut. Intestinal domination, defined as occupation of at least 30% of the microbiota by a single predominating bacterial taxon, occurred frequently. Commonly encountered dominating organisms included Enterococcus, Streptococcus, and various Proteobacteria. Enterococcal domination was increased 3-fold by metronidazole administration, whereas domination by Proteobacteria was reduced 10-fold by fluoroquinolone administration. As a predictor of outcomes, enterococcal domination increased the risk of Vancomycin-resistant Enterococcus bacteremia 9-fold, and proteobacterial domination increased the risk of gram-negative rod bacteremia 5-fold. Conclusions . During allo-HSCT, the diversity and stability of the intestinal flora are disrupted, resulting in domination by bacteria associated with subsequent bacteremia. Assessment of fecal microbiota identifies patients at highest risk for bloodstream infection during allo-HCST."
Role of intestinal microbiota in transplantation outcomes.,"While allogeneic hematopoietic stem cell transplantations have a curative       potential, infections and graft-versus-host disease remain significant problems.       The intestinal microbiota can influence responses to cancer chemotherapy and the       role of the microbiota in affecting allogeneic hematopoietic stem cell       transplantation outcomes is increasingly appreciated. The following paper       discusses the most recent developments in this area."
Acute Graft-versus-Host Disease: Novel Biological Insights.,"Graft-versus-host disease (GVHD) continues to be a leading cause of morbidity and       mortality after allogeneic hematopoietic stem cell transplantation. Recent       insights into intestinal homeostasis and uncovering of new pathways and targets       have greatly reconciled our understanding of GVHD pathophysiology and will       reshape contemporary GVHD prophylaxis and treatment. Gastrointestinal (GI) GVHD       is the major cause of mortality. Emerging data indicate that intestinal stem       cells (ISCs) and their niche Paneth cells are targeted, resulting in       dysregulation of the intestinal homeostasis and microbial ecology. The microbiota       and their metabolites shape the immune system and intestinal homeostasis, and       they may alter host susceptibility to GVHD. Protection of the ISC niche system       and modification of the intestinal microbiota and metabolome to restore       intestinal homeostasis may, thus, represent a novel approach to modulate GVHD and       infection. Damage to the intestine plays a central role in amplifying systemic       GVHD by propagating a proinflammatory cytokine milieu. Molecular targeting to       inhibit kinase signaling may be a promising approach to treat GVHD, ideally via       targeting the redundant effect of multiple cytokines on immune cells and       enterocytes. In this review, we discuss insights on the biology of GI GVHD,       interaction of microflora and metabolome with the hosts, identification of       potential new target organs, and identification and targeting of novel       T¬†cell-signaling pathways. Better understanding of GVHD biology will, thus, pave       a way to develop novel treatment strategies with great clinical benefits."
Resolution of acute intestinal graft-versus-host disease.,"Allogeneic transplantation of hematopoietic stem cells (allo-HCT) represents an       increasingly employed therapeutic approach to potentially cure patients suffering       from life-threatening malignant and autoimmune disorders. Despite its lifesaving       potential, immune-mediated allo-reactivity inherent to the allogeneic       transplantation can be observed within up to 50% of all allo-HCT patients       regularly resulting in the manifestation of acute and/or chronic       graft-versus-host disease (GvHD). Mechanistically, especially donor T cells are       assumed to chiefly drive inflammation that can occur in virtually all organs,       with the skin, liver, and gut representing as the most frequently affected       anatomic sites. Especially in the presence of intestinal manifestations of GvHD,       the risk that the disease takes a life-threatening, potentially fatal course is       significantly increased. In the light of a rapid gain of knowledge in respect to       decode innate and adaptive immunity related mechanisms as, e.g., cytokine       networks, intracellular signaling pathways or environmental triggers as, e.g.,       the intestinal microbiota and the development of novel therapeutic approaches,       detailed insight into endogenous mechanisms seeking to counterbalance the       proinflammatory machinery or to proactively foster signals promoting the       resolution of allo-driven intestinal inflammation is emerging. Here, we seek to       highlight the key aspects of those mechanisms involved in and contributing to the       resolution of GvHD-associated intestinal inflammation. Concomitantly, we would       like to briefly outline and discuss promising future experimental targets       suitable to be therapeutically employed to directionally deflect the tissue       response from a proinflammatory to an inflammation-resolving type of intestinal       GvHD after allo-HCT."
Interventional antibiotic treatment replacing antibiotic prophylaxis during       allogeneic hematopoietic stem cell transplantation is safe and leads to a       reduction of antibiotic administration.,"Patients undergoing allogeneic hematopoietic stem cell transplantation (alloHSCT)       face an elevated risk of infection-related mortality, particularly during the       pre-engraftment period. Although systemic antibiotic prophylaxis (SAP) is       commonly employed during neutropenia, it is linked to disruptions in the       intestinal microbiome, increasing the risk of graft-versus-host disease (GVHD),       Clostridium difficile infection (CDI), and colonization with multi-drug resistant       (MDR) bacteria. In our retrospective analysis, we evaluated the safety and       efficacy of an exclusively interventional antibiotic treatment (IAT) compared to       SAP in adult alloHSCT patients. In comparison to SAP, IAT resulted in a       significantly reduced duration of antibiotic therapy (24 vs. 18 days, p‚Äâ<‚Äâ0.001),       although the cumulative incidence (CI) of bloodstream infections (BSI) by       day‚Äâ+‚Äâ100 post-HSCT was significantly higher in the IAT group compared to SAP       (40% vs. 13%, p‚Äâ<‚Äâ0.001). However, this did not lead to a significant increase in       ICU transfers (13% vs. 6%, p‚Äâ=‚Äâns) or a higher CI of non-relapse mortality (NRM)       at 3 years (11% vs. 10%, p‚Äâ=‚Äâns). With a median follow-up of 1052 days, the       3-year overall survival (OS) rates were 69% and 66% for the SAP and IAT cohorts,       respectively (p‚Äâ=‚Äâns). The CI of acute GVHD grade II-IV (30% vs. 39%) at 100 days       or chronic GVHD of any grade (50% vs. 45%) at 3 years did not differ       significantly between the SAP and IAT groups. There was a tendency towards a       higher CI of severe chronic GVHD in the SAP cohort (28% vs. 13%, p‚Äâ=‚Äâ0.08). Our       single center experience in conducting alloHSCT without antibiotic prophylaxis       but with stringent guidelines for prompt antibiotic intervention demonstrated no       disadvantages in terms of OS and NRM. IAT led to significantly reduced       consumption of cefotaxime, carbapenem, and glycopeptide antibiotics. In       conclusion, our findings suggest that replacing SAP with the proposed IAT       procedure is both safe and feasible."
Host NLRP6 exacerbates graft-versus-host disease independent of gut microbial       composition.,"Host NOD-like receptor family pyrin domain-containing 6 (NLRP6) regulates innate       immune responses and gastrointestinal homeostasis. Its protective role in       intestinal colitis and tumorigenesis is dependent on the host microbiome. Host       innate immunity and microbial diversity also play a role in the severity of       allogeneic immune-mediated gastrointestinal graft-versus-host disease (GVHD), the       principal toxicity after allogeneic haematopoietic cell transplantation. Here, we       examined the role of host NLRP6 in multiple murine models of allogeneic bone       marrow transplantation. In contrast to its role in intestinal colitis, host NLRP6       aggravated gastrointestinal GVHD. The impact of host NLRP6 deficiency in       mitigating GVHD was observed regardless of co-housing, antibiotic treatment or       colonizing littermate germ-free wild-type and NLRP6-deficient hosts with faecal       microbial transplantation from specific pathogen-free wild-type and Nlrp6(-/-)       animals. Chimaera studies were performed to assess the role of NLRP6 expression       on host haematopoietic and non-haematopoietic cells. The allogeneic       [B6Ly5.2‚Äâ‚Üí‚ÄâNlrp6(-/-)] animals demonstrated significantly improved survival       compared to the allogeneic [B6Ly5.2‚Äâ‚Üí‚ÄâB6] animals, but did not alter the       therapeutic graft-versus-tumour effects after haematopoietic cell       transplantation. Our results unveil an unexpected, pathogenic role for host NLRP6       in gastrointestinal GVHD that is independent of variations in the intestinal       microbiome and in contrast to its well-appreciated microbiome-dependent       protective role in intestinal colitis and tumorigenesis."
"Fungal colonization and invasive fungal infections following allogeneic BMT using       metronidazole, ciprofloxacin and fluconazole or ciprofloxacin and fluconazole as       intestinal decontamination.","Invasive fungal infections (IFI) are increasingly diagnosed in patients       undergoing allogeneic BMT. We have previously shown that the addition of       metronidazole to ciprofloxacin for gastrointestinal bacterial decontamination       significantly reduces the incidence of grades II-IV aGVHD by reduction of the       anaerobic intestinal bacterial flora. Here, we found that the combined use of       ciprofloxacin, metronidazole and fluconazole as antifungal prophylaxis increased       intestinal yeast colonization when compared to ciprofloxacin and fluconazole       alone (P < 0.01). Based on the EORTC criteria, a total of 18 out of 134 study       patients developed IFI: seven of 68 (10%) patients who received metronidazole       compared to 11 of the 66 (17%) patients decontaminated without metronidazole       developed IFI (log-rank P = 0.36). Lethal IFI occurred in two of seven patients       receiving metronidazole and in four of 11 patients without anaerobic       decontamination. In conclusion, bacterial intestinal decontamination using       metronidazole as an antibiotic with activity against most anaerobic intestinal       bacteria significantly increases the intestinal yeast burden without influencing       the incidence of IFI in patients undergoing allogeneic BMT."
Role of Toll-Like Receptor Signaling in the Pathogenesis of Graft-versus-Host       Diseases.,"Graft-versus-host disease (GVHD) and infection are major complications after       allogeneic hematopoietic stem cell transplantation (allo-HSCT) and the leading       causes of morbidity and mortality in HSCT patients. Recent work has demonstrated       that the two complications are interdependent. GVHD occurs when allo-reactive       donor T lymphocytes are activated by major histocompatibility antigens or minor       histocompatibility antigens on host antigen-presenting cells (APCs), with the       eventual attack of recipient tissues or organs. Activation of APCs is important       for the priming of GVHD and is mediated by innate immune signaling pathways.       Current evidence indicates that intestinal microbes and innate       pattern-recognition receptors (PRRs) on host APCs, including both Toll-like       receptors (TLRs) and nucleotide oligomerization domain (NOD)-like receptors       (NLRs), are involved in the pathogenesis of GVHD. Patients undergoing       chemotherapy and/or total body irradiation before allo-HSCT are susceptible to       aggravated gastrointestinal epithelial cell damage and the subsequent       translocation of bacterial components, followed by the release of endogenous       dangerous molecules, termed pathogen-associated molecular patterns (PAMPs), which       then activate the PRRs on host APCs to trigger local or systemic inflammatory       responses that modulate T cell allo-reactivity against host tissues, which is       equivalent to GVHD. In other words, infection can, to some extent, accelerate the       progression of GVHD. Therefore, the intestinal flora's PAMPs can interact with       TLRs to activate and mature APCs, subsequently activate donor T cells with the       release of pro-inflammatory cytokines, and eventually, induce GVHD. In the       present article, we summarize the current perspectives on the understanding of       different TLR signaling pathways and their involvement in the occurrence of GVHD."
Intestinal Microbiota Containing Barnesiella Species Cures Vancomycin-Resistant Enterococcus faecium Colonization,"Bacteria causing infections in hospitalized patients are increasingly antibiotic resistant. Classical infection control practices are only partially effective at preventing spread of antibiotic-resistant bacteria within hospitals. Because the density of intestinal colonization by the highly antibiotic-resistant bacterium vancomycin-resistant Enterococcus (VRE) can exceed 109 organisms per gram of feces, even optimally implemented hygiene protocols often fail. Decreasing the density of intestinal colonization, therefore, represents an important approach to limit VRE transmission. We demonstrate that reintroduction of a diverse intestinal microbiota to densely VRE-colonized mice eliminates VRE from the intestinal tract. While oxygen-tolerant members of the microbiota are ineffective at eliminating VRE, administration of obligate anaerobic commensal bacteria to mice results in a billionfold reduction in the density of intestinal VRE colonization. 16S rRNA gene sequence analysis of intestinal bacterial populations isolated from mice that cleared VRE following microbiota reconstitution revealed that recolonization with a microbiota that contains Barnesiella correlates with VRE elimination. Characterization of the fecal microbiota of patients undergoing allogeneic hematopoietic stem cell transplantation demonstrated that intestinal colonization with Barnesiella confers resistance to intestinal domination and bloodstream infection with VRE. Our studies indicate that obligate anaerobic bacteria belonging to the Barnesiella genus enable clearance of intestinal VRE colonization and may provide novel approaches to prevent the spread of highly antibiotic-resistant bacteria."
Vancomycin-resistant Enterococcus domination of intestinal microbiota is enabled by antibiotic treatment in mice and precedes bloodstream invasion in humans,"Bloodstream infection by highly antibiotic-resistant bacteria, such as vancomycin-resistant Enterococcus (VRE), is a growing clinical problem that increasingly defies medical intervention. Identifying patients at high risk for bacterial sepsis remains an important clinical challenge. Recent studies have shown that antibiotics can alter microbial diversity in the intestine. Here, we characterized these effects using 16s rDNA pyrosequencing and demonstrated that antibiotic treatment of mice enabled exogenously administered VRE to efficiently and nearly completely displace the normal microbiota of the small and large intestine. In the clinical setting, we found that intestinal domination by VRE preceded bloodstream infection in patients undergoing allogeneic hematopoietic stem cell transplantation. Our results demonstrate that antibiotics perturb the normal commensal microbiota and set the stage for intestinal domination by bacteria associated with hospital-acquired infections. Thus, high-throughput DNA sequencing of the intestinal microbiota could identify patients at high risk of developing bacterial sepsis."
Editorial: Novel and Improved Methods for the Prevention and Treatment of       Graft-Versus-Host Disease (GVHD).,
Azithromycin promotes relapse by disrupting immune and metabolic networks after allogeneic stem cell transplantation," Administration of azithromycin after allogeneic hematopoietic stem cell transplantation for hematologic malignancies has been associated with relapse in a randomized phase 3 controlled clinical trial. Studying 240 samples from patients randomized in this trial is a unique opportunity to better understand the mechanisms underlying relapse, the first cause of mortality after transplantation. We used multi-omics on patients‚Äô samples to decipher immune alterations associated with azithromycin intake and post-transplantation relapsed malignancies. Azithromycin was associated with a network of altered energy metabolism pathways and immune subsets, including T cells biased toward immunomodulatory and exhausted profiles. In¬†vitro, azithromycin exposure inhibited T-cell cytotoxicity against tumor cells and impaired T-cell metabolism through glycolysis inhibition, down-regulation of mitochondrial genes, and up-regulation of immunomodulatory genes, notably SOCS1. These results highlight that azithromycin directly affects immune cells that favor relapse, which raises caution about long-term use of azithromycin treatment in patients at high risk of malignancies. The ALLOZITHRO trial was registered at www.clinicaltrials.gov as #NCT01959100."
[Intestinal microbiota-predictor of mortality after stem cell transplantation].,
Role of the mycobiome in human acute graft-versus-host disease.,"A role for gut bacteria in the pathogenesis of graft-versus-host disease (GVHD)       has been firmly established; however, the role of Candida spp, which form part of       the mycobiome, remains unknown. In a homogenous group of patients who underwent       allogeneic stem cell transplantation (SCT), we found a significant impact of       Candida colonization on the occurrence of acute GVHD. Patients colonized with       Candida spp developed significantly more grade II-IV acute GVHD compared with       noncolonized patients (50% vs 32%; P¬†=¬†.03), as well as more gastrointestinal       (GI)-GVHD (33% vs 19%; P¬†=¬†.05). Colonization with Candida spp was more frequent       in patients bearing the loss-of-function polymorphism Y238X, which results in       dectin-1 dysfunction, compared with patients with the wild-type allele (73% vs       31%; P¬†=¬†.002). There was no direct effect of dectin-1 dysfunction on acute GVHD,       although it did influence the occurrence of GVHD indirectly through Candida       colonization. The exact mechanism of GVHD induction by Candida spp colonization       of the mucosa is unknown, but the link might prove to be the induction of Th       17/IL-23 responses through activation of pattern recognition receptors by fungal       motifs, including Œ≤-d-glucan and mannans. These data indicate a role for the       mycobiome in the pathogenesis of GVHD and suggest that altering the mycobiome by       antifungal drugs can help ameliorate GI-GVHD. In addition, given that the genetic       constitution of patients affects susceptibility to both Candida colonization and       GVHD, whether identifying gene¬†polymorphisms will facilitate personalized       treatment of SCT recipients remains to be determined."
Complete suppression of the gut microbiome prevents acute graft-versus-host       disease following allogeneic bone marrow transplantation.,"The hypothesis that elimination of facultative and strict anaerobic       microorganisms from the gastro-intestinal tract by antimicrobial drugs in the       period of time around allogeneic bone marrow transplantation (BMT) prevents acute       graft-versus-host disease (GVHD), was examined in a cohort of 112 children       grafted between 1989 and 2002 for hematological malignancies. All patients       received T-cell replete marrow from human leukocyte antigens (HLA) matched       sibling donors under identical transplantation conditions. To eliminate       microorganisms from the gastro-intestinal tract, total gastro-intestinal       decontamination (GID) was applied by high doses of non-absorbable antimicrobial       drugs while the graft recipient was maintained in strict protective isolation.       About half of the children (51%) proved to be successfully decontaminated, and       about half (49%) unsuccessfully. One recipient got acute GVHD in the first group       and 8 in the second group (p‚Ää=‚Ää0.013). The degree of success of total GID was       decisive for the occurrence of acute GVHD, irrespective of the presence of other       risk factors such as higher age of recipient and/or donor, female donor for male       recipient and carriership or reactivation of herpesviruses. Our results       demonstrate that successful total GID of the graft recipient prevents moderate to       severe acute GVHD. We suppose that substantial translocation of gastro-intestinal       microorganisms or parts of these, functioning as microbial-associated molecular       patterns (MAMP's), triggering macrophages/dendritic cells via pattern recognizing       receptors (PRR's) is prohibited. As a consequence the initiation and progression       of an inflammatory process leading to acute GVHD is inhibited."
Prevention of infection and graft-versus-host disease by suppression of       intestinal microflora in children treated with allogeneic bone marrow       transplantation.,"The effect of suppression with antimicrobial agents of the intestinal microflora       of paediatric bone marrow graft recipients on severe bacterial and fungal       infections and on moderate to severe acute graft-versus-host disease was studied       retrospectively. Data on 65 cases of bone marrow transplantation for either       severe bone marrow failure or leukaemia, performed in a strict protective       environment with either complete or selective gastrointestinal decontamination,       were evaluated. All bone marrow grafts were from HLA-identical siblings and were       not depleted of T-lymphocytes. Twenty percent of the recipients had one or more       episodes of septicaemia during the granulocytopenic period after transplantation,       mostly due to gram-positive bacteria. Only five children died due to infection,       in each case caused by a microorganism originating from the endogenous flora.       Complete gastrointestinal decontamination was superior to selective       gastrointestinal decontamination in preventing infectious complications (p less       than 0.001). The same was the case for the prevention of acute graft-versus-host       disease of grade II or higher, which was observed in 7 of 40 (17.5%) completely       decontaminated children versus 9 of 18 (50%) selectively decontaminated children       evaluable for graft-versus-host disease (p less than 0.01). It is concluded that       complete gastrointestinal decontamination in a strict protective environment is a       feasible and very effective method for preventing severe infections and acute       graft-versus-host disease after allogeneic bone marrow transplantation in       children and adolescents; it resulted in a low transplantation-related mortality       of 26% and a good quality of survival in 69% of the graft recipients."
The association of intestinal microbiota diversity and outcomes of allogeneic hematopoietic cell transplantation: a systematic review and meta-analysis,"Growing evidence suggests that highly intestinal microbiota diversity modulates host inflammation and promotes immune tolerance. Several studies have reported that patients undergoing allo-HSCT have experienced microbiota disruption that is characterized by expansion of potentially pathogenic bacteria and loss of microbiota diversity. Thus, the primary aim of this meta-analysis was to determine the association of intestinal microbiota diversity and outcomes after allo-HSCT, and the secondary aim was to analyze the associations of some specific microbiota abundances with the outcomes of allo-HSCT. Electronic databases of Pubmed, Embase, Web of Science, and Cochrane Library were searched from inception to August 2023, and 17 studies were found eligible. The pooled estimate suggested that higher intestinal microbiota diversity was significantly associated with overall survival (OS) benefit (HR = 0.66, 95% CI: 0.55‚Äì0.78), as well as decreased risk of transplant-related mortality (HR = 0.56, 95% CI: 0.41‚Äì0.76), and lower incidence of grade II-IV aGVHD (HR = 0.41, 95% CI: 0.27‚Äì0.63). Furthermore, higher abundance of Clostridiales was associated with a superior OS (HR = 0.40, 95% CI: 0.18‚Äì0.87), while higher abundance of Enterococcus (HR = 2.03, 95% CI: 1.55‚Äì2.65), Œ≥-proteobacteria (HR = 2.82, 95% CI: 1.53‚Äì5.20), and Candida (HR = 3.80, 95% CI: 1.32‚Äì10.94) was an adverse prognostic factor for OS. Overall, this meta-analysis highlights the protective role of higher intestinal microbiota diversity on outcomes after allo-HSCT during both pre-transplant and post-transplant periods. Some specific microbiota can be useful in the identification of patients at risk of mortality, offering new tools for individualized pre-emptive or therapeutic strategies to improve allo-HSCT outcomes."
Gut microbiota and allogeneic transplantation.,"The latest high-throughput sequencing technologies show that there are more than       1000 types of microbiota in the human gut. These microbes are not only important       to maintain human health, but also closely related to the occurrence and       development of various diseases. With the development of transplantation       technologies, allogeneic transplantation has become an effective therapy for a       variety of end-stage diseases. However, complications after transplantation still       restrict its further development. Post-transplantation complications are closely       associated with a host's immune system. There is also an interaction between a       person's gut microbiota and immune system. Recently, animal and human studies       have shown that gut microbial populations and diversity are altered after       allogeneic transplantations, such as liver transplantation (LT), small bowel       transplantation (SBT), kidney transplantation (KT) and hematopoietic stem cell       transplantation (HTCT). Moreover, when complications, such as infection,       rejection and graft versus host disease (GVHD) occur, gut microbial populations       and diversity present a significant dysbiosis. Several animal and clinical       studies have demonstrated that taking probiotics and prebiotics can effectively       regulate gut microbiota and reduce the incidence of complications after       transplantation. However, the role of intestinal decontamination in allogeneic       transplantation is controversial. This paper reviews gut microbial status after       transplantation and its relationship with complications. The role of       intervention¬†methods, including antibiotics, probiotics and prebiotics, in       complications after transplantation are also discussed. Further research in this       new field needs to determine the definite relationship between gut microbial       dysbiosis and complications after transplantation. Additionally, further research       examining gut microbial intervention methods to ameliorate complications after       transplantation is warranted. A better understanding of the relationship between       gut microbiota and complications after allogeneic transplantation may make gut       microbiota as a therapeutic target in the future."
Targeting hypoxia-inducible factor 1Œ± in chronic graft-versus-host disease to       enhance graft-versus-leukemia responses: implications for nanotherapeutics.,"Chronic graft-versus-host disease (cGVHD), a severe complication of allogeneic       hematopoietic stem cell transplantation (allo-HSCT), arises from donor immune       cell-mediated tissue damage, chronic inflammation, and fibrosis. Current       therapies fail to adequately address fibrotic progression and heighten infection       risks, underscoring the need for targeted strategies. Hypoxia-inducible factor-1Œ±       (HIF-1Œ±), a pivotal regulator, emerges as a potential therapeutic target by       orchestrating immunometabolic homeostasis, suppressing fibrosis, preserving gut       microbiota balance, and retaining graft-versus-leukemia (GVL) effects. However,       clinical translation necessitates overcoming challenges in tissue specificity and       off-target effects. Smart nanodelivery systems hold promise for enhancing       precision to enable localized HIF-1Œ± pathway modulation. This review highlights       the multidimensional roles of HIF-1Œ± in cGVHD pathogenesis and proposes       nanotherapeutic approaches to reconcile immunofibrotic imbalances, advancing a       paradigm shift in cGVHD management while preserving GVL efficacy."
[Fecal microbiota transplantation for patients with refractory diarrhea after       allogeneic hematopoietic stem cell transplantation].,"Objective: To explore the availability and safety of fecal microbiota       transplantation for patients with refractory diarrhea after allogeneic       hematopoietic stem cell transplantation (allo-HSCT) . Methods: Four acute       leukemia patients suffered from refractory diarrhea after allo-HSCT. One of them       was refractory intestinal infection, the others were intestinal graft versus host       disease. One or two doses of fecal microbiota, 3.4-6.0 U for one dose, were       infused via nasal-jejunal tube. The curative effect and side effects were       reviewed. Results: Three cases achieved complete remission while 1 was stable       disease. The side effects included fever, abdominal pain and diarrhea, which all       were ‚Ö† grade. Conclusion: Fecal microbiota transplantation was effective and safe       for refractory diarrhea after allo-HSCT."
[Fecal microbiota transplantation for patients with refractory diarrhea after allogeneic hematopoietic stem cell transplantation].,
Microbiota Disruption Induced by Early Use of Broad-Spectrum Antibiotics Is an Independent Risk Factor of Outcome after Allogeneic Stem Cell Transplantation,"In allogeneic stem cell transplantation (ASCT), systemic broad-spectrum antibiotics are frequently used for treatment of infectious complications, but their effect on microbiota composition is still poorly understood. This retrospective analysis of 621 patients who underwent ASCT at the University Medical Center of Regensburg and Memorial Sloan Kettering Cancer Center in New York assessed the impact of timing of peritransplant antibiotic treatment on intestinal microbiota composition as well as transplant-related mortality (TRM) and overall survival. Early exposure to antibiotics was associated with lower urinary 3-indoxyl sulfate levels (P‚Äâ<‚Äâ.001) and a decrease in fecal abundance of commensal Clostridiales (P‚Äâ=‚Äâ.03) compared with late antibiotic treatment, which was particularly significant (P‚Äâ=‚Äâ.005) for Clostridium cluster XIVa in the Regensburg group. Earlier antibiotic treatment before ASCT was further associated with a higher TRM (34%, 79/236) compared with post-ASCT (21%,‚Äâ62/297, P‚Äâ=‚Äâ.001) or no antibiotics (7%,‚Äâ6/88, P‚Äâ<‚Äâ.001). Timing of antibiotic treatment was the dominant independent risk factor for TRM (HR, 2.0; P‚Äâ‚â§‚Äâ.001) in multivariate analysis besides increase age (HR, 2.15; P‚Äâ=‚Äâ.004), reduced Karnofsky performance status (HR, 1.47; P‚Äâ=‚Äâ.03), and female donor‚Äìmale recipient sex combination (HR, 1.56; P‚Äâ=‚Äâ.02) A competing risk analysis revealed the independent effect of early initiation of antibiotics on graft-versus-host disease‚Äìrelated TRM (P‚Äâ=‚Äâ.004) in contrast to infection-related TRM and relapse (not significant). The poor outcome associated with early administration of antibiotic therapy that is active against commensal organisms, and specifically the possibly protective Clostridiales, calls for the use of Clostridiales-sparing antibiotics and rapid restoration of microbiota diversity after cessation of antibiotic treatment."
Fecal Microbiota Transfer in Acute Graft-versus-Host Disease following Allogeneic Stem Cell Transplantation,"Background: Acute graft-versus-host disease (GvHD) is a major and sometimes lethal complication following allogeneic stem cell transplantation (aSCT). In the last 10 years, a massive loss of microbiota diversity with suppression of commensal bacteria and their protective metabolites has been identified as a major risk factor of GvHD. Summary: Since 2018, several studies have been published showing some efficacy of fecal microbiota transfer (FMT) in aSCT patients. FMT was used (1) to eliminate antibiotic resistant bacteria, (2) to restore microbiota diversity after hematopoietic recovery, or (3) in most cases to treat steroid-resistant GvHD. Overall response rates between 30 and 50% have been reported, but randomized trials are still pending. Newer approaches try to evaluate the role of prophylactic FMT in order to prevent GvHD and other complications. Although aSCT patients are heavily immunosuppressed, no major safety concerns regarding FMT have been reported so far. Key Message: FMT is a promising approach for modulation of GvHD after aSCT and should be further explored in randomized trials."
"Microbiome, GvHD, and immune reconstitution in allogeneic hematopoietic cell       transplantation.","The gut microbiota has emerged as a critical factor influencing outcomes       following allogeneic hematopoietic cell transplantation (alloHCT). Notably,       disruptions to the intestinal microbiome-referred to as dysbiosis-have been       strongly linked to the development of acute graft-versus-host disease (aGVHD).       The gut microbiome interacts closely with the host immune system, influencing       both immune reconstitution and alloHCT complications. As a result,       microbiome-targeted strategies are being investigated to improve outcomes and       include antibiotic stewardship, prebiotic and diet intervention, probiotics       including fecal microbiota transfer (FMT) and postbiotics. These approaches are       being investigated not only as a therapeutic intervention in particular for       aGVHD, but also as preventive strategies."
Restrictive Versus Permissive Use of Broad-spectrum Antibiotics in Patients       Receiving Allogeneic Stem Cell Transplantation and With Early Fever Due to       Cytokine Release Syndrome: Evidence for Beneficial Microbiota Protection Without       Increase in Infectious Complications.,"BACKGROUND: Intestinal microbiome contributes to the pathophysiology of acute       gastrointestinal (GI) graft-versus-host disease (GvHD) and loss of microbiome       diversity influences the outcome of patients after allogeneic stem cell       transplantation (SCT). Systemic broad-spectrum antibiotics have been identified       as a major cause of early intestinal dysbiosis. METHODS: In 2017, our transplant       unit at the university hospital in Regensburg changed the antibiotic strategy       from a permissive way with initiation of antibiotics in all patients with       neutropenic fever independent of the underlying cause and risk to a restrictive       use in cases with high likelihood of cytokine release syndrome (eg, after       anti-thymocyte globulin [ATG] therapy). We analyzed clinical data and microbiome       parameters obtained 7 days after allogeneic SCT from 188 patients with ATG       therapy transplanted in 2015/2016 (permissive cohort, n = 101) and 2918/2019       (restrictive cohort, n = 87). RESULTS: Restrictive antibiotic treatment postponed       the beginning of antibiotic administration from 1.4 ¬± 7.6 days prior to 1.7 ¬± 5.5       days after SCT (P = .01) and significantly reduced the duration of antibiotic       administration by 5.8 days (P < .001) without increase in infectious       complications. Furthermore, we observed beneficial effects of the restrictive       strategy compared with the permissive way on microbiome diversity (urinary       3-indoxylsulfate, P = .01; Shannon and Simpson indices, P < .001) and species       abundance 7 days post-transplant as well as a positive trend toward a reduced       incidence of severe GI GvHD (P = .1). CONCLUSIONS: Our data indicate that       microbiota protection can be achieved by a more careful selection of neutropenic       patients qualifying for antibiotic treatment during allogeneic SCT without       increased risk of infectious complications."
Low urinary indoxyl sulfate levels early after transplantation reflect a       disrupted microbiome and are associated with poor outcome.,"Indole, which is produced from l-tryptophan by commensal bacteria expressing       tryptophanase, not only is an important intercellular signal in microbial       communities, but also modulates mucosal barrier function and expression of pro-       and anti-inflammatory genes by intestinal epithelial cells. Here, we hypothesized       that decreased urinary excretion of 3-indoxyl sulfate (3-IS), the major conjugate       of indole found in humans, may be a marker of gut microbiota disruption and       increased risk of developing gastrointestinal (GI) graft-versus-host-disease.       Using liquid chromatography/tandem mass spectrometry, 3-IS was determined in       urine specimens collected weekly within the first 28 days after allogeneic stem       cell transplantation (ASCT) in 131 patients. Low 3-IS levels within the first 10       days after ASCT were associated with significantly higher transplant-related       mortality (P = .017) and worse overall survival (P = .05) 1 year after ASCT.       Least absolute shrinkage and selection operator regression models trained on       log-normalized counts of 763 operational taxonomic units derived from       next-generation sequencing of the hypervariable V3 region of the 16S ribosomal       RNA gene showed members of the families of Lachnospiraceae and Ruminococcaceae of       the class of Clostridia to be associated with high urinary 3-IS levels, whereas       members of the class of Bacilli were associated with low 3-IS levels. Risk       factors of early suppression of 3-IS levels were the type of GI decontamination       (P = .01), early onset of antibiotic treatment (P = .001), and recipient       NOD2/CARD15 genotype (P = .04). In conclusion, our findings underscore the       relevance of microbiota-derived indole and metabolites thereof in mucosal       integrity and protection from inflammation."
Rifaximin preserves intestinal microbiota balance in patients undergoing       allogeneic stem cell transplantation.,"Intestinal dysbiosis has been associated with acute gastrointestinal GvHD and       poor outcome following allogeneic stem cell transplantation (ASCT). To assess the       effect of a switch in 2012 from ciprofloxacin/metronidazole to rifaximin for gut       decontamination on intestinal microbiota composition and ASCT outcome, we       retrospectively analyzed 394 patients receiving ASCT from September 2008 through       June 2015. In 131 and 90 patients, respectively, urinary 3-indoxyl sulfate levels       and intestinal enterococcal load were measured before conditioning and weekly       within the first 28 days after ASCT. The use of rifaximin correlated with lower       enterococcal positivity (6.9 vs 21.9%, P=0.05) and higher urinary 3-indoxyl       sulfate concentrations (10.5 vs 4.6‚ÄâŒºmoL/mmoL crea, P<0.001) after ASCT. Patients       on rifaximin showed lower 1-year transplant-related mortality (P=0.04) and higher       overall survival (P=0.008). Treatment of infectious complications with systemic       antibiotics did not abrogate the beneficial effects of rifaximin on intestinal       microbiota composition in the early course of ASCT and outcome. The data       underscore the importance of maintaining a diverse population of symbiotic and       mutualistic bacteria in the gut on ASCT outcome."
Reg3Œ± concentrations at day of allogeneic stem cell transplantation predict       outcome and correlate with early antibiotic use.,"Intestinal microbiome diversity plays an important role in the pathophysiology of       acute gastrointestinal (GI) graft-versus-host disease (GVHD) and influences the       outcome of patients after allogeneic stem cell transplantation (ASCT). We       analyzed clinical data and blood samples taken preconditioning and on the day of       ASCT from 587 patients from 7 German centers of the Mount Sinai Acute GVHD       International Consortium, dividing them into single-center test (n¬†= 371) and       multicenter validation (n¬†= 216) cohorts. Regenerating islet-derived 3Œ± (Reg3Œ±)       serum concentration of day 0 correlated with clinical data as well as urinary       3-indoxylsulfate (3-IS) and Clostridiales group XIVa, indicators of intestinal       microbiome diversity. High Reg3Œ± concentration at day 0 of ASCT was associated       with higher 1-year transplant-related mortality (TRM) in both cohorts (P¬†< .001).       Cox regression analysis revealed high Reg3Œ± at day 0 as an independent prognostic       factor for 1-year TRM. Multivariable analysis showed an independent correlation       of high Reg3Œ± concentrations at day 0 with early systemic antibiotic (AB)       treatment. Urinary 3-IS (P¬†= .04) and Clostridiales group XIVa (P¬†= .004) were       lower in patients with high vs those with low day 0 Reg3Œ± concentrations. In       contrast, Reg3Œ± concentrations before conditioning therapy correlated neither       with TRM nor disease or treatment-related parameters. Reg3Œ±, a known biomarker of       acute GI GVHD correlates with intestinal dysbiosis, induced by early AB treatment       in the period of pretransplant conditioning. Serum concentrations of Reg3Œ±       measured on the day of graft infusion are predictive of the risk for TRM of ASCT       recipients."
Detrimental Effect of Broad-spectrum Antibiotics on Intestinal Microbiome       Diversity in Patients After Allogeneic Stem Cell Transplantation: Lack of       Commensal Sparing Antibiotics.,"BACKGROUND: Maintaining gastrointestinal (GI) microbiome diversity plays a key       role during allogeneic stem cell transplantation (ASCT), and loss of diversity       correlates with acute GI graft versus host disease (GvHD) and poor outcomes.       METHODS: In this retrospective analysis of 161 ASCT patients, we used serial       analyses of urinary 3-indoxyl sulfate (3-IS) levels and GI microbiome parameters       within the first 10 days after ASCT to identify potential commensal       microbiota-sparing antibiotics. Based on antibiotic activity, we formed 3       subgroups (Rifaximin without systemic antibiotics, Rifaximin with systemic       antibiotics, and Ciprofloxacin/Metronidazole with/without systemic antibiotics).       RESULTS: Mono-antibiosis with Rifaximin revealed higher 3-IS levels (P < .001),       higher Clostridium cluster XIVa (CCXIVa) abundance (P = .004), and higher Shannon       indices (P = .01) compared to Ciprofloxacin/Metronidazole with/without systemic       antibiotics. Rifaximin followed by systemic antibiotics maintained microbiome       diversity compared to Ciprofloxacin/Metronidazole with/without systemic       antibiotics, as these patients showed still higher 3-IS levels (P = .04), higher       CCXIVa copy numbers (P = .01), and higher Shannon indexes (P = .01). Even for       this larger cohort of patients, the outcome was superior with regard to GI GvHD       (P = .05) and lower transplant-related mortality (P < .001) for patients       receiving Rifaximin plus systemic antibiotics compared to other types of systemic       antibiotic treatment. Antibiosis with Ciprofloxacin/Metronidazole (n = 12, P =       .01), Piperacillin/Tazobactam (n = 52, P = .01), Meropenem/Vancomycin (n = 16, P       = .003), Ceftazidime (n = 10, P = .03), or multiple systemic antibiotics (n = 53,       P = .001) showed significantly lower 3-IS levels compared to mono-antibiosis with       Rifaximin (n = 14) or intravenous Vancomycin (n = 4, not statistically       significant). CONCLUSIONS: Different types of antibiotic treatments show       different impacts on markers of microbiome diversity. The identification of       antibiotics sparing commensal bacteria remains an ongoing challenge. However,       Rifaximin allowed a higher intestinal microbiome diversity, even in the presence       of systemic broad-spectrum antibiotics."
"Deciphering the role of the major histocompatibility complex, the intestinal       microbiome and metabolites in the pathogenesis of acute graft-versus-host       disease.","Allogeneic hematologic stem cell transplantation is a cornerstone in modern       hematological treatment, yet its efficacy is compromised by acute       Graft-versus-Host Disease. In acute Graft-versus-Host Disease, conditioning       regimen induced epithelial damage leads to release of damage and pathogen       associated molecular patters which in turns triggers activation of alloreactive       donor T cells, ultimately resulting in destruction of healthy tissue. Advances in       major histocompatibility complex typing and preclinical studies using tissue       specific major histocompatibility complex deletion have illuminated the       contributions of both, hematopoietic and non-hematopoietic cells to acute       Graft-versus-Host Disease pathophysiology. Concurrently, high-throughput       sequencing techniques have enabled researchers to recognize the significant       impact of the intestinal microbiome and newly discovered metabolites in the       pathophysiology of acute Graft-versus-Host Disease. In this review, we discuss       the implications of major histocompatibility complex expression on hematopoietic       and non-hematopoietic cells, the effect on the intestinal microbiome and the       metabolic alterations that contribute to acute Graft-versus-Host Disease. By       combining these findings, we hope to untangle the complexity of acute       Graft-versus-Host Disease, ultimately paving the way for the development of novel       and more effective treatmen options in patients."
Antibiotic-mediated modification of the intestinal microbiome in allogeneic hematopoietic stem cell transplantation,"Allogeneic hematopoietic stem cell transplantation (HSCT) is curative for many patients with severe benign and malignant hematologic disorders. The success of allogeneic HSCT is limited by the development of transplant-related complications such as acute graft-versus-host disease (GvHD). Early pre-clinical studies suggested that intestinal microflora contribute to the pathogenesis of acute GvHD, and that growth suppression or eradication of intestinal bacteria prevented the development of acute GvHD even in MHC-mismatched transplants. These observations led to the practice of gut decontamination (GD) with oral non-absorbable antibiotics in patients undergoing allogeneic HSCT as a method of acute GvHD prophylaxis. Microbiome studies in the modern sequencing era are beginning to challenge the benefit of this practice. In this review, we provide a historical perspective on the practice of GD and highlight findings from the limited number of clinical trials evaluating the use of GD for acute GvHD prevention in allogeneic HSCT patients. In addition, we examine the role of the gut microbiota in allogeneic HSCT in the context of recent studies linking the microflora to regulation of intestinal immune homeostasis. We discuss the implications of these findings for future strategies to reduce acute GvHD risk by selective manipulation of the microbiota."
Antibiotic-mediated modification of the intestinal microbiome in allogeneic hematopoietic stem cell transplantation,
HLA-identical haematopoietic stem cell transplantation for acute leukaemia in       children: less relapse with higher biologically effective dose of TBI.,"To examine relapse, survival and transplant-related complications in relationship       to disease- and pre-treatment-related characteristics, we evaluated 132 children,       who consecutively received an allogeneic HLA-identical SCT for acute leukaemia in       our centre: ALL in first remission (n=24), ALL in second remission (n=53) and AML       in first remission (n=55). The source of the stem cells was bone marrow in all       but three cases. Most patients (89%) were pre-treated with cyclophosphamide and       an age-related dose of TBI. Initially, GVHD prophylaxis consisted of long-course       MTX only (n=24), later short-course MTX and CsA (n=102) was given. All patients       were nursed in strictly protective isolation and received total gut       decontamination to suppress their potentially pathogenic enteric microflora. The       5-year probability of overall survival was 63, 53 and 74% for ALL1, ALL2 and       AML1, respectively (median follow-up: 10.6 years). The overall transplant-related       mortality was 6%. The incidence of acute GVHD was 17%; 6% was grades II-IV. A       higher total biologically effective TBI dose (BED) resulted in a decreased       relapse frequency (P=0.034) and increased overall survival. AML patients with       acute GVHD got no relapse (P=0.02); this was not the case in ALL patients.       Fractionated TBI regimens with higher BED should be evaluated in prospective       studies."
The contribution of the intestinal microbiome to immune recovery after HCT.,"Allogenic hematopoietic stem-cell transplantation (allo-HCT) is a curative-intent       immunotherapy for high-risk hematological malignancies and immune deficiencies.       Allo-HCT carries a high risk of treatment-related mortality (TRM), largely due to       infection or graft-versus-host disease (GVHD). Robust immune recovery is       essential for optimal patient outcomes, given the immunologic       graft-versus-leukemia effect prevents relapse, and functional innate and adaptive       immunity are both needed for the prevention and control of infection. Most       simply, we measure immune recovery by enumerating donor lymphocyte subsets in       circulation. In functional terms, ideal immune recovery is more difficult to       define, and current lab techniques are limited to the measurement of specific       vaccine-responses or mitogens ex vivo. Clinically, poor immune function manifests       as problematic infection with viral, bacterial and fungal organisms. Furthermore,       the ideal recovering immune system is capable of exerting graft-versus-tumor       effects to prevent relapse, and does not induce graft-versus-host disease. Large       clinical observational studies have linked loss of diversity within the gut       microbiome with adverse transplant outcomes including decreased overall survival       and increased acute and chronic GVHD. Furthermore, the correlation between       intestinal microbial communities and numeric lymphocyte recovery has now been       reported using a number of approaches. Large sets of clinically available white       blood cell count data, clinical flow cytometry of lymphocyte subsets and bespoke       flow cytometry analyses designed to capture microbiota-specific T cells (e.g.       Mucosal-associated invariant T cells, subsets of the gd T cells) have all been       leveraged in an attempt to understand links between the microbiota and the       recovering immune system in HCT patients. Additionally, preclinical studies       suggest an immunomodulatory role for bacterial metabolites (including butyrate,       secondary bile acids, and indole derivatives from tryptophan metabolism) in       transplant outcomes, though further studies are needed to unravel mechanisms       relevant to the post-HCT setting. An understanding of mechanistic relationships       between the intestinal microbiome and post-transplant outcomes is necessary for       reduction of risk associated with transplant, to inform prophylactic procedures,       and ensure optimal immune reconstitution without alloreactivity. Here, we       summarize the current understanding of the complex relationship between bacterial       communities, their individual members, and the metabolites they produce with       immune function in both the allo-HCT and steady-state setting."
Tissue tolerance: a distinct concept to control acute GVHD severity," Target tissue damage occurs as a consequence of pathological immune responses following allogeneic stem cell transplantation resulting in acute graft-versus-host disease (GVHD). Among those who study infections in plants, it is well recognized that tissues play a distinct role from the immune system in mediating disease severity. Recently, this has also been appreciated in mammals. However, the severity of immunopathology in the context of alloimmune diseases such as acute GVHD has been mainly understood and managed by direct targeting of immune cells to generate immune tolerance. The role of tissue-intrinsic factors that might contribute to regulation of acute GVHD severity has been largely overlooked. Here, we introduce the concept of ‚Äútissue tolerance‚Äù to discuss the tissue-specific programs that contribute to target tissue resilience, repair, and regeneration, and mitigate severity of acute GVHD without altering the load or function of alloreactive immune cells."
Evaluation of diagnostic performance of metagenomic next-generation sequencing       when applied in patients after allogeneic hematopoietic stem cell transplant.,
Diagnostic performance and clinical impacts of metagenomic sequencing after       allogeneic hematopoietic stem cell transplantation.,"BACKGROUND: Metagenomic Next-Generation Sequencing (mNGS) is a rapid,       non-culture-based, high-throughput technique for pathogen diagnosis. Despite its       numerous advantages, only a few studies have investigated its use in patients       undergoing allogeneic hematopoietic stem cell transplantation (allo-HSCT).       METHODS: We conducted a retrospective analysis of 404 mNGS tests performed on 264       patients after allo-HSCT. The tests were divided into three groups (Phase A, B,       C) based on the time spent hospitalized post-transplantation, and we evaluated       the analytical performance of mNGS in comparison with conventional       microbiological tests (CMT), while also analyzing its clinical utility for       clinical impacts. RESULTS: Metagenomic sequencing demonstrated a significantly       higher rate of positive microbiological findings as compared to CMT (334/404       (82.7¬†%) vs. 159/404 (39.4¬†%), respectively, P¬†<¬†0.001). The detection rates by       both mNGS and CMT varied across the three-phase (mNGS: A-60/89 (67.4¬†%),       B-147/158 (93.0¬†%), C-125/157 (79.6¬†%), respectively, P¬†<¬†0.001; CMT: A-21/89       (23.6¬†%), B-79/158 (50.0¬†%), C-59/157 (37.6¬†%), respectively, P¬†<¬†0.001). The       infection sites and types of pathogens were also different across the three       phases. Compared to non-GVHD cases, mNGS detected more Aspergillus spp. and       Mucorales in GVHD patients (Aspergillus: 12/102 (11.8¬†%) vs. 8/158 (5.1¬†%),       respectively, P¬†=¬†0.048; Mucorales: 6/102 (5.9¬†%) vs. 2/158 (1.3¬†%),       respectively, P¬†=¬†0.035). Forty-five (181/404) percent of mNGS tests yielded a       positive impact on the clinical diagnosis, while 24.3¬†% (98/404) of tests       benefited the patients in antimicrobial treatment. CONCLUSION: mNGS is an       indispensable diagnostic tool in identifying pathogens and optimizing antibiotic       therapy for hematological patients receiving allo-HSCT."
Intestinal mycobiota composition and changes in children with thalassemia who       underwent allogeneic hematopoietic stem cell transplantation.,"BACKGROUND: Allogeneic hematopoietic stem cell transplantation (HSCT) alters the       diversity of the intestinal bacterial microbiota. This study aimed to evaluate       human mycobiota composition pre-HSCT and post-HSCT in children with thalassemia.       METHOD: Ten children with thalassemia undergoing allogeneic HSCT were enrolled.       The stool samples were collected before the transplantation regimen, before the       transplant day, and +15, +30 days, and three months after transplantation. Stool       samples were also collected from the donor and the patient's caregivers. Gut       mycobiota composition was evaluated with metagenomic analysis. RESULTS:       Pretransplant mycobiota of children with thalassemia (the predominant genus was       Saccharomyces, 64.1%) has been shown to approximate the diverse mycobiota       compositions of healthy adult donors but becomes altered (lower diversity)       following transplant procedures. Three months after HSCT, phyla Ascomycota and       Basidiomycota were 83.4% and 15.6%, respectively. The predominant species were       Saccaharomyces_uc and Saccharomyces cerevisiae (phylum Ascomycota); we also       observed Malassezia restricta and Malassezia globosa (phylum Basidiomycota)       (‚àº13%). On day 90 after HSCT, we observed 65.3% M. restricta and 18.4% M. globosa       predominance at the species level in a four-year-old boy with acute       graft-versus-host disease (GVHD) (skin and gut involvement) 19 days after       transplantation included. CONCLUSION: The mycobiota composition of children with       thalassemia altered after HSCT. We observed Malassezia predominance in a child       with GVHD. Further studies in children with GVHD will identify this situation."
Impact of oral microbiota on pathophysiology of GVHD.,"Allogeneic transplantation of hematopoietic cells is the only curative therapy       for several hematopoietic disease in which patients receive cytotoxic       conditioning regimens followed by infusion of hematopoietic stem cells. Although       the outcomes have improved over the past decades, graft-versus-host-disease       (GVHD), the most common life-threatening complication, remains a major cause of       non-relapse morbidity and mortality. Pathophysiology of acute GVHD characterized       by host antigen-presenting cells after tissue damage and donor T-cells is well       studied, and additionally the importance of recipient microbiota in the intestine       is elucidated in the GVHD setting. Oral microbiota is the second most abundant       bacterial flora in the body after the intestinal tract, and it is related to       chronic inflammation and carcinogenesis. Recently, composition of the oral       microbiome in GVHD related to transplantation has been characterized and several       common patterns, dysbiosis and enrichment of the specific bacterial groups, have       been reported. This review focuses on the role of the oral microbiota in the       context of GVHD."
Microbiome Signature ofnon-Responder to Fecal Microbiota Transplantation in Patient with Steroid-Refractory Chronic Graft-Versus-Host Disease after Hematopoietic Stem Cell Transplantation,"Microbiome signature ofNon-responder to Fecal Microbiota Transplantation in Patient with Steroid-refractory Chronic Graft-versus-host Disease after Hematopoietic Stem Cell Transplantation Introduction Allogeneic hematopoietic cell transplantation (allo-HCT) is a curative treatment for patients with hematological malignancies. Chronic GVHD (cGVHD) is the major cause of morbidity and non-relapse mortality after allo-HCT and characterize by a chronic inflammatory disease involving T cell and B cell dysregulation. Emerging evidence showed that gastrointestinal dysbiosis and lack of microbe-derived metabolites are associated to cGVHD development. Several groups and our pilot study using fecal microbiota transplantation (FMT) from healthy donor to treat patients with steroid-refractory cGVHD (SR-cGVHD) has showed encouraging results. To characterize the pathogen by which predominant colonizing on non-responder after FMT therapy, we carried out 16s RNA sequence from non-responders' feces. Here, we report the preliminary results of 16s RNA sequence of the feces fromnon-responders after FMT. Method 12 patients aged 16-60 years with SR-cGVHD after allogenic hematopoietic cell transplantation (alloHCT) were enrolled. A total of 31 FMTs were performed via colonoscopy in 12 patients with SR-GVHD over three consecutive months. FMT courses could be repeated from the same or a different donor according to physician's discretion. To characterize the impact of the FMT on the gut microbiota, stool samples from recipients were collected the day before FMT treatment and 4 weeks after FMT treatment then carried out 16s rRNA sequencing. No response was defined as unable to taper steroid dose or need to increase or add immunosuppressor for controlling GVHD progression. Result Microbiota characterization at the genus level revealed significant differences between healthy donors and non-responders with SR-cGVHD, both before and after FMT (Figure A). At baseline, patients showed reduced Megamonas, Subdoligranulum, Prevotella, Fusicatenibacter and Collinsella as compared with donors. A significantly increased portion of Ruminococcus and Streptococcus was observed in non-responders before FMT. Intriguingly, non-responders showed significantly higher level of Ruminococcus in non-responder before FMT when compared to donors, and persistent Ruminococcus colonization as well as Streptococcus colonization were associated with poorly clinical outcome of FMT treatment (Figure B). Moreover, insufficient colonization of multiple probiotics, such as Megamonas, Faecalibacterium, Agathobacter and Fusicatenibacter are linked to FMT treatment outcome in patient with steroid-refractory cGVHD (Figure C). Conclusion The present study indicates that a microbial ecosystem which rich of Ruminococcus and Streptococcus and low abundance of Megamonas, Faecalibacterium, Agathobacter and Fusicatenibacte in non-responders to FMT in patient with SR-cGVHD after allo-HCT. Disclosures No relevant conflicts of interest to declare."
"Fecal microbiota transplantation for refractory chronic graft-versus-host disease       after allogeneic hematopoietic cell transplantation: a pilot open-label,       non-placebo-controlled study.","BACKGROUND: Dysbiosis of the intestinal microbiota plays a crucial role in the       initiation and development of graft-versus-host disease (GVHD). Fecal microbiota       transplantation (FMT) has been reported to be effective for refractory acute       GVHD; however, whether FMT is effective for refractory chronic GVHD (cGVHD)       remains unknown. METHODS: To investigate the efficacy and safety of FMT for       refractory cGVHD and the underlying mechanism, 12 patients with refractory cGVHD       received FMT via colonoscopy, and the response was evaluated at 12¬†weeks after       FMT. RESULTS: Among the 12 patients who underwent FMT, 1 patient achieved a       complete response, and 5 patients achieved a partial response. Patients with       refractory cGVHD presented lower Œ± diversity and higher abundance of       Escherichia-Shigella and Enterobacteriaceae. FMT increased gut microbial       diversity, increased the abundance of short-chain fatty acid (SCFA)-producing       bacteria, and decreased the abundance of Escherichia-Shigella and       Enterobacteriaceae in responder patients. Moreover, it increased SCFA levels in       fecal samples from the responder group and promoted the expansion of peripheral       CD4(+)CD127(-) regulatory T (Treg) cells. Colon pathological examination revealed       that CD4(+) T and CD19(+) B cell infiltration decreased and that CD4(+) Treg       infiltration increased after FMT. CONCLUSIONS: The results of the present study       suggest that FMT is feasible and deserves further investigation for use in       patients with refractory cGVHD. TRIAL REGISTRATION: ClinicalTrials.gov       (NCT06938165)."
Gut microbiota intervention by pre and probiotics can induce regulatory T cells       and reduce the risk of severe acute GVHD following allogeneic hematopoietic stem       cell transplantation.,"BACKGROUND: Acute graft-versus-host disease (aGVHD) is one of the leading causes       of limitation and mortality after allogeneic hematopoietic stem cell       transplantation (allo-HSCT). Numerous studies have shown that changes in the gut       microbiome diversity increased post-transplant problems, including the occurrence       of aGVHD. Probiotics and prebiotics can reconstitute the gut microbiota and thus       increase bacterial metabolites such as short-chain fatty acids (SCFAs) that have       immunomodulatory effects preventing aGVHD in recipients of allo-HSCTs.       METHODS/STUDY DESIGN: We conducted a pilot randomized clinical trial to       investigate whether oral synbiotics are associated with the prevention or       reduction in occurrence/severity and mitigate complications of aGVHD following       allo-HSCT. A commercially available synbiotic mixture containing high levels of 7       safe bacterial strains plus fructo-oligosaccharides as a prebiotic was       administered to allo-HSCT recipients. Out of 40 allo-HSCT patients, 20 received       daily a synbiotic 21¬†days prior to transplantation (days -21 to day 0). In       contrast, in the control group 20 recipients of allo-HSCT did not receive a       symbiotic therapy. RESULTS: Within first 100¬†days of observation, the incidence       of severe (grade III/IV) aGVHD in the a synbiotic-therapy group was 0% (0 out of       20 patients), whereas it was 25% (5 out of 20 patients) in the control group       (P¬†=¬†0.047). The median percentage of CD4¬†+¬†CD25¬†+¬†Foxp3+ regulatory T cells       (Tregs) among CD4+ lymphocytes on day 28 after HSCT in the synbiotic group was       higher (2.54%) than in control group (1.73%; P¬†=¬†0.01). There was no difference       in Treg cells on day 7 after HSCT between two groups. However, the median       percentage and the absolute count of Tregs in patients who experience aGVHD was       significantly lower on days 7 and 28 after HSCT (both P¬†<¬†0.05). The overall       12-month survival (OS) rate was higher (90%) in the symbiotic-treated patients       than in the control group (75%), but the difference was not statistically       significant (P¬†=¬†0.234). CONCLUSION: Our preliminary findings suggest that       synbiotic intake before and during the conditioning regimen of allo-HSCT patients       may lead to a reduction in the incidence and severity of aGVHD through the       induction of CD4¬†+¬†CD25¬†+¬†Foxp3+ regulatory T cells, thus contributing to the       improvement of transplant outcomes. Much larger studies are needed to confirm our       observations."
Ïû•Ïùò Í∏âÏÑ± Ïù¥ÏãùÌé∏ÎåÄÏàôÏ£ºÎ≥ëÏóêÏÑú ÎåÄÎ≥ÄÎØ∏ÏÉùÎ¨ºÎ¨¥Î¶¨Ïù¥ÏãùÏùÑ ÏãúÌñâÌïú 2Ïòà,
Prebiotics protect against acute graft-versus-host disease and preserve the gut       microbiota in stem cell transplantation.,"Acute graft-versus-host disease (aGVHD) is a major cause of morbidity and       mortality after allogeneic hematopoietic stem cell transplantation (allo-HSCT).       Therefore, management of aGVHD is important for successful transplantation.       Mucosal damage and alteration of the gut microbiota after allo-HSCT are key       factors in the development of aGVHD. We conducted a prospective study to evaluate       the ability of prebiotics, which can alleviate mucosal damage and manipulate the       gut microbiota, to mitigate posttransplantation complications, including aGVHD.       Resistant starch (RS) and a commercially available prebiotics mixture, GFO, were       administered to allo-HSCT recipients from pretransplantation conditioning to day       28 after allo-HSCT. Prebiotic intake mitigated mucosal injury and reduced the       incidence of all aGVHD grades combined and of aGVHD grades 2 to 4. The cumulative       incidence of skin aGVHD was markedly decreased by prebiotics intake. Furthermore,       the gut microbial diversity was well maintained and butyrate-producing bacterial       population were preserved by prebiotics intake. In addition, the       posttransplantation fecal butyrate concentration was maintained or increased more       frequently in the prebiotics group. These observations indicate that prebiotic       intake may be an effective strategy for preventing aGVHD in allo-HSCT, thereby       improving treatment outcomes and the clinical utility of stem cell       transplantation approaches. This study was registered on the University Hospital       Medical Information Network (UMIN) clinical trials registry       (https://www.umin.ac.jp/ctr/index.htm) as #UMIN000027563."
Gut microbiota and acute graft-versus-host disease.,"Although allogeneic stem cell transplantation (allo-SCT) is a potentially       curative treatment for various hematological diseases, acute graft-versus-host       disease (GVHD) is a major cause of morbidity and mortality, and its management is       clinically important. Advances in biological techniques have led to great       progress in understanding the complex interactions between the host and the gut       microbiota. The gut microbiota clearly modulates the immune response and is       associated with the pathogenesis of various disorders. Also in allo-SCT, both       preclinical and clinical results indicate that the gut microbiota is closely       associated with the development of acute GVHD and transplant outcomes. These       results led to the idea that improvement in quantitative and/or qualitative       abnormalities of microbiota (dysbiosis) may be a new treatment strategy for acute       GVHD. Evaluations of therapies targeting the gut microbiota such as probiotics or       fecal microbiota transplantation have just begun. Furthermore, intervention in       the gut microbiota with a nutritional approach including prebiotics, postbiotics,       and antibiotics selection may also be another promising treatment option for       acute GVHD."
"Steroid-Sensitive, but Not Steroid-Dependent or Steroid-Resistant Acute       Graft-versus-Host Disease, Results in Similar Infection Risk as No       Graft-versus-Host Disease following Allogeneic Hematopoietic Cell       Transplantation.","Patients with acute graft-versus-host disease (GVHD) have an increased risk for       infectious complications after allogeneic hematopoietic cell transplantation       (HCT), but the risk according to response to therapy has not been well studied.       We performed a retrospective analysis of the infectious complications for 1 year       following allogeneic HCT at the University of Minnesota including 1143 pediatric       and adult patients with and without aGVHD. The patients with aGVHD were       classified into treatment response groups based on response to corticosteroids as       first-line therapy: steroid-sensitive (SS; n¬†=¬†114), steroid-resistant (SR;       n¬†=¬†103), and steroid-dependent (SD; n¬†=¬†168) aGVHD. We observed that the       cumulative incidence and density of infections in patients with SS aGVHD parallel       the values in patients without GVHD. Infection density (ie, number of infections       occurring per 100 days at risk) was greater in the patients with aGVHD compared       with patients in both early and later post-transplantation periods. In GVHD       patients, among the infections developed from the onset of aGVHD through 80 days       of treatment, and until 1 year following transplantation, SS and SD patients had       fewer bacterial and viral infections than SR patients. The overlap of nonrelapse       mortality between SS and SD GVHD patients is a function of SD GVHD being       responsive to steroid therapy, even if continued therapy is required. In summary,       although valid goals may include reducing unneeded antibacterial antibiotic       therapy and preserving microbiome diversity, these data suggest that       anti-infective therapy is justified by the density of infections observed during       active GVHD treatment."
Fecal microbiota transplantation in capsules for the treatment of steroid refractory and steroid dependent acute graft vs. host disease: a pilot study.,"Acute graft-versus-host disease (aGvHD) is a serious complication of allogeneic hematopoietic stem-cell transplantation with limited treatment options. The gut microbiome plays a critical role in aGvHD pathogenesis. Fecal microbiota transplantation (FMT) has emerged as a potential therapeutic approach to restore gut microbial diversity. In this prospective pilot study, 21 patients with steroid-resistant or steroid-dependent lower gastrointestinal aGvHD received FMT in capsule form. At 28 days after the first FMT, the overall response rate was 52.4%, with 23.8% complete and 28.6% partial responses. However, sustained responses were infrequent, with only one patient remaining aGvHD-free long-term. FMT was generally well-tolerated. Microbiome analysis revealed dysbiosis in pre-FMT patient stool samples, with distinct microbial characteristics compared to donors. Following FMT, there was an increase in beneficial Clostridiales and a decrease in pathogenic Enterobacteriales. These findings highlight the potential of FMT as a treatment option for steroid-resistant aGvHD. Trial registration number NCT #03214289."
Fecal microbiota transplantation in capsules for the treatment of steroid refractory and steroid dependent acute graft vs. host disease: a pilot study,
Application of metagenomic next-generation sequencing in the clinical diagnosis       of infectious diseases after allo-HSCT: a single-center analysis.,"BACKGROUND: We investigated the value of metagenomic next-generation sequencing       (mNGS) in diagnosing infectious diseases in patients receiving allogeneic       hematopoietic stem cell transplantation (allo-HSCT). METHODS: Fifty-four patients       who had fever following allo-HSCT from October 2019 to February 2022 were       enrolled. Conventional microbiological tests (CMTs) and mNGS, along with imaging       and clinical manifestations, were used to diagnose infection following allo-HSCT.       The clinical diagnostic value of mNGS was evaluated. RESULTS: A total of 61 mNGS       tests were performed, resulting in the diagnosis of 46 cases of infectious       diseases. Among these cases, there were 22 cases of viral infection, 13 cases of       fungal infection, and 11 cases of bacterial infection. Moreover, 27 cases (58.7%)       were classified as bloodstream infections, 15 (32.6%) as respiratory infections,       2 (4.3%) as digestive system infections, and 2 (4.3%) as central nervous system       infections. Additionally, there were 8 cases with non-infectious diseases (8/54,       14.81%), including 2 cases of interstitial pneumonia, 2 cases of bronchiolitis       obliterans, 2 cases of engraftment syndrome, and 2 cases of acute       graft-versus-host disease. The positive detection rates of mNGS and CMT were       88.9% and 33.3%, respectively, with significant differences (P‚Äâ<‚Äâ0.001). The       sensitivity of mNGS was 97.82%, the specificity was 25%, the positive predictive       value was 93.75%, and the negative predictive value was 50%. Following treatment,       51 patients showed improvement, and 3 cases succumbed to multidrug-resistant       bacterial infections. CONCLUSIONS: mNGS plays an important role in the early       clinical diagnosis of infectious diseases after allo-HSCT, which is not affected       by immunosuppression status, empiric antibiotic therapy, and multi-microbial       mixed infection."
"Gut microbiota, microbiota‚Äêderived metabolites, and graft‚Äêversus‚Äêhost disease","Allogeneic hematopoietic stem cell transplantation is one of the most effective treatment strategies for leukemia, lymphoma, and other hematologic malignancies. However, graft‚Äêversus‚Äêhost disease (GVHD) can significantly reduce the survival rate and quality of life of patients after transplantation, and is therefore the greatest obstacle to transplantation. The recent development of new technologies, including high‚Äêthroughput sequencing, metabolomics, and others, has facilitated great progress in understanding the complex interactions between gut microbiota, microbiota‚Äêderived metabolites, and the host. Of these interactions, the relationship between gut microbiota, microbial‚Äêassociated metabolites, and GVHD has been most intensively researched. Studies have shown that GVHD patients often suffer from gut microbiota dysbiosis, which mainly manifests as decreased microbial diversity and changes in microbial composition and microbiota‚Äêderived metabolites, both of which are significant predictors of poor prognosis in GVHD patients. Therefore, the purpose of this review is to summarize what is known regarding changes in gut microbiota and microbiota‚Äêderived metabolites in GVHD, their relationship to GVHD prognosis, and corresponding clinical strategies designed to prevent microbial dysregulation and facilitate treatment of GVHD."
"Gut microbiota, microbiota-derived metabolites, and graft-versus-host disease",
AhR activation mitigates graft-versus-host disease of the central nervous system       by reducing microglial NF-Œ∫B signaling.,"Acute graft-versus-host disease (GVHD) that occurs after allogeneic hematopoietic       cell transplantation (allo-HCT) can affect the central nervous system (CNS). Most       patients who have undergone allo-HCT receive antibiotic treatment, which alters       the microbiome and essential microbiome-derived metabolites. We investigated the       impact of microbiome modifications on CNS GVHD and therapeutic strategies to       overcome the microbiome-derived metabolite depletion. Antibiotic treatment of       mice undergoing allo-HCT increased microglia numbers in the brain, indicating       increased inflammation. In addition, microglial morphology shifted toward a       highly branched phenotype. Consistent with a proinflammatory phenotype, the       microglia exhibited increased NF-Œ∫B and Src activity. Antibiotic treatment caused       the depletion of the bacteria-derived aryl hydrocarbon receptor (AhR) ligand       indole-3-acetate in the brain. Conversely, treatment of the primary microglia       with the AhR ligand 6-formylindolo(3,2-b)carbazole (FICZ) reduced NF-Œ∫B activity       and phagocytic potential. Microglia expansion and morphological changes were       reversed by AhR ligand FICZ treatment. Moreover, the AhR ligand indole-3-acetate       was also reduced in the CNS of patients who developed acute GVHD concomitant with       increased microglial NF-Œ∫B expression. In summary, we demonstrated that       antibiotic treatment and a subsequent decrease of AhR ligands resulted in       increased microglial activation in CNS GVHD. FICZ treatment hampered CNS       inflammation by inhibiting NF-Œ∫B activity, thereby providing a metabolic modifier       to interfere with pathogenic microglia signaling and CNS GVHD in vivo."
Enteral versus Parenteral Nutrition as Nutritional Support after Allogeneic       Hematopoietic Stem Cell Transplantation: a Systematic Review and Meta-Analysis.,"Nutritional support for patients undergoing allogeneic hematopoietic stem cell       transplantation (allo-HSCT) has been widely debated. Enteral nutrition (EN) is       recommended as first-line nutritional support by the main international       guidelines. However, these recommendations are based on weak evidence, and there       is wide variability in the types of nutritional support among transplantation       centers, with the majority providing parenteral nutrition (PN) instead of EN.       Here we provide an up-to-date systematic review and meta-analysis of studies       comparing EN and PN for nutritional support during the neutropenic period after       allo-HSCT. The literature search strategy identified 13 papers, of which 10       compared clinical transplantation outcomes, 2 compared gut microbiota (GM)       compositions, and 1 compared systemic metabolic profiles. For the meta-analysis,       among the 10 clinical studies, 8 studies in which 2 groups were compared were       selected: in 1 group, EN was provided as primary nutritional support in the       neutropenic phase after allo-HSCT with or without the addition of PN (EN group),       whereas in the other group, only PN was provided as nutritional support. The       incidence rates of acute graft-versus-host disease (aGVHD) (relative risk [RR],       0.69; 95% confidence interval [CI], 0.56 to 0.86; P¬†=¬†.0007), aGVHD grade III-IV       (RR, 0.44; 95% CI, 0.30 to 0.64; P < .0001), and gut aGVHD (RR, 0.44; 95% CI,       0.30 to 0.66; P < .0001) were lower in the EN group than in the PN group. No       differences were found between the 2 groups with regard to the incidence of       severe oral mucositis (RR, 0.95; 95% CI, 0.83 to 1.09; P¬†=¬†.46) or overall       survival at day +100 (RR, 1.07; 95% CI, 0.95 to 1.21; P¬†=¬†.29). Other variables       were too heterogeneous to perform quantitative analyses. The results of the       meta-analysis showed that EN reduced the incidence of aGVHD, specifically grade       III-IV and gut aGVHD. This result should prompt improved efforts to implement EN       as first-line nutritional support in patients undergoing allo-HSCT. Considering       the emerging evidence regarding the association between GM dysbiosis and aGVHD       onset, we speculate that this protective effect could be attributed to the       improved gut eubiosis observed in enterally fed patients. Further studies are       warranted to better address the relationship between the GM composition, aGVHD,       and the nutritional administration route during HSCT."
Unmasking viral sequences by metagenomic next-generation sequencing in adult       human blood samples during steroid-refractory/dependent graft-versus-host       disease.,"BACKGROUND: Viral infections are common complications following allogeneic       hematopoietic stem cell transplantation (allo-HSCT). Allo-HSCT recipients with       steroid-refractory/dependent graft-versus-host disease (GvHD) are highly       immunosuppressed and are more vulnerable to infections with weakly pathogenic or       commensal viruses. Here, twenty-five adult allo-HSCT recipients from 2016 to 2019       with acute or chronic steroid-refractory/dependent GvHD were enrolled in a       prospective cohort at Geneva University Hospitals. We performed metagenomics       next-generation sequencing (mNGS) analysis using a validated pipeline and de novo       analysis on pooled routine plasma samples collected throughout the period of       intensive steroid treatment or second-line GvHD therapy to identify weakly       pathogenic, commensal, and unexpected viruses. RESULTS: Median duration of       intensive immunosuppression was 5.1‚Äâmonths (IQR 5.5). GvHD-related mortality rate       was 36%. mNGS analysis detected viral nucleotide sequences in 24/25 patients.       Sequences of ‚â•‚Äâ3 distinct viruses were detected in 16/25 patients; Anelloviridae       (24/25) and human pegivirus-1 (9/25) were the most prevalent. In 7 patients with       fatal outcomes, viral sequences not assessed by routine investigations were       identified with mNGS and confirmed by RT-PCR. These cases included Usutu virus       (1), rubella virus (1 vaccine strain and 1 wild-type), novel human astrovirus       (HAstV) MLB2 (1), classic HAstV (1), human polyomavirus 6 and 7 (2), cutavirus       (1), and bufavirus (1). CONCLUSIONS: Clinically unrecognized viral infections       were identified in 28% of highly immunocompromised allo-HSCT recipients with       steroid-refractory/dependent GvHD in consecutive samples. These identified       viruses have all been previously described in humans, but have poorly understood       clinical significance. Rubella virus identification raises the possibility of       re-emergence from past infections or vaccinations, or re-infection. Video       abstract."
Pathogenesis of acute graft-versus-host disease: from intestinal microbiota       alterations to donor T cell activation.,"Acute graft-versus-host disease (aGVHD) is a major life-threatening complication       of allogeneic haematopoietic cell transplantation (allo-HCT). Here we discuss the       aGVHD pathophysiology initiated by multiple signals that cause alloreactive       T-cell activation. The outcome of such donor T-cell activation is influenced by       T-cell receptor-signal strength, anatomical location,       co-stimulatory/co-inhibitory signals and differentiation stage (naive,       effector/memory) of T-cells. Additionally, cross-priming of T cells to antigens       expressed by pathogens can contribute to aGVHD-mediated tissue injury. In       addition to the properties of donor T-cell activation, highly specialized tissue       resident cell types, such as innate lymphoid cells, antigen-presenting cells,       immune regulatory cells and various intestinal cell populations are critically       involved in aGVHD pathogenesis. The role of the thymus and secondary lymphoid       tissue injury, non-haematopoietic cells, intestinal microflora, cytokines,       chemokines, microRNAs, metabolites and kinases in aGVHD pathophysiology will be       highlighted. Acute GVHD pathogenic mechanisms will be connected to novel       therapeutic approaches under development for, and tested in, the clinic."
Advances in understanding the pathogenesis of graft-versus-host disease.,"Acute graft-versus-host disease (GVHD) remains a major complication after       allogeneic haematopoietic stem cell transplantation (allo-HSCT). The emergence of       different immuno-prophylaxis strategies, such as post-transplant cyclophosphamide       or anti-thymocyteglobulin has reduced the incidence of acute GVHD in recent       years. The biology of the acute GVHD we observe in the clinic may change due to       the use of novel immuno-stimulatory agents, including immune checkpoint       inhibitors or anti-neoplastic immune-modifiers, like lenalidomide, given before       or after allo-HSCT. Here we discuss the recent advances in our understanding of       acute GVHD with a focus on early events of the disease, including tissue damaging       factors, innate immune cells, costimulatory pathways, immune cell signalling,       immuno-regulatory cell types, biomarkers of GVHD and regenerative approaches. New       insight in the pathogenesis of acute GVHD has revealed the role of       pro-inflammatory intracellular signalling, defects in intestinal tissue       regeneration and anti-bacterial defence, as well as a reduced diversity of the       microbiome, which will be the basis for the development of novel therapies."
Biology-driven developments in the therapy of acute graft-versus-host disease.,"Allogeneic hematopoietic cell transplantation is a potentially curative treatment       of different hematological malignancies. A major life-threatening complication is       acute graft-versus-host disease (GVHD), in particular when the disease becomes       steroid refractory. Based on the detection of pathogenic cytokines, chemokines,       and T-cell subsets in individuals developing GVHD or experimental GVHD models,       different therapeutic strategies have been developed. A potential cause why       targeting individual receptors can lack efficacy could be that multiple       cytokines, danger signals, and chemokine that have redundant functions are       released during GVHD. To overcome this redundancy, novel strategies that do not       target individual surface molecules like chemokine receptors, integrins, and       cytokine receptors, but instead inhibit signaling pathways downstream of these       molecules, have been tested in preclinical GVHD models and are currently being       tested in clinical GVHD trials. Another important development is tissue       regenerative approaches that promote healing of GVHD-related tissue damage as       well as strategies that rely on microbiota modifications. These approaches are       promising because they act very differently from conventional immunosuppression,       instead aiming at reinstalling tissue homeostasis and microbiome diversity. This       review discusses major novel developments in GVHD therapy that are based on a       better understanding of GVHD biology, the repurposing of novel kinase inhibitors,       microbiome modification strategies, and tissue-regenerative approaches."
Acute Steroid-Refractory Gastrointestinal Graft-Versus-Host Disease Is Not       Associated With Significant Differences in Gut Taxonomic Composition Compared to       Steroid-Sensitive Gastrointestinal Graft-Versus-Host Disease Immediately Before       Onset of Disease.,"Taxonomic composition of the gut microbiota at the time of neutrophil engraftment       is associated with the development of acute gastrointestinal graft-versus-host       disease (GI GVHD) in patients undergoing allogeneic hematopoietic stem cell       transplantation. However, less is known about the relationship between the gut       microbiota and development of steroid-refractory GI GVHD immediately before the       onset of disease. Markers of steroid-refractory GI GVHD are needed to identify       patients who may benefit from the early initiation of non-corticosteroid-based       GVHD treatment. Our aim was to identify differences in taxonomic composition in       stool samples from patients without GVHD, with steroid-responsive GVHD and with       steroid-refractory GI GVHD to identify predictive microbiome biomarkers of       steroid-refractory GI GVHD. We conducted a retrospective case-control, single       institution study, performing shotgun metagenomic sequencing on stool samples       from patients with (n = 36) and without GVHD (n = 34) matched for time since       transplantation. We compared the taxonomic composition of the gut microbiome in       those with steroid-sensitive GI GVHD (n = 17) and steroid-refractory GI GVHD (n =       19) to each other and to those without GVHD. We also performed associations       between steroid-refractory GI GVHD, gut taxonomic composition, and fecal       calprotectin, a marker of GI GVHD to develop composite fecal markers of       steroid-refractory GVHD before the onset of GI disease. We found that fecal       samples within 30 days of GVHD onset from patients with and without GVHD or with       and without steroid-refractory GI GVHD did not differ significantly in Shannon       diversity (alpha-diversity) or in overall taxonomic composition (beta-diversity).       Although those patients without GVHD had higher relative abundance of Clostridium       spp., those with and without steroid-refractory GI GVHD did not significantly       differ in taxonomic composition between one another. In our study, fecal       calprotectin before disease onset was significantly higher in patients with GVHD       compared to those without GVHD and higher in patients with steroid-refractory GI       GVHD compared to steroid-sensitive GI GVHD. No taxa were significantly associated       with higher levels of calprotectin."
Interleukin-10 mediated immune regulation after stem cell transplantation:       Mechanisms and implications for therapeutic intervention.,"Interleukin-10 (IL-10) is a multi-faceted anti-inflammatory cytokine which plays       an essential role in immune tolerance. Indeed, deficiency of IL-10 or its       receptor results in aberrant immune responses that lead to immunopathology.       Graft-versus-host disease (GVHD) is the limiting complication of allogeneic stem       cell transplantation (SCT) and results from an imbalance in pathological versus       regulatory immune networks. A number of immune cells exert their immunomodulatory       role through secretion of IL-10 or induction of IL-10-secreting cells after SCT.       Type-1 regulatory T cells (Tr1 cells) and FoxP3(+) regulatory T cells (T(regs))       are predominant sources of IL-10 after SCT and the critical role of this cytokine       in preventing GVHD is now established. Recently, intriguing interactions among       IL-10, immune cells, commensal microbes and host tissues in the gastrointestinal       (GI) tract and other barrier surfaces have been uncovered. We now understand that       IL-10 secretion is dynamically modulated by the availability of antigen,       co-stimulatory signals, cytokines, commensal microbes and their metabolites in       the microenvironment. In this review, we provide an overview of the control of       IL-10 secretion and signaling after SCT and the therapeutic interventions, with a       focus on Tr1 cells."
Survival signal REG3Œ± prevents crypt apoptosis to control acute gastrointestinal       graft-versus-host disease.,"Graft-versus-host disease (GVHD) in the gastrointestinal (GI) tract remains the       major cause of morbidity and nonrelapse mortality after BM transplantation (BMT).       The Paneth cell protein regenerating islet-derived 3Œ± (REG3Œ±) is a biomarker       specific for GI GVHD. REG3Œ± serum levels rose in the systematic circulation as       GVHD progressively destroyed Paneth cells and reduced GI epithelial barrier       function. Paradoxically, GVHD suppressed intestinal REG3Œ≥ (the mouse homolog of       human REG3Œ±), and the absence of REG3Œ≥ in BMT recipients intensified GVHD but did       not change the composition of the microbiome. IL-22 administration restored REG3Œ≥       production and prevented apoptosis of both intestinal stem cells (ISCs) and       Paneth cells, but this protection was completely abrogated in Reg3g-/- mice. In       vitro, addition of REG3Œ± reduced the apoptosis of colonic cell lines. Strategies       that increase intestinal REG3Œ±/Œ≥ to promote crypt regeneration may offer a novel,       nonimmunosuppressive approach for GVHD and perhaps for other diseases involving       the ISC niche, such as inflammatory bowel disease."
Recipient-specific T-cell repertoire reconstitution in the gut following murine       hematopoietic cell transplant.,"Graft-versus-host disease (GVHD) is a complication of hematopoietic cell       transplantation (HCT) caused by alloreactive T cells. Murine models of HCT are       used to understand GVHD and T-cell reconstitution in GVHD target organs, most       notably the gastrointestinal (GI) tract where the disease contributes most to       patient mortality. T-cell receptor (TCR) repertoire sequencing was used to       measure T-cell reconstitution from the same donor graft (C57BL/6 H-2b) in the GI       tract of different recipients across a spectrum of matching, from syngeneic       (C57BL/6), to minor histocompatibility (MHC) antigen mismatch BALB.B (H-2b), to       major MHC mismatched B10.BR (H-2k) and BALB/c (H-2d). Although the donor T-cell       pools had highly similar TCR, the TCR repertoire after HCT was very specific to       recipients in each experiment independent of geography. A single invariant       natural killer T clone was identifiable in every recipient group and was enriched       in syngeneic recipients according to clonal count and confirmatory flow       cytometry. Using a novel cluster analysis of the TCR repertoire, we could       classify recipient groups based only on their CDR3 size distribution or TCR       repertoire relatedness. Using a method for evaluating the contribution of common       TCR motifs to relatedness, we found that reproducible sets of clones were       associated with specific recipient groups within each experiment and that       relatedness did not necessarily depend on the most common clones in allogeneic       recipients. This finding suggests that TCR reconstitution is highly stochastic       and likely does not depend on the evaluation of the most expanded TCR clones in       any individual recipient but instead depends on a complex polyclonal       architecture."
[Clinical study of 19 cases of steroid-refractory gastrointestinal acute       graft-versus-host disease after allogeneic hematopoietic stem cell       transplantation with fecal microbiota transplantation].,"Objective: To investigate the clinical efficacy of fecal microbiota       transplantation (FMT) for treating steroid-refractory gastrointestinal acute       graft-versus-host disease (GI-aGVHD) . Methods: This analysis included 29       patients with hematology who developed steroid-refractory GI-aGVHD after       allogeneic hematopoietic stem cell transplantation (allo-HSCT) in Huaian Hospital       Affiliated to Xuzhou Medical University from March 2017 to March 2022. Among       them, 19 patients underwent FMT treatment (the FMT group) and 10 patients did not       (the control group). The efficacy and safety of FMT were assessed, as well as the       changes in intestinal microbiota abundance, lymphocyte subpopulation ratio,       peripheral blood inflammatory cytokines, and GVHD biomarkers before and after FMT       treatment. Results: ‚ë† Complete remission of clinical symptoms after FMT was       achieved by 13 (68.4%) patients and 2 (20.0%) controls, with a statistically       significant difference (P<0.05). Intestinal microbiota diversity increased and       gradually recovered to normal levels after FMT and FMT-related infections did not       occur. ‚ë°The proportion of CD3(+) and CD8(+) cells in the FMT group after       treatment decreased compared with the control group, and the ratio of CD4(+),       regulatory T cells (Treg), and CD4(+)/CD8(+) cells increased (all P< 0.05). The       interleukin (IL) -6 concentration in the FMT group was lower than that in the       control group [4.15 (1.91-5.71) ng/L vs 6.82 (2.40-8.91) ng/L, P=0.040], and the       IL-10 concentration in the FMT group was higher than that in the control group       [12.11 (5.69-20.36) ng/L vs 7.51 (4.10-9.58) ng/L, P=0.024]. Islet-derived       protein 3Œ± (REG3Œ±) was significantly increased in patients with GI-aGVHD, and the       REG3Œ± level in the FMT group was lower than that in the control group after       treatment [30.70 (10.50-105.00) Œºg/L vs 74.35 (33.50-139.50) Œºg/L, P=0.021].       Conclusion: FMT is a safe and effective method for the treatment of       steroid-refractory GI-aGVHD by restoring intestinal microbiota diversity,       regulating inflammatory cytokines, and upregulating Treg cells."
The pulmonary metatranscriptome prior to pediatric HCT identifies post-HCT lung       injury.,"Lung injury after pediatric allogeneic hematopoietic cell transplantation (HCT)       is a common and disastrous complication that threatens long-term survival. To       develop strategies to prevent lung injury, novel tools are needed to       comprehensively assess lung health in HCT candidates. Therefore, this study       analyzed biospecimens from 181 pediatric HCT candidates who underwent routine       pre-HCT bronchoalveolar lavage (BAL) at the University Medical Center Utrecht       between 2005 and 2016. BAL fluid underwent metatranscriptomic sequencing of       microbial and human RNA, and unsupervised clustering and generalized linear       models were used to associate microbiome gene expression data with the       development of post-HCT lung injury. Microbe-gene correlations were validated       using a geographically distinct cohort of 18 pediatric HCT candidates. The       cumulative incidence of post-HCT lung injury varied significantly according to 4       pre-HCT pulmonary metatranscriptome clusters, with the highest incidence observed       in children with pre-HCT viral enrichment and innate immune activation, as well       as in children with profound microbial depletion and concomitant natural       killer/T-cell activation (P < .001). In contrast, children with pre-HCT pulmonary       metatranscriptomes containing diverse oropharyngeal taxa and lacking inflammation       rarely developed post-HCT lung injury. In addition, activation of       epithelial-epidermal differentiation, mucus production, and cellular adhesion       were associated with fatal post-HCT lung injury. In a separate validation cohort,       associations among pulmonary respiratory viral load, oropharyngeal taxa, and       pulmonary gene expression were recapitulated; the association with post-HCT lung       injury needs to be validated in an independent cohort. This analysis suggests       that assessment of the pre-HCT BAL fluid may identify high-risk pediatric HCT       candidates who may benefit from pathobiology-targeted interventions."
Toll-Like Receptor Stimulation by MicroRNAs in Acute Graft-vs.-Host Disease.,"Acute graft-vs.-host disease (aGVHD) is a frequent complication of allogeneic       hematopoietic stem cell transplantation (allo-HSCT), accounting for substantial       morbidity and mortality associated with this treatment modality. The pathogenesis       of aGVHD involves a complex cascade of humoral and cellular interactions in which       donor T cells target HLA mismatched host tissues, causing tissue injury through       secretion of pro-inflammatory cytokines and induction of direct cytotoxicity.       Toll-like receptors (TLRs) are key components of the innate immune system that       recognize endogenous danger-associated molecular patterns (DAMPs) and exogenous       pathogen-associated molecular patterns (PAMPs). Patients receiving conditioning       chemotherapy and/or whole-body irradiation prior to all-HSCT are prone to       gastrointestinal damage and translocation of microbiota across compromised       intestinal epithelium, resulting in release of PAMPs and DAMPs. These ""danger       signals"" play critical roles in disease pathogenesis by both initiating and       propagating aGVHD through dendritic cell maturation and alloreactive T cell       responses. There are 10-15 TLRs identified in mammalian species, a subset of       which recognize single-stranded RNA (ssRNA) and serve as a key component of viral       immunity. Recently, ssRNAs other than those of viral origin have been       investigated as potential ligands of TLRs. MicroRNAs (miRs) are short (19-24 nt)       non-coding RNAs that play critical roles in a variety of diseases. While       traditionally miRs post-translationally modulate gene expression, non-canonical       functions such as regulating TLR stimulation by acting as TLR ligands have been       described. Here, we review the role of TLRs in aGVHD pathogenesis, the function       of miRs in TLR stimulation, and the recent literature describing miRs as TLR       ligands in aGVHD."
Early Clostridium difficile Infection during Allogeneic Hematopoietic Stem Cell Transplantation,
Gut Microbiome Diversity and Composition Changes Post Allogeneic Hematopoietic Stem Cell Transplant (AlloSCT): A Single-Center Prospective Analysis,
Impact of Intestinal Microbiota on Reconstitution of Mucosal-Associated Invariant T Cells after Allogeneic Hematopoietic Stem Cell Transplantation,
Fecal microbiota transplantation in the treatment of acute gastrointestinal graft-versus-host disease: A retrospective survey of the transplant complications working party of EBMT,
Autologous Transplant Recipients Have a Healthier Gut Microbiota at Baseline and Faster Recovery from Microbiome Injury Compared to Allogeneic Transplant Recipients,
Influence of intestinal bacterial decontamination using ciprofloxacin plus metronidazole or moxifloxacin alone on the incidence of acute GvHD and blood stream infections after allogeneic HSCT,
The influence of gut-decontamination prophylactic antibiotics on acute graft-versus-host disease and survival following allogeneic hematopoietic stem cell transplantation,
Consumption of dietary fiber correlates with a significant increase in adiversity in the intestinal Microbiome of allo-HCT recipients and with lower GVHD-lethality in pre-clinical models,
Small intestinal bacterial overgrowth evaluation in patients after allogeneic hematopoietic stem cell transplantation,
Narrative Review: Advancing Dysbiosis Treatment in Onco-Hematology with Microbiome-Based Therapeutic Approach,
Indoxyl sulfate as a marker of intestinal bacterial diversity in patients receiving allogeneic stem cell transplantation: Impact of antibiotic treatment and intestinal GvHD,
Fecal Microbiota Transplantation for Clostridium difficile-associated Diarrhea in Hematopoietic Stem Cell Transplant Recipients: A Single-center Experience from a Tertiary Center in India,
The Role of Fecal Microbiota Transplantation in the Treatment of Acute Graft-versus-Host Disease,
[Disruption of gut immune system caused by damage of intestinal stem cells and their niche in graft-versus-host disease after allogeneic hematopoietic stem cell transplantation.],
Anaerobic Antibiotics and the Risk of Graft-Versus-Host Disease after Allogeneic Hematopoietic Stem Cell Transplantation,
TLR/MyD88-mediated Innate Immunity in Intestinal Graft-versus-Host Disease,
Clinical Impact of Pre-Transplant Microbial Diversity on Transplant Outcomes,
Treatment and unmet needs in steroid-refractory acute graft-versus-host disease,
EXOCRINE PANCREATIC INSUFFICIENCY AFTER ALLOGENEIC BONE-MARROW TRANSPLANTATION,
Steroid-Refractory Gut Graft-Versus-Host Disease: What We Have Learned From Basic Immunology and Experimental Mouse Model,
Shotgun sequencing of the faecal microbiome to predict response to steroids in patients with lower gastrointestinal acute graft-versus-host disease: An exploratory analysis,
Fecal microbiota transplantation for the treatment of chronic graft-versus-host disease,
The Blood Microbiome Predicts Acute Graft-Versus-Host Disease after Stem Cell Transplantation,
Intensified Conditioning Is Associated with Loss of Stool Bacterial Diversity and Pronounced Gastrointestinal Graft-Versus-Host Disease in Allogeneic Hematopoitic Stem Cell Transplantation,
Seeking biomarkers for acute graft-versus-host disease: where we are and where we are heading?,
"Unraveling the Intestinal Microbiota Conundrum in Allogeneic Hematopoietic Stem Cell Transplantation: Fingerprints, Clinical Implications and Future Directions",
How to Make an Immune System and a Foreign Host Quickly Cohabit in Peace? The Challenge of Acute Graft-Versus-Host Disease Prevention After Allogeneic Hematopoietic Cell Transplantation,
Enterococcus proliferates via the phosphotransferase system in the disrupted gut microbiota after allogeneic haematopoietic stem cell transplantation,
Vaccination Against Poly-N-Acetylglucosamine Decreases Neutrophil Activation and Gvhd While Maintaining Microbial Diversity,
Bacterial and Bacteriophage Consortia Are Associated with Protective Intestinal ImmunoModulatory Metabolites in Allogeneic Stem Cell Transplantation Patients,
Intestinal Microbiota: From Inflammatory Bowel Disease to Bone Marrow Transplantation,
Indole-3-Carbinol Supplement Reduces GvHD Related Mortality in Allogeneic Hematopoietic Stem Cell Transplant Recipients,
Efficacy and Safety of Fecal Microbiota Transplantation in the Treatment of Chronic Steroid-Refractory Graft-Versus-Host Disease after Hematopoietic Stem Cell Transplantation,
Long-Term Analysis of Resilience of the Oral Microbiome in Allogeneic Stem Cell Transplant Recipients,
The Microbiome in Graft Versus Host Disease,
Graft-versus-host disease disrupts intestinal microbial ecology by inhibiting Paneth cell production of Œ±-defensins,
Sparing of the Lower Gastrointestinal Tract Microbiota Is Associated with Reduced Acute Graft-Versus-Host Disease,
Effect of Anti-Fungal Prophylaxis on the Fungal Mycobiome after Allogeneic Bone Marrow Transplantation,
Achievement of Tolerance Induction to Prevent Acute Graft-vs.-Host Disease,
Critical Role of TLR9 in Acute Graft-versus-Host Disease,
Intestinal Blautia Is Associated with Reduced Death from Graft-versus-Host Disease,
"A Phase 1b Study to Evaluate the Efficacy, Safety, and Pharmacokinetics of an Investigational Microbiome Therapeutic, SER-155, in Adults Undergoing Hematopoietic Stem Cell Transplantation",
"Microbiota Predict Infections and Acute Graft-Versus-Host Disease After Pediatric Allogeneic Hematopoietic Stem Cell Transplantation (vol 228, pg 627, 2023)",
Additional file 17: of Specific gut microbiome members are associated with distinct immune markers in pediatric allogeneic hematopoietic stem cell transplantation,
The relationship between gut microbiota and immune system recovery in children who underwent allogeneic haematopoietic stem cell transplantation (HSCT),
THIRD PARTY FECAL MICROBIOTA TRANSPLANTATION RESULTS IN DECOLONIZATION OF MDR BACTERIA FROM THE GUT ALLOWING SAFER ALLOGENEIC HSCT,
[Acute graft-versus-host disease therapy: Which third line treatment after steroids and ruxolitinib? (SFGM-TC)].,
Antibiotic use and ileocolonic immune cells in patients receiving fecal microbiota transplantation for refractory intestinal GvHD: a prospective cohort study,
Immunopathology and biology-based treatment of steroid-refractory graft-versus-host disease,
Mucus-degrading intestinal bacteria and toxicities of hematopoietic cell transplantation,
Effect of Prebiotic Rich Diet on Gut Microbiome in Patients (Pts) Undergoing Stem Cell Transplants- Results of Phase I Study (NCT04629430)- Clinical Outcomes,
Multimodal immune cell phenotyping in gastrointestinal biopsies reveals microbiome-related T cell modulations in human GvHD patients,
Identification of Bacterial and Viral Consortia for the Production of Intestinal Microbiota-Derived Metabolites Associated with Protection in Allogeneic Stem Cell Transplantation Patients,
Fecal microbiota transplantation combined with ruxolitinib as a salvage treatment for intestinal steroid-refractory acute GVHD,
Challenges and opportunities targeting mechanisms of epithelial injury and recovery in acute intestinal graft-versus-host disease,
Efficacy and Safety of Fecal Microbiota Transplantation in the Treatment of Acute and Chronic Steroid-Refractory Graft-Versus-Host Disease after Hematopoietic Stem Cell Transplantation,
Making Progress in Graft-Versus-Host Disease Prophylaxis and Microbiome Analysis in the Blood and Marrow Transplant Clinical Trials Network: Progress III (1703)/MI-Immune (1801),
"Microbial Diversity, Survival, and Acute GVHD in Adult Recipients of allo-hsct after Myeloablative Conditioning: Results of a Nutritional Intervention Trial",
Could enteral nutrition improve the outcome of patients with haematological malignancies undergoing allogeneic haematopoietic stem cell transplantation? A study protocol for a randomized controlled trial (the NEPHA study),
A Novel Unifrac-Based Analytical Method for Determining Sequential Changes in Gut Microbiota after Hematopoietic Stem Cell Transplantation,
Gut microbiota and acute graft-versus-host disease,
Heracles: A phase II single-arm prospective study to assess the efficacy of fecal microbiota transfer in the treatment of steroid refractory gastro-intestinal AGVHD post allo-HSCT,
Human Mastadenovirus A Infection in a Child During the Course of Hematopoietic Stem Cell Transplant,
Successful and Safe Treatment of Intestinal Graft-Versus-Host Disease (GVHD) with Pooled-Donor Full Ecosystem Microbiota Biotherapeutics,
Alterations of Intestinal Microbiota Correlate with the Emergence of Acute Graft-Versus-Host Disease in Patients Undergoing Allogeneic Hematopoietic Stem Cell Transplantation,
A PROSPECTIVE PILOT STUDY OF GRAFT-VERSUS-HOST DISEASE PROPHYLAXIS WITH POSTBIOTICS IN ALLOGENEIC HEMATOPOIETIC STEM CELL TRANSPLANTATION,
Immunization against poly-N-acetylglucosamine reduces neutrophil activation and GVHD while sparing microbial diversity,
Nutritional modulation of the gut microbiome in allogeneic hematopoietic stem cell transplantation recipients,
Sensing danger: toll-like receptors and outcome in allogeneic hematopoietic stem cell transplantation,
Roles of the intestinal microbiota and microbial metabolites in acute GVHD,
Allogeneic Hemopoietic Cell Transplantation as a Paradigm for Cellular Immunotherapy,
Recent FDA Approvals in the Treatment of Graft-Versus-Host Disease,
Monocytes and the Intestinal Microbiota following ALLO-HSCT,
Allogeneic stem cell transplant recipients surviving at least 2 years without relapse: outcome and risk factors,
Fecal Microbiota Transplantation and Fiber for the Treatment of Graft-versus-host Disease After Hematopoietic Cell Transplantation,
Cellular and Molecular Studies of Bone Marrow Transplant,
Alpha diversity indices of the tongue microbiota of 164 community-dwelling adults and 45 allogeneic hematopoietic stem cell transplantation (allo-HSCT) recipients on transplantation date in V1-V2 regions of 16S rRNA gene sequencing analysis.,
Safety and efficacy of fecal microbiota transplantation in the treatment of graft-versus-host disease,
Current approaches to prevent and treat GVHD after allogeneic stem cell transplantation,
Project 2: Microbiota-based biomarkers and therapeutic strategies for intestinal graft vs host disease,
Bariatric surgery and allogeneic hematopoietic stem cell transplantation: a case series,
DataSheet_1_Dental Biofilm Microbiota Dysbiosis Is Associated With the Risk of Acute Graft-Versus-Host Disease After Allogeneic Hematopoietic Stem Cell Transplantation.pdf,
Metabolomics Core,
Antibiotic administration exacerbates acute graft vs. host disease-induced bone marrow and spleen damage in lymphopenic mice,
Successful Allogeneic Hematopoietic Stem Cell Transplantation for Severe Inflammatory Bowel Disease-IL10 Receptor Deficiency May Serve as a Novel Therapeutic Paradigm,
"Impact of choice, timing, sequence and combination of broad-spectrum antibiotics on the outcome of allogeneic haematopoietic stem cell transplantation",
Coexistence of adeno-associated virus 2 with adenovirus 18 or herpesvirus may be associated with severe lingual papillomatosis in an immunocompromised individual,
Changes of the oral microbiome in bone marrow transplantation: A predictor of mortality and poor outcomes,
Successful Treatment of Disseminated Nocardiosis by Rapid Identification of the Organism via Genetic Analysis in a Leukemia Patient Undergoing Allogeneic Hematopoietic Stem Cell Transplantation,
Levofloxacin Prophylaxis in Pediatric and Young Adult Allogeneic Hematopoietic Stem Cell Transplantation Recipients Does not Prevent Infective Complications and Infections-related Deaths,
Project 2: Microbiota-based biomarkers and therapeutic strategies for intestinal graft vs host disease,
"Longitudinal Analysis of Gut Bacteriome, Mycobiome, Virome and Metabolome in Allogeneic Stem Cell Transplantation Reveals Susceptibility for Acute Graft-Versus-Host Disease",
Project 2: Microbiota-based biomarkers and therapeutic strategies for intestinal graft vs host disease,
Monocytes and the Intestinal Microbiota following ALLO-HSCT,
"Current status, challenges, and integration pathways of biomarker classification systems in graft-versus-host disease: a preliminary exploration",
Variability of nutritional practices in peritransplant period after allogeneic hematopoietic stem cell transplantation: a survey by the Complications and Quality of Life Working Party of the EBMT,
Project 2: Microbiota-based biomarkers and therapeutic strategies for intestinal graft vs host disease,
Rhodococcus hoagii bloodstream infection in an allogeneic hematopoietic stem cell transplantation patient: Case report and review of literature,
Metabolomics Core,
The skin microbiome after allogeneic stem cell transfer,
Intestinal Microbiota at Neutrophil Engraftment Can Predict Acute Graft-Versus-Host Disease in the Recipients of Allogeneic Hematopoietic Stem Cell Transplantation,
Fecal microbiota transplantation for acute graft-versus-host disease of the gut.,
Monocytes and the Intestinal Microbiota following ALLO-HSCT,
Metabolomics Core,
Longitudinal Microbiome Profile in Allogeneic Hematopoietic Stem Cell Transplantation: Results of a Prospective Study in 100 Patients,
Project 2: REG3A Regulation of GI GVHD,
Project 2: Microbiota-based biomarkers and therapeutic strategies for intestinal graft vs host disease,
Is it time to reconsider prophylactic antimicrobial use for hematopoietic stem cell transplantation? a narrative review of antimicrobials in stem cell transplantation,
Fecal Microbiota Transplantation As Safe and Successful Therapy for Intestinal Graft-Versus-Host Disease,
Project 2: REG3A Regulation of GI GVHD,
Longitudinal Changes in the Intestinal Microbiome Composition Following Gut Decontamination in Pediatric Allogeneic Hematopoietic Stem Cell Transplant Patients: A Pilot Study,
Novel developments in the prophylaxis and treatment of acute GVHD,
Project 1: HDAC inhibition and GVHD,
New insights about immune populations in gastrointestinal GvHD,
Targeted Sequence Capture Metagenomics (Virocap) to Detect Virus in Stool Samples of Hematopoietic Stem Cell Transplantation Patients,
A shift in the intestinal microflora towards pro-inflammatory bacteria and signaling via toll-like-receptor 2 triggers early onset of graft-versus-host disease,
Cellular and Molecular Studies of Bone Marrow Transplant,
Cellular and Molecular Studies of Bone Marrow Transplant,
Monocytes and the Intestinal Microbiota following ALLO-HSCT,
Bacteroides ovatusalleviates dysbiotic microbiota-induced intestinal graft-versus-host disease.,
Metabolomics Core,
The combination of four main components in Xuebijing injection improved the preventive effects of Cyclosporin A in acute graft-versus-host disease mice by protecting intestinal microenvironment,
Project 1: HDAC inhibition and GVHD,
Interfering With Inflammation: Heterogeneous Effects of Interferons in Graft-Versus-Host Disease of the Gastrointestinal Tract and Inflammatory Bowel Disease,
"A Distinct Intestinal Domination Fingerprint in Patients Undergoing Allo-HSCT: Dynamics, Predictors and Implications on Clinical Outcomes",
The Dominant Effect of the Gut Microbiome on GvHD in Mouse Models of Allo-BMT,
The gut microbiome: Bridging medications and clinical outcomes post stem cell transplantation,
The Gut Microbiota and Graft versus Host Disease (GVHD),
"The Microbiome, Inflammation, and GVHD Axis: The Balance Between the Gut and the Bad",
Project 1: HDAC inhibition and GVHD,
The Gut Microbiota and Graft versus Host Disease (GVHD),
Gut microbiota and graft-versus-host disease in hematopoietic stem cell transplant patients,
Project 2: Microbiota-based biomarkers and therapeutic strategies for intestinal graft vs host disease,
Multispecies Comparison of the Impact of Obesity on GVHD/GVT,
Project 2: Microbiota-based biomarkers and therapeutic strategies for intestinal graft vs host disease,
Incidence of Common Herpesviruses in Colonic Mucosal Biopsies Following Hematopoietic Stem Cell Transplantation,
Nonrestrictive diet does not increase infections during post-HSCT neutropenia: data from a multicenter randomized trial,
FK506 and lactobacillus acidophilus Ameliorate Acute Graft-Versus-Host Disease by Modulating the T Helper 17/Regulatory T-cell Balance,
Allogeneic hematopoietic stem cell transplantation (allo-HCT) remains a key curative treatment for acute myeloid leukemia (AML),
Project 2: REG3A Regulation of GI GVHD,
Early modifications of the gut microbiome in children with hepatic sinusoidal obstruction syndrome after hematopoietic stem cell transplantation,
GUT MICROBIOTA DIVERSITY BEFORE ALLOGENEIC HEMATOPOIETIC STEM CELL TRANSPLANTATION AS PREDICTOR OF MORTALITY AND HIGH-GRADE AGVHD IN CHILDREN,
The Gut Microbiota and Graft versus Host Disease (GVHD),
Additional file 12: of Specific gut microbiome members are associated with distinct immune markers in pediatric allogeneic hematopoietic stem cell transplantation,
"Inflammatory Bowel Disease, Gastrointestinal Graft-Versus-Host Disease and Immune Checkpoint Inhibitors Induced Colitis: Similar Diseases to Treat with Fecal Microbiota Transplantation",
Potential of Fecal Microbiota Transplantation to Prevent Acute GVHD: Analysis from a Phase II Trial,
Early blood stream infection following allogeneic hematopoietic stem cell transplantation is a risk factor for acute grade III-IV GVHD in children and adolescents,
Mendelian randomization analysis of blood metabolites and immune cell mediators in relation to GVHD and relapse,
Severe Infections and Antibiotic Use Negatively Impact Progression Free and Overall Survival of Multiple Myeloma Patients Undergoing Autologous Stem Cell Transplantation,
GLP-1R signaling does not modify the severity of experimental graft versus host disease,
The Abundance of Certain Bacteria in the Intestinal Flora Is Associated with Relapse after Allogeneic Hematopoietic Stem Cell Transplantation,
Graft-Versus-Host Disease in Adolescents and Young Adults (15-24 Years Old) After Allogeneic Hematopoietic Stem Cell Transplantation for Acute Leukemia in First Complete Remission,
Additional file 11: of Specific gut microbiome members are associated with distinct immune markers in pediatric allogeneic hematopoietic stem cell transplantation,
Malnutrition Prevention after Allogeneic Hematopoietic Stem Cell Transplantation (alloHSCT): A Prospective Explorative Interventional Study with an Oral Polymeric Formulation Enriched with Transforming Growth Factor Beta 2 (TGF-Œ≤2),
Novel regulators of GVHD revealed through microbiome and metabolome patterns across distinct intestinal regions,
Bacterial (Non-Clostridium Difficile) and Parasitic Stool Studies Have Limited Utility in Pediatric Hematopoietic Stem Cell Transplant Patients,
Analysis of The Gut Microbiome in Pediatric Patients Undergoing Allogeneic Hematopoietic Stem Cell Transplantation (HSCT) Presenting Veno-Occlusive Disease (VOD/SOS) Reveals An Impaired Microbial Ecosystem,
Additional file 13: of Specific gut microbiome members are associated with distinct immune markers in pediatric allogeneic hematopoietic stem cell transplantation,
Pilot Study of Telmisartan (Micardis) for Prevention of Acute Graft Vs. Host Disease after Allogeneic Hematopoietic Stem Cell Transplantation: Interim Analysis,
Enteric Microbiome Markers as Early Predictors of Clinical Outcome in Allogeneic Hematopoietic Stem Cell Transplant: Results of a Prospective Study in Adult Patients,
The Gut Microbiota and Graft versus Host Disease (GVHD),
Syngeneic Fecal Microbiota Transplant Effectively Attenuated Graft-Versus-Host Disease after Bone Marrow Transplantation in Mice,
"Associations of the gut microbiome and clinical factors with acute GVHD in allogeneic HSCT recipients (vol 4, pg 5797, 2020)",
Multispecies Comparison of the Impact of Obesity on GVHD/GVT,
Additional file 14: of Specific gut microbiome members are associated with distinct immune markers in pediatric allogeneic hematopoietic stem cell transplantation,
"Infections following allogeneic stem cell transplantation: New concepts, improved insights, and renewed hope for better outcomes",
"Risk factors for the development of Clostridium difficile infection in adult allogeneic hematopoietic stem cell transplant recipients: A single-center study in Quebec, Canada",
Risk Factors and Outcome of C. difficile Infection after Hematopoietic Stem Cell Transplantation,
Enteral Nutrition Promotes The Recovery of Gut Microbiome Homeostasis And Protects From Bloodstream Infections In Children Receiving Allogeneic Hematopoietic Stem Cell Transplantation,
Microbiome-derived markers predict the clinical outcome of allogeneic hematopoietic stem cell transplant recipients: results of a prospective study in 100 adult patients,
Serum miR-29a Is Upregulated in Acute Graft-versus-Host Disease and Activates Dendritic Cells through TLR Binding,
The role of intestinal microbiota in graft-versus-host disease,
A GUT Microbiota Score Predicting for ACUTE GRAFT-Versus-Host Disease,
Multispecies Comparison of the Impact of Obesity on GVHD/GVT,
Obesity predisposes to rapid gastrointestinal graft-versus-host disease lethality after allogeneic hematopoietic stem cell transplantation in mice,
Graft versus Host Disease: From Basic Pathogenic Principles to DNA Damage Response and Cellular Senescence,
Probiotic Enteric Regimen for Easing the Complications of Transplant,
Changes in the microbiota following allogeneic hematopoietic stem cell transplantation: A potential bioguide for clinical outcome?,
A Complex Relationship between Clostridium Difficile Infection and Graft Versus Hoste Disease: Fundeni Clinical Institute Experience,
Additional file 16: of Specific gut microbiome members are associated with distinct immune markers in pediatric allogeneic hematopoietic stem cell transplantation,
Mucosal Immunity and Microbiota in Intestinal Graft-versus-Host Disease,
Mucosal Immunity and Microbiota in Intestinal Graft-versus-Host Disease,
Risk factors and implications of oral mucositis in recipients of allogeneic hematopoietic stem cell transplantation,
Identification of Potential Microbiome Markers for AGVHD Early Diagnosis,
Microbiome and Diseases: Graft-Versus-Host Disease,
Disparities in Microbiota Diversity Impacting Non-European Recipients of 8/8 HLA-Matched Unrelated Donor Transplantation,
The intestinal microbiota as a key modulator of acute graft-versus-host disease,
Clinical trial exploring the diet-microbiome axis in allo-HCT patients,
How I treat steroid-refractory acute graft-versus-host disease,
Microbiota dictate T cell clonal selection to augment graft-versus-host disease after stem cell transplantation,
Clinical trial exploring the diet-microbiome axis in allo-HCT patients,
Mucosal Immunity and Microbiota in Intestinal Graft-versus-Host Disease,
Fecal Microbiota Transplant: Is It an Effective Option for Treating Steroid Refractory Acute Graft Versus Host Disease of Gut?,
Effectiveness of oral vancomycin as prophylaxis against Clostridioides difficile infection in hematopoietic stem cell transplant patients,
"Preliminary Safety Results of the Open-Label Phase of a 2-Part Phase 1b Study to Evaluate the Safety, Tolerability, Pharmacokinetics, and Efficacy of an Investigational Microbiome Therapeutic, SER-155, in Adults Undergoing Hematopoietic Cell Transplantation",
Blockade of IL-23 for the Prevention of Graft Versus Host Disease,
Protecting Intestinal Microenvironment Alleviates Acute Graft-Versus-Host Disease,
Cellular and molecular mechanisms of target tissue resistance for mitigating GVHD severity,
Specific gut microbiome members are associated with distinct immune markers in allogeneic hematopoietic stem cell transplantation,
Pre-transplant recovery of microbiome diversity without recovery of the original microbiome,
Mucus-degrading Bacteroides link carbapenems to aggravated graft-versus-host disease,
MAIT and VŒ¥2 Unconventional T Cells Predict Favorable Outcome after Allogeneic HCT and Are Supported By a Diverse Intestinal Microbiome,
Recipient mucosal-associated invariant T cells control GVHD within the colon,
Therapeutic targets and emerging treatment options in gastrointestinal acute graft-versus-host disease,
Obesity and Microbiome Alterations Augments Acute Gastrointestinal Graft-Versus-Host Disease Following Allogeneic Hematopoietic Stem Cell Transplantation,
Oral Microbiota and Clinical Outcomes in Allogenic Hematopoietic Stem Cell Transplantation: A Systematic Review,
"Obesity results in marked increases in gut permeability, inflammatory cytokines, and acute gut graft-versus-host disease after allogeneic hematopoietic stem cell transplantation",
Optimizing Precision Probiotics for Mitigating Graft-Versus-Host Disease,
RIG-I/MAVS and STING signaling promote gut integrity during irradiation- and immune-mediated tissue injury,
Antibiotic Exposures and Dietary Intakes Are Associated with Changes in Microbiota Compositions in Allogeneic Hematopoietic Stem Cell Transplant Patients,
The Gut Microbiota and Graft versus Host Disease (GVHD),
Association of gut decontamination and graft versus host disease in allogeneic hematopoietic stem cell transplantation: a meta-analysis,
Mucosal Immunity and Microbiota in Intestinal Graft-versus-Host Disease,
Single-cell transcriptomics of alloreactive CD4+ T cells over time reveals divergent fates during gut graft-versus-host disease,
Virotherapy as Potential Adjunct Therapy for Graft-Vs-Host Disease,
Clinical trial exploring the diet-microbiome axis in allo-HCT patients,
Mutations innate immune system NOD/CARD15 gene and toll-like-receptor-4 gene are associated with increased risk for severe acute GVHD in patients who underwent allogeneic transplantation,
The Impact of antibiotic-mediated Modification of the Intestinal Microbiome on Outcomes of Allogeneic Hematopoietic Cell Transplantation: Systematic Review and meta-analysis,
Monitoring plasma regenerating islet-derived 3Œ± and citrulline levels during pediatric allogeneic hematopoietic stem cell transplantation to predict acute gastrointestinal graft-versus-host disease,
The Gut Microbiota and Graft versus Host Disease (GVHD),
"Administration of a Tryptophan Metabolite, Indole-3-Carboxaldehyde, Reduces Graft Versus Host Disease Morbidity and Mortality and Enhances Gastrointestinal Barrier Function in a Murine Model of Allogeneic Bone Marrow Transplantation",
Successful and Safe Treatment of Intestinal Graft-Versus-Host Disease (GvHD) with Pooled-Donor Full Ecosystem Microbiota Biotherapeutics,
Mucosal-associated invariant T cells are functionally impaired in pediatric and young adult patients following allogeneic hematopoietic stem cell transplantation and their recovery correlates with clinical outcomes,
Gut microbiota promotes chronic ocular graft-versus-host disease (cGVHD) throughcellular senescence,
Pre-Administration of Akkermansia Muciniphila Prevents the Development of Severe Acute Graft-Versus-Host Disease in Systemic Organs,
Blockade of IL-23 for the Prevention of Graft Versus Host Disease,
Recovery of the Intestinal Microbiome in Patients at Day+100 after Allogeneic Stem Cell Transplantation Is Defined By Microbial Metabolite Profiles and Linked to Long-Term Outcomes,
Antibiotic Therapy and Gastrointestinal Graft-Versus-Host Disease in the Allogeneic Stem Cell Transplantation Population.,
Blockade of IL-23 for the Prevention of Graft Versus Host Disease,
Recent insights to the mechanisms of graft-versus-host disease.,
Positive effects of oral antibiotics administration to murine graft-versus-host disease.,
Mucosal Immunity and Microbiota in Intestinal Graft-versus-Host Disease,
Cellular and molecular mechanisms of target tissue resistance for mitigating GVHD severity,
Financial Incentives to Increase Stool Collection Rates for Microbiome Studies in Adult Bone Marrow Transplant Patients,
Mucosal Immunity and Microbiota in Intestinal Graft-versus-Host Disease,
"Acute Graft-versus-Host Disease: Novel Biological Insights (reprinted from Biology of Blood and Marrow Transplantation, Volume 22,Pg 11-16, 2016)",
Obesity-Induced Microbiome Alterations Result in Severe Gastrointestinal Graft-Versus-Host Disease Following Allogeneic Hematopoietic Stem Cell Transplantation,
Toll-like receptors 2 and 4 are involved in the induction of graft-versus-host-disease in mice.,
Clostridium difficile Infections and blood disease: what should I know?,
Allogeneic hematopoietic cell transplantation in patients with CALR-mutated myelofibrosis: a study of the Chronic Malignancies Working Party of EBMT,
Treatment with Antibiotics Containing Activity Against Obligate Anaerobes Worsens Gvhd Survival in Mice and Humans after Allogeneic BMT,
Prognostic significance of NOD2/CARD15 SNPs in allogentic stem cell transplantation (SCT) from unrelated donors: Evidence for an important role of macrophages,
Intestinal goblet cells protect against GVHD after allogeneic stem cell transplantation via Lypd8,
Cellular and molecular mechanisms of target tissue resistance for mitigating GVHD severity,
Clinical trial exploring the diet-microbiome axis in allo-HCT patients,
"Dysbiosis in the oral cavity and its relationship with complications in pediatric oncology patients and patients undergoing invasive mechanical ventilation, with or without antimicrobial photodynamic therapy.",
The Potential Roles of Mucosa-Associated Invariant T Cells in the Pathogenesis of Gut Graft-Versus-Host Disease after Hematopoietic Stem Cell Transplantation,
Anaerobic Antibiotics and the Risk of Graft-Versus-Host Disease after Allogeneic Hematopoietic Stem Cell Transplantation,
Immunobiology of Allogeneic Hematopoietic Cell Transplantation,
Dietary fat source induces gut microbiota alterations and impacts chronic murine graft-versus-host disease severity,
Pre-transplant hepatic steatosis (fatty liver) is associated with chronic graft-vs-host disease but not mortality,
Prebiotics to Optimize the Microbiota and Improve Outcomes of Allogeneic Hematopoietic Stem Cell Transplantation,
Toxicities that occurred in >40 percent of patients; percentages adjusted for missing values.,
Omitting Fluoroquinolones Antibiotic Prophylaxis in Allogeneic Hematopoietic Stem Cell Transplantation Does Not Increase Gram-Negative Bacteremia Rate or Transplant-Related Mortality,
Investigating Antibiotic Exposure and Risk of Severe Acute Graft Versus Host Disease in Patients Undergoing Allogeneic Hematopoietic Stem Cell Transplantation,
Hematopoietic Stem Cell Transplantation at Home,
Mechanisms by Which Obesity Promotes Acute Graft-Versus-Host Disease in Mice,
Clinical Trials of Allogeneic Transplantation for Inherited Immune Deficiencies,
Open-label randomized controlled study of ciprofloxacin versus rifaximin as neutropenia prophylaxis in allogeneic hematopoietic cell transplantation: Survival benefit for ciprofloxacin,
Host and Microbial Metabolism in Graft versus Host Disease,
"The role of interleukin-2 in graft-versus-host disease pathogenesis, prevention and therapy",
GUT MICROBIOTA TRAJECTORIES AND IMMUNE SYSTEM RECOVERY IN CHILDREN UNDERWENT TO ALLOGENIC HEMATOPOIETICS STEM CELL TRANSPLANTATION (HSCT),
Safety of Probiotics Among High-Risk Pediatric Hematopoietic Stem Cell Transplant Recipients,
Immunobiology of Allogeneic Hematopoietic Cell Transplantation,
Sequence-based pathogen discovery in post-stem cell transplantation syndromes,
The colonic microbiota and immunity after hematopoietic stem cell transplantation,
Rational Modification of Intestinal Microbiome and Metabolites after Allogeneic Hematopoietic Stem Cell Transplantation with Resistant Starch: A Pilot Study,
Investigating the Relationship between Graft-Versus-Host Disease Incidence and Increased Risk of Death within Three Years after Allogeneic Hematopoietic Stem Cell Transplantation in Patients Receiving Antibiotics Containing Activity Against Obligate Anaerobes,
Influence of intestinal bacterial decontamination using metronidazole and ciprofloxacin or ciprofloxacin alone on the development of acute graft-versus-host disease after marrow transplantation in patients with hematologic malignancies: Final results and long-term follow-up of an open-label prospective randomized trial,
Microbiota analysis in allogeneic stem cell transplant patients with in AML and MDS,
Microbiota-focused strategies to mitigate GVHD,
Host and Microbial Metabolism in Graft versus Host Disease,
Role of T cells and the Intestinal Microbiota in the Pathogenesis of Acute Graft- versus- Host Disease,
Pilot Project 2: Social Correlates of Variation in Intestinal and Oral Microbiome Among Hematopoietic Stem Cell Transplant Patients: A Geographic Exploration in the City of Chicago,
Successful and Safe Treatment of Intestinal Graft-Versus-Host Disease (GvHD) with Pooled-Donor Full Ecosystem Microbiota Biotherapeutic: Results from a 29 Patient-Cohort of a Compassionate Use/Expanded Access Treatment Program,
Prebiotics to Optimize the Microbiota and Improve Outcomes of Allogeneic Hematopoietic Stem Cell Transplantation,
Increased Fiber Intake Results in Better Overall Survival and Lower GI-aGVHD in Allo-HCT Recipients and Pre-Clinical Gvhd Models,
Sequence-based pathogen discovery in post-stem cell transplantation syndromes,
Intestinal microbiome restoration in allogeneic stem cell transplantation,
Mucin preserving strategies to reduce allo HCT toxicities,
Multispecies Comparison of the Impact of Obesity on GVHD/GVT,
The Intestinal Microbiota Correlates with Response and Toxicity after CAR T Cell Therapy in Patients with B-Cell Malignancies,
Acute graft-versus-host disease: a bench-to-bedside update,
Induction of Intestinal Graft-versus-host Disease and Its Mini-endoscopic Assessment in Live Mice,
Metabolomics analysis of human acute graft-versus-host disease reveals changes in host and microbiota-derived metabolites,
Host and Microbial Metabolism in Graft versus Host Disease,
Repeated Courses of Orally Administered Fecal Microbiota Transplantation for the Treatment of Steroid Resistant and Steroid Dependent Intestinal Acute Graft Vs. Host Disease: A Pilot Study (NCT 03214289),
"Impact of Omitting Prophylactic Antibiotics, to Preserve Gut Microbiota, on the Incidence of Bacteraemia during the Pre-Engraftment Period of Allogenic Hematopoietic Stem Cell Transplantation",
Immunomodulatory microbial metabolites as potential predictors of stem-cell transplantation outcomes,
DataSheet_1_The Potential Roles of Mucosa-Associated Invariant T Cells in the Pathogenesis of Gut Graft-Versus-Host Disease After Hematopoietic Stem Cell Transplantation.docx,
Sequence-based pathogen discovery in post-stem cell transplantation syndromes,
Pilot Project 2: Social Correlates of Variation in Intestinal and Oral Microbiome Among Hematopoietic Stem Cell Transplant Patients: A Geographic Exploration in the City of Chicago,
Sequence-based pathogen discovery in post-stem cell transplantation syndromes,
Allogeneic Hematopoietic Cell Transplantation following Minimal Intensity Conditioning: Predicting Acute Graft-versus-Host Disease and Graft-versus-Tumor Effects,
Pilot Project 2: Social Correlates of Variation in Intestinal and Oral Microbiome Among Hematopoietic Stem Cell Transplant Patients: A Geographic Exploration in the City of Chicago,
The colonic microbiota and immunity after hematopoietic stem cell transplantation,
Multispecies Comparison of the Impact of Obesity on GVHD/GVT,
The colonic microbiota and immunity after hematopoietic stem cell transplantation,
Genetics of Intestinal Graft-Versus-Host Disease,
Neutrophil granulocytes recruited upon translocation of intestinal bacteria enhance graft-versus-host disease via tissue damage,
Prebiotics to Optimize the Microbiota and Improve Outcomes of Allogeneic Hematopoietic Stem Cell Transplantation,
Fecal Microbiota Transplantation to Prevent Acute Graft-Versus-Host Disease: First Pre-Planned Interim Analysis of a Randomized Trial,
The emerging role of nutritional support in the supportive care of pediatric patients undergoing hematopoietic stem cell transplantation,
Metabolic Reprogramming-A New Era How to Prevent and Treat Graft Versus Host Disease After Allogeneic Hematopoietic Stem Cell Transplantation Has Begun,
Pilot Project 2: Social Correlates Of Variation in Intestinal and Oral Microbiome Among Hematopoietic Stem Cell Transplant Patients: A Geographic Exploration in the City of Chicago,
Host and Microbial Metabolism in Graft versus Host Disease,
The contribution of the innate immune sensor STING in GVHD and GVL following allogeneic hematopoietic stem cell transplantation,
Prebiotics to Optimize the Microbiota and Improve Outcomes of Allogeneic Hematopoietic Stem Cell Transplantation,
Variations in gut microbiota associated with the importance of PMN-MDSCs by 16S rRNA gene sequencing in mice aGVHD after allo-HSCT,
Relationship of Oropharyngeal Colonization Microorganisms to Clinical Outcomes within 100 Days after Allogeneic Hematopoietic Stem Cell Transplantation,
Azithromycin Use and Increased Cancer Risk among Patients with Bronchiolitis Obliterans after Hematopoietic Cell Transplantation,
The Impact of the Use and Type of Antibiotics on Acute-Versus-Host Disease,
Altered homeostatic regulation of innate and adaptive immunity in lower gastrointestinal tract GVHD pathogenesis,
GUT COLONIZATION BY MULTI-DRUG RESISTANT BACTERIA IS AN INDEPENDENT RISK FACTOR FOR DEVELOPMENT OF INTESTINAL ACUTE GRAFT-VERSUS-HOST DISEASE,
Correlations of dietary fiber with intestinal microbiome and outcomes in allogeneic hematopoietic cell transplantation,
Emerging novel therapies for steroid-refractory acute graft-versus-host disease: recent advances and future directions,
Chronic Granulomatous Disease: Determinants of Auto-Inflammation and Complications Following Hematopoietic Cell Transplantation,
Microbial-Derived Metabolites Induce Epithelial Recovery Via The Sting Pathway in Mice and Men and Protect From Graft-Versus-Host Disease,
Project 1: HDAC inhibition and GVHD,
LIPOCALIN-2 REDUCES ACUTE GRAFT-VERSUS-HOST DISEASE SEVERITY IN MICE,
Immunobiology of Allogeneic Hematopoietic Cell Transplantation,
Iron Overload and Iron-Induced Microbiome Changes May Affect Lymphoid Levels Post Bone Marrow Transplant and Graft-Versus-Host Disease Survival in Mice,
Chronic Granulomatous Disease: Determinants of Auto-Inflammation and Complications Following Hematopoietic Cell Transplantation,
Longitudinal Multi-omic Analysis in Allogeneic Stem Cell Transplantation Patients identify Intestinal Microbiome and Metabolomic Signatures for Acute Graft-vs-Host-Disease,
The role of autophagy gene Atg16L1 in allogeneic hematopoietic stem cell transplantation - Renewal - 1,
Clinical Trials of Allogeneic Transplantation for Inherited Immune Deficiencies,
Ciprofloxacin prophylaxis is associated with a lower incidence of gram-negative bacteremia in patients undergoing allogeneic hematopoietic cell transplantation,
The contribution of the innate immune sensor STING in GVHD and GVL following allogeneic hematopoietic stem cell transplantation,
Metabolomics analysis of human acute graft-versus-host disease reveals changes in host and microbiota-derived metabolites,
Loss of GLP-2R signaling in Glp2r -/- mice increases the long-term severity of graft versus host disease,
A Prospective Approach for the Early Detection of Infectious and Noninfectious Lung Diseases Following Allogeneic Hematopoietic Stem Cell Transplantation,
Increased Circulating 2-Methylbutyrate Following Fecal Microbiota Transplantation in Patients with Refractory-Chronic Graft-Versus-Host Disease after Allogeneic Hematopoietic Cell Transplantation,
Clostridium Difficile Infection Among Hematopoietic Stem Cell Transplant Recipients and Subsequent Development of Graft-Versus-Host Disease,
Impact of clostridium difficile infections on survival and gvhd after allogeneic hematopoietic cell transplantation - a multicentre observational study of the polish adult leukemia group (PALG),
Mechanisms by which obesity promotes acute graft-versus-host disease in mice,
Table_2_GPR Expression in Intestinal Biopsies From SCT Patients Is Upregulated in GvHD and Is Suppressed by Broad-Spectrum Antibiotics.docx,
Antibiotic Prophylaxis During Allogeneic Stem Cell transplantation-A Comprehensive Single Center Retrospective Analysis,
The role of autophagy gene Atg16L1 in allogeneic hematopoietic stem cell transplantation - Renewal - 1,
Chronic Granulomatous Disease: Determinants of Auto-Inflammation and Complications Following Hematopoietic Cell Transplantation,
EFFECTS OF BACTERIAL OROPHARYNGEAL AND NASAL COLONIZATION ON GRAFT-VERSUS-HOST DISEASE AFTER ALLOGENEIC BONE-MARROW TRANSPLANTATION,
Bloodstream infection by Lactobacillus rhamnosus in a haematology patient: why metagenomics can make the difference,
Oral Combined Therapy with Probiotics and Alloantigen Induces B Cell-Dependent Long-Lasting Specific Tolerance,
The colonic microbiota and immunity after hematopoietic stem cell transplantation,
Loss of Microbiota-Derived Metabolites Is Associated with Mucosal-Barrier-Injury Bloodstream Infection in Patients Undergoing Allogeneic Hematopoietic Stem Cell Transplantation,
Impact of Systemic Antibiotics Use on Outcomes after Allogeneic Hematopoietic Stem Cell Transplantation,
Project 1: HDAC inhibition and GVHD,
VIP pathway inhibition alters microbial metabolism to balance graft-versus-leukemia and gvhd,
Table_1_GPR Expression in Intestinal Biopsies From SCT Patients Is Upregulated in GvHD and Is Suppressed by Broad-Spectrum Antibiotics.docx,
Pilot Project 2: Social Correlates Of Variation in Intestinal and Oral Microbiome Among Hematopoietic Stem Cell Transplant Patients: A Geographic Exploration in the City of Chicago,
Intestinal Goblet Cells Play a Protective Role Against GVHD Via a Lypd8-Dependent Manner after Allogeneic Hematopoietic Stem Cell Transplantation,
New trends in autologous and allogeneic stem cell transplantation-an update from the annual ASH meeting 2020,
Chronic GVHD: Intersecting Aspects in Systemic and Ocular Disease,
P392 COMPARISON BETWEEN RIFAXIMIN AND CIPROFLOXACIN IN MICROBIOTA DIVERSITY AS NEUTROPENIA PROPHYLAXIS IN ALLOGENEIC HEMATOPOIETIC CELL TRANSPLANTATION,
Cpit (Check Point Inhibitor Trial) 002: Phase I Study of Single-Agent and Combined Checkpoint Inhibition (CI) after Allogenic Hematopoietic Stem Cell Transplantation (alloHCT) in Patients at High Risk for Post-Transplant Recurrence,
Immunobiology of Allogeneic Hematopoietic Cell Transplantation,
Chronic Granulomatous Disease: Determinants of Auto-Inflammation and Complications Following Hematopoietic Cell Transplantation,
Evaluating Effects of Age-related Microbiota Modulations in Hematopoietic Stem Cell Transplant Patients,
Create a healthy diet after transplant!,
Diagnostic Performance and Clinical Impacts of Metagenomic Sequencing after Allogeneic Hematopoietic Stem Cell Transplantation,
Chronic GVHD: Intersecting Aspects in Systemic and Ocular Disease,
"The mycobiota, bone marrow transplantation, and clinical outcomes",
The role of autophagy gene Atg16L1 in allogeneic hematopoietic stem cell transplantation - Renewal - 1,
Efficient treatment of murine acute GvHD by in vitro expanded donor regulatory T cells,
Immunobiology of Allogeneic Hematopoietic Cell Transplantation,
Pilot Project 2: Social Correlates of Variation in Intestinal and Oral Microbiome Among Hematopoietic Stem Cell Transplant Patients: A Geographic Exploration in the City of Chicago,
Microbiota Injury is Conditioning Regimen-Dependent in Allogeneic Hematopoietic Cell Transplantation Recipients,
Is Human Cell Therapy Research Caught in a Mousetrap?,
Control of GVHD by Probiotics with individual Commensal Bacteria,
The Absence of IL-12R132 Expression on Recipient Nonhematopoietic Cells Diminishes Acute Graft-versus-Host Disease in the Gastrointestinal Tract,
Influence of Prophylactic Antibiotics Aiming at Gut Decontamination on Gastrointestinal Graft-Versus-Host Disease and Overall Survival Following Allogeneic Haematopoietic Stem Cell Transplantation,
Omitting Ciprofloxacin Prophylaxis in Allogeneic Hematopoietic Stem Cell Transplantation Does Not Result in Inferior Outcomes,
The Role of Bacteria and Pattern Recognition Receptors in GvHD,
"The mycobiota, bone marrow transplantation, and clinical outcomes",
Immunobiology of Allogeneic Hematopoietic Cell Transplantation,
The colonic microbiota and immunity after hematopoietic stem cell transplantation,
Effectiveness of Antibacterial Prophylaxis with Non-Absorbable Polymyxin B Compared to Levofloxacin after Allogeneic Hematopoietic Stem Cell Transplantation,
Influence of ESBL colonization status on gut microbiota composition during allogenic hematopoietic stem cell transplantation,
Oral Vancomycin Is Highly Effective in Preventing Clostridium Difficile infection in Allogeneic Hematopoietic Stem Cell Transplant Recipients,
Propagation of graft vs. host disease through CD4+ T-cell cognate recognition of gastrointestinal microbiota,
Oral Mucositis Is Associated with Distinctive Patterns of Oral Microbiota Injury in Patients Undergoing Allogeneic Hematopoietic Stem Cell Transplantation,
Interventional Antibiotic Treatment Replacing Antibiotic Prophylaxis during Allogeneic Hematopoietic Stem Cell Transplantation Is Safe and Feasible: A Single-Center Analysis,
"Pretransplant targeting of TNFRSF25 and CD25 stimulates recipient Tregs in target tissues, ameliorating GVHD post-HSCT",
"Increased Intestinal Permeability and Stool Zonulin, Calprotectin and Beta-Defensin-2 Concentrations in Allogenic Hematopoietic Cell Transplantation Recipients",
Microbial metabolite sensor GPR43 controls severity of experimental GVHD,
Regeneration After Radiation- and Immune-Mediated Tissue Injury Is Not Enhanced by Type III Interferon Signaling,
Project 6: Clinical Trials Focusing on Microbiota and Novel Cell Therapies,
The role of autophagy gene Atg16L1 in allogeneic hematopoietic stem cell transplantation - Renewal - 1,
Candida colonization is associated with severe acute GVHD in adult patients undergoing single-unit cord blood transplantation,
Pre-Transplant and Peri-d100 Gastrointestinal Dysbiosis Is Associated with the Subsequent Development of Chronic Graft-Versus-Host Disease,
Characterization of oral bacterioma in patients undergoing allogeneic transplantation and correlation with clinical data,
Characterizing Unmapped Reads to Decipher Microbiome Lead to Identification of Possible Dysbiosis in Fatal Graft-Versus-Host Disease of the Intestine,
Project 6: Clinical Trials Focusing on Microbiota and Novel Cell Therapies,
Fecal microbiota transplantation after allogeneic HSCT for curing recurrent Clostridium difficile infection: Why using the stem cell donor again?,
Alloreactive T cells deficient of the short-chain fatty acid receptor GPR109A induce less graft-versus-host disease,
EFFECT OF SELECTIVE DECONTAMINATION OF THE DIGESTIVE-TRACT OF DONOR AND RECIPIENT ON THE OCCURRENCE OF MURINE DELAYED-TYPE GRAFT-VERSUS-HOST DISEASE,
Assessment of mucosal integrity by quantifying neutrophil granulocyte influx in murine models of acute intestinal injury,
Combined nifuroxazide and SAT05f therapy reduces graft-versus-host disease after experimental allogeneic bone marrow transplantation,
MassIVE MSV000100719 - Immunomodulatory metabolites define gut microbiome recovery at day +100 after allogeneic HCT and associate with improved survival and reduced relapse risk,
A novel and effective oral antibiotics treatment to the graft-versus-host disease model mouse.,
EXPERIMENTAL AND CLINICAL GNOTOBIOTICS - INFLUENCE OF THE MICROFLORA ON GRAFT-VERSUS-HOST DISEASE AFTER ALLOGENEIC BONE-MARROW TRANSPLANTATION,
Graft-Versus-Host Disease Alters Intestinal Microbial Ecology by Inhibiting Production of Enteric Defensins,
"Intestinal Microbiota Injury during Allo-Hsct Is Generalizable across Transplantation Centers and Is Associated with Increased Mortality, Broad-Spectrum Antibiotics, and Decreased Calorie Intake",
Image_2_Low Intestinal IL22 Associates With Increased Transplant-Related Mortality After Allogeneic Stem Cell Transplantation.tif,
The role of the intestinal microbiome in allogeneic hematopoietic cell transplantation.,
Clinical Trials of Allogeneic Transplantation for Inherited Immune Deficiencies,
BONE-MARROW TRANSPLANTATION,
Project 2: REG3A Regulation of GI GVHD,
Microbiota mechanisms and biomarkers in GVHD,
Immune reconstitution following autologous and allogeneic stem cell transplant,
Cellular and Molecular Studies of Bone Marrow Transplant,
Gut microbiome-derived metabolites modulate intestinal epithelial cell damage and mitigate graft-versus-host disease,
Image_1_Low Intestinal IL22 Associates With Increased Transplant-Related Mortality After Allogeneic Stem Cell Transplantation.tif,
Project 6: Clinical Trials Focusing on Microbiota and Novel Cell Therapies,
Chronic GVHD: Intersecting Aspects in Systemic and Ocular Disease,
Broad Virus Detection and Variant Discovery in Fecal Samples of Hematopoietic Transplant Recipients Using Targeted Sequence Capture Metagenomics,
IFN-Œª therapy prevents severe gastrointestinal graft-versus-host disease,
Prolonged Suppression of Butyrate Producing Bacteria Indicates Dysbiosis And is Associated with Acute Gastrointestinal Graft-Versus-Host Disease And Transplant Related Mortality After Allogeneic Stem Cell Transplantation,
Project 6: Clinical Trials Focusing on Microbiota and Novel Cell Therapies,
Distribution of possibly confounding transplant-related variables within two subgroups of patients.,
The role of intestinal microbiota in graft-versus-host disease,
Cellular and Molecular Studies of Bone Marrow Transplant,
Gut Microbiome Changes after Stem Cell Transplantation,
Immune reconstitution following autologous and allogeneic stem cell transplant,
Intestinal Microbiota in Bone Marrow Transplantation,
Microbiota-focused strategies to mitigate GVHD,
Nutrition As a Predictor of Microbiome Injury in Allo-HCT,
Rational Modification of Human Gut Microbiome and Metabolites By Dietary Resistant Starch in Allogeneic Hematopoietic Stem Cell Transplantation: A Feasibility Study,
The incidence and impact of clostridioides difficile infection on transplant outcomes in acute leukemia and MDS after allogeneic hematopoietic cell transplant-a CIBMTR study,
Role of the Gut Microbiome in Acute Graft Versus Host Disease: A Pilot Study,
Immune reconstitution following autologous and allogeneic stem cell transplant,
ViroCap enriched viral metagenomic sequences from stool samples of adult transplant patients presenting with GvHD,
An autologous antigen-agnostic dendritic cell therapy that forgoes antigen loading,
Project 2: REG3A Regulation of GI GVHD,
Project 6: Clinical Trials Focusing on Microbiota and Novel Cell Therapies,
The association between acute graft-versus-host disease and antimicrobial peptide expression in the gastrointestinal tract after allogeneic stem cell transplantation,
Cellular and molecular mechanisms of target tissue resistance for mitigating GVHD severity,
Gastro-intestinal microbiome diversity changes after allogeneic stem cell transplantation,
THE EFFECTS OF THE INTESTINAL MICROFLORA OF SELECTIVELY DECONTAMINATED PATIENTS ON THE SEVERITY OF ACUTE GRAFT-VERSUS-HOST DISEASE OF THE GUT - A COMPARATIVE-STUDY ON SELECTIVE AND TOTAL DECONTAMINATION IN PATIENTS UNDERGOING ALLOGENEIC BONE-MARROW TRANSPLANTATION,
Metagenomic analysis of gut microbiota in pediatric allogeneic stem cell transplantation underscores marked differences in patients with GVHD,
The antibiotic paradox in allogeneic stem cell transplantation,
Innate lymphoid cells in treatment-induced gastrointestinal pathogenesis,
Chronic GVHD: Intersecting Aspects in Systemic and Ocular Disease,
Long-term oncological outcomes of indocyanine green fluorescence imaging-guided laparoscopic lymphadenectomy for gastric cancer: 5-year outcomes from the FUGES-012 randomized clinical trial,
Cellular and molecular mechanisms of target tissue resistance for mitigating GVHD severity,
Orchestrating Oral Chronic Graft-Versus-Host Disease: The Tryptophan Connection,
Control of GVHD by Probiotics with individual Commensal Bacteria,
Therapeutic targeting of endoplasmic reticulum stress in acute graft-versus-host disease,
Project 6: Clinical Trials Focusing on Microbiota and Novel Cell Therapies,
The Microbiome and Allogeneic Stem Cell Transplantation,
Pre-Engraftment Gut Colonization with Enterococcus Casseliflavus Improves Survival after Allogeneic Hematopoietic Cell Transplantation,
Therapeutic Effects of HLA-G5 Overexpressing hAMSCs on aGVHD After Allo-HSCT: Involving in the Gut Microbiota at the Intestinal Barrier,
Disruption of the Oral Microbiota Predicts Poor Outcomes after Allogeneic Hematopoietic Stem Cell Transplantation,
Severe bacterial and fungal infections after BMT and relation to acute GVHD.,
Data_Sheet_1_Protecting Intestinal Microenvironment Alleviates Acute Graft-Versus-Host Disease.zip,
Probiotic effects on experimental graft-versus-host disease:: let them eat yogurt,
ALLOGENEIC BONE-MARROW TRANSPLANTATION IN CONVENTIONAL MICE .1. EFFECT OF ANTIBIOTIC THERAPY ON LONG-TERM SURVIVAL OF ALLOGENEIC CHIMERAS,
Gut Microbiota-Induced Regulatory T Cells in Patients with Hematological Malignancies Receiving Allogeneic Hematopoietic Stem Cell Transplantation: Towards Deciphering a Role for These Tregs in aGVHD,
Early systemic broad spectrum antibiotic treatment increases risk of graft versus host disease and treatment-related mortality after allogeneic stem cell transplantation - possible role of indirect effects by microbiome disruption,
Metabolomics Profiling after Allogeneic Hematopoietic Stem Cell Transplantation Unravels a Specific Signature in Human Acute GVHD,
MyD88/TLR9 mediated immunopathology and gut microbiota dynamics in a novel murine model of intestinal graft-versus-host disease,
The correlation in the microbiome analysis of the conjunctiva and the gut between ocular graft-versus-host disease patients and graft-versus-host disease model mice,
LPS antagonism reduces graft-versus-host disease and preserves graft-versus-leukemia activity after experimental bone marrow transplantation,
The role of intestinal microbiota in graft-versus-host disease,
Clinical Trials of Allogeneic Transplantation for Inherited Immune Deficiencies,
Unmasking viral sequences by metagenomic next-generation sequencing in adult human blood samples during steroid-refractory/dependent graft-versus-host disease,
Chronic GVHD: Intersecting Aspects in Systemic and Ocular Disease,
Image_3_Low Intestinal IL22 Associates With Increased Transplant-Related Mortality After Allogeneic Stem Cell Transplantation.tif,
The Microbiome and Graft Versus Host Disease,
The role of intestinal microbiota in graft-versus-host disease,
Microbiota and Kegg analysis after allogeneic stem cell transplantation for hematological malignancies,
Immunomodulatory Microbial Metabolites Protect Against Graft-Vs-Host Disease and Enhance Anti-Leukemia Responses in Mice and Patients Receiving Stem Cell Transplantation,
Impact of Investigational Microbiome Therapeutic SER-155 on Pathogen Domination: Initial Results from a Phase 1b Study in Adults Undergoing Allogeneic Hematopoietic Cell Transplantation (HCT),
The Butyrogenic and Lactic Bacteria of the Gut Microbiota Determine the Outcome of Allogenic Hematopoietic Cell Transplant,
Project 6: Clinical Trials Focusing on Microbiota and Novel Cell Therapies,
Breath Analysis in Gastrointestinal Graft-Versus-Host Disease after Allogeneic Hematopoietic Cell Transplantation (HCT),
Carbapenem Antibiotics Promote Mucus Degradation By Bacteroides and Aggravate Graft-Versus-Host Disease,
The role of intestinal microbiota in graft-versus-host disease,
Evaluating Effects of Age-related Microbiota Modulations in Hematopoietic Stem Cell Transplant Patients,
ST2/MyD88 Deficiency Protects Mice against Acute Graft-versus-Host Disease and Spares Regulatory T Cells,
Protecting colonic mucus to mitigate acute intestinal graft-versus-host disease,
Core C: Special Assessment of Graft Function Post Transplant,
Association of intestinal permeability markers with clinical outcomes in patients undergoing allogeneic bone marrow transplantation,
Development and conduct of allogeneic stem cell transplant and autologous stem cell gene therapy for inherited immune deficiencies,
Microbiota mechanisms and biomarkers in GVHD,
The role of the intestinal microbiome in cancer immunotherapy,
Tissue-Specific Myeloablative Conditioning with Total Marrow Irradiation Enhances Gut Microbiome Diversity and Mitigates Gvhd: A Novel Therapeutic Approach,
"Treating or preventing disease, disorder, or condition associated with e.g. inflammation or cancer in subject, by administering prebiotic mixture, Bifidobacterium capable of consuming human milk oligosaccharides, and propionate producing bacterium",
Gut Microbiome Composition Is Associated with Engraftment Syndrome in Multiple Myeloma Patients Undergoing Autologous Stem Cell Transplantation,
"Escherichia coil-Based Cell-Free Protein Synthesis: Protocols for a robust, flexible, and accessible platform technology",
The role of intestinal microbiota in graft-versus-host disease,
Development and conduct of allogeneic stem cell transplant and autologous stem cell gene therapy for inherited immune deficiencies,
Parameters of Protein Metabolism and Thyroid Function As Predictors in a Scoring System for Acute and Chronic Graft-Versus-Host Disease,
ACUTE GRAFT-VERSUS-HOST DISEASE - ANALYSIS OF RISK-FACTORS AFTER ALLOGENEIC MARROW TRANSPLANTATION AND PROPHYLAXIS WITH CYCLOSPORINE AND METHOTREXATE,
Core Clinical Consortium for Blood and Marrow Transplant Clinical Trials Network,
Pooled Fecal Allogenic Microbiotherapy for Refractory Gastrointestinal Acute Graft- Versus-Host Disease: Results from Early Access Program in Europe,
Core C: Special Assessment of Graft Function Post Transplant,
Impact of Nutrition on Non-Relapse Mortality and Acute Graft Versus Host Disease during Allogeneic Hematopoietic Cell Transplantation for Hematologic Malignancies,
Core Clinical Consortium for Blood and Marrow Transplant Clinical Trials Network,
VASOACTIVE INTESTINAL POLYPEPTIDE SYNTHESIS BY THE GUT ENTERIC NEURAL PLEXUS PROMOTES A DIVERSE MICROBIOME AND CONFERS RESISTANCE TO GRAFT VERSUS HOST DISEASE,
New data science approaches to visualize and understand the impact of the microbiome on risk of graft-versus-host disease,
Intestinal Enterococcus Is a Major Risk Factor for the Development of Acute Gvhd,
Probiotics for Prevention of Acute Graft-vs-Host Disease in Children with Cancer,
Bioinformatics Core,
Systemically treating or preventing graft-versus-host disease comprises administering glucagon-like peptide-2 (GLP-2) analog or GLP-2 agonist,
THE INFLUENCE OF THE MICROBIAL FLORA ON INCIDENCE OF GRAFT-VS.-HOST DISEASE IN HUMAN ALLOGENEIC BONE MARROW TRANSPLANTATION,
Impact of Obesity on GVHD in Patients Undergoing Allogeneic Hematopoietic Cell Transplant for Hematologic Malignancies,
Lower Respiratory Tract Pathogen Colonization Detected By Metagenomic Next-Generation Sequencing of Bronchoalveolar Lavage Fluid before Allogeneic Hematopoietic Stem Cell Transplantation and Its Predicting Value for Post-Transplant Infection,
The role of intestinal microbiota in graft-versus-host disease,
Core Clinical Consortium for Blood and Marrow Transplant Clinical Trials Network,
Characterization of the intestinal microbiota and its metabolites in patients undergoing allogeneic transplantation and correlation with inflammatory markers,
Pretransplant Serum Citrulline Predicts Acute Graft-versus-Host Disease,
Biologic correlatives of chronic GVHD onset,
Intestinal Microbiota Transplant Prior to Allogeneic Stem Cell Transplant (MAST): A Multi-Center Randomized Double-Blinded Placebo-Controlled Phase IIa Trial,
Protecting colonic mucus to mitigate acute intestinal graft-versus-host disease,
CYTOSOLIC NUCLEIC ACID SENSORS PROMOTE INTESTINAL EPITHELIAL INTEGRITY DURING ACUTE TISSUE DAMAGE AND PROTECT FROM GRAFT-VERSUS-HOST DISEASE,
Probiotics for Prevention of Acute Graft-vs-Host Disease in Children with Cancer,
Core C: Special Assessment of Graft Function Post Transplant,
Characterization of the oral and intestinal microbiota in patients undergoing allogeneic transplantation and with Acute Graft-Versus-Host Disease,
Microbiota mechanisms and biomarkers in GVHD,
Protecting colonic mucus to mitigate acute intestinal graft-versus-host disease,
CD73-Expressing Microbiota-Reactive DP8Œ± Regulatory T Cells Are Lacking in Acute GvHD Patients and Prevent Disease Development in a Pre-Clinical In Vivo Humanized Mouse Model of GvHD,
Biologic correlatives of chronic GVHD onset,
Oral Vancomycin Prophylaxis Is Highly Effective in Preventing Clostridium difficile Infection in Allogeneic Hematopoietic Cell Transplant Recipients,
Core C: Special Assessment of Graft Function Post Transplant,
Targeting medium chain fatty acid metabolism for the treatment of chronic Graft-versus-Host Disease,
Immunomodulatory Microbial Metabolites Identified in Allo-SCT Patients Protect from GvHD By Sting Dependent Modulation of Intestinal Tissue Homeostasis,
Differential Impact of Total Body Irradiation- Versus Chemotherapy-Based Myeloablative Conditioning on Supragingival Plaque Microbiota and Oral Mucositis after Allogeneic Transplantation,
Core C: Special Assessment of Graft Function Post Transplant,
Bioinformatics Core,
Microbiota-focused strategies to mitigate GVHD,
Microbiota-focused strategies to mitigate GVHD,
Probiotics for Prevention of Acute Graft-vs-Host Disease in Children with Cancer,
Differential effects of two common GVHD prophylaxis regimens on the gut microbiome: Results from the BMT CTN 1801 study.,
Inhibition of Bromodomain and Extra Terminal (BET) Domain Activity Modulates the IL-23R/IL-17 Axis and Suppresses Acute Graft-Versus-Host Disease,
Core Clinical Consortium for Blood and Marrow Transplant Clinical Trials Network,
Pooled Fecal Allogenic Microbiotherapy for Refractory Gastrointestinal Acute Graft-Versus-Host Disease: Results from the Early Access Program in France,
Multicenter Microbiota Analysis Indicates That Pre-HCT Microbiota Injury Is Prevalent across Geography and Predicts Poor Overall Survival,
Evaluation of the immune-endocrine-microbiota axis in intestinal inflammation in mice with acute graft-versus-host disease,
Reduced post-transplant alpha-diversity and domination by enterococcus faecium are associated with increased mortality in pediatric recipients of allogeneic hematopoietic cell transplantation,
Development and conduct of allogeneic stem cell transplant and autologous stem cell gene therapy for inherited immune deficiencies,
ROLE OF THE MICROFLORA OF THE GASTROINTESTINAL TRACT IN THE DEVELOPMENT OF GRAFT-VERSUS-HOST DISEASE AFTER ALLOGENEIC BONE MARROW TRANSPLANTATION,
"Fecal microbiota sample useful for preventing and/or treating infectious or non-infectious complications, preferably Clostridium or enterococci infection resulting from allogeneic hematopoietic stem cell transplant in recipient patient",
THE INFLUENCE OF THE GUT FLORA ON GRAFT VS. HOST DISEASE GVHD FOLLOWING ALLOGENEIC BONE MARROW TRANSPLANTATION EXPERIMENTAL OBSERVATIONS AND POSSIBLE MECHANISMS,
Effective treatment of Clostridioides difficile infection improves survival and affects graft-versus-host disease: a multicenter study by the Polish Adult Leukemia Group,
Core C: Special Assessment of Graft Function Post Transplant,
Vasoactive Intestinal Peptide Signaling in Transplant Recipients Modulates Gut Microbiome Diversity and Regulates Graft-Versus-Host Disease,
Vancomycin-resistant enterococci (VRE) colonization is associated with worse outcomes post allogenic hemopoietic stem cell transplantation,
Microbial-Derived Metabolites Induce Epithelial Recovery Via the Sting Pathway in Mice and Men and Protect from Graft-Versus-Host Disease,
Probiotics for Prevention of Acute Graft-vs-Host Disease in Children with Cancer,
EFFECTS OF BACTERIAL NASO-OROPHARYNGEAL COLONIZATION ON ACUTE GRAFT-VERSUS-HOST DISEASE IN PATIENTS UNDERGOING ALLOGENEIC BONE-MARROW TRANSPLANTATION,
Development and conduct of allogeneic stem cell transplant and autologous stem cell gene therapy for inherited immune deficiencies,
A Novel Small Molecule Therapeutic for Acute Graft Versus Host Disease,
Indoles derived from intestinal microbiota act via type I interferon signaling to limit graft-versus-host disease,
A Phase 3 Randomized Controlled Trial (MICROCARE) to Evaluate the Efficacy of DAV132 in Preventing Clostridioides Difficile Infection in Patients with Newly Diagnosed Acute Myeloid Leukemia or High-Risk Myelodysplastic Syndrome and Treated with Intensive Chemotherapy,
SELECTIVE OR COMPLETE ELIMINATION OF THE ENDOGENOUS FLORA DURING ALLOGENEIC BONE MARROW TRANSPLANTATION,
Core Clinical Consortium for Blood and Marrow Transplant Clinical Trials Network,
"Treating or preventing e.g. disease associated with dysbiosis of intestinal microbiome, inflammation, infection, allergy, or immune dysfunction, by administering prebiotic mixture comprising human milk oligosaccharides and probiotic strain",
Bioinformatics Core,
Microbiota-Specific T Cells Contribute to Graft-Versus-Host Disease after Allogeneic Stem Cell Transplantation,
Bioinformatics Core,
Immunology Research Program,
Biologic correlatives of chronic GVHD onset,
A Randomized Open Label Pilot Study of Clostridium Butyricum Miyairi 588 (CBM588) in Recipients of Allogeneic Hematopoietic Cell Transplantation,
Preventing GVHD by inhibition of alloantigen presentation in the gut,
"Maintaining engraftment of probiotic strain of Bifidobacterium longum subspecies infantis in a subject to treat or prevent a disease, disorder, or condition in the subject, comprises administering synthetic human milk oligosaccharides",
RESTORATION OF NEUTROPHIL AND PLATELET-FUNCTION IN FELINE CHEDIAK-HIGASHI-SYNDROME BY BONE-MARROW TRANSPLANTATION,
Multiplex detection of gastrointestinal microbiota using short probes in graft vs. host disease,
The role of bile acid metabolomics in graft-versus-host disease,
Microbiota mechanisms and biomarkers in GVHD,
Biologic correlatives of chronic GVHD onset,
Exploring the Effects of G-CSF Mobilization on the Immune Function of Mucosal-Associated Invariant T Cell Subsets By Single-Cell RNA-Seq,
Immunology Research Program,
MHC Class II Antigen Presentation by the Intestinal Epithelium Initiates Graft-versus-Host Disease and Is Influenced by the Microbiota,
Microbial-Derived Metabolites Drive Protective Type-I Interferon Responses in Models of Gut Epithelial Damage and Limit Graft-Versus-Host Disease,
USE OF NONABSORBABLE ORAL ANTIBIOTICS IN SIMPLE REVERSE ISOLATION FOR PROPHYLAXIS OF INFECTIONS IN BONE MARROW TRANSPLANTATION,
Protecting colonic mucus to mitigate acute intestinal graft-versus-host disease,
Clinical Trials of Allogeneic Transplantation for Inherited Immune Deficiencies,
Indoxyl 3-sulfate inhibits maturation and activation of human monocyte-derived dendritic cells,
Gut Microbiota in Graft-versus-Host Disease,
Microbiota-focused strategies to mitigate GVHD,
Reg3 alpha serum levels in the course of allogeneic SCT - Synergistic impact of dysbiosis and mucosal damage,
Understanding longitudinal microbiome change in relation to immunologic outcomes in pediatric SCT recipients.,
Pooled Fecal Allogenic Microbiotherapy for Refractory Gastrointestinal Acute GraftVersus-Host Disease : Results from Early Access Program in Europe,
Immunology Research Program,
The role of intestinal microbiota in graft-versus-host disease,
Limited Utility of Outpatient Surveillance Blood Cultures in Hematopoietic Cell Transplant Recipients on High-Dose Steroids for Treatment of Acute Graft-versus-Host-Disease,
Preventing GVHD by inhibition of alloantigen presentation in the gut,
"Microbiota Phylogenic Analysis Revealed Decreased Abundance of Faecalibacterium Prausnitzii, an Anti-Inflammatory Commensal Bacterium, in Patients with Chronic Graft-Versus-Host Disease",
A Critical Role for Donor-Derived IL-22 in Cutaneous Chronic Gvhd,
ANTIGENEMIA DURING ACUTE GRAFT-VERSUS-HOST DISEASE,
The role of the intestinal microbiome in cancer immunotherapy,
Preventing GVHD by inhibition of alloantigen presentation in the gut,
HUMAN MICROBIOTA-REACTIVE DP8. REGULATORY T CELLS EXPRESSING CD73 ARE LACKING IN ACUTE GVHD PATIENTS AND PREVENT DISEASE DEVELOPMENT IN A PRE-CLINICAL HUMANIZED MOUSE MODEL,
Effect of Vancomycin-Resistance Enterococci Colonization Status Prior to Allogeneic Hematopoietic Cell Transplantation on Transplant Outcomes: A Single Center Retrospective Experience,
Anellovirus in Cerebrospinal Fluid in Patients with Encephalitis and Meningitis after Allo-HSCT: Clinical Characteristics and Prognosis,
New data science approaches to visualize and understand the impact of the microbiome on risk of graft-versus-host disease,
Enteral metronidazole for the prevention of graft versus host disease in pediatric marrow transplant recipients: results of a pilot study,
Preventing GVHD by inhibition of alloantigen presentation in the gut,
Microbiota mechanisms and biomarkers in GVHD,
REG3A Polymorphism Is Associated with the Incidence of Extensive Chronic Gvhd after Allogeneic BMT,
High stearic acid diet modulates gut microbiota and aggravates acute graft-versus-host disease,
Investigating the skin-immune system in dirty mice,
Understanding longitudinal microbiome change in relation to immunologic outcomes in pediatric SCT recipients.,
Analysis of Antibiotic Exposure and Development of Acute Graft-vs-Host Disease Following Allogeneic Hematopoietic Cell Transplantation,
History of graft-versus-host disease,
Bloodstream Infections and Outcomes Following Allogeneic Hematopoietic Cell Transplantation: A Single-Center Study,
Epigenetic Profiling of circulating cell-free DNA for the Monitoring of Graft-Versus-Host Disease after Hematopoietic Cell Transplantation,
Favorable Outcome in Patients with Pre-Transplant Gut Colonization with Intrinsically Vancomycin-Resistant Enterococci,
Core Clinical Consortium for Blood and Marrow Transplant Clinical Trials Network,
Targeting Intestinal Epithelial Ceacam1 Expands Peripheral Tregs and Prevents Steroid-Refractory Acute Gut GraftVersus-Host Disease,
GVHD prediction based on the microbiome,
Probiotics for Prevention of Acute Graft-vs-Host Disease in Children with Cancer,
Microbial Bile Acid Metabolism Shapes Effector T Cell Responses during Inflammation in Mouse and Human,
Long-Lasting AML-Specific Antibody Responses after Allogeneic Hematopoietic Progenitor Cell Transplantation,
Epigenetic Profiling of circulating cell-free DNA for the Monitoring of Graft-Versus-Host Disease after Hematopoietic Cell Transplantation,
"Composition useful e.g. for preventing, reducing, or treating rejection in patient undergoing transplantation, reducing inflammation and mucositis and treating or reducing risk of infection in patient, comprises purified population of bacteria",
Microbial Metabolite Sensor GPCR43 Controls Severity of Experimental Gvhd,
Bile acids in intestinal homeostasis and allogeneic hematopoietic transplantation,
Epigenetic Profiling of circulating cell-free DNA for the Monitoring of Graft-Versus-Host Disease after Hematopoietic Cell Transplantation,
"Treating, preventing and/or ameliorating symptoms related to conditions associated with impaired intestinal physiological hypoxia, by administering pharmaceutical composition comprising agents capable of restoring intestinal physiological hypoxia",
NLRP6 Expression By the Hosts Enhances the Severity of Experimental Graft-Versus-Host Disease (GVHD),
Core Clinical Consortium for Blood and Marrow Transplant Clinical Trials Network,
Clinical and Translational Science Award,
Univariate and multivariate associations of the detection of Staphylococcus haemolyticus and/or Ralstonia pickettii with the high risk of mortality at the follow-up period in Cox proportional hazard regression models.,
Risk Factors and Outcomes of Klebsiella Pneumoniae Infection before and after Allogeneic Hematopoietic Cell Transplantation,
Lymphocyte Reconstitution after Naive T Cell-Depleted Hematopoietic Cell Transplantation,
Bile acids in intestinal homeostasis and allogeneic hematopoietic transplantation,
"Composition useful e.g. as medicine to prevent and treat transplantation rejection of cells and transplant rejection disease, comprises microbiome strain",
lipocalin-2 expression identifies an immuno-regulatory intestinal neutrophil population during GVHD BM-081018-N1 BM-081018-N2 BM-081018-N3 BM-081018-N4 BM-081018-N5 BM-081018-N6 G1_13 G1_14 G1_15 G1_16 GVHD-081018-N1 GVHD-081018-N2 GVHD-081018-N3 GVHD-081018-N4 GVHD-081018-N5 GVHD-081018-N6 GVHD-081018-N7 GVHD-081018-N8 nG1_1 nG1_2 nG1_3 nG1_4,
Testing microbiome associations with survival times at both the community and individual taxon levels,
Influence of Oral Microbiota on Chronic Graft-Versus-Host Disease and Its Role As a Therapeutic,
Epigenetic Profiling of circulating cell-free DNA for the Monitoring of Graft-Versus-Host Disease after Hematopoietic Cell Transplantation,
The Role of Short Chain Fatty Acid Signaling in Graft versus Host Disease,
Baseline characteristics of the study population.,
Risk for Clostridium difficile Infection After Allogeneic Hematopoietic Cell Transplant Remains Elevated in the Postengraftment Period,
Bile acids in intestinal homeostasis and allogeneic hematopoietic transplantation,
Fungal dysbiosis and survival after allo-HCT,
"Pathogenesis, prevention and treatment of corticosteroid-resistant gut GVHD",
Raw_metagenomic_sequencing_for_Pediatrics_Gut_Decontamination_NCT02641236,
NLRP6 in Host Target Tissues Exacerbates Graft-Versus-Host Disease,
"Phase I/II trial of sitagliptin, bortezomib and post-transplant cyclophosphamide for GvHD prophylaxis; IND 158327 (09/03/2021)",
Nonindigenous bacteria identified from the tongue microbiota found in allo-HSCT recipients on the transplantation date in full-length 16S rRNA gene analysis.,
Relationship between the detection of Staphylococcus haemolyticus and/or Ralstonia pickettii and the baseline characteristics of the recipients.,
The role of bile acid metabolomics in graft-versus-host disease,
Local Myeloid Network Resilience Determines Organ-Specific Acute GvHD Outcomes,
Bile acids in intestinal homeostasis and allogeneic hematopoietic transplantation,
Plasma Short Chain Fatty Acids As a Predictor of Response to Therapy for Life-Threatening Acute Graft-Versus-Host Disease,
Probiotics for Prevention of Acute Graft-vs-Host Disease in Children with Cancer,