item ID (Read-Only),original ID,type,created (Read-Only),updated (Read-Only),creator (Read-Only),last read (Read-Only),read,notes,color,flag,ratings,doi,patent_id,pmid,pmcid,arxiv,file (Read-Only),year,Library URL,PDF URL,First author,Last author,Title,Author,Journal,ISSN,Url,Abstract,Date,Journal Abbreviation,Pages,Issue,Volume,Tags,Citekey,Editor,Language,Archive Location,eissn
4c1f5541-ced3-4fb8-8999-17fd00b127ee,85e3de8b23f21c61b786221199d9779e2e5e655d0ba2125e7a545010ce1c14c3,article,2026-04-22T20:34:10Z,2026-05-28T23:51:17Z,sophie.huebler@utah.edu (Sophie Huebler),,False,,,False,,10.1182/blood-2022-169118,,,,,1-s2.0-S0006497122048182-main.pdf,2022,https://app.readcube.com/library/e709e885-1259-44a2-b6a4-521798c9bfd8/item/4c1f5541-ced3-4fb8-8999-17fd00b127ee,https://www.readcube.com/library/e709e885-1259-44a2-b6a4-521798c9bfd8:4c1f5541-ced3-4fb8-8999-17fd00b127ee,"G√∂ttert, Sascha","Poeck, Hendrik",Immunomodulatory Microbial Metabolites Identified in Allo-SCT Patients Protect from GvHD By Sting Dependent Modulation of Intestinal Tissue Homeostasis,"G√∂ttert, Sascha; Thiele-Orberg, Erik; Fan, Kaiji; Ghimire, Sakhila; Heinrich, Paul; Herr, Wolfgang; Heidegger, Simon; Holler, Ernst; Poeck, Hendrik",Blood,0006-4971,http://dx.doi.org/10.1182/blood-2022-169118,,2022,Blood,7336-7337,Supplement 1,140,SecondPassAI-Include,g√∂ttert2022immunomodulatory-4c1,,,,
55db7e53-f8d7-4420-8324-bbabeacd5baf,20144d9bd6c5e6ba479ed641bbc9fe82585c43df8dab15033189929b6a44c69c,article,2026-04-22T20:34:10Z,2026-05-28T23:51:22Z,sophie.huebler@utah.edu (Sophie Huebler),,False,,,False,,10.64898/2026.02.19.706769,,41756883,PMC12934721,,2026.02.19.706769.full.pdf,2026,https://app.readcube.com/library/e709e885-1259-44a2-b6a4-521798c9bfd8/item/55db7e53-f8d7-4420-8324-bbabeacd5baf,https://www.readcube.com/library/e709e885-1259-44a2-b6a4-521798c9bfd8:55db7e53-f8d7-4420-8324-bbabeacd5baf,"Wirbel, Jakob","Bhatt, Ami S.",Differential effects of two common GVHD prophylaxis regimens on the gut microbiome: Results from the BMT CTN 1801 study,"Wirbel, Jakob; Saber, Wael; Martens, Michael J.; Peled, Jonathan U.; Andermann, Tessa M.; Fei, Teng; Brooks, Erin F.; Doyle, Boryana; Pincus, Nathan B.; Jenq, Robert R.; Bar, Merav; Bola√±os-Meade, Javier; Bratrude, Brandi; Chhabra, Saurabh; Choi, Sung Won; Clark, William; Das, Suman; Elmariah, Hany; Gooptu, Mahasweta; Holtan, Shernan G.; Jones, Richard J.; Levine, John E.; Logan, Brent R.; Malki, Monzr M. Al; Murthy, Hemant S.; Rashidi, Armin; Rezvani, Andrew R.; Riches, Marcie L.; Runaas, Lyndsey; Sandhu, Karamjeet; Spahn, Ashley; Sung, Anthony D.; den Brink, Marcel R.M. van; Horowitz, Mary M.; Hamadani, Mehdi; Kean, Leslie S.; Perales, Miguel-Angel; Bhatt, Ami S.",bioRxiv,,http://dx.doi.org/10.64898/2026.02.19.706769,"Allogeneic hematopoietic cell transplantation (allo-HCT) is a potentially curative treatment for many hematological malignancies, but graft-versus-host disease (GVHD) is a common complication. Low gut microbiome diversity is associated with higher GVHD risk and shorter survival in multiple studies. Recently, the BMT CTN 1703 clinical trial demonstrated superiority of a GVHD-prophylaxis regimen including post-transplant cyclophosphamide (PTCy) compared to the standard prophylaxis (tacrolimus and methotrexate, Tac/MTX) in terms of GVHD-free, relapse-free survival at one year among reduced intensity conditioning allo-HCT recipients. However, the effect of PTCy on the gut microbiome and its association with clinical outcome have not been described. Here, we report on a companion randomized clinical controlled trial (BMT CTN 1801), which collected 2575 longitudinal stool samples from 304 study participants. Samples were obtained up to weekly up to day 84 post allo-HCT and at less frequent intervals thereafter, up to 2 years. Microbiome diversity and absolute microbial load were lower in the PTCy group compared to the Tac/MTX group on days 14‚Äì28 post-HCT. However, diversity at the timepoint closest to neutrophil engraftment was not significantly associated with non-relapse mortality after one year or other clinical outcomes, contrary to expectations from previous studies. Microbial domination events, when a single species exceeds 30% relative abundance, were comparable across treatment arms and reflected both pathogen blooms as well as less severe disruptions of the microbial community. Clostridium scindens and secondary bile acid metabolism pathways were less prevalent in the PTCy arm than in the Tac/MTX arm post-HCT, yet presence of secondary bile acid metabolism pathways was associated with a lower risk of chronic GVHD. Given that PTCy was associated with a greater disruption of the microbiome as measured by diversity, absolute microbial abundance, and bile acid metabolism capability, but better clinical outcomes overall, these data suggest that the importance of the microbiome in modulating the host immune systems after allo-HCT is specific to different types of GVHD prophylaxis.",2026,bioRxiv,2026.02.19.706769,,,SecondPassAI-Include,wirbel2026differential-55d,,,,
b2372e52-87ae-4688-a605-958de6a03f06,d32ebebb24e9be9c6e91e349acd9193cb6584b5106e1810066fa0834c221be21,article,2026-04-22T20:34:10Z,2026-05-28T23:51:18Z,sophie.huebler@utah.edu (Sophie Huebler),,False,,,False,,10.4167/jbv.2016.46.4.307,,,,,"synapse.koreamed.org 5/7/2026, 3:05:16 PM.pdf",2016,https://app.readcube.com/library/e709e885-1259-44a2-b6a4-521798c9bfd8/item/b2372e52-87ae-4688-a605-958de6a03f06,https://www.readcube.com/library/e709e885-1259-44a2-b6a4-521798c9bfd8:b2372e52-87ae-4688-a605-958de6a03f06,Kim,Yu-Hee,Gut Microbiota in Graft-versus-Host Disease,Kim; Yu-Hee,Journal of Bacteriology and Virology,1598-2467,http://dx.doi.org/10.4167/jbv.2016.46.4.307,"Gut microbiota inhabit the host gastrointestinal (GI) tract and play roles in many aspects of metabolic and immunologic homeostasis. Understanding about gut microbiota composition in health and disease is accumulating with the advances in gene sequencing technology. Graft-versus-host disease (GVHD) is a major complication after allogenic bone marrow transplantation (allo-BMT), a gold standard clinical procedure to treat hematologic disorders such as leukemia and lymphomas. Recent studies have shown that a disturbance in the gut microbiota affects GVHD prognosis. Decrease in a compositional diversity is suggested as an independent predictor of GVHD and colonization of noncommensal Enterococcus is shown to be involved in unpleasant treatment outcomes. This article describes current understanding about allo-BMT-induced gut microbiota changes and its involvement in the incidence of GVHD. In addition, several putative therapeutic strategies to decrease GVHD-related mortality after allo-BMT are discussed.",2016,J. Bacteriol. Virol.,307-311,4,46,SecondPassAI-Include,kim2016gut-b23,,,,
e6ee618f-ee00-4673-b830-6f861e7cb67b,a559f31bf1b7d7885dd74a9a0ee9598992f4bcefcca8eec9d4f2e87a15686d78,article,2026-04-22T20:34:09Z,2026-05-28T23:51:17Z,sophie.huebler@utah.edu (Sophie Huebler),,False,,,False,,10.1182/blood-2024-205921,,,,,"ashpublications.org 5/7/2026, 1:26:34 PM.pdf",2024,https://app.readcube.com/library/e709e885-1259-44a2-b6a4-521798c9bfd8/item/e6ee618f-ee00-4673-b830-6f861e7cb67b,https://www.readcube.com/library/e709e885-1259-44a2-b6a4-521798c9bfd8:e6ee618f-ee00-4673-b830-6f861e7cb67b,"G√∂ttert, Sascha","Poeck, Hendrik",Immunomodulatory Microbial Metabolites Protect Against Graft-Vs-Host Disease and Enhance Anti-Leukemia Responses in Mice and Patients Receiving Stem Cell Transplantation,"G√∂ttert, Sascha; Thiele-Orberg, Erik; Fan, Kaiji; Heinrich, Paul; Wolff, Daniel; Weber, Daniela; Bassermann, Florian; Hoffmann, Petra; Edinger, Matthias; Koehler, Natalie; Gessner, Andr√©; Herr, Wolfgang; Heidegger, Simon M; Holler, Ernst; Poeck, Hendrik",Blood,0006-4971,http://dx.doi.org/10.1182/blood-2024-205921,"Background: The success of allogeneic hematopoietic stem cell transplantation (allo-HSCT) hangs on a delicate balance between preventing graft-versus-host disease (GvHD) while simultaneously promoting the elimination of residual malignant cells by an allogeneic immune reaction of donor T cells (graft-versus-leukemia (GvL)). Microbiome diversity and composition have been associated with clinical outcomes after allo-HSCT, including overall survival and incidence of GvHD [1-3]. Still, little is known about whether and how the microbiome modulates GvL. Our group recently established an ‚ÄúImmuno-Modulatory Metabolite Risk Index (IMM-RI)‚Äù comprised of microbiota-derived immuno-modulatory metabolites (IMMs) that were predictive of overall survival and relapse in patients receiving allo-HSCT [4]. The effect of IMMs has been partially attributed to type-I interferon (IFN-I) responses, which have been associated with positive or negative outcomes on GvHD, depending on the timing of IFN-I activation. We hypothesized microbiota-derived metabolites engage IFN-I signaling in epithelial and immune cells, poising them to modulate GvHD and GvL. To address the underlying cellular and molecular mechanisms, we screened for IMMs in allo-HSCT patients and tested them as treatment in patient ex vivo and murine in vivo models. Methods Stool samples from patients receiving allo-HSCT were obtained at Rechts der Isar, Munich, and University Hospital Regensburg per IRB-approved study protocols (German Clinical Trials Register (DRKS00034175)). We quantified levels of microbiota-derived metabolites by mass spectrometry. IMMs detected in patients were tested as treatment in murine and human immune cells, intestinal crypt-derived organoids, and organoid/T cell co-culture assays. To test for the requirement for IFN-I signaling, we stimulated WT or IFN-I-signaling-impaired organoids (MAVS-/-, STINGgt/gt, IFNaR-/-) or used small molecule inhibitors and analyzed them regarding growth performance, intestinal stem cell (ISC) numbers, and by scRNAseq. IMMs were used to treat intestinal damage and major mismatch GvHD mouse models. Outcomes were assessed using a novel organoid recovery assay in addition to established read-outs (histology, barrier integrity, immune infiltrate). IMM treatment was also performed in germ-free or antibiotic-induced dysbiosis models to test for the requirement of microbiome signals. Results: We demonstrate that IMMs correlate with improved overall survival and reduced relapse rates in allo-HSCT patients. In preclinical models, IMM treatment showed dose-dependent effects. Low-dose IMM moderately enhanced graft-vs-leukemia responses and prevented graft-vs.-host disease by protecting the intestinal barrier and promoting intestinal regeneration, while high doses promoted T cell activation and risked hyperacute GvHD. IMM treatment remained effective despite broad-spectrum antibiotic treatment, but not in germ-free mice. Mechanistically, IMM promoted mTORC1-dependent activation and proliferation of ISC, with the innate immune receptor STING required to mitigate metabolic stress and maintain an undifferentiated stem cell state. Consequently, the protective effect of IMMs was abrogated in STING-deficient mice. Conclusions: Our findings underscore the potential of IMM's epithelial- and immune-modulating properties, paving the way for the design of microbiome-based therapies that could significantly improve outcomes in allo-HSCT and potentially other cancer immunotherapies. References Peled, J.U., et al., Microbiota as Predictor of Mortality in Allogeneic Hematopoietic-Cell Transplantation. New England Journal of Medicine, 2020. 382(9): p. 822-834. Shono, Y., et al., Increased GVHD-related mortality with broad-spectrum antibiotic use after allogeneic hematopoietic stem cell transplantation in human patients and mice. Science Translational Medicine, 2016. 8(339): p. 339ra71-339ra71. Weber, D., et al., Microbiota Disruption Induced by Early Use of Broad-Spectrum Antibiotics Is an Independent Risk Factor of Outcome after Allogeneic Stem Cell Transplantation. Biology of Blood and Marrow Transplantation, 2017. 23(5): p. 845-852. Thiele Orberg, E., et al., Bacteria and bacteriophage consortia are associated with protective intestinal metabolites in patients receiving stem cell transplantation. Nature Cancer, 2024.",2024,Blood,264-264,Supplement 1,144,SecondPassAI-Include,g√∂ttert2024immunomodulatory-e6e,,,,
cd9906f1-eb1a-486b-8fed-58dc659b8b6c,2ef012122cc5e1ed01225fea953e42ad9b85d9139046bb47964f9f94a8cde5c9,article,2026-04-22T20:34:08Z,2026-05-28T23:51:18Z,sophie.huebler@utah.edu (Sophie Huebler),,False,,,False,,10.4061/2010/814326,,21188220,PMC3003997,,International Journal of Inflammation - 2010 - Holler - The Role of Bacteria and Pattern Recognition Receptors in GvHD.pdf,2010,https://app.readcube.com/library/e709e885-1259-44a2-b6a4-521798c9bfd8/item/cd9906f1-eb1a-486b-8fed-58dc659b8b6c,https://www.readcube.com/library/e709e885-1259-44a2-b6a4-521798c9bfd8:cd9906f1-eb1a-486b-8fed-58dc659b8b6c,"Holler, E.","Rogler, G.",The Role of Bacteria and Pattern Recognition Receptors in GvHD,"Holler, E.; Landfried, K.; Meier, J.; Hausmann, M.; Rogler, G.",International Journal of Inflammation,2090-8040,http://dx.doi.org/10.4061/2010/814326,"Graft‚Äêversus‚ÄêHost Disease (GvHD) is the most serious complication of allogeneic stem cell transplantation (SCT) and results from an activation of donor lymphocytes by recipient antigen‚Äêpresenting cells (APCs). For a long time, it has been postulated that the intestinal microflora and endotoxin exert a crucial step in this APC activation, as there is early and severe gastrointestinal damage induced by pretransplant conditioning. With the detailed description of pathogen‚Äêassociated molecular patterns and pathogen recognition receptors single nucleotide polymorphisms of TLRs and especially NOD2 have been identified as potential risk factors of GvHD and transplant related complications thus further supporting the crucial role of innate immunity in SCT, related complications. Gastrointestinal decontamination and neutralization of endotoxin have been used to interfere with this early axis of activation with some success but more specific approaches of modulation of innate immunity are needed for further improvement of clinical outcome.",2010,Int. J. Inflamm.,814326,1,2010,SecondPassAI-Include,holler2010role-cd9,,,,
8687f1e0-1188-4024-a348-e534cea9864d,43968d67942315af4609918fc7f5c565b13715463e28f42abc765695e9d18ff1,article,2026-04-22T20:34:07Z,2026-05-28T23:51:22Z,sophie.huebler@utah.edu (Sophie Huebler),,False,,,False,,10.1182/blood-2018-99-110270,,,,,1-s2.0-S0006497119381704-main.pdf,2018,https://app.readcube.com/library/e709e885-1259-44a2-b6a4-521798c9bfd8/item/8687f1e0-1188-4024-a348-e534cea9864d,https://www.readcube.com/library/e709e885-1259-44a2-b6a4-521798c9bfd8:8687f1e0-1188-4024-a348-e534cea9864d,"Shouval, Roni","Nagler, Arnon",Repeated Courses of Orally Administered Fecal Microbiota Transplantation for the Treatment of Steroid Resistant and Steroid Dependent Intestinal Acute Graft Vs. Host Disease: A Pilot Study (NCT 03214289),"Shouval, Roni; Youngster, Ilan; Geva, Mika; Eshel, Adi; Danylesko, Ivetta; Shimoni, Avichai; Beider, Katia; Fein, Joshua A; Sharon, Itai; Koren, Omry; Nagler, Arnon",Blood,0006-4971,http://dx.doi.org/10.1182/blood-2018-99-110270,"Background: Steroid-resistant (SR) intestinal acute graft versus host disease (aGVHD) is a devastating complication of allogeneic hematopoietic stem cell transplantation. Preliminary reports suggest that fecal microbiota transplantation (FMT) administered through a nasogastric tube or colonoscopy may be an effective treatment. We report the results of a single-arm pilot study (NCT 03214289) using FMT in capsules to treat SR or steroid dependent (SD) intestinal aGVHD. Methods: The primary outcome was the occurrence of severe adverse events (SAEs) at 28 days post last FMT course. Secondary outcomes included GVHD response. Complete response (CR) was defined as resolution of gastrointestinal symptoms or reduction of steroid dose to 5 mg of prednisone. Partial response was defined as a decrease in severity of GVHD by at least one stage or a ‚â•40% reduction in steroid dose. Patients were eligible if they had SR or SD gut aGVHD without active infection or neutropenia. Per-protocol, participants received a course of 30 frozen capsules of fecal matter over two consecutive days. FMT courses could be repeated from the same or a different donor, at the treating physician's discretion. Capsules are produced from healthy unrelated donors who underwent vigorous screening. They are taken orally and are flavorless and odor-free. To characterize the impact of the FMT on the gut microbiota, stool samples of recipients were serially collected and underwent 16s rRNA sequencing. Results: To date, we have enrolled 7 patients with intestinal aGVHD (6 SR, 1 SD) (Table). The median dose of methylprednisolone (MP) was 1 mg/kg (interquartile range [IQR] 0.8-1.3 mg/kg). FMT was administered at a median of 39 days (IQR 21-58 days) from aGVHD diagnosis. A total of 15 courses of FMT were given. Patients received a range of 1-3 FMT courses (median 2). The capsules were well tolerated. Patient #1 developed Enterococcus Faecium bacteremia 2 days following the second FMT. To track the source of bacteremia, we performed targeted metagenomic sequencing. The enterococcus strain from the blood culture was identified in the recipient's pre-FMT stool sample but not in the FMT inoculum (i.e., capsule), confirming that the bacteremia was not an FMT complication. Similarly, patient #6 developed Pseudomonas aeruginosa bacteremia 3 days after the 2nd FMT. 16s rRNA sequencing of the donor capsule failed to demonstrate Pseudomonas taxa. No other SAEs suspected to be related to the FMT were observed. Two patients achieved a CR with complete resolution of GVHD symptoms. Patient #6 had a partial improvement following the 1st FMT, with a reduction of MP from 2 mg/kg to 1.3 mg/kg. Three days after the 2nd FMT, she developed fatal pseudomonas bacteremia, not related to the FMT as detailed above. At last follow-up (median 61 days, IQR 40-99), 3/7 patients were alive. Three patients died from consequences of active GVHD, while one patients who responded to FMT and was free of GVHD, succumbed to an invasive Aspergillus infection of the brain. 16s rRNA sequencing of stool samples revealed bacterial domination (i.e., occupation of at least 40% of the microbiota by a single predominating taxon) of Escherichia(E) coli in four patients before FMT, with a major reduction following therapy. FMT was associated with the introduction of new bacteria and an increase in bacterial diversity in the recipient's stool (Figure). Conclusions: We demonstrate for the first time the utility of fecal microbiota transplantation in orally administered capsules for the treatment of severe intestinal acute GVHD. The capsules were well tolerated and safe. Metagenomic sequencing proved that a bacterial infection following FMT was not related to the procedure. Sequencing of the stool sample revealed bacterial domination with E.coli in 4/7 patients prior to the first FMT. Following FMT, bacterial diversity increased. Finally, 2/7 patients attained a complete response following therapy, suggesting a potential role of FMT in patient management. Figure. (A) Heatmap of operational taxonomics units (OTU). Each column marks a sequenced stool sample at a specific time point and rows individual taxas. The color code indicates relative abundance. Dotted lines represent an FMT course. Before FMT all patients, aside from patient #6, had markedly reduced diversity, with enrichment of OTUs following treatment. (B). Change of bacterial diversity, measured by the Shanon diversity index before and after FMTs. Disclosures No relevant conflicts of interest to declare.",2018,Blood,2121,Supplement 1,132,SecondPassAI-Include,shouval2018repeated-868,,,,
ee6c93b4-8983-4867-97c1-e6a550312f08,93ed5caba311d5e5e18f21ad0ab77ac9d5f04fac2f03f5b73cbc0829b98c8827,article,2026-04-22T20:34:07Z,2026-05-28T23:51:16Z,sophie.huebler@utah.edu (Sophie Huebler),,False,,,False,,10.1172/jci90592,,28581444,PMC5490758,,Altered homeostatic regulation of innate and adaptive immunity in lower gastrointestinal tract GVHD pathogenesis.pdf,2017,https://app.readcube.com/library/e709e885-1259-44a2-b6a4-521798c9bfd8/item/ee6c93b4-8983-4867-97c1-e6a550312f08,https://www.readcube.com/library/e709e885-1259-44a2-b6a4-521798c9bfd8:ee6c93b4-8983-4867-97c1-e6a550312f08,"Ferrara, James L.M.","Serody, Jonathan S.",Altered homeostatic regulation of innate and adaptive immunity in lower gastrointestinal tract GVHD pathogenesis,"Ferrara, James L.M.; Smith, Christopher M.; Sheets, Julia; Reddy, Pavan; Serody, Jonathan S.",Journal of Clinical Investigation,0021-9738,http://dx.doi.org/10.1172/jci90592,"Lower gastrointestinal (GI) tract graft-versus-host disease (GVHD) is the predominant cause of morbidity and mortality from GVHD after allogeneic stem cell transplantation. Recent data indicate that lower GI tract GVHD is a complicated process mediated by donor/host antigenic disparities. This process is exacerbated by significant changes to the microbiome, and innate and adaptive immune responses that are critical to the induction of disease, persistence of inflammation, and a lack of response to therapy. Here, we discuss new insights into the biology of lower GI tract GVHD and focus on intrinsic pathways and regulatory mechanisms crucial to normal intestinal function. We then describe multiple instances in which these homeostatic mechanisms are altered by donor T cells or conditioning therapy, resulting in exacerbation of GVHD. We also discuss data suggesting that some of these mechanisms produce biomarkers that could be informative as to the severity of GVHD and its response to therapy. Finally, novel therapies that might restore homeostasis in the GI tract during GVHD are highlighted.",2017,J. Clin. Investig.,2441-2451,7,127,SecondPassAI-Include,ferrara2017altered-ee6,,,,
fdba0f0d-86a3-483e-9e41-4e22fa235856,f25a5c29a019b6b08be594db9bd985364d0a1bf2b6d715049086a8eb03c24f87,article,2026-04-22T20:34:07Z,2026-05-28T23:51:22Z,sophie.huebler@utah.edu (Sophie Huebler),,False,,,False,,10.1016/j.coi.2025.102649,,40865409,,,1-s2.0-S0952791525001256-main.pdf,2025,https://app.readcube.com/library/e709e885-1259-44a2-b6a4-521798c9bfd8/item/fdba0f0d-86a3-483e-9e41-4e22fa235856,https://www.readcube.com/library/e709e885-1259-44a2-b6a4-521798c9bfd8:fdba0f0d-86a3-483e-9e41-4e22fa235856,"Ye, Yishan","Mohty, Mohamad",Emerging novel therapies for steroid-refractory acute graft-versus-host disease: recent advances and future directions,"Ye, Yishan; Hao, Wenjing; Malard, Florent; Mohty, Mohamad",Current Opinion in Immunology,0952-7915,http://dx.doi.org/10.1016/j.coi.2025.102649,"Acute graft-versus-host disease (aGVHD) is a significant complication of allogeneic hematopoietic cell transplantation (allo-HCT), characterized by immune-mediated tissue damage from donor immune cells. Standard treatment of aGVHD involves systemic corticosteroids, but many patients do not respond adequately, with 30%‚Äì50% of patients being steroid¬†refractory (SR-aGVHD) leading to poor outcomes. This highlights the need for effective second-line therapies. Ruxolitinib, a JAK1/2 inhibitor, has emerged as a key treatment, demonstrating superior overall response rates in SR-aGVHD compared to best available therapies. However, resistance and intolerance to ruxolitinib necessitate exploring novel and combination therapies such as apraglutide, neihulizumab, and other targeted agents, which have shown promising results in clinical trials. Additionally, nonpharmacologic approaches, including microbiotherapy, mesenchymal stromal cells, or alpha-1 antitrypsin, are also being investigated for their immunomodulatory potential. The future direction is to develop personalized treatment strategies that incorporate biomarkers and diverse therapeutic modalities. The aim is to enhance disease management, aiming for sustainable control and improved quality of life in patients facing the challenges of SR-aGVHD.",2025,Curr. Opin. Immunol.,102649,,96,SecondPassAI-Include,ye2025emerging-fdb,,,,
5e6cd1fc-0b5f-44bb-9c9c-6c7d746133b6,535cedb15fcf9bbd8c887b31295338b1e23a04a8fbf4570fccfb6ed3194a01f3,article,2026-04-22T20:34:06Z,2026-05-28T23:51:17Z,sophie.huebler@utah.edu (Sophie Huebler),,False,,,False,,10.1016/j.cell.2022.09.007,,36179667,PMC9542352,,"pmc.ncbi.nlm.nih.gov 5/7/2026, 1:02:35 PM.pdf",2022,https://app.readcube.com/library/e709e885-1259-44a2-b6a4-521798c9bfd8/item/5e6cd1fc-0b5f-44bb-9c9c-6c7d746133b6,https://www.readcube.com/library/e709e885-1259-44a2-b6a4-521798c9bfd8:5e6cd1fc-0b5f-44bb-9c9c-6c7d746133b6,"Hayase, Eiko","Jenq, Robert R.",Mucus-degrading Bacteroides link carbapenems to aggravated graft-versus-host disease,"Hayase, Eiko; Hayase, Tomo; Jamal, Mohamed A.; Miyama, Takahiko; Chang, Chia-Chi; Ortega, Miriam R.; Ahmed, Saira S.; Karmouch, Jennifer L.; Sanchez, Christopher A.; Brown, Alexandria N.; El-Himri, Rawan K.; Flores, Ivonne I.; McDaniel, Lauren K.; Pham, Dung; Halsey, Taylor; Frenk, Annette C.; Chapa, Valerie A.; Heckel, Brooke E.; Jin, Yimei; Tsai, Wen-Bin; Prasad, Rishika; Tan, Lin; Veillon, Lucas; Ajami, Nadim J.; Wargo, Jennifer A.; Galloway-Pe√±a, Jessica; Shelburne, Samuel; Chemaly, Roy F.; Davey, Lauren; Glowacki, Robert W.P.; Liu, Chen; Rondon, Gabriela; Alousi, Amin M.; Molldrem, Jeffrey J.; Champlin, Richard E.; Shpall, Elizabeth J.; Valdivia, Raphael H.; Martens, Eric C.; Lorenzi, Philip L.; Jenq, Robert R.",Cell,0092-8674,http://dx.doi.org/10.1016/j.cell.2022.09.007,"The intestinal microbiota is an important modulator of graft-versus-host disease (GVHD), which often complicates allogeneic hematopoietic stem cell transplantation (allo-HSCT). Broad-spectrum antibiotics such as carbapenems increase the risk for intestinal GVHD, but mechanisms are not well understood. In this study, we found that treatment with meropenem, a commonly used carbapenem, aggravates colonic GVHD in mice via the expansion of Bacteroides thetaiotaomicron (BT). BT has a broad ability to degrade dietary polysaccharides and host mucin glycans. BT in meropenem-treated allogeneic mice demonstrated upregulated expression of enzymes involved in the degradation of mucin glycans. These mice also had thinning of the colonic mucus layer and decreased levels of xylose in colonic luminal contents. Interestingly, oral xylose supplementation significantly prevented thinning of the colonic mucus layer in meropenem-treated mice. Specific nutritional supplementation strategies, including xylose supplementation, may combat antibiotic-mediated microbiome injury to reduce the risk for intestinal GVHD in allo-HSCT patients.",2022,Cell,3705-3719.e14,20,185,SecondPassAI-Include,hayase2022mucusdegrading-5e6,,,,
5a9e66c0-0908-49c5-b25d-52b0da9a5f59,288a7877f986306da4ddea2666b7dfe701cff827ef2bdbd80e3263d024561340,article,2026-04-22T20:34:05Z,2026-06-01T23:10:32Z,sophie.huebler@utah.edu (Sophie Huebler),2026-06-01T23:06:09Z,True,,,False,,10.1038/s41598-021-93571-4,,34253759,PMC8275574,,"www-nature-com.ezproxy.lib.utah.edu 5/7/2026, 12:55:01 PM.pdf",2021,https://app.readcube.com/library/e709e885-1259-44a2-b6a4-521798c9bfd8/item/5a9e66c0-0908-49c5-b25d-52b0da9a5f59,https://www.readcube.com/library/e709e885-1259-44a2-b6a4-521798c9bfd8:5a9e66c0-0908-49c5-b25d-52b0da9a5f59,"Masetti, Riccardo","Pession, Andrea",Early modifications of the gut microbiome in children with hepatic sinusoidal obstruction syndrome after hematopoietic stem cell transplantation,"Masetti, Riccardo; Biagi, Elena; Zama, Daniele; Muratore, Edoardo; D‚ÄôAmico, Federica; Leardini, Davide; Turroni, Silvia; Prete, Arcangelo; Brigidi, Patrizia; Pession, Andrea",Scientific Reports,2045-2322,http://dx.doi.org/10.1038/s41598-021-93571-4,"Hepatic sinusoidal obstruction syndrome (SOS/VOD) represents a dramatic complication of hematopoietic stem cell transplantation (HSCT), particularly in children. Recent evidence has suggested a role for the gut microbiome (GM) in the context of HSCT and its related complications, but no data are available on the relationship between GM and SOS/VOD. Here, we conducted a retrospective case‚Äìcontrol study in allo-HSCT pediatric patients developing or not SOS/VOD and profiled their GM over time, from before the transplant up to 72 days after. A rich and diverse GM before HSCT was found to be associated with a reduced likelihood of developing SOS/VOD. Furthermore, prior to transplant, patients not developing SOS/VOD showed an enrichment in some typically health-associated commensals, such as Bacteroides, Ruminococcaceae and Lachnospiraceae. Their levels remained overall higher until post-transplant. This high-diversity configuration resembles that described in other studies for other HSCT-related complications, including graft-versus-host disease, potentially representing a common protective GM feature against HSCT complications.",2021,Sci. Rep.,14307,1,11,"SecondPassAI-EdgeCase-Include,SecondPassAI-EdgeCaseReason-GVHDNotPrimary,ThirdPass-Include",masetti2021early-5a9,,,,
ac0beb14-385f-44f2-87e2-8495ac1ccb93,414d4436147a047e9dc5a81e45c5f35799252722f2fc4aa9783b2fa4271fb12b,article,2026-04-22T20:34:05Z,2026-05-28T23:51:18Z,sophie.huebler@utah.edu (Sophie Huebler),,False,,,False,,10.1182/blood-2019-129378,,,,,1-s2.0-S0006497118624747-main.pdf,2019,https://app.readcube.com/library/e709e885-1259-44a2-b6a4-521798c9bfd8/item/ac0beb14-385f-44f2-87e2-8495ac1ccb93,https://www.readcube.com/library/e709e885-1259-44a2-b6a4-521798c9bfd8:ac0beb14-385f-44f2-87e2-8495ac1ccb93,"Iyengar, Sujatha","Schwartz, David H.",Pilot Study of Telmisartan (Micardis) for Prevention of Acute Graft Vs. Host Disease after Allogeneic Hematopoietic Stem Cell Transplantation: Interim Analysis,"Iyengar, Sujatha; Rowley, Scott D.; Zhan, Caixin; Donato, Michele L.; Nyirenda, Themba; Schwartz, David H.",Blood,0006-4971,http://dx.doi.org/10.1182/blood-2019-129378,"Telmisartan (TMS) is an angiotensin receptor blocker with anti-inflammatory properties and little or no clinical immunosuppressive effect. We undertook an unblinded, single arm, pilot study of TMS (160 mg/d p.o.) for prevention of acute graft vs. host disease (aGvHD) in recipients of HLA matched allogeneic hematopoietic stem cell transplants (HSCTs). Primary endpoints of Grade II or >Grade III aGvHD (1994 Consensus Conference on Acute GVHD Grading) were compared with 178 similar HSCT historical controls over the preceding 3 yrs at our institution: 26% >Grade III, 74% Grade II. Safety endpoints included engraftment, relapse/progression by day (d) 180, non-relapse mortality by d 180, and serious drug-related adverse reactions. Experimental data were collected on blood endotoxin levels and stool microbiome composition. The study was powered to detect 20% or 50% reduced rates of, respectively, Grade II or >Grade III. We report results from a planned interim analysis triggered when the first 22 evaluable patients (pts) reached d 100. Of 27 evaluable pts, 24 were beyond d 180 by completion of this interim analysis. The study was designed to treat pts for two days prior to, and day of HSCT, and for an additional 98 days post-transplant, but pts were considered evaluable if they completed >14 days of post- transplant TMS, including pre-determined dose reductions. One enrollee received TMS for 13 days post-HSCT and was excluded from analysis. Five pts received 14-24 days of drug (4 by choice, 1 died of sepsis). More than half the evaluable patients (17/27) completed >94 days of post-HSCT therapy, including 6 who experienced an episode of hypotension. Almost half (13/27) received >80% of the full 101 day dose (16,160 mg), including 5 who experienced hypotension. Of the 6 enrollees receiving <24 days of drug, two had documented hypotension. No other serious drug-attributed adverse reactions were reported. Reasons cited for pts choosing to discontinue TMS were inconvenience of taking pills, and home stool sampling. Safety Endpoints: All pts engrafted promptly (ANC >500/uL, platelet >20,000/uL). Peripheral donor CD3+ T cell median and range of chimerism on days 28 and 84 were 99.5% (37-100) and 100.0% (36-100); bone marrow donor CD34+ cell chimerism was 97.0% (62-100). There was a single NRM during the 180 d study, and no graft rejection or increase in relapse or progression. Four relapses occurred within 180 days, and 2 more after d 180, resulting in two relapse deaths (d 370, and d 600). Primary Endpoints:A single individual developed hyperacute Grade III skin GvHD on day 7 p-HSCT. Another 12 of 27 patients developed Grade 2 aGvHD, one after the conventional 100 d window (d 141). Compared with historical controls, the incidence of aGvHD was significantly reduced for Grade II (p < 0.005) and Grade >III (p = 0.01), using the two-tailed Z-test of proportions. Experimental Endpoints: Acute GvHD is associated with increased gut permeability, bacterial translocation, and loss of gut microbiome diversity. Endotoxemia, an indicator of intestinal integrity, as measured by the endotoxin activity assay (EAA, Spectral Medical) reached septic levels in 40% of patients during pre-transplant conditioning (d -3 - d 0), and subsequently returned to, or maintained, non-septic levels from week 5 onward in 90% of patients, with an overall downward group trend of EAA scores during 180 days of follow up. Genotyping and analysis of bacterial V4 16S ribosomal DNA from weekly stool samples of the first 10 evaluable patients revealed no decrease in OTU richness or Shannon diversity at any time point pre- vs. post- treatment. Among the 5 most abundant phyla, Bacteroidetes was significantly less abundant post-treatment compared to pre-treatment. Among the 8 most abundant families, Bacteroidaceae significantly decreased post- vs. pre- treatment. While historic microbiome controls from our institution are not available, our finding of increased Bacteroidetes is in contrast to reported decreased Bacteroidetes in allogeneic HSCTs not receiving TMS, but may resemble changes after autologous HSCT. This trial, funded by the Gateway Foundation, is ongoing. Preliminary results indicate TMS is well tolerated, with a beneficial impact on aGvHD and no increased relapse or NRM, with excellent engraftment, and preservation of anti-tumor effect, intestinal barrier integrity, and gut microbial diversity. Disclosures Iyengar: Hackensack University Medical Center: Patents & Royalties: Telmisartan use patent.. Rowley: Allergan: Equity Ownership; Fate Therapeutics: Consultancy. Schwartz: Hackensack University Medical Center: Patents & Royalties: Telmisartan use patent. OffLabel Disclosure: Telmisartan. Indicated for treatment of hypertension.",2019,Blood,4546,Supplement_1,134,SecondPassAI-Include,iyengar2019pilot-ac0,,,,
095d953d-26ec-4e41-a1ee-367393333553,38516b577f1f09dba04ec20663f6b76a72bcb304b5d750e694a1b5269cf41f32,article,2026-04-22T20:34:04Z,2026-05-28T23:51:20Z,sophie.huebler@utah.edu (Sophie Huebler),,False,,,False,,10.3389/fnut.2022.993668,,36337625,PMC9632163,,"pmc.ncbi.nlm.nih.gov 5/7/2026, 12:49:54 PM.pdf",2022,https://app.readcube.com/library/e709e885-1259-44a2-b6a4-521798c9bfd8/item/095d953d-26ec-4e41-a1ee-367393333553,https://www.readcube.com/library/e709e885-1259-44a2-b6a4-521798c9bfd8:095d953d-26ec-4e41-a1ee-367393333553,"Muratore, Edoardo","Masetti, Riccardo",Nutritional modulation of the gut microbiome in allogeneic hematopoietic stem cell transplantation recipients,"Muratore, Edoardo; Leardini, Davide; Baccelli, Francesco; Venturelli, Francesco; Prete, Arcangelo; Masetti, Riccardo",Frontiers in Nutrition,2296-861X,http://dx.doi.org/10.3389/fnut.2022.993668,"Allogeneic hematopoietic stem cell transplantation (allo-HSCT) represents a potentially curative strategy for many oncological and non-oncological diseases, but it is associated with marked morbidity and mortality. The disruption of gut microbiota (GM) eubiosis has been linked to major allo-HSCT complications, including infections and acute graft vs. host disease (aGvHD), and correlates with mortality. This increasing knowledge on the role of the GM in the allo-HSCT procedure has led to fascinating ideas for modulating the intestinal ecosystem in order to improve clinical outcomes. Nutritional strategies, either by changing the route of nutritional supplementation or by administering specific molecules, are increasingly being considered as cost- and risk-effective methods of modulating the GM. Nutritional support has also emerged in the past several years as a key feature in supportive care for allo-HSCT recipients, and deterioration of nutritional status is associated with decreased overall survival and higher complication rates during treatment. Herein we provide a complete overview focused on nutritional modulation of the GM in allo-HSCT recipients. We address how pre transplant diet could affect GM composition and its ability to withstand the upsetting events occurring during transplantation. We also provide a complete overview on the influence of the route of nutritional administration on the intestinal ecosystem, with a particular focus on the comparison between enteral and parenteral nutrition (PN). Moreover, as mounting evidence are showing how specific components of post-transplant diet, such as lactose, could drastically shape the GM, we will also summarize the role of prebiotic supplementation in the modulation of the intestinal flora and in allo-HSCT outcomes.",2022,Front. Nutr.,993668,,9,SecondPassAI-Include,muratore2022nutritional-095,,,,
bd1eb615-7291-4039-b74f-676fcdead09e,a0f3475c9f3497d6db7a6c59135c45ebcc8640356597b1b6cad2c326aff6d029,article,2026-04-22T20:34:03Z,2026-06-01T23:24:18Z,sophie.huebler@utah.edu (Sophie Huebler),2026-06-01T23:19:30Z,True,,,False,,10.1186/s40164-022-00350-6,,36352455,PMC9644456,,"login.ezproxy.lib.utah.edu 5/7/2026, 12:48:00 PM.pdf",2022,https://app.readcube.com/library/e709e885-1259-44a2-b6a4-521798c9bfd8/item/bd1eb615-7291-4039-b74f-676fcdead09e,https://www.readcube.com/library/e709e885-1259-44a2-b6a4-521798c9bfd8:bd1eb615-7291-4039-b74f-676fcdead09e,"Liu, Yin","Xu, Yang",Fecal microbiota transplantation combined with ruxolitinib as a salvage treatment for intestinal steroid-refractory acute GVHD,"Liu, Yin; Zhao, Ye; Qi, Jiaqian; Ma, Xiao; Qi, Xiaofei; Wu, Depei; Xu, Yang",Experimental Hematology & Oncology,2162-3619,http://dx.doi.org/10.1186/s40164-022-00350-6,"Acute graft-versus-host disease (aGVHD), especially intestinal aGVHD, is one of the most severe complications after allogeneic hematopoietic stem cell transplantation (HSCT). Fecal microbiota transplantation (FMT) has been applied to the treatment of intestinal steroid-refractory aGVHD (SR-aGVHD). Ruxolitinib is the first drug recommended for SR-aGVHD. Here, we reported the outcome data from 21 patients who had received the combined treatment of FMT with ruxolitinib as a salvage treatment in intestinal SR-aGVHD after HSCT. The overall response rate on day 28 was 71.4% (95% CI 50.4‚Äì92.5%), including 10 patients with complete responses. The durable overall response at day 56 in responders was 80%. GVHD relapse rate was 33.3% in responders. The levels of inflammatory cytokines as well as T cells and NK cells activation declined. The diversity of the intestinal microbiota was improved in responders. Viral reactivations and severe cytopenia were the major adverse events (61.9% and 81% respectively). The estimated 6-month overall survival was 57.1% (95% CI: 35.9‚Äì78.3%), while event-free survival was 52.4% (95% CI: 21.7%-64.1%). Collectively, FMT with ruxolitinib could be an effective treatment for intestinal SR-aGVHD after HSCT. Trial registration: ClinicalTrials.gov identifier: NCT03148743.",2022,Exp. Hematol. Oncol.,96,1,11,"SecondPassAI-EdgeCase-Include,SecondPassAI-EdgeCaseReason-DiversityMetricsOnly,ThirdPass-Include",liu2022fecal-bd1,,,,
ce66b8b1-7f89-4439-9e40-b66057c0c278,32f102f6f092a98a9ad930a27ef46ce8ab4356b73d001b558a902ea27f4e6cf1,article,2026-04-22T20:34:02Z,2026-05-28T23:51:19Z,sophie.huebler@utah.edu (Sophie Huebler),,False,,,False,,10.4110/in.2017.17.3.144,,28680375,PMC5484644,,"immunenetwork.org 4/23/2026, 12:47:47 PM.pdf",2017,https://app.readcube.com/library/e709e885-1259-44a2-b6a4-521798c9bfd8/item/ce66b8b1-7f89-4439-9e40-b66057c0c278,https://www.readcube.com/library/e709e885-1259-44a2-b6a4-521798c9bfd8:ce66b8b1-7f89-4439-9e40-b66057c0c278,"Lee, Young-Kwan","Choi, Eun Young",TLR/MyD88-mediated Innate Immunity in Intestinal Graft-versus-Host Disease,"Lee, Young-Kwan; Kang, Myungsoo; Choi, Eun Young",Immune Network,1598-2629,http://dx.doi.org/10.4110/in.2017.17.3.144,"Graft-versus-host disease (GHVD) is a severe complication after allogeneic hematopoietic stem cell transplantation. The degree of inflammation in the gastrointestinal tract, a major GVHD target organ, correlates with the disease severity. Intestinal inflammation is initiated by epithelial damage caused by pre-conditioning irradiation. In combination with damages caused by donor-derived T cells, such damage disrupts the epithelial barrier and exposes innate immune cells to pathogenic and commensal intestinal bacteria, which release ligands for Toll-like receptors (TLRs). Dysbiosis of intestinal microbiota and signaling through the TLR/myeloid differentiation primary response gene 88 (MyD88) pathways contribute to the development of intestinal GVHD. Understanding the changes in the microbial flora and the roles of TLR signaling in intestinal GVHD will facilitate the development of preventative and therapeutic strategies.",2017,Immune Netw.,144-151,3,17,SecondPassAI-Include,lee2017tlrmyd88mediated-ce6,,,,
4e042f91-6318-4cb3-8d4d-497b454c10d9,a8d4b8b178a5fc934c73ce75d2ba5cdc55cc374c2447cb0e442f3b8008d6f693,article,2026-04-22T20:26:13Z,2026-05-28T23:51:22Z,sophie.huebler@utah.edu (Sophie Huebler),,False,,,False,,10.1038/s41598-021-90976-z,,34078971,PMC8172574,,"login.ezproxy.lib.utah.edu 4/23/2026, 11:47:33 AM.pdf",2021,https://app.readcube.com/library/e709e885-1259-44a2-b6a4-521798c9bfd8/item/4e042f91-6318-4cb3-8d4d-497b454c10d9,https://www.readcube.com/library/e709e885-1259-44a2-b6a4-521798c9bfd8:4e042f91-6318-4cb3-8d4d-497b454c10d9,"Skaarud, Kristin J.","Iversen, Per Ole",Mortality and microbial diversity after allogeneic hematopoietic stem cell transplantation: secondary analysis of a randomized nutritional intervention trial,"Skaarud, Kristin J.; Hov, Johannes R.; Hansen, Simen H.; Kummen, Martin; Valeur, J√∏rgen; Seljeflot, Ingebj√∏rg; Bye, Asta; Paulsen, Vemund; Lundin, Knut E. A.; Tr√∏seid, Marius; Tj√∏nnfjord, Geir E.; Iversen, Per Ole",Scientific Reports,2045-2322,http://dx.doi.org/10.1038/s41598-021-90976-z,"Gut mucosal barrier injury is common following allogeneic hematopoietic stem cell transplantation (allo-HSCT) and associated with poor clinical outcomes. Diet is critical for microbial diversity, but whether nutritional support affects microbiota and outcome after allo-HSCT is unknown. We present a secondary analysis of a randomized controlled nutritional intervention trial during allo-HSCT. We investigated if the intervention influenced gut microbiota, short-chain fatty acids (SCFAs), and markers of gut barrier functions, and if these parameters were associated with clinical outcomes. Fecal specimens were available from 47 recipients, and subjected to 16S rRNA gene sequencing. We found no significant differences between the intervention group and controls in investigated parameters. We observed a major depletion of microbiota, SCFAs, and altered markers of gut barrier function from baseline to 3 weeks post-transplant. One-year mortality was significantly higher in patients with lower diversity at 3 weeks post-HSCT, but not related to diversity at baseline. The relative abundance of Blautia genus at 3 weeks was higher in survivors. Fecal propionic acid was associated with survival. Markers of gut barrier functions were less strongly associated with clinical outcomes. Possibly, other strategies than dietary intervention are needed to prevent negative effects of gut microbiota and clinical outcomes after allo-HSCT. ClinicalTrials.gov (NCT01181076).",2021,Sci. Rep.,11593,1,11,SecondPassAI-Include,skaarud2021mortality-4e0,,,WOS:000687322500052,
5a51929d-2c0a-4e30-9fd0-373ea71e6fc2,ca31f3275ec759d78a87b7ab827eee620e0960eaf56b812baae9ea9311816f55,article,2026-04-22T20:26:13Z,2026-05-28T23:51:17Z,sophie.huebler@utah.edu (Sophie Huebler),,False,,,False,,10.1111/bjh.18574,,36468273,,,Br J Haematol - 2022 - Hino - Prolonged gut microbial alterations in post%E2%80%90transplant survivors of allogeneic haematopoietic.pdf,2023,https://app.readcube.com/library/e709e885-1259-44a2-b6a4-521798c9bfd8/item/5a51929d-2c0a-4e30-9fd0-373ea71e6fc2,https://www.readcube.com/library/e709e885-1259-44a2-b6a4-521798c9bfd8:5a51929d-2c0a-4e30-9fd0-373ea71e6fc2,"Hino, Akihisa","Hosen, Naoki",Prolonged gut microbial alterations in post‚Äêtransplant survivors of allogeneic haematopoietic stem cell transplantation,"Hino, Akihisa; Fukushima, Kentaro; Kusakabe, Shinsuke; Ueda, Tomoaki; Sudo, Takao; Fujita, Jiro; Motooka, Daisuke; Takeda, Aya K.; Shinozaki, Natsuko O.; Watanabe, Satoshi; Yokota, Takafumi; Shibayama, Hirohiko; Nakamura, Shota; Hosen, Naoki",British Journal of Haematology,0007-1048,http://dx.doi.org/10.1111/bjh.18574,"Dysbiosis of the gut microbiota has been reported to increase early complications after allogeneic haematopoietic stem cell transplantation (allo‚ÄêHSCT). However, it remains unclear whether gut microbial alterations persist during late complications, such as chronic graft‚Äêversus‚Äêhost disease (cGVHD) or secondary cancers. Here, we analysed the gut microbiota of 59 patients who survived for 1‚Äì21.7 years (median, 6.4 years) after allo‚ÄêHSCT. Long‚Äêterm survivors showed lower gut microbial diversity than the age‚Äê and sex‚Äêmatched healthy controls. This decreased diversity was reflected in the reduced abundance of the butyrate‚Äêproducing bacteria. Patients with a history of grade 3 acute graft‚Äêversus‚Äêhost disease (aGVHD) exhibited higher Veillonella abundance than patients with a history of grade 1‚Äì2 or non‚ÄêaGVHD cases. The abundance of Faecalibacterium showed no decrease only in limited cGVHD cases. Additionally, the microbial structure in the secondary cancer group was significantly different (p < 0.05) from that in the non‚Äêsecondary cancer group. This study is the first to show that microbial dysbiosis is present over a 10‚Äêyear lifetime after discharge following allo‚ÄêHSCT. Our results suggest that these prolonged gut microbial alterations may be associated with the development and exacerbation of late complications in post‚Äêtransplant survivors.",2023,Br. J. Haematol.,725-737,4,201,SecondPassAI-Include,hino2023prolonged-075,,eng,WOS:000896968400001,
96606a6f-1fa6-46f8-8fb5-34976e548990,166113166274bba7a9404c2b56c630b47bd7fd636897c36ff1b5b1018bfe8c7c,article,2026-04-22T20:26:13Z,2026-05-28T23:51:15Z,sophie.huebler@utah.edu (Sophie Huebler),2026-05-06T20:28:40Z,True,,,False,,10.1007/s00520-020-05821-2,,33094358,,,"login.ezproxy.lib.utah.edu 4/23/2026, 11:48:39 AM.pdf",2021,https://app.readcube.com/library/e709e885-1259-44a2-b6a4-521798c9bfd8/item/96606a6f-1fa6-46f8-8fb5-34976e548990,https://www.readcube.com/library/e709e885-1259-44a2-b6a4-521798c9bfd8:96606a6f-1fa6-46f8-8fb5-34976e548990,"Beckman, M. F.","Mougeot, J-L. C.",Allogenic stem cell transplant-associated acute graft versus host disease: a computational drug discovery text mining approach using oral and gut microbiome signatures,"Beckman, M. F.; Morton, D. S.; Mougeot, F. Bahrani; Mougeot, J-L. C.",Supportive Care in Cancer,0941-4355,http://dx.doi.org/10.1007/s00520-020-05821-2,"Acute graft versus host disease (aGVHD) is a major cause of non-relapse morbidity and mortality post-allogenic hematopoietic stem cell transplant (HSCT). Using conventional literature search and computational approaches, our objective was to identify oral and gut bacterial species associated with aGVHD, potentially affecting drug treatment via lipopolysaccharide (LPS) pathways. Medline, PubMed, PubMed Central, and Google Scholar were searched using MeSH terms. The top 100 hits per database were curated, and 25 research articles were selected to examine oral and gut microbiomes associated with health, HSCT, and aGVHD. Literature search validation, aGVHD drug targets, and microbial metabolic pathway identification were completed using BioReader, MACADAM, KEGG, and STRING programs. Our review determined that (1) oral genera Rothia, Solobacterium, and Veillonella were identified in HSCT patients‚Äô stool and associated with aGVHD; (2) shifts in gut enterococci profiles were determined in HSCT-associated aGVHD; (3) gut microbiome dysbiosis prior or during HSCT and lower Shannon diversity index at time of HSCT were also associated with increased risk of aGVHD and transplant related death; and (4) Coriobacteriaceae family was negatively correlated with gut aGVHD, whereas Eubacterium limosum was associated with decreased risk of chronic GVHD relapse. Additionally, we identified molecular pathways related to TLR4/ LPS, including candidate aGVHD drug targets, impacted by oral and gut bacterial taxa. Reduced microbial diversity reflects higher severity and mortality rate in HSCT patients with aGVHD. Multi-omics approaches to decipher oral and gut microbiome associations will be critical for developing aGVHD preventive therapies.",2021,Support. Care Cancer,1765-1779,4,29,SecondPassAI-Include,beckman2021allogenic-2ea,,eng,MEDLINE:33094358,
a31a2e91-e569-415c-b4e4-14e5ec4e2cff,1d382d46de8f0f1a5f6286fb0cec98020f865cb4630ab606d604007113876f65,article,2026-04-22T20:26:13Z,2026-05-28T23:51:23Z,sophie.huebler@utah.edu (Sophie Huebler),,False,,,False,,10.1038/s41409-024-02198-2,,38212672,,,"login.ezproxy.lib.utah.edu 4/23/2026, 11:22:34 AM.pdf",2024,https://app.readcube.com/library/e709e885-1259-44a2-b6a4-521798c9bfd8/item/a31a2e91-e569-415c-b4e4-14e5ec4e2cff,https://www.readcube.com/library/e709e885-1259-44a2-b6a4-521798c9bfd8:a31a2e91-e569-415c-b4e4-14e5ec4e2cff,"Youngster, Ilan","Nagler, Arnon",Fecal microbiota transplantation in capsules for the treatment of steroid refractory and steroid dependent acute graft vs. host disease: a pilot study,"Youngster, Ilan; Eshel, Adi; Geva, Mika; Danylesko, Ivetta; Henig, Israel; Zuckerman, Tsila; Fried, Shalev; Yerushalmi, Ronit; Shem-Tov, Noga; Fein, Joshua A.; Bomze, David; Shimoni, Avichai; Koren, Omry; Shouval, Roni; Nagler, Arnon",Bone Marrow Transplantation,0268-3369,http://dx.doi.org/10.1038/s41409-024-02198-2,"Acute graft-versus-host disease (aGvHD) is a serious complication of allogeneic hematopoietic stem-cell transplantation with limited treatment options. The gut microbiome plays a critical role in aGvHD pathogenesis. Fecal microbiota transplantation (FMT) has emerged as a potential therapeutic approach to restore gut microbial diversity. In this prospective pilot study, 21 patients with steroid-resistant or steroid-dependent lower gastrointestinal aGvHD received FMT in capsule form. At 28 days after the first FMT, the overall response rate was 52.4%, with 23.8% complete and 28.6% partial responses. However, sustained responses were infrequent, with only one patient remaining aGvHD-free long-term. FMT was generally well-tolerated. Microbiome analysis revealed dysbiosis in pre-FMT patient stool samples, with distinct microbial characteristics compared to donors. Following FMT, there was an increase in beneficial Clostridiales and a decrease in pathogenic Enterobacteriales. These findings highlight the potential of FMT as a treatment option for steroid-resistant aGvHD. Trial registration number NCT #03214289.",2024,Bone Marrow Transplant.,409-416,3,59,"Available,Contact?,SecondPassAI-Include",youngster2024fecal-308,,eng,CCC:001180567100019,
7e54ee3d-d334-4bf6-8e52-8b93ec1762b2,24abad8ad0954815a5a0dfabe0ece4b27a683c6d050bc3582bb5816dcf2316d0,article,2026-04-22T20:24:36Z,2026-05-28T23:51:15Z,sophie.huebler@utah.edu (Sophie Huebler),2026-05-21T18:39:26Z,True,,,False,,10.1016/j.beha.2018.09.011,,30466759,,,1-s2.0-S1521692618300847-main.pdf,2018,https://app.readcube.com/library/e709e885-1259-44a2-b6a4-521798c9bfd8/item/7e54ee3d-d334-4bf6-8e52-8b93ec1762b2,https://www.readcube.com/library/e709e885-1259-44a2-b6a4-521798c9bfd8:7e54ee3d-d334-4bf6-8e52-8b93ec1762b2,Barrett,John,Why is a 3-year NRM following allogeneic transplantation still stuck at approximately 20%?,Barrett; John,Best Practice & Research Clinical Haematology,1521-6926,http://dx.doi.org/10.1016/j.beha.2018.09.011,"Whether and when to recommend an allogeneic stem cell transplant (SCT) for a patient with leukemia is a treatment decision that rests on determining whether the transplant or non-transplant option carries the greatest probability of 3‚Äì5-year survival. While SCT confers a greater possibility of leukemia cure, the decision to transplant has to be made in the light of the high chance of treatment-related mortality (TRM) that follows the allograft. Here we identify that current estimates of a 20% 3-year TRM hold largely true for a variety of leukemias, diverse types of conditioning regimen, and varied donor-recipient compatibility across a wide age-range. While there is a wide spectrum of causes of death in the first few months after SCT, they usually stem from a limited set of immediate post-transplant complications, including those induced by the conditioning regimen, post-transplant endovascular damage, gut dysbiosis, graft-versus-host disease, and immunodeficiency causing viral reactivation. As we better understand and improve preventative treatments for these initiating events there is a real expectation that TRM will continue to fall to levels well below 10% within the next decade.",2018 Dec,Best Pr. Res. Clin. Haematol.,414-419,4,31,SecondPassAI-Include,barrett2018why-7e5,,eng,,1521-6926
2b823365-8724-4838-b07e-9a30666b33ea,4b8b3464cac34bc1d6f0eb3685fd6a1bcd660dbeb3c92dd6e7f2052d2f5a99a7,article,2026-04-22T20:24:35Z,2026-05-28T23:51:16Z,sophie.huebler@utah.edu (Sophie Huebler),,False,,,False,,10.3389/fimmu.2021.720354,,34539656,PMC8448388,,The Potential Roles of Mucosa-Associated Invariant T Cells in the Pathogenesis of Gut Graft-Versus-Host Disease After Hematopoietic Stem Cell Transplantation.pdf,2021,https://app.readcube.com/library/e709e885-1259-44a2-b6a4-521798c9bfd8/item/2b823365-8724-4838-b07e-9a30666b33ea,https://www.readcube.com/library/e709e885-1259-44a2-b6a4-521798c9bfd8:2b823365-8724-4838-b07e-9a30666b33ea,"Gao, Meng-Ge","Zhao, Xiao-Su",The Potential Roles of Mucosa-Associated Invariant T Cells in the Pathogenesis of Gut Graft-Versus-Host Disease After Hematopoietic Stem Cell Transplantation,"Gao, Meng-Ge; Hong, Yan; Zhao, Xiang-Yu; Pan, Xin-An; Sun, Yu-Qian; Kong, Jun; Wang, Zhi-Dong; Wang, Feng-Rong; Wang, Jing-Zhi; Yan, Chen-Hua; Wang, Yu; Huang, Xiao-Jun; Zhao, Xiao-Su",Frontiers in Immunology,1664-3224,http://dx.doi.org/10.3389/fimmu.2021.720354,"Gut acute graft-versus-host disease (aGVHD) is a serious complication after allogeneic hematopoietic stem cell transplantation (allo-HSCT) and is associated with high mortality. Mucosa-associated invariant T (MAIT) cells are a group of innate-like T cells enriched in the intestine that can be activated by riboflavin metabolites from various microorganisms. However, little is known about the function or mechanism of action of MAIT cells in the occurrence of gut aGVHD in humans. In our study, multiparameter flow cytometry (FCM) was used to evaluate the number of MAIT cells and functional cytokines. 16S V34 region amplicon sequencing analysis was used to analyze the intestinal flora of transplant patients. In vitro stimulation and coculture assays were used to study the activation and function of MAIT cells. The number and distribution of MAIT cells in intestinal tissues were analyzed by immunofluorescence technology. Our study showed that the number and frequency of MAIT cells in infused grafts in gut aGVHD patients were lower than those in no-gut aGVHD patients. Recipients with a high number of MAITs in infused grafts had a higher abundance of intestinal flora in the early posttransplantation period (+14 days). At the onset of gut aGVHD, the number of MAIT cells decreased in peripheral blood, and the activation marker CD69, chemokine receptors CXCR3 and CXCR4, and transcription factors RorŒ≥t and T-bet tended to increase. Furthermore, when gut aGVHD occurred, the proportion of MAIT17 was higher than that of MAIT1. The abundance of intestinal flora with non-riboflavin metabolic pathways tended to increase in gut aGVHD patients. MAIT cells secreted more granzyme B, tumor necrosis factor (TNF)-Œ±, and interferon (IFN)-Œ≥ under the interleukin (IL)-12/IL-18 stimulation [non-T-cell receptor (TCR) signal] and secreted most of the IL-17 under the cluster of differentiation (CD)3/CD28 stimulation (TCR signal). MAIT cells inhibited the proliferation of CD4+ T cells in vitro. In conclusion, the lower number of MAIT cells in infused grafts was related to the higher incidence of gut aGVHD, and the number of MAIT cells in grafts may affect the composition of the intestinal flora of recipients early after transplantation. The flora of the riboflavin metabolism pathway activated MAIT cells and promoted the expression of intestinal protective factors to affect the occurrence of gut aGVHD in humans.",2021,Front. Immunol.,720354,Supplement 1,12,SecondPassAI-Include,gao2021potential-2b8,,eng,,1664-3224
867b139c-3676-4eef-b35d-b74ede9cf146,a2f8b4e0ea86189ede00c2ad3adeb5e97125730bc01c1f1b29be60f314a0985e,article,2026-04-22T20:24:35Z,2026-05-28T23:51:17Z,sophie.huebler@utah.edu (Sophie Huebler),,False,,,False,,10.1111/ctr.12947,,28256022,,,Clinical Transplantation - 2017 - Gorshein - Lactobacillus rhamnosus GG probiotic enteric regimen does not appreciably.pdf,2017,https://app.readcube.com/library/e709e885-1259-44a2-b6a4-521798c9bfd8/item/867b139c-3676-4eef-b35d-b74ede9cf146,https://www.readcube.com/library/e709e885-1259-44a2-b6a4-521798c9bfd8:867b139c-3676-4eef-b35d-b74ede9cf146,"Gorshein, Elan","Strair, Roger",Lactobacillus rhamnosus GG probiotic enteric regimen does not appreciably alter the gut microbiome or provide protection against GVHD after allogeneic hematopoietic stem cell transplantation,"Gorshein, Elan; Wei, Catherine; Ambrosy, Susan; Budney, Shanna; Vivas, Juliana; Shenkerman, Angelika; Manago, Jacqueline; McGrath, Mary Kate; Tyno, Anne; Lin, Yong; Patel, Vimal; Gharibo, Mecide; Schaar, Dale; Jenq, Robert R.; Khiabanian, Hossein; Strair, Roger",Clinical Transplantation,0902-0063,http://dx.doi.org/10.1111/ctr.12947,"Graft‚Äêversus‚Äêhost disease (GVHD) is a major adverse effect associated with allogeneic stem cell transplant. Previous studies in mice indicated that administration of the probiotic Lactobacillus rhamnosus GG can reduce the incidence of GVHD after hematopoietic stem cell transplant. Here we report results from the first randomized probiotic enteric regimen trial in which allogenic hematopoietic stem cell patients were supplemented with Lactobacillus rhamnosus GG. Gut microbiome analysis confirmed a previously reported gut microbiome association with GVHD. However, the clinical trial was terminated when interim analysis did not detect an appreciable probiotic‚Äêrelated change in the gut microbiome or incidence of GVHD. Additional studies are necessary to determine whether probiotics can alter the incidence of GVHD after allogeneic stem cell transplant.",2017 May,Clin. Transplant.,e12947,5,31,SecondPassAI-Include,gorshein2017lactobacillus-867,,eng,,0902-0063
8a30af0c-82e5-49fc-a6aa-f9085a5a150b,6d0c1bcfcf5938113c965db77f4375226edc3470de77055966b5dbb5dc41ba63,article,2026-04-22T20:24:35Z,2026-05-28T23:51:17Z,sophie.huebler@utah.edu (Sophie Huebler),,False,,,False,,10.1038/s41467-025-65180-6,,41115965,PMC12537870,,"login.ezproxy.lib.utah.edu 4/23/2026, 11:12:03 AM.pdf",2025,https://app.readcube.com/library/e709e885-1259-44a2-b6a4-521798c9bfd8/item/8a30af0c-82e5-49fc-a6aa-f9085a5a150b,https://www.readcube.com/library/e709e885-1259-44a2-b6a4-521798c9bfd8:8a30af0c-82e5-49fc-a6aa-f9085a5a150b,"G√∂ttert, Sascha","Poeck, Hendrik",The microbial metabolite desaminotyrosine protects against graft-versus-host disease via mTORC1 and STING-dependent intestinal regeneration,"G√∂ttert, Sascha; Orberg, Erik Thiele; Fan, Kaiji; Heinrich, Paul; Matthe, Diana M.; Khalid, Omer; Klostermeier, Lena; Suriano, Chiara; Strieder, Nicholas; Gebhard, Claudia; Vonbrunn, Eva; Mamilos, Andreas; Hirsch, Daniela; Meedt, Elisabeth; Kleigrewe, Karin; Hiergeist, Andreas; Schwarz, Alix; Gl√§sner, Joachim; Ghimire, Sakhila; Joachim, Laura; Voll, Florian; Neuhaus, Klaus; Janssen, Klaus-Peter; Perl, Markus; Pielmeier, Franziska; Ruland, J√ºrgen; Kreutz, Marina; Weber, Daniela; Schmidl, Christian; K√∂hler, Natalie; Tschurtschenthaler, Markus; Hoffmann, Petra; Edinger, Matthias; Wolff, Daniel; Bassermann, Florian; Rehli, Michael; Haller, Dirk; Evert, Matthias; Hildner, Kai; B√ºttner-Herold, Maike; Herr, Wolfgang; Gessner, Andr√©; Heidegger, Simon; Holler, Ernst; Poeck, Hendrik",Nature Communications,2041-1723,http://dx.doi.org/10.1038/s41467-025-65180-6,"Changes in the intestinal microbiome and microbiota-derived metabolites predict clinical outcomes after allogeneic hematopoietic stem cell transplantation (allo-HSCT). Here, we report that desaminotyrosine (DAT), a product of bacterial flavonoid metabolism, correlates with improved overall survival and reduced relapse rates in patients receiving allo-HSCT. In preclinical mouse models, treatment with synthetic DAT prevents graft-versus-host disease by protecting the intestinal barrier and promoting intestinal regeneration and contributes to graft-vs.-leukemia responses. DAT¬¥s beneficial effects on intestinal regeneration remain effective despite broad-spectrum antibiotics-induced dysbiosis, also when administered by fecal microbiota transfer with flavonoid-degrading F. plautii. Mechanistically, DAT promotes mTORC1-dependent activation and proliferation of intestinal stem cells, with concomitant engagement of the innate immune receptor STING required to mitigate metabolic stress and maintain an undifferentiated stem cell state independently of type-I interferon responses. Additionally, DAT can skew T cells towards an effector phenotype to modulate graft-versus-leukemia responses. Our data uncover DAT‚Äôs dual, tissue- and immune-modulating properties and underscore its potential in precision microbiome-based therapies to improve tissue regeneration and minimize immune-mediated side effects.",2025 Oct 20,Nat. Commun.,9282,1,16,SecondPassAI-Include,g√∂ttert2025microbial-8a3,,eng,,2041-1723
c0d9b4df-e418-476b-a568-ad248722b14b,3d02b1731877b7b3ba1b71e7992fbdf3cdd3af8772a98e5b2e73cf8525e166fc,article,2026-04-22T20:24:35Z,2026-06-02T00:18:59Z,sophie.huebler@utah.edu (Sophie Huebler),2026-06-02T00:11:55Z,True,,,False,,10.1172/jci.insight.179458,,39088302,PMC11457850,,"insight.jci.org 4/23/2026, 11:21:20 AM.pdf",2024,https://app.readcube.com/library/e709e885-1259-44a2-b6a4-521798c9bfd8/item/c0d9b4df-e418-476b-a568-ad248722b14b,https://www.readcube.com/library/e709e885-1259-44a2-b6a4-521798c9bfd8:c0d9b4df-e418-476b-a568-ad248722b14b,"Godefroy, Emmanuelle","Altare, Fr√©d√©ric",Human gut microbiota-reactive DP8a regulatory T cells prevent acute graft-versus-host disease in a CD73-dependent manner,"Godefroy, Emmanuelle; Chevallier, Patrice; Haspot, Fabienne; Vignes, Caroline; Daguin, V√©ronique; Lambot, Sylvia; Verdon, Margaux; De Seilhac, Margaux; Letailleur, Valentin; Jarry, Anne; P√©dron, Annabelle; Guillaume, Thierry; Peterlin, Pierre; Garnier, Alice; Vibet, Marie-Anne; Mougon, Maxence; Bourgeois, Amandine; Jullien, Maxime; Jotereau, Francine; Altare, Fr√©d√©ric",JCI Insight,2379-3708,http://dx.doi.org/10.1172/jci.insight.179458,"Graft-versus-host disease (GvHD) is a life-threatening complication frequently occurring following allogeneic hematopoietic stem cell transplantation (allo-HSCT). Since gut microbiota and regulatory T cells (Tregs) are believed to play roles in GvHD prevention, we investigated whether DP8a Tregs, which we have previously described to harbor a TCR-specificity for the gut commensal Faecalibacterium prausnitzii, could protect against GvHD, thereby linking microbiota and its effect on GvHD. We observed a decrease in CD73+ DP8Œ± Treg frequency in allo-HSCT patients at 1-month post-transplantation, which was associated with aGvHD development at 1-month post-transplantation, as compared to aGvHD-free patients, without being correlated to hematological disease‚Äôs relapse. Importantly, CD73 activity was shown to be critical for DP8Œ±Treg suppressive function. Moreover, the frequency of host-reactive DP8Œ± Tregs was also lower in aGvHD patients, as compared to aGvHD-free patients, which could embody a protective mechanism responsible for the maintenance of these cell subset in GvHD-free patients. We also showed that human DP8Œ± Tregs protected mice against xeno-GvHD through limiting deleterious inflammation and preserving gut integrity. Altogether, these results demonstrated that human DP8Œ± Tregs mediate aGvHD prevention in a CD73-dependent manner, likely through host-reactivity, advocating for the use of these cells for the development of innovative therapeutic strategies to preclude aGvHD-related inflammation.",2024 Aug 1,JCI Insight,e179458,18,9,"SecondPassAI-EdgeCase-Exclude,SecondPassAI-ExcludeReason-UnmeasuredGutMicrobiome,ThirdPass-Include",godefroy2024human-c0d,,eng,,2379-3708
f435e24c-b69f-4c59-968f-4be8476e1935,48a8940face01eafaf823ceefa8ca422ff7c9cd684babffa754599163563c624,article,2026-04-22T20:24:35Z,2026-05-28T23:51:16Z,sophie.huebler@utah.edu (Sophie Huebler),,False,,,False,,10.3389/fimmu.2021.652105,,33968052,PMC8100309,,"Chimerism, the Microenvironment and Control of Leukemia.pdf",2021,https://app.readcube.com/library/e709e885-1259-44a2-b6a4-521798c9bfd8/item/f435e24c-b69f-4c59-968f-4be8476e1935,https://www.readcube.com/library/e709e885-1259-44a2-b6a4-521798c9bfd8:f435e24c-b69f-4c59-968f-4be8476e1935,Deeg,"Joachim, H.","Chimerism, the Microenvironment and Control of Leukemia","Deeg; Joachim, H.",Frontiers in Immunology,1664-3224,http://dx.doi.org/10.3389/fimmu.2021.652105,"Transplantation of allogeneic hematopoietic cells faces two barriers: failure of engraftment due to a host versus graft reaction, and the attack of donor cells against the patient, the graft versus host (GVH) reaction. This reaction may lead to GVH disease (GVHD), but in patients transplanted due to leukemia or other malignant disorders, this may also convey the benefit of a graft versus leukemia (GVL) effect. The interplay of transplant conditioning with donor and host cells and the environment in the patient is complex. The microbiome, particularly in the intestinal tract, profoundly affects these interactions, directly and via soluble mediators, which also reach other host organs. The microenvironment is further altered by the modifying effect of malignant cells on marrow niches, favoring the propagation of the malignant cells. The development of stable mixed donor/host chimerism has the potential of GVHD prevention without necessarily increasing the risk of relapse. There has been remarkable progress with novel conditioning regimens and selective T-cell manipulation aimed at securing engraftment while preventing GVHD without ablating the GVL effect. Interventions to alter the microenvironment and change the composition of the microbiome and its metabolic products may modify graft/host interactions, thereby further reducing GVHD, while enhancing the GVL effect. The result should be improved transplant outcome.",2021,Front. Immunol.,652105,,12,SecondPassAI-Include,deeg2021chimerism-f43,,eng,,1664-3224
0f9508ac-65d5-45df-8d3d-a44e8ae50b14,c2883d378a8005da67dbb46ce67801288bc15329500c7e816fed9b2b22bdc7d9,article,2026-04-22T20:24:34Z,2026-06-02T00:05:35Z,sophie.huebler@utah.edu (Sophie Huebler),2026-06-01T23:59:14Z,True,Requested full text.,,False,,,,1479298,,,1954697.pdf,1992,https://app.readcube.com/library/e709e885-1259-44a2-b6a4-521798c9bfd8/item/0f9508ac-65d5-45df-8d3d-a44e8ae50b14,https://www.readcube.com/library/e709e885-1259-44a2-b6a4-521798c9bfd8:0f9508ac-65d5-45df-8d3d-a44e8ae50b14,"Heidt, P J","Vossen, J M",Experimental and clinical gnotobiotics: influence of the microflora on graft-versus-host disease after allogeneic bone marrow transplantation.,"Heidt, P J; Vossen, J M",Journal of medicine,0025-7850,,"One of the major complications of allogeneic bone marrow transplantation (BMT) is graft-versus-host disease (GvHD), which is caused by donor type lymphocytes which react against the recipient's tissues. An important factor which influences GvHD is the recipient's gastrointestinal microflora. This was originally observed in gnotobiotic mice. Infusion of 10(7) H-2 incompatible bone marrow cells into lethally irradiated (9.0 Gy X-rays) conventional mice results in a late onset type GvHD which causes the death of the majority of the recipients during the first two months after BMT. This mortality can be completely prevented if the recipients are germfree mice, or when they are conventional animals which have been subjected to complete or selective gastrointestinal decontamination (GID). In a mouse model, the mechanism responsible for the influence of the microflora on GvHD after allogeneic BMT was investigated. These studies indicate that GvHD can be induced by activated T-lymphocytes from donor origin reacting against bacterial antigens which might be cross-reactive with the recipient's epithelial tissue antigens. Activation of these T-lymphocytes is confined to antigens of certain bacterial species of the recipient which are not present in the indigenous microflora of the donor mice. These bacteria most likely belong to the anaerobic flora of the recipient. The latter hypothesis is strongly supported by the observation in human patients that, in contrast to complete GID, selective decontamination of the gastrointestinal tract did not have any beneficial effect on moderately severe to severe GvHD after transplantation with MHC-matched sibling donor bone marrow grafts.",1992,J. Med.,161-73,4-Mar,23,"SecondPassAI-EdgeCase-Exclude,SecondPassAI-ExcludeReason-UnmeasuredGutMicrobiome,ThirdPass-Include",heidt1992experimental-0f9,,eng,,0025-7850
431a1f56-2c57-43c3-83d8-629c6fb161ed,001f95ceb61e6833fd3523270408088f8e7940e2a84aa1ec30530803513bcfea,article,2026-04-22T20:24:34Z,2026-05-28T23:51:17Z,sophie.huebler@utah.edu (Sophie Huebler),,False,,,False,,10.1002/cncr.34091,,35077579,,,Cancer - 2022 - Gu - The impact of intestinal microbiota in antithymocyte globulin based myeloablative allogeneic.pdf,2022,https://app.readcube.com/library/e709e885-1259-44a2-b6a4-521798c9bfd8/item/431a1f56-2c57-43c3-83d8-629c6fb161ed,https://www.readcube.com/library/e709e885-1259-44a2-b6a4-521798c9bfd8:431a1f56-2c57-43c3-83d8-629c6fb161ed,"Gu, Zhenyang","Liu, Daihong",The impact of intestinal microbiota in antithymocyte globulin‚Äìbased myeloablative allogeneic hematopoietic cell transplantation,"Gu, Zhenyang; Xiong, Qian; Wang, Lu; Wang, Lili; Li, Fei; Hou, Cheng; Dou, Liping; Zhu, Baoli; Liu, Daihong",Cancer,0008-543X,http://dx.doi.org/10.1002/cncr.34091,"The correlation between intestinal microbiota and clinical outcomes after allogeneic hematopoietic stem cell transplantation (allo‚ÄêHCT) has been reported in platforms with T‚Äêcell depletion or postcyclophosphamide‚Äêbased graft‚Äêvs‚Äêhost disease (GVHD) prophylaxis regimens. It is still unclear whether it is the same in platforms of antithymocyte globulin (ATG)‚Äìbased myeloablative allo‚ÄêHCT. A total of 603 fecal specimens from 100 consecutive patients receiving allo‚ÄêHCT were collected between December 2018 and July 2020. Fetal samples were profiled with next‚Äêgeneration sequencing of bacterial 16S ribosomal RNA (rRNA) genes. The diversity decreased to the lowest level at approximately day 12 after allo‚ÄêHCT and then increased over time. According to the diversity of 314 samples that were collected from 86 patients during the engraftment period, patients were grouped into the low‚Äê and high‚Äêdiversity groups. Two‚Äêyear overall survival in the high‚Äêdiversity group was significantly longer than that in the low‚Äêdiversity group (83.7% vs 60.6%, P = .026). Further analysis revealed that worse outcomes for patients with low diversity were associated with increased risk of worse outcomes for patients with low diversity (adjusted hazard ratio, 4.95; P = .046). Its association with relapse and GVHD was not found. Compositional analysis of fecal microbiota revealed that the abundance of bacteroides decreased greatly during allo‚ÄêHCT, whereas that of Enterococcus, Klebsiella, and Escherichia was found to be increased. This study indicates that gut dysbiosis in platforms of ATG‚Äêbased myeloablative allo‚ÄêHCT featured loss of bacterial diversity. The diversity of the intestinal flora at the engraftment period was an independent predictor of longer survival. The correlation between intestinal microbiota and clinical outcomes after allogeneic hematopoietic stem cell transplantation (allo‚ÄêHCT) is reported in platforms with T‚Äêcell depletion or postcyclophosphamide‚Äêbased graft‚Äêvs‚Äêhost disease (GVHD) prophylaxis regimens. It is still unclear whether it is the same pattern in platforms of antithymocyte globulin (ATG)‚Äìbased T‚Äêcell repletion myeloablative allo‚ÄêHCT. Our study indicated that gut dysbiosis in platforms of ATG‚Äêbased myeloablative allo‚ÄêHCT also features loss of bacterial diversity. The diversity of the intestinal flora at the engraftment period is an independent predictor of longer survival. Gut dysbiosis in platforms of antithymocyte globulin‚Äìbased myeloablative allogeneic hematopoietic stem cell transplantation featured loss of bacterial diversity. The diversity of the intestinal flora at the engraftment period was an independent predictor of longer survival.",2022 Apr 1,Cancer,1402-1410,7,128,SecondPassAI-Include,gu2022impact-431,,eng,,0008-543X
451d31b2-51bc-425e-b86b-c65f1b123f1d,749db0786cb1ec30b34a968768184752b5c8b26c33c19400e86405124fc9c1dc,article,2026-04-22T20:24:34Z,2026-05-28T23:51:17Z,sophie.huebler@utah.edu (Sophie Huebler),,False,,,False,,10.1182/blood.2020007158,,33171492,,,1-s2.0-S0006497121006248-main.pdf,2021,https://app.readcube.com/library/e709e885-1259-44a2-b6a4-521798c9bfd8/item/451d31b2-51bc-425e-b86b-c65f1b123f1d,https://www.readcube.com/library/e709e885-1259-44a2-b6a4-521798c9bfd8:451d31b2-51bc-425e-b86b-c65f1b123f1d,"Greco, Raffaella","Ciceri, Fabio",Microbiome markers are early predictors of acute GVHD in allogeneic hematopoietic stem cell transplant recipients,"Greco, Raffaella; Nitti, Rosamaria; Mancini, Nicasio; Pasciuta, Ren√©e; Lorentino, Francesca; Lupo-Stanghellini, Maria Teresa; Barbanti, Maria Chiara; Clementi, Nicola; Giglio, Fabio; Clerici, Daniela; Marktel, Sarah; Assanelli, Andrea; Carrabba, Matteo G.; Bernardi, Massimo; Corti, Consuelo; Peccatori, Jacopo; Clementi, Massimo; Ciceri, Fabio",Blood,0006-4971,http://dx.doi.org/10.1182/blood.2020007158,,2021 Mar 18,Blood,1556-1559,11,137,SecondPassAI-Include,greco2021microbiome-451,,eng,,0006-4971
81c2b45e-0361-41a2-9226-b07734722fe6,3c1e89849076d110017934c6e2582ba9c40c8d01b57e61cae8446ea9c4550015,article,2026-04-22T20:24:34Z,2026-05-28T23:51:17Z,sophie.huebler@utah.edu (Sophie Huebler),2026-05-19T17:55:06Z,True,,,False,,10.1146/annurev-immunol-102119-073227,,33428454,PMC8085043,,"pmc.ncbi.nlm.nih.gov 4/23/2026, 11:43:11 AM.pdf",2021,https://app.readcube.com/library/e709e885-1259-44a2-b6a4-521798c9bfd8/item/81c2b45e-0361-41a2-9226-b07734722fe6,https://www.readcube.com/library/e709e885-1259-44a2-b6a4-521798c9bfd8:81c2b45e-0361-41a2-9226-b07734722fe6,"Hill, Geoffrey R.","Blazar, Bruce R.",Current Concepts and Advances in Graft-Versus-Host Disease Immunology,"Hill, Geoffrey R.; Betts, Brian C.; Tkachev, Victor; Kean, Leslie S.; Blazar, Bruce R.",Annual Review of Immunology,0732-0582,http://dx.doi.org/10.1146/annurev-immunol-102119-073227,"Worldwide, each year over 30,000 patients undergo an allogeneic hema-topoietic stem cell transplantation with the intent to cure high-risk hematologic malignancy, immunodeficiency, metabolic disease, or a life-threatening bone marrow failure syndrome. Despite substantial advances in donor selection and conditioning regimens and greater availability of allograft sources, transplant recipients still endure the morbidity and mortality of graft-versus-host disease (GVHD). Herein, we identify key aspects of acute and chronic GVHD pathophysiology, including host/donor cell effectors, gut dysbiosis, immune system and cytokine imbalance, and the interface between inflammation and tissue fibrosis. In particular, we also summarize the translational application of this heightened understanding of immune dysregulation in the design of novel therapies to prevent and treat GVHD. Expected final online publication date for the Annual Review of Immunology, Volume 39 is April 2021. Please see http://www.annualreviews.org/page/journal/pubdates for revised estimates.",2021 Apr 26,Annu. Rev. Immunol.,31-Jan,1,39,SecondPassAI-Include,hill2021current-81c,,eng,,0732-0582
babf440a-00f0-4fc2-9cb7-6f752e4a564c,ae1e1d80c10ef5070b63a4a7ce60815478585ef802947519c01eba2eb7936c34,article,2026-04-22T20:24:34Z,2026-05-28T23:51:17Z,sophie.huebler@utah.edu (Sophie Huebler),2026-05-19T17:46:18Z,True,,,False,,10.1007/s00277-022-04817-8,,35332375,PMC9072276,,"login.ezproxy.lib.utah.edu 4/23/2026, 11:29:38 AM.pdf",2022,https://app.readcube.com/library/e709e885-1259-44a2-b6a4-521798c9bfd8/item/babf440a-00f0-4fc2-9cb7-6f752e4a564c,https://www.readcube.com/library/e709e885-1259-44a2-b6a4-521798c9bfd8:babf440a-00f0-4fc2-9cb7-6f752e4a564c,"Han, Lijie","Jiang, Zhongxing",Intestinal microbiota score could predict survival following allogeneic hematopoietic stem cell transplantation,"Han, Lijie; Zhang, Haiyan; Ma, Ping; Peng, Jie; Li, Yilu; Wu, Jiaying; Li, Yuanyuan; Yu, Jifeng; Li, Wei; Zhang, Mengmeng; He, Jia bao; Fan, Zhiping; Wang, Weimin; Sang, Li‚Äôna; Sun, Hui; Liu, Qifa; Liu, Yang; Jiang, Zhongxing",Annals of Hematology,0939-5555,http://dx.doi.org/10.1007/s00277-022-04817-8,"Intestinal microbiota is an important prognostic factor for allogeneic hematopoietic stem cell transplantation (allo-HSCT), but its role in predicting survival has not been determined. Here, stool samples at day 15 ¬± 1 posttransplant were obtained from 209 patients at two centers. Microbiota was examined using 16S rRNA sequencing. The microbiota diversity and abundance of specific bacteria (including Lachnospiraceae, Ruminococcaceae, Erysipelotrichaceae, and Enterobacteriaceae) were assigned a value of 0 or 1 depending on whether they were positive or negative associated with survival, respectively. An accumulated intestinal microbiota (AIM) score was generated, and patients were divided into low- and high-score groups. A low score was associated with a better 3-year cumulative overall survival (OS) as well as lower mortality than a high score (88.5 vs. 43.9% and 7.1 vs. 35.8%, respectively; both P < 0.001). In multivariate analysis, a high score was found to be an independent risk factor for OS and transplant-related mortality (hazard ratio = 5.68 and 3.92, respectively; P < 0.001 and 0.003, respectively). Furthermore, the AIM score could serve as a predictor for survival (area under receiver operating characteristic curve = 0.836, P < 0.001). Therefore, the intestinal microbiota score at neutrophil recovery could predict survival following allo-HSCT.",2022 Jun,Ann. Hematol.,1283-1294,6,101,SecondPassAI-Include,han2022intestinal-bab,,eng,,0939-5555
e39c4e76-1ebd-4d0f-8786-7cb2dd6aceeb,55c3b27025941c8f1ae4a613c4458fd09cadd7f901aef84200b3f53ea892e1f9,article,2026-04-22T20:24:34Z,2026-05-28T23:51:18Z,sophie.huebler@utah.edu (Sophie Huebler),,False,,,False,,10.1182/blood-2015-08-661504,,26429966,,,1-s2.0-S0006497120308648-main.pdf,2015,https://app.readcube.com/library/e709e885-1259-44a2-b6a4-521798c9bfd8/item/e39c4e76-1ebd-4d0f-8786-7cb2dd6aceeb,https://www.readcube.com/library/e709e885-1259-44a2-b6a4-521798c9bfd8:e39c4e76-1ebd-4d0f-8786-7cb2dd6aceeb,Jenq,"Robert, R.",How's your microbiota? Let's check your urine.,"Jenq; Robert, R.",Blood,0006-4971,http://dx.doi.org/10.1182/blood-2015-08-661504,"In this issue of Blood, Weber and colleagues demonstrate that in the first 10 days following allogeneic hematopoietic transplantation, urinary 3-indoxyl sulfate is a biomarker of intestinal microbiota health and predicts reduced intestinal graft-versus-host disease (GVHD) and treatment-related mortality, as well as improved overall survival.",2015 Oct 1,Blood,1641-1642,14,126,SecondPassAI-Include,jenq2015hows-e39,,eng,,0006-4971
2f819b9c-2df6-426a-8032-14be76452971,4c4b3d2067e074ef94ec1ab1dde3c56eb90affdabbc3987812aaf1a42c7a833d,article,2026-04-22T20:24:33Z,2026-06-01T23:35:16Z,sophie.huebler@utah.edu (Sophie Huebler),2026-06-01T23:32:33Z,True,Requested full text.,,False,,10.1007/s12185-025-04049-2,,40866789,,,1954691.pdf,2025,https://app.readcube.com/library/e709e885-1259-44a2-b6a4-521798c9bfd8/item/2f819b9c-2df6-426a-8032-14be76452971,https://www.readcube.com/library/e709e885-1259-44a2-b6a4-521798c9bfd8:2f819b9c-2df6-426a-8032-14be76452971,"Kusakabe, Shinsuke","Oda, Jun",Fecal microbiota transplantation for Crohn‚Äôs disease-like intestinal lesions arising after allogeneic stem cell transplantation,"Kusakabe, Shinsuke; Kurashige, Ryumei; Fukushima, Kentaro; Shimizu, Kentaro; Yoshihara, Takeo; Motooka, Daisuke; Nakamura, Shota; Kurashige, Masako; Nakata, Keiichi; Hino, Akihisa; Kasahara, Hidenori; Ueda, Tomoaki; Fujita, Jiro; Hosen, Naoki; Takehara, Tetsuo; Oda, Jun",International Journal of Hematology,0925-5710,http://dx.doi.org/10.1007/s12185-025-04049-2,"Several cases of inflammatory bowel disease (or similar gastrointestinal lesions) arising after allogeneic hematopoietic stem cell transplantation have been reported, but the effect of intestinal dysbiosis on development of these lesions remains unclear. We performed fecal microbiota transplantation (FMT) and 16S rRNA microbiome analysis in a patient who developed Crohn‚Äôs disease-like lesions after allogeneic transplantation. A 62-year-old woman underwent haploidentical stem cell transplantation from her daughter to treat double-hit lymphoma relapsed after chimeric antigen receptor T-cell therapy, and achieved remission without developing acute graft-versus-host disease. Eight months later, she developed Crohn‚Äôs disease-like intestinal lesions after cytomegalovirus enteritis. Her condition did not improve with the conventional treatment, so she underwent FMT from her daughter as part of a clinical trial. Diarrhea gradually improved, and follow-up endoscopy 4 months after the FMT showed ulcer healing and scarring. The 16S rRNA analysis revealed a reduction in the relative abundance of the Enterococcus genus after FMT, suggesting that dysbiosis may have contributed to lesion development. The patient is currently on a regular diet, with no symptom recurrence, and the primary disease remains in remission. Although this outcome suggests that FMT is effective, careful patient selection is required to reduce the risk of FMT-associated sepsis.",2025 Nov,Int. J. Hematol.,771-777,5,122,"SecondPassAI-EdgeCase-Exclude,SecondPassAI-EdgeCaseReason-CaseStudy,SecondPassAI-ExcludeReason-NoGVHDOutcome,ThirdPass-Include",kusakabe2025fecal-2f8,,eng,,0925-5710
3e1bc796-9b92-4e7c-b985-03c9c8193f8d,f0eca131b03bdc9e32b0f069701b0fe37646c925e50f3c540553989905e8597b,article,2026-04-22T20:24:33Z,2026-06-01T23:14:21Z,sophie.huebler@utah.edu (Sophie Huebler),2026-06-01T23:13:46Z,True,,,False,,10.1097/md.0000000000022129,,32957333,PMC7505392,,"pdfs.journals.lww.com 4/23/2026, 11:59:50 AM.pdf",2020,https://app.readcube.com/library/e709e885-1259-44a2-b6a4-521798c9bfd8/item/3e1bc796-9b92-4e7c-b985-03c9c8193f8d,https://www.readcube.com/library/e709e885-1259-44a2-b6a4-521798c9bfd8:3e1bc796-9b92-4e7c-b985-03c9c8193f8d,"Mao, Dan","Sheng, Lixia",Treatment of intestinal graft-versus-host disease with unrelated donor fecal microbiota transplantation capsules,"Mao, Dan; Jiang, Qi; Sun, Ye; Mao, Yubo; Guo, Lili; Zhang, Yanqing; Man, Muran; Ouyang, Guifang; Sheng, Lixia",Medicine,0025-7974,http://dx.doi.org/10.1097/md.0000000000022129,"INTRODUCTION: Fecal microbiota transplantation (FMT), administering fecal suspensions via a nasoduodenal tube, has achieved a promising effect in the treatment of intestinal graft-versus-host disease (GvHD) in some pilot studies. In this study, oral FMT capsules from unrelated donor were used for the first time in the treatment of intestinal GvHD. Patient concerns: A 31-year-old male who was diagnosed as ""myelodysplastic syndromes with excess blasts II"" (intermediate risk 2 of international prognostic scoring system) received human leukocyte antigen -matched sibling donor allogeneic hematopoietic stem cell transplantation. The patient developed diarrhea, vomiting, and bloody stool on 28 days after transplantation. DIAGNOSIS: Intestinal acute GvHD was diagnosed clinically with histological confirmation by colonoscopy and pathological biopsy. INTERVENTIONS: This patient was treated with first cycle of oral FMT capsules after failure to initial treatment of methylprednisolone (2‚Äämg/kg/d) combined with recombinant human tumor necrosis factor-Œ± receptorII: IgG Fc fusion protein (25‚Äämg, biw). The symptoms of intestinal GvHD were relieved but recurred 11 days later. Second cycle of oral FMT capsules was carried out. OUTCOMES: After 2 cycles of fecal bacteria transplantation, intestinal GvHD was gradually controlled and did not recur again during the 2-month follow-up. The diversity and structure of the intestinal flora after FMT was closer to that of healthy donors than that before. CONCLUSION: Our case showed oral FMT capsules could be used as a treatment option for corticosteroid refractory intestinal GvHD. Further studies are warranted to assess the clinical efficacy and safety of oral FMT capsules in the treatment of intestinal GvHD. RATIONALE: Fecal microbiota transplantation (FMT), administering fecal suspensions via a nasoduodenal tube, has achieved a promising effect in the treatment of intestinal graft-versus-host disease (GvHD) in some pilot studies. In this study, oral FMT capsules from unrelated donor were used for the first time in the treatment of intestinal GvHD. PATIENT CONCERNS: A 31-year-old male who was diagnosed as ""myelodysplastic syndromes with excess blasts II"" (intermediate risk 2 of international prognostic scoring system) received human leukocyte antigen -matched sibling donor allogeneic hematopoietic stem cell transplantation. The patient developed diarrhea, vomiting, and bloody stool on 28 days after transplantation. DIAGNOSES: Intestinal acute GvHD was diagnosed clinically with histological confirmation by colonoscopy and pathological biopsy. INTERVENTIONS: This patient was treated with first cycle of oral FMT capsules after failure to initial treatment of methylprednisolone (2‚Äämg/kg/d) combined with recombinant human tumor necrosis factor-a receptorII: IgG Fc fusion protein (25‚Äämg, biw). The symptoms of intestinal GvHD were relieved but recurred 11 days later. Second cycle of oral FMT capsules was carried out. OUTCOMES: After 2 cycles of fecal bacteria transplantation, intestinal GvHD was gradually controlled and did not recur again during the 2-month follow-up. The diversity and structure of the intestinal flora after FMT was closer to that of healthy donors than that before. CONCLUSION: Our case showed oral FMT capsules could be used as a treatment option for corticosteroid refractory intestinal GvHD. Further studies are warranted to assess the clinical efficacy and safety of oral FMT capsules in the treatment of intestinal GvHD. LESSONS: There is still a possibility of recurrence after the treatment of GvHD with capsule fecal microbiota transplantation. How to optimize the dosage and treatment course of fecal microbiota capsule administration needs further exploration.",2020 Sep 18,Medicine,e22129,38,99,"SecondPassAI-EdgeCase-Include,SecondPassAI-EdgeCaseReason-CaseStudy,ThirdPass-Include",mao2020treatment-3e1,,eng,,0025-7974
c5f897e9-2dce-4bdb-85ca-cbea7d941ecc,cb5df542e9dd930210396d0428a009809a88f6a6e9b9cbdf22ed2320c1093f00,article,2026-04-22T20:24:33Z,2026-05-28T23:51:19Z,sophie.huebler@utah.edu (Sophie Huebler),2026-05-13T18:19:46Z,True,,,False,,10.1038/nm.4380,,28759053,,,"login.ezproxy.lib.utah.edu 4/23/2026, 12:26:16 PM.pdf",2017,https://app.readcube.com/library/e709e885-1259-44a2-b6a4-521798c9bfd8/item/c5f897e9-2dce-4bdb-85ca-cbea7d941ecc,https://www.readcube.com/library/e709e885-1259-44a2-b6a4-521798c9bfd8:c5f897e9-2dce-4bdb-85ca-cbea7d941ecc,"Legoff, J√©r√¥me","Chiu, Charles Y",The eukaryotic gut virome in hematopoietic stem cell transplantation: new clues in enteric graft-versus-host disease,"Legoff, J√©r√¥me; Resche-Rigon, Matthieu; Bouquet, Jerome; Robin, Marie; Naccache, Samia N; Mercier-Delarue, S√©verine; Federman, Scot; Samayoa, Erik; Rousseau, Clotilde; Piron, Prescillia; Kapel, Nathalie; Simon, Fran√ßois; Soci√©, G√©rard; Chiu, Charles Y",Nature Medicine,1078-8956,http://dx.doi.org/10.1038/nm.4380,"Charles Chiu and colleagues analyze the gut viromes of recipients of hematopoietic stem cell transplantation and identify characteristics associated with the severity of graft-versus-host disease in the gut. Much attention has been focused on the role of the bacterial microbiome in human health, but the virome is understudied. Although previously investigated in individuals with inflammatory bowel diseases or solid-organ transplants1,2, virome dynamics in allogeneic hematopoietic stem cell transplantation (HSCT) and enteric graft-versus-host disease (GVHD) remain unexplored. Here we characterize the longitudinal gut virome in 44 recipients of HSCT using metagenomics. A viral 'bloom' was identified, and significant increases were demonstrated in the overall proportion of vertebrate viral sequences following transplantation (P = 0.02). Increases in both the rates of detection (P < 0.0001) and number of sequences (P = 0.047) of persistent DNA viruses (anelloviruses, herpesviruses, papillomaviruses and polyomaviruses) over time were observed in individuals with enteric GVHD relative to those without, a finding accompanied by a reduced phage richness (P = 0.01). Picobirnaviruses were detected in 18 individuals (40.9%), more frequently before or within a week after transplant than at later time points (P = 0.008). In a time-dependent Cox proportional-hazards model, picobirnaviruses were predictive of the occurrence of severe enteric GVHD (hazard ratio, 2.66; 95% confidence interval (CI) = 1.46‚Äì4.86; P = 0.001), and correlated with higher fecal levels of two GVHD severity markers, calprotectin and Œ±1-antitrypsin. These results reveal a progressive expansion of vertebrate viral infections over time following HSCT, and they suggest an unexpected association of picobirnaviruses with early post-transplant GVHD.",2017 Sep,Nat. Med.,1080-1085,9,23,"Prompt Gen,Screen2.1,SecondPassAI-Include",legoff2017eukaryotic-c5f,,eng,,1078-8956
db73a6e5-c997-46f2-9cd0-d8e75191e9c6,46fca47780d923d74e623c50f5e77cc1909534ac4bd49257f7491a01ad153013,article,2026-04-22T20:24:33Z,2026-05-28T23:51:18Z,sophie.huebler@utah.edu (Sophie Huebler),,False,,,False,,10.1182/blood.2019000823,,31697827,PMC6908833,,1-s2.0-S0006497120731459-main.pdf,2019,https://app.readcube.com/library/e709e885-1259-44a2-b6a4-521798c9bfd8/item/db73a6e5-c997-46f2-9cd0-d8e75191e9c6,https://www.readcube.com/library/e709e885-1259-44a2-b6a4-521798c9bfd8:db73a6e5-c997-46f2-9cd0-d8e75191e9c6,"Koyama, Motoko","Hill, Geoffrey R.",The primacy of gastrointestinal tract antigen-presenting cells in lethal graft-versus-host disease,"Koyama, Motoko; Hill, Geoffrey R.",Blood,0006-4971,http://dx.doi.org/10.1182/blood.2019000823," Allogeneic stem cell transplantation is a cornerstone of curative therapy for high-risk and/or advanced hematological malignancies but remains limited by graft-versus-host disease (GVHD). GVHD is initiated by the interaction between recipient antigen-presenting cells (APCs) and donor T cells, culminating in T-cell differentiation along pathogenic type-1 and type-17 paradigms at the expense of tolerogenic regulatory T-cell patterns. Type-1 and type-17 T cells secrete cytokines (eg, granulocyte-macrophage colony-stimulating factor and interferon-Œ≥) critical to the cytokine storm that amplifies expansion of donor APCs and their alloantigen presentation. It has become increasingly clear that pathogenic donor T-cell differentiation is initiated by both professional recipient APCs (eg, dendritic cells [DCs]) and nonprofessional APCs (eg, epithelial and mesenchymal cells), particularly within the gastrointestinal (GI) tract. In the immediate peritransplantation period, these APCs are profoundly modified by pathogen-associated molecular pattern (PAMP)/damage-associated molecular pattern (DAMP) signals derived from conditioning and intestinal microbiota. Subsequently, donor DCs in the GI tract are activated by DAMP/PAMP signals in the colon that gain access to the lamina propria once the mucosal barrier mucosa is compromised by GVHD. This results in donor DC expansion and alloantigen presentation in the colon and subsequent migration into the mesenteric lymph nodes. Here, new donor T cells are primed, expanded, differentiated, and imprinted with gut-homing integrins permissive of migration into the damaged GI tract, resulting in the lethal feed-forward cascade of GVHD. These new insights into our understanding of the cellular and molecular factors initiating GVHD, both spatially and temporally, give rise to a number of logical therapeutic targets, focusing on the inhibition of APC function in the GI tract.",2019 Dec 12,Blood,2139-2148,24,134,SecondPassAI-Include,koyama2019primacy-db7,,eng,,0006-4971
ee501b42-19ea-433d-9882-88dac3816008,4e473315d1ce7fc5ee803661858b404958e21b6ce948c59dd0eacaef640a38b7,article,2026-04-22T20:24:33Z,2026-05-28T23:51:19Z,sophie.huebler@utah.edu (Sophie Huebler),,False,Requested full text. Book chapter.,,False,,10.1007/978-3-031-84988-6_6,,40488826,,,1954695.pdf,2025,https://app.readcube.com/library/e709e885-1259-44a2-b6a4-521798c9bfd8/item/ee501b42-19ea-433d-9882-88dac3816008,https://www.readcube.com/library/e709e885-1259-44a2-b6a4-521798c9bfd8:ee501b42-19ea-433d-9882-88dac3816008,"Lee, Catherine J.","Carpenter, Paul A.",Clinical Management of Challenges in Allogeneic Stem Cell Transplant,"Lee, Catherine J.; Carpenter, Paul A.",Advances in Experimental Medicine and Biology,0065-2598,http://dx.doi.org/10.1007/978-3-031-84988-6_6,"For several decades, graft-versus-host disease (GVHD) has been a long-standing barrier to successful allogenic hematopoietic cell transplantation and a significant cause of post-transplant morbidity and mortality. Initially described as secondary disease or wasting syndrome in transplanted mice, the pathobiology of GVHD is increasingly understood as a dynamic interplay between innate and adaptive immunity in response to initial tissue damage, leading to inflammation and end-organ damage. In parallel, more uniform symptom capture, diagnosis, and response criteria have facilitated rigorous clinical trial design and conduct; together, these advancements have facilitated the development of novel GVHD prevention and treatment strategies. While these advancements have improved the GVHD treatment paradigm, new questions arise within this complex patient population. This chapter discusses several of the most pertinent current clinical practice challenges in GVHD, including its earlier diagnosis, risk stratification, initial and more advanced stage management, as well as a renewed focus on supportive care, given our increased understanding of key roles played by the human microbiome.",2025,Adv. Exp. Med. Biol.,103-128,,1475,SecondPassAI-Include,lee2025clinical-ee5,,eng,,0065-2598
efe0909a-80ff-4bdb-84de-a431de343303,2dd7a83c9b9462b844f6120beea88d0a2c8ea7f81a96cd0e156dceb469e06927,article,2026-04-22T20:24:33Z,2026-05-28T23:51:19Z,sophie.huebler@utah.edu (Sophie Huebler),2026-05-19T17:18:25Z,True,,,False,,10.1016/s2352-3026(22)00223-x,,36174640,,,1-s2.0-S235230262200223X.pdf,2022,https://app.readcube.com/library/e709e885-1259-44a2-b6a4-521798c9bfd8/item/efe0909a-80ff-4bdb-84de-a431de343303,https://www.readcube.com/library/e709e885-1259-44a2-b6a4-521798c9bfd8:efe0909a-80ff-4bdb-84de-a431de343303,"Malard, Florent","Mohty, Mohamad",Faecal microbiota transplantation in patients with haematological malignancies undergoing cellular therapies: from translational research to routine clinical practice,"Malard, Florent; Gaugler, B√©atrice; Mohty, Mohamad",The Lancet Haematology,2352-3026,http://dx.doi.org/10.1016/s2352-3026(22)00223-x,"The effect of the gut microbiota on patients‚Äô outcomes after allogeneic haematopoietic cell transplantation (HCT) is now well established. In particular, gut microbiota dysbiosis has been associated with acute graft-versus-host disease (GVHD). Furthermore, increasing data also suggest an effect of the gut microbiota on outcome after autologous HCT and CAR T cells. In fact, the bacterial gut microbiota interplays with the immune system and contributes to immunological complication and antitumour response to treatment. Therefore, faecal microbiota transplantation has been evaluated in patients with haematological malignancies for various indications, including Clostridioides difficile infection, eradication of multidrug-resistant bacteria, and steroid refractory acute GVHD. In addition, use of prophylactic faecal microbiota transplantation to restore the gut microbiota and improve patients‚Äô outcomes is being developed in the setting of allogeneic HCT, but also probably very soon in patients receiving autologous HCT or CAR T cells.",2022 Oct, Lancet Haematol.,e776-e785,10,9,SecondPassAI-Include,malard2022faecal-efe,,eng,,2352-3026
f967c5ee-f94b-4276-9c32-7d68e2532419,5a086c12e1740ec213c063419937b7dd7cc186d8be949254a26441f5edf4f420,article,2026-04-22T20:24:33Z,2026-05-28T23:51:19Z,sophie.huebler@utah.edu (Sophie Huebler),,False,,,False,,10.1182/blood-2014-07-583906,,25124784,PMC4133503,,1-s2.0-S0006497120398268-main.pdf,2014,https://app.readcube.com/library/e709e885-1259-44a2-b6a4-521798c9bfd8/item/f967c5ee-f94b-4276-9c32-7d68e2532419,https://www.readcube.com/library/e709e885-1259-44a2-b6a4-521798c9bfd8:f967c5ee-f94b-4276-9c32-7d68e2532419,Levine,"John, E.",Less (bacterial diversity) is more (deaths),"Levine; John, E.",Blood,0006-4971,http://dx.doi.org/10.1182/blood-2014-07-583906,"In this issue of Blood, Taur et al demonstrate that a lack of intestinal       microbial diversity independently predicts nonrelapse mortality (NRM) in       allogeneic hematopoietic cell transplant recipients. At the time of engraftment,       patients with low microbial diversity were at fivefold higher risk for NRM than       patients with high microbial diversity, primarily because of graft-versus-host       disease (GVHD).",2014 Aug 14,Blood,995-996,7,124,SecondPassAI-Include,levine2014less-f96,,eng,,0006-4971
1baa2d4b-395b-4fb6-957f-277d91084a31,a0814c5113a00abc3f6ae08e9b93cbe412f815d907e5c0d796a3b0ab554c0899,article,2026-04-22T20:24:32Z,2026-05-28T23:51:21Z,sophie.huebler@utah.edu (Sophie Huebler),,False,,,False,,10.21101/cejph.a5393,,31951695,,,document (1).pdf,2019,https://app.readcube.com/library/e709e885-1259-44a2-b6a4-521798c9bfd8/item/1baa2d4b-395b-4fb6-957f-277d91084a31,https://www.readcube.com/library/e709e885-1259-44a2-b6a4-521798c9bfd8:1baa2d4b-395b-4fb6-957f-277d91084a31,"Parco, Sergio","Palmisciano, Giuseppina",Microbiome and diversity indices during blood stem cells transplantation - new perspectives?,"Parco, Sergio; Benericetti, Giulia; Vascotto, Fulvia; Palmisciano, Giuseppina",Central European Journal of Public Health,1210-7778,http://dx.doi.org/10.21101/cejph.a5393,"OBJECTIVE: The human body is colonized by bacteria, fungi and viruses. Resident commensal bacteria are a fundamental line of resistance to colonization by exogenous microbes. They actively regulate the production of nutrients by the host through a negative feedback mechanism, in order to prevent the availability of nutrients for potential pathogens. While only a small fraction of these microorganism may be pathogenic, the relationship between host and commensal microbiome is now studied as a whole, impacting several aspects of the host biology. Some studies have made clear the progresses in examining the role of microbiome on transplants and graft versus host disease (GVHD) severity and its pathogenesis: the risk of complications from allogenic hematopoietic stem cells transplantation (HSCT) is greater with the highest mortality if a patient has a lower bacterial diversity in the gut prior to the transplantation process beginning. Microbiota-associated molecular patterns are directly recognized by pathogen recognition receptors. The development of molecular methods has greatly expanded our knowledge of the composition and function of the microbiome in health and disease, shortening the response times vs. microbiological culture tests. The gut flora can make the difference when it comes to allo-HSCT. The aim of the study was to monitor microbiome of 10 children during allo-HSCT. METHODS: Oral specimens and gut faecal microbiome (100 grams) samples were collected at 2, 16, 24 days. The samples were analysed by polymerase chain reaction and primary sequencing was done. To calculate the biodiversity of microbiome the Shannon index and the Observed species index were chosen. RESULTS: Our study suggests some differences in the diversity indices (DIs) in 5 children affected by GVHD vs. not affected. The DIs in oral and faecal specimens show in all patients a diminution in the post-transplant phase with an improvement in species diversity after 16 days from the transplant. The Observed species index in faeces specimens after 16 days was higher in patients which had not GVHD; moreover, patients with GVHD showed a deterioration at 24 days. Oral specimens after 24 days showed a parallel trend in the two groups. The Shannon index shows a downward trend in faeces specimens of the children with GVHD at 24 days; the children without GVHD recover a good trend of entropy. Oral specimens at 24 days show low entropy in the two groups. Very aggressive bacterial species as Cronobacter and Routella in the faeces specimens of a child had not serious consequences for disease status: Cronobacter were not present 24 days after transplantation. CONCLUSIONS: The data show the microbial metabolome could have an impact on patients with GVHD vs. no GVHD. A better understanding of the role of the oral and gut microbiome in GVHD can give directions to move towards the development of innovative approaches for preventing GVHD following allo-HCT, reducing also antibiotic therapy.",2019 Dec,Cent. Eur. J. Public Heal.,335-339,4,27,SecondPassAI-Include,parco2019microbiome-1ba,,eng,,1210-7778
2619a4e5-407b-47f5-ade1-e0bcee0ff60c,7b350b3d1a9bc8a326e74184b06983016147a6cf23dffcfdb47c96a30c813865,article,2026-04-22T20:24:32Z,2026-05-28T23:51:21Z,sophie.huebler@utah.edu (Sophie Huebler),,False,,,False,,10.1111/bjh.16458,,32086815,PMC7536617,,Br J Haematol - 2020 - Rashidi - An alpha%E2%80%90defensin gene single nucleotide polymorphism modulates the gut microbiota and may.pdf,2020,https://app.readcube.com/library/e709e885-1259-44a2-b6a4-521798c9bfd8/item/2619a4e5-407b-47f5-ade1-e0bcee0ff60c,https://www.readcube.com/library/e709e885-1259-44a2-b6a4-521798c9bfd8:2619a4e5-407b-47f5-ade1-e0bcee0ff60c,"Rashidi, Armin","Weisdorf, Daniel J.",An alpha‚Äêdefensin gene single nucleotide polymorphism modulates the gut microbiota and may alter the risk of acute graft‚Äêversus‚Äêhost disease,"Rashidi, Armin; Herman, Adam; Gomes, Antonio L. C.; Peled, Jonathan U.; Jenq, Robert R.; Brereton, Daniel G.; Staley, Christopher; Blazar, Bruce R.; Weisdorf, Daniel J.",British Journal of Haematology,0007-1048,http://dx.doi.org/10.1111/bjh.16458,"We previously reported a protective association between single nucleotide polymorphisms (SNPs; rs4415345G and rs4610776A alleles) of Paneth cell Œ±‚Äêdefensin‚Äê5 against acute graft‚Äêversus‚Äêhost disease (aGVHD). Because dysbiosis has been associated with aGVHD, we hypothesized that these SNPs may have a gut microbiota signature. In Lasso regression analysis of 248 healthy individuals, rs4415345G was associated with a higher abundance of Odoribacter splanchnicus, an anaerobic butyrogenic commensal. In multivariable analysis of data from 613 allogeneic haematopoietic cell transplant recipients, peri‚Äêengraftment presence of O. splanchnicus was associated with ~50% lower risk for grade II‚ÄìIV aGVHD (hazard ratio 0¬∑53, 95% confidence interval 0¬∑28‚Äì1¬∑00, P = 0¬∑05). O. splanchnicus may protect rs4415345G individuals against aGVHD.",2020 Jun,Br. J. Haematol.,926-930,5,189,SecondPassAI-Include,rashidi2020alphadefensin-261,,eng,,0007-1048
9bea25a7-a0cb-46b9-b944-ba4fadb4a7d2,b4d473f54539dc382d1b9169052556e6cee96a52edd495c68162fcc0abdbf948,article,2026-04-22T20:24:32Z,2026-05-28T23:51:21Z,sophie.huebler@utah.edu (Sophie Huebler),,False,,,False,,10.1186/s12967-016-1094-3,,27912759,PMC5135767,,"login.ezproxy.lib.utah.edu 4/23/2026, 12:28:49 PM.pdf",2016,https://app.readcube.com/library/e709e885-1259-44a2-b6a4-521798c9bfd8/item/9bea25a7-a0cb-46b9-b944-ba4fadb4a7d2,https://www.readcube.com/library/e709e885-1259-44a2-b6a4-521798c9bfd8:9bea25a7-a0cb-46b9-b944-ba4fadb4a7d2,"Raghunathan, Vikram M.","Lim, Seah H.",Intestinal dysbiosis and allogeneic hematopoietic progenitor cell transplantation,"Raghunathan, Vikram M.; Sheng, Iris; Lim, Seah H.",Journal of Translational Medicine,1479-5876,http://dx.doi.org/10.1186/s12967-016-1094-3,"The intestinal microbiota is a diverse and dynamic ecosystem that is increasingly understood to play a vital role in human health. Hematopoietic stem cell transplant recipients undergo prolonged exposure to antimicrobials, chemotherapeutic agents, and immunosuppressants, resulting in profound shifts in the gut microbiome. A growing body of research has revealed the ways in which these microbiologic shifts shape immune modulation, affecting susceptibility to infections and graft-versus-host disease, the two major post-transplant complications in this population. As transplant medicine becomes increasingly personalized, the potential for microbiome-modulating treatments holds immense potential. Strategies to preserve the intestinal microbiota, including targeted antibiotics, prebiotics and probiotics, and fecal microbiota transplant could mitigate some of the microbiologic shifts in stem cell transplant recipients, and reduce the incidence of peri-transplant morbidity and mortality.",2016 Dec 3,J. Transl. Med.,335,1,14,SecondPassAI-Include,raghunathan2016intestinal-9be,,eng,,1479-5876
c65ad455-7ff4-43ff-a595-bd1406c27936,8cca24de1bfc23dbd2f4056e755c70611169c03d68530b6bf29ed2c3c332e0ff,article,2026-04-22T20:24:32Z,2026-05-28T23:51:20Z,sophie.huebler@utah.edu (Sophie Huebler),,False,,,False,,10.3390/cells13181524,,39329708,PMC11431085,,cells-13-01524-v2.pdf,2024,https://app.readcube.com/library/e709e885-1259-44a2-b6a4-521798c9bfd8/item/c65ad455-7ff4-43ff-a595-bd1406c27936,https://www.readcube.com/library/e709e885-1259-44a2-b6a4-521798c9bfd8:c65ad455-7ff4-43ff-a595-bd1406c27936,"Olivieri, Attilio","Mancini, Giorgia",Current Approaches for the Prevention and Treatment of Acute and Chronic GVHD,"Olivieri, Attilio; Mancini, Giorgia",Cells,2073-4409,http://dx.doi.org/10.3390/cells13181524,"Whereas aGVHD has strong inflammatory components, cGVHD displays autoimmune and fibrotic features; incidence and risk factors are similar but not identical; indeed, the aGVHD is the main risk factor for cGVHD. Calcineurin Inhibitors (CNI) with either Methotrexate (MTX) or Mycophenolate (MMF) still represent the standard prophylaxis in HLA-matched allogeneic stem cell transplantation (HSCT); other strategies focused on ATG, Post-Transplant Cyclophosphamide (PTCy), Abatacept and graft manipulation. Despite the high rate, first-line treatment for aGVHD is represented by corticosteroids, and Ruxolitinib is the standard second-line therapy; investigational approaches include Microbiota transplant and the infusion of Mesenchymal stem cells. GVHD is a pleiotropic disease involving any anatomical district; also, Ruxolitinib represents the standard for steroid-refractory cGVHD in this setting. It is a pleiotropic disease involving any anatomical district; also, Ruxolitinib represents the standard for steroid-refractory cGVHD in this setting. Extracorporeal Photopheresis (ECP) is still an option used for steroid refractoriness or to achieve a steroid-sparing. For Ruxolitinib-refractory cGVHD, Belumosudil and Axatilimab represent the most promising agents. Bronchiolitis obliterans syndrome (BOS) still represents a challenge; among the compounds targeting non-immune effectors, Alvelestat, a Neutrophil elastase inhibitor, seems promising in BOS. Finally, in both aGVHD and cGVHD, the association of biological markers with specific disease manifestations could help refine risk stratification and the availability of reliable biomarkers for specific treatments.",2024 Sep 11,Cells,1524,18,13,SecondPassAI-Include,olivieri2024current-c65,,eng,,2073-4409
d6590e8e-650a-46e0-aea0-559a27143bec,dab923e7b60b4d895e7e14613d0e0fea1f98b8961841214dca66e2936461e471,article,2026-04-22T20:24:32Z,2026-06-01T22:44:09Z,sophie.huebler@utah.edu (Sophie Huebler),2026-06-02T01:18:57Z,True,,,False,,10.1177/03000605211063292,,34918995,PMC8728789,,"pmc.ncbi.nlm.nih.gov 4/23/2026, 11:39:34 AM.pdf",2021,https://app.readcube.com/library/e709e885-1259-44a2-b6a4-521798c9bfd8/item/d6590e8e-650a-46e0-aea0-559a27143bec,https://www.readcube.com/library/e709e885-1259-44a2-b6a4-521798c9bfd8:d6590e8e-650a-46e0-aea0-559a27143bec,"Qi, Ling","Li, Fei",Steroid-resistant intestinal aGVHD and refractory CMV and EBV infections complicated by haplo-HSCT were successfully rescued by FMT and CTL infusion,"Qi, Ling; Huang, Xianbao; He, Cong; Ji, Dexiang; Li, Fei",Journal of International Medical Research,0300-0605,http://dx.doi.org/10.1177/03000605211063292,"Haploidentical hematopoietic stem cell transplantation (haplo-HSCT) produces similar survival outcomes as HLA-matched sibling donor allogeneic HCST in younger patients with acquired severe aplastic anemia (SAA). This study reported a 29-years-old man with SAA and intracranial hemorrhage who underwent haplo-HSCT with a modified BU/CY + ATG conditioning regimen. Neutrophil and platelet engraftment were both achieved on day 14 after HSCT. The patient developed grade IV acute graft-versus-host disease (aGVHD) on day 20 and acquired cytomegalovirus (CMV) and Epstein‚ÄìBarr virus (EBV) infections on day 47. After the failure of methylprednisolone, basiliximab, ruxolitinib, and antiviral treatment, the patient was diagnosed with steroid-resistant grade IV aGVHD and refractory CMV and EBV infections. We performed fecal microbiota transplantation and infused CMV- and EBV-specific cytotoxic T lymphocytes. After that the stool volume and frequency gradually decreased, and viral DNA was undetectable on day 80. This report provides helpful clinical experience for treating steroid-resistant aGVHD and refractory viral infections.",2021 Dec,J. Int. MeÃÅd. Res.,03000605211063292,12,49,"SecondPassAI-EdgeCase-Include,SecondPassAI-EdgeCaseReason-CaseStudy,ThirdPass-Include",qi2021steroidresistant-d65,,eng,,0300-0605
3b44aadb-f4db-4773-ab2d-b692d5ed64c7,0732b31f693dea181a8258853ae4d3301f5db946e7bfbf0d7880078b7ee7f83a,article,2026-04-22T20:24:30Z,2026-05-28T23:51:22Z,sophie.huebler@utah.edu (Sophie Huebler),,False,,,False,,10.1007/s00281-019-00769-w,,31673757,,,document.pdf,2019,https://app.readcube.com/library/e709e885-1259-44a2-b6a4-521798c9bfd8/item/3b44aadb-f4db-4773-ab2d-b692d5ed64c7,https://www.readcube.com/library/e709e885-1259-44a2-b6a4-521798c9bfd8:3b44aadb-f4db-4773-ab2d-b692d5ed64c7,"Thiagarajan, Sindhu","Hildner, Kai",Resolution of acute intestinal graft-versus-host disease,"Thiagarajan, Sindhu; Neurath, Markus F.; Hildner, Kai",Seminars in Immunopathology,1863-2297,http://dx.doi.org/10.1007/s00281-019-00769-w,"Allogeneic transplantation of hematopoietic stem cells (allo-HCT) represents an increasingly employed therapeutic approach to potentially cure patients suffering from life-threatening malignant and autoimmune disorders. Despite its lifesaving potential, immune-mediated allo-reactivity inherent to the allogeneic transplantation can be observed within up to 50% of all allo-HCT patients regularly resulting in the manifestation of acute and/or chronic graft-versus-host disease (GvHD). Mechanistically, especially donor T cells are assumed to chiefly drive inflammation that can occur in virtually all organs, with the skin, liver, and gut representing as the most frequently affected anatomic sites. Especially in the presence of intestinal manifestations of GvHD, the risk that the disease takes a life-threatening, potentially fatal course is significantly increased. In the light of a rapid gain of knowledge in respect to decode innate and adaptive immunity related mechanisms as, e.g., cytokine networks, intracellular signaling pathways or environmental triggers as, e.g., the intestinal microbiota and the development of novel therapeutic approaches, detailed insight into endogenous mechanisms seeking to counterbalance the proinflammatory machinery or to proactively foster signals promoting the resolution of allo-driven intestinal inflammation is emerging. Here, we seek to highlight the key aspects of those mechanisms involved in and contributing to the resolution of GvHD-associated intestinal inflammation. Concomitantly, we would like to briefly outline and discuss promising future experimental targets suitable to be therapeutically employed to directionally deflect the tissue response from a proinflammatory to an inflammation-resolving type of intestinal GvHD after allo-HCT.",2019 Nov,Semin. Immunopathol.,655-664,6,41,SecondPassAI-Include,thiagarajan2019resolution-3b4,,eng,,1863-2297
d1346f1e-1a91-4608-854b-4e27f4892c71,c279d5c31d130f97ef287c26bdc7ee2bf446ba8c02d739958635ab12e7d24cf9,article,2026-04-22T20:24:30Z,2026-06-01T22:22:15Z,sophie.huebler@utah.edu (Sophie Huebler),2026-06-01T22:14:10Z,True,,,False,,10.1016/j.jtct.2022.04.018,,35489611,,,1-s2.0-S2666636722012416-main.pdf,2022,https://app.readcube.com/library/e709e885-1259-44a2-b6a4-521798c9bfd8/item/d1346f1e-1a91-4608-854b-4e27f4892c71,https://www.readcube.com/library/e709e885-1259-44a2-b6a4-521798c9bfd8:d1346f1e-1a91-4608-854b-4e27f4892c71,"Saqr, Abdelrahman","Jacobson, Pamala A.",Reduced Enterohepatic Recirculation of Mycophenolate and Lower Blood Concentrations Are Associated with the Stool Bacterial Microbiome after Hematopoietic Cell Transplantation,"Saqr, Abdelrahman; Carlson, Brooke; Staley, Christopher; Rashidi, Armin; Al-Kofahi, Mahmoud; Kaiser, Thomas; Holtan, Shernan; MacMillan, Margaret; Young, Jo-Anne; Jurdi, Najla El; Weisdorf, Daniel; Khoruts, Alexander; Jacobson, Pamala A.",Transplantation and Cellular Therapy,2666-6367,http://dx.doi.org/10.1016/j.jtct.2022.04.018,"Mycophenolate mofetil (MMF) is an important immunosuppressant used after allogeneic hematopoietic cell transplantation (HCT). MMF has a narrow therapeutic index, and blood concentrations of mycophenolic acid (MPA), the active component of MMF, are highly variable. Low MPA concentrations are associated with the risk of graft-versus-host disease (GVHD), whereas high concentrations are associated with toxicity. Reasons for variability are not well known and may include the presence of Œ≤-glucuronidase-producing bacteria in the gastrointestinal tract, which enhance MPA enterohepatic recirculation (EHR) by transforming MPA metabolites formed in the liver back to MPA. This study was conducted to determine whether individuals with high MPA EHR have a greater abundance of Œ≤-glucuronidase-producing bacteria in their stool and higher MPA concentrations compared with those with low EHR. We conducted a pharmacomicrobiomics study in 20 adult HCT recipients receiving a myeloablative or reduced-intensity preparative regimen. Participants received MMF 1 g i.v. every 8 hours with tacrolimus. Intensive pharmacokinetic sampling of MMF was conducted before hospital discharge; total MPA, MPA glucuronide (MPAG), and acyl-glucuronide metabolite (acylMPAG) were measured. EHR was defined as the ratio of MPA area under the concentration-versus-time curve (AUC)4-8 to MPA AUC0-8. Differences in stool microbiome diversity and composition, determined by shotgun metagenomic sequencing, were compared above and below the median EHR (22%; range, 5% to 44%). The median EHR was 12% in the low EHR group and 29% in the high EHR group. MPA troughs, MPA AUC4-8, and acyl-glucuronide metabolite (acylMPAG) AUC4-8/AUC0-8 ratio were greater in the high EHR group compared with the low EHR group (1.53 Œºg/mL versus .28 Œºg/mL [P¬†=¬†.0001], 7.33 hour¬∑Œºg/mL versus 1.79 hour¬∑Œºg/mL [P¬†=¬†.0003], and .33 hour¬∑Œºg/mL versus .24 hour¬∑Œºg/mL [P¬†=¬†.0007], respectively). MPA AUC0-8 was greater in the high EHR group than in the low EHR group, and the difference trended toward significance (22.8 hour¬∑Œºg/mL versus 15.3 hour¬∑Œºg/mL; P¬†=¬†.06). Bacteroides vulgatus, Bacteroides stercoris, and Bacteroides thetaiotaomicron were 1.2- to 2.4-fold more abundant (P¬†=¬†.039, .024, and .046, respectively) in the high EHR group. MPA EHR was positively correlated with B. vulgatus (‚ç¥¬†=¬†.58; P ‚â§ .01) and B. thetaiotaomicron (‚ç¥¬†=¬†.46; P < .05) and negatively correlated with Blautia hydrogenotrophica (‚ç¥¬†=¬†-.53; P < .05). Therapeutic MPA troughs were achieved in 80% of patients in the high EHR group but in no patients in the low EHR group. There was a trend toward differences in MPA AUC0-8 and MPA concentration at steady-state (Œºg/mL) between the high EHR group versus the low EHR group (P¬†=¬†.06). MPA EHR was variable. Patients with high MPA EHR had greater abundance of Bacteroides species in stool and higher MPA exposure compared with patients with low MPA EHR. Therefore, Bacteroides may be protective against poor outcomes, such as graft-versus-host disease, in some patients but may increase the risk of MPA adverse effects in others. These data need to be confirmed and studied after oral MMF therapy.",2022 Jul,Transplant. Cell. Ther.,372.e1-372.e9,7,28,"SecondPassAI-EdgeCase-Exclude,SecondPassAI-EdgeCaseReason-GVHDNotPrimary,SecondPassAI-ExcludeReason-NoGVHDOutcome,ThirdPass-Include",saqr2022reduced-d13,,eng,,2666-6367
ec318703-a15a-4a40-842f-1c6cbbe3d25b,ee402aabbb2da9cbb9d308a7de76d9c6acfaebffdbff03758403700fb17c1008,article,2026-04-22T20:24:30Z,2026-05-28T23:51:21Z,sophie.huebler@utah.edu (Sophie Huebler),,False,,,False,,10.1016/j.bbmt.2018.07.030,,30055351,,,"s3.us-east-1.amazonaws.com 4/23/2026, 12:17:06 PM.pdf",2018,https://app.readcube.com/library/e709e885-1259-44a2-b6a4-521798c9bfd8/item/ec318703-a15a-4a40-842f-1c6cbbe3d25b,https://www.readcube.com/library/e709e885-1259-44a2-b6a4-521798c9bfd8:ec318703-a15a-4a40-842f-1c6cbbe3d25b,"Romick-Rosendale, Lindsey E.","Davies, Stella M.",Antibiotic Exposure and Reduced Short Chain Fatty Acid Production after Hematopoietic Stem Cell Transplant,"Romick-Rosendale, Lindsey E.; Haslam, David B.; Lane, Adam; Denson, Lee; Lake, Kelly; Wilkey, Alyss; Watanabe, Miki; Bauer, Stuart; Litts, Bridget; Luebbering, Nathan; Dandoy, Christopher E.; Davies, Stella M.",Biology of Blood and Marrow Transplantation,1083-8791,http://dx.doi.org/10.1016/j.bbmt.2018.07.030,"Human studies have shown loss of diversity of the gut microbiome following hematopoietic stem cell transplantation (HSCT) in association with significant gut injury caused by the preparative regimen. Prolonged antibiotic use worsens loss of microbiome diversity and increases risk of complications such as graft-versus-host disease (GVHD). Our data support the hypothesis that loss of intestinal commensals that produce short-chain fatty acids (SCFAs) may increase dysbiosis.¬†Here, we report an extensive longitudinal examination of changes in the luminal SCFAs in children undergoing allogeneic HSCT, and the relationship of those changes to the microbiota and antibiotic exposure. We found significant and progressive alterations in butyrate, and in additional SCFAs in stool in the first 14 days after transplant, a finding not observed in published mouse studies. SCFA levels were lower in children receiving antibiotics with activity against anaerobic organisms. Moreover, day 14 post-HSCT butyrate and propionate levels are lower in children who went on to develop GVHD, although our disease population was small.¬†These data provide insight into the mechanism of prior observations that loss of diversity and increased antibiotic use are associated with GVHD following HSCT. Our findings offer potential modifiable targets to reduce risk of GVHD and improve survival after HSCT.",2018 Dec,Biol. Blood Marrow Transplant.,2418-2424,12,24,SecondPassAI-Include,romickrosendale2018antibiotic-ec3,,eng,,1083-8791
023828a6-1842-4d9c-882e-f83b6da20378,e6c999a95c7e6b0b597520fb9ed39b1260e7f0f32072b82d60f39522aa49c987,article,2026-04-22T20:24:29Z,2026-05-28T23:51:22Z,sophie.huebler@utah.edu (Sophie Huebler),,False,,,False,,10.1038/s41409-026-02798-0,,41639396,,,"login.ezproxy.lib.utah.edu 4/23/2026, 11:08:59 AM.pdf",2026,https://app.readcube.com/library/e709e885-1259-44a2-b6a4-521798c9bfd8/item/023828a6-1842-4d9c-882e-f83b6da20378,https://www.readcube.com/library/e709e885-1259-44a2-b6a4-521798c9bfd8:023828a6-1842-4d9c-882e-f83b6da20378,"Weber, Daniela","Malard, Florent","Microbiome, GvHD, and immune reconstitution in allogeneic hematopoietic cell transplantation","Weber, Daniela; Tariq, Misbah; Hazenberg, Mette; Poeck, Hendrik; Malard, Florent",Bone Marrow Transplantation,0268-3369,http://dx.doi.org/10.1038/s41409-026-02798-0,"The gut microbiota has emerged as a critical factor influencing outcomes following allogeneic hematopoietic cell transplantation (alloHCT). Notably, disruptions to the intestinal microbiome‚Äîreferred to as dysbiosis‚Äîhave been strongly linked to the development of acute graft-versus-host disease (aGVHD). The gut microbiome interacts closely with the host immune system, influencing both immune reconstitution and alloHCT complications. As a result, microbiome-targeted strategies are being investigated to improve outcomes and include antibiotic stewardship, prebiotic and diet intervention, probiotics including fecal microbiota transfer (FMT) and postbiotics. These approaches are being investigated not only as a therapeutic intervention in particular for aGVHD, but also as preventive strategies.",2026 Apr,Bone Marrow Transplant.,385-394,4,61,SecondPassAI-Include,weber2026microbiome-023,,eng,,0268-3369
218715cf-5794-4f98-b3a2-75fc4d18fa62,06c97c5b93065e056e9222999c2d827b5ee556a63bdf94bdcc5af3eefd3fc859,article,2026-04-22T20:24:29Z,2026-05-28T23:51:20Z,sophie.huebler@utah.edu (Sophie Huebler),,False,,,False,,10.3390/cells11244089,,36552852,PMC9776596,,cells-11-04089.pdf,2022,https://app.readcube.com/library/e709e885-1259-44a2-b6a4-521798c9bfd8/item/218715cf-5794-4f98-b3a2-75fc4d18fa62,https://www.readcube.com/library/e709e885-1259-44a2-b6a4-521798c9bfd8:218715cf-5794-4f98-b3a2-75fc4d18fa62,"Marandi, Ramtin Zargari","MacPherson, Cameron Ross",Pre-Transplant Prediction of Acute Graft-versus-Host Disease Using the Gut Microbiome,"Marandi, Ramtin Zargari; J√∏rgensen, Mette; Ilett, Emma Elizabeth; N√∏rgaard, Jens Christian; Noguera-Julian, Marc; Paredes, Roger; Lundgren, Jens D.; Sengel√∏v, Henrik; MacPherson, Cameron Ross",Cells,2073-4409,http://dx.doi.org/10.3390/cells11244089,"Gut microbiota is thought to influence host responses to allogeneic hematopoietic stem cell transplantation (aHSCT). Recent evidence points to this post-transplant for acute graft-versus-host disease (aGvHD). We asked whether any such association might be found pre-transplant and conducted a metagenome-wide association study (MWAS) to explore. Microbial abundance profiles were estimated using ensembles of Kaiju, Kraken2, and DeepMicrobes calls followed by dimensionality reduction. The area under the curve (AUC) was used to evaluate classification of the samples (aGvHD vs. none) using an elastic net to test the relevance of metagenomic data. Clinical data included the underlying disease (leukemia vs. other hematological malignancies), recipient age, and sex. Among 172 aHSCT patients of whom 42 developed aGVHD post transplantation, a total of 181 pre-transplant tool samples were analyzed. The top performing model predicting risk of aGVHD included a reduced species profile (AUC = 0.672). Beta diversity (37% in Jaccard‚Äôs Nestedness by mean fold change, p < 0.05) was lower in those developing aGvHD. Ten bacterial species including Prevotella and Eggerthella genera were consistently found to associate with aGvHD in indicator species analysis, as well as relief and impurity-based algorithms. The findings support the hypothesis on potential associations between gut microbiota and aGvHD based on a data-driven approach to MWAS. This highlights the need and relevance of routine stool collection for the discovery of novel biomarkers.",2022 Dec 16,Cells,4089,24,11,SecondPassAI-Include,marandi2022pretransplant-218,,eng,,2073-4409
7a6b3db1-38e2-478a-b7f3-663badb66a8c,5438ea33ac9d27f070363ffbd6816622718d9f937cb4eaecba0e8ab20a20e8fd,article,2026-04-22T20:24:29Z,2026-05-28T23:51:22Z,sophie.huebler@utah.edu (Sophie Huebler),,False,,,False,,10.1182/blood-2015-04-638858,,26209659,,,1-s2.0-S0006497120308740-main.pdf,2015,https://app.readcube.com/library/e709e885-1259-44a2-b6a4-521798c9bfd8/item/7a6b3db1-38e2-478a-b7f3-663badb66a8c,https://www.readcube.com/library/e709e885-1259-44a2-b6a4-521798c9bfd8:7a6b3db1-38e2-478a-b7f3-663badb66a8c,"Weber, Daniela","Holler, Ernst",Low urinary indoxyl sulfate levels early after transplantation reflect a disrupted microbiome and are associated with poor outcome,"Weber, Daniela; Oefner, Peter J.; Hiergeist, Andreas; Koestler, Josef; Gessner, Andr√©; Weber, Markus; Hahn, Joachim; Wolff, Daniel; St√§mmler, Frank; Spang, Rainer; Herr, Wolfgang; Dettmer, Katja; Holler, Ernst",Blood,0006-4971,http://dx.doi.org/10.1182/blood-2015-04-638858," Indole, which is produced from l-tryptophan by commensal bacteria expressing tryptophanase, not only is an important intercellular signal in microbial communities, but also modulates mucosal barrier function and expression of pro- and anti-inflammatory genes by intestinal epithelial cells. Here, we hypothesized that decreased urinary excretion of 3-indoxyl sulfate (3-IS), the major conjugate of indole found in humans, may be a marker of gut microbiota disruption and increased risk of developing gastrointestinal (GI) graft-versus-host-disease. Using liquid chromatography/tandem mass spectrometry, 3-IS was determined in urine specimens collected weekly within the first 28 days after allogeneic stem cell transplantation (ASCT) in 131 patients. Low 3-IS levels within the first 10 days after ASCT were associated with significantly higher transplant-related mortality (P = .017) and worse overall survival (P = .05) 1 year after ASCT. Least absolute shrinkage and selection operator regression models trained on log-normalized counts of 763 operational taxonomic units derived from next-generation sequencing of the hypervariable V3 region of the 16S ribosomal RNA gene showed members of the families of Lachnospiraceae and Ruminococcaceae of the class of Clostridia to be associated with high urinary 3-IS levels, whereas members of the class of Bacilli were associated with low 3-IS levels. Risk factors of early suppression of 3-IS levels were the type of GI decontamination (P = .01), early onset of antibiotic treatment (P = .001), and recipient NOD2/CARD15 genotype (P = .04). In conclusion, our findings underscore the relevance of microbiota-derived indole and metabolites thereof in mucosal integrity and protection from inflammation.",2015 Oct 1,Blood,1723-1728,14,126,SecondPassAI-Include,weber2015low-7a6,,eng,,0006-4971
cc18e910-4081-42a6-add7-3c42fb864413,6a8ca5abb55b6d085d6c03f048e2171e4c1ee1e5a075269d7fad1833bbbb1dba,article,2026-04-22T20:24:29Z,2026-05-28T23:51:22Z,sophie.huebler@utah.edu (Sophie Huebler),,False,,,False,,10.1007/bf01969527,,2105890,,,"login.ezproxy.lib.utah.edu 4/23/2026, 12:45:10 PM.pdf",1990,https://app.readcube.com/library/e709e885-1259-44a2-b6a4-521798c9bfd8/item/cc18e910-4081-42a6-add7-3c42fb864413,https://www.readcube.com/library/e709e885-1259-44a2-b6a4-521798c9bfd8:cc18e910-4081-42a6-add7-3c42fb864413,"Vossen, J. M.","Dooren, L. J.",Prevention of infection and graft-versus-host disease by suppression of intestinal microflora in children treated with allogeneic bone marrow transplantation,"Vossen, J. M.; Heidt, P. J.; den Berg, H. van; Gerritsen, E. J. A.; Hermans, J.; Dooren, L. J.",European Journal of Clinical Microbiology and Infectious Diseases,0934-9723,http://dx.doi.org/10.1007/bf01969527,"The effect of suppression with antimicrobial agents of the intestinal microflora of paediatric bone marrow graft recipients on severe bacterial and fungal infections and on moderate to severe acute graft-versus-host disease was studied retrospectively. Data on 65 cases of bone marrow transplantation for either severe bone marrow failure or leukaemia, performed in a strict protective environment with either complete or selective gastrointestinal decontamination, were evaluated. All bone marrow grafts were from HLA-identical siblings and were not depleted of T-lymphocytes. Twenty percent of the recipients had one or more episodes of septicaemia during the granulocytopenic period after transplantation, mostly due to gram-positive bacteria. Only five children died due to infection, in each case caused by a microorganism originating from the endogenous flora. Complete gastrointestinal decontamination was superior to selective gastrointestinal decontamination in preventing infectious complications (p<0.001). The same was the case for the prevention of acute graft-versus-host disease of grade II or higher, which was observed in 7 of 40 (17.5 %) completely decontaminated children versus 9 of 18 (50 %) selectively decontaminated children evaluable for graft-versus-host disease (p<0.01). It is concluded that complete gastrointestinal decontamination in a strict protective environment is a feasible and very effective method for preventing severe infections and acute graft-versus-host disease after allogeneic bone marrow transplantation in children and adolescents; it resulted in a low transplantation-related mortality of 26 % and a good quality of survival in 69 % of the graft recipients.",1990 Jan,Eur. J. Clin. Microbiol. Infect. Dis.,14-23,1,9,SecondPassAI-Include,vossen1990prevention-cc1,,eng,,0934-9723
d66df394-62f2-4f0e-9947-fdaca60d4acc,5118e950aec186c0bd02f9c506abe02679f6bb17b83b406db6594f8b06c06f85,article,2026-04-22T20:24:29Z,2026-05-28T23:51:19Z,sophie.huebler@utah.edu (Sophie Huebler),,False,,,False,,10.1016/j.jtct.2022.10.011,,36280104,PMC10190111,,1-s2.0-S2666636722017067-main.pdf,2023,https://app.readcube.com/library/e709e885-1259-44a2-b6a4-521798c9bfd8/item/d66df394-62f2-4f0e-9947-fdaca60d4acc,https://www.readcube.com/library/e709e885-1259-44a2-b6a4-521798c9bfd8:d66df394-62f2-4f0e-9947-fdaca60d4acc,"van Lier, Yannouck F.","Markey, Kate A.",Profiling the Fungal Microbiome after Fecal Microbiota Transplantation for Graft-versus-Host Disease: Insights from a Phase 1 Interventional Study,"van Lier, Yannouck F.; Rolling, Thierry; Armijo, Gabriel K.; Zhai, Bing; Haverkate, Nienke J.E.; Meijer, Ellen; Nur, Erfan; Blom, Bianca; Peled, Jonathan U.; den Brink, Marcel R.M. van; Hohl, Tobias M.; Hazenberg, Mette D.; Markey, Kate A.",Transplantation and Cellular Therapy,2666-6367,http://dx.doi.org/10.1016/j.jtct.2022.10.011,"Disruption of the intestinal bacterial microbiota is frequently observed in the context of allogeneic hematopoietic cell transplantation (HCT) and is particularly pronounced in patients who develop graft-versus-host disease (GVHD). Donor fecal microbiota transplantation (FMT) restores gut microbial diversity and reduces GVHD in HCT recipients. The composition of the intestinal fungal community in patients with GVHD, and whether fungal taxa are transferred during FMT are currently unknown. We performed a secondary analysis of our clinical trial of FMT in patients with steroid-refractory GVHD with a focus on the mycobiota. We characterized the fecal mycobiota of 17 patients and healthy FMT donors using internal transcribed spacer amplicon sequencing. The donor who provided the majority of FMT material in our study represents an n-of-one study of the intestinal flora over time. In this donor, mycobiota composition fluctuated over time while the bacterial microbiota remained stable over 16 months. Fungal DNA was detected more frequently in baseline stool samples from patients with steroid-refractory GVHD than in patients with steroid-dependent GVHD. We could detect fungal taxa in the majority of samples but did not see evidence of mycobiota transfer from donor to recipient. Our study demonstrates the feasibility of profiling the mycobiota alongside the more traditional bacterial microbiota, establishes the methodology, and provides a first insight into the mycobiota composition of patients with GVHD.",2023 Jan,Transplant. Cell. Ther.,63.e1-63.e5,1,29,SecondPassAI-Include,lier2023profiling-d66,,eng,,2666-6367
f7140306-9de1-4013-8a7e-39f468632dce,a09575e6b8b69634c136b592480ddeeffea736ee392c90c956e4db6c197082e8,article,2026-04-22T20:24:29Z,2026-05-28T23:51:19Z,sophie.huebler@utah.edu (Sophie Huebler),,False,,,False,,10.1126/scitranslmed.aaz8926,,32801142,,,scitranslmed.aaz8926.pdf,2020,https://app.readcube.com/library/e709e885-1259-44a2-b6a4-521798c9bfd8/item/f7140306-9de1-4013-8a7e-39f468632dce,https://www.readcube.com/library/e709e885-1259-44a2-b6a4-521798c9bfd8:f7140306-9de1-4013-8a7e-39f468632dce,"van Lier, Yannouck F.","Hazenberg, Mette D.",Donor fecal microbiota transplantation ameliorates intestinal graft-versus-host disease in allogeneic hematopoietic cell transplant recipients,"van Lier, Yannouck F.; Davids, Mark; Haverkate, Nienke J. E.; de Groot, Pieter F.; Donker, Marjolein L.; Meijer, Ellen; Heubel-Moenen, Floor C. J. I.; Nur, Erfan; Zeerleder, Sacha S.; Nieuwdorp, Max; Blom, Bianca; Hazenberg, Mette D.",Science Translational Medicine,1946-6234,http://dx.doi.org/10.1126/scitranslmed.aaz8926,"Disruption of the intestinal microbiota occurs frequently in allogeneic hematopoietic cell transplantation (allo-HCT) recipients and predisposes them to development of graft-versus-host disease (GvHD). In a prospective, single-center, single-arm study, we investigated the effect of donor fecal microbiota transplantation (FMT) on symptoms of steroid-refractory or steroid-dependent, acute or late-onset acute intestinal GvHD in 15 individuals who had undergone allo-HCT. Study participants received a fecal suspension from an unrelated healthy donor via nasoduodenal infusion. Donor FMT was well tolerated, and infection-related adverse events did not seem to be related to the FMT procedure. In 10 of 15 study participants, a complete clinical response was observed within 1 month after FMT, without additional interventions to alleviate GvHD symptoms. This response was accompanied by an increase in gut microbial Œ±-diversity, a partial engraftment of donor bacterial species, and increased abundance of butyrate-producing bacteria, including Clostridiales and Blautia species. In 6 of the 10 responding donor FMT recipients, immunosuppressant drug therapy was successfully tapered. Durable remission of steroid-refractory or steroid-dependent GvHD after donor FMT was associated with improved survival at 24 weeks after donor FMT. This study highlights the potential of donor FMT as a treatment for steroid-refractory or steroid-dependent GvHD, but larger clinical trials are needed to confirm the safety and efficacy of this procedure.",2020 Aug 12,Sci. Transl. Med.,,556,12,SecondPassAI-Include,lier2020donor-f71,,eng,,1946-6234
1be5fa54-da94-43a3-baee-be055daeaf58,ed95e24ac05afd219f79b59088fb712d02148923d5bbe320d7d0d4e197962b0a,article,2026-04-22T20:23:19Z,2026-05-28T23:51:23Z,sophie.huebler@utah.edu (Sophie Huebler),,False,,,False,,10.1111/bjh.14295,,27619472,,,Br J Haematol - 2016 - Zeiser - Pathogenesis of acute graft%E2%80%90versus%E2%80%90host disease  from intestinal microbiota alterations to.pdf,2016,https://app.readcube.com/library/e709e885-1259-44a2-b6a4-521798c9bfd8/item/1be5fa54-da94-43a3-baee-be055daeaf58,https://www.readcube.com/library/e709e885-1259-44a2-b6a4-521798c9bfd8:1be5fa54-da94-43a3-baee-be055daeaf58,"Zeiser, Robert","Blazar, Bruce R.",Pathogenesis of acute graft‚Äêversus‚Äêhost disease: from intestinal microbiota alterations to donor T cell activation,"Zeiser, Robert; Soci√©, Gerard; Blazar, Bruce R.",British Journal of Haematology,0007-1048,http://dx.doi.org/10.1111/bjh.14295,"Acute graft‚Äêversus‚Äêhost disease (aGVHD) is a major life‚Äêthreatening complication of allogeneic haematopoietic cell transplantation (allo‚ÄêHCT). Here we discuss the aGVHD pathophysiology initiated by multiple signals that cause alloreactive T‚Äêcell activation. The outcome of such donor T‚Äêcell activation is influenced by T‚Äêcell receptor‚Äêsignal strength, anatomical location, co‚Äêstimulatory/co‚Äêinhibitory signals and differentiation stage (naive, effector/memory) of T‚Äêcells. Additionally, cross‚Äêpriming of T cells to antigens expressed by pathogens can contribute to aGVHD‚Äêmediated tissue injury. In addition to the properties of donor T‚Äêcell activation, highly specialized tissue resident cell types, such as innate lymphoid cells, antigen‚Äêpresenting cells, immune regulatory cells and various intestinal cell populations are critically involved in aGVHD pathogenesis. The role of the thymus and secondary lymphoid tissue injury, non‚Äêhaematopoietic cells, intestinal microflora, cytokines, chemokines, microRNAs, metabolites and kinases in aGVHD pathophysiology will be highlighted. Acute GVHD pathogenic mechanisms will be connected to novel therapeutic approaches under development for, and tested in, the clinic.",2016 Oct,Br. J. Haematol.,191-207,2,175,SecondPassAI-Include,zeiser2016pathogenesis-1be,,eng,,0007-1048
5c222ab8-9576-4424-bbce-72a0575795c5,1db488c6f2a918c1fb329816f0474d30bdc7fd3e9bb47f9f8eb49bd5e1d8d01c,article,2026-04-22T20:23:19Z,2026-05-28T23:51:23Z,sophie.huebler@utah.edu (Sophie Huebler),,False,,,False,,10.1111/bjh.16190,,31588560,,,Br J Haematol - 2019 - Zeiser - Advances in understanding the pathogenesis of graft%E2%80%90versus%E2%80%90host disease.pdf,2019,https://app.readcube.com/library/e709e885-1259-44a2-b6a4-521798c9bfd8/item/5c222ab8-9576-4424-bbce-72a0575795c5,https://www.readcube.com/library/e709e885-1259-44a2-b6a4-521798c9bfd8:5c222ab8-9576-4424-bbce-72a0575795c5,Zeiser,Robert,Advances in understanding the pathogenesis of graft‚Äêversus‚Äêhost disease,Zeiser; Robert,British Journal of Haematology,0007-1048,http://dx.doi.org/10.1111/bjh.16190,"Acute graft‚Äêversus‚Äêhost disease (GVHD) remains a major complication after allogeneic haematopoietic stem cell transplantation (allo‚ÄêHSCT). The emergence of different immuno‚Äêprophylaxis strategies, such as post‚Äêtransplant cyclophosphamide or anti‚Äêthymocyteglobulin has reduced the incidence of acute GVHD in recent years. The biology of the acute GVHD we observe in the clinic may change due to the use of novel immuno‚Äêstimulatory agents, including immune checkpoint inhibitors or anti‚Äêneoplastic immune‚Äêmodifiers, like lenalidomide, given before or after allo‚ÄêHSCT. Here we discuss the recent advances in our understanding of acute GVHD with a focus on early events of the disease, including tissue damaging factors, innate immune cells, costimulatory pathways, immune cell signalling, immuno‚Äêregulatory cell types, biomarkers of GVHD and regenerative approaches. New insight in the pathogenesis of acute GVHD has revealed the role of pro‚Äêinflammatory intracellular signalling, defects in intestinal tissue regeneration and anti‚Äêbacterial defence, as well as a reduced diversity of the microbiome, which will be the basis for the development of novel therapies.",2019 Dec,Br. J. Haematol.,563-572,5,187,SecondPassAI-Include,zeiser2019advances-5c2,,eng,,0007-1048
35bba314-ecf9-4592-a2f3-9a379d944be4,54c5ca554a84ed841ede20e459700147d7578d231f23808228abecbd96f7ceb0,article,2025-11-25T22:09:13Z,2026-05-28T23:51:22Z,sophie.huebler@utah.edu (Sophie Huebler),,False,,,False,,10.1159/000538303,,39047173,PMC11218917,,"www.ncbi.nlm.nih.gov 11/25/2025, 3:09:16 PM.pdf",2024,https://app.readcube.com/library/e709e885-1259-44a2-b6a4-521798c9bfd8/item/35bba314-ecf9-4592-a2f3-9a379d944be4,https://www.readcube.com/library/e709e885-1259-44a2-b6a4-521798c9bfd8:35bba314-ecf9-4592-a2f3-9a379d944be4,"Weber, D.","Holler, Ernst",Fecal Microbiota Transfer in Acute Graft-versus-Host Disease following Allogeneic Stem Cell Transplantation,"Weber, D.; Meedt, Elisabeth; Poeck, Hendrik; Thiele-Orberg, Eric; Hiergeist, Andreas; Gessner, Andre; Holler, Ernst",Visceral Medicine,2297-4725,http://dx.doi.org/10.1159/000538303,"Background: Acute graft-versus-host disease (GvHD) is a major and sometimes lethal complication following allogeneic stem cell transplantation (aSCT). In the last 10 years, a massive loss of microbiota diversity with suppression of commensal bacteria and their protective metabolites has been identified as a major risk factor of GvHD. Summary: Since 2018, several studies have been published showing some efficacy of fecal microbiota transfer (FMT) in aSCT patients. FMT was used (1) to eliminate antibiotic resistant bacteria, (2) to restore microbiota diversity after hematopoietic recovery, or (3) in most cases to treat steroid-resistant GvHD. Overall response rates between 30 and 50% have been reported, but randomized trials are still pending. Newer approaches try to evaluate the role of prophylactic FMT in order to prevent GvHD and other complications. Although aSCT patients are heavily immunosuppressed, no major safety concerns regarding FMT have been reported so far. Key Message: FMT is a promising approach for modulation of GvHD after aSCT and should be further explored in randomized trials.",2024,Visc. Med.,210-216,4,40,SecondPassAI-Include,weber2024fecal-35b,,,,
da358b97-fcf0-44c9-991c-fa28d0b04c59,6179b9f4008c33ae6885a3d6e776ea06ae9e24855b2cac1f3f51412e3840b8fa,article,2025-11-25T21:50:26Z,2026-05-28T23:51:15Z,sophie.huebler@utah.edu (Sophie Huebler),2026-05-21T18:35:06Z,True,,,False,,10.3748/wjg.v27.i45.7792,,34963742,PMC8661383,,"www.ncbi.nlm.nih.gov 11/25/2025, 2:50:48 PM.pdf",2021,https://app.readcube.com/library/e709e885-1259-44a2-b6a4-521798c9bfd8/item/da358b97-fcf0-44c9-991c-fa28d0b04c59,https://www.readcube.com/library/e709e885-1259-44a2-b6a4-521798c9bfd8:da358b97-fcf0-44c9-991c-fa28d0b04c59,"Le Bastard, Quentin","Montassier, Emmanuel",Gut microbiome in allogeneic hematopoietic stem cell transplantation and specific changes associated with acute graft vs host disease,"Le Bastard, Quentin; Chevallier, Patrice; Montassier, Emmanuel",World Journal of Gastroenterology,1007-9327,http://dx.doi.org/10.3748/wjg.v27.i45.7792,Gut microbiome in allogeneic hematopoietic stem cell transplantation and specific changes associated with acute graft vs host disease,2021 Dec 7,World J. Gastroenterol.,7792-7800,45,27,SecondPassAI-Include,bastard2021gut-da3,,eng,,1007-9327
020881ad-42bc-4f92-bf20-9d0dee45564e,e5fa56b2034385207c2b74314c86a162a81740352ee2bab4eda0682b5fe70e2b,article,2025-11-21T21:54:48Z,2026-05-28T23:51:19Z,sophie.huebler@utah.edu (Sophie Huebler),2025-11-25T18:56:52Z,True,,,False,,10.1101/2020.04.08.20058198,,,,,Targeting the gut microbiome in allogeneic hematopoietic stem cell transplantation.pdf,2020,https://app.readcube.com/library/e709e885-1259-44a2-b6a4-521798c9bfd8/item/020881ad-42bc-4f92-bf20-9d0dee45564e,https://www.readcube.com/library/e709e885-1259-44a2-b6a4-521798c9bfd8:020881ad-42bc-4f92-bf20-9d0dee45564e,"de Leeuw, Marcel A.","Duval, Manuel X.",Targeting the gut microbiome in allogeneic hematopoietic stem cell transplantation,"de Leeuw, Marcel A.; Duval, Manuel X.",medRxiv,,http://dx.doi.org/10.1101/2020.04.08.20058198,"Gut microbiota (GM) composition has been associated with acute Graft-versus-Host Disease (aGvHD), however, current knowledge is insufficient to target the GM. A relevant series of microbiome data sets were combined and reanalyzed, with resolution of species level changes in the GM. GM composition was found strongly correlated with aGvHD status after one month post stem cell infusion (R2=0.51). The predicted average biological safety level, indicative of antibiotic resistance, was found increased in aGvHD cases (p=1.6E-4). Using in silico modelling, we formulated a probiotic composition putatively competing with mortality and aGvHD associated species. Supplementation with Bifidobacterium longum and Bifidobacterium breve is proposed as a prophylactic treatment alongside with prebiotics and an adapted antibiotics course.",2020,medRxiv,2020.04.08.20058198,,,SecondPassAI-Include,leeuw2020targeting-020,,,,
b65fd448-2f03-45c0-9ec6-9e780176474d,28dce46cd8840506543b6d17556028c25f2e167791b4ec9149a97f3886166f2c,article,2025-08-27T19:05:57Z,2026-05-28T23:51:18Z,sophie.huebler@utah.edu (Sophie Huebler),2026-03-02T18:04:13Z,True,,,False,,10.3389/fimmu.2021.644982,,33815399,PMC8010685,,Interplay Between the Intestinal Microbiota and Acute Graft-Versus-Host Disease: Experimental Evidence and Clinical Significance.pdf,2021,https://app.readcube.com/library/e709e885-1259-44a2-b6a4-521798c9bfd8/item/b65fd448-2f03-45c0-9ec6-9e780176474d,https://www.readcube.com/library/e709e885-1259-44a2-b6a4-521798c9bfd8:b65fd448-2f03-45c0-9ec6-9e780176474d,"Hong, Tao","Zhang, Xi",Interplay Between the Intestinal Microbiota and Acute Graft-Versus-Host Disease: Experimental Evidence and Clinical Significance,"Hong, Tao; Wang, Rui; Wang, Xiaoqi; Yang, Shijie; Wang, Weihao; Gao, Qiangguo; Zhang, Xi",Frontiers in Immunology,1664-3224,http://dx.doi.org/10.3389/fimmu.2021.644982,"Allogeneic hematopoietic stem cell transplantation (allo-HSCT) is a potentially curative therapy for many hematological disorders and autoimmune diseases, but acute graft-versus-host disease (aGVHD) has remained a major obstacle that limits allo-HSCT and exhibits a daunting mortality rate. The gastrointestinal system is among the most common sites affected by aGVHD. Experimental advances in the field of intestinal microbiota research enhanced our understanding - not only of the quantity and diversity of intestinal microbiota - but also their association with homeostasis of the immune system and disease pathogenesis, including that of aGVHD. Meanwhile, ever-growing clinical evidence suggest that the intestinal microbiota is dysregulated in patients who develop aGVHD and that the imbalance may affect clinical outcomes, indicating a potential predictive role for microbiota dysregulation in aGVHD severity and prognosis. The current animal and human studies investigating the intestinal microbiota in aGVHD and the understanding of the influence and management of the microbiota in the clinic are reviewed herein. Taken together, monitoring and remodeling the intestinal microecology following allo-HSCT may provide us with promising avenues for diagnosing, preventing or treating aGVHD in the clinic.",2021,Front. Immunol.,644982,,12,SecondPassAI-Include,hong2021interplay-b65,,eng,,1664-3224
0f7e52ef-b898-42ef-9d39-8d932f7acd06,50ab1c5fcf30b6235a6f99c9ce52e7471c88bc1126bb8e3d805c60104daf5cd9,article,2025-08-24T22:47:55Z,2026-05-28T23:51:18Z,sophie.huebler@utah.edu (Sophie Huebler),,False,,,False,,10.1016/j.xcrm.2023.101125,,37467715,PMC10394271,,Multimodal immune cell phenotyping in GI biopsies reveals microbiome-related T cell modulations in human GvHD.pdf,2023,https://app.readcube.com/library/e709e885-1259-44a2-b6a4-521798c9bfd8/item/0f7e52ef-b898-42ef-9d39-8d932f7acd06,https://www.readcube.com/library/e709e885-1259-44a2-b6a4-521798c9bfd8:0f7e52ef-b898-42ef-9d39-8d932f7acd06,"Jarosch, Sebastian","Busch, Dirk H.",Multimodal immune cell phenotyping in GI biopsies reveals microbiome-related T cell modulations in human GvHD,"Jarosch, Sebastian; K√∂hlen, Jan; Ghimire, Sakhila; Orberg, Erik Thiele; Hammel, Monika; Gaag, Doris; Evert, Matthias; Janssen, Klaus-Peter; Hiergeist, Andreas; Gessner, Andr√©; Weber, Daniela; Meedt, Elisabeth; Poeck, Hendrik; D‚ÄôIppolito, Elvira; Holler, Ernst; Busch, Dirk H.",Cell Reports Medicine,2666-3791,http://dx.doi.org/10.1016/j.xcrm.2023.101125,"Acute graft-versus-host disease (aGvHD) is a significant complication after allogeneic hematopoietic stem cell transplantation (aHSCT), but major factors determining disease severity are not well defined yet. By combining multiplexed tissue imaging and single-cell RNA sequencing on gastrointestinal biopsies from aHSCT-treated individuals with fecal microbiome analysis, we link high microbiome diversity and the abundance of short-chain fatty acid-producing bacteria to the sustenance of suppressive regulatory T¬†cells (Tregs). Furthermore, aGvHD severity strongly associates with the clonal expansion of mainly CD8 T¬†cells, which we find distributed over anatomically distant regions of the gut, persistent over time, and inversely correlated with the presence of suppressive Tregs. Overall, our study highlights the pathophysiological importance of expanded CD8 T¬†cell clones in the progression of aGvHD toward more severe clinical manifestations and strongly supports the further development of microbiome interventions as GvHD treatment via repopulation of the gut Treg niche to suppress inflammation.",2023 Jul 18,Cell Rep. Med.,101125,7,4,SecondPassAI-Include,jarosch2023multimodal-0f7,,eng,,2666-3791
2d2bb9d6-b63d-4e8e-8dc1-b10234eddcb5,69c3f254e12f80c53492057214cc2de467c0a8caa6b83de6edf18734546cddb2,article,2025-06-13T20:57:57Z,2026-05-28T23:51:18Z,sophie.huebler@utah.edu (Sophie Huebler),,False,,,False,,10.1186/s40168-019-0745-z,,31519210,PMC6744702,,Specific gut microbiome members are associated with distinct immune markers in pediatric allogeneic hematopoietic stem cell transplantation.pdf,2019,https://app.readcube.com/library/e709e885-1259-44a2-b6a4-521798c9bfd8/item/2d2bb9d6-b63d-4e8e-8dc1-b10234eddcb5,https://www.readcube.com/library/e709e885-1259-44a2-b6a4-521798c9bfd8:2d2bb9d6-b63d-4e8e-8dc1-b10234eddcb5,"Ingham, Anna C√§cilia","Pamp, S√ºnje Johanna",Specific gut microbiome members are associated with distinct immune markers in pediatric allogeneic hematopoietic stem cell transplantation,"Ingham, Anna C√§cilia; Kielsen, Katrine; Cilieborg, Malene Skovsted; Lund, Ole; Holmes, Susan; Aarestrup, Frank M.; M√ºller, Klaus Gottlob; Pamp, S√ºnje Johanna",Microbiome,2049-2618,http://dx.doi.org/10.1186/s40168-019-0745-z,"Increasing evidence reveals the importance of the microbiome in health and disease and inseparable host-microbial dependencies. Host-microbe interactions are highly relevant in patients receiving allogeneic hematopoietic stem cell transplantation (HSCT), i.e., a replacement of the cellular components of the patients‚Äô immune system with that of a foreign donor. HSCT is employed as curative immunotherapy for a number of non-malignant and malignant hematologic conditions, including cancers such as acute lymphoblastic leukemia. The procedure can be accompanied by severe side effects such as infections, acute graft-versus-host disease (aGvHD), and death. Here, we performed a longitudinal analysis of immunological markers, immune reconstitution and gut microbiota composition in relation to clinical outcomes in children undergoing HSCT. Such an analysis could reveal biomarkers, e.g., at the time point prior to HSCT, that in the future could be used to predict which patients are of high risk in relation to side effects and clinical outcomes and guide treatment strategies accordingly. In two multivariate analyses (sparse partial least squares regression and canonical correspondence analysis), we identified three consistent clusters: (1) high concentrations of the antimicrobial peptide human beta-defensin 2 (hBD2) prior to the transplantation in patients with high abundances of Lactobacillaceae, who later developed moderate or severe aGvHD and exhibited high mortality. (2) Rapid reconstitution of NK and B cells in patients with high abundances of obligate anaerobes such as Ruminococcaceae, who developed no or mild aGvHD and exhibited low mortality. (3) High inflammation, indicated by high levels of C-reactive protein, in patients with high abundances of facultative anaerobic bacteria such as Enterobacteriaceae. Furthermore, we observed that antibiotic treatment influenced the bacterial community state. We identify multivariate associations between specific microbial taxa, host immune markers, immune cell reconstitution, and clinical outcomes in relation to HSCT. Our findings encourage further investigations into establishing longitudinal surveillance of the intestinal microbiome and relevant immune markers, such as hBD2, in HSCT patients. Profiling of the microbiome may prove useful as a prognostic tool that could help identify patients at risk of poor immune reconstitution and adverse outcomes, such as aGvHD and death, upon HSCT, providing actionable information in guiding precision medicine.",2019 Sep 13,Microbiome,131,1,7,SecondPassAI-Include,ingham2019specific-2d2,,eng,,2049-2618
a852b83f-ecba-48e8-b64c-ec8bcd47f632,9e7d235fac1d3bf33b4f561131e926728ab14950e8d04c9ba8b6093b1dbd20ec,article,2025-06-12T21:42:01Z,2026-05-28T23:51:18Z,sophie.huebler@utah.edu (Sophie Huebler),,False,,,False,,10.3390/microorganisms9091845,,34576740,PMC8469814,,High Throughput Analysis Reveals Changes in Gut Microbiota and Specific Fecal Metabolomic Signature in Hematopoietic Stem Cell Transplant Patients.pdf,2021,https://app.readcube.com/library/e709e885-1259-44a2-b6a4-521798c9bfd8/item/a852b83f-ecba-48e8-b64c-ec8bcd47f632,https://www.readcube.com/library/e709e885-1259-44a2-b6a4-521798c9bfd8:a852b83f-ecba-48e8-b64c-ec8bcd47f632,"Kouidhi, Soumaya","Tsiamis, George",High Throughput Analysis Reveals Changes in Gut Microbiota and Specific Fecal Metabolomic Signature in Hematopoietic Stem Cell Transplant Patients,"Kouidhi, Soumaya; Souai, Nessrine; Zidi, Oumaima; Mosbah, Amor; Lakhal, Amel; Othmane, Tarek Ben; Belloumi, Dorra; Ayed, Farhat Ben; Asimakis, Elias; Stathopoulou, Panagiota; Cherif, Ameur; Tsiamis, George",Microorganisms,2076-2607,http://dx.doi.org/10.3390/microorganisms9091845,"There is mounting evidence for the emerging role of gut microbiota (GM) and its metabolites in profoundly impacting allogenic hematopoietic stem cell transplantation (allo-HSCT) and its subsequent complications, mainly infections and graft versus host-disease (GvHD). The present study was performed in order to investigate changes in GM composition and fecal metabolic signature between transplant patients (n = 15) and healthy controls (n = 18). The intestinal microbiota was characterized by NGS and gas chromatography‚Äìmass spectrometry was employed to perform untargeted analysis of fecal metabolites. We found lower relative abundances of Actinobacteria, Firmicutes, and Bacteroidetes and a higher abundance of Proteobacteria phylum after allo-HSCT. Particularly, the GvHD microbiota was characterized by a lower relative abundance of the short-chain fatty acid-producing bacteria, namely, the Feacalibacterium, Akkermansia, and Veillonella genera and the Lachnospiraceae family, and an enrichment in multidrug-resistant bacteria belonging to Escherichia, Shigella, and Bacteroides. Moreover, network analysis showed that GvHD was linked to a higher number of positive interactions of Blautia and a significant mutual-exclusion rate of Citrobacter. The fecal metabolome was dominated by lipids in the transplant group when compared with the healthy individuals (p < 0.05). Overall, 76 metabolites were significantly altered within transplant recipients, of which 24 were selected as potential biomarkers. Furthermore, the most notable altered metabolic pathways included the TCA cycle; butanoate, propanoate, and pyruvate metabolisms; steroid biosynthesis; and glycolysis/gluconeogenesis. Specific biomarkers and altered metabolic pathways were correlated to GvHD onset. Our results showed significant shifts in gut microbiota structure and fecal metabolites characterizing allo-HSCT.",2021,Microorganisms,1845,9,9,"\{SCFA\},SCFA,SecondPassAI-Include",kouidhi2021high-a85,,,,
74a814d1-5fe2-4b1d-a5e6-2e981b17df20,7bedc53c1504c4e4f202719c976112c898832512af78a49457149643efa1fb36,article,2025-06-12T21:38:29Z,2026-05-28T23:51:22Z,sophie.huebler@utah.edu (Sophie Huebler),,False,,,False,,10.1126/scitranslmed.aap9489,,30257956,PMC6468978,,scitranslmed.aap9489.pdf,2018,https://app.readcube.com/library/e709e885-1259-44a2-b6a4-521798c9bfd8/item/74a814d1-5fe2-4b1d-a5e6-2e981b17df20,https://www.readcube.com/library/e709e885-1259-44a2-b6a4-521798c9bfd8:74a814d1-5fe2-4b1d-a5e6-2e981b17df20,"Taur, Ying","Xavier, Joao B.",Reconstitution of the gut microbiota of antibiotic-treated patients by autologous fecal microbiota transplant,"Taur, Ying; Coyte, Katharine; Schluter, Jonas; Robilotti, Elizabeth; Figueroa, Cesar; Gjonbalaj, Mergim; Littmann, Eric R.; Ling, Lilan; Miller, Liza; Gyaltshen, Yangtsho; Fontana, Emily; Morjaria, Sejal; Gyurkocza, Boglarka; Perales, Miguel-Angel; Castro-Malaspina, Hugo; Tamari, Roni; Ponce, Doris; Koehne, Guenther; Barker, Juliet; Jakubowski, Ann; Papadopoulos, Esperanza; Dahi, Parastoo; Sauter, Craig; Shaffer, Brian; Young, James W.; Peled, Jonathan; Meagher, Richard C.; Jenq, Robert R.; den Brink, Marcel R. M. van; Giralt, Sergio A.; Pamer, Eric G.; Xavier, Joao B.",Science Translational Medicine,1946-6234,http://dx.doi.org/10.1126/scitranslmed.aap9489,"Antibiotic treatment can deplete the commensal bacteria of a patient‚Äôs gut microbiota and, paradoxically, increase their risk of subsequent infections. In allogeneic hematopoietic stem cell transplantation (allo-HSCT), antibiotic administration is essential for optimal clinical outcomes but significantly disrupts intestinal microbiota diversity, leading to loss of many beneficial microbes. Although gut microbiota diversity loss during allo-HSCT is associated with increased mortality, approaches to reestablish depleted commensal bacteria have yet to be developed. We have initiated a randomized, controlled clinical trial of autologous fecal microbiota transplantation (auto-FMT) versus no intervention and have analyzed the intestinal microbiota profiles of 25 allo-HSCT patients (14 who received auto-FMT treatment and 11 control patients who did not). Changes in gut microbiota diversity and composition revealed that the auto-FMT intervention boosted microbial diversity and reestablished the intestinal microbiota composition that the patient had before antibiotic treatment and allo-HSCT. These results demonstrate the potential for fecal sample banking and posttreatment remediation of a patient‚Äôs gut microbiota after microbiota-depleting antibiotic treatment during allo-HSCT.",2018,Sci. Transl. Med.,eaap9489,460,10,"Liao cited,SecondPassAI-Include",taur2018reconstitution-74a,,,,
de34fc97-2ce7-4f67-b993-831946ad2304,71cca8368b687ad4fb23046a749c7dce0fa7102fc9e63b516514d72540ea94de,article,2025-06-12T21:38:20Z,2026-05-28T23:51:17Z,sophie.huebler@utah.edu (Sophie Huebler),2026-02-25T22:15:16Z,True,,,False,,10.3324/haematol.2020.247395,,33241674,PMC8017815,,10101-Article Text-73772-2-10-20210329.pdf,2020,https://app.readcube.com/library/e709e885-1259-44a2-b6a4-521798c9bfd8/item/de34fc97-2ce7-4f67-b993-831946ad2304,https://www.readcube.com/library/e709e885-1259-44a2-b6a4-521798c9bfd8:de34fc97-2ce7-4f67-b993-831946ad2304,"Henig, Israel","Zuckerman, Tsila",The clinical role of the gut microbiome and fecal microbiota transplantation in allogeneic stem cell transplantation,"Henig, Israel; Yehudai-Ofir, Dana; Zuckerman, Tsila",Haematologica,1592-8721,http://dx.doi.org/10.3324/haematol.2020.247395,"Outcomes of allogeneic hematopoietic stem cell transplantation (allo- HSCT) have improved in the recent decade; however, infections and graft-versus-host disease remain two leading complications significantly contributing to early transplant-related mortality. In past years, the human intestinal microbial composition (microbiota) has been found to be associated with various disease states, including cancer, response to cancer immunotherapy and to modulate the gut innate and adaptive immune response. In the setting of allo-HSCT, the intestinal microbiota diversity and composition appear to have an impact on infection risk, mortality and overall survival. Microbial metabolites have been shown to contribute to the health and integrity of intestinal epithelial cells during inflammation, thus mitigating graft-versus-host disease in animal models. While the cause-andeffect relationship between the intestinal microbiota and transplant-associated complications has not yet been fully elucidated, the above findings have already resulted in the implementation of various interventions aiming to restore the intestinal microbiota diversity and composition. Among others, these interventions include the administration of fecal microbiota transplantation. The present review, based on published data, is intended to define the role of the latter approach in the setting of allo-HSCT.",2020,Haematologica,933-946,4,106,SecondPassAI-Include,henig2020clinical-de3,,eng,,0390-6078
a3812bfe-bf88-42ca-85e7-3af486011b72,717a28b3e8ff2e98a15f4b72189e5910488f112dfdb59b1bfa5b05f986760a06,article,2025-06-12T21:37:00Z,2026-05-28T23:51:22Z,sophie.huebler@utah.edu (Sophie Huebler),,False,,,False,,10.1182/blood-2016-09-691394,,27940475,PMC5324712,,1-s2.0-S0006497120336636-mainext.pdf,2017,https://app.readcube.com/library/e709e885-1259-44a2-b6a4-521798c9bfd8/item/a3812bfe-bf88-42ca-85e7-3af486011b72,https://www.readcube.com/library/e709e885-1259-44a2-b6a4-521798c9bfd8:a3812bfe-bf88-42ca-85e7-3af486011b72,"Staffas, Anna","den Brink, Marcel R.M. van",The intestinal microbiota in allogeneic hematopoietic cell transplant and graft-versus-host disease,"Staffas, Anna; da Silva, Marina Burgos; den Brink, Marcel R.M. van",Blood,0006-4971,http://dx.doi.org/10.1182/blood-2016-09-691394," Hematopoietic cell transplantation (HCT) is a critical treatment of patients with high-risk hematopoietic malignancies, hematological deficiencies, and other immune diseases. In allogeneic HCT (allo-HCT), donor-derived T cells recognize host tissues as foreign, causing graft-versus-host disease (GVHD) which is a main contributor to morbidity and mortality. The intestine is one of the organs most severely affected by GVHD and research has recently highlighted the importance of bacteria, particularly the gut microbiota, in HCT outcome and in GVHD development. Loss of intestinal bacterial diversity is common during the course of HCT and is associated with GVHD development and treatment with broad-spectrum antibiotics. Loss of intestinal diversity and outgrowth of opportunistic pathogens belonging to the phylum Proteobacteria and Enterococcus genus have also been linked to increased treatment-related mortality including GVHD, infections, and organ failure after allo-HCT. Experimental studies in allo-HCT animal models have shown some promising results for prebiotic and probiotic strategies as prophylaxis or treatment of GVHD. Continuous research will be important to define the relation of cause and effect for these associations between microbiota features and HCT outcomes. Importantly, studies focused on geographic and cultural differences in intestinal microbiota are necessary to define applicability of new strategies targeting the intestinal microbiota.",2017,Blood,927-933,8,129,SecondPassAI-Include,staffas2017intestinal-a38,,eng,,0006-4971
1ae8c86e-8ed7-44ad-bdb7-c8ef0d333857,f4c36052518874433a34283fa5c1e33b0122a16274bf266c5b2ff4148f8e9ef5,article,2025-06-12T21:29:06Z,2026-05-28T23:51:18Z,sophie.huebler@utah.edu (Sophie Huebler),2026-05-19T18:57:31Z,True,,,False,,10.1016/j.bbmt.2014.01.030,,24492144,PMC4973578,,"s3.us-east-1.amazonaws.com 6/12/2025, 3:29:09 PM.pdf",2014,https://app.readcube.com/library/e709e885-1259-44a2-b6a4-521798c9bfd8/item/1ae8c86e-8ed7-44ad-bdb7-c8ef0d333857,https://www.readcube.com/library/e709e885-1259-44a2-b6a4-521798c9bfd8:1ae8c86e-8ed7-44ad-bdb7-c8ef0d333857,"Holler, Ernst","Oefner, Peter J.",Metagenomic Analysis of the Stool Microbiome in Patients Receiving Allogeneic Stem Cell Transplantation: Loss of Diversity Is Associated with Use of Systemic Antibiotics and More Pronounced in Gastrointestinal Graft-versus-Host Disease,"Holler, Ernst; Butzhammer, Peter; Schmid, Karin; Hundsrucker, Christian; Koestler, Josef; Peter, Katrin; Zhu, Wentao; Sporrer, Daniela; Hehlgans, Thomas; Kreutz, Marina; Holler, Barbara; Wolff, Daniel; Edinger, Matthias; Andreesen, Reinhard; Levine, John E.; Ferrara, James L.; Gessner, Andre; Spang, Rainer; Oefner, Peter J.",Biology of Blood and Marrow Transplantation,1083-8791,http://dx.doi.org/10.1016/j.bbmt.2014.01.030," Next-generation sequencing of the hypervariable V3 region of the 16s rRNA gene isolated from serial stool specimens collected from 31 patients receiving allogeneic stem cell transplantation (SCT) was performed to¬†elucidate variations in the composition of the intestinal microbiome in the course of allogeneic SCT. Metagenomic analysis was complemented by strain-specific enterococcal PCR and indirect assessment of bacterial load by liquid chromatography-tandem mass spectrometry of urinary indoxyl sulfate. At the time of admission, patients showed a predominance of commensal bacteria. After transplantation, a relative shift toward enterococci was observed, which was more pronounced under antibiotic prophylaxis and treatment of neutropenic infections. The shift was particularly prominent in patients that developed subsequently or suffered from active gastrointestinal (GI) graft-versus-host disease (GVHD). The mean proportion of enterococci in post-transplant stool specimens was 21% in patients who did not develop GI GVHD as compared with 46% in those that subsequently developed GI GVHD and 74% at the time of active GVHD. Enterococcal PCR confirmed predominance of Enterococcus faecium or both E.¬†faecium and Enterococcus faecalis in these specimens. As a consequence of the loss of bacterial diversity, mean urinary indoxyl sulfate¬†levels dropped from 42.5¬†¬±¬†11¬†Œºmol/L to 11.8¬†¬±¬†2.8¬†Œºmol/L in all post-transplant samples and to 3.5¬†¬±¬†3¬†Œºmol/L in samples from patients with active GVHD. Our study reveals major microbiome shifts in the course of allogeneic SCT that occur in the period of antibiotic treatment but are more prominent in association with GI GVHD. Our data indicate early microbiome shifts and a loss of diversity of the intestinal microbiome that may affect intestinal inflammation in the setting of allogeneic SCT.",2014 May,Biol. Blood Marrow Transplant.,640-645,5,20,"Entero,SecondPassAI-Include",holler2014metagenomic-1ae,,eng,,1083-8791
60e1e723-47a8-46a2-9141-b0310d4671f3,882c19acc1cecd1340c216a6915f17e8a6e0173af8fce17d1c54cda7760cc863,article,2025-06-12T21:24:01Z,2026-05-28T23:51:22Z,sophie.huebler@utah.edu (Sophie Huebler),,False,,,False,,10.1182/blood-2014-02-554725,,24939656,PMC4133489,,1-s2.0-S0006497120398487-main.pdf,2014,https://app.readcube.com/library/e709e885-1259-44a2-b6a4-521798c9bfd8/item/60e1e723-47a8-46a2-9141-b0310d4671f3,https://www.readcube.com/library/e709e885-1259-44a2-b6a4-521798c9bfd8:60e1e723-47a8-46a2-9141-b0310d4671f3,"Taur, Ying","Pamer, Eric G.",The effects of intestinal tract bacterial diversity on mortality following allogeneic hematopoietic stem cell transplantation,"Taur, Ying; Jenq, Robert R.; Perales, Miguel-Angel; Littmann, Eric R.; Morjaria, Sejal; Ling, Lilan; No, Daniel; Gobourne, Asia; Viale, Agnes; Dahi, Parastoo B.; Ponce, Doris M.; Barker, Juliet N.; Giralt, Sergio; den Brink, Marcel van; Pamer, Eric G.",Blood,0006-4971,http://dx.doi.org/10.1182/blood-2014-02-554725,"Highly diverse bacterial populations inhabit the gastrointestinal tract and modulate host inflammation and promote immune tolerance. In allogeneic hematopoietic stem cell transplantation (allo-HSCT), the gastrointestinal mucosa is damaged, and colonizing bacteria are impacted, leading to an impaired intestinal microbiota with reduced diversity. We examined the impact of intestinal diversity on subsequent mortality outcomes following transplantation. Fecal specimens were collected from 80 recipients of allo-HSCT at the time of stem cell engraftment. Bacterial 16S rRNA gene sequences were characterized, and microbial diversity was estimated using the inverse Simpson index. Subjects were classified into high, intermediate, and low diversity groups and assessed for differences in outcomes. Mortality outcomes were significantly worse in patients with lower intestinal diversity; overall survival at 3 years was 36%, 60%, and 67% for low, intermediate, and high diversity groups, respectively (P = .019, log-rank test). Low diversity showed a strong effect on mortality after multivariate adjustment for other clinical predictors (transplant related mortality: adjusted hazard ratio, 5.25; P = .014). In conclusion, the diversity of the intestinal microbiota at engraftment is an independent predictor of mortality in allo-HSCT recipients. These results indicate that the intestinal microbiota may be an important factor in the success or failure in allo-HSCT.",2014,Blood,1174-1182,7,124,"Liao cited,SecondPassAI-Include",taur2014effects-60e,,,,
9e5d0f81-c2da-47ef-a4a5-5a7d7f56b099,900da310d2ed6ce193344f31256c8e680ce90623529ef4757d5f63a9d6845d3e,article,2025-06-12T21:18:10Z,2026-05-28T23:51:15Z,sophie.huebler@utah.edu (Sophie Huebler),2026-05-21T18:37:07Z,True,,,False,,10.1186/s40168-024-01948-0,,39511587,PMC11542268,,Multimodal analysis identifies microbiome changes linked to stem cell transplantation-associated diseases.pdf,2024,https://app.readcube.com/library/e709e885-1259-44a2-b6a4-521798c9bfd8/item/9e5d0f81-c2da-47ef-a4a5-5a7d7f56b099,https://www.readcube.com/library/e709e885-1259-44a2-b6a4-521798c9bfd8:9e5d0f81-c2da-47ef-a4a5-5a7d7f56b099,"Artacho, Alejandro","Ubeda, Carles",Multimodal analysis identifies microbiome changes linked to stem cell transplantation-associated diseases,"Artacho, Alejandro; Gonz√°lez-Torres, Cintya; G√≥mez-Cebri√°n, Nuria; Moles-Poveda, Paula; Pons, Javier; Jim√©nez, Nuria; Casanova, Mar√≠a Jinglei; Montoro, Juan; Balaguer, Aitana; Villalba, Marta; Chor√£o, Pedro; Puchades-Carrasco, Leonor; Sanz, Jaime; Ubeda, Carles",Microbiome,2049-2618,http://dx.doi.org/10.1186/s40168-024-01948-0,"Allogeneic hematopoietic stem cell transplantation (allo-HSCT) is one of the most efficient therapeutic options available to cure many hematological malignancies. However, severe complications derived from this procedure, including graft-versus-host disease (GVHD) and infections, can limit its success and negatively impact survival. Previous studies have shown that alterations in the microbiome are associated with the development of allo-HSCT-derived complications. However, most studies relied on single techniques that can only analyze a unique aspect of the microbiome, which hinders our ability to understand how microbiome alterations drive allo-HSCT-associated diseases. Here, we have applied multiple ‚Äúomic‚Äù techniques (16S rRNA and shotgun sequencing, targeted and un-targeted metabolomics) in combination with machine learning approaches to define the most significant microbiome changes following allo-HSCT at multiple modalities (bacterial taxa, encoded functions, and derived metabolites). In addition, multivariate approaches were applied to study interactions among the various microbiome modalities (the interactome). Our results show that the microbiome of transplanted patients exhibits substantial changes in all studied modalities. These include depletion of beneficial microbes, mainly from the Clostridiales order, loss of their bacterial encoded functions required for the synthesis of key metabolites, and a reduction in metabolic end products such as short chain fatty acids (SCFAs). These changes were followed by an expansion of bacteria that frequently cause infections after allo-HSCT, including several Staphylococcus species, which benefit from the reduction of bacteriostatic SCFAs. Additionally, we found specific alterations in all microbiome modalities that distinguished those patients who subsequently developed GVHD, including depletion of anti-inflammatory commensals, protective reactive oxygen detoxifying enzymes, and immunoregulatory metabolites such as acetate or malonate. Moreover, extensive shifts in the homeostatic relationship between bacteria and their metabolic products (e.g., Faecalibacterium and butyrate) were detected mainly in patients who later developed GVHD. We have identified specific microbiome changes at different modalities (microbial taxa, their encoded genes, and synthetized metabolites) and at the interface between them (the interactome) that precede the development of complications associated with allo-HSCT. These identified microbial features provide novel targets for the design of microbiome-based strategies to prevent diseases associated with stem cell transplantation. Bx_7phuTozz8yFUTR9cZV4Video Abstract Video Abstract",2024 Nov 7,Microbiome,229,1,12,SecondPassAI-Include,artacho2024multimodal-9e5,,eng,,2049-2618
