citing_paper,citing_doi,local_number,full_citation,doi,N
Lakshmanan_2023,10.1097/TP.0000000000004629,1,"Lee SJ, Vogelsang G, Flowers ME. Chronic graft-versus-host disease. Biol Blood Marrow Transplant. 2003;9:215‚Äì233. - PubMed",NA,25
Lakshmanan_2023,10.1097/TP.0000000000004629,4,"Turnbaugh PJ, Ley RE, Hamady M, et al. The human microbiome project. Nature. 2007;449:804‚Äì810. - PMC - PubMed",NA,25
Lakshmanan_2023,10.1097/TP.0000000000004629,30,"Kota H, Chamberlain RS. Immunonutrition is associated with a decreased incidence of graft-versus-host disease in bone marrow transplant recipients: a meta-analysis. JPEN J Parenter Enteral Nutr. 2017;41:1286‚Äì1292. - PubMed",NA,25
Lakshmanan_2023,10.1097/TP.0000000000004629,32,"Floch MH, Ringel Y, Walker WA, eds. The Microbiota in Gastrointestinal Pathophysiology Implications for Human Health, Prebiotics, Probiotics, and Dysbiosis. Elsevier Inc.; 2017.",NA,25
Lakshmanan_2023,10.1097/TP.0000000000004629,33,"Ghorbani Y, Schwenger KJP, Sharma D, et al. Effect of faecal microbial transplant via colonoscopy in patients with severe obesity and insulin resistance: a randomized double-blind, placebo-controlled phase 2 trial. Diabetes Obes Metab. 2023;25:479‚Äì490. - PubMed",NA,25
Lakshmanan_2023,10.1097/TP.0000000000004629,40,"Zhao L, Zhang F, Ding X, et al. Gut bacteria selectively promoted by dietary fibers alleviate type 2 diabetes. Science. 2018;359:1151‚Äì1156. - PubMed",NA,25
Lakshmanan_2023,10.1097/TP.0000000000004629,58,"Stringer AM, Gibson RJ, Bowen JM, et al. Irinotecan-induced mucositis manifesting as diarrhoea corresponds with an amended intestinal flora and mucin profile. Int J Exp Pathol. 2009;90:489‚Äì499. - PMC - PubMed",NA,25
Lakshmanan_2023,10.1097/TP.0000000000004629,64,"Peled JU, Gomes ALC, Devlin SM, et al. Microbiota as predictor of mortality in allogeneic hematopoietic-cell transplantation. N Engl J Med. 2020;382:822‚Äì834. - PMC - PubMed",NA,25
Lakshmanan_2023,10.1097/TP.0000000000004629,71,"Mathewson ND, Jenq R, Mathew AV, et al. Gut microbiome-derived metabolites modulate intestinal epithelial cell damage and mitigate graft-versus-host disease. Nat Immunol. 2016;17:505‚Äì513. - PMC - PubMed",NA,25
Lakshmanan_2023,10.1097/TP.0000000000004629,91,"NIH National Center for Complemenary and Integrative Health. Probiotics: what you need to know. 2019. Available at https://www.nccih.nih.gov/health/probiotics-what-you-need-to-know. Accessed May 1, 2022.",NA,25
Lakshmanan_2023,10.1097/TP.0000000000004629,92,"Soemarie YB, Milanda T, Barliana MI. Fermented foods as probiotics: a review. J Adv Pharm Technol Res. 2021;12:335‚Äì339. - PMC - PubMed",NA,25
Lakshmanan_2023,10.1097/TP.0000000000004629,94,"Lee YK, Salminen S. Handbook of Probiotics and Prebiotics. 2nd ed. John Wiley & Sons, Inc.; 2008.",NA,25
Lakshmanan_2023,10.1097/TP.0000000000004629,100,"American Cancer Society. Food safety during cancer treatment. 2019. Available at https://www.cancer.org/treatment/survivorship-during-and-after-treatment.... Accessed August 1, 2022.",NA,25
Lakshmanan_2023,10.1097/TP.0000000000004629,103,"Abdi R, Joye IJ. Prebiotic potential of cereal components. Foods. 2021;10:2338. - PMC - PubMed",NA,25
Lakshmanan_2023,10.1097/TP.0000000000004629,110,"Stein-Thoeringer CK, Nichols KB, Lazrak A, et al. Lactose drives Enterococcus expansion to promote graft-versus-host disease. Science. 2019;366:1143‚Äì1149. - PMC - PubMed",NA,25
Lakshmanan_2023,10.1097/TP.0000000000004629,116,"Anwar F, Alhayyani S, Al-Abbasi FA, et al. Pharmacological role of vitamin C in stress-induced cardiac dysfunction via alteration in gut microbiota. J Biochem Mol Toxicol. 2022;36:e22986. - PubMed",NA,25
Lakshmanan_2023,10.1097/TP.0000000000004629,125,"Cho HJ, Shin DY, Kim JH, et al. Impact of vitamin D receptor gene polymorphisms on clinical outcomes of HLA-matched sibling hematopoietic stem cell transplantation. Clin Transplant. 2012;26:476‚Äì483. - PubMed",NA,25
Lakshmanan_2023,10.1097/TP.0000000000004629,128,"Chen C, Dong B, Wang Y, et al. The role of Bacillus acidophilus in osteoporosis and its roles in proliferation and differentiation. J Clin Lab Anal. 2020;34:e23471. - PMC - PubMed",NA,25
Lakshmanan_2023,10.1097/TP.0000000000004629,131,"Takatsuka H, Takemoto Y, Yamada S, et al. Oral eicosapentaenoic acid for acute colonic graft-versus-host disease after bone marrow transplantation. Drugs Exp Clin Res. 2002;28:121‚Äì125. - PubMed",NA,25
Lakshmanan_2023,10.1097/TP.0000000000004629,143,"Morales-Ferre C, Azagra-Boronat I, Massot-Cladera M, et al. Effects of a postbiotic and prebiotic mixture on suckling rats‚Äô microbiota and immunity. Nutrients. 2021;13:2975. - PMC - PubMed",NA,25
Lakshmanan_2023,10.1097/TP.0000000000004629,145,"Chessum N, Jones K, Pasqua E, et al. Recent advances in cancer therapeutics. Prog Med Chem. 2015;54:1‚Äì63. - PubMed",NA,25
Lakshmanan_2023,10.1097/TP.0000000000004629,152,"Vinderola G, Sanders ME, Salminen S. The concept of postbiotics. Foods. 2022;11:1077. - PMC - PubMed",NA,25
Lakshmanan_2023,10.1097/TP.0000000000004629,153,"D‚ÄôAmico F, Biagi E, Rampelli S, et al. Enteral nutrition in pediatric patients undergoing hematopoietic SCT promotes the recovery of gut microbiome homeostasis. Nutrients. 2019;11:2958. - PMC - PubMed",NA,25
Lakshmanan_2023,10.1097/TP.0000000000004629,154,"Andersen S, Staudacher H, Weber N, et al. Pilot study investigating the effect of enteral and parenteral nutrition on the gastrointestinal microbiome post-allogeneic transplantation. Br J Haematol. 2020;188:570‚Äì581. - PubMed",NA,25
Lakshmanan_2023,10.1097/TP.0000000000004629,158,"Tseng CH, Wu CY. The gut microbiome in obesity. J Formos Med Assoc. 2019;118(Suppl 1):S3‚ÄìS9. - PubMed",NA,25
Lin_2021,10.1186/s40164-021-00240-3,1,D‚Äô Souza A FC. Current uses and outcomes of hematopoietic cell transplantation (HCT). CIBMTR summary slides. 2019; http://www.cibmtr.org.,NA,27
Lin_2021,10.1186/s40164-021-00240-3,2,"Forman SJ NR, Antin JH, Appelbaum FR, editors. Thomas‚Äô hematopoietic cell transplantation. 5rd ed. Chichester: Wiley. 2016.",NA,27
Lin_2021,10.1186/s40164-021-00240-3,6,"Faith JJ, Guruge JL, Charbonneau M, Subramanian S, Seedorf H, Goodman AL, et al. The long-term stability of the human gut microbiota. Science. 2013;341(6141):1237439. doi: 10.1126/science.1237439. - DOI - PMC - PubMed",NA,27
Lin_2021,10.1186/s40164-021-00240-3,8,Hansson GC. Role of mucus layers in gut infection and inflammation. Curr Opin Microbiol. 2012;15(1):57‚Äì62. doi: 10.1016/j.mib.2011.11.002. - DOI - PMC - PubMed,NA,27
Lin_2021,10.1186/s40164-021-00240-3,14,"van Bekkum DW, Roodenburg J, Heidt PJ, van der Waaij D. Mitigation of secondary disease of allogeneic mouse radiation chimeras by modification of the intestinal microflora. J Natl Cancer Inst. 1974;52(2):401‚Äì404. doi: 10.1093/jnci/52.2.401. - DOI - PubMed",NA,27
Lin_2021,10.1186/s40164-021-00240-3,17,"Ferrara JL, Levine JE, Reddy P, Holler E. Graft-versus-host disease. Lancet. 2009;373(9674):1550‚Äì1561. doi: 10.1016/S0140-6736(09)60237-3. - DOI - PMC - PubMed",NA,27
Lin_2021,10.1186/s40164-021-00240-3,30,"Parco S, Benericetti G, Vascotto F, Palmisciano G. Microbiome and diversity indices during blood stem cells transplantation‚Äînew perspectives? Cent Eur J Public Health. 2019;27(4):335‚Äì339. doi: 10.21101/cejph.a5393. - DOI - PubMed",NA,27
Lin_2021,10.1186/s40164-021-00240-3,39,"Stein-Thoeringer CK, Nichols KB, Lazrak A, Docampo MD, Slingerland AE, Slingerland JB, et al. Lactose drives Enterococcus expansion to promote graft-versus-host disease. Science. 2019;366(6469):1143‚Äì1149. doi: 10.1126/science.aax3760. - DOI - PMC - PubMed",NA,27
Lin_2021,10.1186/s40164-021-00240-3,43,"Mathewson ND, Jenq R, Mathew AV, Koenigsknecht M, Hanash A, Toubai T, et al. Gut microbiome-derived metabolites modulate intestinal epithelial cell damage and mitigate graft-versus-host disease. Nat Immunol. 2016;17(5):505‚Äì513. doi: 10.1038/ni.3400. - DOI - PMC - PubMed",NA,27
Lin_2021,10.1186/s40164-021-00240-3,50,"Haak BW, Littmann ER, Chaubard JL, Pickard AJ, Fontana E, Adhi F, et al. Impact of gut colonization with butyrate-producing microbiota on respiratory viral infection following allo-HCT. Blood. 2018;131(26):2978‚Äì2986. - PMC - PubMed",NA,27
Lin_2021,10.1186/s40164-021-00240-3,59,"Harris AC, Ferrara JL, Levine JE. Advances in predicting acute GVHD. Br J Haematol. 2013;160(3):288‚Äì302. doi: 10.1111/bjh.12142. - DOI - PMC - PubMed",NA,27
Lin_2021,10.1186/s40164-021-00240-3,64,"Haney EF, Mansour SC, Hancock RE. Antimicrobial peptides: an introduction. Methods Mol Biol. 2017;1548:3‚Äì22. doi: 10.1007/978-1-4939-6737-7_1. - DOI - PubMed",NA,27
Lin_2021,10.1186/s40164-021-00240-3,67,"Eriguchi Y, Nakamura K, Hashimoto D, Shimoda S, Shimono N, Akashi K, et al. Decreased secretion of Paneth cell alpha-defensins in graft-versus-host disease. Transpl Infect Dis. 2015;17(5):702‚Äì706. doi: 10.1111/tid.12423. - DOI - PubMed",NA,27
Lin_2021,10.1186/s40164-021-00240-3,89,"Hulsdunker J, Thomas OS, Haring E, Unger S, Gonzalo Nunez N, Tugues S, et al. Immunization against poly-N-acetylglucosamine reduces neutrophil activation and GVHD while sparing microbial diversity. Proc Natl Acad Sci U S A. 2019;116(41):20700‚Äì20706. doi: 10.1073/pnas.1908549116. - DOI - PMC - PubMed",NA,27
Lin_2021,10.1186/s40164-021-00240-3,97,"Belkaid Y, Harrison OJ. Homeostatic immunity and the microbiota. Immunity. 2017;46(4):562‚Äì576. doi: 10.1016/j.immuni.2017.04.008. - DOI - PMC - PubMed",NA,27
Lin_2021,10.1186/s40164-021-00240-3,100,"Smith PM, Howitt MR, Panikov N, Michaud M, Gallini CA, Bohlooly YM, et al. The microbial metabolites, short-chain fatty acids, regulate colonic Treg cell homeostasis. Science. 2013;341(6145):569‚Äì573. doi: 10.1126/science.1241165. - DOI - PMC - PubMed",NA,27
Lin_2021,10.1186/s40164-021-00240-3,118,"Bilinski J, Lis K, Tomaszewska A, Grzesiowski P, Dzieciatkowski T, Tyszka M, et al. Fecal microbiota transplantation in patients with acute and chronic graft-versus-host disease-spectrum of responses and safety profile. Results from a prospective, multicenter study. Am J Hematol. 2021;96(3):E88‚ÄìE91. doi: 10.1002/ajh.26077. - DOI - PubMed",NA,27
Lin_2021,10.1186/s40164-021-00240-3,119,"Elgarten CW, Li Y, Getz KD, Hemmer M, Huang YV, Hall M, et al. Broad spectrum antibiotics and risk of graft-versus-host disease in pediatric patients transplanted for acute leukemia: association of carbapenem use with risk of acute GVHD. Transplant Cell Ther. 2021;27(2):177 e1-e8. doi: 10.1016/j.jtct.2020.10.012. - DOI - PMC - PubMed",NA,27
Lin_2021,10.1186/s40164-021-00240-3,142,"Mayorgas A, Dotti I, Salas A. Microbial metabolites, postbiotics, and intestinal epithelial function. Mol Nutr Food Res. 2021;65(5):e2000188. doi: 10.1002/mnfr.202000188. - DOI - PubMed",NA,27
Lin_2021,10.1186/s40164-021-00240-3,145,"Khoruts A, Sadowsky MJ. Understanding the mechanisms of faecal microbiota transplantation. Nat Rev Gastroenterol Hepatol. 2016;13(9):508‚Äì516. doi: 10.1038/nrgastro.2016.98. - DOI - PMC - PubMed",NA,27
Lin_2021,10.1186/s40164-021-00240-3,147,"Goeser F, Sifft B, Stein-Thoeringer C, Farowski F, Strassburg CP, Brossart P, et al. Fecal microbiota transfer for refractory intestinal graft-versus-host disease‚Äîexperience from two German tertiary centers. Eur J Haematol. 2021;107(2):229‚Äì245. doi: 10.1111/ejh.13642. - DOI - PubMed",NA,27
Lin_2021,10.1186/s40164-021-00240-3,149,"DeFilipp Z, Bloom PP, Torres Soto M, Mansour MK, Sater MRA, Huntley MH, et al. Drug-resistant E. coli bacteremia transmitted by fecal microbiota transplant. N Engl J Med. 2019;381(21):2043‚Äì50. doi: 10.1056/NEJMoa1910437. - DOI - PubMed",NA,27
Lin_2021,10.1186/s40164-021-00240-3,155,"Reese MK, Hewlings S. Enteral versus parenteral nutrition: use in adult patients undergoing hematopoietic stem cell transplantation. Clin J Oncol Nurs. 2019;23(2):173‚Äì179. - PubMed",NA,27
Lin_2021,10.1186/s40164-021-00240-3,158,"Guieze R, Lemal R, Cabrespine A, Hermet E, Tournilhac O, Combal C, et al. Enteral versus parenteral nutritional support in allogeneic haematopoietic stem-cell transplantation. Clin Nutr. 2014;33(3):533‚Äì538. doi: 10.1016/j.clnu.2013.07.012. - DOI - PubMed",NA,27
Lin_2021,10.1186/s40164-021-00240-3,161,"D√Åmico F, Biagi E, Rampelli S, Fiori J, Zama D, Soverini M, et al. Enteral nutrition in pediatric patients undergoing hematopoietic SCT promotes the recovery of gut microbiome homeostasis. Nutrients. 2019;11(12):2958. doi: 10.3390/nu11122958. - DOI - PMC - PubMed",NA,27
Lin_2021,10.1186/s40164-021-00240-3,162,"Andersen S, Staudacher H, Weber N, Kennedy G, Varelias A, Banks M, et al. Pilot study investigating the effect of enteral and parenteral nutrition on the gastrointestinal microbiome post-allogeneic transplantation. Br J Haematol. 2020;188(4):570‚Äì581. doi: 10.1111/bjh.16218. - DOI - PubMed",NA,27
Lin_2021,10.1186/s40164-021-00240-3,163,"Ward PP, Paz E, Conneely OM. Multifunctional roles of lactoferrin: a critical overview. Cell Mol Life Sci. 2005;62(22):2540‚Äì2548. doi: 10.1007/s00018-005-5369-8. - DOI - PMC - PubMed",NA,27
Henig_2020,10.3324/haematol.2020.247395,1,"D'Souza A, Fretham C. Current uses and outcomes of hematopoietic cell transplantation (HCT): CIBMTR Summary Slides, 2019. Available at https://www.cibmtr.org. Accessed April, 2020. 2019.",NA,28
Henig_2020,10.3324/haematol.2020.247395,2,"Canaani J, Beohou E, Labopin M, et al. Trends in patient outcome over the past two decades following allogeneic stem cell transplantation for acute myeloid leukaemia: an ALWP/EBMT analysis. J Intern Med. 2019;285(4):407-418. - PubMed",NA,28
Henig_2020,10.3324/haematol.2020.247395,3,"Turnbaugh PJ, Ley RE, Hamady M, Fraser-Liggett CM, Knight R, Gordon JI. The human microbiome project. Nature. 2007; 449(7164):804-810. - PMC - PubMed",NA,28
Henig_2020,10.3324/haematol.2020.247395,8,"Reinhardt C, Bergentall M, Greiner TU, et al. Tissue factor and PAR1 promote microbiotainduced intestinal vascular remodelling. Nature. 2012;483(7391):627-631. - PMC - PubMed",NA,28
Henig_2020,10.3324/haematol.2020.247395,10,"Canfora EE, Jocken JW, Blaak EE. Shortchain fatty acids in control of body weight and insulin sensitivity. Nat Rev Endocrinol. 2015;11(10):577-591. - PubMed",NA,28
Henig_2020,10.3324/haematol.2020.247395,12,"Devlin AS, Fischbach MA. A biosynthetic pathway for a prominent class of microbiota- derived bile acids. Nat Chem Biol. 2015;11(9):685-690. - PMC - PubMed",NA,28
Henig_2020,10.3324/haematol.2020.247395,13,"Haiser HJ, Gootenberg DB, Chatman K, Sirasani G, Balskus EP, Turnbaugh PJ. Predicting and manipulating cardiac drug inactivation by the human gut bacterium Eggerthella lenta. Science. 2013;341(6143): 295-298. - PMC - PubMed",NA,28
Henig_2020,10.3324/haematol.2020.247395,18,"Poore GD, Kopylova E, Zhu Q, et al. Microbiome analyses of blood and tissues suggest cancer diagnostic approach. Nature. 2020;579(7800):567-574. - PMC - PubMed",NA,28
Henig_2020,10.3324/haematol.2020.247395,19,"Gopalakrishnan V, Spencer CN, Nezi L, et al. Gut microbiome modulates response to anti-PD-1 immunotherapy in melanoma patients. Science. 2018;359(6371):97-103. - PMC - PubMed",NA,28
Henig_2020,10.3324/haematol.2020.247395,31,"Mathewson ND, Jenq R, Mathew AV, et al. Gut microbiome-derived metabolites modulate intestinal epithelial cell damage and mitigate graft-versus-host disease. Nat Immunol. 2016;17(5):505-513. - PMC - PubMed",NA,28
Henig_2020,10.3324/haematol.2020.247395,36,"Ooijevaar RE, Terveer EM, Verspaget HW, Kuijper EJ, Keller JJ. Clinical application and potential of fecal microbiota transplantation. Annu Rev Med. 2019;70:335-351. - PubMed",NA,28
Henig_2020,10.3324/haematol.2020.247395,37,"Peled JU, Gomes ALC, Devlin SM, et al. Microbiota as predictor of mortality in allogeneic hematopoietic-cell transplantation. N Engl J Med. 2020;382(9):822-834. - PMC - PubMed",NA,28
Henig_2020,10.3324/haematol.2020.247395,49,"Kusakabe S, Fukushima K, Maeda T, et al. Pre- and post-serial metagenomic analysis of gut microbiota as a prognostic factor in patients undergoing haematopoietic stem cell transplantation. Br J Haematol. 2020;188(3):438-449. - PubMed",NA,28
Henig_2020,10.3324/haematol.2020.247395,59,"Peled JU, Devlin SM, Staffas A, et al. Intestinal microbiota and relapse after hematopoietic-cell transplantation. J Clin Oncol. 2017;35(15):1650-1659. - PMC - PubMed",NA,28
Henig_2020,10.3324/haematol.2020.247395,60,"Forcina A, Lorentino F, Marasco V, et al. Clinical impact of pretransplant multidrugresistant gram-negative colonization in autologous and allogeneic hematopoietic stem cell transplantation. Biol Blood Marrow Transplant. 2018;24(7):1476-1482. - PubMed",NA,28
Henig_2020,10.3324/haematol.2020.247395,69,"Dubberke ER, Reske KA, Olsen MA, et al. Epidemiology and outcomes of Clostridium difficile infection in allogeneic hematopoietic cell and lung transplant recipients. Transpl Infect Dis. 2018;20(2):e12855. - PMC - PubMed",NA,28
Henig_2020,10.3324/haematol.2020.247395,71,"Webb BJ, Brunner A, Ford CD, Gazdik MA, Petersen FB, Hoda D. Fecal microbiota transplantation for recurrent Clostridium difficile infection in hematopoietic stem cell transplant recipients. Transpl Infect Dis. 2016;18(4):628-633. - PubMed",NA,28
Henig_2020,10.3324/haematol.2020.247395,74,"Han L, Zhang H, Chen S, et al. Intestinal microbiota can predict acute graft-versushost disease following allogeneic hematopoietic stem cell transplantation. Biol Blood Marrow Transplant. 2019;25(10): 1944-1955. - PubMed",NA,28
Henig_2020,10.3324/haematol.2020.247395,77,"Sengsayadeth S, Gatwood KS, Boumendil A, et al. Conditioning intensity in secondary AML with prior myelodysplastic syndrome/ myeloproliferative disorders: an EBMT ALWP study. Blood Adv. 2018;2(16): 2127-2135. - PMC - PubMed",NA,28
Henig_2020,10.3324/haematol.2020.247395,78,"D'Amico F, Biagi E, Rampelli S, et al. Enteral nutrition in pediatric patients undergoing hematopoietic SCT promotes the recovery of gut microbiome homeostasis. Nutrients. 2019;11(12):2958. - PMC - PubMed",NA,28
Henig_2020,10.3324/haematol.2020.247395,83,"Stein-Thoeringer CK, Nichols KB, Lazrak A, et al. Lactose drives Enterococcus expansion to promote graft-versus-host disease. Science. 2019;366(6469):1143-1149. - PMC - PubMed",NA,28
Henig_2020,10.3324/haematol.2020.247395,105,"van Lier YF, M D, Haverkate NJE, et al. Fecal microbiota transplantation can cure steroidrefractory intestinal graft-versus-host disease. Biol Blood Marrow Transplant 2019;25(3):S241.",NA,28
Henig_2020,10.3324/haematol.2020.247395,107,"DeFilipp Z, Bloom PP, Torres Soto M, et al. Drug-resistant E. coli bacteremia transmitted by fecal microbiota transplant. N Engl J Med. 2019;381(21):2043-2050. - PubMed",NA,28
Henig_2020,10.3324/haematol.2020.247395,111,"Srinagesh HK, Levine JE, Ferrara JLM. Biomarkers in acute graft-versus-host disease: new insights. Ther Adv Hematol. 2019;10:2040620719891358. - PMC - PubMed",NA,28
Henig_2020,10.3324/haematol.2020.247395,113,"Davidovics ZH, Michail S, Nicholson MR, et al. Fecal microbiota transplantation for recurrent clostridium difficile infection and other conditions in children: A joint position paper from the North American Society for Pediatric Gastroenterology, Hepatology, and Nutrition and the European Society for Pediatric Gastroenterology, Hepatology, and Nutrition. J Pediatr Gastroenterol Nutr. 2019;68(1):130-143. - PMC - PubMed",NA,28
Henig_2020,10.3324/haematol.2020.247395,116,"Lee CH, Steiner T, Petrof EO, et al. Frozen vs fresh fecal microbiota transplantation and clinical resolution of diarrhea in patients with recurrent Clostridium difficile infection: a randomized clinical trial. JAMA. 2016;315(2):142-149. - PubMed",NA,28
Henig_2020,10.3324/haematol.2020.247395,117,"Kao D, Roach B, Silva M, et al. Effect of oral capsule- vs colonoscopy-delivered fecal microbiota transplantation on recurrent Clostridium difficile infection: a randomized clinical trial. JAMA. 2017;318(20):1985-1993. - PMC - PubMed",NA,28
Henig_2020,10.3324/haematol.2020.247395,121,"Safety alert regarding use of fecal microbiota for transplantation and additional safety protections pertaining to SARS-CoV-2 and COVID-19. Available at https://www.fda.gov/vaccines-blood-biologics/safety-availability-biologi.... Accessed on July 20, 2020.",NA,28
Smibert_2020,10.1097/QCO.0000000000000683,2,"Gopalakrishnan V, Spencer CN, Nezi L, et al. Gut microbiome modulates response to anti-PD-1 immunotherapy in melanoma patients. Science 2018; 359:97‚Äì103.",NA,16
Smibert_2020,10.1097/QCO.0000000000000683,3,"Sivan A, Corrales L, Hubert N, et al. Commensal Bifidobacterium promotes antitumor immunity and facilitates anti-PD-L1 efficacy. Science 2015; 350:1084‚Äì1089.",NA,16
Smibert_2020,10.1097/QCO.0000000000000683,4,"Vetizou M, Pitt JM, Daillere R, et al. Anticancer immunotherapy by CTLA-4 blockade relies on the gut microbiota. Science 2015; 350:1079‚Äì1084.",NA,16
Smibert_2020,10.1097/QCO.0000000000000683,5,"Peled JU, Gomes ALC, Devlin SM, et al. Microbiota as predictor of mortality in allogeneic hematopoietic-cell transplantation. N Engl J Med 2020; 382:822‚Äì834.",NA,16
Smibert_2020,10.1097/QCO.0000000000000683,12,"Galloway-Pe√±a J, Hanson B. Tools for analysis of the microbiome. Dig Dis Sci 2020; 65:674‚Äì685.",NA,16
Smibert_2020,10.1097/QCO.0000000000000683,14,"Kusakabe S, Fukushima K, Maeda T, et al. Pre and postserial metagenomic analysis of gut microbiota as a prognostic factor in patients undergoing haematopoietic stem cell transplantation. Br J Haematol 2020; 188:438‚Äì449.",NA,16
Smibert_2020,10.1097/QCO.0000000000000683,20,"Andersen S, Staudacher H, Weber N, et al. Pilot study investigating the effect of enteral and parenteral nutrition on the gastrointestinal microbiome postallogeneic transplantation. Br J Haematol 2020; 188:570‚Äì581.",NA,16
Smibert_2020,10.1097/QCO.0000000000000683,21,"D‚ÄôAmico F, Biagi E, Rampelli S, et al. Enteral nutrition in pediatric patients undergoing hematopoietic SCT promotes the recovery of gut microbiome homeostasis. Nutrients 2019; 11:2958.",NA,16
Smibert_2020,10.1097/QCO.0000000000000683,22,"Baumgartner A, Bargetzi A, Zueger N, et al. Revisiting nutritional support for allogeneic hematologic stem cell transplantation-a systematic review. Bone Marrow Transplant 2017; 52:506‚Äì513.",NA,16
Smibert_2020,10.1097/QCO.0000000000000683,24,"Atarashi K, Tanoue T, Shima T, et al. Induction of colonic regulatory T cells by indigenous Clostridium species. Science 2011; 331:337‚Äì341.",NA,16
Smibert_2020,10.1097/QCO.0000000000000683,27,"Mathewson ND, Jenq R, Mathew AV, et al. Gut microbiome-derived metabolites modulate intestinal epithelial cell damage and mitigate graft-versus-host disease. Nat Immunol 2016; 17:505‚Äì513.",NA,16
Smibert_2020,10.1097/QCO.0000000000000683,31,"Peled JU, Devlin SM, Staffas A, et al. Intestinal microbiota and relapse after hematopoietic-cell transplantation. J Clin Oncol 2017; 35:1650‚Äì1659.",NA,16
Smibert_2020,10.1097/QCO.0000000000000683,34,"Doki N, Suyama M, Sasajima S, et al. Clinical impact of pretransplant gut microbial diversity on outcomes of allogeneic hematopoietic stem cell transplantation. Ann Hematol 2017; 96:1517‚Äì1523.",NA,16
Smibert_2020,10.1097/QCO.0000000000000683,43,"Rashidi A, Kaiser T, Holtan SG, et al. Pretransplant recovery of microbiome diversity without recovery of the original microbiome. Bone Marrow Transplant 2019; 54:1115‚Äì1117.",NA,16
Smibert_2020,10.1097/QCO.0000000000000683,46,"Haak BW, Littmann ER, Chaubard JL, et al. Impact of gut colonization with butyrate-producing microbiota on respiratory viral infection following allo-HCT. Blood 2018; 131:2978‚Äì2986.",NA,16
Smibert_2020,10.1097/QCO.0000000000000683,60,"Webb BJ, Brunner A, Ford CD, et al. Fecal microbiota transplantation for recurrent Clostridium difficile infection in hematopoietic stem cell transplant recipients. Transpl Infect Dis 2016; 18:628‚Äì633.",NA,16
Riwes&Reddy_2020,10.1053/j.seminhematol.2020.06.001,1,"[1].Ferrara JL, Levine JE, Reddy P, Holler E. Graft-versus-host disease. Lancet. 2009;373(9674):1550‚Äì61. [DOI] [PMC free article] [PubMed] [Google Scholar]",NA,55
Riwes&Reddy_2020,10.1053/j.seminhematol.2020.06.001,2,"[2].Choi SW, Reddy P. Current and emerging strategies for the prevention of graft-versus-host disease. Nat Rev Clin Oncol. 2014;11(9):536‚Äì47. [DOI] [PMC free article] [PubMed] [Google Scholar]",NA,55
Riwes&Reddy_2020,10.1053/j.seminhematol.2020.06.001,3,"[3].Ferrara JL, Smith CM, Sheets J, Reddy P, Serody JS. Altered homeostatic regulation of innate and adaptive immunity in lower gastrointestinal tract GVHD pathogenesis. J Clin Invest. 2017;127(7):2441‚Äì51. [DOI] [PMC free article] [PubMed] [Google Scholar]",NA,55
Riwes&Reddy_2020,10.1053/j.seminhematol.2020.06.001,4,"[4].Shono Y, van den Brink MRM. Gut microbiota injury in allogeneic haematopoietic stem cell transplantation. Nat Rev Cancer. 2018;18(5):283‚Äì95. [DOI] [PMC free article] [PubMed] [Google Scholar]",NA,55
Riwes&Reddy_2020,10.1053/j.seminhematol.2020.06.001,5,[5].Blaser MJ. The microbiome revolution. J Clin Invest. 2014;124(10):4162‚Äì5. [DOI] [PMC free article] [PubMed] [Google Scholar],NA,55
Riwes&Reddy_2020,10.1053/j.seminhematol.2020.06.001,6,"[6].Levy M, Kolodziejczyk AA, Thaiss CA, Elinav E. Dysbiosis and the immune system. Nat Rev Immunol. 2017;17(4):219‚Äì32. [DOI] [PubMed] [Google Scholar]",NA,55
Riwes&Reddy_2020,10.1053/j.seminhematol.2020.06.001,7,"[7].Riwes M, Reddy P. Microbial metabolites and graft versus host disease. Am J Transplant. 2018;18(1):23‚Äì9. [DOI] [PubMed] [Google Scholar]",NA,55
Riwes&Reddy_2020,10.1053/j.seminhematol.2020.06.001,9,"[9].Mathewson ND, Jenq R, Mathew AV, et al. Gut microbiome-derived metabolites modulate intestinal epithelial cell damage and mitigate graft-versus-host disease. Nat Immunol. 2016;17(5):505‚Äì13. [DOI] [PMC free article] [PubMed] [Google Scholar]",NA,55
Riwes&Reddy_2020,10.1053/j.seminhematol.2020.06.001,11,[11].Appelbaum FR. Haematopoietic cell transplantation as immunotherapy. Nature. 2001;411(6835):385‚Äì9. [DOI] [PubMed] [Google Scholar],NA,55
Riwes&Reddy_2020,10.1053/j.seminhematol.2020.06.001,14,"[14].Eriguchi Y, Takashima S, Oka H, et al. Graft-versus-host disease disrupts intestinal microbial ecology by inhibiting Paneth cell production of alpha-defensins. Blood. 2012;120(1):223‚Äì31. [DOI] [PubMed] [Google Scholar]",NA,55
Riwes&Reddy_2020,10.1053/j.seminhematol.2020.06.001,15,"[15].Lozupone CA, Stombaugh JI, Gordon JI, Jansson JK, Knight R. Diversity, stability and resilience of the human gut microbiota. Nature. 2012;489(7415):220‚Äì30. [DOI] [PMC free article] [PubMed] [Google Scholar]",NA,55
Riwes&Reddy_2020,10.1053/j.seminhematol.2020.06.001,16,"[16].Hooper LV, Littman DR, Macpherson AJ. Interactions between the microbiota and the immune system. Science. 2012;336(6086):1268‚Äì73. [DOI] [PMC free article] [PubMed] [Google Scholar]",NA,55
Riwes&Reddy_2020,10.1053/j.seminhematol.2020.06.001,17,"[17].Vollaard EJ, Clasener HA. Colonization resistance. Antimicrob Agents Chemother. 1994;38(3):409‚Äì14. [DOI] [PMC free article] [PubMed] [Google Scholar]",NA,55
Riwes&Reddy_2020,10.1053/j.seminhematol.2020.06.001,18,"[18].Bouskra D, Brezillon C, Berard M, et al. Lymphoid tissue genesis induced by commensals through NOD1 regulates intestinal homeostasis. Nature. 2008;456(7221):507‚Äì10. [DOI] [PubMed] [Google Scholar]",NA,55
Riwes&Reddy_2020,10.1053/j.seminhematol.2020.06.001,19,"[19].Wu C, Sartor RB, Huang K, Tonkonogy SL. Transient activation of mucosal effector immune responses by resident intestinal bacteria in normal hosts is regulated by interleukin-10 signalling. Immunology. 2016;148(3):304‚Äì14. [DOI] [PMC free article] [PubMed] [Google Scholar]",NA,55
Riwes&Reddy_2020,10.1053/j.seminhematol.2020.06.001,21,"[21].Ivanov II, Atarashi K, Manel N, et al. Induction of intestinal Th17 cells by segmented filamentous bacteria. Cell. 2009;139(3):485‚Äì98. [DOI] [PMC free article] [PubMed] [Google Scholar]",NA,55
Riwes&Reddy_2020,10.1053/j.seminhematol.2020.06.001,22,"[22].Atarashi K, Tanoue T, Oshima K, et al. Treg induction by a rationally selected mixture of Clostridia strains from the human microbiota. Nature. 2013;500(7461):232‚Äì6. [DOI] [PubMed] [Google Scholar]",NA,55
Riwes&Reddy_2020,10.1053/j.seminhematol.2020.06.001,23,"[23].Faith JJ, Ahern PP, Ridaura VK, Cheng J, Gordon JI. Identifying gut microbe-host phenotype relationships using combinatorial communities in gnotobiotic mice. Sci Transl Med. 2014;6(220):220ra11. [DOI] [PMC free article] [PubMed] [Google Scholar]",NA,55
Riwes&Reddy_2020,10.1053/j.seminhematol.2020.06.001,24,"[24].Lathrop SK, Bloom SM, Rao SM, et al. Peripheral education of the immune system by colonic commensal microbiota. Nature. 2011;478(7368):250‚Äì4. [DOI] [PMC free article] [PubMed] [Google Scholar]",NA,55
Riwes&Reddy_2020,10.1053/j.seminhematol.2020.06.001,25,"[25].Sefik E, Geva-Zatorsky N, Oh S, et al. MUCOSAL IMMUNOLOGY. Individual intestinal symbionts induce a distinct population of RORgamma(+) regulatory T cells. Science. 2015;349(6251):993‚Äì7. [DOI] [PMC free article] [PubMed] [Google Scholar]",NA,55
Riwes&Reddy_2020,10.1053/j.seminhematol.2020.06.001,26,"[26].Ayabe T, Satchell DP, Wilson CL, Parks WC, Selsted ME, Ouellette AJ. Secretion of microbicidal alpha-defensins by intestinal Paneth cells in response to bacteria. Nat Immunol. 2000;1(2):113‚Äì8. [DOI] [PubMed] [Google Scholar]",NA,55
Riwes&Reddy_2020,10.1053/j.seminhematol.2020.06.001,30,"[30].Jenq RR, Ubeda C, Taur Y, et al. Regulation of intestinal inflammation by microbiota following allogeneic bone marrow transplantation. J Exp Med. 2012;209(5):903‚Äì11. [DOI] [PMC free article] [PubMed] [Google Scholar]",NA,55
Riwes&Reddy_2020,10.1053/j.seminhematol.2020.06.001,32,"[32].Eriguchi Y, Nakamura K, Hashimoto D, et al. Decreased secretion of Paneth cell alpha-defensins in graft-versus-host disease. Transpl Infect Dis. 2015;17(5):702‚Äì6. [DOI] [PubMed] [Google Scholar]",NA,55
Riwes&Reddy_2020,10.1053/j.seminhematol.2020.06.001,35,"[35].Taur Y, Xavier JB, Lipuma L, et al. Intestinal domination and the risk of bacteremia in patients undergoing allogeneic hematopoietic stem cell transplantation. Clin Infect Dis. 2012;55(7):905‚Äì14. [DOI] [PMC free article] [PubMed] [Google Scholar]",NA,55
Riwes&Reddy_2020,10.1053/j.seminhematol.2020.06.001,36,"[36].Jones JM, Wilson R, Bealmear PM. Mortality and gross pathology of secondary disease in germfree mouse radiation chimeras. Radiat Res. 1971;45(3):577‚Äì88. [PubMed] [Google Scholar]",NA,55
Riwes&Reddy_2020,10.1053/j.seminhematol.2020.06.001,37,"[37].van Bekkum DW, Roodenburg J, Heidt PJ, van der Waaij D. Mitigation of secondary disease of allogeneic mouse radiation chimeras by modification of the intestinal microflora. J Natl Cancer Inst. 1974;52(2):401‚Äì4. [DOI] [PubMed] [Google Scholar]",NA,55
Riwes&Reddy_2020,10.1053/j.seminhematol.2020.06.001,39,"[39].Vossen JM, Heidt PJ, van den Berg H, Gerritsen EJ, Hermans J, Dooren LJ. Prevention of infection and graft-versus-host disease by suppression of intestinal microflora in children treated with allogeneic bone marrow transplantation. Eur J Clin Microbiol Infect Dis. 1990;9(1):14‚Äì23. [DOI] [PubMed] [Google Scholar]",NA,55
Riwes&Reddy_2020,10.1053/j.seminhematol.2020.06.001,43,"[43].Jenq RR, Taur Y, Devlin SM, et al. Intestinal Blautia Is Associated with Reduced Death from Graft-versus-Host Disease. Biol Blood Marrow Transplant. 2015;21(8):1373‚Äì83. [DOI] [PMC free article] [PubMed] [Google Scholar]",NA,55
Riwes&Reddy_2020,10.1053/j.seminhematol.2020.06.001,44,"[44].Taur Y, Jenq RR, Perales MA, et al. The effects of intestinal tract bacterial diversity on mortality following allogeneic hematopoietic stem cell transplantation. Blood. 2014;124(7):1174‚Äì82. [DOI] [PMC free article] [PubMed] [Google Scholar]",NA,55
Riwes&Reddy_2020,10.1053/j.seminhematol.2020.06.001,46,"[46].Gorshein E, Wei C, Ambrosy S, et al. Lactobacillus rhamnosus GG probiotic enteric regimen does not appreciably alter the gut microbiome or provide protection against GVHD after allogeneic hematopoietic stem cell transplantation. Clin Transplant. 2017;31(5). [DOI] [PubMed] [Google Scholar]",NA,55
Riwes&Reddy_2020,10.1053/j.seminhematol.2020.06.001,47,"[47].DeFilipp Z, Peled JU, Li S, et al. Third-party fecal microbiota transplantation following allo-HCT reconstitutes microbiome diversity. Blood Adv. 2018;2(7):745‚Äì53. [DOI] [PMC free article] [PubMed] [Google Scholar]",NA,55
Riwes&Reddy_2020,10.1053/j.seminhematol.2020.06.001,48,"[48].DeFilipp Z, Bloom PP, Torres Soto M, et al. Drug-Resistant E. coli Bacteremia Transmitted by Fecal Microbiota Transplant. N Engl J Med. 2019;381(21):2043‚Äì50. [DOI] [PubMed] [Google Scholar]",NA,55
Riwes&Reddy_2020,10.1053/j.seminhematol.2020.06.001,50,"[50].Weber D, Oefner PJ, Dettmer K, et al. Rifaximin preserves intestinal microbiota balance in patients undergoing allogeneic stem cell transplantation. Bone Marrow Transplant. 2016;51(8):1087‚Äì92. [DOI] [PubMed] [Google Scholar]",NA,55
Riwes&Reddy_2020,10.1053/j.seminhematol.2020.06.001,51,"[51].Backhed F, Ley RE, Sonnenburg JL, Peterson DA, Gordon JI. Host-bacterial mutualism in the human intestine. Science. 2005;307(5717):1915‚Äì20. [DOI] [PubMed] [Google Scholar]",NA,55
Riwes&Reddy_2020,10.1053/j.seminhematol.2020.06.001,53,"[53].Koh A, De Vadder F, Kovatcheva-Datchary P, Backhed F. From Dietary Fiber to Host Physiology: Short-Chain Fatty Acids as Key Bacterial Metabolites. Cell. 2016;165(6):1332‚Äì45. [DOI] [PubMed] [Google Scholar]",NA,55
Riwes&Reddy_2020,10.1053/j.seminhematol.2020.06.001,55,"[55].Willemsen LE, Koetsier MA, van Deventer SJ, van Tol EA. Short chain fatty acids stimulate epithelial mucin 2 expression through differential effects on prostaglandin E(1) and E(2) production by intestinal myofibroblasts. Gut. 2003;52(10):1442‚Äì7. [DOI] [PMC free article] [PubMed] [Google Scholar]",NA,55
Riwes&Reddy_2020,10.1053/j.seminhematol.2020.06.001,56,"[56].Gaudier E, Jarry A, Blottiere HM, et al. Butyrate specifically modulates MUC gene expression in intestinal epithelial goblet cells deprived of glucose. Am J Physiol Gastrointest Liver Physiol. 2004;287(6):G1168‚Äì74. [DOI] [PubMed] [Google Scholar]",NA,55
Riwes&Reddy_2020,10.1053/j.seminhematol.2020.06.001,57,"[57].Wrzosek L, Miquel S, Noordine ML, et al. Bacteroides thetaiotaomicron and Faecalibacterium prausnitzii influence the production of mucus glycans and the development of goblet cells in the colonic epithelium of a gnotobiotic model rodent. BMC Biol. 2013;11:61. [DOI] [PMC free article] [PubMed] [Google Scholar]",NA,55
Riwes&Reddy_2020,10.1053/j.seminhematol.2020.06.001,59,"[59].Vinolo MA, Rodrigues HG, Hatanaka E, Sato FT, Sampaio SC, Curi R. Suppressive effect of short-chain fatty acids on production of proinflammatory mediators by neutrophils. J Nutr Biochem. 2011;22(9):849‚Äì55. [DOI] [PubMed] [Google Scholar]",NA,55
Riwes&Reddy_2020,10.1053/j.seminhematol.2020.06.001,61,"[61].Chang PV, Hao L, Offermanns S, Medzhitov R. The microbial metabolite butyrate regulates intestinal macrophage function via histone deacetylase inhibition. Proc Natl Acad Sci U S A. 2014;111(6):2247‚Äì52. [DOI] [PMC free article] [PubMed] [Google Scholar]",NA,55
Riwes&Reddy_2020,10.1053/j.seminhematol.2020.06.001,63,"[63].Macia L, Tan J, Vieira AT, et al. Metabolite-sensing receptors GPR43 and GPR109A facilitate dietary fibre-induced gut homeostasis through regulation of the inflammasome. Nat Commun. 2015;6:6734. [DOI] [PubMed] [Google Scholar]",NA,55
Riwes&Reddy_2020,10.1053/j.seminhematol.2020.06.001,64,"[64].Smith PM, Howitt MR, Panikov N, et al. The microbial metabolites, short-chain fatty acids, regulate colonic Treg cell homeostasis. Science. 2013;341(6145):569‚Äì73. [DOI] [PMC free article] [PubMed] [Google Scholar]",NA,55
Riwes&Reddy_2020,10.1053/j.seminhematol.2020.06.001,65,"[65].Singh N, Gurav A, Sivaprakasam S, et al. Activation of Gpr109a, receptor for niacin and the commensal metabolite butyrate, suppresses colonic inflammation and carcinogenesis. Immunity. 2014;40(1):128‚Äì39. [DOI] [PMC free article] [PubMed] [Google Scholar]",NA,55
Riwes&Reddy_2020,10.1053/j.seminhematol.2020.06.001,67,"[67].Welters CF, Heineman E, Thunnissen FB, van den Bogaard AE, Soeters PB, Baeten CG. Effect of dietary inulin supplementation on inflammation of pouch mucosa in patients with an ileal pouch-anal anastomosis. Dis Colon Rectum. 2002;45(5):621‚Äì7. [DOI] [PubMed] [Google Scholar]",NA,55
Riwes&Reddy_2020,10.1053/j.seminhematol.2020.06.001,72,"[72].Louis P, Flint HJ. Formation of propionate and butyrate by the human colonic microbiota. Environ Microbiol. 2017;19(1):29‚Äì41. [DOI] [PubMed] [Google Scholar]",NA,55
Riwes&Reddy_2020,10.1053/j.seminhematol.2020.06.001,73,"[73].Romick-Rosendale LE, Haslam DB, Lane A, et al. Antibiotic Exposure and Reduced Short Chain Fatty Acid Production after Hematopoietic Stem Cell Transplant. Biol Blood Marrow Transplant. 2018;24(12):2418‚Äì24. [DOI] [PubMed] [Google Scholar]",NA,55
Riwes&Reddy_2020,10.1053/j.seminhematol.2020.06.001,74,"[74].Haak BW, Littmann ER, Chaubard JL, et al. Impact of gut colonization with butyrate-producing microbiota on respiratory viral infection following allo-HCT. Blood. 2018;131(26):2978‚Äì86. [DOI] [PMC free article] [PubMed] [Google Scholar]",NA,55
Riwes&Reddy_2020,10.1053/j.seminhematol.2020.06.001,75,"[75].David LA, Maurice CF, Carmody RN, et al. Diet rapidly and reproducibly alters the human gut microbiome. Nature. 2014;505(7484):559‚Äì63. [DOI] [PMC free article] [PubMed] [Google Scholar]",NA,55
Riwes&Reddy_2020,10.1053/j.seminhematol.2020.06.001,76,"[76].De Vadder F, Kovatcheva-Datchary P, Goncalves D, et al. Microbiota-generated metabolites promote metabolic benefits via gut-brain neural circuits. Cell. 2014;156(1-2):84‚Äì96. [DOI] [PubMed] [Google Scholar]",NA,55
Riwes&Reddy_2020,10.1053/j.seminhematol.2020.06.001,79,"[79].Wu Y, Kudsk KA, DeWitt RC, Tolley EA, Li J. Route and type of nutrition influence IgA-mediating intestinal cytokines. Ann Surg. 1999;229(5):662‚Äì7; discussion 7‚Äì8. [DOI] [PMC free article] [PubMed] [Google Scholar]",NA,55
Riwes&Reddy_2020,10.1053/j.seminhematol.2020.06.001,80,"[80].Sigalet DL, Mackenzie SL, Hameed SM. Enteral nutrition and mucosal immunity: implications for feeding strategies in surgery and trauma. Can J Surg. 2004;47(2):109‚Äì16. [PMC free article] [PubMed] [Google Scholar]",NA,55
Riwes&Reddy_2020,10.1053/j.seminhematol.2020.06.001,81,"[81].Lindsay JO, Whelan K, Stagg AJ, et al. Clinical, microbiological, and immunological effects of fructo-oligosaccharide in patients with Crohn‚Äôs disease. Gut. 2006;55(3):348‚Äì55. [DOI] [PMC free article] [PubMed] [Google Scholar]",NA,55
Riwes&Reddy_2020,10.1053/j.seminhematol.2020.06.001,82,"[82].Casellas F, Borruel N, Torrejon A, et al. Oral oligofructose-enriched inulin supplementation in acute ulcerative colitis is well tolerated and associated with lowered faecal calprotectin. Aliment Pharmacol Ther. 2007;25(9):1061‚Äì7. [DOI] [PubMed] [Google Scholar]",NA,55
Riwes&Reddy_2020,10.1053/j.seminhematol.2020.06.001,84,"[84].Stein-Thoeringer CK, Nichols KB, Lazrak A, et al. Lactose drives Enterococcus expansion to promote graft-versus-host disease. Science. 2019;366(6469):1143‚Äì9. [DOI] [PMC free article] [PubMed] [Google Scholar]",NA,55
Riwes&Reddy_2020,10.1053/j.seminhematol.2020.06.001,85,"[85].Song X, Sun X, Oh SF, et al. Microbial bile acid metabolites modulate gut RORgamma(+) regulatory T cell homeostasis. Nature. 2020;577(7790):410‚Äì5. [DOI] [PMC free article] [PubMed] [Google Scholar]",NA,55
Lindner&Peled_2020,10.1097/MOH.0000000000000616,1,"1.Markey KA, MacDonald KP, Hill GR. The biology of graft-versus-host disease: experimental systems instructing clinical practice. Blood. 2014;124(3):354‚Äì62. [DOI] [PMC free article] [PubMed] [Google Scholar]",NA,38
Lindner&Peled_2020,10.1097/MOH.0000000000000616,4,4.Fredricks DN. The gut microbiota and graft-versus-host disease. J Clin Invest. 2019;129(5):1808‚Äì17. [DOI] [PMC free article] [PubMed] [Google Scholar],NA,38
Lindner&Peled_2020,10.1097/MOH.0000000000000616,5,"5.Ferrara JLM, Chaudhry MS. GVHD: biology matters. Blood Adv. 2018;2(22):3411‚Äì7. [DOI] [PMC free article] [PubMed] [Google Scholar]",NA,38
Lindner&Peled_2020,10.1097/MOH.0000000000000616,6,"6.Shono Y, van den Brink MRM. Gut microbiota injury in allogeneic haematopoietic stem cell transplantation. Nature Reviews Cancer. 2018;18(5):283‚Äì95. [DOI] [PMC free article] [PubMed] [Google Scholar]",NA,38
Lindner&Peled_2020,10.1097/MOH.0000000000000616,7,"7.Zeiser R, Soci√© G, Blazar BR. Pathogenesis of acute graft-versus-host disease: from intestinal microbiota alterations to donor T cell activation. Br J Haematol. 2016;175(2):191‚Äì207. [DOI] [PubMed] [Google Scholar]",NA,38
Lindner&Peled_2020,10.1097/MOH.0000000000000616,8,"8.Rafei H, Jenq RR. Microbiome-intestinal crosstalk during acute graft-versus-host disease (GVHD). Blood. 2020. [DOI] [PMC free article] [PubMed] [Google Scholar]",NA,38
Lindner&Peled_2020,10.1097/MOH.0000000000000616,9,"9.Peled JU, Gomes ALC, Devlin SM, Littmann ER, Taur Y, Sung AD, et al. Microbiota as Predictor of Mortality in Allogeneic Hematopoietic-Cell Transplantation. N Engl J Med. 2020;382(9):822‚Äì34. [DOI] [PMC free article] [PubMed] [Google Scholar]; First multicenter study showing that microbiota disruption during allo-HCT is similar across transplantation centers and geographic locations and that microbiota diversity during day 7‚Äì21 is a predictor of mortality after allo-HCT.",NA,38
Lindner&Peled_2020,10.1097/MOH.0000000000000616,10,"10.Kusakabe S, Fukushima K, Maeda T, Motooka D, Nakamura S, Fujita J, et al. Pre- and post-serial metagenomic analysis of gut microbiota as a prognostic factor in patients undergoing haematopoietic stem cell transplantation. Br J Haematol. 2020;188(3):438‚Äì49. [DOI] [PubMed] [Google Scholar]",NA,38
Lindner&Peled_2020,10.1097/MOH.0000000000000616,11,"11.Han L, Zhang H, Chen S, Zhou L, Li Y, Zhao K, et al. Intestinal Microbiota Can Predict Acute Graft-versus-Host Disease Following Allogeneic Hematopoietic Stem Cell Transplantation. Biol Blood Marrow Transplant. 2019;25(10):1944‚Äì55. [DOI] [PubMed] [Google Scholar]",NA,38
Lindner&Peled_2020,10.1097/MOH.0000000000000616,12,"12.Han L, Zhao K, Li Y, Han H, Zhou L, Ma P, et al. A gut microbiota score predicting acute graft-versus-host disease following myeloablative allogeneic hematopoietic stem cell transplantation. Am J Transplant. 2020;20(4):1014‚Äì27. [DOI] [PMC free article] [PubMed] [Google Scholar]; This paper describes a risk score that uses 20 features of intestinal bacteria to predict GVHD. The authors used a discovery and validation cohort.",NA,38
Lindner&Peled_2020,10.1097/MOH.0000000000000616,13,"13.Golob JL, Pergam SA, Srinivasan S, Fiedler TL, Liu C, Garcia K, et al. Stool Microbiota at Neutrophil Recovery Is Predictive for Severe Acute Graft vs Host Disease After Hematopoietic Cell Transplantation. Clin Infect Dis. 2017;65(12):1984‚Äì91. [DOI] [PMC free article] [PubMed] [Google Scholar]",NA,38
Lindner&Peled_2020,10.1097/MOH.0000000000000616,14,"14.Jenq RR, Taur Y, Devlin SM, Ponce DM, Goldberg JD, Ahr KF, et al. Intestinal Blautia Is Associated with Reduced Death from Graft-versus-Host Disease. Biol Blood Marrow Transplant. 2015;21(8):1373‚Äì83. [DOI] [PMC free article] [PubMed] [Google Scholar]",NA,38
Lindner&Peled_2020,10.1097/MOH.0000000000000616,17,"17.Taur Y, Xavier JB, Lipuma L, Ubeda C, Goldberg J, Gobourne A, et al. Intestinal domination and the risk of bacteremia in patients undergoing allogeneic hematopoietic stem cell transplantation. Clin Infect Dis. 2012;55(7):905‚Äì14. [DOI] [PMC free article] [PubMed] [Google Scholar]",NA,38
Lindner&Peled_2020,10.1097/MOH.0000000000000616,19,"19.Stein-Thoeringer CK, Nichols KB, Lazrak A, Docampo MD, Slingerland AE, Slingerland JB, et al. Lactose drives Enterococcus expansion to promote graft-versus-host disease. Science. 2019;366(6469):1143‚Äì9. [DOI] [PMC free article] [PubMed] [Google Scholar]; Human and mouse study showing that Enterococcus domination occurs frequently after allo-HCT, exacerbates GVHD, and is driven by dietary lactose.",NA,38
Lindner&Peled_2020,10.1097/MOH.0000000000000616,20,"20.Kusakabe S, Fukushima K, Yokota T, Hino A, Fujita J, Motooka D, et al. Enterococcus: A Predictor of Ravaged Microbiota and Poor Prognosis after Allogeneic Hematopoietic Stem Cell Transplantation. Biol Blood Marrow Transplant. 2020. [DOI] [PubMed] [Google Scholar]",NA,38
Lindner&Peled_2020,10.1097/MOH.0000000000000616,21,"21.Morjaria S, Schluter J, Taylor BP, Littmann ER, Carter RA, Fontana E, et al. Antibiotic-Induced Shifts in Fecal Microbiota Density and Composition during Hematopoietic Stem Cell Transplantation. Infect Immun. 2019;87(9). [DOI] [PMC free article] [PubMed] [Google Scholar]",NA,38
Lindner&Peled_2020,10.1097/MOH.0000000000000616,24,"24.Rashidi A, Ebadi M, Shields-Cutler RR, Kruziki K, Manias DA, Barnes AMT, et al. Early E. casseliflavus gut colonization and outcomes of allogeneic hematopoietic cell transplantation. PLoS One. 2019;14(8):e0220850. [DOI] [PMC free article] [PubMed] [Google Scholar]",NA,38
Lindner&Peled_2020,10.1097/MOH.0000000000000616,26,"26.Kim SG, Becattini S, Moody TU, Shliaha PV, Littmann ER, Seok R, et al. Microbiota-derived lantibiotic restores resistance against vancomycin-resistant Enterococcus. Nature. 2019;572(7771):665‚Äì9. [DOI] [PMC free article] [PubMed] [Google Scholar]; Human and mouse study demonstrating that lantibiotic-producing commensal strains reduce colonization by VRE.",NA,38
Lindner&Peled_2020,10.1097/MOH.0000000000000616,27,"27.Tamburini FB, Andermann TM, Tkachenko E, Senchyna F, Banaei N, Bhatt AS. Precision identification of diverse bloodstream pathogens in the gut microbiome. Nat Med. 2018;24(12):1809‚Äì14. [DOI] [PMC free article] [PubMed] [Google Scholar]",NA,38
Lindner&Peled_2020,10.1097/MOH.0000000000000616,30,"30.Bekker V, Zwittink RD, Knetsch CW, Sanders I, Berghuis D, Heidt PJ, et al. Dynamics of the Gut Microbiota in Children Receiving Selective or Total Gut Decontamination Treatment during Hematopoietic Stem Cell Transplantation. Biol Blood Marrow Transplant. 2019;25(6):1164‚Äì71. [DOI] [PubMed] [Google Scholar]",NA,38
Lindner&Peled_2020,10.1097/MOH.0000000000000616,31,"31.Rashidi A, Kaiser T, Holtan SG, Rehman TU, Weisdorf DJ, Khoruts A, et al. Levaquin Gets a Pass. Biol Blood Marrow Transplant. 2020;26(4):778‚Äì81. [DOI] [PubMed] [Google Scholar]",NA,38
Lindner&Peled_2020,10.1097/MOH.0000000000000616,33,"33.Slavin MA, Worth LJ, Seymour JF, Thursky KA. Better Sepsis Management Rather Than Fluoroquinolone Prophylaxis for Patients With Cancer-Related Immunosuppression. Journal of Clinical Oncology. 2019;37(13):1139‚Äì40. [DOI] [PubMed] [Google Scholar]",NA,38
Lindner&Peled_2020,10.1097/MOH.0000000000000616,37,"37.Weber D, Jenq RR, Peled JU, Taur Y, Hiergeist A, Koestler J, et al. Microbiota Disruption Induced by Early Use of Broad-Spectrum Antibiotics Is an Independent Risk Factor of Outcome after Allogeneic Stem Cell Transplantation. Biol Blood Marrow Transplant. 2017;23(5):845‚Äì52. [DOI] [PMC free article] [PubMed] [Google Scholar]",NA,38
Lindner&Peled_2020,10.1097/MOH.0000000000000616,38,"38.Nishi K, Kanda J, Hishizawa M, Kitano T, Kondo T, Yamashita K, et al. Impact of the Use and Type of Antibiotics on Acute Graft-versus-Host Disease. Biol Blood Marrow Transplant. 2018;24(11):2178‚Äì83. [DOI] [PubMed] [Google Scholar]",NA,38
Lindner&Peled_2020,10.1097/MOH.0000000000000616,41,"41.Romick-Rosendale LE, Haslam DB, Lane A, Denson L, Lake K, Wilkey A, et al. Antibiotic Exposure and Reduced Short Chain Fatty Acid Production after Hematopoietic Stem Cell Transplant. Biol Blood Marrow Transplant. 2018;24(12):2418‚Äì24. [DOI] [PubMed] [Google Scholar]",NA,38
Lindner&Peled_2020,10.1097/MOH.0000000000000616,43,"43.Haak BW, Littmann ER, Chaubard JL, Pickard AJ, Fontana E, Adhi F, et al. Impact of gut colonization with butyrate-producing microbiota on respiratory viral infection following allo-HCT. Blood. 2018;131(26):2978‚Äì86. [DOI] [PMC free article] [PubMed] [Google Scholar]",NA,38
Lindner&Peled_2020,10.1097/MOH.0000000000000616,44,"44.Macesic N, Morrissey CO, Cheng AC, Spencer A, Peleg AY. Changing microbial epidemiology in hematopoietic stem cell transplant recipients: increasing resistance over a 9-year period. Transpl Infect Dis. 2014;16(6):887‚Äì96. [DOI] [PubMed] [Google Scholar]",NA,38
Lindner&Peled_2020,10.1097/MOH.0000000000000616,45,"45.Hauck CG, Chong PP, Miller MB, Jamieson K, Fine JP, Foster MC, et al. Increasing Rates of Fluoroquinolone Resistance in Escherichia coli Isolated From the Blood and Urine of Patients with Hematologic Malignancies and Stem Cell Transplant Recipients. Pathog Immun. 2016;1(2):234‚Äì42. [DOI] [PMC free article] [PubMed] [Google Scholar]",NA,38
Lindner&Peled_2020,10.1097/MOH.0000000000000616,46,"46.Zhai B, Ola M, Rolling T, Tosini NL, Joshowitz S, Littmann ER, et al. High-resolution mycobiota analysis reveals dynamic intestinal translocation preceding invasive candidiasis. Nat Med. 2020;26(1):59‚Äì64. [DOI] [PMC free article] [PubMed] [Google Scholar]; First study showing that intestinal expansion of pathogenic Candida species preceds candidemia in allo-HCT patients and is associated with loss of bacterial diversity.",NA,38
Lindner&Peled_2020,10.1097/MOH.0000000000000616,47,"47.Lee YJ, Arguello ES, Jenq RR, Littmann E, Kim GJ, Miller LC, et al. Protective Factors in the Intestinal Microbiome Against Clostridium difficile Infection in Recipients of Allogeneic Hematopoietic Stem Cell Transplantation. J Infect Dis. 2017;215(7):1117‚Äì23. [DOI] [PMC free article] [PubMed] [Google Scholar]",NA,38
Lindner&Peled_2020,10.1097/MOH.0000000000000616,49,"49.Fung M, Zompi S, Seng H, Hollemon D, Parham A, Hong DK, et al. Plasma Cell-Free DNA Next-Generation Sequencing to Diagnose and Monitor Infections in Allogeneic Hematopoietic Stem Cell Transplant Patients. Open Forum Infect Dis. 2018;5(12):ofy301. [DOI] [PMC free article] [PubMed] [Google Scholar]",NA,38
Lindner&Peled_2020,10.1097/MOH.0000000000000616,51,"51.Armstrong AE, Rossoff J, Hollemon D, Hong DK, Muller WJ, Chaudhury S. Cell-free DNA next-generation sequencing successfully detects infectious pathogens in pediatric oncology and hematopoietic stem cell transplant patients at risk for invasive fungal disease. Pediatr Blood Cancer. 2019;66(7):e27734. [DOI] [PubMed] [Google Scholar]",NA,38
Lindner&Peled_2020,10.1097/MOH.0000000000000616,53,"53.Rooks MG, Garrett WS. Gut microbiota, metabolites and host immunity. Nature Reviews Immunology. 2016;16(6):341‚Äì52. [DOI] [PMC free article] [PubMed] [Google Scholar]",NA,38
Lindner&Peled_2020,10.1097/MOH.0000000000000616,55,"55.Mathewson ND, Jenq R, Mathew AV, Koenigsknecht M, Hanash A, Toubai T, et al. Gut microbiome-derived metabolites modulate intestinal epithelial cell damage and mitigate graft-versus-host disease. Nat Immunol. 2016;17(5):505‚Äì13. [DOI] [PMC free article] [PubMed] [Google Scholar]",NA,38
Lindner&Peled_2020,10.1097/MOH.0000000000000616,59,"59.Markey KA, Schluter J, Gomes AL, Littmann E, Pickard A, Taylor BP, et al. Microbe-derived short chain fatty acids butyrate and propionate are associated with protection from chronic GVHD. Blood. 2020. [DOI] [PMC free article] [PubMed] [Google Scholar]; First study investigating the relationship of the intestinal microbiota with cGVHD after allo-HCT and the authors report lower concentrations of propionate and butyrate in day 100 plasma samples from patients who developed cGVHD compared with those who did not.",NA,38
Lindner&Peled_2020,10.1097/MOH.0000000000000616,61,"61.Shouval R, Eshel A, Dubovski B, Kuperman AA, Danylesko I, Fein JA, et al. Patterns of salivary microbiota injury and oral mucositis in recipients of allogeneic hematopoietic stem cell transplantation. Blood Advances. 2020;4(13):2912‚Äì7. [DOI] [PMC free article] [PubMed] [Google Scholar]",NA,38
Lindner&Peled_2020,10.1097/MOH.0000000000000616,64,"64.Markey KA, van den Brink MRM, Peled JU. Therapeutics Targeting the Gut Microbiome: Rigorous Pipelines for Drug Development. Cell Host Microbe. 2020;27(2):169‚Äì72. [DOI] [PubMed] [Google Scholar]",NA,38
Lindner&Peled_2020,10.1097/MOH.0000000000000616,65,"65.Peled JU, Devlin SM, Staffas A, Lumish M, Khanin R, Littmann ER, et al. Intestinal Microbiota and Relapse After Hematopoietic-Cell Transplantation. J Clin Oncol. 2017;35(15):1650‚Äì9. [DOI] [PMC free article] [PubMed] [Google Scholar]",NA,38
Masetti_2020,10.1002/pbc.28711,1,"Peled JU, Gomes ALC, Devlin SM, et al. Microbiota as predictor of mortality in allogeneic hematopoietic-cell transplantation. N Engl J Med. 2020;382(9):822-834.",NA,15
Masetti_2020,10.1002/pbc.28711,2,"Chong PP, Koh AY. The gut microbiota in transplant patients. Blood Rev. 2020;39:100614.",NA,15
Masetti_2020,10.1002/pbc.28711,3,"Zmora N, Soffer E, Elinav E. Transforming medicine with the microbiome. Sci Transl Med. 2019;11(477):eaaw1815.",NA,15
Masetti_2020,10.1002/pbc.28711,15,"Aagaard K, Ma J, Antony KM, Ganu R, Petrosino J, Versalovic J. The placenta harbors a unique microbiome. Sci Transl Med. 2014;6(237):237ra65.",NA,15
Masetti_2020,10.1002/pbc.28711,31,"Peled JU, Devlin SM, Staffas A, et al. Intestinal microbiota and relapse after hematopoietic-cell transplantation. J Clin Oncol. 2017;35(15):1650-1659.",NA,15
Masetti_2020,10.1002/pbc.28711,36,"Lawitschka A, Lucchini G, Strahm B, et al. Pediatric acute graft-versus-host disease prophylaxis and treatment: real-life approach reveals dissimilarities compared to published recommendations. Transpl Int. 2020;33(7):762-772.",NA,15
Masetti_2020,10.1002/pbc.28711,46,"Girmenia C, Rossolini GM, Piciocchi A, et al. Infections by carbapenem-resistant Klebsiella pneumoniae in SCT recipients: a nationwide retrospective survey from Italy. Bone Marrow Transplant. 2015;50(2):282-288.",NA,15
Masetti_2020,10.1002/pbc.28711,48,"D'Amico F, Soverini M, Zama D, et al. Gut resistome plasticity in pediatric patients undergoing hematopoietic stem cell transplantation. Sci Rep. 2019;9(1):5649.",NA,15
Masetti_2020,10.1002/pbc.28711,49,"Pitlik SD, Koren O. How holobionts get sick-toward a unifying scheme of disease. Microbiome. 2017;5(1):64.",NA,15
Masetti_2020,10.1002/pbc.28711,51,"van Bekkum DW, Roodenburg J, Heidt PJ, van der Waaij D. Mitigation of secondary disease of allogeneic mouse radiation chimeras by modification of the intestinal microflora. J Natl Cancer Inst. 1974;52(2):401-404.",NA,15
Masetti_2020,10.1002/pbc.28711,64,"D'Amico F, Biagi E, Rampelli S, et al. Enteral nutrition in pediatric patients undergoing hematopoietic SCT promotes the recovery of gut microbiome homeostasis. Nutrients. 2019;11(12):2958.",NA,15
Masetti_2020,10.1002/pbc.28711,69,"O'Toole PW, Marchesi JR, Hill C. Next-generation probiotics: the spectrum from probiotics to live biotherapeutics. Nat Microbiol. 2017;2:17057.",NA,15
Masetti_2020,10.1002/pbc.28711,70,"Webb BJ, Brunner A, Ford CD, Gazdik MA, Petersen FB, Hoda D. Fecal microbiota transplantation for recurrent Clostridium difficile infection in hematopoietic stem cell transplant recipients. Transpl Infect Dis. 2016;18(4):628-633.",NA,15
Masetti_2020,10.1002/pbc.28711,77,"DeFilipp Z, Bloom PP, Torres Soto M, et al. Drug-resistant E. coli bacteremia transmitted by fecal microbiota transplant. N Engl J Med. 2019;381(21):2043-2050.",NA,15
Masetti_2020,10.1002/pbc.28711,78,"Robin F, Paillard C, Marchandin H, Demeocq F, Bonnet R, Hennequin C. Lactobacillus rhamnosus meningitis following recurrent episodes of bacteremia in a child undergoing allogeneic hematopoietic stem cell transplantation. J Clin Microbiol. 2010;48(11):4317-4319.",NA,15
Staffas_2017,10.1182/blood-2016-09-691394,2,"Pasquini MC, Zhu X. Current uses and outcomes of hematopoietic stem cell transplantation: CIBMTR summary slides. Available at: http://www.cibmtr.org. Accessed 18 September 2016.",NA,11
Staffas_2017,10.1182/blood-2016-09-691394,3,"Turnbaugh PJ, Ley RE, Hamady M, Fraser-Liggett CM, Knight R, Gordon JI. The human microbiome project. Nature. 2007;449(7164):804-810. - PMC - PubMed",NA,11
Staffas_2017,10.1182/blood-2016-09-691394,7,"B√§ckhed F, Ley RE, Sonnenburg JL, Peterson DA, Gordon JI. Host-bacterial mutualism in the human intestine. Science. 2005;307(5717):1915-1920. - PubMed",NA,11
Staffas_2017,10.1182/blood-2016-09-691394,9,"Vollaard EJ, Clasener HA. Colonization resistance. Antimicrob Agents Chemother. 1994;38(3):409-414. - PMC - PubMed",NA,11
Staffas_2017,10.1182/blood-2016-09-691394,28,"Smith PM, Howitt MR, Panikov N, et al. The microbial metabolites, short-chain fatty acids, regulate colonic Treg cell homeostasis. Science. 2013;341(6145):569-573. - PMC - PubMed",NA,11
Staffas_2017,10.1182/blood-2016-09-691394,32,"Ferrara JL, Levine JE, Reddy P, Holler E. Graft-versus-host disease. Lancet. 2009;373(9674):1550-1561. - PMC - PubMed",NA,11
Staffas_2017,10.1182/blood-2016-09-691394,47,"Carlson MJ, West ML, Coghill JM, Panoskaltsis-Mortari A, Blazar BR, Serody JS. In vitro-differentiated TH17 cells mediate lethal acute graft-versus-host disease with severe cutaneous and pulmonary pathologic manifestations. Blood. 2009;113(6):1365-1374. - PMC - PubMed",NA,11
Staffas_2017,10.1182/blood-2016-09-691394,56,"van Bekkum DW, Roodenburg J, Heidt PJ, van der Waaij D. Mitigation of secondary disease of allogeneic mouse radiation chimeras by modification of the intestinal microflora. J Natl Cancer Inst. 1974;52(2):401-404. - PubMed",NA,11
Staffas_2017,10.1182/blood-2016-09-691394,65,"Mathewson ND, Jenq R, Mathew AV, et al. Gut microbiome-derived metabolites modulate intestinal epithelial cell damage and mitigate graft-versus-host disease. Nat Immunol. 2016;17(5):505-513. - PMC - PubMed",NA,11
Staffas_2017,10.1182/blood-2016-09-691394,89,"Dao MC, Everard A, Aron-Wisnewsky J, et al. ; MICRO-Obes Consortium. Akkermansia muciniphila and improved metabolic health during a dietary intervention in obesity: relationship with gut microbiome richness and ecology. Gut. 2016;65(3):426-436. - PubMed",NA,11
Staffas_2017,10.1182/blood-2016-09-691394,92,"de Vrese M, Schrezenmeir J. Probiotics, prebiotics, and synbiotics. Adv Biochem Eng Biotechnol. 2008;111:1-66. - PubMed",NA,11
Peled_2016,10.1182/blood-2016-06-716738,2,"van Bekkum DW, Roodenburg J, Heidt PJ, van der Waaij D. Mitigation of secondary disease of allogeneic mouse radiation chimeras by modification of the intestinal microflora. J Natl Cancer Inst. 1974;52(2):401-404. - PubMed",NA,23
Peled_2016,10.1182/blood-2016-06-716738,5,"Luissint AC, Parkos CA, Nusrat A. Inflammation and the intestinal barrier: leukocyte-epithelial cell interactions, cell junction remodeling, and mucosal repair. Gastroenterology. 2016;151(4):616-632. - PMC - PubMed",NA,23
Peled_2016,10.1182/blood-2016-06-716738,10,Shlomchik WD. Graft-versus-host disease. Nat Rev Immunol. 2007;7(5):340-352. - PubMed,NA,23
Peled_2016,10.1182/blood-2016-06-716738,15,"Reyniers JA, Trexler PC, Ervin RF Rearing germ-free albino rats. Lobund Rep 1946(1):1-84. - PubMed",NA,23
Peled_2016,10.1182/blood-2016-06-716738,16,"Bauer H, Horowitz RE, Levenson SM, Popper H. The response of the lymphatic tissue to the microbial flora. Studies on germfree mice. Am J Pathol. 1963;42:471-483. - PMC - PubMed",NA,23
Peled_2016,10.1182/blood-2016-06-716738,17,"Belkaid Y, Hand TW. Role of the microbiota in immunity and inflammation. Cell. 2014;157(1):121-141. - PMC - PubMed",NA,23
Peled_2016,10.1182/blood-2016-06-716738,21,"Stƒïp√°nkov√° R, Kov√°r≈Ø F, Kruml J. Lymphatic tissue of the intestinal tract of germfree and conventional rabbits. Folia Microbiol (Praha). 1980;25(6):491-495. - PubMed",NA,23
Peled_2016,10.1182/blood-2016-06-716738,32,"Ohnmacht C, Park JH, Cording S, et al. Mucosal immunology. The microbiota regulates type 2 immunity through RORŒ≥t‚Å∫ T cells. Science. 2015;349(6251):989-993. - PubMed",NA,23
Peled_2016,10.1182/blood-2016-06-716738,33,"Sefik E, Geva-Zatorsky N, Oh S, et al. Mucosal immunology. Individual intestinal symbionts induce a distinct population of RORŒ≥‚Å∫ regulatory T cells. Science. 2015;349(6251):993-997. - PMC - PubMed",NA,23
Peled_2016,10.1182/blood-2016-06-716738,34,"Spits H, Artis D, Colonna M, et al. Innate lymphoid cells--a proposal for uniform nomenclature. Nat Rev Immunol. 2013;13(2):145-149. - PubMed",NA,23
Peled_2016,10.1182/blood-2016-06-716738,42,"Sevelsted A, Stokholm J, B√∏nnelykke K, Bisgaard H. Cesarean section and chronic immune disorders. Pediatrics. 2015;135(1):e92-e98. - PubMed",NA,23
Peled_2016,10.1182/blood-2016-06-716738,48,"Stefka AT, Feehley T, Tripathi P, et al. Commensal bacteria protect against food allergen sensitization. Proc Natl Acad Sci USA. 2014;111(36):13145-13150. - PMC - PubMed",NA,23
Peled_2016,10.1182/blood-2016-06-716738,69,"Wang H, Yang YG. The complex and central role of interferon-Œ≥ in graft-versus-host disease and graft-versus-tumor activity. Immunol Rev. 2014;258(1):30-44. - PMC - PubMed",NA,23
Peled_2016,10.1182/blood-2016-06-716738,71,"Lu Y, Waller EK. Dichotomous role of interferon-gamma in allogeneic bone marrow transplant. Biol Blood Marrow Transplant. 2009;15(11):1347-1353. - PMC - PubMed",NA,23
Peled_2016,10.1182/blood-2016-06-716738,85,"Varelias A, Gartlan KH, Kreijveld E, et al. Lung parenchyma-derived IL-6 promotes IL-17A-dependent acute lung injury after allogeneic stem cell transplantation. Blood. 2015;125(15):2435-2444. - PMC - PubMed",NA,23
Peled_2016,10.1182/blood-2016-06-716738,88,"Tajima M, Wakita D, Noguchi D, et al. IL-6-dependent spontaneous proliferation is required for the induction of colitogenic IL-17-producing CD8+ T cells. J Exp Med. 2008;205(5):1019-1027. - PMC - PubMed",NA,23
Peled_2016,10.1182/blood-2016-06-716738,89,"Abedi MR, Hammarstr√∂m L, Ringd√©n O, Smith CI. Development of IgA deficiency after bone marrow transplantation. The influence of acute and chronic graft-versus-host disease. Transplantation. 1990;50(3):415-421. - PubMed",NA,23
Peled_2016,10.1182/blood-2016-06-716738,91,"Mathewson ND, Jenq R, Mathew AV, et al. Gut microbiome-derived metabolites modulate intestinal epithelial cell damage and mitigate graft-versus-host disease. Nat Immunol. 2016;17(5):505-513. - PMC - PubMed",NA,23
Peled_2016,10.1182/blood-2016-06-716738,93,"Smith PM, Howitt MR, Panikov N, et al. The microbial metabolites, short-chain fatty acids, regulate colonic Treg cell homeostasis. Science. 2013;341(6145):569-573. - PMC - PubMed",NA,23
Peled_2016,10.1182/blood-2016-06-716738,107,"Youngster I, Russell GH, Pindar C, Ziv-Baran T, Sauk J, Hohmann EL. Oral, capsulized, frozen fecal microbiota transplantation for relapsing Clostridium difficile infection. JAMA. 2014;312(17):1772-1778. - PubMed",NA,23
Peled_2016,10.1182/blood-2016-06-716738,108,"van Nood E, Vrieze A, Nieuwdorp M, et al. Duodenal infusion of donor feces for recurrent Clostridium difficile. N Engl J Med. 2013;368(5):407-415. - PubMed",NA,23
Peled_2016,10.1182/blood-2016-06-716738,121,"von Moltke J, Ji M, Liang HE, Locksley RM. Tuft-cell-derived IL-25 regulates an intestinal ILC2-epithelial response circuit. Nature. 2016;529(7585):221-225. - PMC - PubMed",NA,23
Peled_2016,10.1182/blood-2016-06-716738,124,"Levy DA, Wefald A. Gut mucosal mast cells and goblet cells during acute graft-versus-host disease in rats. Ann Inst Pasteur Immunol. 1986;137D(2):281-288. - PubMed",NA,23
Butters_2023,10.1080/14787210.2023.2171987,1,"Ssenyonga N, Stiller C, Nakata K, et al. Worldwide trends in population-based survival for children, adolescents, and young adults diagnosed with leukaemia, by subtype, during 2000‚Äì14 (Concord-3): analysis of individual data from 258 cancer registries in 61 countries. Lancet Child Adolesc Health. 2022;6(6):409‚Äì431.",NA,17
Butters_2023,10.1080/14787210.2023.2171987,3,"Craigie D. Two cases of disease and enlargement of the spleen, in which death took place from the presence of purulent matter in the blood. Edinburgh Med Surg J. 1845;64:400‚Äì423.",NA,17
Butters_2023,10.1080/14787210.2023.2171987,22,Overview | Neutropenic sepsis: prevention and management in people with cancer | Guidance | NICE [Internet]. NICE; 2022 [cited 2022 Aug 19]. Available from: https://www.nice.org.uk/guidance/cg151(open in a new window).,NA,17
Butters_2023,10.1080/14787210.2023.2171987,42,"Lovegrove MC, Geller AI, Fleming-Dutra KE, et al. US Emergency Department Visits for Adverse Drug Events From Antibiotics in Children, 2011‚Äì2015. J Pediatric Infect Dis Soc. 2019;8(5):384‚Äì391.",NA,17
Butters_2023,10.1080/14787210.2023.2171987,56,"Anjewierden S, Han Z, Foster CB, et al. Risk factors for Clostridium difficile infection in pediatric inpatients: a meta-analysis and systematic review. Infect Control Hosp Epidemiol. 2019;40(4):420‚Äì426.",NA,17
Butters_2023,10.1080/14787210.2023.2171987,60,WHO strategic priorities on antimicrobial resistance [Internet]. [ cited 2022 Sep 14]. Available from: https://www.who.int/publications-detail-redirect/9789240041387(open in a new window).,NA,17
Butters_2023,10.1080/14787210.2023.2171987,61,"Murray CJ, Ikuta KS, Sharara F, et al. Global burden of bacterial antimicrobial resistance in 2019: a systematic analysis. Lancet. 2022;399(10325):629‚Äì655.",NA,17
Butters_2023,10.1080/14787210.2023.2171987,70,"Cesaro S, Tridello G, Castagnola E, et al. Retrospective study on the incidence and outcome of proven and probable invasive fungal infections in high-risk pediatric onco-hematological patients. Eur J Haematol. 2017;99(3):240‚Äì248.",NA,17
Butters_2023,10.1080/14787210.2023.2171987,80,"Smits WK, Lyras D, Lacy DB, et al. Clostridium difficile infection. Nat Rev Dis Primers. 2016;2:1‚Äì20.",NA,17
Butters_2023,10.1080/14787210.2023.2171987,81,"Voth DE, Ballard JD. Clostridium difficile toxins: mechanism of action and role in disease. Clin Microbiol Rev. 2005;18(2):247‚Äì263.",NA,17
Butters_2023,10.1080/14787210.2023.2171987,88,"Tamma PD, Miller MA, Dullabh P, et al. Association of a safety program for improving antibiotic use with antibiotic use and hospital-onset clostridioides difficile infection rates among US hospitals. JAMA Network Open. 2021;4(2):e210235.",NA,17
Butters_2023,10.1080/14787210.2023.2171987,90,Garrett WS. Cancer and the microbiota. Science. 2015;348(6230):80‚Äì86.,NA,17
Butters_2023,10.1080/14787210.2023.2171987,100,"Routy B, Le Chatelier E, Derosa L, et al. Gut microbiome influences efficacy of PD-1-based immunotherapy against epithelial tumors. Science. 2018;359(6371):91‚Äì97.",NA,17
Butters_2023,10.1080/14787210.2023.2171987,116,"Peled JU, Gomes ALC, Devlin SM, et al. Microbiota as predictor of mortality in allogeneic hematopoietic-cell transplantation. N Engl J Med. 2020;382:822‚Äì834.",NA,17
Butters_2023,10.1080/14787210.2023.2171987,119,"Elgarten CW, Li Y, Getz KD, et al. Broad spectrum antibiotics and risk of graft-versus-host disease in pediatric patients transplanted for acute leukemia: association of carbapenem use with risk of acute GVHD. Transplant Cell Ther. 2021;27. 177.e1‚Äì177.e8.",NA,17
Butters_2023,10.1080/14787210.2023.2171987,124,"Oxford centre for evidence-based medicine: levels of Evidence (March 2009) ‚Äî centre for Evidence-Based Medicine (CEBM), University of Oxford [Internet]. [ cited 2022 Oct 4]. Available from: https://www.cebm.ox.ac.uk/resources/levels-of-evidence/oxford-centre-for-evidence-based-medicine-levels-of-evidence-march-2009(open in a new window).",NA,17
Butters_2023,10.1080/14787210.2023.2171987,129,"DeFilipp Z, Bloom PP, Torres Soto M, et al. Drug-resistant e. coli bacteremia transmitted by fecal microbiota transplant. N Engl J Med. 2019;381:2043‚Äì2050.",NA,17
Ji_2024,10.1016/j.trim.2023.101977,4,"P.M. Smith, M.R. Howitt, N. Panikov, et al. The microbial metabolites, short-chain fatty acids, regulate colonic Treg cell homeostasis Science., 341 (6145) (2013), pp. 569-573",NA,19
Ji_2024,10.1016/j.trim.2023.101977,7,"Chinese Society of Hematology CMA Chinese expert consensus on the management of hemorrhagic complications after hematopoietic stem cell transplantation(2021) Zhonghua Xue Ye Xue Za Zhi, 42 (4) (2021), pp. 276-280",NA,19
Ji_2024,10.1016/j.trim.2023.101977,9,"M. Nishida, A. Shigematsu, M. Sato, et al. Ultrasonographic evaluation of gastrointestinal graft-versus-host disease after hematopoietic stem cell transplantation Clin. Transpl., 29 (8) (2015), pp. 697-704",NA,19
Ji_2024,10.1016/j.trim.2023.101977,10,"A. Shimoni, U. Rimon, M. Hertz, et al. CT in the clinical and prognostic evaluation of acute graft-vs-host disease of the gastrointestinal tract Br. J. Radiol., 85 (1016) (2012), pp. e416-e423",NA,19
Ji_2024,10.1016/j.trim.2023.101977,14,"D. Trabulo, S. Ferreira, P. Lage, R.L. Rego, G. Teixeira, A.D. Pereira Esophageal stenosis with sloughing esophagitis: a curious manifestation of graft-vs-host disease World J. Gastroenterol., 21 (30) (2015), pp. 9217-9222",NA,19
Ji_2024,10.1016/j.trim.2023.101977,16,"F. Langer, F. Puls, S. Buchholz, C. Loddenkemper, A. Ganser, H. Kreipe Histopathology of graft-versus-host disease Pathologe., 32 (2) (2011), pp. 144-151",NA,19
Ji_2024,10.1016/j.trim.2023.101977,18,"K. Nomura, T. Iizuka, D. Kaji, et al. Clinicopathological features of patients with acute graft-versus-host disease of the upper digestive tract J. Gastroenterol. Hepatol., 29 (11) (2014), pp. 1867-1872",NA,19
Ji_2024,10.1016/j.trim.2023.101977,33,"K. Nakamura, N. Sakuragi, A. Takakuwa, T. Ayabe Paneth cell alpha-defensins and enteric microbiota in health and disease Biosci Microbiota Food Health, 35 (2) (2016), pp. 57-67",NA,19
Ji_2024,10.1016/j.trim.2023.101977,36,"Y. Eriguchi, S. Takashima, H. Oka, et al. Graft-versus-host disease disrupts intestinal microbial ecology by inhibiting Paneth cell production of alpha-defensins Blood., 120 (1) (2012), pp. 223-231",NA,19
Ji_2024,10.1016/j.trim.2023.101977,42,"H. Spits, D. Artis, M. Colonna, et al. Innate lymphoid cells--a proposal for uniform nomenclature Nat. Rev. Immunol., 13 (2) (2013), pp. 145-149",NA,19
Ji_2024,10.1016/j.trim.2023.101977,43,"N.K. Bjorkstrom, E. Kekalainen, J. Mjosberg Tissue-specific effector functions of innate lymphoid cells Immunology., 139 (4) (2013), pp. 416-427",NA,19
Ji_2024,10.1016/j.trim.2023.101977,67,"C.K. Stein-Thoeringer, K.B. Nichols, A. Lazrak, et al. Lactose drives Enterococcus expansion to promote graft-versus-host disease Science., 366 (6469) (2019), pp. 1143-1149",NA,19
Ji_2024,10.1016/j.trim.2023.101977,99,"D. Hidaka, E. Hayase, S. Shiratori, et al. The association between the incidence of intestinal graft-vs-host disease and antibiotic use after allogeneic hematopoietic stem cell transplantation Clin. Transpl., 32 (9) (2018), Article e13361",NA,19
Ji_2024,10.1016/j.trim.2023.101977,104,"S. Kim, Y.C. Shin, T.Y. Kim, et al. Mucin degrader Akkermansia muciniphila accelerates intestinal stem cell-mediated epithelial development Gut Microbes, 13 (1) (2021), pp. 1-20",NA,19
Ji_2024,10.1016/j.trim.2023.101977,114,"Z. DeFilipp, P.P. Bloom, M. Torres Soto, et al. Drug-Resistant E. Coli bacteremia transmitted by fecal microbiota transplant N. Engl. J. Med., 381 (21) (2019), pp. 2043-2050",NA,19
Ji_2024,10.1016/j.trim.2023.101977,115,"N.D. Mathewson, R. Jenq, A.V. Mathew, et al. Gut microbiome-derived metabolites modulate intestinal epithelial cell damage and mitigate graft-versus-host disease Nat. Immunol., 17 (5) (2016), pp. 505-513",NA,19
Ji_2024,10.1016/j.trim.2023.101977,118,"X. Ma, P.X. Fan, L.S. Li, S.Y. Qiao, G.L. Zhang, D.F. Li Butyrate promotes the recovering of intestinal wound healing through its positive effect on the tight junctions J. Anim. Sci., 90 (Suppl. 4) (2012), pp. 266-268",NA,19
Ji_2024,10.1016/j.trim.2023.101977,127,"W. Jia, G. Xie, W. Jia Bile acid-microbiota crosstalk in gastrointestinal inflammation and carcinogenesis Nat. Rev. Gastroenterol. Hepatol., 15 (2) (2018), pp. 111-128",NA,19
Ji_2024,10.1016/j.trim.2023.101977,144,"D. Wu, D.M. Hockenberry, T.A. Brentnall, et al. Persistent nausea and anorexia after marrow transplantation: a prospective study of 78 patients Transplantation., 66 (10) (1998), pp. 1319-1324",NA,19
Reed&DeFilipp_2026,10.1080/10428194.2025.2610407,1,"Malard F, Holler E, Sandmaier BM, et al. Acute graft-versus-host disease. Nat Rev Dis Primers. 2023;9(1):27. Crossref. PubMed. Web of Science.",NA,12
Reed&DeFilipp_2026,10.1080/10428194.2025.2610407,2,"Zeiser R, Blazar BR. Acute graft-versus-host disease - ¬≠biologic process, prevention, and therapy. N Engl J Med. 2017;377(22):2167‚Äì2179. Crossref. PubMed. Web of Science.",NA,12
Reed&DeFilipp_2026,10.1080/10428194.2025.2610407,5,"Ferrara JLM, Levine JE, Reddy P, et al. Graft-versus-host disease. Lancet. 2009;373(9674):1550‚Äì1561. Crossref. PubMed. Web of Science.",NA,12
Reed&DeFilipp_2026,10.1080/10428194.2025.2610407,24,"Loren AW, Mielcarek M, Bola√±os-Meade J, et al. Hematopoietic Cell Transplantation, Version 3.2025, NCCN Clinical Practice Guidelines In Oncology. J Natl Compr Canc Netw. 2025;23(10):e250047. Crossref.",NA,12
Reed&DeFilipp_2026,10.1080/10428194.2025.2610407,26,"Etra A, Capellini A, Alousi A, et al. Effective treatment of low-risk acute GVHD with itacitinib monotherapy. Blood. 2023;141(5):481‚Äì489. Crossref. PubMed. Web of Science.",NA,12
Reed&DeFilipp_2026,10.1080/10428194.2025.2610407,28,"Magenau JM, Goldstein SC, Peltier D, et al. Œ±(1)-Antitrypsin infusion for treatment of steroid-resistant acute graft-versus-host disease. Blood. 2018;131(12):1372‚Äì1379. Crossref. PubMed.",NA,12
Reed&DeFilipp_2026,10.1080/10428194.2025.2610407,29,"Marcondes AM, Hockenbery D, Lesnikova M, et al. Response of steroid-refractory acute GVHD to Œ±1-antitrypsin. Biol Blood Marrow Transplant. 2016;22(9):1596‚Äì1601. Crossref. PubMed.",NA,12
Reed&DeFilipp_2026,10.1080/10428194.2025.2610407,30,"Magenau JH, Bai M, Martens L, et al. LBA-2 - A randomized, double-blind, placebo-controlled phase III trial of alpha-1-antitrypsin for treatment of high risk acute GVHD (BMT CTN 1705). Transplantation & cellular therapy meetings of ASTCT and CIBMTR. Honolulu, HI; 2025.",NA,12
Reed&DeFilipp_2026,10.1080/10428194.2025.2610407,31,"Zeiser R, Chen Y-B, Youssef NN, et al. Pathophysiology of gastrointestinal acute graft-versus-host disease and the potential role of glucagon-like peptide 2. Br J Haematol. 2023;201(4):620‚Äì627. Crossref. PubMed. Web of Science.",NA,12
Reed&DeFilipp_2026,10.1080/10428194.2025.2610407,53,"Peled JU, Gomes ALC, Devlin SM, et al. Microbiota as predictor of mortality in allogeneic hematopoietic-cell transplantation. N Engl J Med. 2020;382(9):822‚Äì834. Crossref. PubMed. Web of Science.",NA,12
Reed&DeFilipp_2026,10.1080/10428194.2025.2610407,54,"Peled JU, Jenq RR, Holler E, et al. Role of gut flora after bone marrow transplantation. Nat Microbiol. 2016;1(4):16036. Crossref. PubMed. Web of Science.",NA,12
Reed&DeFilipp_2026,10.1080/10428194.2025.2610407,60,"Ren J, Lin K, Xu J, et al. When is the best time and grade to start ruxolitinib in corticosteroid-refractory acute graft-versus-host-disease: a multi-center research. Clin Transplant. 2024;38(1):e15195. Crossref. PubMed. Web of Science.",NA,12
Lee&Carpenter_2025,10.1007/978-3-031-84988-6_6,22,BMTinfonet.org. Directory of Graft-versus-Host Disease (GVHD) Clinics and Physicians.¬†https://bmtinfonet.org/gvhd-directory,NA,12
Lee&Carpenter_2025,10.1007/978-3-031-84988-6_6,27,"Carpenter PA (2023) Chapter 108: late effects after hematopoietic cell transplantation. In: Means TT, Arber DA, Glader BE et al (eds) Wintrobe‚Äôs clinical hematology, 15th edn. Wolters Kluwer, pp 2371‚Äì2386",NA,12
Lee&Carpenter_2025,10.1007/978-3-031-84988-6_6,43,"Deeg HJ, Seidel K, Bruemmer B, Pepe MS, Appelbaum FR (1995) Impact of patient weight on non-relapse mortality after marrow transplantation. Bone Marrow Transplant 15(3):461‚Äì468.¬†https://www.ncbi.nlm.nih.gov/pubmed/7599573¬†-¬†PubMed",NA,12
Lee&Carpenter_2025,10.1007/978-3-031-84988-6_6,49,Eurofins-Viracor L.. Diagnostics for acute graft vs host disease.¬†https://www.eurofins-viracor.com/our-testing/agvhd/,NA,12
Lee&Carpenter_2025,10.1007/978-3-031-84988-6_6,63,"Harper K, McMillen KK (2021) Chapter 15: Medical nutrition therapy for hematopoietic cell transplantation. In: Voss AC, Williams V (eds) Oncology nutrition for clinical practice, 2nd edn. Academy of Nutrition and Dietetics, pp 305‚Äì329",NA,12
Lee&Carpenter_2025,10.1007/978-3-031-84988-6_6,77,"Imbruciva (ibrutinib) [package insert] (2024) Sunnyvale, CA: Pharmacyclics",NA,12
Lee&Carpenter_2025,10.1007/978-3-031-84988-6_6,82,"Jakafi (ruxolitinib) [package insert] (2021) Wilmington, DE: Incyte Corporation",NA,12
Lee&Carpenter_2025,10.1007/978-3-031-84988-6_6,103,"Lee CJ, Wickline M, Flowers MED (2021) Chapter 4: telemedicine in patient care of long-term transplant survivors. In: Savani B, Tichelli A (eds) Blood and marrow transplantation long-term management: prevention and complications, 2nd edn. Wiley, pp 25‚Äì32 -¬†DOI",NA,12
Lee&Carpenter_2025,10.1007/978-3-031-84988-6_6,135,"Niktimvo (axatilimab) [package insert] (2024) Wilmington, DE: Incyte Corporation",NA,12
Lee&Carpenter_2025,10.1007/978-3-031-84988-6_6,137,"Ordentlich P, Wolfreys A, Da Costa A (2016) Targeting colony stimulating factor- 1 receptor (CSF-1R) with SNDX-6352, a novel anti-CSF-1R targeted antibody. J Immunother Cancer 4:P402",NA,12
Lee&Carpenter_2025,10.1007/978-3-031-84988-6_6,144,"Przepiorka D, Chan KW, Champlin RE et al (1995) Prevention of graft-versus-host disease with anti-CD5 ricin A chain immunotoxin after CD3-depleted HLA-nonidentical marrow transplantation in pediatric leukemia patients. Bone Marrow Transplant 16(6):737‚Äì741.¬†https://www.ncbi.nlm.nih.gov/pubmed/8750262¬†-¬†PubMed",NA,12
Lee&Carpenter_2025,10.1007/978-3-031-84988-6_6,150,"Rezurock (belumosudil) [package insert] (2024) Paris, France: Sanofi",NA,12
Din_2025,10.1186/s10020-024-01060-x,5,"Andersen S, Staudacher H, Weber N, Kennedy G, Varelias A, Banks M, et al. Pilot study investigating the effect of enteral and parenteral nutrition on the gastrointestinal microbiome post-allogeneic transplantation. Br J Haematol. 2020;188:570‚Äì81. -¬†DOI¬†-¬†PubMed",NA,38
Din_2025,10.1186/s10020-024-01060-x,11,Araujo AM. IFN-Œ≥ mediated death of metabolically altered Paneth cells. Rochester: University of Rochester; 2020.,NA,38
Din_2025,10.1186/s10020-024-01060-x,21,"Bj√∂rkstr√∂m NK, Kek√§l√§inen E, Mj√∂sberg J. Tissue-specific effector functions of innate lymphoid cells. Immunology. 2013;139:416‚Äì27. -¬†DOI¬†-¬†PMC¬†-¬†PubMed",NA,38
Din_2025,10.1186/s10020-024-01060-x,25,"Chiusolo P, Metafuni E, Sterbini FP, Giammarco S, Masucci L, Leone G, et al. Gut microbiome changes after stem cell transplantation. Blood. 2015;126:1953. -¬†DOI",NA,38
Din_2025,10.1186/s10020-024-01060-x,26,"Chong PP, Koh AY. The gut microbiota in transplant patients. Blood Rev. 2020;39:100614. -¬†DOI¬†-¬†PMC¬†-¬†PubMed",NA,38
Din_2025,10.1186/s10020-024-01060-x,30,"Crawford PA, Gordon JI. Microbial regulation of intestinal radiosensitivity. Proc Natl Acad Sci. 2005;102:13254‚Äì9. -¬†DOI¬†-¬†PMC¬†-¬†PubMed",NA,38
Din_2025,10.1186/s10020-024-01060-x,33,"D‚ÄôAmico F, Biagi E, Rampelli S, Fiori J, Zama D, Soverini M, et al. Enteral nutrition in pediatric patients undergoing hematopoietic SCT promotes the recovery of gut microbiome homeostasis. Nutrients. 2019;11:2958. -¬†DOI¬†-¬†PMC¬†-¬†PubMed",NA,38
Din_2025,10.1186/s10020-024-01060-x,37,Delgado Betancourt E. Comparative analysis of immune responses of intestinal organoids from wild rodents upon infection: challenging the¬†Toxoplasma gondii/house mouse model. Berlin: Humboldt University of Berlin; 2024.,NA,38
Din_2025,10.1186/s10020-024-01060-x,44,"Eriguchi Y, Nakamura K, Hashimoto D, Shimoda S, Shimono N, Akashi K, et al. Decreased secretion of Paneth cell Œ±-defensins in graft-versus-host disease. Transpl Infect Dis. 2015;17:702‚Äì6. -¬†DOI¬†-¬†PubMed",NA,38
Din_2025,10.1186/s10020-024-01060-x,52,"Gaudier E, Jarry A, Blottiere HM, De Coppet P, Buisine MP, Aubert JP, et al. Butyrate specifically modulates MUC gene expression in intestinal epithelial goblet cells deprived of glucose. Am J Physiol Gastrointest Liver Physiol. 2004;287:G1168-74. -¬†DOI¬†-¬†PubMed",NA,38
Din_2025,10.1186/s10020-024-01060-x,55,"Ghasemi K, Parkhideh S, Kazemi MH, Salimi M, Salari S, Nalini R, et al. The role of serum uric acid in the prediction of graft-versus-host disease in allogeneic hematopoietic stem cell transplantation. J Clin Lab Anal. 2020;34: e23271. -¬†DOI¬†-¬†PMC¬†-¬†PubMed",NA,38
Din_2025,10.1186/s10020-024-01060-x,58,"Gilbert KM, Boger SR, Price P, Fifer EK. T cell tolerance induced by histone deacetylase inhibitor is mediated by P21cip1. Immunopharmacol Immunotoxicol. 2005;27:545‚Äì64. -¬†DOI¬†-¬†PubMed",NA,38
Din_2025,10.1186/s10020-024-01060-x,68,"Hino A, Fukushima K, Kusakabe S, Ueda T, Sudo T, Fujita J, et al. Prolonged gut microbial alterations in post-transplant survivors of allogeneic haematopoietic stem cell transplantation. Br J Haematol. 2023;201:725‚Äì37. -¬†DOI¬†-¬†PubMed",NA,38
Din_2025,10.1186/s10020-024-01060-x,81,"Jenq RR, Ubeda C, Taur Y, Menezes CC, Khanin R, Dudakov JA, et al. Regulation of intestinal inflammation by microbiota following allogeneic bone marrow transplantation. J Exp Med. 2012a;209:903. -¬†DOI¬†-¬†PMC¬†-¬†PubMed",NA,38
Din_2025,10.1186/s10020-024-01060-x,83,"Ji H, Feng S, Liu Y, Cao Y, Lou H, Li Z. Effect of GVHD on the gut and intestinal microflora. Transpl Immunol. 2024;82:101977. -¬†DOI¬†-¬†PubMed",NA,38
Din_2025,10.1186/s10020-024-01060-x,98,"L√§nger F, Puls F, Buchholz S, Loddenkemper C, Ganser A, Kreipe H. Histopathology of graft-versus-host disease. Pathologe. 2011;32:144‚Äì51. -¬†DOI¬†-¬†PubMed",NA,38
Din_2025,10.1186/s10020-024-01060-x,100,Le W. Short-chain fatty acids stimulate epithelial mucine 2 expression through differential effects on prostaglandin E (1) and E (2) production by intestinal myofibroblasts. Gut. 2003;52:1442‚Äì7. -¬†DOI¬†-¬†PMC¬†-¬†PubMed,NA,38
Din_2025,10.1186/s10020-024-01060-x,110,"Liu M, Lu Y, Xue G, Han L, Jia H, Wang Z, et al. Role of short-chain fatty acids in host physiology. Anim Model Exp Med. 2024. 10.1002/ame2.12464. -¬†DOI¬†-¬†PMC¬†-¬†PubMed",NA,38
Din_2025,10.1186/s10020-024-01060-x,113,"Malard F, Holler E, Sandmaier BM, Huang H, Mohty M. Acute graft-versus-host disease. Nat Rev Dis Primers. 2023;9:27. -¬†DOI¬†-¬†PubMed",NA,38
Din_2025,10.1186/s10020-024-01060-x,118,"Mikulska M, Gualandi F, Anserini P. Early and late complications of hematopoietic stem cell transplantation. Handb Clin Neurol. 2024;202:135‚Äì51. -¬†DOI¬†-¬†PubMed",NA,38
Din_2025,10.1186/s10020-024-01060-x,122,"Montassier E, Gastinne T, Vangay P, Al-Ghalith GA, des Varannes SB, Massart S, et al. Chemotherapy-driven dysbiosis in the intestinal microbiome. Aliment Pharmacol Ther. 2015;42:515‚Äì28. -¬†DOI¬†-¬†PubMed",NA,38
Din_2025,10.1186/s10020-024-01060-x,129,"Ojeda P, Bobe A, Dolan K, Leone V, Martinez K. Nutritional modulation of gut microbiota‚Äîthe impact on metabolic disease pathophysiology. J Nutr Biochem. 2016;28:191‚Äì200. -¬†DOI¬†-¬†PMC¬†-¬†PubMed",NA,38
Din_2025,10.1186/s10020-024-01060-x,131,"Ostaff MJ, Stange EF, Wehkamp J. A ntimicrobial peptides and gut microbiota in homeostasis and pathology. EMBO Mol Med. 2013;5:1465‚Äì83. -¬†DOI¬†-¬†PMC¬†-¬†PubMed",NA,38
Din_2025,10.1186/s10020-024-01060-x,133,"Pandey KR, Naik SR, Vakil BV. Probiotics, prebiotics and synbiotics-a review. J Food Sci Technol. 2015;52:7577‚Äì87. -¬†DOI¬†-¬†PMC¬†-¬†PubMed",NA,38
Din_2025,10.1186/s10020-024-01060-x,137,"Peled JU, Gomes ALC, Devlin SM, Littmann ER, Taur Y, Sung AD, et al. Microbiota as predictor of mortality in allogeneic hematopoietic-cell transplantation. N Engl J Med. 2020;382:822‚Äì34. -¬†DOI¬†-¬†PMC¬†-¬†PubMed",NA,38
Din_2025,10.1186/s10020-024-01060-x,153,"Rojas M, Acosta-Ampudia Y, Heuer LS, Zang W, Monsalve DM, Ram√≠rez-Santana C, et al. Antigen-specific T cells and autoimmunity. J Autoimmun. 2024;148:103303. -¬†DOI¬†-¬†PubMed",NA,38
Din_2025,10.1186/s10020-024-01060-x,167,"Sharma SK. Post transplant immunosuppression. In: Sharma SK, editor. Basics of hematopoietic stem cell transplant. Berlin: Springer; 2023. p. 695‚Äì704.",NA,38
Din_2025,10.1186/s10020-024-01060-x,173,"Smith PM, Howitt MR, Panikov N, Michaud M, Gallini CA, Bohlooly-y M, et al. The microbial metabolites, short-chain fatty acids, regulate colonic Treg cell homeostasis. Science. 2013;341:569‚Äì73. -¬†DOI¬†-¬†PMC¬†-¬†PubMed",NA,38
Din_2025,10.1186/s10020-024-01060-x,174,"Sofi MH, Wu Y, Ticer T, Schutt S, Bastian D, Choi H-J, et al. A single strain of¬†Bacteroides fragilis¬†protects gut integrity and reduces GVHD. JCI Insight. 2021;6: e136841. -¬†DOI¬†-¬†PMC¬†-¬†PubMed",NA,38
Din_2025,10.1186/s10020-024-01060-x,177,Stein-Thoeringer CK. GVHD prevention by personalized nutrition. Blood J Am Soc Hematol. 2022;140:2190‚Äì2. -¬†PubMed,NA,38
Din_2025,10.1186/s10020-024-01060-x,178,"Stein-Thoeringer CK, Nichols KB, Lazrak A, Docampo MD, Slingerland AE, Slingerland JB, et al. Lactose drives¬†Enterococcus¬†expansion to promote graft-versus-host disease. Science. 2019;366:1143‚Äì9. -¬†DOI¬†-¬†PMC¬†-¬†PubMed",NA,38
Din_2025,10.1186/s10020-024-01060-x,186,"Trabulo D, Ferreira S, Lage P, Rego RL, Teixeira G, Pereira AD. Esophageal stenosis with sloughing esophagitis: a curious manifestation of graft-vs-host disease. World J Gastroenterol: WJG. 2015;21:9217. -¬†DOI¬†-¬†PMC¬†-¬†PubMed",NA,38
Din_2025,10.1186/s10020-024-01060-x,190,"van Bekkum DW, Roodenburg J, Heidt PJ, van der Waaij D. Mitigation of secondary disease of allogeneic mouse radiation chimeras by modification of the intestinal microflora. J Natl Cancer Inst. 1974;52:401‚Äì4. -¬†DOI¬†-¬†PubMed",NA,38
Din_2025,10.1186/s10020-024-01060-x,204,"Xu Z, Zhou X, Zhao X, Lu X, Wang H. Effectiveness of in vivo T-cell-depleted regimen containing porcine anti-lymphocyte globulin or rabbit anti-thymocyte globulin in preventing acute graft-versus-host disease after haploidentical haematopoietic stem cell transplantation. Br J Haematol. 2024;204:283‚Äì91. -¬†DOI¬†-¬†PubMed",NA,38
Din_2025,10.1186/s10020-024-01060-x,209,"Yue X, Zhou H, Wang S, Chen X, Xiao H. Gut microbiota, microbiota-derived metabolites, and graft-versus-host disease. Cancer Med. 2024;13: e6799. -¬†DOI¬†-¬†PMC¬†-¬†PubMed",NA,38
Din_2025,10.1186/s10020-024-01060-x,211,"Zeiser R, Blazar BR. Acute graft-versus-host disease‚Äîbiologic process, prevention, and therapy. N Engl J Med. 2017a;377:2167‚Äì79. -¬†DOI¬†-¬†PMC¬†-¬†PubMed",NA,38
Din_2025,10.1186/s10020-024-01060-x,212,"Zeiser R, Blazar BR. Pathophysiology of chronic graft-versus-host disease and therapeutic targets. N Engl J Med. 2017b;377:2565‚Äì79. -¬†DOI¬†-¬†PubMed",NA,38
Din_2025,10.1186/s10020-024-01060-x,213,"Zeiser R, Chen Y, Youssef NN, Ayuk F. Pathophysiology of gastrointestinal acute graft-versus-host disease and the potential role of glucagon-like peptide 2. Br J Haematol. 2023;201:620‚Äì7. -¬†DOI¬†-¬†PubMed",NA,38
Weber_2024,10.1159/000538303,1,"Ferrara JL, Levine JE, Reddy P, Holler E. Graft-versus-host disease. Lancet. 2009;373(9674):1550‚Äì61. -¬†PMC¬†-¬†PubMed",NA,11
Weber_2024,10.1159/000538303,2,"Malard F, Holler E, Sandmaier BM, Huang H, Mohty M. Acute graft-versus-host disease. Nat Rev Dis Primers. 2023;9(1):27. -¬†PubMed",NA,11
Weber_2024,10.1159/000538303,3,"van Bekkum DW, Roodenburg J, Heidt PJ, van der Waaij D. Mitigation of secondary disease of allogeneic mouse radiation chimeras by modification of the intestinal microflora. J Natl Cancer Inst. 1974;52(2):401‚Äì4. -¬†PubMed",NA,11
Weber_2024,10.1159/000538303,7,"Stein-Thoeringer CK, Nichols KB, Lazrak A, Docampo MD, Slingerland AE, Slingerland JB, et al. Lactose drives Enterococcus expansion to promote graft-versus-host disease. Science. 2019;366(6469):1143‚Äì9. -¬†PMC¬†-¬†PubMed",NA,11
Weber_2024,10.1159/000538303,8,"Peled JU, Gomes ALC, Devlin SM, Littmann ER, Taur Y, Sung AD, et al. Microbiota as predictor of mortality in allogeneic hematopoietic-cell transplantation. N Engl J Med. 2020;382(9):822‚Äì34. -¬†PMC¬†-¬†PubMed",NA,11
Weber_2024,10.1159/000538303,9,"Peled JU, Jenq RR, Holler E, van den Brink MR. Role of gut flora after bone marrow transplantation. Nat Microbiol. 2016;1:16036. -¬†PMC¬†-¬†PubMed",NA,11
Weber_2024,10.1159/000538303,10,"Webb BJ, Brunner A, Ford CD, Gazdik MA, Petersen FB, Hoda D. Fecal microbiota transplantation for recurrent Clostridium difficile infection in hematopoietic stem cell transplant recipients. Transpl Infect Dis. 2016;18(4):628‚Äì33. -¬†PubMed",NA,11
Weber_2024,10.1159/000538303,24,"Goeser F, Sifft B, Stein-Thoeringer C, Farowski F, Strassburg CP, Brossart P, et al. Fecal microbiota transfer for refractory intestinal graft-versus-host disease: experience from two German tertiary centers. Eur J Haematol. 2021;107(2):229‚Äì45. -¬†PubMed",NA,11
Weber_2024,10.1159/000538303,25,"Zheng YY, Yang XT, Lin GQ, Bian MR, Si YJ, Zhang XX, et al. [Clinical study of 19 cases of steroid-refractory gastrointestinal acute graft-versus-host disease after allogeneic hematopoietic stem cell transplantation with fecal microbiota transplantation]. Zhonghua Xue Ye Xue Za Zhi. 2023;44(5):401‚Äì7. -¬†PMC¬†-¬†PubMed",NA,11
Weber_2024,10.1159/000538303,33,"DeFilipp Z, Bloom PP, Torres Soto M, Mansour MK, Sater MRA, Huntley MH, et al. Drug-resistant E. coli bacteremia transmitted by fecal microbiota transplant. N Engl J Med. 2019;381(21):2043‚Äì50. -¬†PubMed",NA,11
Weber_2024,10.1159/000538303,41,"Fluckiger A, Daillere R, Sassi M, Sixt BS, Liu P, Loos F, et al. Cross-reactivity between tumor MHC class I-restricted antigens and an enterococcal bacteriophage. Science. 2020;369(6506):936‚Äì42. -¬†PubMed",NA,11
Kim_2024,10.1080/13543784.2024.2377322,1,"Bolanos-Meade J, Hamadani M, Wu J, et al. Post-Transplantation Cyclophosphamide-Based Graft-versus-Host Disease Prophylaxis. N Engl J Med. 388(25):2338‚Äì48 (2023). -¬†PMC¬†-¬†PubMed",NA,11
Kim_2024,10.1080/13543784.2024.2377322,19,"Zeiser R, Burchert A, Lengerke C, Verbeek M, Maas-Bauer K, Metzelder SK, et al. Ruxolitinib in corticosteroid-refractory graft-versus-host disease after allogeneic stem cell transplantation: a multicenter survey. Leukemia. 2015;29(10):2062‚Äì8. -¬†PMC¬†-¬†PubMed",NA,11
Kim_2024,10.1080/13543784.2024.2377322,27,"Abedin S, Rashid N, Schroeder M, Romee R, Nauffal M, Alhaj Moustafa M, et al. Ruxolitinib resistance or intolerance in steroid-refractory acute graft-versus-host disease - a real-world outcomes analysis. Br J Haematol. 2021;195(3):429‚Äì32. -¬†PMC¬†-¬†PubMed",NA,11
Kim_2024,10.1080/13543784.2024.2377322,28,"Floisand Y, Lundin KEA, Lazarevic V, Kristiansen JD, Osnes LTN, Tjonnfjord GE, et al. Targeting Integrin alpha4beta7 in Steroid-Refractory Intestinal Graft-versus-Host Disease. Biol Blood Marrow Transplant. 23(1):172 (2017). -¬†PubMed",NA,11
Kim_2024,10.1080/13543784.2024.2377322,37,"Ball LM, Bernardo ME, Roelofs H, van Tol MJ, Contoli B, Zwaginga JJ, et al. Multiple infusions of mesenchymal stromal cells induce sustained remission in children with steroid-refractory, grade III-IV acute graft-versus-host disease. Br J Haematol. 2013;163(4):501‚Äì9. -¬†PubMed",NA,11
Kim_2024,10.1080/13543784.2024.2377322,38,"Resnick IB, Barkats C, Shapira MY, Stepensky P, Bloom AI, Shimoni A, et al. Treatment of severe steroid resistant acute GVHD with mesenchymal stromal cells (MSC). Am J Blood Res. 2013;3(3):225‚Äì38. -¬†PMC¬†-¬†PubMed",NA,11
Kim_2024,10.1080/13543784.2024.2377322,54,Gabay C Interleukin-6 and chronic inflammation. Arthritis Res Ther. 2006;8 Suppl 2(Suppl 2):S3. -¬†PMC¬†-¬†PubMed,NA,11
Kim_2024,10.1080/13543784.2024.2377322,59,"Schmidt-Hieber M, Fietz T, Knauf W, Uharek L, Hopfenmuller W, Thiel E, et al. Efficacy of the interleukin-2 receptor antagonist basiliximab in steroid-refractory acute graft-versus-host disease. Br J Haematol. 2005;130(4):568‚Äì74. -¬†PubMed",NA,11
Kim_2024,10.1080/13543784.2024.2377322,61,"Chakupurakal G, Garcia-Marquez MA, Shimabukuro-Vornhagen A, Theurich S, Holtick U, Hallek M, et al. Immunological effects in patients with steroid-refractory graft-versus-host disease following treatment with basiliximab, a CD25 monoclonal antibody. Eur J Haematol. 2016;97(2):121‚Äì7. -¬†PubMed",NA,11
Kim_2024,10.1080/13543784.2024.2377322,63,"Magenau JM, Goldstein SC, Peltier D, Soiffer RJ, Braun T, Pawarode A, et al. alpha(1)-Antitrypsin infusion for treatment of steroid-resistant acute graft-versus-host disease. Blood. 2018;131(12):1372‚Äì9. -¬†PMC¬†-¬†PubMed",NA,11
Kim_2024,10.1080/13543784.2024.2377322,64,"Dudakov JA, Hanash AM, van den Brink MR. Interleukin-22: immunobiology and pathology. Annu Rev Immunol. 2015;33:747‚Äì85. -¬†PMC¬†-¬†PubMed",NA,11
Fiorenza&Turtle_2021,10.20900/immunometab20210004,1,"Gooley TA, Chien JW, Pergam SA, Hingorani S, Sorror ML, Boeckh M, et al. Reduced mortality after allogeneic hematopoietic-cell transplantation. N Engl J Med. 2010;363(22):2091‚Äì101. -¬†PMC¬†-¬†PubMed",NA,15
Fiorenza&Turtle_2021,10.20900/immunometab20210004,22,"Waller EK, Logan BR, Fei M, Lee SJ, Confer D, Howard A, et al. Kinetics of immune cell reconstitution predict survival in allogeneic bone marrow and G-CSF-mobilized stem cell transplantation. Blood Adv. 2019;3(15):2250‚Äì63. -¬†PMC¬†-¬†PubMed",NA,15
Fiorenza&Turtle_2021,10.20900/immunometab20210004,24,"Nakamae H, Fujii K, Nanno S, Okamura H, Nakane T, Koh H, et al. A prospective observational study of immune reconstitution following transplantation with post-transplant reduced-dose cyclophosphamide from HLA-haploidentical donors. Transpl Int. 2019;32(12):1322‚Äì32. -¬†PubMed",NA,15
Fiorenza&Turtle_2021,10.20900/immunometab20210004,40,"Ramakrishna C, Kujawski M, Chu H, Fi F, Mazmanian SK, Cantin EM. Bacteroides¬†fragilis¬†polysaccharide A induces IF-10 secreting B and T cells that prevent viral encephalitis. Nat Commun. 2019;10(1):2153. -¬†PMC¬†-¬†PubMed",NA,15
Fiorenza&Turtle_2021,10.20900/immunometab20210004,42,"Britton GJ, Contijoch EJ, Spindler MP, Aggarwala V, Dogan B, Bongers G, et al. Defined microbiota transplant restores Th17/RORŒ≥t(+) regulatory T cell balance in mice colonized with inflammatory bowel disease microbiotas. Proc Natl Acad Sci U S A. 2020;117(35):21536‚Äì45. -¬†PMC¬†-¬†PubMed",NA,15
Fiorenza&Turtle_2021,10.20900/immunometab20210004,55,"Li H, Limenitakis JP, Greiff V, Yilmaz B, Scharen O, Urbaniak C, et al. Mucosal or systemic microbiota exposures shape the B cell repertoire. Nature. 2020;584(7820):274‚Äì8. -¬†PubMed",NA,15
Fiorenza&Turtle_2021,10.20900/immunometab20210004,62,"Peled JU, Devlin SM, Staffas A, Lumish M, Khanin R, Littmann ER, et al. Intestinal Microbiota and Relapse After Hematopoietic-Cell Transplantation. J Clin Oncol. 2017;35(15):1650‚Äì9. -¬†PMC¬†-¬†PubMed",NA,15
Fiorenza&Turtle_2021,10.20900/immunometab20210004,68,"Eriguchi Y, Nakamura K, Hashimoto D, Shimoda S, Shimono N, Akashi K, et al. Decreased secretion of Paneth cell alpha-defensins in graft-versus-host disease. Transpl Infect Dis. 2015;17(5):702‚Äì6. -¬†PubMed",NA,15
Fiorenza&Turtle_2021,10.20900/immunometab20210004,69,"Andersen S, Staudacher H, Weber N, Kennedy G, Varelias A, Banks M, et al. Pilot study investigating the effect of enteral and parenteral nutrition on the gastrointestinal microbiome post-allogeneic transplantation. Br J Haematol. 2020;188(4):570‚Äì81. -¬†PubMed",NA,15
Fiorenza&Turtle_2021,10.20900/immunometab20210004,71,"Peled JU, Gomes ALC, Devlin SM, Littmann ER, Taur Y, Sung AD, et al. Microbiota as Predictor of Mortality in Allogeneic Hematopoietic-Cell Transplantation. N Engl J Med. 2020;382(9):822‚Äì34. -¬†PMC¬†-¬†PubMed",NA,15
Fiorenza&Turtle_2021,10.20900/immunometab20210004,72,"Smith NW, Shorten PR, Altermann E, Roy NC, McNabb WC. The Classification and Evolution of Bacterial Cross-Feeding. Front Ecol Evol. 2019;7:153.",NA,15
Fiorenza&Turtle_2021,10.20900/immunometab20210004,75,"Sankaran K, Holmes SP. Multitable Methods for Microbiome Data Integration. Frontiers in Genetics. 2019;10(627). -¬†PMC¬†-¬†PubMed",NA,15
Fiorenza&Turtle_2021,10.20900/immunometab20210004,81,"Stein-Thoeringer CK, Nichols KB, Lazrak A, Docampo MD, Slingerland AE, Slingerland JB, et al. Lactose drives Enterococcus expansion to promote graft-versus-host disease. Science. 2019;366(6469):1143‚Äì9. -¬†PMC¬†-¬†PubMed",NA,15
Fiorenza&Turtle_2021,10.20900/immunometab20210004,101,"Wang B, Wu Y, Liu R, Xu H, Mei X, Shang Q, et al. Lactobacillus rhamnosus GG promotes Ml polarization in murine bone marrow-derived macrophages by activating TLR2/MyD88/MAPK signaling pathway. Anim Sci J. 2020;91(1):e13439. -¬†PubMed",NA,15
Fiorenza&Turtle_2021,10.20900/immunometab20210004,102,"Seno K, Yasunaga M, Kajiya H, Izaki-Hagio K, Morita H, Yoneda M, et al. Dynamics of M1 macrophages in oral mucosal lesions during the development of acute graft-versus-host disease in rats. Clin Exp Immunol. 2017;190(3):315‚Äì27. -¬†PMC¬†-¬†PubMed",NA,15
Chang_2021,10.1080/14712598.2021.1872541,2,"Zeiser R, Blazar BR. Acute Graft-versus-Host Disease - Biologic Process, Prevention, and Therapy. N Engl J Med. 2017November30;377(22):2167‚Äì2179. -¬†PMC¬†-¬†PubMed",NA,72
Chang_2021,10.1080/14712598.2021.1872541,3,"Copelan EA, Chojecki A, Lazarus HM, et al. Allogeneic hematopoietic cell transplantation; the current renaissance. Blood Rev. 2019March;34:34‚Äì44. -¬†PubMed",NA,72
Chang_2021,10.1080/14712598.2021.1872541,5,"Ivanov II, Honda K. Intestinal commensal microbes as immune modulators. Cell Host Microbe. 2012October18;12(4):496‚Äì508. -¬†PMC¬†-¬†PubMed",NA,72
Chang_2021,10.1080/14712598.2021.1872541,6,"Hooper LV, Littman DR, Macpherson AJ. Interactions between the microbiota and the immune system. Science. 2012June8;336(6086):1268‚Äì73. -¬†PMC¬†-¬†PubMed",NA,72
Chang_2021,10.1080/14712598.2021.1872541,8,Brussow H. Problems with the concept of gut microbiota dysbiosis. Microb Biotechnol. 2020March;13(2):423‚Äì434. -¬†PMC¬†-¬†PubMed,NA,72
Chang_2021,10.1080/14712598.2021.1872541,9,"Michonneau D, Latis E, Curis E, et al. Metabolomics analysis of human acute graft-versus-host disease reveals changes in host and microbiota-derived metabolites. Nat Commun. 2019December13;10(1):5695. -¬†PMC¬†-¬†PubMed",NA,72
Chang_2021,10.1080/14712598.2021.1872541,11,Paczesny S. Biomarkers for posttransplantation outcomes. Blood. 2018May17;131(20):2193‚Äì2204. -¬†PMC¬†-¬†PubMed,NA,72
Chang_2021,10.1080/14712598.2021.1872541,12,"Maier E, Anderson RC, Roy NC. Understanding how commensal obligate anaerobic bacteria regulate immune functions in the large intestine. Nutrients. 2014December24;7(1):45‚Äì73. -¬†PMC¬†-¬†PubMed",NA,72
Chang_2021,10.1080/14712598.2021.1872541,14,"Shono Y, Docampo MD, Peled JU, et al. Intestinal microbiota-related effects on graft-versus-host disease. Int J Hematol. 2015May;101(5):428‚Äì37. -¬†PMC¬†-¬†PubMed",NA,72
Chang_2021,10.1080/14712598.2021.1872541,15,"Lozupone CA, Knight R. Species divergence and the measurement of microbial diversity. FEMS Microbiol Rev. 2008July;32(4):557‚Äì78. -¬†PMC¬†-¬†PubMed",NA,72
Chang_2021,10.1080/14712598.2021.1872541,16,"Taur Y, Jenq RR, Perales MA, et al. The effects of intestinal tract bacterial diversity on mortality following allogeneic hematopoietic stem cell transplantation. Blood. 2014August14;124(7):1174‚Äì82. -¬†PMC¬†-¬†PubMed",NA,72
Chang_2021,10.1080/14712598.2021.1872541,17,"Jenq RR, Taur Y, Devlin SM, et al. Intestinal Blautia Is Associated with Reduced Death from Graft-versus-Host Disease. Biol Blood Marrow Transplant. 2015August;21(8):1373‚Äì83. -¬†PMC¬†-¬†PubMed",NA,72
Chang_2021,10.1080/14712598.2021.1872541,18,"Peled JU, Gomes ALC, Devlin SM, et al. Microbiota as Predictor of Mortality in Allogeneic Hematopoietic-Cell Transplantation. N Engl J Med. 2020February27;382(9):822‚Äì834. -¬†PMC¬†-¬†PubMed",NA,72
Chang_2021,10.1080/14712598.2021.1872541,21,"Peterson LW, Artis D. Intestinal epithelial cells: regulators of barrier function and immune homeostasis. Nat Rev Immunol. 2014March;14(3):141‚Äì53. -¬†PubMed",NA,72
Chang_2021,10.1080/14712598.2021.1872541,22,"Bevins CL, Salzman NH. Paneth cells, antimicrobial peptides and maintenance of intestinal homeostasis. Nat Rev Microbiol. 2011May;9(5):356‚Äì68. -¬†PubMed",NA,72
Chang_2021,10.1080/14712598.2021.1872541,24,"Eriguchi Y, Takashima S, Oka H, et al. Graft-versus-host disease disrupts intestinal microbial ecology by inhibiting Paneth cell production of alpha-defensins. Blood. 2012July5;120(1):223‚Äì31. -¬†PubMed",NA,72
Chang_2021,10.1080/14712598.2021.1872541,28,"Farowski F, Bucker V, Vehreschild JJ, et al. Impact of choice, timing, sequence and combination of broad-spectrum antibiotics on the outcome of allogeneic haematopoietic stem cell transplantation. Bone Marrow Transplant. 2018January;53(1):52‚Äì57. -¬†PubMed",NA,72
Chang_2021,10.1080/14712598.2021.1872541,29,"Hidaka D, Hayase E, Shiratori S, et al. The association between the incidence of intestinal graft-vs-host disease and antibiotic use after allogeneic hematopoietic stem cell transplantation. Clin Transplant. 2018September;32(9):e13361. -¬†PubMed",NA,72
Chang_2021,10.1080/14712598.2021.1872541,30,"Weber D, Jenq RR, Peled JU, et al. Microbiota Disruption Induced by Early Use of Broad-Spectrum Antibiotics Is an Independent Risk Factor of Outcome after Allogeneic Stem Cell Transplantation. Biol Blood Marrow Transplant. 2017May;23(5):845‚Äì852. -¬†PMC¬†-¬†PubMed",NA,72
Chang_2021,10.1080/14712598.2021.1872541,31,"Stein-Thoeringer CK, Nichols KB, Lazrak A, et al. Lactose drives Enterococcus expansion to promote graft-versus-host disease. Science. 2019November29;366(6469):1143‚Äì1149. -¬†PMC¬†-¬†PubMed",NA,72
Chang_2021,10.1080/14712598.2021.1872541,32,"van Bekkum DW, Roodenburg J, Heidt PJ, et al. Mitigation of secondary disease of allogeneic mouse radiation chimeras by modification of the intestinal microflora. J Natl Cancer Inst. 1974February;52(2):401‚Äì4. -¬†PubMed",NA,72
Chang_2021,10.1080/14712598.2021.1872541,33,"Jones JM, Wilson R, Bealmear PM. Mortality and gross pathology of secondary disease in germfree mouse radiation chimeras. Radiat Res. 1971March;45(3):577‚Äì88. -¬†PubMed",NA,72
Chang_2021,10.1080/14712598.2021.1872541,35,"Weber D, Oefner PJ, Dettmer K, et al. Rifaximin preserves intestinal microbiota balance in patients undergoing allogeneic stem cell transplantation. Bone Marrow Transplant. 2016August;51(8):1087‚Äì92. -¬†PubMed",NA,72
Chang_2021,10.1080/14712598.2021.1872541,38,"Shono Y, van den Brink MRM. Gut microbiota injury in allogeneic haematopoietic stem cell transplantation. Nat Rev Cancer. 2018May;18(5):283‚Äì295. -¬†PMC¬†-¬†PubMed",NA,72
Chang_2021,10.1080/14712598.2021.1872541,40,"Montassier E, Batard E, Massart S, et al. 16S rRNA gene pyrosequencing reveals shift in patient faecal microbiota during high-dose chemotherapy as conditioning regimen for bone marrow transplantation. Microb Ecol. 2014April;67(3):690‚Äì9. -¬†PubMed",NA,72
Chang_2021,10.1080/14712598.2021.1872541,42,"Taur Y, Xavier JB, Lipuma L, et al. Intestinal domination and the risk of bacteremia in patients undergoing allogeneic hematopoietic stem cell transplantation. Clin Infect Dis. 2012October;55(7):905‚Äì14. -¬†PMC¬†-¬†PubMed",NA,72
Chang_2021,10.1080/14712598.2021.1872541,43,"Harris B, Morjaria SM, Littmann ER, et al. Gut Microbiota Predict Pulmonary Infiltrates after Allogeneic Hematopoietic Cell Transplantation. Am J Respir Crit Care Med. 2016August15;194(4):450‚Äì63. -¬†PMC¬†-¬†PubMed",NA,72
Chang_2021,10.1080/14712598.2021.1872541,44,"Lim DH, Lee J, Lee HG, et al. Pulmonary complications after hematopoietic stem cell transplantation. J Korean Med Sci. 2006June;21(3):406‚Äì11. -¬†PMC¬†-¬†PubMed",NA,72
Chang_2021,10.1080/14712598.2021.1872541,45,"Ingham AC, Kielsen K, Cilieborg MS, et al. Specific gut microbiome members are associated with distinct immune markers in pediatric allogeneic hematopoietic stem cell transplantation. Microbiome. 2019September13;7(1):131. -¬†PMC¬†-¬†PubMed",NA,72
Chang_2021,10.1080/14712598.2021.1872541,46,"Peled JU, Devlin SM, Staffas A, et al. Intestinal Microbiota and Relapse After Hematopoietic-Cell Transplantation. J Clin Oncol. 2017May20;35(15):1650‚Äì1659. -¬†PMC¬†-¬†PubMed",NA,72
Chang_2021,10.1080/14712598.2021.1872541,47,"Tanoue T, Morita S, Plichta DR, et al. A defined commensal consortium elicits CD8 T cells and anti-cancer immunity. Nature. 2019January;565(7741):600‚Äì605. -¬†PubMed",NA,72
Chang_2021,10.1080/14712598.2021.1872541,48,"Ivanov II, Atarashi K, Manel N, et al. Induction of intestinal Th17 cells by segmented filamentous bacteria. Cell. 2009October30;139(3):485‚Äì98. -¬†PMC¬†-¬†PubMed",NA,72
Chang_2021,10.1080/14712598.2021.1872541,49,"Hegazy AN, West NR, Stubbington MJT, et al. Circulating and Tissue-Resident CD4(+) T Cells With Reactivity to Intestinal Microbiota Are Abundant in Healthy Individuals and Function Is Altered During Inflammation. Gastroenterology. 2017November;153(5):1320‚Äì1337 e16. -¬†PMC¬†-¬†PubMed",NA,72
Chang_2021,10.1080/14712598.2021.1872541,51,"Ratajczak P, Janin A, Peffault de Latour R, et al. Th17/Treg ratio in human graft-versus-host disease. Blood. 2010August19;116(7):1165‚Äì71. -¬†PMC¬†-¬†PubMed",NA,72
Chang_2021,10.1080/14712598.2021.1872541,54,"Van den Abbeele P, Belzer C, Goossens M, et al. Butyrate-producing Clostridium cluster XIVa species specifically colonize mucins in an in vitro gut model. ISME J. 2013May;7(5):949‚Äì61. -¬†PMC¬†-¬†PubMed",NA,72
Chang_2021,10.1080/14712598.2021.1872541,57,"Mathewson ND, Jenq R, Mathew AV, et al. Gut microbiome-derived metabolites modulate intestinal epithelial cell damage and mitigate graft-versus-host disease. Nat Immunol. 2016May;17(5):505‚Äì513. -¬†PMC¬†-¬†PubMed",NA,72
Chang_2021,10.1080/14712598.2021.1872541,60,"Arpaia N, Campbell C, Fan X, et al. Metabolites produced by commensal bacteria promote peripheral regulatory T-cell generation. Nature. 2013December19;504(7480):451‚Äì5. -¬†PMC¬†-¬†PubMed",NA,72
Chang_2021,10.1080/14712598.2021.1872541,61,"Berni Canani R, Sangwan N, Stefka AT, et al. Lactobacillus rhamnosus GG-supplemented formula expands butyrate-producing bacterial strains in food allergic infants. ISME J. 2016March;10(3):742‚Äì50. -¬†PMC¬†-¬†PubMed",NA,72
Chang_2021,10.1080/14712598.2021.1872541,63,Smith T. A Modification of the Method for Determining the Production of Indol by Bacteria. J Exp Med. 1897September1;2(5):543‚Äì7. -¬†PMC¬†-¬†PubMed,NA,72
Chang_2021,10.1080/14712598.2021.1872541,65,"Wong AC, Levy M. New Approaches to Microbiome-Based Therapies. mSystems. 2019June4;4(3). -¬†PMC¬†-¬†PubMed",NA,72
Chang_2021,10.1080/14712598.2021.1872541,66,"Seguy D, Duhamel A, Rejeb MB, et al. Better outcome of patients undergoing enteral tube feeding after myeloablative conditioning for allogeneic stem cell transplantation. Transplantation. 2012August15;94(3):287‚Äì94. -¬†PubMed",NA,72
Chang_2021,10.1080/14712598.2021.1872541,67,"D‚ÄôAmico F, Biagi E, Rampelli S, et al. Enteral Nutrition in Pediatric Patients Undergoing Hematopoietic SCT Promotes the Recovery of Gut Microbiome Homeostasis. Nutrients. 2019December4;11(12). -¬†PMC¬†-¬†PubMed",NA,72
Chang_2021,10.1080/14712598.2021.1872541,68,"Andersen S, Staudacher H, Weber N, et al. Pilot study investigating the effect of enteral and parenteral nutrition on the gastrointestinal microbiome post-allogeneic transplantation. Br J Haematol. 2020February;188(4):570‚Äì581. -¬†PubMed",NA,72
Chang_2021,10.1080/14712598.2021.1872541,71,"Gorshein E, Wei C, Ambrosy S, et al. Lactobacillus rhamnosus GG probiotic enteric regimen does not appreciably alter the gut microbiome or provide protection against GVHD after allogeneic hematopoietic stem cell transplantation. Clin Transplant. 2017May;31(5). -¬†PubMed",NA,72
Chang_2021,10.1080/14712598.2021.1872541,72,"Ladas EJ, Bhatia M, Chen L, et al. The safety and feasibility of probiotics in children and adolescents undergoing hematopoietic cell transplantation. Bone Marrow Transplant. 2016February;51(2):262‚Äì6. -¬†PubMed",NA,72
Chang_2021,10.1080/14712598.2021.1872541,73,Fiber Slavin J. and prebiotics: mechanisms and health benefits. Nutrients. 2013April22;5(4):1417‚Äì35. -¬†PMC¬†-¬†PubMed,NA,72
Chang_2021,10.1080/14712598.2021.1872541,74,"Dhingra D, Michael M, Rajput H, et al. Dietary fibre in foods: a review. J Food Sci Technol. 2012June;49(3):255‚Äì66. -¬†PMC¬†-¬†PubMed",NA,72
Chang_2021,10.1080/14712598.2021.1872541,75,Holscher HD. Dietary fiber and prebiotics and the gastrointestinal microbiota. Gut Microbes. 2017March4;8(2):172‚Äì184. -¬†PMC¬†-¬†PubMed,NA,72
Chang_2021,10.1080/14712598.2021.1872541,76,"Iida N, Dzutsev A, Stewart CA, et al. Commensal bacteria control cancer response to therapy by modulating the tumor microenvironment. Science. 2013November22;342(6161):967‚Äì70. -¬†PMC¬†-¬†PubMed",NA,72
Chang_2021,10.1080/14712598.2021.1872541,78,"Borody TJ, Khoruts A. Fecal microbiota transplantation and emerging applications. Nat Rev Gastroenterol Hepatol. 2011December20;9(2):88‚Äì96. -¬†PubMed",NA,72
Chang_2021,10.1080/14712598.2021.1872541,79,"van Nood E, Vrieze A, Nieuwdorp M, et al. Duodenal infusion of donor feces for recurrent Clostridium difficile. N Engl J Med. 2013January31;368(5):407‚Äì15. -¬†PubMed",NA,72
Chang_2021,10.1080/14712598.2021.1872541,80,"Stange EF, Schroeder BO, Microbiota and mucosal defense in IBD: an update. Expert Rev Gastroenterol Hepatol. 2019Oct;13(10):963‚Äì976. -¬†PubMed",NA,72
Chang_2021,10.1080/14712598.2021.1872541,81,"Webb BJ, Brunner A, Ford CD, et al. Fecal microbiota transplantation for recurrent Clostridium difficile infection in hematopoietic stem cell transplant recipients. Transpl Infect Dis. 2016August;18(4):628‚Äì33. -¬†PubMed",NA,72
Chang_2021,10.1080/14712598.2021.1872541,84,"Spindelboeck W, Schulz E, Uhl B, et al. Repeated fecal microbiota transplantations attenuate diarrhea and lead to sustained changes in the fecal microbiota in acute, refractory gastrointestinal graft-versus-host-disease. Haematologica. 2017May;102(5):e210‚Äìe213. -¬†PMC¬†-¬†PubMed",NA,72
Chang_2021,10.1080/14712598.2021.1872541,89,"DeFilipp Z, Peled JU, Li S, et al. Third-party fecal microbiota transplantation following allo-HCT reconstitutes microbiome diversity. Blood Adv. 2018April10;2(7):745‚Äì753. -¬†PMC¬†-¬†PubMed",NA,72
Chang_2021,10.1080/14712598.2021.1872541,90,"Taur Y, Coyte K, Schluter J, et al. Reconstitution of the gut microbiota of antibiotic-treated patients by autologous fecal microbiota transplant. Sci Transl Med. 2018September26;10(460). -¬†PMC¬†-¬†PubMed",NA,72
Chang_2021,10.1080/14712598.2021.1872541,91,"DeFilipp Z, Bloom PP, Torres Soto M, et al. Drug-Resistant E. coli Bacteremia Transmitted by Fecal Microbiota Transplant. N Engl J Med. 2019November21;381(21):2043‚Äì2050. -¬†PubMed",NA,72
Chang_2021,10.1080/14712598.2021.1872541,93,"Oku S, Takeshita T, Futatsuki T, et al. Disrupted tongue microbiota and detection of nonindigenous bacteria on the day of allogeneic hematopoietic stem cell transplantation. PLoS Pathog. 2020March;16(3):e1008348. -¬†PMC¬†-¬†PubMed",NA,72
Chang_2021,10.1080/14712598.2021.1872541,94,"Shouval R, Eshel A, Dubovski B, et al. Patterns of salivary microbiota injury and oral mucositis in recipients of allogeneic hematopoietic stem cell transplantation. Blood Adv. 2020July14;4(13):2912‚Äì2917. -¬†PMC¬†-¬†PubMed",NA,72
Chang_2021,10.1080/14712598.2021.1872541,95,"Levy M, Thaiss CA, Elinav E. Metabolites: messengers between the microbiota and the immune system. Genes Dev. 2016July15;30(14):1589‚Äì97. -¬†PMC¬†-¬†PubMed",NA,72
Chang_2021,10.1080/14712598.2021.1872541,96,"Masetti R, Zama D, Leardini D, et al. The gut microbiome in pediatric patients undergoing allogeneic hematopoietic stem cell transplantation. Pediatr Blood Cancer. 2020December;67(12):e28711. -¬†PubMed",NA,72
Chang_2021,10.1080/14712598.2021.1872541,97,"Backhed F, Ley RE, Sonnenburg JL, et al. Host-bacterial mutualism in the human intestine. Science. 2005March25;307(5717):1915‚Äì20. -¬†PubMed",NA,72
Chang_2021,10.1080/14712598.2021.1872541,98,"McDermott AJ, Huffnagle GB. The microbiome and regulation of mucosal immunity. Immunology. 2014May;142(1):24‚Äì31. -¬†PMC¬†-¬†PubMed",NA,72
Chang_2021,10.1080/14712598.2021.1872541,99,"Smith PM, Howitt MR, Panikov N, et al. The microbial metabolites, short-chain fatty acids, regulate colonic Treg cell homeostasis. Science. 2013August2;341(6145):569‚Äì73. -¬†PMC¬†-¬†PubMed",NA,72
Chang_2021,10.1080/14712598.2021.1872541,102,"Zheng Y, Valdez PA, Danilenko DM, et al. Interleukin-22 mediates early host defense against attaching and effacing bacterial pathogens. Nat Med. 2008March;14(3):282‚Äì9. -¬†PubMed",NA,72
Chang_2021,10.1080/14712598.2021.1872541,104,"David LA, Maurice CF, Carmody RN, et al. Diet rapidly and reproducibly alters the human gut microbiome. Nature. 2014January23;505(7484):559‚Äì63. -¬†PMC¬†-¬†PubMed",NA,72
Chang_2021,10.1080/14712598.2021.1872541,105,"Clarke SF, Murphy EF, Nilaweera K, et al. The gut microbiota and its relationship to diet and obesity: new insights. Gut Microbes. 2012May-Jun;3(3):186‚Äì202. -¬†PMC¬†-¬†PubMed",NA,72
Chang_2021,10.1080/14712598.2021.1872541,106,"Singh RK, Chang HW, Yan D, et al. Influence of diet on the gut microbiome and implications for human health. J Transl Med. 2017April8;15(1):73. -¬†PMC¬†-¬†PubMed",NA,72
Chang_2021,10.1080/14712598.2021.1872541,107,"Thompson LR, Sanders JG, McDonald D, et al. A communal catalogue reveals Earth‚Äôs multiscale microbial diversity. Nature. 2017November23;551(7681):457‚Äì463. -¬†PMC¬†-¬†PubMed",NA,72
Chang_2021,10.1080/14712598.2021.1872541,108,"Caporaso JG, Lauber CL, Walters WA, et al. Ultra-high-throughput microbial community analysis on the Illumina HiSeq and MiSeq platforms. ISME J. 2012August;6(8):1621‚Äì4. -¬†PMC¬†-¬†PubMed",NA,72
Chang_2021,10.1080/14712598.2021.1872541,109,"Kuczynski J, Stombaugh J, Walters WA, et al. Using QIIME to analyze 16S rRNA gene sequences from microbial communities. Curr Protoc Bioinformatics. 2011December;Chapter 10:Unit 10 7. -¬†PMC¬†-¬†PubMed",NA,72
Chang_2021,10.1080/14712598.2021.1872541,111,"Hillmann B, Al-Ghalith GA, Shields-Cutler RR, et al. Evaluating the Information Content of Shallow Shotgun Metagenomics. mSystems. 2018Nov-Dec;3(6). -¬†PMC¬†-¬†PubMed",NA,72
Nguyen_2021,10.1016/j.gde.2020.11.007,1,"D‚Äô Souza A FC, Current uses and outcomes of hematopoietic cell transplantation (HCT): CIBMTR Summary Slides. 2019.",NA,18
Nguyen_2021,10.1016/j.gde.2020.11.007,2,"Ying Taur RRJ, Miguel-Angel Perales, et al. , The effects of intestinal tract bacterial diversity on mortality following allogeneic hematopoietic stem cell transplantation. Blood, 2014. 124(7): p. 1174‚Äì1182. -¬†PMC¬†-¬†PubMed",NA,18
Nguyen_2021,10.1016/j.gde.2020.11.007,3,"Peled JU, et al. , Microbiota as Predictor of Mortality in Allogeneic Hematopoietic-Cell Transplantation. N Engl J Med, 2020. 382(9): p. 822‚Äì834. -¬†PMC¬†-¬†PubMed",NA,18
Nguyen_2021,10.1016/j.gde.2020.11.007,6,"van Bekkum DW, et al. , Mitigation of secondary disease of allogeneic mouse radiation chimeras by modification of the intestinal microflora. J Natl Cancer Inst, 1974. 52(2): p. 401‚Äì4. -¬†PubMed",NA,18
Nguyen_2021,10.1016/j.gde.2020.11.007,9,"Peled JU, et al. , Intestinal Microbiota and Relapse After Hematopoietic-Cell Transplantation. J Clin Oncol, 2017. 35(15): p. 1650‚Äì1659. -¬†PMC¬†-¬†PubMed",NA,18
Nguyen_2021,10.1016/j.gde.2020.11.007,18,"van den Brink MR, Velardi E, and Perales MA, Immune reconstitution following stem cell transplantation. Hematology Am Soc Hematol Educ Program, 2015. 2015: p. 215‚Äì9. -¬†PubMed",NA,18
Nguyen_2021,10.1016/j.gde.2020.11.007,30,"Belkaid Y and Harrison OJ, Homeostatic Immunity and the Microbiota. Immunity, 2017. 46(4): p. 562‚Äì576. -¬†PMC¬†-¬†PubMed",NA,18
Nguyen_2021,10.1016/j.gde.2020.11.007,35,"Hang S, et al. , Bile acid metabolites control TH17 and Treg cell differentiation. Nature, 2019. 576(7785): p. 143‚Äì148. -¬†PMC¬†-¬†PubMed",NA,18
Nguyen_2021,10.1016/j.gde.2020.11.007,46,"Fan D, et al. , Activation of HIF-1alpha and LL-37 by commensal bacteria inhibits Candida albicans colonization. Nat Med, 2015. 21(7): p. 808‚Äì14. -¬†PMC¬†-¬†PubMed",NA,18
Nguyen_2021,10.1016/j.gde.2020.11.007,55,"Haak BW, et al. , Impact of gut colonization with butyrate-producing microbiota on respiratory viral infection following allo-HCT. Blood, 2018. 131(26): p. 2978‚Äì2986. -¬†PMC¬†-¬†PubMed",NA,18
Nguyen_2021,10.1016/j.gde.2020.11.007,58,"Schluter J, et al. , The gut microbiota influences circulatory immune cell dynamics in humans. bioRxiv, 2020. 10.1101/618256. -¬†DOI",NA,18
Nguyen_2021,10.1016/j.gde.2020.11.007,68,"Stein-Thoeringer CK, et al. , Lactose drives Enterococcus expansion to promote graft-versus-host disease. Science, 2019. 366(6469): p. 1143‚Äì1149. -¬†PMC¬†-¬†PubMed",NA,18
Nguyen_2021,10.1016/j.gde.2020.11.007,74,"Mathewson ND, et al. , Gut microbiome-derived metabolites modulate intestinal epithelial cell damage and mitigate graft-versus-host disease. Nat Immunol, 2016. 17(5): p. 505‚Äì513. -¬†PMC¬†-¬†PubMed",NA,18
Nguyen_2021,10.1016/j.gde.2020.11.007,79,"Round JL and Mazmanian SK, Inducible Foxp3+ regulatory T-cell development by a commensal bacterium of the intestinal microbiota. Proc Natl Acad Sci U S A, 2010. 107(27): p. 12204‚Äì9. -¬†PMC¬†-¬†PubMed",NA,18
Nguyen_2021,10.1016/j.gde.2020.11.007,82,"Routy B, et al. , Gut microbiome influences efficacy of PD-1-based immunotherapy against epithelial tumors. Science, 2018. 359(6371): p. 91‚Äì97. -¬†PubMed",NA,18
Nguyen_2021,10.1016/j.gde.2020.11.007,83,"Sivan A, et al. , Commensal Bifidobacterium promotes antitumor immunity and facilitates anti-PD-L1 efficacy. Science, 2015. 350(6264): p. 1084‚Äì9. -¬†PMC¬†-¬†PubMed",NA,18
Nguyen_2021,10.1016/j.gde.2020.11.007,84,"Vetizou M, et al. , Anticancer immunotherapy by CTLA-4 blockade relies on the gut microbiota. Science, 2015. 350(6264): p. 1079‚Äì84. -¬†PMC¬†-¬†PubMed",NA,18
Nguyen_2021,10.1016/j.gde.2020.11.007,85,"Gopalakrishnan V, et al. , Gut microbiome modulates response to anti-PD-1 immunotherapy in melanoma patients. Science, 2018. 359(6371): p. 97‚Äì103. -¬†PMC¬†-¬†PubMed",NA,18
vanLier_2021,10.3324/haematol.2020.270835,4,Sonis ST. The pathobiology of mucositis. Nat Rev Cancer. 2004;4(4):277-284. -¬†PubMed,NA,39
vanLier_2021,10.3324/haematol.2020.270835,5,"Bennett JE, Dolin R, Blaser MJ, Mandell GL, Douglas RG. Mandell, Douglas, and Bennett's Principles and Practice of Infectious Diseases. 2015. Eighth edition.",NA,39
vanLier_2021,10.3324/haematol.2020.270835,12,"Turnbaugh PJ, Ley RE, Hamady M, Fraser-Liggett CM, Knight R, Gordon JI. The human microbiome project. Nature. 2007;449(7164):804-810. -¬†PMC¬†-¬†PubMed",NA,39
vanLier_2021,10.3324/haematol.2020.270835,15,"Jackson MA, Verdi S, Maxan ME, et al. Gut microbiota associations with common diseases and prescription medications in a population- based cohort. Nat Commun. 2018;9(1):2655. -¬†PMC¬†-¬†PubMed",NA,39
vanLier_2021,10.3324/haematol.2020.270835,21,"Correa-Oliveira R, Fachi JL, Vieira A, Sato FT, Vinolo MA. Regulation of immune cell function by short-chain fatty acids. Clin Transl Immunology. 2016;5(4):e73. -¬†PMC¬†-¬†PubMed",NA,39
vanLier_2021,10.3324/haematol.2020.270835,22,"Tan J, McKenzie C, Potamitis M, Thorburn AN, Mackay CR, Macia L. The role of shortchain fatty acids in health and disease. Adv Immunol. 2014;121:91-119. -¬†PubMed",NA,39
vanLier_2021,10.3324/haematol.2020.270835,23,Smith T. A modification of the method for determining the production of indol by bacteria. J Exp Med. 1897;2(5):543-547. -¬†PMC¬†-¬†PubMed,NA,39
vanLier_2021,10.3324/haematol.2020.270835,25,"Sun M, Wu W, Chen L, et al. Microbiotaderived short-chain fatty acids promote Th1 cell IL-10 production to maintain intestinal homeostasis. Nat Commun. 2018;9(1):3555. -¬†PMC¬†-¬†PubMed",NA,39
vanLier_2021,10.3324/haematol.2020.270835,26,"Dudakov JA, Hanash AM, van den Brink MR. Interleukin-22: immunobiology and pathology. Annu Rev Immunol. 2015;33: 747-785. -¬†PMC¬†-¬†PubMed",NA,39
vanLier_2021,10.3324/haematol.2020.270835,30,"Peled JU, Gomes ALC, Devlin SM, et al. Microbiota as predictor of mortality in allogeneic hematopoietic-cell transplantation. N Engl J Med. 2020;382(9):822-834. -¬†PMC¬†-¬†PubMed",NA,39
vanLier_2021,10.3324/haematol.2020.270835,39,"Montassier E, Gastinne T, Vangay P, et al. Chemotherapy-driven dysbiosis in the intestinal microbiome. Aliment Pharmacol Ther. 2015;42(5):515-528. -¬†PubMed",NA,39
vanLier_2021,10.3324/haematol.2020.270835,42,"Stein-Thoeringer CK, Nichols KB, Lazrak A, et al. Lactose drives Enterococcus expansion to promote graft-versus-host disease. Science. 2019;366(6469):1143-1149. -¬†PMC¬†-¬†PubMed",NA,39
vanLier_2021,10.3324/haematol.2020.270835,46,"Payen M, Nicolis I, Robin M, et al. Functional and phylogenetic alterations in gut microbiome are linked to graft-versushost disease severity. Blood Adv. 2020;4(9):1824-1832. -¬†PMC¬†-¬†PubMed",NA,39
vanLier_2021,10.3324/haematol.2020.270835,49,"Koyama M, Mukhopadhyay P, Schuster IS, et al. MHC class II antigen presentation by the intestinal epithelium initiates graft-versus- host disease and is influenced by the microbiota. Immunity. 2019;51(5):885-898. -¬†PMC¬†-¬†PubMed",NA,39
vanLier_2021,10.3324/haematol.2020.270835,50,"Eriguchi Y, Takashima S, Oka H, et al. Graftversus- host disease disrupts intestinal microbial ecology by inhibiting Paneth cell production of alpha-defensins. Blood. 2012;120(1):223-231. -¬†PubMed",NA,39
vanLier_2021,10.3324/haematol.2020.270835,51,"Peled JU, Devlin SM, Staffas A, et al. Intestinal microbiota and relapse after hematopoietic-cell transplantation. J Clin Oncol. 2017;35(15):1650-1659. -¬†PMC¬†-¬†PubMed",NA,39
vanLier_2021,10.3324/haematol.2020.270835,53,"Haak BW, Littmann ER, Chaubard JL, et al. Impact of gut colonization with butyrateproducing microbiota on respiratory viral infection following allo-HCT. Blood. 2018;131(26):2978-2986. -¬†PMC¬†-¬†PubMed",NA,39
vanLier_2021,10.3324/haematol.2020.270835,62,"Abt MC, Buffie CG, Susac B, et al. TLR-7 activation enhances IL-22-mediated colonization resistance against vancomycinresistant enterococcus. Sci Transl Med. 2016;8(327):327ra325. -¬†PMC¬†-¬†PubMed",NA,39
vanLier_2021,10.3324/haematol.2020.270835,64,"Earle KA, Billings G, Sigal M, et al. Quantitative imaging of gut microbiota spatial organization. Cell Host Microbe. 2015;18(4):478-488. -¬†PMC¬†-¬†PubMed",NA,39
vanLier_2021,10.3324/haematol.2020.270835,66,"Mathewson ND, Jenq R, Mathew AV, et al. Gut microbiome-derived metabolites modulate intestinal epithelial cell damage and mitigate graft-versus-host disease. Nat Immunol. 2016;17(5):505-513. -¬†PMC¬†-¬†PubMed",NA,39
vanLier_2021,10.3324/haematol.2020.270835,71,"Couturier M, Lamarthee B, Arbez J, et al. IL- 22 deficiency in donor T cells attenuates murine acute graft-versus-host disease mortality while sparing the graft-versusleukemia effect. Leukemia. 2013;27(7):1527-1537. -¬†PubMed",NA,39
vanLier_2021,10.3324/haematol.2020.270835,76,"Hang S, Paik D, Yao L, et al. Bile acid metabolites control TH17 and Treg cell differentiation. Nature. 2019;576(7785):143-148. -¬†PMC¬†-¬†PubMed",NA,39
vanLier_2021,10.3324/haematol.2020.270835,79,"Joshi NM, Hassan S, Jasani P, et al. Bile acid malabsorption in patients with graft-versushost disease of the gastrointestinal tract. Br J Haematol. 2012;157(3):403-407. -¬†PubMed",NA,39
vanLier_2021,10.3324/haematol.2020.270835,81,"Webb BJ, Brunner A, Lewis J, Ford CD, Lopansri BK. Repurposing an old drug for a new epidemic: ursodeoxycholic acid to prevent recurrent Clostridioides difficile infection. Clin Infect Dis. 2019;68(3):498-500. -¬†PubMed",NA,39
vanLier_2021,10.3324/haematol.2020.270835,85,"de Gunzburg J, Ghozlane A, Ducher A, et al. Protection of the human gut microbiome from antibiotics. J Infect Dis. 2018;217(4): 628-636. -¬†PMC¬†-¬†PubMed",NA,39
vanLier_2021,10.3324/haematol.2020.270835,86,"Yoshifuji K, Inamoto K, Kiridoshi Y, et al. Prebiotics protect against acute graft-versushost disease and preserve the gut microbiota in stem cell transplantation. Blood Adv. 2020;4(19):4607-4617. -¬†PMC¬†-¬†PubMed",NA,39
vanLier_2021,10.3324/haematol.2020.270835,90,"Gerbitz A, Schultz M, Wilke A, et al. Probiotic effects on experimental graft-versus- host disease: let them eat yogurt. Blood. 2004;103(11):4365-4367. -¬†PubMed",NA,39
vanLier_2021,10.3324/haematol.2020.270835,94,"Kolodziejczyk AA, Zheng D, Elinav E. Dietmicrobiota interactions and personalized nutrition. Nat Rev Microbiol. 2019;17(12): 742-753. -¬†PubMed",NA,39
vanLier_2021,10.3324/haematol.2020.270835,96,"D'Amico F, Biagi E, Rampelli S, et al. Enteral nutrition in pediatric patients undergoing hematopoietic SCT promotes the recovery of gut microbiome homeostasis. Nutrients. 2019;11(12):2958. -¬†PMC¬†-¬†PubMed",NA,39
vanLier_2021,10.3324/haematol.2020.270835,97,"Andersen S, Staudacher H, Weber N, et al. Pilot study investigating the effect of enteral and parenteral nutrition on the gastrointestinal microbiome post-allogeneic transplantation. Br J Haematol. 2020;188(4):570-581. -¬†PubMed",NA,39
vanLier_2021,10.3324/haematol.2020.270835,101,"Johnson AJ, Vangay P, Al-Ghalith GA, et al. Daily sampling reveals personalized dietmicrobiome associations in humans. Cell Host Microbe. 2019;25(6):789-802. -¬†PubMed",NA,39
vanLier_2021,10.3324/haematol.2020.270835,105,"Ambesh P, Stroud S, Franzova E, et al. Recurrent Lactobacillus bacteremia in a patient with leukemia. J Investig Med High Impact Case Rep. 2017;5(4): 2324709617744233. -¬†PMC¬†-¬†PubMed",NA,39
vanLier_2021,10.3324/haematol.2020.270835,107,"Salminen MK, Rautelin H, Tynkkynen S, et al. Lactobacillus bacteremia, clinical significance, and patient outcome, with special focus on probiotic L. rhamnosus GG. Clin Infect Dis. 2004;38(1):62-69. -¬†PubMed",NA,39
vanLier_2021,10.3324/haematol.2020.270835,109,"Robin F, Paillard C, Marchandin H, Demeocq F, Bonnet R, Hennequin C. Lactobacillus rhamnosus meningitis following recurrent episodes of bacteremia in a child undergoing allogeneic hematopoietic stem cell transplantation. J Clin Microbiol. 2010;48(11):4317-4319. -¬†PMC¬†-¬†PubMed",NA,39
vanLier_2021,10.3324/haematol.2020.270835,113,"Neemann K, Eichele DD, Smith PW, Bociek R, Akhtari M, Freifeld A. Fecal microbiota transplantation for fulminant Clostridium difficile infection in an allogeneic stem cell transplant patient. Transpl Infect Dis. 2012;14(6):E161-165. -¬†PubMed",NA,39
vanLier_2021,10.3324/haematol.2020.270835,116,"Webb BJ, Brunner A, Ford CD, Gazdik MA, Petersen FB, Hoda D. Fecal microbiota transplantation for recurrent Clostridium difficile infection in hematopoietic stem cell transplant recipients. Transpl Infect Dis. 2016;18(4):628-633. -¬†PubMed",NA,39
vanLier_2021,10.3324/haematol.2020.270835,124,"DeFilipp Z, Bloom PP, Torres Soto M, et al. Drug-Resistant E. coli bacteremia transmitted by fecal microbiota transplant. N Engl J Med. 2019;381(21):2043-2050. -¬†PubMed",NA,39
vanLier_2021,10.3324/haematol.2020.270835,130,"Han L, Zhang H, Chen S, et al. Intestinal microbiota can predict acute graft-versushost disease following allogeneic hematopoietic stem cell transplantation. Biol Blood Marrow Transplant. 2019;25(10): 1944-1955. -¬†PubMed",NA,39
vanLier_2021,10.3324/haematol.2020.270835,131,"Kusakabe S, Fukushima K, Maeda T, et al. Pre- and post-serial metagenomic analysis of gut microbiota as a prognostic factor in patients undergoing haematopoietic stem cell transplantation. Br J Haematol. 2020;188(3):438-449. -¬†PubMed",NA,39
Hill_2021,10.1146/annurev-immunol-102119-073227,1,"1.Zeiser R, Blazar BR. 2017. Acute graft-versus-host disease‚Äîbiologic process, prevention, and therapy. N. Engl. J. Med 377:2167‚Äì79¬†[DOI] [PMC free article] [PubMed] [Google Scholar]",NA,111
Hill_2021,10.1146/annurev-immunol-102119-073227,2,"2.Zeiser R, Blazar BR. 2017. Pathophysiology of chronic graft-versus-host disease and therapeutic targets. N. Engl. J. Med 377:2565‚Äì79¬†[DOI] [PubMed] [Google Scholar]",NA,111
Hill_2021,10.1146/annurev-immunol-102119-073227,5,"5.Schroeder MA, DiPersio JF. 2011. Mouse models of graft-versus-host disease: advances and limitations. Dis. Model. Mech 4:318‚Äì33¬†[DOI] [PMC free article] [PubMed] [Google Scholar]",NA,111
Hill_2021,10.1146/annurev-immunol-102119-073227,8,"8.Weizman OE, Adams NM, Schuster IS, Krishna C, Pritykin Y, et al. 2017. ILC1 confer early host protection at initial sites of viral infection. Cell 171:795‚Äì808.e12¬†[DOI] [PMC free article] [PubMed] [Google Scholar]",NA,111
Hill_2021,10.1146/annurev-immunol-102119-073227,12,"12.Anderson BE, McNiff J, Yan J, Doyle H, Mamula M, et al. 2003. Memory CD4+¬†T cells do not induce graft-versus-host disease. J. Clin. Investig 112:101‚Äì8¬†[DOI] [PMC free article] [PubMed] [Google Scholar]",NA,111
Hill_2021,10.1146/annurev-immunol-102119-073227,14,"14.Jordan-Garrote A, Brede C, Riedel SS, Bauerlein CA, Ritz M, et al. 2012. Depletion of host dendritic cells during the effector phase of GVHD enhances acute GVHD and mortality. Biol. Blood Marrow Transplant 18:S329¬†[Google Scholar]",NA,111
Hill_2021,10.1146/annurev-immunol-102119-073227,15,"15.Rowe V, Banovic T, Macdonald KP, Kuns R, Don AL, et al. 2006. Host B cells produce IL-10 following TBI and attenuate acute GVHD after allogeneic bone marrow transplantation. Blood 107:2485‚Äì92¬†[DOI] [PubMed] [Google Scholar]",NA,111
Hill_2021,10.1146/annurev-immunol-102119-073227,17,"17.Hashimoto D, Chow A, Greter M, Saenger Y, Kwan WH, et al. 2011. Pretransplant CSF-1 therapy expands recipient macrophages and ameliorates GVHD after allogeneic hematopoietic cell transplantation. J. Exp. Med 208:1069‚Äì82¬†[DOI] [PMC free article] [PubMed] [Google Scholar]",NA,111
Hill_2021,10.1146/annurev-immunol-102119-073227,19,"19.Gartlan KH, Koyama M, Lineburg KE, Chang K, Ensbey KS, et al. 2019. Donor T-cell-derived GM-CSF drives alloantigen presentation by dendritic cells in the gastrointestinal tract. Blood Adv. 3:2859‚Äì65¬†[DOI] [PMC free article] [PubMed] [Google Scholar]",NA,111
Hill_2021,10.1146/annurev-immunol-102119-073227,20,"20.Jenq RR, Ubeda C, Taur Y, Menezes CC, Khanin R, et al. 2012. Regulation of intestinal inflammation by microbiota following allogeneic bone marrow transplantation. J. Exp. Med 209:903‚Äì11¬†[DOI] [PMC free article] [PubMed] [Google Scholar]",NA,111
Hill_2021,10.1146/annurev-immunol-102119-073227,21,"21.Stein-Thoeringer CK, Nichols KB, Lazrak A, Docampo MD, Slingerland AE, et al. 2019. Lactose drives¬†Enterococcus¬†expansion to promote graft-versus-host disease. Science 366:1143‚Äì49¬†[DOI] [PMC free article] [PubMed] [Google Scholar]",NA,111
Hill_2021,10.1146/annurev-immunol-102119-073227,24,"24.Jenq RR, Taur Y, Devlin SM, Ponce DM, Goldberg JD, et al. 2015. Intestinal¬†Blautia¬†is associated with reduced death from graft-versus-host disease. Biol. Blood Marrow Transplant 21:1373‚Äì83¬†[DOI] [PMC free article] [PubMed] [Google Scholar]",NA,111
Hill_2021,10.1146/annurev-immunol-102119-073227,25,"25.Peled JU, Gomes ALC, Devlin SM, Littmann ER, Taur Y, et al. 2020. Microbiota as predictor of mortality in allogeneic hematopoietic-cell transplantation. N. Engl. J. Med 382:822‚Äì34¬†[DOI] [PMC free article] [PubMed] [Google Scholar]",NA,111
Hill_2021,10.1146/annurev-immunol-102119-073227,26,"26.Taur Y, Coyte K, Schluter J, Robilotti E, Figueroa C, et al. 2018. Reconstitution of the gut microbiota of antibiotic-treated patients by autologous fecal microbiota transplant. Sci. Transl. Med 10:eaap9489¬†[DOI] [PMC free article] [PubMed] [Google Scholar]",NA,111
Hill_2021,10.1146/annurev-immunol-102119-073227,27,"27.Shono Y, van den Brink MRM. 2018. Gut microbiota injury in allogeneic haematopoietic stem cell transplantation. Nat. Rev. Cancer 18:283‚Äì95¬†[DOI] [PMC free article] [PubMed] [Google Scholar]",NA,111
Hill_2021,10.1146/annurev-immunol-102119-073227,30,"30.Toubai T, Mathewson ND, Magenau J, Reddy P. 2016. Danger signals and graft-versus-host disease: current understanding and future perspectives. Front. Immunol 7:539.¬†[DOI] [PMC free article] [PubMed] [Google Scholar]",NA,111
Hill_2021,10.1146/annurev-immunol-102119-073227,31,"31.Purvis HA, Stoop JN, Mann J, Woods S, Kozijn AE, et al. 2010. Low-strength T-cell activation promotes Th17 responses. Blood 116:4829‚Äì37¬†[DOI] [PMC free article] [PubMed] [Google Scholar]",NA,111
Hill_2021,10.1146/annurev-immunol-102119-073227,32,"32.Murphy KM, Reiner SL. 2002. The lineage decisions of helper T cells. Nat. Rev. Immunol 2:933‚Äì44¬†[DOI] [PubMed] [Google Scholar]",NA,111
Hill_2021,10.1146/annurev-immunol-102119-073227,33,"33.Furlan SN, Watkins B, Tkachev V, Flynn R, Cooley S, et al. 2015. Transcriptome analysis of GVHD reveals aurora kinase A as a targetable pathway for disease prevention. Sci. Transl. Med 7:315ra191¬†[DOI] [PMC free article] [PubMed] [Google Scholar]",NA,111
Hill_2021,10.1146/annurev-immunol-102119-073227,36,"36.Takashima S, Martin ML, Jansen SA, Fu Y, Bos J, et al. 2019. T cell-derived interferon-Œ≥ programs stem cell death in immune-mediated intestinal damage. Sci. Immunol 4:eaay8556¬†[DOI] [PMC free article] [PubMed] [Google Scholar]",NA,111
Hill_2021,10.1146/annurev-immunol-102119-073227,37,"37.Jasperson LK, Bucher C, Panoskaltsis-Mortari A, Taylor PA, Mellor AL, et al. 2008. Indoleamine 2,3-dioxygenase is a critical regulator of acute graft-versus-host disease lethality. Blood 111:3257‚Äì65¬†[DOI] [PMC free article] [PubMed] [Google Scholar]",NA,111
Hill_2021,10.1146/annurev-immunol-102119-073227,41,"41.Lin T, Brunner T, Tietz B, Madsen J, Bonfoco E, et al. 1998. Fas ligand- mediated killing by intestinal intraepithelial lymphocytes: participation in intestinal graft-versus-host disease. J. Clin. Investig 101:570‚Äì779449689¬†[Google Scholar]",NA,111
Hill_2021,10.1146/annurev-immunol-102119-073227,45,"45.Carlson MJ, West ML, Coghill JM, Panoskaltsis-Mortari A, Blazar BR, Serody JS. 2009. In vitro-differentiated TH17 cells mediate lethal acute graft-versus-host disease with severe cutaneous and pulmonary pathologic manifestations. Blood 113:1365‚Äì74¬†[DOI] [PMC free article] [PubMed] [Google Scholar]",NA,111
Hill_2021,10.1146/annurev-immunol-102119-073227,48,"48.Varelias A, Gartlan KH, Kreijveld E, Olver S, Lor M, et al. 2015. Lung parenchyma-derived IL-6 promotes IL-17A-dependent acute lung injury after allogeneic stem cell transplantation. Blood 125(15):2435‚Äì44¬†[DOI] [PMC free article] [PubMed] [Google Scholar]",NA,111
Hill_2021,10.1146/annurev-immunol-102119-073227,49,"49.Tugues S, Amorim A, Spath S, Martin-Blondel G, Schreiner B, et al. 2018. Graft-versus-host disease, but not graft-versus-leukemia immunity, is mediated by GM-CSF-licensed myeloid cells. Sci. Transl. Med 10(469):eaat8410¬†[DOI] [PubMed] [Google Scholar]",NA,111
Hill_2021,10.1146/annurev-immunol-102119-073227,54,"54.Pillai AB, George TI, Dutt S, Strober S. 2009. Host natural killer T cells induce an interleukin-4-dependent expansion of donor CD4+CD25+Foxp3+¬†T regulatory cells that protects against graft-versus-host disease. Blood 113:4458‚Äì67¬†[DOI] [PMC free article] [PubMed] [Google Scholar]",NA,111
Hill_2021,10.1146/annurev-immunol-102119-073227,55,"55.Lowsky R, Takahashi T, Liu YP, Dejbakhsh-Jones S, Grumet FC, et al. 2005. Protective conditioning for acute graft-versus-host disease. N. Engl. J. Med 353:1321‚Äì31¬†[DOI] [PubMed] [Google Scholar]",NA,111
Hill_2021,10.1146/annurev-immunol-102119-073227,57,"57.Kjer-Nielsen L, Patel O, Corbett AJ, Le Nours J, Meehan B, et al. 2012. MR1 presents microbial vitamin B metabolites to MAIT cells. Nature 491:717‚Äì23¬†[DOI] [PubMed] [Google Scholar]",NA,111
Hill_2021,10.1146/annurev-immunol-102119-073227,60,"60.Varelias A, Gartlan KH, Wilkinson AN, Olver SD, Samson LD, et al. 2019. Expansion of IL-17A-secreting MAIT cells in peripheral blood following stem cell mobilization. Blood Adv. 3(5):718‚Äì23¬†[DOI] [PMC free article] [PubMed] [Google Scholar]",NA,111
Hill_2021,10.1146/annurev-immunol-102119-073227,61,"61.Bhattacharyya A, Hanafi LA, Sheih A, Golob JL, Srinivasan S, et al. 2018. Graft-derived reconstitution of mucosal-associated invariant T cells after allogeneic hematopoietic cell transplantation. Biol. Blood Marrow Transplant 24:242‚Äì51¬†[DOI] [PMC free article] [PubMed] [Google Scholar]",NA,111
Hill_2021,10.1146/annurev-immunol-102119-073227,62,"62.Nielsen MM, Witherden DA, Havran WL. 2017. Œ≥Œ¥ T cells in homeostasis and host defence of epithelial barrier tissues. Nat. Rev. Immunol 17:733‚Äì45¬†[DOI] [PMC free article] [PubMed] [Google Scholar]",NA,111
Hill_2021,10.1146/annurev-immunol-102119-073227,63,"63.Maeda Y, Reddy P, Lowler KP, Liu C, Bishop DK, Ferrara JL. 2005. Critical role of host Œ≥Œ¥ T cells in experimental acute graft-versus-host disease. Blood 106:749‚Äì55¬†[DOI] [PMC free article] [PubMed] [Google Scholar]",NA,111
Hill_2021,10.1146/annurev-immunol-102119-073227,64,"64.Minculescu L, Marquart HV, Ryder LP, Andersen NS, Schjoedt I, et al. 2019. Improved overall survival, relapse-free-survival, and less graft-versus-host-disease in patients with high immune reconstitution of TCR gamma delta cells 2 months after allogeneic stem cell transplantation. Front. Immunol 10:1997.¬†[DOI] [PMC free article] [PubMed] [Google Scholar]",NA,111
Hill_2021,10.1146/annurev-immunol-102119-073227,65,"65.Minculescu L, Sengelov H. 2015. The role of gamma delta T cells in haematopoietic stem cell transplantation. Scand. J. Immunol 81:459‚Äì68¬†[DOI] [PubMed] [Google Scholar]",NA,111
Hill_2021,10.1146/annurev-immunol-102119-073227,67,"67.Magenau J, Braun T, Gatza E, Churay T, Mazzoli A, et al. 2019. Assessment of individual versus composite endpoints of acute graft-versus-host disease in determining long-term survival after allogeneic transplantation. Biol. Blood Marrow Transplant 25:1682‚Äì88¬†[DOI] [PubMed] [Google Scholar]",NA,111
Hill_2021,10.1146/annurev-immunol-102119-073227,72,72.Mohty M 2007. Mechanisms of action of antithymocyte globulin: T-cell depletion and beyond. Leukemia 21:1387‚Äì94¬†[DOI] [PubMed] [Google Scholar],NA,111
Hill_2021,10.1146/annurev-immunol-102119-073227,73,"73.Kroger N, Solano C, Wolschke C, Bandini G, Patriarca F, et al. 2016. Antilymphocyte globulin for prevention of chronic graft-versus-host disease. N. Engl. J. Med 374:43‚Äì53¬†[DOI] [PubMed] [Google Scholar]",NA,111
Hill_2021,10.1146/annurev-immunol-102119-073227,74,"74.Soiffer RJ, Kim HT, McGuirk J, Horwitz ME, Johnston L, et al. 2017. Prospective, randomized, double-blind, phase III clinical trial of anti-T-lymphocyte globulin to assess impact on chronic graft-versus-host disease-free survival in patients undergoing HLA-matched unrelated myeloablative hematopoietic cell transplantation. J. Clin. Oncol 35:4003‚Äì11¬†[DOI] [PMC free article] [PubMed] [Google Scholar]",NA,111
Hill_2021,10.1146/annurev-immunol-102119-073227,75,"75.Bleakley M, Heimfeld S, Loeb KR, Jones LA, Chaney C, et al. 2015. Outcomes of acute leukemia patients transplanted with naive T cell-depleted stem cell grafts. J. Clin. Investig 125:2677‚Äì89¬†[DOI] [PMC free article] [PubMed] [Google Scholar]",NA,111
Hill_2021,10.1146/annurev-immunol-102119-073227,76,"76.Luznik L, O‚ÄôDonnell PV, Fuchs EJ. 2012. Post-transplantation cyclophosphamide for tolerance induction in HLA-haploidentical bone marrow transplantation. Semin. Oncol 39:683‚Äì93¬†[DOI] [PMC free article] [PubMed] [Google Scholar]",NA,111
Hill_2021,10.1146/annurev-immunol-102119-073227,77,"77.McCurdy SR, Kasamon YL, Kanakry CG, Bolanos-Meade J, Tsai HL, et al. 2017. Comparable composite endpoints after HLA-matched and HLA-haploidentical transplantation with post-transplantation cyclophosphamide. Haematologica 102:391‚Äì400¬†[DOI] [PMC free article] [PubMed] [Google Scholar]",NA,111
Hill_2021,10.1146/annurev-immunol-102119-073227,78,"78.Wachsmuth LP, Patterson MT, Eckhaus MA, Venzon DJ, Gress RE, Kanakry CG. 2019. Post-transplantation cyclophosphamide prevents graft-versus-host disease by inducing alloreactive T cell dysfunction and suppression. J. Clin. Investig 129:2357‚Äì73¬†[DOI] [PMC free article] [PubMed] [Google Scholar]",NA,111
Hill_2021,10.1146/annurev-immunol-102119-073227,80,"80.Toubai T, Hou G, Mathewson N, Liu C, Wang Y, et al. 2014. Siglec-G-CD24 axis controls the severity of graft-versus-host disease in mice. Blood 123:3512‚Äì23¬†[DOI] [PMC free article] [PubMed] [Google Scholar]",NA,111
Hill_2021,10.1146/annurev-immunol-102119-073227,82,"82.Pidala J, Beato F, Kim J, Betts B, Jim H, et al. 2018. In vivo IL-12/IL-23p40 neutralization blocks Th1/Th17 response after allogeneic hematopoietic cell transplantation. Haematologica 103:531‚Äì39¬†[DOI] [PMC free article] [PubMed] [Google Scholar]",NA,111
Hill_2021,10.1146/annurev-immunol-102119-073227,83,"83.Reddy P, Sun Y, Toubai T, Duran-Struuck R, Clouthier SG, et al. 2008. Histone deacetylase inhibition modulates indoleamine 2,3-dioxygenase-dependent DC functions and regulates experimental graft-versus-host disease in mice. J. Clin. Investig 118:2562‚Äì73¬†[DOI] [PMC free article] [PubMed] [Google Scholar]",NA,111
Hill_2021,10.1146/annurev-immunol-102119-073227,85,"85.Mathewson ND, Jenq R, Mathew AV, Koenigsknecht M, Hanash A, et al. 2016. Gut microbiome-derived metabolites modulate intestinal epithelial cell damage and mitigate graft-versus-host disease. Nat. Immunol 17:505‚Äì13¬†[DOI] [PMC free article] [PubMed] [Google Scholar]",NA,111
Hill_2021,10.1146/annurev-immunol-102119-073227,86,"86.Shono Y, van den Brink MRM. 2018. Gut microbiota injury in allogeneic haematopoietic stem cell transplantation. Nat. Rev. Cancer 18:283‚Äì95¬†[DOI] [PMC free article] [PubMed] [Google Scholar]",NA,111
Hill_2021,10.1146/annurev-immunol-102119-073227,88,"88.Zeiser R, von Bubnoff N, Butler J, Mohty M, Niederwieser D, et al. 2020. Ruxolitinib for glucocorticoid-refractory acute graft-versus-host disease. N. Engl. J. Med 382(19):1800‚Äì10¬†[DOI] [PubMed] [Google Scholar]",NA,111
Hill_2021,10.1146/annurev-immunol-102119-073227,89,"89.MacDonald KPA, Betts BC, Couriel D. 2018. Emerging therapeutics for the control of chronic graft-versus-host disease. Biol. Blood Marrow Transplant 24:19‚Äì26¬†[DOI] [PubMed] [Google Scholar]",NA,111
Hill_2021,10.1146/annurev-immunol-102119-073227,92,"92.Lindemans CA, Calafiore M, Mertelsmann AM, O‚ÄôConnor MH, Dudakov JA, et al. 2015. Interleukin-22 promotes intestinal-stem-cell-mediated epithelial regeneration. Nature 528:560‚Äì64¬†[DOI] [PMC free article] [PubMed] [Google Scholar]",NA,111
Hill_2021,10.1146/annurev-immunol-102119-073227,93,93.Martin PJ. 2020. How I treat steroid-refractory acute graft-versus-host disease. Blood 135:1630‚Äì38¬†[DOI] [PubMed] [Google Scholar],NA,111
Hill_2021,10.1146/annurev-immunol-102119-073227,95,"95.Nygaard M, Wichert S, Berlin G, Toss F. 2020. Extracorporeal photopheresis for graft-vs-host disease: a literature review and treatment guidelines proposed by the Nordic ECP Quality Group. Eur. J. Haematol 104:361‚Äì75¬†[DOI] [PubMed] [Google Scholar]",NA,111
Hill_2021,10.1146/annurev-immunol-102119-073227,98,98.Parkman R 1989. Graft-versus-host disease: an alternative hypothesis. Immunol. Today 10:362‚Äì64¬†[DOI] [PubMed] [Google Scholar],NA,111
Hill_2021,10.1146/annurev-immunol-102119-073227,99,"99.Kuzmina Z, Gounden V, Curtis L, Avila D, Taylor T, et al. 2015. Clinical significance of autoantibodies in a large cohort of patients with chronic graft-versus-host disease defined by NIH criteria. Am. J. Hematol 90:114‚Äì19¬†[DOI] [PMC free article] [PubMed] [Google Scholar]",NA,111
Hill_2021,10.1146/annurev-immunol-102119-073227,101,"101.Sakoda Y, Hashimoto D, Asakura S, Takeuchi K, Harada M, et al. 2007. Donor-derived thymic-dependent T cells cause chronic graft-versus-host disease. Blood 109:1756‚Äì64¬†[DOI] [PubMed] [Google Scholar]",NA,111
Hill_2021,10.1146/annurev-immunol-102119-073227,102,"102.Zhao D, Zhang C, Yi T, Lin CL, Todorov I, et al. 2008. In vivo-activated CD103+CD4+¬†regulatory T cells ameliorate ongoing chronic graft-versus-host disease. Blood 112:2129‚Äì38¬†[DOI] [PMC free article] [PubMed] [Google Scholar]",NA,111
Hill_2021,10.1146/annurev-immunol-102119-073227,105,"105.Zhang C, Todorov I, Zhang Z, Liu Y, Kandeel F, et al. 2006. Donor CD4+¬†T and B cells in transplants induce chronic graft-versus-host disease with autoimmune manifestations. Blood 107:2993‚Äì3001¬†[DOI] [PubMed] [Google Scholar]",NA,111
Hill_2021,10.1146/annurev-immunol-102119-073227,110,"110.MacDonald KP, Blazar BR, Hill GR. 2017. Cytokine mediators of chronic graft-versus-host disease. J. Clin. Investig 127:2452‚Äì63¬†[DOI] [PMC free article] [PubMed] [Google Scholar]",NA,111
Hill_2021,10.1146/annurev-immunol-102119-073227,111,"111.Flynn R, Du J, Veenstra RG, Reichenbach DK, Panoskaltsis-Mortari A, et al. 2014. Increased T follicular helper cells and germinal center B cells are required for cGVHD and bronchiolitis obliterans. Blood 123:3988‚Äì98¬†[DOI] [PMC free article] [PubMed] [Google Scholar]",NA,111
Hill_2021,10.1146/annurev-immunol-102119-073227,112,"112.Deng R, Hurtz C, Song Q, Yue C, Xiao G, et al. 2017. Extrafollicular CD4+¬†T-B interactions are sufficient for inducing autoimmune-like chronic graft-versus-host disease. Nat. Commun 8:978.¬†[DOI] [PMC free article] [PubMed] [Google Scholar]",NA,111
Hill_2021,10.1146/annurev-immunol-102119-073227,119,"119.Zorn E, Miklos DB, Floyd BH, Mattes-Ritz A, Guo L, et al. 2004. Minor histocompatibility antigen DBY elicits a coordinated B and T cell response after allogeneic stem cell transplantation. J. Exp. Med 199:1133‚Äì42¬†[DOI] [PMC free article] [PubMed] [Google Scholar]",NA,111
Hill_2021,10.1146/annurev-immunol-102119-073227,123,"123.Wu Y, Schutt S, Paz K, Zhang M, Flynn RP, et al. 2018. MicroRNA-17‚Äì92 is required for T-cell and B-cell pathogenicity in chronic graft-versus-host disease in mice. Blood 131:1974‚Äì86¬†[DOI] [PMC free article] [PubMed] [Google Scholar]",NA,111
Hill_2021,10.1146/annurev-immunol-102119-073227,125,"125.Socie G, Ritz J. 2014. Current issues in chronic graft-versus-host disease. Blood 124:374‚Äì84¬†[DOI] [PMC free article] [PubMed] [Google Scholar]",NA,111
Hill_2021,10.1146/annurev-immunol-102119-073227,127,"127.Taylor DK, Mittereder N, Kuta E, Delaney T, Burwell T, et al. 2018. T follicular helper-like cells contribute to skin fibrosis. Sci. Transl. Med 10(431):eaaf5307¬†[DOI] [PubMed] [Google Scholar]",NA,111
Hill_2021,10.1146/annurev-immunol-102119-073227,128,"128.Matsuoka K, Kim HT, McDonough S, Bascug G, Warshauer B, et al. 2010. Altered regulatory T cell homeostasis in patients with CD4+¬†lymphopenia following allogeneic hematopoietic stem cell transplantation. J. Clin. Investig 120:1479‚Äì93¬†[DOI] [PMC free article] [PubMed] [Google Scholar]",NA,111
Hill_2021,10.1146/annurev-immunol-102119-073227,129,"129.Murase K, Kim HT, Bascug OR, Kawano Y, Ryan J, et al. 2014. Increased mitochondrial apoptotic priming of human regulatory T cells after allogeneic hematopoietic stem cell transplantation. Haematologica 99:1499‚Äì508¬†[DOI] [PMC free article] [PubMed] [Google Scholar]",NA,111
Hill_2021,10.1146/annurev-immunol-102119-073227,130,"130.Zeiser R, Sarantopoulos S, Blazar BR. 2018. B-cell targeting in chronic graft-versus-host disease. Blood 131:1399‚Äì405¬†[DOI] [PMC free article] [PubMed] [Google Scholar]",NA,111
Hill_2021,10.1146/annurev-immunol-102119-073227,133,"133.Pai CC, Chen M, Mirsoian A, Grossenbacher SK, Tellez J, et al. 2014. Treatment of chronic graft-versus-host disease with bortezomib. Blood 124:1677‚Äì88¬†[DOI] [PMC free article] [PubMed] [Google Scholar]",NA,111
Hill_2021,10.1146/annurev-immunol-102119-073227,134,"134.Dubovsky JA, Flynn R, Du J, Harrington BK, Zhong Y, et al. 2014. Ibrutinib treatment ameliorates murine chronic graft-versus-host disease. J. Clin. Investig 124:4867‚Äì76¬†[DOI] [PMC free article] [PubMed] [Google Scholar]",NA,111
Hill_2021,10.1146/annurev-immunol-102119-073227,135,"135.Miklos D, Cutler CS, Arora M, Waller EK, Jagasia M, et al. 2017. Ibrutinib for chronic graft-versus-host disease after failure of prior therapy. Blood 130:2243‚Äì50¬†[DOI] [PMC free article] [PubMed] [Google Scholar]",NA,111
Hill_2021,10.1146/annurev-immunol-102119-073227,138,"138.Zeiser R, Burchert A, Lengerke C, Verbeek M, Maas-Bauer K, et al. 2015. Ruxolitinib in corticosteroid-refractory graft-versus-host disease after allogeneic stem cell transplantation: a multicenter survey. Leukemia 29:2062‚Äì68¬†[DOI] [PMC free article] [PubMed] [Google Scholar]",NA,111
Hill_2021,10.1146/annurev-immunol-102119-073227,143,"143.Koreth J, Matsuoka K, Kim HT, McDonough SM, Bindra B, et al. 2011. Interleukin-2 and regulatory T cells in graft-versus-host disease. N. Engl. J. Med 365:2055‚Äì66¬†[DOI] [PMC free article] [PubMed] [Google Scholar]",NA,111
Hill_2021,10.1146/annurev-immunol-102119-073227,145,"145.Hart JW, Shiue LH, Shpall EJ, Alousi AM. 2013. Extracorporeal photopheresis in the treatment of graft-versus-host disease: evidence and opinion. Ther. Adv. Hematol 4:320‚Äì34¬†[DOI] [PMC free article] [PubMed] [Google Scholar]",NA,111
Hill_2021,10.1146/annurev-immunol-102119-073227,148,"148.Krenger W, Hollander GA. 2008. The immunopathology of thymic GVHD. Semin. Immunopathol 30:439‚Äì56¬†[DOI] [PubMed] [Google Scholar]",NA,111
Hill_2021,10.1146/annurev-immunol-102119-073227,149,"149.Simons L, Cavazzana M, Andre I. 2019. Concise Review: Boosting T-cell reconstitution following allogeneic transplantation‚Äîcurrent concepts and future perspectives. Stem Cells Transl. Med 8:650‚Äì57¬†[DOI] [PMC free article] [PubMed] [Google Scholar]",NA,111
Hill_2021,10.1146/annurev-immunol-102119-073227,150,"150.Bunting MD, Varelias A, Souza-Fonseca-Guimaraes F, Schuster IS, Lineburg KE, et al. 2017. GVHD prevents NK-cell-dependent leukemia and virus-specific innate immunity. Blood 129:630‚Äì42¬†[DOI] [PMC free article] [PubMed] [Google Scholar]",NA,111
Hill_2021,10.1146/annurev-immunol-102119-073227,151,"151.Ullrich E, Salzmann-Manrique E, Bakhtiar S, Bremm M, Gerstner S, et al. 2016. Relation between acute GVHD and NK cell subset reconstitution following allogeneic stem cell transplantation. Front. Immunol 7:595.¬†[DOI] [PMC free article] [PubMed] [Google Scholar]",NA,111
Hill_2021,10.1146/annurev-immunol-102119-073227,152,"152.Storek J, Wells D, Dawson MA, Storer B, Maloney DG. 2001. Factors influencing B lymphopoiesis after allogeneic hematopoietic cell transplantation. Blood 98:489‚Äì91¬†[DOI] [PubMed] [Google Scholar]",NA,111
Hill_2021,10.1146/annurev-immunol-102119-073227,153,"153.Martins JP, Andoniou CE, Fleming P, Kuns RD, Schuster IS, et al. 2019. Strain-specific antibody therapy prevents cytomegalovirus reactivation after transplantation. Science 363:288‚Äì93¬†[DOI] [PubMed] [Google Scholar]",NA,111
Hill_2021,10.1146/annurev-immunol-102119-073227,156,"156.Thangavelu G, Blazar BR. 2019. Achievement of tolerance induction to prevent acute graft-versus-host disease. Front. Immunol 10:309.¬†[DOI] [PMC free article] [PubMed] [Google Scholar]",NA,111
Hill_2021,10.1146/annurev-immunol-102119-073227,159,"159.Chaudhry MS, Velardi E, Dudakov JA, van den Brink MR. 2016. Thymus: the next (re)generation. Immunol. Rev 271:56‚Äì71¬†[DOI] [PMC free article] [PubMed] [Google Scholar]",NA,111
Hill_2021,10.1146/annurev-immunol-102119-073227,161,"161.Zhang Y, Louboutin JP, Zhu J, Rivera AJ, Emerson SG. 2002. Preterminal host dendritic cells in irradiated mice prime CD8+¬†T cell-mediated acute graft-versus-host disease. J. Clin. Investig 109:1335‚Äì44¬†[DOI] [PMC free article] [PubMed] [Google Scholar]",NA,111
Hill_2021,10.1146/annurev-immunol-102119-073227,162,"162.Dertschnig S, Evans P, Santos ESP, Manzo T, Ferrer IR, et al. 2020. Graft-versus-host disease reduces lymph node display of tissue-restricted self-antigens and promotes autoimmunity. J. Clin. Investig 130:1896‚Äì911¬†[DOI] [PMC free article] [PubMed] [Google Scholar]",NA,111
Hill_2021,10.1146/annurev-immunol-102119-073227,165,"165.Watkins BK, Tkachev V, Furlan SN, Hunt DJ, Betz K, et al. 2018. CD28 blockade controls T cell activation to prevent graft-versus-host disease in primates. J. Clin. Investig 128:3991‚Äì4007¬†[DOI] [PMC free article] [PubMed] [Google Scholar]",NA,111
Hill_2021,10.1146/annurev-immunol-102119-073227,167,"167.Koura DT, Horan JT, Langston AA, Qayed M, Mehta A, et al. 2013. In vivo T cell costimulation blockade with abatacept for acute graft-versus-host disease prevention: a first-in-disease trial. Biol. Blood Marrow Transplant 19:1638‚Äì49¬†[DOI] [PubMed] [Google Scholar]",NA,111
Hill_2021,10.1146/annurev-immunol-102119-073227,168,"168.Kean LS, Turka LA, Blazar BR. 2017. Advances in targeting co-inhibitory and co-stimulatory pathways in transplantation settings: the Yin to the Yang of cancer immunotherapy. Immunol. Rev 276:192‚Äì212¬†[DOI] [PMC free article] [PubMed] [Google Scholar]",NA,111
Hill_2021,10.1146/annurev-immunol-102119-073227,170,"170.Sakaguchi S, Mikami N, Wing JB, Tanaka A, Ichiyama K, Ohkura N. 2020. Regulatory T cells and human disease. Annu. Rev. Immunol 38:541‚Äì66¬†[DOI] [PubMed] [Google Scholar]",NA,111
Hill_2021,10.1146/annurev-immunol-102119-073227,171,"171.Fu W, Ergun A, Lu T, Hill JA, Haxhinasto S, et al. 2012. A multiply redundant genetic switch ‚Äòlocks in‚Äô the transcriptional signature of regulatory T cells. Nat. Immunol 13:972‚Äì80¬†[DOI] [PMC free article] [PubMed] [Google Scholar]",NA,111
Hill_2021,10.1146/annurev-immunol-102119-073227,177,"177.Bucher C, Koch L, Vogtenhuber C, Goren E, Munger M, et al. 2009. IL-21 blockade reduces graft-versus-host disease mortality by supporting inducible T regulatory cell generation. Blood 114:5375‚Äì84¬†[DOI] [PMC free article] [PubMed] [Google Scholar]",NA,111
Hill_2021,10.1146/annurev-immunol-102119-073227,179,"179.Brunstein CG, Miller JS, McKenna DH, Hippen KL, DeFor TE, et al. 2016. Umbilical cord blood-derived T regulatory cells to prevent GVHD: kinetics, toxicity profile, and clinical effect. Blood 127:1044‚Äì51¬†[DOI] [PMC free article] [PubMed] [Google Scholar]",NA,111
Hill_2021,10.1146/annurev-immunol-102119-073227,180,"180.Martin GH, Gregoire S, Landau DA, Pilon C, Grinberg-Bleyer Y, et al. 2013. In vivo activation of transferred regulatory T cells specific for third-party exogenous antigen controls GVH disease in mice. Eur. J. Immunol 43:2263‚Äì72¬†[DOI] [PMC free article] [PubMed] [Google Scholar]",NA,111
Hill_2021,10.1146/annurev-immunol-102119-073227,181,"181.Nguyen VH, Zeiser R, Dasilva DL, Chang DS, Beilhack A, et al. 2007. In vivo dynamics of regulatory T-cell trafficking and survival predict effective strategies to control graft-versus-host disease following allogeneic transplantation. Blood 109:2649‚Äì56¬†[DOI] [PubMed] [Google Scholar]",NA,111
Hill_2021,10.1146/annurev-immunol-102119-073227,183,"183.Meyer EH, Laport G, Xie BJ, MacDonald K, Heydari K, et al. 2019. Transplantation of donor grafts with defined ratio of conventional and regulatory T cells in HLA-matched recipients. JCI Insight 4(10):e127244.¬†[DOI] [PMC free article] [PubMed] [Google Scholar]",NA,111
Hill_2021,10.1146/annurev-immunol-102119-073227,188,"188.Whitehouse G, Gray E, Mastoridis S, Merritt E, Kodela E, et al. 2017. IL-2 therapy restores regulatory T-cell dysfunction induced by calcineurin inhibitors. PNAS 114:7083‚Äì88¬†[DOI] [PMC free article] [PubMed] [Google Scholar]",NA,111
Hill_2021,10.1146/annurev-immunol-102119-073227,189,"189.Furlan SN, Singh K, Lopez C, Tkachev V, Hunt DJ, et al. 2020. IL-2 enhances ex vivo-expanded regulatory T-cell persistence after adoptive transfer. Blood Adv. 4:1594‚Äì605¬†[DOI] [PMC free article] [PubMed] [Google Scholar]",NA,111
Hill_2021,10.1146/annurev-immunol-102119-073227,191,"191.Tkachev V, Furlan SN, Watkins B, Hunt DJ, Zheng HB, et al. 2017. Combined OX40L and mTOR blockade controls effector T cell activation while preserving Treg reconstitution after transplant. Sci. Transl. Med 9(408):eaan3085¬†[DOI] [PMC free article] [PubMed] [Google Scholar]",NA,111
Hill_2021,10.1146/annurev-immunol-102119-073227,193,"193.Robb RJ, Lineburg KE, Kuns RD, Wilson YA, Raffelt NC, et al. 2012. Identification and expansion of highly suppressive CD8+FoxP3+¬†regulatory T cells after experimental allogeneic bone marrow transplantation. Blood 119:5898‚Äì908¬†[DOI] [PubMed] [Google Scholar]",NA,111
Hill_2021,10.1146/annurev-immunol-102119-073227,194,"194.Heinrichs J, Li J, Nguyen H, Wu Y, Bastian D, et al. 2016. CD8+¬†Tregs promote GVHD prevention and overcome the impaired GVL effect mediated by CD4+¬†Tregs in mice. Oncoimmunology 5:e1146842.¬†[DOI] [PMC free article] [PubMed] [Google Scholar]",NA,111
Hill_2021,10.1146/annurev-immunol-102119-073227,195,"195.Gregori S, Roncarolo MG. 2018. Engineered T regulatory type 1 cells for clinical application. Front. Immunol 9:233.¬†[DOI] [PMC free article] [PubMed] [Google Scholar]",NA,111
Hill_2021,10.1146/annurev-immunol-102119-073227,196,"196.Zhang P, Lee JS, Gartlan KH, Schuster IS, Comerford I, et al. 2017. Eomesodermin promotes the development of type 1 regulatory T (TR1) cells. Sci. Immunol 2(10):eaah7152¬†[DOI] [PMC free article] [PubMed] [Google Scholar]",NA,111
Hill_2021,10.1146/annurev-immunol-102119-073227,198,"198.Alhabbab RY, Nova-Lamperti E, Aravena O, Burton HM, Lechler RI, et al. 2019. Regulatory B cells: development, phenotypes, functions, and role in transplantation. Immunol. Rev 292:164‚Äì79¬†[DOI] [PubMed] [Google Scholar]",NA,111
Hill_2021,10.1146/annurev-immunol-102119-073227,199,"199.Shimabukuro-Vornhagen A, Hallek MJ, Storb RF, von Bergwelt-Baildon MS. 2009. The role of B cells in the pathogenesis of graft-versus-host disease. Blood 114:4919‚Äì27¬†[DOI] [PubMed] [Google Scholar]",NA,111
Hill_2021,10.1146/annurev-immunol-102119-073227,202,"202.Sarvaria A, Basar R, Mehta RS, Shaim H, Muftuoglu M, et al. 2016. IL-10+¬†regulatory B cells are enriched in cord blood and may protect against cGVHD after cord blood transplantation. Blood 128:1346‚Äì61¬†[DOI] [PMC free article] [PubMed] [Google Scholar]",NA,111
Hill_2021,10.1146/annurev-immunol-102119-073227,203,"203.Weber M, Stein P, Prufer S, Rudolph B, Kreft A, et al. 2014. Donor and host B cell-derived IL-10 contributes to suppression of graft-versus-host disease. Eur. J. Immunol 44:1857‚Äì65¬†[DOI] [PubMed] [Google Scholar]",NA,111
Hill_2021,10.1146/annurev-immunol-102119-073227,204,"204.Hu Y, He GL, Zhao XY, Zhao XS, Wang Y, et al. 2017. Regulatory B cells promote graft-versus-host disease prevention and maintain graft-versus-leukemia activity following allogeneic bone marrow transplantation. Oncoimmunology 6:e1284721.¬†[DOI] [PMC free article] [PubMed] [Google Scholar]",NA,111
Hill_2021,10.1146/annurev-immunol-102119-073227,207,"207.Yu H, Tian Y, Wang Y, Mineishi S, Zhang Y. 2019. Dendritic cell regulation of graft-vs.-host disease: immunostimulation and tolerance. Front. Immunol 10:93.¬†[DOI] [PMC free article] [PubMed] [Google Scholar]",NA,111
Hill_2021,10.1146/annurev-immunol-102119-073227,210,"210.Bouchlaka MN, Moffitt AB, Kim J, Kink JA, Bloom DD, et al. 2017. Human mesenchymal stem cell-educated macrophages are a distinct high IL-6-producing subset that confer protection in graft-versus-host-disease and radiation injury models. Biol. Blood Marrow Transplant 23:897‚Äì905¬†[DOI] [PMC free article] [PubMed] [Google Scholar]",NA,111
Hill_2021,10.1146/annurev-immunol-102119-073227,212,212.Gabrilovich DI. 2017. Myeloid-derived suppressor cells. Cancer Immunol. Res 5:3‚Äì8¬†[DOI] [PMC free article] [PubMed] [Google Scholar],NA,111
Hill_2021,10.1146/annurev-immunol-102119-073227,213,"213.Highfill SL, Rodriguez PC, Zhou Q, Goetz CA, Koehn BH, et al. 2010. Bone marrow myeloid-derived suppressor cells (MDSCs) inhibit graft-versus-host disease (GVHD) via an arginase-1-dependent mechanism that is up-regulated by interleukin-13. Blood 116:5738‚Äì47¬†[DOI] [PMC free article] [PubMed] [Google Scholar]",NA,111
Hill_2021,10.1146/annurev-immunol-102119-073227,214,"214.Messmann JJ, Reisser T, Leithauser F, Lutz MB, Debatin KM, Strauss G. 2015. In vitro-generated MDSCs prevent murine GVHD by inducing type 2 T cells without disabling antitumor cytotoxicity. Blood 126:1138‚Äì48¬†[DOI] [PubMed] [Google Scholar]",NA,111
Hill_2021,10.1146/annurev-immunol-102119-073227,215,"215.Vendramin A, Gimondi S, Bermema A, Longoni P, Rizzitano S, et al. 2014. Graft monocytic myeloid-derived suppressor cell content predicts the risk of acute graft-versus-host disease after allogeneic transplantation of granulocyte colony-stimulating factor-mobilized peripheral blood stem cells. Biol. Blood Marrow Transplant 20:2049‚Äì55¬†[DOI] [PubMed] [Google Scholar]",NA,111
Rafei&Jenq_2020,10.1182/blood.2019000950,2,"Turnbaugh PJ, Ley RE, Hamady M, Fraser-Liggett CM, Knight R, Gordon JI. The human microbiome project. Nature. 2007;449(7164):804-810. -¬†PMC¬†-¬†PubMed",NA,29
Rafei&Jenq_2020,10.1182/blood.2019000950,10,"Gonzalez A, Stombaugh J, Lozupone C, Turnbaugh PJ, Gordon JI, Knight R. The mind-body-microbial continuum. Dialogues Clin Neurosci. 2011;13(1):55-62. -¬†PMC¬†-¬†PubMed",NA,29
Rafei&Jenq_2020,10.1182/blood.2019000950,14,"van Bekkum DW, Roodenburg J, Heidt PJ, van der Waaij D. Mitigation of secondary disease of allogeneic mouse radiation chimeras by modification of the intestinal microflora. J Natl Cancer Inst. 1974;52(2):401-404. -¬†PubMed",NA,29
Rafei&Jenq_2020,10.1182/blood.2019000950,19,"Morgan XC, Huttenhower C. Meta‚Äôomic analytic techniques for studying the intestinal microbiome. Gastroenterology. 2014;146(6):1437-1448.e1. -¬†PubMed",NA,29
Rafei&Jenq_2020,10.1182/blood.2019000950,22,"Crawford PA, Gordon JI. Microbial regulation of intestinal radiosensitivity. Proc Natl Acad Sci USA. 2005;102(37):13254-13259. -¬†PMC¬†-¬†PubMed",NA,29
Rafei&Jenq_2020,10.1182/blood.2019000950,32,"Jenq RR, Taur Y, Devlin SM, et al. Intestinal¬†Blautia¬†is associated with reduced death from graft-versus-host disease. Biol Blood Marrow Transplant. 2015;21(8):1373-1383. -¬†PMC¬†-¬†PubMed",NA,29
Rafei&Jenq_2020,10.1182/blood.2019000950,35,"Peled JU, Gomes ALC, Devlin SM, et al. Microbiota as predictor of mortality in allogeneic hematopoietic-cell transplantation. N Engl J Med. 2020;382(9):822-834. -¬†PMC¬†-¬†PubMed",NA,29
Rafei&Jenq_2020,10.1182/blood.2019000950,36,"Kamboj M, Chung D, Seo SK, et al. The changing epidemiology of vancomycin-resistant¬†Enterococcus¬†(VRE) bacteremia in allogeneic hematopoietic stem cell transplant (HSCT) recipients. Biol Blood Marrow Transplant. 2010;16(11):1576-1581. -¬†PMC¬†-¬†PubMed",NA,29
Rafei&Jenq_2020,10.1182/blood.2019000950,39,"van der Velden WJ, Plantinga TS, Feuth T, Donnelly JP, Netea MG, Blijlevens NM. The incidence of acute graft-versus-host disease increases with¬†Candida¬†colonization depending the dectin-1 gene status. Clin Immunol. 2010;136(2):302-306. -¬†PubMed",NA,29
Rafei&Jenq_2020,10.1182/blood.2019000950,40,"van der Velden WJFM, Netea M, de Haan A, Huls G, Donnelly P, Blijlevens NN. Role of the mycobiome in human acute graft-versus-host disease¬†Biol Blood Marrow Transplant. 2019;19(2):329-332. -¬†PubMed",NA,29
Rafei&Jenq_2020,10.1182/blood.2019000950,51,"Stein-Thoeringer CK, Nichols KB, Lazrak A, et al. Lactose drives¬†Enterococcus¬†expansion to promote graft-versus-host disease. Science. 2019;366(6469):1143-1149. -¬†PMC¬†-¬†PubMed",NA,29
Rafei&Jenq_2020,10.1182/blood.2019000950,54,"Song DH, Lee JO. Sensing of microbial molecular patterns by Toll-like receptors. Immunol Rev. 2012;250(1):216-229. -¬†PubMed",NA,29
Rafei&Jenq_2020,10.1182/blood.2019000950,58,"Inohara N, Ogura Y, Chen FF, Muto A, Nu√±ez G. Human Nod1 confers responsiveness to bacterial lipopolysaccharides. J Biol Chem. 2001;276(4):2551-2554. -¬†PubMed",NA,29
Rafei&Jenq_2020,10.1182/blood.2019000950,60,"Pillai S, Netravali IA, Cariappa A, Mattoo H. Siglecs and immune regulation. Annu Rev Immunol. 2012;30(1):357-392. -¬†PMC¬†-¬†PubMed",NA,29
Rafei&Jenq_2020,10.1182/blood.2019000950,77,"Spits H, Artis D, Colonna M, et al. Innate lymphoid cells--a proposal for uniform nomenclature. Nat Rev Immunol. 2013;13(2):145-149. -¬†PubMed",NA,29
Rafei&Jenq_2020,10.1182/blood.2019000950,84,"Luzza F, Parrello T, Monteleone G, et al. Up-regulation of IL-17 is associated with bioactive IL-8 expression in Helicobacter pylori-infected human gastric mucosa. J Immunol. 2000;165(9):5332-5337. -¬†PubMed",NA,29
Rafei&Jenq_2020,10.1182/blood.2019000950,90,"Tajima M, Wakita D, Noguchi D, et al. IL-6-dependent spontaneous proliferation is required for the induction of colitogenic IL-17-producing CD8+ T cells. J Exp Med. 2008;205(5):1019-1027. -¬†PMC¬†-¬†PubMed",NA,29
Rafei&Jenq_2020,10.1182/blood.2019000950,95,Roberfroid MB. Introducing inulin-type fructans. Br J Nutr. 2005;93(suppl 1):S13-S25. -¬†PubMed,NA,29
Rafei&Jenq_2020,10.1182/blood.2019000950,97,"Smith PM, Howitt MR, Panikov N, et al. The microbial metabolites, short-chain fatty acids, regulate colonic Treg cell homeostasis. Science. 2013;341(6145):569-573. -¬†PMC¬†-¬†PubMed",NA,29
Rafei&Jenq_2020,10.1182/blood.2019000950,101,"Childs CE, R√∂yti√∂ H, Alhoniemi E, et al. Xylo-oligosaccharides alone or in synbiotic combination with¬†Bifidobacterium animalis¬†subsp.¬†lactis¬†induce bifidogenesis and modulate markers of immune function in healthy adults: a double-blind, placebo-controlled, randomised, factorial cross-over study. Br J Nutr. 2014;111(11):1945-1956. -¬†PubMed",NA,29
Rafei&Jenq_2020,10.1182/blood.2019000950,104,"Gorshein E, Wei C, Ambrosy S, et al.¬†Lactobacillus rhamnosus¬†GG probiotic enteric regimen does not appreciably alter the gut microbiome or provide protection against GVHD after allogeneic hematopoietic stem cell transplantation. Clin Transplant. 2017;31(5):e12947. -¬†PubMed",NA,29
Rafei&Jenq_2020,10.1182/blood.2019000950,105,"Mehta A, Rangarajan S, Borate U. A cautionary tale for probiotic use in hematopoietic SCT patients-Lactobacillus acidophilus¬†sepsis in a patient with mantle cell lymphoma undergoing hematopoietic SCT. Bone Marrow Transplant. 2013;48(3):461-462. -¬†PubMed",NA,29
Rafei&Jenq_2020,10.1182/blood.2019000950,107,"Sivan A, Corrales L, Hubert N, et al. Commensal¬†Bifidobacterium¬†promotes antitumor immunity and facilitates anti-PD-L1 efficacy. Science. 2015;350(6264):1084-1089. -¬†PMC¬†-¬†PubMed",NA,29
Rafei&Jenq_2020,10.1182/blood.2019000950,108,"Kim SG, Becattini S, Moody TU, et al. Microbiota-derived lantibiotic restores resistance against vancomycin-resistant¬†Enterococcus. Nature. 2019;572(7771):665-669. -¬†PMC¬†-¬†PubMed",NA,29
Rafei&Jenq_2020,10.1182/blood.2019000950,111,"Drekonja D, Reich J, Gezahegn S, et al. Fecal microbiota transplantation for¬†Clostridium difficile¬†infection: a systematic review. Ann Intern Med. 2015;162(9):630-638. -¬†PubMed",NA,29
Rafei&Jenq_2020,10.1182/blood.2019000950,115,"Schwartz M, Gluck M, Koon S. Norovirus gastroenteritis after fecal microbiota transplantation for treatment of¬†Clostridium difficile¬†infection despite asymptomatic donors and lack of sick contacts. Am J Gastroenterol. 2013;108(8):1367. -¬†PubMed",NA,29
Rafei&Jenq_2020,10.1182/blood.2019000950,117,"DeFilipp Z, Bloom PP, Torres Soto M, et al. Drug-resistant¬†E. coli¬†bacteremia transmitted by fecal microbiota transplant. N Engl J Med. 2019;381(21):2043-2050. -¬†PubMed",NA,29
Rafei&Jenq_2020,10.1182/blood.2019000950,118,"Peled JU, Devlin SM, Staffas A, et al. Intestinal microbiota and relapse after hematopoietic-cell transplantation. J Clin Oncol. 2017;35(15):1650-1659. -¬†PMC¬†-¬†PubMed",NA,29
Rafei&Jenq_2020,10.1182/blood.2019000950,120,Integrative HMP (iHMP) Research Network Consortium The Integrative Human Microbiome Project. Nature. 2019;569(7758):641-648. -¬†PMC¬†-¬†PubMed,NA,29
Gooptu&Koreth_2020,10.3324/haematol.2019.240309,1,"1.Zeiser R, Blazar BR. Acute graft-versus-host disease - biologic process, prevention, and therapy. N Engl J Med. 2017;377(22):2167-2179.¬†[DOI] [PMC free article] [PubMed] [Google Scholar]",NA,67
Gooptu&Koreth_2020,10.3324/haematol.2019.240309,2,"2.Antin JH, Ferrara JL. Cytokine dysregulation and acute graft-versus-host disease. Blood. 1992;80(12):2964-2968.¬†[PubMed] [Google Scholar]",NA,67
Gooptu&Koreth_2020,10.3324/haematol.2019.240309,3,"3.Ferrara JLM, Levine JE, Reddy P, Holler E. Graft-versus-host disease. Lancet. 2009;373(9674):1550-1561.¬†[DOI] [PMC free article] [PubMed] [Google Scholar]",NA,67
Gooptu&Koreth_2020,10.3324/haematol.2019.240309,4,"4.Zhang Y, Sandy AR, Wang J, et al. Notch signaling is a critical regulator of allogeneic CD4+ T-cell responses mediating graft-versus- host disease. Blood. 2011;117(1):299-308.¬†[DOI] [PMC free article] [PubMed] [Google Scholar]",NA,67
Gooptu&Koreth_2020,10.3324/haematol.2019.240309,6,"6.Sakaguchi S, Yamaguchi T, Nomura T, Ono M. Regulatory T cells and immune tolerance. Cell. 2008;133(5):775-787.¬†[DOI] [PubMed] [Google Scholar]",NA,67
Gooptu&Koreth_2020,10.3324/haematol.2019.240309,7,"7.Krenger W, Ferrara JLM. Graft-versus-host disease and the Th1/Th2 paradigm. Immunol Res. 1996;15(1):50-73.¬†[DOI] [PubMed] [Google Scholar]",NA,67
Gooptu&Koreth_2020,10.3324/haematol.2019.240309,8,"8.Carlson MJ, West ML, Coghill JM, Panoskaltsis-Mortari A, Blazar BR, Serody JS. In vitro-differentiated TH17 cells mediate lethal acute graft-versus-host disease with severe cutaneous and pulmonary pathologic manifestations. Blood. 2009;113(6):1365-1374.¬†[DOI] [PMC free article] [PubMed] [Google Scholar]",NA,67
Gooptu&Koreth_2020,10.3324/haematol.2019.240309,10,"10.Jagasia M, Arora M, Flowers MED, et al. Risk factors for acute GVHD and survival after hematopoietic cell transplantation. Blood. 2012;119(1):296-307.¬†[DOI] [PMC free article] [PubMed] [Google Scholar]",NA,67
Gooptu&Koreth_2020,10.3324/haematol.2019.240309,11,"11.Couriel DR, Saliba RM, Giralt S, et al. Acute and chronic graft-versus-host disease after ablative and nonmyeloablative conditioning for allogeneic hematopoietic transplantation. Biol Blood Marrow Transplant. 2004;10(3):178-185.¬†[DOI] [PubMed] [Google Scholar]",NA,67
Gooptu&Koreth_2020,10.3324/haematol.2019.240309,14,"14.Wilhelm K, Ganesan J, M√ºller T, et al. Graftversus- host disease is enhanced by extracellular ATP activating P2X7R. Nat Med. 2010;16(12):1434-1438.¬†[DOI] [PubMed] [Google Scholar]",NA,67
Gooptu&Koreth_2020,10.3324/haematol.2019.240309,15,"15.Lee SJ, Klein J, Haagenson M, et al. High-resolution donor-recipient HLA matching contributes to the success of unrelated donor marrow transplantation. Blood. 2007;110(13):4576-4583.¬†[DOI] [PubMed] [Google Scholar]",NA,67
Gooptu&Koreth_2020,10.3324/haematol.2019.240309,17,"17.Bola√±os-Meade J, Reshef R, Fraser R, et al. Three prophylaxis regimens (tacrolimus, mycophenolate mofetil, and cyclophosphamide; tacrolimus, methotrexate, and bortezomib; or tacrolimus, methotrexate, and maraviroc) versus tacrolimus and methotrexate for prevention of graft-versushost disease with haemopoietic cell transplantation with reduced-intensity conditioning: a randomised phase 2 trial with a nonrandomised contemporaneous control group (BMT CTN 1203). Lancet Haematol. 2019;6(3):e132-e143.¬†[DOI] [PMC free article] [PubMed] [Google Scholar]",NA,67
Gooptu&Koreth_2020,10.3324/haematol.2019.240309,18,"18.Nykolyszyn C, Granata A, Pagliardini T, et al. Posttransplantation cyclophosphamide vs. antithymocyte globulin as GVHD prophylaxis for mismatched unrelated hematopoietic stem cell transplantation. Bone Marrow Transplant. 2020;55(2):349-355.¬†[DOI] [PubMed] [Google Scholar]",NA,67
Gooptu&Koreth_2020,10.3324/haematol.2019.240309,20,"20.Anasetti C, Logan BR, Lee SJ, et al. Peripheral-blood stem cells versus bone marrow from unrelated donors. N Engl J Med. 2012;367(16):1487-1496.¬†[DOI] [PMC free article] [PubMed] [Google Scholar]",NA,67
Gooptu&Koreth_2020,10.3324/haematol.2019.240309,22,"22.Nash RA, Antin JH, Karanes C, et al. Phase 3 study comparing methotrexate and tacrolimus with methotrexate and cyclosporine for prophylaxis of acute graftversus- host disease after marrow transplantation from unrelated donors. Blood. 2000;96(6):2062-2068.¬†[PubMed] [Google Scholar]",NA,67
Gooptu&Koreth_2020,10.3324/haematol.2019.240309,23,"23.Ratanatharathorn V, Nash RA, Przepiorka D, et al. Phase III study comparing methotrexate and tacrolimus (prograf, FK506) with methotrexate and cyclosporine for graft-versus- host disease prophylaxis after HLAidentical sibling bone marrow transplantation. Blood. 1998;92(7):2303-2314.¬†[PubMed] [Google Scholar]",NA,67
Gooptu&Koreth_2020,10.3324/haematol.2019.240309,26,"26.Bacigalupo A, Lamparelli T, Barisione G, et al. Thymoglobulin prevents chronic graftversus- host disease, chronic lung dysfunction, and late transplant-related mortality: long-term follow-up of a randomized trial in patients undergoing unrelated donor transplantation. Biol Blood Marrow Transplant. 2006;12(5):560-565.¬†[DOI] [PubMed] [Google Scholar]",NA,67
Gooptu&Koreth_2020,10.3324/haematol.2019.240309,29,"29.Kr√∂ger N, Solano C, Wolschke C, et al. Antilymphocyte globulin for prevention of chronic graft-versus-host disease. N Engl J Med. 2016;374(1):43-53.¬†[DOI] [PubMed] [Google Scholar]",NA,67
Gooptu&Koreth_2020,10.3324/haematol.2019.240309,30,"30.Soiffer RJ, Kim HT, McGuirk J, et al. Prospective, randomized, double-blind, phase III clinical trial of anti‚ÄìT-lymphocyte globulin to assess impact on chronic graftversus- host disease‚Äìfree survival in patients undergoing HLA-matched unrelated myeloablative hematopoietic cell transplantation. J Clin Oncol. 2017;35(36):4003-4011.¬†[DOI] [PMC free article] [PubMed] [Google Scholar]",NA,67
Gooptu&Koreth_2020,10.3324/haematol.2019.240309,31,"31.Podgorny PJ, Ugarte-Torres A, Liu Y, Williamson TS, Russell JA, Storek J. High rabbit-antihuman thymocyte globulin levels are associated with low likelihood of graftvs- host disease and high likelihood of posttransplant lymphoproliferative disorder. Biol Blood Marrow Transplant. 2010;16(7):915-926.¬†[DOI] [PubMed] [Google Scholar]",NA,67
Gooptu&Koreth_2020,10.3324/haematol.2019.240309,33,"33.Luznik L, O‚ÄôDonnell PV, Symons HJ, et al. HLA-haploidentical bone marrow transplantation for hematologic malignancies using nonmyeloablative conditioning and highdose, posttransplantation cyclophosphamide. Biol Blood Marrow Transplant. 2008;14(6):641-650.¬†[DOI] [PMC free article] [PubMed] [Google Scholar]",NA,67
Gooptu&Koreth_2020,10.3324/haematol.2019.240309,36,"36.Slavik JM, Lim DG, Burakoff SJ, Hafler DA. Uncoupling p70(s6) kinase activation and proliferation: rapamycin-resistant proliferation of human CD8(+) T lymphocytes. J Immunol. 2001;166(5):3201-3209.¬†[DOI] [PubMed] [Google Scholar]",NA,67
Gooptu&Koreth_2020,10.3324/haematol.2019.240309,39,"39.Armand P, Kim HT, Sainvil M-M, et al. The addition of sirolimus to the graft-versus-host disease prophylaxis regimen in reduced intensity allogeneic stem cell transplantation for lymphoma: a multicentre randomized trial. Br J Haematol. 2016;173(1):96-104.¬†[DOI] [PMC free article] [PubMed] [Google Scholar]",NA,67
Gooptu&Koreth_2020,10.3324/haematol.2019.240309,42,"42.Cutler C, Stevenson K, Kim HT, et al. Sirolimus is associated with veno-occlusive disease of the liver after myeloablative allogeneic stem cell transplantation. Blood. 2008;112(12):4425-4431.¬†[DOI] [PMC free article] [PubMed] [Google Scholar]",NA,67
Gooptu&Koreth_2020,10.3324/haematol.2019.240309,44,"44.Solomon SR, Sanacore M, Zhang X, et al. Calcineurin inhibitor-free graft-versus-host disease prophylaxis with post-transplantation cyclophosphamide and brief-course sirolimus following reduced-intensity peripheral blood stem cell transplantation. Biol Blood Marrow Transplant. 2014;20(11):1828-1834.¬†[DOI] [PubMed] [Google Scholar]",NA,67
Gooptu&Koreth_2020,10.3324/haematol.2019.240309,46,"46.Tkachev V, Furlan SN, Watkins B, et al. Combined OX40L and mTOR blockade controls effector T cell activation while preserving Treg reconstitution after transplant. Sci Transl Med. 2017;9(408):eaan3085.¬†[DOI] [PMC free article] [PubMed] [Google Scholar]",NA,67
Gooptu&Koreth_2020,10.3324/haematol.2019.240309,47,"47.Reinherz EL, Geha R, Rappeport JM, et al. Reconstitution after transplantation with T-lymphocyte-depleted HLA haplotypemismatched bone marrow for severe combined immunodeficiency. Proc Natl Acad Sci U S A. 1982;79(19):6047-6051.¬†[DOI] [PMC free article] [PubMed] [Google Scholar]",NA,67
Gooptu&Koreth_2020,10.3324/haematol.2019.240309,50,"50.Champlin RE, Passweg JR, Zhang MJ, et al. T-cell depletion of bone marrow transplants for leukemia from donors other than HLAidentical siblings: advantage of T-cell antibodies with narrow specificities. Blood. 2000;95(12):3996-4003.¬†[PubMed] [Google Scholar]",NA,67
Gooptu&Koreth_2020,10.3324/haematol.2019.240309,54,"54.Horowitz MM, Gale RP, Sondel PM, et al. Graft-versus-leukemia reactions after bone marrow transplantation. Blood. 1990;75(3): 555-562.¬†[PubMed] [Google Scholar]",NA,67
Gooptu&Koreth_2020,10.3324/haematol.2019.240309,55,"55.Devine SM, Carter S, Soiffer RJ, et al. Low risk of chronic graft versus host disease and relapse associated with T-cell depleted peripheral blood stem cell transplantation for acute myeloid leukemia in first remission: results of the Blood and Marrow Transplant Clinical Trials Network (BMT CTN) Protocol 0303. Biol Blood Marrow Transplant. 2011;17(9):1343-1351.¬†[DOI] [PMC free article] [PubMed] [Google Scholar]",NA,67
Gooptu&Koreth_2020,10.3324/haematol.2019.240309,56,"56.Pasquini MC, Devine S, Mendizabal A, et al. Comparative outcomes of donor graft CD34+ selection and immune suppressive therapy as graft-versus-host disease prophylaxis for patients with acute myeloid leukemia in complete remission undergoing HLA-matched sibling allogeneic hematopoietic cell transplantation. J Clin Oncol. 2012;30(26):3194-3201.¬†[DOI] [PMC free article] [PubMed] [Google Scholar]",NA,67
Gooptu&Koreth_2020,10.3324/haematol.2019.240309,57,"57.Daniele N, Scerpa MC, Caniglia M, et al. Transplantation in the onco-hematology field: focus on the manipulation of and T cells. Pathol Res Pract. 2012;208(2):67-73.¬†[DOI] [PubMed] [Google Scholar]",NA,67
Gooptu&Koreth_2020,10.3324/haematol.2019.240309,58,"58.Locatelli F, Merli P, Pagliara D, et al. Outcome of children with acute leukemia given HLA-haploidentical HSCT after Tcell and B-cell depletion. Blood. 2017;130(5):677-685.¬†[DOI] [PubMed] [Google Scholar]",NA,67
Gooptu&Koreth_2020,10.3324/haematol.2019.240309,60,"60.Teschner D, Distler E, Wehler D, et al. Depletion of naive T cells using clinical grade magnetic CD45RA beads: a new approach for GVHD prophylaxis. Bone Marrow Transplant. 2014;49(1):138-144.¬†[DOI] [PubMed] [Google Scholar]",NA,67
Gooptu&Koreth_2020,10.3324/haematol.2019.240309,62,"62.Bleakley M, Heimfeld S, Loeb KR, et al. Outcomes of acute leukemia patients transplanted with naive T cell-depleted stem cell grafts. J Clin Invest. 2015;125(7):2677-2689.¬†[DOI] [PMC free article] [PubMed] [Google Scholar]",NA,67
Gooptu&Koreth_2020,10.3324/haematol.2019.240309,65,"65.Aversa F, Pierini A, Ruggeri L, Martelli MF, Velardi A. The evolution of T cell depleted haploidentical transplantation. Front Immunol. 2019;10:2769.¬†[DOI] [PMC free article] [PubMed] [Google Scholar]",NA,67
Gooptu&Koreth_2020,10.3324/haematol.2019.240309,66,"66.Rachamim N, Gan J, Segall H, et al. Tolerance induction by ‚Äúmegadose‚Äù hematopoietic transplants: donor-type human CD34 stem cells induce potent specific reduction of host anti-donor cytotoxic T lymphocyte precursors in mixed lymphocyte culture. Transplantation. 1998;65(10): 1386-1393.¬†[DOI] [PubMed] [Google Scholar]",NA,67
Gooptu&Koreth_2020,10.3324/haematol.2019.240309,67,"67.Di Ianni M, Falzetti F, Carotti A, et al. Tregs prevent GVHD and promote immune reconstitution in HLA-haploidentical transplantation. Blood. 2011;117(14):3921-3928.¬†[DOI] [PubMed] [Google Scholar]",NA,67
Gooptu&Koreth_2020,10.3324/haematol.2019.240309,68,"68.Taylor PA, Lees CJ, Blazar BR. The infusion of ex vivo activated and expanded CD4(+)CD25(+) immune regulatory cells inhibits graft-versus-host disease lethality. Blood. 2002;99(10):3493-3499.¬†[DOI] [PubMed] [Google Scholar]",NA,67
Gooptu&Koreth_2020,10.3324/haematol.2019.240309,72,"72.Mavers M, Maas-Bauer K, Negrin RS. Invariant natural killer T cells as suppressors of graft-versus-host disease in allogeneic hematopoietic stem cell transplantation. Front Immunol. 2017;8:900.¬†[DOI] [PMC free article] [PubMed] [Google Scholar]",NA,67
Gooptu&Koreth_2020,10.3324/haematol.2019.240309,73,"73.Pillai AB, George TI, Dutt S, Teo P, Strober S. Host NKT cells can prevent graft-versushost disease and permit graft antitumor activity after bone marrow transplantation. J Immunol. 2007;178(10):6242-6251.¬†[DOI] [PMC free article] [PubMed] [Google Scholar]",NA,67
Gooptu&Koreth_2020,10.3324/haematol.2019.240309,74,"74.Pillai AB, George TI, Dutt S, Strober S. Host natural killer T cells induce an interleukin-4- dependent expansion of donor CD4+CD25+Foxp3+ T regulatory cells that protects against graft-versus-host disease. Blood. 2009;113(18):4458-4467.¬†[DOI] [PMC free article] [PubMed] [Google Scholar]",NA,67
Gooptu&Koreth_2020,10.3324/haematol.2019.240309,75,"75.Lowsky R, Takahashi T, Liu YP, et al. Protective conditioning for acute graft-versus- host disease. N Engl J Med. 2005;353(13):1321-1331.¬†[DOI] [PubMed] [Google Scholar]",NA,67
Gooptu&Koreth_2020,10.3324/haematol.2019.240309,78,"78.Tawara I, Koyama M, Liu C, et al. Interleukin-6 modulates graft-versus-host responses after experimental allogeneic bone marrow transplantation. Clin Cancer Res. 2011;17(1):77-88.¬†[DOI] [PMC free article] [PubMed] [Google Scholar]",NA,67
Gooptu&Koreth_2020,10.3324/haematol.2019.240309,79,"79.Drobyski WR, Szabo A, Zhu F, et al. Tocilizumab, tacrolimus and methotrexate for the prevention of acute graft-versus-host disease: low incidence of lower gastrointestinal tract disease. Haematologica. 2018;103(4):717-727.¬†[DOI] [PMC free article] [PubMed] [Google Scholar]",NA,67
Gooptu&Koreth_2020,10.3324/haematol.2019.240309,82,"82.Watkins B, Qayed M, Bratrude B, et al. T cell costimulation blockade with abatacept nearly eliminates early severe acute graft versus host disease after HLA-mismatched (7/8 HLA matched) unrelated donor transplant, with a favorable impact on disease-free and overall survival. Blood. 2017;130(Suppl 1):212.¬†[Google Scholar]",NA,67
Gooptu&Koreth_2020,10.3324/haematol.2019.240309,83,"83.Watkins BK, Tkachev V, Furlan SN, et al. CD28 blockade controls T cell activation to prevent graft-versus-host disease in primates. J Clin Invest. 2018;128(9):3991-4007.¬†[DOI] [PMC free article] [PubMed] [Google Scholar]",NA,67
Gooptu&Koreth_2020,10.3324/haematol.2019.240309,85,"85.Van Lint MT, Uderzo C, Locasciulli A, et al. Early treatment of acute graft-versus-host disease with high- or low-dose 6-methylprednisolone: a multicenter randomized trial from the Italian Group for Bone Marrow Transplantation. Blood. 1998;92(7):2288-2293.¬†[PubMed] [Google Scholar]",NA,67
Gooptu&Koreth_2020,10.3324/haematol.2019.240309,86,"86.Jagasia M, Zeiser R, Arbushites M, Delaite P, Gadbaw B, von Bubnoff N. Ruxolitinib for the treatment of patients with steroidrefractory GVHD: an introduction to the REACH trials. Immunotherapy. 2018;10(5):391-402.¬†[DOI] [PubMed] [Google Scholar]",NA,67
Gooptu&Koreth_2020,10.3324/haematol.2019.240309,87,"87.Choi J, Ziga ED, Ritchey J, et al. IFNR signaling mediates alloreactive T-cell trafficking and GVHD. Blood. 2012;120(19):4093-4103.¬†[DOI] [PMC free article] [PubMed] [Google Scholar]",NA,67
Gooptu&Koreth_2020,10.3324/haematol.2019.240309,88,"88.Spoerl S, Mathew NR, Bscheider M, et al. Activity of therapeutic JAK 1/2 blockade in graft-versus-host disease. Blood. 2014;123(24):3832-3842.¬†[DOI] [PubMed] [Google Scholar]",NA,67
Gooptu&Koreth_2020,10.3324/haematol.2019.240309,89,"89.Zeiser R, Burchert A, Lengerke C, et al. Ruxolitinib in corticosteroid-refractory graftversus- host disease after allogeneic stem cell transplantation: a multicenter survey. Leukemia. 2015;29(10):2062-2068.¬†[DOI] [PMC free article] [PubMed] [Google Scholar]",NA,67
Gooptu&Koreth_2020,10.3324/haematol.2019.240309,91,"91.Zeiser R, von Bubnoff N, Butler J, et al. Ruxolitinib for glucocorticoid-refractory acute graft-versus-host disease. N Engl J Med. 2020;382(19):1800-1810.¬†[DOI] [PubMed] [Google Scholar]",NA,67
Gooptu&Koreth_2020,10.3324/haematol.2019.240309,92,"92.Tawara I, Sun Y, Lewis EC, et al. Alpha-1- antitrypsin monotherapy reduces graft-versus- host disease after experimental allogeneic bone marrow transplantation. Proc Natl Acad Sci U S A. 2012;109(2):564-569.¬†[DOI] [PMC free article] [PubMed] [Google Scholar]",NA,67
Gooptu&Koreth_2020,10.3324/haematol.2019.240309,93,"93.Marcondes AM, Hockenbery D, Lesnikova M, et al. Response of steroid-refractory acute GVHD to 1-antitrypsin. Biol Blood Marrow Transplant. 2016;22(9):1596-1601.¬†[DOI] [PubMed] [Google Scholar]",NA,67
Gooptu&Koreth_2020,10.3324/haematol.2019.240309,94,"94.Magenau JM, Goldstein SC, Peltier D, et al. 1-antitrypsin infusion for treatment of steroid-resistant acute graft-versus-host disease. Blood. 2018;131(12):1372-1379.¬†[DOI] [PMC free article] [PubMed] [Google Scholar]",NA,67
Gooptu&Koreth_2020,10.3324/haematol.2019.240309,97,97.Klassen J. The role of photopheresis in the treatment of graft-versus-host disease. Curr Oncol. 2010;17(2):55-58.¬†[DOI] [PMC free article] [PubMed] [Google Scholar],NA,67
Gooptu&Koreth_2020,10.3324/haematol.2019.240309,98,"98.Flowers MED, Apperley JF, van Besien K, et al. A multicenter prospective phase 2 randomized study of extracorporeal photopheresis for treatment of chronic graft-versus- host disease. Blood. 2008;112(7):2667-2674.¬†[DOI] [PubMed] [Google Scholar]",NA,67
Gooptu&Koreth_2020,10.3324/haematol.2019.240309,101,"101.Paczesny S, Krijanovski OI, Braun TM, et al. A biomarker panel for acute graft-versushost disease. Blood. 2009;113(2):273-278.¬†[DOI] [PMC free article] [PubMed] [Google Scholar]",NA,67
Gooptu&Koreth_2020,10.3324/haematol.2019.240309,102,"102.Paczesny S, Braun T, Lugt MV, et al. A three biomarker panel at days 7 and 14 can predict development of grade II-IV acute graft-versus- host disease. Biol Blood Marrow Transplant. 2011;17(2):S167.¬†[Google Scholar]",NA,67
Gooptu&Koreth_2020,10.3324/haematol.2019.240309,103,"103.Major-Monfried H, Renteria AS, Pawarode A, et al. MAGIC biomarkers predict longterm outcomes for steroid-resistant acute GVHD. Blood. 2018;131(25):2846-2855.¬†[DOI] [PMC free article] [PubMed] [Google Scholar]",NA,67
Gooptu&Koreth_2020,10.3324/haematol.2019.240309,105,"105.Staffas A, Burgos da Silva M, van den Brink MRM. The intestinal microbiota in allogeneic hematopoietic cell transplant and graftversus- host disease. Blood. 2017;129(8):927-933.¬†[DOI] [PMC free article] [PubMed] [Google Scholar]",NA,67
Gooptu&Koreth_2020,10.3324/haematol.2019.240309,106,"106.Ivanov II, Atarashi K, Manel N, et al. Induction of intestinal Th17 cells by segmented filamentous bacteria. Cell. 2009;139(3):485-498.¬†[DOI] [PMC free article] [PubMed] [Google Scholar]",NA,67
Gooptu&Koreth_2020,10.3324/haematol.2019.240309,107,"107.Jenq RR, Taur Y, Devlin SM, et al. Intestinal blautia is associated with reduced death from graft-versus-host disease. Biol Blood Marrow Transplant. 2015;21(8):1373-1383.¬†[DOI] [PMC free article] [PubMed] [Google Scholar]",NA,67
Gooptu&Koreth_2020,10.3324/haematol.2019.240309,108,"108.Peled JU, Gomes ALC, Devlin SM, et al. Microbiota as predictor of mortality in allogeneic hematopoietic-cell transplantation. N Engl J Med. 2020;382(9):822-834.¬†[DOI] [PMC free article] [PubMed] [Google Scholar]",NA,67
Gooptu&Koreth_2020,10.3324/haematol.2019.240309,109,"109.van Lier YF, Davids M, Haverkate NJE, et al. Fecal microbiota transplantation can cure steroid-refractory intestinal graft-versushost disease. Biol Blood Marrow Transplant. 2019;25(3):S241.¬†[Google Scholar]",NA,67
Gooptu&Koreth_2020,10.3324/haematol.2019.240309,111,"111.DeFilipp Z, Bloom PP, Torres Soto M, et al. Drug-resistant E. coli bacteremia transmitted by fecal microbiota transplant. N Engl J Med. 2019;381(21):2043-2050.¬†[DOI] [PubMed] [Google Scholar]",NA,67
Noor_2019,10.1159/000492943,1,"Faith JJ, Guruge JL, Charbonneau M, Subramanian S, Seedorf H, Goodman AL, et al. The long-term stability of the human gut microbiota. Science. 2013 Jul;341((6141)):1237439. -¬†PMC¬†-¬†PubMed",NA,11
Noor_2019,10.1159/000492943,3,"Palm NW, de Zoete MR, Flavell RA. Immune-microbiota interactions in health and disease. Clin Immunol. 2015 Aug;159((2)):122‚Äì7. -¬†PMC¬†-¬†PubMed",NA,11
Noor_2019,10.1159/000492943,4,"Belkaid Y, Hand TW. Role of the microbiota in immunity and inflammation. Cell. 2014 Mar;157((1)):121‚Äì41. -¬†PMC¬†-¬†PubMed",NA,11
Noor_2019,10.1159/000492943,8,"Belkaid Y, Harrison OJ. Homeostatic Immunity and the Microbiota. Immunity. 2017 Apr;46((4)):562‚Äì76. -¬†PMC¬†-¬†PubMed",NA,11
Noor_2019,10.1159/000492943,20,"Simms-Waldrip TR, Sunkersett G, Coughlin LA, Savani MR, Arana C, Kim J, et al. Antibiotic-induced depletion of Anti-Inflammatory Clostridia is associated with the development of GVHD in pediatric stem cell transplant patients. Biol Blood Marrow Transplant. 2017;23:820‚Äì9. -¬†PubMed",NA,11
Noor_2019,10.1159/000492943,22,"Mathewson ND, Jenq R, Mathew AV, Koenigsknecht M, Hanash A, Toubai T, et al. Gut microbiome-derived metabolites modulate intestinal epithelial cell damage and mitigate graft-versus-host disease. Nat Immunol. 2016 May;17((5)):505‚Äì13. -¬†PMC¬†-¬†PubMed",NA,11
Noor_2019,10.1159/000492943,33,"Sigalet DL, Mackenzie SL, Hameed SM. Enteral nutrition and mucosal immunity: implications for feeding strategies in surgery and trauma. Can J Surg. 2004 Apr;47((2)):109‚Äì16. -¬†PMC¬†-¬†PubMed",NA,11
Noor_2019,10.1159/000492943,36,"van Nood E, Vrieze A, Nieuwdorp M, Fuentes S, Zoetendal EG, de Vos WM, et al. Duodenal infusion of donor feces for recurrent Clostridium difficile. N Engl J Med. 2013 Jan;368((5)):407‚Äì15. -¬†PubMed",NA,11
Noor_2019,10.1159/000492943,40,"Peled JU, Devlin SM, Staffas A, Lumish M, Khanin R, Littmann ER, et al. Intestinal Microbiota and Relapse After Hematopoietic-Cell Transplantation. J Clin Oncol. 2017 May;35((15)):1650‚Äì9. -¬†PMC¬†-¬†PubMed",NA,11
Noor_2019,10.1159/000492943,43,"Lehar SM, Pillow T, Xu M, Staben L, Kajihara KK, Vandlen R, et al. Novel antibody-antibiotic conjugate eliminates intracellular S. aureus. Nature. 2015 Nov;527((7578)):323‚Äì8. -¬†PubMed",NA,11
Noor_2019,10.1159/000492943,49,"Shah P, Fritz JV, Glaab E, Desai MS, Greenhalgh K, Frachet A, et al. A microfluidics-based in vitro model of the gastrointestinal human-microbe interface. Nat Commun. 2016 May;7:11535. -¬†PMC¬†-¬†PubMed",NA,11
Zeiser_2019,10.1111/bjh.16190,8,"Bleakley, M., Heimfeld, S., Loeb, K.R., Jones, L.A., Chaney, C., Seropian, S., Gooley, T.A., Sommermeyer, F., Riddell, S.R. & Shlomchik, W.D. (2015) Outcomes of acute leukemia patients transplanted with naive T cell-depleted stem cell grafts. Journal of Clinical Investigation, 125, 2677-2689.",NA,16
Zeiser_2019,10.1111/bjh.16190,10,"Brunstein, C.G., Miller, J.S., McKenna, D.H., Hippen, K.L., DeFor, T.E., Sumstad, D., Curtsinger, J., Verneris, M.R., MacMillan, M.L., Levine, B.L., Riley, J.L., June, C.H., Le, C., Weisdorf, D.J., McGlave, P.B., Blazar, B.R. & Wagner, J.E. (2016) Umbilical cord blood-derived T regulatory cells to prevent GVHD: kinetics, toxicity profile and clinical effect. Blood, 127, 1044-1051.",NA,16
Zeiser_2019,10.1111/bjh.16190,12,"Chen, S., Smith, B.A., Iype, J., Prestipino, A., Pfeifer, D., Grundmann, S., Schmitt-Graeff, A., Idzko, M., Beck, Y., Prinz, G., Finke, J., Duyster, J. & Zeiser, R. (2015) MicroRNA-155-deficient dendritic cells cause less severe GVHD through reduced migration and defective inflammasome activation. Blood, 126, 103-112.",NA,16
Zeiser_2019,10.1111/bjh.16190,15,"Cohen, J.L., Trenado, A., Vasey, D., Klatzmann, D. & Salomon, B.L. (2002) Immunoregulatory T cells: new therapeutics for graft-versus-host disease. Journal of Experimental Medicine, 196, 401-406.",NA,16
Zeiser_2019,10.1111/bjh.16190,17,"D'Aveni, M., Rossignol, J., Coman, T., Sivakumaran, S., Henderson, S., Manzo, T., Santos e Sousa P., Bruneau, J., Fouquet, G., Zavala, F., Alegria-Pr√©vot, O., Garfa-Traor√©, M., Suarez, F., Trebeden-N√®gre, H., Mohty, M., Bennett, C.L., Chakraverty, R., Hermine, O. & Rubio, M.T. (2015) G-CSF mobilizes CD34+ regulatory monocytes that inhibit graft-versus-host disease. Science Translational Medicine, 7, 281ra242.",NA,16
Zeiser_2019,10.1111/bjh.16190,18,"Deeg, H.J., Storb, R., Weiden, P.L., Raff, R.F., Sale, G.E., Atkinson, K., Graham, T.C. & Thomas, E.D. (1982) Cyclosporin A and methotrexate in canine marrow transplantation: engraftment, graft-versus-host disease, and induction of intolerance. Transplantation, 34, 30-35.",NA,16
Zeiser_2019,10.1111/bjh.16190,21,"FDA (2019) FDA approves ruxolitinib for acute graft-versus-host disease. US Food and Drug Administration, Silver Spring, MD.¬†https://www.fda.gov/drugs/resources-information-approved-drugs/fda-appro....",NA,16
Zeiser_2019,10.1111/bjh.16190,38,"Jankovic, D., Ganesan, J., Bscheider, M., Stickel, N., Weber, F., Guarda, G., Follo, M., Pfeifer, D., Tardivel, A., Ludigs, K., Bouazzaoui, A., Kerl, K., Fischer, J., Haas, T., Schmitt-Gr√§ff, A., Manoharan, A., M√ºller, L., Finke, J., Martin, S., Gorka, O., Peschel, C., Ruland, J., Idzko, M., Duyster, J., Holler, E., French, L.E., Poeck, H., Contassot, E. & Zeiser, R. (2013) The Nlrp3-inflammasome regulates acute graft-versus-host disease. Journal of Experimental Medicine, 210, 1899-1910.",NA,16
Zeiser_2019,10.1111/bjh.16190,45,"Kl√§mbt, V., Wohlfeil, S.A., Schwab, L., H√ºlsd√ºnker, J., Ayata, K., Apostolova, P., Schmitt-Graeff, A., Dierbach, H., Prinz, G., Follo, K., Prinz, M., Idzko, M. & Zeiser, R. (2015) A novel function for P2Y2 in myeloid recipient-derived cells during GvHD. The Journal of Immunology, 195, 5795-5804.",NA,16
Zeiser_2019,10.1111/bjh.16190,60,"Mathewson, N.D., Jenq, R., Mathew, A.V., Koenigsknecht, M., Hanash, A., Toubai, T., Oravecz-Wilson, K., Wu, S.R., Sun, Y., Rossi, C., Fujiwara, H., Byun, J., Shono, Y., Lindemans, C., Calafiore, M., Schmidt, T.C., Honda, K., Young, V.B., Pennathur, S., van den Brink, M. & Reddy, P. (2016) Gut microbiome-derived metabolites modulate intestinal epithelial cell damage and mitigate graft-versus-host disease. Nature Immunology, 17, 505-513.",NA,16
Zeiser_2019,10.1111/bjh.16190,62,"Mirza, N., Zierhut, M., Korn, A., Bornemann, A., Vogel, W., Schmid-Horch, B., Bethge, W.A., Stevanoviƒá, S., Salih, H.R., Kanz, L., Rammensee, H.G. & Haen, S.P. (2016) Graft versus self (GvS) against T-cell autoantigens is a mechanism of graft-host interaction. Proc Natl Acad Sci U S A, 113, 13827-13832.",NA,16
Zeiser_2019,10.1111/bjh.16190,70,"Schmaltz, C., Alpdogan, O., Muriglan, S.J., Kappel, B.J., Rotolo, J.A., Ricchetti, E.T., Greenberg, A.S., Willis, L.M., Murphy, G.F., Crawford, J.M. & van den Brink, M.R. (2003) Donor T cell-derived TNF is required for graft-versus-host disease and graft-versus-tumor activity after bone marrow transplantation. Blood, 101, 2440-2445.",NA,16
Zeiser_2019,10.1111/bjh.16190,71,"Schwab, L., Goroncy, L., Palaniyandi, S., Gautam, S., Triantafyllopoulou, A., Mocsai, A., Reichardt, W., Karlsson, F.J., Radhakrishnan, S.V., Hanke, K., Schmitt-Graeff, A., Freudenberg, M., von Loewenich, F.D., Wolf, P., Leonhardt, F., Baxan, N., Pfeifer, D., Schmah, O., Sch√∂nle, A., Martin, S.F., Mertelsmann, R., Duyster, J., Finke, J., Prinz, M., Henneke, P., H√§cker, H., Hildebrandt, G.C., H√§cker, G. & Zeiser, R. (2014) Neutrophil granulocytes recruited upon translocation of intestinal bacteria enhance GvHD via tissue damage. Nature Medicine, 20, 648-654.",NA,16
Zeiser_2019,10.1111/bjh.16190,78,"Stickel, N., Hanke, K., Marschner, D., Prinz, G., K√∂hler, M., Melchinger, W., Pfeifer, D., Schmitt-Graeff, A., Brummer, T., Heine, A., Brossart, P., Wolf, D., von Bubnoff, N., Finke, J., Duyster, J., Ferrara, J., Salzer, U. & Zeiser, R. (2017) MicroRNA-146a reduces MHC-II expression via targeting JAK/STAT-signaling in dendritic cells after stem cell transplantation. Leukemia, 31, 2732-2741.",NA,16
Zeiser_2019,10.1111/bjh.16190,92,"Zeiser, R., Nguyen, V.H., Beilhack, A., Buess, M., Schulz, S., Baker, J., Contag, C.H. & Negrin, R.S. (2006) Inhibition of CD4+CD25+ regulatory T cell function by calcineurin dependent interleukin-2 production. Blood, 108, 390-399.",NA,16
Zeiser_2019,10.1111/bjh.16190,94,"Zeiser, R., Leveson-Gower, D.B., Zambricki, E.A., Kambham, N., Beilhack, A., Loh, J., Hou, J.Z. & Negrin, R.S. (2008) Differential impact of mTOR inhibition on CD4+CD25+Foxp3+ regulatory T cells as compared to conventional CD4+ T cells. Blood, 111, 453-462.",NA,16
Koyama&Hill_2019,10.1182/blood.2019000823,14,"Champlin R, Ho W, Gajewski J, et al. Selective depletion of CD8+ T lymphocytes for prevention of graft-versus-host disease after allogeneic bone marrow transplantation. Blood. 1990;76(2):418-423. -¬†PubMed",NA,18
Koyama&Hill_2019,10.1182/blood.2019000823,32,"Weber M, Rudolph B, Stein P, et al. Host-derived CD8+¬†dendritic cells protect against acute graft-versus-host disease after experimental allogeneic bone marrow transplantation. Biol Blood Marrow Transplant. 2014;20(11):1696-1704. -¬†PubMed",NA,18
Koyama&Hill_2019,10.1182/blood.2019000823,36,"Stevanovic S, van Bergen CA, van Luxemburg-Heijs SA, et al. HLA class II upregulation during viral infection leads to HLA-DP-directed graft-versus-host disease after CD4+ donor lymphocyte infusion. Blood. 2013;122(11):1963-1973. -¬†PubMed",NA,18
Koyama&Hill_2019,10.1182/blood.2019000823,37,"Bland PW, Whiting CV. Induction of MHC class II gene products in rat intestinal epithelium during graft-versus-host disease and effects on the immune function of the epithelium. Immunology. 1992;75(2):366-371. -¬†PMC¬†-¬†PubMed",NA,18
Koyama&Hill_2019,10.1182/blood.2019000823,39,"Kaiserlian D, Vidal K, Revillard JP. Murine enterocytes can present soluble antigen to specific class II-restricted CD4+ T cells. Eur J Immunol. 1989;19(8):1513-1516. -¬†PubMed",NA,18
Koyama&Hill_2019,10.1182/blood.2019000823,52,"Daro E, Pulendran B, Brasel K, et al. Polyethylene glycol-modified GM-CSF expands CD11b(high)CD11c(high) but notCD11b(low)CD11c(high) murine dendritic cells in vivo: a comparative analysis with Flt3 ligand. J Immunol. 2000;165(1):49-58. -¬†PubMed",NA,18
Koyama&Hill_2019,10.1182/blood.2019000823,62,"Skokos D, Nussenzweig MC. CD8- DCs induce IL-12-independent Th1 differentiation through Delta 4 Notch-like ligand in response to bacterial LPS. J Exp Med. 2007;204(7):1525-1531. -¬†PMC¬†-¬†PubMed",NA,18
Koyama&Hill_2019,10.1182/blood.2019000823,70,"Matsuoka S, Hashimoto D, Kadowaki M, et al. The myeloid differentiation factor 88 signaling in donor T cells accelerates graft-versus-host disease [published online ahead of print 2 May 2019]. Haematologica. doi:10.3324/haematol.2018.203380. -¬†PMC¬†-¬†PubMed",NA,18
Koyama&Hill_2019,10.1182/blood.2019000823,71,"Chen Y, Kornblit B, Hamlin DK, et al. Durable donor engraftment after radioimmunotherapy using Œ±-emitter astatine-211-labeled anti-CD45 antibody for conditioning in allogeneic hematopoietic cell transplantation. Blood. 2012;119(5):1130-1138. -¬†PMC¬†-¬†PubMed",NA,18
Koyama&Hill_2019,10.1182/blood.2019000823,79,"van Bekkum DW, Roodenburg J, Heidt PJ, van der Waaij D. Mitigation of secondary disease of allogeneic mouse radiation chimeras by modification of the intestinal microflora. J Natl Cancer Inst. 1974;52(2):401-404. -¬†PubMed",NA,18
Koyama&Hill_2019,10.1182/blood.2019000823,90,"Zeiser R, Burchert A, Lengerke C, et al. Ruxolitinib in corticosteroid-refractory graft-versus-host disease after allogeneic stem cell transplantation: a multicenter survey. Leukemia. 2015;29(10):2062-2068. -¬†PMC¬†-¬†PubMed",NA,18
Koyama&Hill_2019,10.1182/blood.2019000823,98,"Hotta M, Yoshimura H, Satake A, Tsubokura Y, Ito T, Nomura S. GM-CSF therapy inhibits chronic graft-versus-host disease via expansion of regulatory T cells. Eur J Immunol. 2019;49(1):179-191. -¬†PubMed",NA,18
Koyama&Hill_2019,10.1182/blood.2019000823,111,"Zheng H, Matte-Martone C, Jain D, McNiff J, Shlomchik WD. Central memory CD8+ T cells induce graft-versus-host disease and mediate graft-versus-leukemia. J Immunol. 2009;182(10):5938-5948. -¬†PMC¬†-¬†PubMed",NA,18
Koyama&Hill_2019,10.1182/blood.2019000823,112,"Huang W, Chao NJ. Memory T cells: a helpful guard for allogeneic hematopoietic stem cell transplantation without causing graft-versus-host disease. Hematol Oncol Stem Cell Ther. 2017;10(4):211-219. -¬†PubMed",NA,18
Koyama&Hill_2019,10.1182/blood.2019000823,114,"Huang W, Mo W, Jiang J, Chao NJ, Chen BJ. Donor allospecific CD44high¬†central memory T cells have decreased ability to mediate graft-vs.-host disease. Front Immunol. 2019;10:624. -¬†PMC¬†-¬†PubMed",NA,18
Koyama&Hill_2019,10.1182/blood.2019000823,117,"Bleakley M, Heimfeld S, Loeb KR, et al. Outcomes of acute leukemia patients transplanted with naive T cell-depleted stem cell grafts. J Clin Invest. 2015;125(7):2677-2689. -¬†PMC¬†-¬†PubMed",NA,18
Koyama&Hill_2019,10.1182/blood.2019000823,122,"Vago L, Perna SK, Zanussi M, et al. Loss of mismatched HLA in leukemia after stem-cell transplantation. N Engl J Med. 2009;361(5):478-488. -¬†PubMed",NA,18
Koyama&Hill_2019,10.1182/blood.2019000823,123,"Christopher MJ, Petti AA, Rettig MP, et al. Immune escape of relapsed AML cells after allogeneic transplantation. N Engl J Med. 2018;379(24):2330-2341. -¬†PMC¬†-¬†PubMed",NA,18
Whangbo_2017,10.1038/bmt.2016.206,1,"Ferrara JL, Levine JE, Reddy P, Holler E. Graft-versus-host disease. Lancet. 2009;373:1550‚Äì1561. -¬†PMC¬†-¬†PubMed",NA,11
Whangbo_2017,10.1038/bmt.2016.206,7,"van Bekkum DW, Roodenburg J, Heidt PJ, van der Waaij D. Mitigation of secondary disease of allogeneic mouse radiation chimeras by modification of the intestinal microflora. J Natl Cancer Inst. 1974;52:401‚Äì404. -¬†PubMed",NA,11
Whangbo_2017,10.1038/bmt.2016.206,20,"Madsen KL, Doyle JS, Tavernini MM, Jewell LD, Rennie RP, Fedorak RN. Antibiotic therapy attenuates colitis in interleukin 10 gene-deficient mice. Gastroenterology. 2000;118:1094‚Äì1105. -¬†PubMed",NA,11
Whangbo_2017,10.1038/bmt.2016.206,26,"Powrie F, Leach MW, Mauze S, Caddle LB, Coffman RL. Phenotypically distinct subsets of CD4+ T cells induce or protect from chronic intestinal inflammation in C. B-17 scid mice. Int Immunol. 1993;5:1461‚Äì1471. -¬†PubMed",NA,11
Whangbo_2017,10.1038/bmt.2016.206,27,"Round JL, Mazmanian SK. Inducible Foxp3+ regulatory T-cell development by a commensal bacterium of the intestinal microbiota. Proc Natl Acad Sci USA. 2010;107:12204‚Äì12209. -¬†PMC¬†-¬†PubMed",NA,11
Whangbo_2017,10.1038/bmt.2016.206,30,"Atarashi K, Tanoue T, Shima T, Imaoka A, Kuwahara T, Momose Y, et al. Induction of colonic regulatory T cells by indigenous Clostridium species. Science. 2011;331:337‚Äì341. -¬†PMC¬†-¬†PubMed",NA,11
Whangbo_2017,10.1038/bmt.2016.206,32,"Smith PM, Howitt MR, Panikov N, Michaud M, Gallini CA, Bohlooly YM, et al. The microbial metabolites, short-chain fatty acids, regulate colonic Treg cell homeostasis. Science. 2013;341:569‚Äì573. -¬†PMC¬†-¬†PubMed",NA,11
Whangbo_2017,10.1038/bmt.2016.206,35,"Ohnmacht C, Park JH, Cording S, Wing JB, Atarashi K, Obata Y, et al. MUCOSAL IMMUNOLOGY. The microbiota regulates type 2 immunity through RORgammat(+) T cells. Science. 2015;349:989‚Äì993. -¬†PubMed",NA,11
Whangbo_2017,10.1038/bmt.2016.206,36,"Sefik E, Geva-Zatorsky N, Oh S, Konnikova L, Zemmour D, McGuire AM, et al. MUCOSAL IMMUNOLOGY. Individual intestinal symbionts induce a distinct population of RORgamma(+) regulatory T cells. Science. 2015;349:993‚Äì997. -¬†PMC¬†-¬†PubMed",NA,11
Whangbo_2017,10.1038/bmt.2016.206,41,"Vetrovsky T, Baldrian P. The variability of the 16 S rRNA gene in bacterial genomes and its consequences for bacterial community analyses. PLoS ONE. 2013;8:e57923. -¬†PMC¬†-¬†PubMed",NA,11
Whangbo_2017,10.1038/bmt.2016.206,42,"Tringe SG, von Mering C, Kobayashi A, Salamov AA, Chen K, Chang HW, et al. Comparative metagenomics of microbial communities. Science. 2005;308:554‚Äì557. -¬†PubMed",NA,11
Ferrara_2017,10.1172/JCI90592,1,Billingham RE. The biology of graft-versus-host reactions. Harvey Lect. 1966;62:21‚Äì78. -¬†PubMed,NA,32
Ferrara_2017,10.1172/JCI90592,2,"Gatti RA, Kersey JH, Yunis EJ, Good RA. Graft-versus-host disease. Prog Clin Pathol. 1973;5:1‚Äì18. -¬†PubMed",NA,32
Ferrara_2017,10.1172/JCI90592,3,"McKenzie IF, Snell GD. Comparative immunogenicity and enhanceability of individual H-2K and H-2D specificities of the murine histocompatibility-2 complex. J Exp Med. 1973;138(1):259‚Äì277. doi: 10.1084/jem.138.1.259. -¬†DOI¬†-¬†PMC¬†-¬†PubMed",NA,32
Ferrara_2017,10.1172/JCI90592,14,"Persson EK, Scott CL, Mowat AM, Agace WW. Dendritic cell subsets in intestinal lamina propria. Eur J Immunol. 2013;43(12):3098‚Äì3107. doi: 10.1002/eji.201343740. -¬†DOI¬†-¬†PMC¬†-¬†PubMed",NA,32
Ferrara_2017,10.1172/JCI90592,18,"Pabst O, Mowat AM. Oral tolerance to food protein. Mucosal Immunol. 2012;5(3):232‚Äì239. doi: 10.1038/mi.2012.4. -¬†DOI¬†-¬†PMC¬†-¬†PubMed",NA,32
Ferrara_2017,10.1172/JCI90592,30,"Litman GW, Anderson MK, Rast JP. Evolution of antigen binding receptors. Annu Rev Immunol. 1999;17:109‚Äì147. doi: 10.1146/annurev.immunol.17.1.109. -¬†DOI¬†-¬†PubMed",NA,32
Ferrara_2017,10.1172/JCI90592,31,"Bj√∂rkstr√∂m NK, Kek√§l√§inen E, Mj√∂sberg J. Tissue-specific effector functions of innate lymphoid cells. Immunology. 2013;139(4):416‚Äì427. doi: 10.1111/imm.12098. -¬†DOI¬†-¬†PMC¬†-¬†PubMed",NA,32
Ferrara_2017,10.1172/JCI90592,35,"Ferrara JL, Levine JE, Reddy P, Holler E. Graft-versus-host disease. Lancet. 2009;373(9674):1550‚Äì1561. doi: 10.1016/S0140-6736(09)60237-3. -¬†DOI¬†-¬†PMC¬†-¬†PubMed",NA,32
Ferrara_2017,10.1172/JCI90592,37,"Chan JK, et al. Alarmins: awaiting a clinical response. J Clin Invest. 2012;122(8):2711‚Äì2719. doi: 10.1172/JCI62423. -¬†DOI¬†-¬†PMC¬†-¬†PubMed",NA,32
Ferrara_2017,10.1172/JCI90592,40,"Akira S, Uematsu S, Takeuchi O. Pathogen recognition and innate immunity. Cell. 2006;124(4):783‚Äì801. doi: 10.1016/j.cell.2006.02.015. -¬†DOI¬†-¬†PubMed",NA,32
Ferrara_2017,10.1172/JCI90592,41,Beutler BA. TLRs and innate immunity. Blood. 2009;113(7):1399‚Äì1407. -¬†PMC¬†-¬†PubMed,NA,32
Ferrara_2017,10.1172/JCI90592,43,"Arnoult D, Soares F, Tattoli I, Girardin SE. Mitochondria in innate immunity. EMBO Rep. 2011;12(9):901‚Äì910. doi: 10.1038/embor.2011.157. -¬†DOI¬†-¬†PMC¬†-¬†PubMed",NA,32
Ferrara_2017,10.1172/JCI90592,46,"Bianchi ME, Manfredi AA. High-mobility group box 1 (HMGB1) protein at the crossroads between innate and adaptive immunity. Immunol Rev. 2007;220:35‚Äì46. doi: 10.1111/j.1600-065X.2007.00574.x. -¬†DOI¬†-¬†PubMed",NA,32
Ferrara_2017,10.1172/JCI90592,51,"Kl√§mbt V, et al. A novel function for P2Y2 in myeloid recipient-derived cells during graft-versus-host disease. J Immunol. 2015;195(12):5795‚Äì5804. doi: 10.4049/jimmunol.1501357. -¬†DOI¬†-¬†PubMed",NA,32
Ferrara_2017,10.1172/JCI90592,53,"Resta R, Yamashita Y, Thompson LF. Ecto-enzyme and signaling functions of lymphocyte CD73. Immunol Rev. 1998;161:95‚Äì109. doi: 10.1111/j.1600-065X.1998.tb01574.x. -¬†DOI¬†-¬†PubMed",NA,32
Ferrara_2017,10.1172/JCI90592,58,"Chen S, et al. MicroRNA-155-deficient dendritic cells cause less severe GVHD through reduced migration and defective inflammasome activation. Blood. 2015;126(1):103‚Äì112. doi: 10.1182/blood-2014-12-617258. -¬†DOI¬†-¬†PubMed",NA,32
Ferrara_2017,10.1172/JCI90592,64,"Yujiri T, et al. Increased serum levels of high-mobility group box 1 protein in patients who developed acute graft-versus-host disease after allogeneic hematopoietic stem cell transplantation. Eur J Haematol. 2010;85(4):366‚Äì367. doi: 10.1111/j.1600-0609.2010.01507.x. -¬†DOI¬†-¬†PubMed",NA,32
Ferrara_2017,10.1172/JCI90592,65,"Chen GY, Tang J, Zheng P, Liu Y. CD24 and Siglec-10 selectively repress tissue damage-induced immune responses. Science. 2009;323(5922):1722‚Äì1725. doi: 10.1126/science.1168988. -¬†DOI¬†-¬†PMC¬†-¬†PubMed",NA,32
Ferrara_2017,10.1172/JCI90592,68,"Pillai S, Netravali IA, Cariappa A, Mattoo H. Siglecs and immune regulation. Annu Rev Immunol. 2012;30:357‚Äì392. doi: 10.1146/annurev-immunol-020711-075018. -¬†DOI¬†-¬†PMC¬†-¬†PubMed",NA,32
Ferrara_2017,10.1172/JCI90592,70,"Toubai T, et al. Siglec-G-CD24 axis controls the severity of graft-versus-host disease in mice. Blood. 2014;123(22):3512‚Äì3523. doi: 10.1182/blood-2013-12-545335. -¬†DOI¬†-¬†PMC¬†-¬†PubMed",NA,32
Ferrara_2017,10.1172/JCI90592,71,"Baranovski BM, Freixo-Lima GS, Lewis EC, Rider P. T helper subsets, peripheral plasticity, and the acute phase protein, Œ±1-antitrypsin. Biomed Res Int. 2015;2015:184574. -¬†PMC¬†-¬†PubMed",NA,32
Ferrara_2017,10.1172/JCI90592,73,"Tawara I, et al. Œ±-1-Antitrypsin monotherapy reduces graft-versus-host disease after experimental allogeneic bone marrow transplantation. Proc Natl Acad Sci U S A. 2012;109(2):564‚Äì569. doi: 10.1073/pnas.1117665109. -¬†DOI¬†-¬†PMC¬†-¬†PubMed",NA,32
Ferrara_2017,10.1172/JCI90592,78,Shlomchik WD. Graft-versus-host disease. Nat Rev Immunol. 2007;7(5):340‚Äì352. doi: 10.1038/nri2000. -¬†DOI¬†-¬†PubMed,NA,32
Ferrara_2017,10.1172/JCI90592,87,"Kaufmann SH, Dorhoi A. Molecular determinants in phagocyte-bacteria interactions. Immunity. 2016;44(3):476‚Äì491. doi: 10.1016/j.immuni.2016.02.014. -¬†DOI¬†-¬†PubMed",NA,32
Ferrara_2017,10.1172/JCI90592,102,"Mathewson ND, et al. Gut microbiome-derived metabolites modulate intestinal epithelial cell damage mitigate graft-versus-host disease. Nat Immunol. 2016;17(5):505‚Äì513. doi: 10.1038/ni.3400. -¬†DOI¬†-¬†PMC¬†-¬†PubMed",NA,32
Ferrara_2017,10.1172/JCI90592,108,"Ravishankar B, et al. Tolerance to apoptotic cells is regulated by indoleamine 2,3-dioxygenase. Proc Natl Acad Sci U S A. 2012;109(10):3909‚Äì3914. doi: 10.1073/pnas.1117736109. -¬†DOI¬†-¬†PMC¬†-¬†PubMed",NA,32
Ferrara_2017,10.1172/JCI90592,110,"Akahoshi M, et al. A case of transfusion-associated graft-versus-host disease not prevented by white cell-reduction filters. Transfusion. 1992;32(2):169‚Äì172. doi: 10.1046/j.1537-2995.1992.32292180149.x. -¬†DOI¬†-¬†PubMed",NA,32
Ferrara_2017,10.1172/JCI90592,112,Reddy P. Pathophysiology of acute graft-versus-host disease. Hematol Oncol. 2003;21(4):149‚Äì161. doi: 10.1002/hon.716. -¬†DOI¬†-¬†PubMed,NA,32
Ferrara_2017,10.1172/JCI90592,119,"Yu Y, Wang D, Semple D, Anasetti C, Yu X-Z. Separation fo graft-versus-hsot disease graft-versus-leukemia effects by targeting T-bet RORŒ≥T transcription factors. American Society of Hematology. Orlando, Florida; 2010:Oral Poster #1098.",NA,32
Ferrara_2017,10.1172/JCI90592,124,"Varelias A, et al. Acute graft-versus-host disease is regulated by an IL-17-sensitive microbiome. Blood. [published online ahead of print Jan, 2017].¬†https://doi.org/10.1182/blood-2016-08-732628. -¬†DOI¬†-¬†PMC¬†-¬†PubMed",NA,32
Ferrara_2017,10.1172/JCI90592,144,"Marcondes AM, et al. Response of steroid-refractory acute GVHD to Œ±1-antitrypsin. Biol Blood Marrow Transplant. 2016;22(9):1596‚Äì1601. doi: 10.1016/j.bbmt.2016.05.011. -¬†DOI¬†-¬†PubMed",NA,32
Ferrara_2017,10.1172/JCI90592,153,"Park MJ, et al. IL-1 receptor blockade alleviates graft-versus-host disease through downregulation of an interleukin-1Œ≤-dependent glycolytic pathway in Th17 cells. Mediators Inflamm. 2015;2015:631384. -¬†PMC¬†-¬†PubMed",NA,32
Shono_2015,10.1007/s12185-015-1781-5,3,"Salzman NH, de Jong H, Paterson Y, Harmsen HJ, Welling GW, Bos NA. Analysis of 16S libraries of mouse gastrointestinal microflora reveals a large new group of mouse intestinal bacteria. Microbiology. 2002;148:3651‚Äì3660. -¬†PubMed",NA,18
Shono_2015,10.1007/s12185-015-1781-5,10,"Castellarin M, Warren RL, Freeman JD, Dreolini L, Krzywinski M, Strauss J, Barnes R, Watson P, Allen-Vercoe E, Moore RA, et al. Fusobacterium nucleatum infection is prevalent in human colorectal carcinoma. Genome Res. 2012;22:299‚Äì306. -¬†PMC¬†-¬†PubMed",NA,18
Shono_2015,10.1007/s12185-015-1781-5,12,"Kostic AD, Gevers D, Pedamallu CS, Michaud M, Duke F, Earl AM, Ojesina AI, Jung J, Bass AJ, Tabernero J, et al. Genomic analysis identifies association of Fusobacterium with colorectal carcinoma. Genome Res. 2012;22:292‚Äì298. -¬†PMC¬†-¬†PubMed",NA,18
Shono_2015,10.1007/s12185-015-1781-5,17,"van Bekkum DW, Roodenburg J, Heidt PJ, van der Waaij D. Mitigation of secondary disease of allogeneic mouse radiation chimeras by modification of the intestinal microflora. J Natl Cancer Inst. 1974;52:401‚Äì404. -¬†PubMed",NA,18
Shono_2015,10.1007/s12185-015-1781-5,26,"Nuding S, Antoni L, Stange EF. The host and the flora. Dig Dis. 2013;31:286‚Äì292. -¬†PubMed",NA,18
Shono_2015,10.1007/s12185-015-1781-5,27,Blaser MJ. The microbiome revolution. J Clin Invest. 2014;124:4162‚Äì4165. -¬†PMC¬†-¬†PubMed,NA,18
Shono_2015,10.1007/s12185-015-1781-5,32,"Coombes JL, Siddiqui KR, Arancibia-Carcamo CV, Hall J, Sun CM, Belkaid Y, Powrie F. A functionally specialized population of mucosal CD103+ DCs induces Foxp3+ regulatory T cells via a TGF-beta and retinoic acid-dependent mechanism. J Exp Med. 2007;204:1757‚Äì1764. -¬†PMC¬†-¬†PubMed",NA,18
Shono_2015,10.1007/s12185-015-1781-5,35,"Harrington L, Srikanth CV, Antony R, Rhee SJ, Mellor AL, Shi HN, Cherayil BJ. Deficiency of indoleamine 2,3-dioxygenase enhances commensal-induced antibody responses and protects against Citrobacter rodentium-induced colitis. Infect Immun. 2008;76:3045‚Äì3053. -¬†PMC¬†-¬†PubMed",NA,18
Shono_2015,10.1007/s12185-015-1781-5,38,"Smith PM, Howitt MR, Panikov N, Michaud M, Gallini CA, Bohlooly YM, Glickman JN, Garrett WS. The microbial metabolites, short-chain fatty acids, regulate colonic Treg cell homeostasis. Science. 2013;341:569‚Äì573. -¬†PMC¬†-¬†PubMed",NA,18
Shono_2015,10.1007/s12185-015-1781-5,41,"Atarashi K, Tanoue T, Shima T, Imaoka A, Kuwahara T, Momose Y, Cheng G, Yamasaki S, Saito T, Ohba Y, et al. Induction of colonic regulatory T cells by indigenous Clostridium species. Science. 2011;331:337‚Äì341. -¬†PMC¬†-¬†PubMed",NA,18
Shono_2015,10.1007/s12185-015-1781-5,70,"Nicholson JK, Holmes E, Kinross J, Burcelin R, Gibson G, Jia W, Pettersson S. Host-gut microbiota metabolic interactions. Science. 2012;336:1262‚Äì1267. -¬†PubMed",NA,18
Shono_2015,10.1007/s12185-015-1781-5,72,"Maslowski KM, Mackay CR. Diet, gut microbiota and immune responses. Nat Immunol. 2011;12:5‚Äì9. -¬†PubMed",NA,18
Shono_2015,10.1007/s12185-015-1781-5,73,"Gordon JI, Dewey KG, Mills DA, Medzhitov RM. The human gut microbiota and undernutrition. Sci Transl Med. 2012;4:137ps12. -¬†PubMed",NA,18
Shono_2015,10.1007/s12185-015-1781-5,79,"Hauer-Jensen M, Denham JW, Andreyev HJ. Radiation enteropathy-pathogenesis, treatment and prevention. Nat Rev Gastroenterol Hepatol. 2014 -¬†PMC¬†-¬†PubMed",NA,18
Shono_2015,10.1007/s12185-015-1781-5,86,"Abedi MR, Hammarstrom L, Ringden O, Smith CI. Development of IgA deficiency after bone marrow transplantation. The influence of acute and chronic graft-versus-host disease. Transplantation. 1990;50:415‚Äì421. -¬†PubMed",NA,18
Shono_2015,10.1007/s12185-015-1781-5,87,Cunliffe RN. Alpha-defensins in the gastrointestinal tract. Mol Immunol. 2003;40:463‚Äì467. -¬†PubMed,NA,18
Shono_2015,10.1007/s12185-015-1781-5,99,"Perez-Simon JA, Garcia-Escobar I, Martinez J, Vazquez L, Caballero D, Canizo C, Mateos MV, San Miguel JF. Antibiotic prophylaxis with meropenem after allogeneic stem cell transplantation. Bone Marrow Transplant. 2004;33:183‚Äì187. -¬†PubMed",NA,18
Shono_2015,10.1007/s12185-015-1781-5,110,"Tawara I, Liu C, Tamaki H, Toubai T, Sun Y, Evers R, Nieves E, Mathewson N, Nunez G, Reddy P. Influence of donor microbiota on the severity of experimental graft-versus-host-disease. Biol Blood Marrow Transplant. 2013;19:164‚Äì168. -¬†PMC¬†-¬†PubMed",NA,18
Wang_2015,10.1186/s12967-015-0640-8,8,Velasquez-Manoff M. Gut microbiome: the peacekeepers. Nature. 2015;518:S3‚ÄìS11. -¬†PubMed,NA,27
Wang_2015,10.1186/s12967-015-0640-8,9,"Clarke G, Stilling RM, Kennedy PJ, Stanton C, Cryan JF, Dinan TG. Gut Microbiota: the neglected endocrine organ. Mol Endocrinol. 2014;28:1221‚Äì1238. -¬†PMC¬†-¬†PubMed",NA,27
Wang_2015,10.1186/s12967-015-0640-8,11,Ray K. IBD. Understanding gut microbiota in new-onset Crohn‚Äôs disease. Nat Rev Gastroenterol Hepatol. 2014;11:268. -¬†PubMed,NA,27
Wang_2015,10.1186/s12967-015-0640-8,14,Sargent J. Autoimmunity: T1DM and the gut microbiome. Nat Rev Endocrinol. 2015;11:193. -¬†PubMed,NA,27
Wang_2015,10.1186/s12967-015-0640-8,19,"Scheperjans F, Aho V, Pereira PA, Koskinen K, Paulin L, Pekkonen E, Haapaniemi E, Kaakkola S, Eerola-Rautio J, Pohja M, et al. Gut microbiota are related to Parkinson‚Äôs disease and clinical phenotype. Mov Disord. 2015;30:350‚Äì358. -¬†PubMed",NA,27
Wang_2015,10.1186/s12967-015-0640-8,22,Tannock GW. Molecular assessment of intestinal microflora. Am J Clin Nutr. 2001;73:410S‚Äì414S. -¬†PubMed,NA,27
Wang_2015,10.1186/s12967-015-0640-8,23,"Shendure J, Ji H. Next-generation DNA sequencing. Nat Biotechnol. 2008;26:1135‚Äì1145. -¬†PubMed",NA,27
Wang_2015,10.1186/s12967-015-0640-8,24,"Fuller CW, Middendorf LR, Benner SA, Church GM, Harris T, Huang X, Jovanovich SB, Nelson JR, Schloss JA, Schwartz DC, Vezenov DV. The challenges of sequencing by synthesis. Nat Biotechnol. 2009;27:1013‚Äì1023. -¬†PubMed",NA,27
Wang_2015,10.1186/s12967-015-0640-8,27,"Aulagnon F, Scemla A, DeWolf S, Legendre C, Zuber J. Diarrhea after kidney transplantation: a new look at a frequent symptom. Transplantation. 2014;98:806‚Äì816. -¬†PubMed",NA,27
Wang_2015,10.1186/s12967-015-0640-8,28,"Arnaout K, Patel N, Jain M, El-Amm J, Amro F, Tabbara IA. Complications of allogeneic hematopoietic stem cell transplantation. Cancer Invest. 2014;32:349‚Äì362. -¬†PubMed",NA,27
Wang_2015,10.1186/s12967-015-0640-8,30,"Chong AS, Alegre ML. The impact of infection and tissue damage in solid-organ transplantation. Nat Rev Immunol. 2012;12:459‚Äì471. -¬†PMC¬†-¬†PubMed",NA,27
Wang_2015,10.1186/s12967-015-0640-8,32,"Turner DL, Gordon CL, Farber DL. Tissue-resident T cells, in situ immunity and transplantation. Immunol Rev. 2014;258:150‚Äì166. -¬†PubMed",NA,27
Wang_2015,10.1186/s12967-015-0640-8,34,"Lopez-Oliva MO, Martinez V, Buitrago A, Jimenez C, Rivas B, Escuin F, Santana MJ, Selgas R, Bellon T. Pretransplant CD8 T-cell response to IE-1 discriminates seropositive kidney recipients at risk of developing CMV infection posttransplant. Transplantation. 2014;97:839‚Äì845. -¬†PubMed",NA,27
Wang_2015,10.1186/s12967-015-0640-8,35,"Bromberg JS, Fricke WF, Brinkman CC, Simon T, Mongodin EF. Microbiota-implications for immunity and transplantation. Nat Rev Nephrol. 2015;11:342‚Äì353. -¬†PubMed",NA,27
Wang_2015,10.1186/s12967-015-0640-8,36,"Bartman C, Chong AS, Alegre ML. The influence of the microbiota on the immune response to transplantation. Curr Opin Organ Transplant. 2015;20:1‚Äì7. -¬†PMC¬†-¬†PubMed",NA,27
Wang_2015,10.1186/s12967-015-0640-8,39,"Lau K, Benitez P, Ardissone A, Wilson TD, Collins EL, Lorca G, Li N, Sankar D, Wasserfall C, Neu J, et al. Inhibition of type 1 diabetes correlated to a Lactobacillus johnsonii N6.2-mediated Th17 bias. J Immunol. 2011;186:3538‚Äì3546. -¬†PubMed",NA,27
Wang_2015,10.1186/s12967-015-0640-8,44,"Atarashi K, Tanoue T, Shima T, Imaoka A, Kuwahara T, Momose Y, Cheng G, Yamasaki S, Saito T, Ohba Y, et al. Induction of colonic regulatory T cells by indigenous Clostridium species. Science. 2011;331:337‚Äì341. -¬†PMC¬†-¬†PubMed",NA,27
Wang_2015,10.1186/s12967-015-0640-8,47,"Yu MH, Yu XL, Chen CL, Gao LH, Mao WL, Yan D, Chen Y, Sheng JF, Li LJ, Zheng SS. The change of intestinal microecology in rats after orthotopic liver transplantation. Zhonghua Wai Ke Za Zhi. 2008;46:1139‚Äì1142. -¬†PubMed",NA,27
Wang_2015,10.1186/s12967-015-0640-8,54,"Beighton D, Gilbert SC, Clark D, Mantzourani M, Al-Haboubi M, Ali F, Ransome E, Hodson N, Fenlon M, Zoitopoulos L, Gallagher J. Isolation and identification of bifidobacteriaceae from human saliva. Appl Environ Microbiol. 2008;74:6457‚Äì6460. -¬†PMC¬†-¬†PubMed",NA,27
Wang_2015,10.1186/s12967-015-0640-8,64,"Fricke WF, Maddox C, Song Y, Bromberg JS. Human microbiota characterization in the course of renal transplantation. Am J Transplant. 2014;14:416‚Äì427. -¬†PubMed",NA,27
Wang_2015,10.1186/s12967-015-0640-8,75,"Bayston K, Baumgartner JD, Clark P, Cohen J. Anti-endotoxin antibody for prevention of acute GVHD. Bone Marrow Transplant. 1991;8:426‚Äì427. -¬†PubMed",NA,27
Wang_2015,10.1186/s12967-015-0640-8,82,"Lumbreras C, Lizasoain M, Moreno E, Aguado JM, Gomez R, Garcia I, Gonzalez I, Loinaz C, Cisneros C, Noriega AR. Major bacterial infections following liver transplantation: a prospective study. Hepatogastroenterology. 1992;39:362‚Äì365. -¬†PubMed",NA,27
Wang_2015,10.1186/s12967-015-0640-8,94,"Ley RE, Backhed F, Turnbaugh P, Lozupone CA, Knight RD, Gordon JI. Obesity alters gut microbial ecology. Proc Natl Acad Sci U S A. 2005;102:11070‚Äì11075. -¬†PMC¬†-¬†PubMed",NA,27
Wang_2015,10.1186/s12967-015-0640-8,95,"Arumugam M, Raes J, Pelletier E, Le Paslier D, Yamada T, Mende DR, Fernandes GR, Tap J, Bruls T, Batto JM, et al. Enterotypes of the human gut microbiome. Nature. 2011;473:174‚Äì180. -¬†PMC¬†-¬†PubMed",NA,27
Wang_2015,10.1186/s12967-015-0640-8,96,"Faith JJ, Guruge JL, Charbonneau M, Subramanian S, Seedorf H, Goodman AL, Clemente JC, Knight R, Heath AC, Leibel RL, et al. The long-term stability of the human gut microbiota. Science. 2013;341:1237439. -¬†PMC¬†-¬†PubMed",NA,27
Wang_2015,10.1186/s12967-015-0640-8,102,"Saraswati S, Sitaraman R. Aging and the human gut microbiota-from correlation to causality. Front Microbiol. 2014;5:764. -¬†PMC¬†-¬†PubMed",NA,27
Wang_2015,10.1186/s12967-015-0640-8,105,"Davenport ER, Mizrahi-Man O, Michelini K, Barreiro LB, Ober C, Gilad Y. Seasonal variation in human gut microbiome composition. PLoS One. 2014;9:e90731. -¬†PMC¬†-¬†PubMed",NA,27
Bai_2025,10.1016/j.exphem.2025.104833,2,"A.L. Lennard, GH. Jackson Stem cell transplantation BMJ, 321 (2000), pp. 433-437",NA,34
Bai_2025,10.1016/j.exphem.2025.104833,4,"Y. Inamoto, P.J. Martin, S. Paczesny, et al. Association of plasma CD163 concentration with de novo-onset chronic graft-versus-host disease Biol Blood Marrow Transplant, 23 (2017), pp. 1250-1256",NA,34
Bai_2025,10.1016/j.exphem.2025.104833,6,"R. Zhang, J. Qi, M. Zhou, et al. Upregulation of Nrf2 attenuates oxidative stress-induced, complement activation-associated endothelial injury and apoptosis in transplant-associated thrombotic microangiopathy Transplant Cell Ther, 27 (2021) 758.e1‚Äì758.e8",NA,34
Bai_2025,10.1016/j.exphem.2025.104833,17,"J.E. Le Belle, N.M. Orozco, A.A. Paucar, et al. Proliferative neural stem cells have high endogenous ROS levels that regulate self-renewal and neurogenesis in a PI3K/Akt-dependent manner Cell Stem Cell, 8 (2011), pp. 59-71",NA,34
Bai_2025,10.1016/j.exphem.2025.104833,21,"M. Tesio, K. Golan, S. Corso, et al. Enhanced c-Met activity promotes G-CSF-induced mobilization of hematopoietic progenitor cells via ROS signaling Blood, 117 (2011), pp. 419-428",NA,34
Bai_2025,10.1016/j.exphem.2025.104833,23,"L. Wu, X. Li, Q. Lin, F. Chowdhury, M.H. Mazumder, W. Du FANCD2 and HES1 suppress inflammation-induced PPAR…£ to prevent haematopoietic stem cell exhaustion Br J Haematol, 192 (2021), pp. 652-663",NA,34
Bai_2025,10.1016/j.exphem.2025.104833,29,"L. Vanella, C.J. Sanford Jr, D.H. Kim, N.G. Abraham, N. Ebraheim Oxidative stress and heme oxygenase-1 regulated human mesenchymal stem cells differentiation Int J Hypertens, 2012 (2012), Article 890671",NA,34
Bai_2025,10.1016/j.exphem.2025.104833,30,"A. Agita, MT. Alsagaff Inflammation, immunity, and hypertension Acta Med Indones, 49 (2017), pp. 158-165",NA,34
Bai_2025,10.1016/j.exphem.2025.104833,42,"K. Akuta, K. Fukushima, K. Nakata, et al. Autoimmunemediated thrombocytopenia after allogeneic hematopoietic stem cell transplantation: significance of detecting reticulated platelets and glycoproteinspecific platelet autoantibodies Int J Hematol, 115 (2022), pp. 322-328",NA,34
Bai_2025,10.1016/j.exphem.2025.104833,46,"K.I. Im, N. Kim, J.Y. Lim, et al. The free radical scavenger NecroX7 attenuates acute graftversushost disease via reciprocal regulation of Th1/regulatory T cells and inhibition of HMGB1 release J Immunol, 194 (2015), pp. 5223-5232",NA,34
Bai_2025,10.1016/j.exphem.2025.104833,47,"J.M. Ju, G. Nam, Y.K. Lee, et al. IDO1 scavenges reactive oxygen species in myeloidderived suppressor cells to prevent graftversushost disease Proc Natl Acad Sci U S A, 118 (2021), Article e2011170118",NA,34
Bai_2025,10.1016/j.exphem.2025.104833,48,"X.N. Cao, Y. Kong, Y. Song, et al. Impairment of bone marrow endothelial progenitor cells in acute graft-versus-host disease patients after allotransplant Br J Haematol, 182 (2018), pp. 870-886",NA,34
Bai_2025,10.1016/j.exphem.2025.104833,49,"S. Kaliyaperumal, B. Watkins, P. Sharma, et al. CD8predominant Tcell CNS infiltration accompanies GVHD in primates and is improved with immunoprophylaxis Blood, 123 (2014), pp. 1967-1969",NA,34
Bai_2025,10.1016/j.exphem.2025.104833,50,"R.C. Adams, D. CarterCusack, S.N. Shaikh, et al. Donor bone marrow-derived macrophage MHC II drives neuroinflammation and altered behavior during chronic GVHD in mice Blood, 139 (2022), pp. 1389-1408",NA,34
Bai_2025,10.1016/j.exphem.2025.104833,51,"S. Paczesny, O.I. Krijanovski, T.M. Braun, et al. A biomarker panel for acute graftversushost disease Blood, 113 (2009), pp. 273-278",NA,34
Bai_2025,10.1016/j.exphem.2025.104833,52,"T.R. Ziegler, A. Panoskaltsus-Mortari, L.H. Gu, et al. Regulation of glutathione redox status in lung and liver by conditioning regimens and keratinocyte growth factor in murine allogeneic bone marrow transplantation Transplantation, 72 (2001), pp. 1354-1362",NA,34
Bai_2025,10.1016/j.exphem.2025.104833,53,"A. Zhang, J. Zhang, X. Li, et al. hPMSCs inhibit the expression of PD1 in CD4‚Å∫IL10‚Å∫ T cells and mitigate liver damage in a GVHD mouse model by regulating the crosstalk between Nrf2 and NFŒ∫B signaling pathway Stem Cell Res Ther, 12 (2021), p. 368",NA,34
Bai_2025,10.1016/j.exphem.2025.104833,63,"B.L. Laskin, J. Goebel, S.M. Davies, S. Jodele Small vessels, big trouble in the kidneys and beyond: hematopoietic stem cell transplantation-associated thrombotic microangiopathy Blood, 118 (2011), pp. 1452-1462",NA,34
Bai_2025,10.1016/j.exphem.2025.104833,73,"Z. Yan, X. Chen, H. Wang, et al. Effect of pre-transplantation serum ferritin on outcomes in patients undergoing allogeneic hematopoietic stem cell transplantation: a meta-analysis Medicine (Baltimore), 97 (2018), Article e10310",NA,34
Bai_2025,10.1016/j.exphem.2025.104833,90,"J.L. Round, SK. Mazmanian Inducible Foxp3+ regulatory T-cell development by a commensal bacterium of the intestinal microbiota Proc Natl Acad Sci U S A, 107 (2010), pp. 12204-12209",NA,34
Bai_2025,10.1016/j.exphem.2025.104833,95,"M. Lakkaraja, M. Scordo, A. Mauguen, et al. Antithymocyte globulin exposure in CD34+ T-cell-depleted allogeneic hematopoietic cell transplantation Blood Adv, 6 (2022), pp. 1054-1063",NA,34
Bai_2025,10.1016/j.exphem.2025.104833,100,"S.M. Trifilio, J. Pi, J. Mehta Changing epidemiology of Clostridium difficile-associated disease during stem cell transplantation Biol Blood Marrow Transplant, 19 (2013), pp. 405-409",NA,34
Bai_2025,10.1016/j.exphem.2025.104833,116,"B.W. Haak, E.R. Littmann, J.L. Chaubard, et al. Impact of gut colonization with butyrate-producing microbiota on respiratory viral infection following allo-HCT Blood, 131 (2018), pp. 2978-2986",NA,34
Bai_2025,10.1016/j.exphem.2025.104833,121,"C.K. Stein-Thoeringer, K.B. Nichols, A. Lazrak, et al. Lactose drives Enterococcus expansion to promote graft-versus-host disease Science, 366 (2019), pp. 1143-1149",NA,34
Bai_2025,10.1016/j.exphem.2025.104833,124,"K.M. Williams, G.S. Cheng, I. Pusic, et al. Fluticasone, azithromycin, and montelukast treatment for new-onset bronchiolitis obliterans syndrome after hematopoietic cell transplantation Biol Blood Marrow Transplant, 22 (2016), pp. 710-716",NA,34
Bai_2025,10.1016/j.exphem.2025.104833,133,"A. Bomzon, S. Holt, K. Moore Bile acids, oxidative stress, and renal function in biliary obstruction Semin Nephrol, 17 (1997), pp. 549-562",NA,34
Bai_2025,10.1016/j.exphem.2025.104833,147,"HR. Ford Mechanism of nitric oxide-mediated intestinal barrier failure: insight into the pathogenesis of necrotizing enterocolitis J Pediatr Surg, 41 (2006), pp. 294-299",NA,34
Bai_2025,10.1016/j.exphem.2025.104833,152,"EA. Mayer Gut feelings: the emerging biology of gut-brain communication Nat Rev Neurosci, 12 (2011), pp. 453-466",NA,34
Bai_2025,10.1016/j.exphem.2025.104833,154,"J.R. Sheedy, R.E. Wettenhall, D. Scanlon, et al. Increased d-lactic acid intestinal bacteria in patients with chronic fatigue syndrome In Vivo., 23 (2009), pp. 621-628",NA,34
Bai_2025,10.1016/j.exphem.2025.104833,157,"J. Tang, L. Xu, Y. Zeng, F. Gong Effect of gut microbiota on LPS-induced acute lung injury by regulating the TLR4/NF-Œ∫B signaling pathway Int Immunopharmacol, 91 (2021), Article 107272",NA,34
Bai_2025,10.1016/j.exphem.2025.104833,166,"J. Hellman, P.M. Loiselle, M.M. Tehan, et al. Outer membrane protein A, peptidoglycan-associated lipoprotein, and murein lipoprotein are released by Escherichia coli bacteria into serum Infect Immun, 68 (2000), pp. 2566-2572",NA,34
Bai_2025,10.1016/j.exphem.2025.104833,167,"J. Hellman, P.M. Loiselle, E.M. Zanzot, et al. Release of gram-negative outer-membrane proteins into human serum and septic rat blood and their interactions with immunoglobulin in antiserum to Escherichia coli J5 J Infect Dis, 181 (2000), pp. 1034-1043",NA,34
Bai_2025,10.1016/j.exphem.2025.104833,172,"D. Hidaka, E. Hayase, S. Shiratori, et al. The association between the incidence of intestinal graft-vs-host disease and antibiotic use after allogeneic hematopoietic stem cell transplantation Clin Transplant, 32 (2018), Article e13361",NA,34
Bai_2025,10.1016/j.exphem.2025.104833,175,"B.W. Haak, E.R. Littmann, J.L. Chaubard, et al. Impact of gut colonization with butyrate-producing microbiota on respiratory viral infection following allo-HCT Blood, 131 (2018), pp. 2978-2986",NA,34
Wenger&Zeiser_2024,10.1016/j.beha.2024.101567,11,"R. Zeiser, G. Soci√©, B.R. Blazar Pathogenesis of acute graft-versus-host disease: from intestinal microbiota alterations to donor T cell activation Br J Haematol, 175 (2) (2016), pp. 191-207",NA,12
Wenger&Zeiser_2024,10.1016/j.beha.2024.101567,19,"J. H√ºlsd√ºnker, O.S. Thomas, E. Haring, S. Unger, N. Gonzalo N√∫√±ez, S. Tugues, Z. Gao, S. Duquesne, C. Cywes-Bentley, O. Oyardi, S. Kirschnek, A. Schmitt-Graeff, O. Pabst, C. Koenecke, J. Duyster, P. Apostolova, M.J. Blaser, B. Becher, G.B. Pier, G. H√§cker, R. Zeiser Immunization against poly-N-acetylglucosamine reduces neutrophil activation and GVHD while sparing microbial diversity Proc Natl Acad Sci USA, 116 (2019), pp. 20700-20706",NA,12
Wenger&Zeiser_2024,10.1016/j.beha.2024.101567,25,"N.D. Mathewson, R. Jenq, A.V. Mathew, M. Koenigsknecht, A. Hanash, T. Toubai, et al. Gut microbiome-derived metabolites modulate intestinal epithelial cell damage and mitigate graft-versus-host disease Nat Immunol, 17 (5) (2016), pp. 505-513",NA,12
Wenger&Zeiser_2024,10.1016/j.beha.2024.101567,39,"P. Apostolova, S. Unger, F. Meiss, D. von Bubnoff, K. Aumann, B. Becher, R. Zeiser Extracorporeal photopheresis for severe immune checkpoint inhibitor-induced autoimmune colitis N Engl J Med, 382 (2020), pp. 294-296",NA,12
Wenger&Zeiser_2024,10.1016/j.beha.2024.101567,41,"V. Kl√§mbt, S.A. Wohlfeil, L. Schwab, J. H√ºlsd√ºnker, K. Ayata, P. Apostolova, A. Schmitt-Graeff, H. Dierbach, G. Prinz, K. Follo, M. Prinz, M. Idzko, R. Zeiser A novel function for P2Y2 in myeloid recipient-derived cells during GvHD J Immunol, 195 (2015), pp. 5795-5804",NA,12
Wenger&Zeiser_2024,10.1016/j.beha.2024.101567,44,"C. Toffalori, L. Zito, V. Gambacorta, M. Riba, G. Oliveira, G. Bucci, M. Barcella, O. Spinelli, R. Greco, L. Crucitti, N. Cieri, M. Noviello, F. Manfredi, E. Montaldo, R. Ostuni, M.M. Naldini, M. Waterhouse, R. Zeiser, J. Finke, M. Hanoun, D. Beelen, I. Gojo, L. Luznik, M. Onozawa, T. Teshima, R. Devillier, D. Blaise, C.J.M. Halkes, M. Griffioen, M.G. Carrabba, M. Bernardi, J. Peccatori, C. Barlassina, E. Stupka, D. Lazarevic, G. Tonon, A. Rambaldi, D. Cittaro, C. Bonini, K. Fleischhauer, F. Ciceri, L. Vago Non-genomic alterations in antigen presentation and T cell costimulation are distinct drivers of leukemia immune escape and relapse after hematopoietic cell transplantation Nat Med, 25 (2019), pp. 603-611",NA,12
Wenger&Zeiser_2024,10.1016/j.beha.2024.101567,45,"J.N.H.G. Ho, D. Schmidt, T. Lowinus, J. Ryoo, E.P. Dopfer, N. Gonzalo N√∫√±ez, S. Costa-Pereira, C. Toffalori, M. Punta, V. Fetsch, T. Wertheimer, M.C. Rittmann, L.M. Braun, M. Follo, C. Briere, J.M. Vinnakota, M. Langenbach, F. Koppers, K. Shoumariyeh, H. Engel, T. R√ºckert, M. M√§rklin, S. Holzmayer, A.L. Illert, F. Magon, G. Andrieux, S. Duquesne, D. Pfeifer, J. Staniek, M. Rizzi, C. Miething, N. K√∂hler, J. Duyster, H.D. Menssen, M. Boerries, J.M. Buescher, N. Cabezas-Wallscheid, B.R. Blazar, P. Apostolova, L. Vago, E.L. Pearce, B. Becher, R. Zeiser Targeting MDM2 enhances anti-leukemia immunity after allogeneic transplantation via MHC-II and TRAIL-R1/2 upregulation Blood, 140 (2022), pp. 1167-1181",NA,12
Wenger&Zeiser_2024,10.1016/j.beha.2024.101567,62,"E. Gorshein, C. Wei, S. Ambrosy, S. Budney, J. Vivas, A. Shenkerman, et al. Lactobacillus rhamnosus GG probiotic enteric regimen does not appreciably alter the gut microbiome or provide protection against GVHD after allogeneic hematopoietic stem cell transplantation Clin Transplant, 31 (5) (2017)",NA,12
Wenger&Zeiser_2024,10.1016/j.beha.2024.101567,67,"Y. Eriguchi, S. Takashima, H. Oka, S. Shimoji, K. Nakamura, H. Uryu, S. Shimoda, H. Iwasaki, N. Shimono, T. Ayabe, K. Akashi, T. Teshima Graft-versus-host disease disrupts intestinal microbial ecology by inhibiting Paneth cell production of alpha-defensins Blood, 120 (2012), pp. 223-231",NA,12
Wenger&Zeiser_2024,10.1016/j.beha.2024.101567,78,"L.E. Willemsen, M.A. Koetsier, S.J. van Deventer, E.A. van Tol Short chain fatty acids stimulate epithelial mucin 2 expression through differential effects on prostaglandin E(1) and E(2) production by intestinal myofibroblasts Gut, 52 (10) (2003), pp. 1442-1447",NA,12
Wenger&Zeiser_2024,10.1016/j.beha.2024.101567,79,"M. Burgos da Silva, D.M. Ponce, A. Dai, M.D. S, A.L.C. Gomes, G. Moore, et al. Preservation of the fecal microbiome is associated with reduced severity of graft-versus-host disease Blood, 140 (22) (2022), pp. 2385-2397",NA,12
Wenger&Zeiser_2024,10.1016/j.beha.2024.101567,84,"D. Jankovic, J. Ganesan, M. Bscheider, N. Stickel, F. Weber, G. Guarda, M. Follo, D. Pfeifer, A. Tardivel, K. Ludigs, A. Bouazzaoui, K. Kerl, J. Fischer, T. Haas, A. Schmitt-Gr√§ff, A. Manoharan, L. M√ºller, J. Finke, S. Martin, O. Gorka, C. Peschel, J. Ruland, M. Idzko, J. Duyster, E. Holler, L.E. French, H. Poeck, E. Contassot, R. Zeiser The Nlrp3-inflammasome regulates acute graft-versus-host disease J Exp Med, 210 (2013), pp. 1899-1910",NA,12
Gray&DeFilipp_2023,10.1016/j.jtct.2023.05.007,3,"M Lee, EB. Chang Inflammatory bowel diseases (IBD) and the microbiome-searching the crime scene for clues Gastroenterology, 160 (2021), pp. 524-537",NA,14
Gray&DeFilipp_2023,10.1016/j.jtct.2023.05.007,23,"F Goeser, B Sifft, C Stein-Thoeringer, et al. Fecal microbiota transfer for refractory intestinal graft-versus-host disease - experience from two German tertiary centers Eur J Haematol, 107 (2021), pp. 229-245",NA,14
Gray&DeFilipp_2023,10.1016/j.jtct.2023.05.007,24,"OV Goloshchapov, EA Bakin, OV Stanevich, et al. Clinical and immune effects of fecal microbiota transplantation in children with acute graft-versus-host disease Cell Ther Transplant, 10 (2021), pp. 69-78",NA,14
Gray&DeFilipp_2023,10.1016/j.jtct.2023.05.007,25,"DW van Bekkum, MJ de Vries, D. van der Waay Lesions characteristic of secondary disease in germfree heterologous radiation chimeras J Natl Cancer Inst, 38 (1967), pp. 223-231",NA,14
Gray&DeFilipp_2023,10.1016/j.jtct.2023.05.007,33,"HM Schoemans, SJ Lee, JL Ferrara, et al. EBMT-NIH-CIBMTR Task Force position statement on standardized terminology & guidance for graft-versus-host disease assessment Bone Marrow Transplant, 53 (2018), pp. 1401-1415",NA,14
Gray&DeFilipp_2023,10.1016/j.jtct.2023.05.007,41,"J Bilinski, K Lis, A Tomaszewska, et al. Fecal microbiota transplantation in patients with acute and chronic graft-versus-host disease‚Äîspectrum of responses and safety profile. Results from a prospective, multicenter study Am J Hematol, 96 (2021), pp. E88-E91",NA,14
Gray&DeFilipp_2023,10.1016/j.jtct.2023.05.007,42,"J Bili≈Ñski, M Jasinski, A Tomaszewska, et al. Fecal microbiota transplantation with ruxolitinib as a treatment modality for steroid-refractory/dependent acute, gastrointestinal graft-versus-host disease: a case series Am J Hematol, 96 (2021), pp. E461-E463",NA,14
Gray&DeFilipp_2023,10.1016/j.jtct.2023.05.007,50,"W Spindelboeck, E Schulz, B Uhl, et al. Repeated fecal microbiota transplantations attenuate diarrhea and lead to sustained changes in the fecal microbiota in acute, refractory gastrointestinal graft-versus-host-disease Haematologica, 102 (2017), pp. e210-e213",NA,14
Gray&DeFilipp_2023,10.1016/j.jtct.2023.05.007,52,"M Jagasia, MA Perales, MA Schroeder, et al. Ruxolitinib for the treatment of steroid-refractory acute GVHD (REACH1): a multicenter, open-label, phase 2 trial Blood, 135 (2020), pp. 1739-1749",NA,14
Gray&DeFilipp_2023,10.1016/j.jtct.2023.05.007,63,"C Marcella, B Cui, CR Kelly, G Ianiro, G Cammarota, F. Zhang Systematic review: the global incidence of faecal microbiota transplantation-related adverse events from 2000 to 2020 Aliment Pharmacol Ther, 53 (2021), pp. 33-42",NA,14
Gray&DeFilipp_2023,10.1016/j.jtct.2023.05.007,66,"Z DeFilipp, PP Bloom, MT Soto, et al. Drug-resistant E. coli bacteremia transmitted by fecal microbiota transplant N Engl J Med, 381 (2019), pp. 2043-2050",NA,14
Gray&DeFilipp_2023,10.1016/j.jtct.2023.05.007,74,"OpenBiome. 2023. Available at: https://openbiome.org. Accessed February 21, 2023.",NA,14
Gray&DeFilipp_2023,10.1016/j.jtct.2023.05.007,75,"MP Kronman, HJ Nielson, AL Adler, et al. Fecal microbiota transplantation via nasogastric tube for recurrent Clostridium difficile infection in pediatric patients J Pediatr Gastroenterol Nutr, 60 (2015), pp. 23-26",NA,14
Gray&DeFilipp_2023,10.1016/j.jtct.2023.05.007,77,"P Feuerstadt, TJ Louie, B Lashner, et al. SER-109, an oral microbiome therapy for recurrent Clostridioides difficile infection N Engl J Med, 386 (2022), pp. 220-229",NA,14
Malard_2022,10.1016/s2352-3026(22)00223-x,3,"J Qin, R Li, J Raes, et al. A human gut microbial gene catalogue established by metagenomic sequencing Nature, 464 (2010), pp. 59-65",NA,12
Malard_2022,10.1016/s2352-3026(22)00223-x,14,"CK Stein-Thoeringer, KB Nichols, A Lazrak, et al. Lactose drives Enterococcus expansion to promote graft-versus-host disease Science, 366 (2019), pp. 1143-1149",NA,12
Malard_2022,10.1016/s2352-3026(22)00223-x,38,"E van Nood, A Vrieze, M Nieuwdorp, et al. Duodenal infusion of donor feces for recurrent Clostridium difficile N Engl J Med, 368 (2013), pp. 407-415",NA,12
Malard_2022,10.1016/s2352-3026(22)00223-x,41,"Z DeFilipp, PP Bloom, M Torres Soto, et al. Drug-resistant E. coli bacteremia transmitted by fecal microbiota transplant N Engl J Med, 381 (2019), pp. 2043-2050",NA,12
Malard_2022,10.1016/s2352-3026(22)00223-x,43,"CH Lee, T Steiner, EO Petrof, et al. Frozen vs fresh fecal microbiota transplantation and clinical resolution of diarrhea in patients with recurrent Clostridium difficile infection: a randomized clinical trial JAMA, 315 (2016), pp. 142-149",NA,12
Malard_2022,10.1016/s2352-3026(22)00223-x,53,"K Neemann, DD Eichele, PW Smith, R Bociek, M Akhtari, A Freifeld Fecal microbiota transplantation for fulminant Clostridium difficile infection in an allogeneic stem cell transplant patient Transplant Infect Dis, 14 (2012), pp. E161-E165",NA,12
Malard_2022,10.1016/s2352-3026(22)00223-x,56,"BJ Webb, A Brunner, CD Ford, MA Gazdik, FB Petersen, D Hoda Fecal microbiota transplantation for recurrent Clostridium difficile infection in hematopoietic stem cell transplant recipients Transpl Infect Dis, 18 (2016), pp. 628-633",NA,12
Malard_2022,10.1016/s2352-3026(22)00223-x,64,"H Ali, S Khurana, W Ma, et al. Safety and efficacy of fecal microbiota transplantation to treat and prevent recurrent Clostridioides difficile in cancer patients J Cancer, 12 (2021), pp. 6498-6506",NA,12
Malard_2022,10.1016/s2352-3026(22)00223-x,65,"J Bilinski, K Lis, A Tomaszewska, et al. Fecal microbiota transplantation in patients with acute and chronic graft-versus-host disease-spectrum of responses and safety profile. Results from a prospective, multicenter study Am J Hematol, 96 (2021), pp. E88-E91",NA,12
Malard_2022,10.1016/s2352-3026(22)00223-x,67,"W Spindelboeck, E Schulz, B Uhl, et al. Repeated fecal microbiota transplantations attenuate diarrhea and lead to sustained changes in the fecal microbiota in acute, refractory gastrointestinal graft-versus-host-disease Haematologica, 102 (2017), pp. e210-e213",NA,12
Malard_2022,10.1016/s2352-3026(22)00223-x,73,"F Goeser, B Sifft, C Stein-Thoeringer, et al. Fecal microbiota transfer for refractory intestinal graft-versus-host disease‚Äîexperience from two German tertiary centers Eur J Haematol, 107 (2021), pp. 229-245",NA,12
Malard_2022,10.1016/s2352-3026(22)00223-x,79,"D Davar, AK Dzutsev, JA McCulloch, et al. Fecal microbiota transplant overcomes resistance to anti-PD-1 therapy in melanoma patients Science, 371 (2021), pp. 595-602",NA,12
Thiagarajan_2019,10.1007/s00281-019-00769-w,1,"Ferrara JL, Levine JE, Reddy P, Holler E (2009) Graft-versus-host disease. Lancet 373(9674):1550‚Äì1561",NA,13
Thiagarajan_2019,10.1007/s00281-019-00769-w,7,"Ferrara JLM, Chaudhry MS (2018) GVHD: biology matters. Blood Advances 2(22):3411",NA,13
Thiagarajan_2019,10.1007/s00281-019-00769-w,14,"Takatori H, Kanno Y, Watford WT, Tato CM, Weiss G, Ivanov II, Littman DR, O'Shea JJ (2009) Lymphoid tissue inducer-like cells are an innate source of IL-17 and IL-22. J Exp Med 206(1):35‚Äì41",NA,13
Thiagarajan_2019,10.1007/s00281-019-00769-w,26,van Bekkum DW et al (1974) Mitigation of secondary disease of allogeneic mouse radiation chimeras by modification of the intestinal microflora. J Natl Cancer Inst 52(2):401‚Äì404,NA,13
Thiagarajan_2019,10.1007/s00281-019-00769-w,30,"Sefik E, Geva-Zatorsky N, Oh S, Konnikova L, Zemmour D, McGuire A, Burzyn D, Ortiz-Lopez A, Lobera M, Yang J, Ghosh S, Earl A, Snapper SB, Jupp R, Kasper D, Mathis D, Benoist C (2015) MUCOSAL IMMUNOLOGY. Individual intestinal symbionts induce a distinct population of RORgamma(+) regulatory T cells. Science 349(6251):993‚Äì997",NA,13
Thiagarajan_2019,10.1007/s00281-019-00769-w,31,Ohnmacht C et al (2015) MUCOSAL IMMUNOLOGY. The microbiota regulates type 2 immunity through RORgammat(+) T cells. Science 349(6251):989‚Äì993,NA,13
Thiagarajan_2019,10.1007/s00281-019-00769-w,32,Atarashi K et al (2011) Induction of colonic regulatory T cells by indigenous Clostridium species. Science 331(6015):337‚Äì341,NA,13
Thiagarajan_2019,10.1007/s00281-019-00769-w,37,"Mottet C, Uhlig HH, Powrie F (2003) Cutting edge: cure of colitis by CD4 + CD25+ regulatory T cells. J Immunol 170(8):3939‚Äì3943",NA,13
Thiagarajan_2019,10.1007/s00281-019-00769-w,42,"Panduro M, Benoist C, Mathis D (2016) Tissue Tregs. Annu Rev Immunol 34:609‚Äì633",NA,13
Thiagarajan_2019,10.1007/s00281-019-00769-w,46,"Sandborn WJ, Feagan BG, Rutgeerts P, Hanauer S, Colombel JF, Sands BE, Lukas M, Fedorak RN, Lee S, Bressler B, Fox I, Rosario M, Sankoh S, Xu J, Stephens K, Milch C, Parikh A, GEMINI 2 Study Group (2013) Vedolizumab as induction and maintenance therapy for Crohn‚Äôs disease. N Engl J Med 369(8):711‚Äì721",NA,13
Thiagarajan_2019,10.1007/s00281-019-00769-w,50,O‚ÄôShea JJ (2004) Targeting the Jak/STAT pathway for immunosuppression. Ann Rheum Dis 63(suppl 2):ii67‚Äìii71,NA,13
Thiagarajan_2019,10.1007/s00281-019-00769-w,54,"Imamura M, Hashino S, Kobayashi H, Kubayashi S, Hirano S, Minagawa T, Tanaka J, Fujii Y, Kobayashi M, Kasai M (1994) Serum cytokine levels in bone marrow transplantation: synergistic interaction of interleukin-6, interferon-gamma, and tumor necrosis factor-alpha in graft-versus-host disease. Bone Marrow Transplant 13(6):745‚Äì751",NA,13
Thiagarajan_2019,10.1007/s00281-019-00769-w,56,"Remberger M, Ringden O, Markling L (1995) TNF alpha levels are increased during bone marrow transplantation conditioning in patients who develop acute GVHD. Bone Marrow Transplant 15(1):99‚Äì104",NA,13
Shallis_2018,10.1002/ajh.24896,4,"Lloyd-Price J, Abu-Ali G, Huttenhower C. The healthy human microbiome. Genome Med. 2016; 8: 51.",NA,13
Shallis_2018,10.1002/ajh.24896,12,"van Bekkum DW, Roodenburg J, Heidt PJ, van der Waaij D. Mitigation of secondary disease of allogeneic mouse radiation chimeras by modification of the intestinal microflora. J Natl Cancer Inst. 1974; 52: 401‚Äì404.",NA,13
Shallis_2018,10.1002/ajh.24896,25,"Kinnebrew MA, Ubeda C, Zenewicz LA, Smith N, Flavell RA, Pamer EG. Bacterial flagellin stimulates Toll-like receptor 5-dependent defense against vancomycin-resistant Enterococcus infection. J Infect Dis. 2010; 201: 534‚Äì543.",NA,13
Shallis_2018,10.1002/ajh.24896,32,"Sigalet DL, Mackenzie SL, Hameed SM. Enteral nutrition and mucosal immunity: implications for feeding strategies in surgery and trauma. Can J Surg. 2004; 47: 109‚Äì116.",NA,13
Shallis_2018,10.1002/ajh.24896,34,"Smith PM, Howitt MR, Panikov N, et al. The microbial metabolites, short chain fatty acids, regulate colonic Treg cell homeostasis. Science. 2013; 341: 569‚Äì573.",NA,13
Shallis_2018,10.1002/ajh.24896,35,"Atarashi K, Tanoue T, Shima T, et al. Induction of colonic regulatory T cells by indigenous Clostridium species. Science. 2011; 331: 337‚Äì341.",NA,13
Shallis_2018,10.1002/ajh.24896,39,"Matthewson ND, Jenq R, Matthew AV, et al. Gut microbiome-derived metabolites modulate intestinal epithelial cell damage and mitigate graft-versus-host disease. Nat Immunol. 2016; 17: 505‚Äì513.",NA,13
Shallis_2018,10.1002/ajh.24896,52,"Agha A, Sehgal A, Lim MJ, et al. Peri-transplant Clostridium difficile infections in patients undergoing allogeneic hematopoietic progenitor cell transplant. Am J Hematol. 2016; 91: 291‚Äì294.",NA,13
Shallis_2018,10.1002/ajh.24896,60,"Dubberke ER, Reske KA, Srivastava A, et al. Clostridim difficile-associated disease in allogeneic stem-cell transplant recipients: Risk associations, protective associations, and outcomes. Clin Transplant. 2010; 24: 192‚Äì198.",NA,13
Shallis_2018,10.1002/ajh.24896,61,"Hempel S, Newberry SJ, Maher AR, et al. Probiotics for the prevention and treatment of antibiotic-associated diarrhea: a systematic review and meta-analysis. JAMA. 2012; 307: 1959‚Äì1969.",NA,13
Shallis_2018,10.1002/ajh.24896,63,"Peled JU, Devlin SM, Staffas A, et al. Intestinal microbiota and relapse after hematopoietic-cell transplantation. J Clin Oncol. 2017; 35: 1650‚Äì1659.",NA,13
Shallis_2018,10.1002/ajh.24896,65,"Drekonja D, Reich J, Gezahegn S, et al. Fecal microbiota transplantation for Clostridium difficile infection: A systematic review. Ann Intern Med. 2015; 162: 630‚Äì638.",NA,13
Shallis_2018,10.1002/ajh.24896,68,"Webb BJ, Brunner A, Ford CD, Gazdik MA, Petersen FB, Hoda D. Fecal microbiota transplantation for recurrent Clostridium difficile infection in hematopoietic stem cell transplant recipients. Transpl Infect Dis. 2016; 18: 628‚Äì633.",NA,13
Pessach_2017,10.1080/17474086.2017.1288566,1,"Thomas ED, Storb R, Clift RA, et al. Bone marrow transplantation. N Engl J Med. 1975;292:832‚àí843.",NA,34
Pessach_2017,10.1080/17474086.2017.1288566,2,Copelan EA. Hematopoietic stem-cell transplantation. N Engl J Med. 2006;354:1813‚Äì1826.,NA,34
Pessach_2017,10.1080/17474086.2017.1288566,5,"Goto Y, Ivanov II. Intestinal epithelial cells as mediators of the commensal-host immune crosstalk. Immunol Cell Biol. 2013;9:204‚Äì214.",NA,34
Pessach_2017,10.1080/17474086.2017.1288566,6,"Pabst O, Mowat AM. Oral tolerance to food protein. Mucosal Immunol. 2012;5:232‚Äì239.",NA,34
Pessach_2017,10.1080/17474086.2017.1288566,8,"Nakato G, Hase K, Suzuki M, et al. Cutting edge: brucella abortus exploits a cellular prion protein on intestinal M cells as an invasive receptor. J. Immunol. 2012;189:1540‚Äì1544.",NA,34
Pessach_2017,10.1080/17474086.2017.1288566,13,"Ayabe T, Satchell DP, Wilson CL, et al. Secretion of microbicidal alpha-defensins by intestinal paneth cells in response to bacteria. Nat Immunol. 2000;1:113‚Äì118.",NA,34
Pessach_2017,10.1080/17474086.2017.1288566,17,"Eriguchi Y, Nakamura K, Hashimoto D, et al. Decreased secretion of paneth cell Œ±-defensins in graft-versus-host disease. Transpl Infect Dis. 2015;17:702‚Äì706.",NA,34
Pessach_2017,10.1080/17474086.2017.1288566,23,"Spits H, Artis D, Colonna M, et al. Innate lymphoid cells ‚Äì a proposal for uniform nomenclature. Nat Rev Immunol. 2013;13:145‚Äì149.",NA,34
Pessach_2017,10.1080/17474086.2017.1288566,28,"Price AE, Liang HE, Sullivan BM, et al. Systemically dispersed innate IL-13- expressing cells in type 2 immunity. Proc Natl Acad Sci USA. 2010;107:11489‚Äì11494.",NA,34
Pessach_2017,10.1080/17474086.2017.1288566,29,"Mjosberg JM, Trifari S, Crellin NK, et al. Human IL-25- and IL-33responsive type 2 innate lymphoid cells are deÔ¨Åned by expression of CRTH2 and CD161. Nat Immunol. 2011;12:1055‚Äì1062.",NA,34
Pessach_2017,10.1080/17474086.2017.1288566,32,"Hazenberg MD, Spits H. Human innate lymphoid cells. Blood. 2014;124:700‚Äì709.",NA,34
Pessach_2017,10.1080/17474086.2017.1288566,33,"Wolk K, Witte E, Witte K, et al. Biology of interleukin-22. Semin Immunopathol. 2010;32:17‚Äì31.",NA,34
Pessach_2017,10.1080/17474086.2017.1288566,39,"Lindemans CA, Calafiore M, Mertelsmann AM, et al. Interleykin-22 promotes intestinal stem cell mediated epithelial regeneration. Nature. 2015;528:560‚Äì564.",NA,34
Pessach_2017,10.1080/17474086.2017.1288566,40,"Schwab L, Goroncy L, Palaniyandi S, et al. Neutrophil granulocytes recruited upon translocation of intestinal bacteria enhance GvHD via tissue damage. Nat Med. 2014;20:648‚Äì654.",NA,34
Pessach_2017,10.1080/17474086.2017.1288566,42,"Nobuhiko K, Sang-Uk S, Grace Y, et al. Role of the gut microbiota in immunity and inflammatory disease. Nat Rev Immunol. 2013;13:321‚Äì335.",NA,34
Pessach_2017,10.1080/17474086.2017.1288566,44,"Ferrara JL, Levine JE, Reddy P, et al. ‚Äò‚ÄôGraft-versus-host disease‚Äù. Lancet. 2009;373:1550‚Äì1561.",NA,34
Pessach_2017,10.1080/17474086.2017.1288566,46,"Coombes JL, Powrie F. Dendritic cells in intestinal immune regulation. Nat Rev Immunol. 2008;8:435‚Äì446.",NA,34
Pessach_2017,10.1080/17474086.2017.1288566,49,"Nestel FP, Price KS, Seemayer TA, et al. Macrophage priming and lipopolysaccharide triggered release of tumor necrosis factor alpha during graft-versus-host disease. J Exp Med. 1992;175:405‚Äì413.",NA,34
Pessach_2017,10.1080/17474086.2017.1288566,52,"Fegan C, Poynton CH, Whittaker JA. The gut mucosal barrier in bone marrow transplantation. Bone Marrow Transplant. 1990;5:373‚Äì377.",NA,34
Pessach_2017,10.1080/17474086.2017.1288566,53,Shlomchik WD. Graft-versus-host disease. Nat Rev. 2007;7:340‚Äì352.,NA,34
Pessach_2017,10.1080/17474086.2017.1288566,62,"O‚ÄôBrien K, Fitzgerald D, Rostami A, et al. The TLR7 agonist, imiquimod, increases IFN-beta production and reduces the severity of experimental autoimmune encephalomyelitis. J Neuroimmunol. 2010;221:107‚Äì111.",NA,34
Pessach_2017,10.1080/17474086.2017.1288566,66,"Strober W, Kitani A, Fuss I, et al. The molecular basis of NOD2 susceptibility mutations in Crohn‚Äôs disease. Mucosal Immunol. 2008;1:S5‚Äì9.",NA,34
Pessach_2017,10.1080/17474086.2017.1288566,71,"Rajilic-Stojanovic M, de Vos WM. The first 1000 cultured species of the human gastrointestinal microbiota. FEMS Microbiol Rev. 2014;38:996‚Äì1047.",NA,34
Pessach_2017,10.1080/17474086.2017.1288566,73,"Tomkovich S, Jobin C. Microbiota and host immune responses: a love-hate relationship. Immunology. 2016;147:1‚Äì10.",NA,34
Pessach_2017,10.1080/17474086.2017.1288566,77,"Atarashi K, Tanoue T, Shima T, et al. Induction of colonic regulatory T cells by indigenous Clostridium species. Science. 2011;331:337‚Äì341.",NA,34
Pessach_2017,10.1080/17474086.2017.1288566,82,"Fagarasan S, Kawamoto S, Kanagawa O, et al. Adaptive immune regulation in the gut: T cell-dependent and T cell-independent IgA synthesis. Annu. Rev. Immunol. 2010;28:243‚Äì273.",NA,34
Pessach_2017,10.1080/17474086.2017.1288566,86,"Fabich AJ, Jones SA, Chowdhury FZ, et al. Comparison of carbon nutrition for pathogenic and commensal Escherichia coli strains in the mouse intestine. Infect. Immun. 2008;76:1143‚Äì1152.",NA,34
Pessach_2017,10.1080/17474086.2017.1288566,87,"Leatham MP, Banerjee S, Autieri SM, et al. Precolonized human commensal Escherichia coli strains serve as a barrier to E. coli O157: h7growth in the streptomycin-treated mouse intestine. Infect. Immun. 2009;77:2876‚Äì2886.",NA,34
Pessach_2017,10.1080/17474086.2017.1288566,91,"Vossen J, Heidt P, Guiot H, et al. Prevention of acute graft versus host disease in clinical bone marrow transplantation: complete versus selective intestinal decontamination. Recent advances in germ free research. Tokyo: TUP, 2013; 573‚Äì577.",NA,34
Pessach_2017,10.1080/17474086.2017.1288566,94,"van Bekkum DW, Roodenburg J, Heidt PJ, et al. Mitigation of secondary disease of allogeneic mouse radiation chimeras by modification of the intestinal microflora. J Natl Cancer Inst. 1974;52:401‚Äì404.",NA,34
Pessach_2017,10.1080/17474086.2017.1288566,95,"Storb R, Thomas ED. Graft-versus-host disease in dog and man: the Seattle experience. Immunol Rev. 1985;88:215‚Äì238.",NA,34
Pessach_2017,10.1080/17474086.2017.1288566,100,"Mathewson ND, Jenq R, Mathew AV, et al. Gut microbiome-derived metabolites modulate intestinal epithelial cell damage and mitigate graft-versus-host disease. Nat Immunol. 2016;17:505‚Äì513.",NA,34
Pessach_2017,10.1080/17474086.2017.1288566,106,"Gerbitz A, Schultz M, Wilke A, et al. Probiotic effects on experimental graftversus-host disease: let them eat yogurt. Blood. 2004;103:4365‚Äì4367.",NA,34
Pessach_2017,10.1080/17474086.2017.1288566,108,"Schrezenmeir J, de Vrese M. Probiotics, prebiotics, and synbiotics-approaching a definition. Am J Clin Nutr. 2001;73:361S‚Äì364S.",NA,34
Perkey&Maillard_2017,10.1146/annurev-pathol-020117-043720,5,"Takemoto SK, Terasaki PI, Gjertson DW, Cecka JM. 2000. Twelve years‚Äô experience with national sharing of HLA-matched cadaveric kidneys for transplantation. N. Engl. J. Med. 343(15):1078‚Äì84",NA,25
Perkey&Maillard_2017,10.1146/annurev-pathol-020117-043720,9,"Miconnet I, Roger T, Seman M, Bruley-Rosset M. 1995. Critical role of endogenous Mtv in acute lethal graft-versus-host disease. Eur. J. Immunol. 25(2):364‚Äì68",NA,25
Perkey&Maillard_2017,10.1146/annurev-pathol-020117-043720,15,"Koyama M, Cheong M, Markey KA, Gartlan KH, Kuns RD, et al. 2015. Donor colonic CD103+dendritic cells determine the severity of acute graft-versus-host disease. J. Exp. Med. 212(8):1303‚Äì21",NA,25
Perkey&Maillard_2017,10.1146/annurev-pathol-020117-043720,28,"Tawara I, Shlomchik WD, Jones A, Zou W, Nieves E, et al. 2010. A crucial role for host APCs in the induction of donor CD4+CD25+ regulatory T cell‚Äìmediated suppression of experimental graft-versushost disease. J. Immunol. 185(7):3866‚Äì72",NA,25
Perkey&Maillard_2017,10.1146/annurev-pathol-020117-043720,43,"Kundig TM, Bachmann MF, DiPaolo C, Simard JJ, Battegay M, et al. 1995. Fibroblasts as efficient antigen-presenting cells in lymphoid organs. Science 268(5215):1343‚Äì47",NA,25
Perkey&Maillard_2017,10.1146/annurev-pathol-020117-043720,50,"Liu Q, Rojas-Canales DM, Divito SJ, Shufesky WJ, Stolz DB, et al. 2016. Donor dendritic cell-derived exosomes promote allograft-targeting immune response. J. Clin. Investig. 126(8):2805‚Äì20",NA,25
Perkey&Maillard_2017,10.1146/annurev-pathol-020117-043720,73,"Vaishnava S, Yamamoto M, Severson KM, Ruhn KA, Yu X, et al. 2011. The antibacterial lectin RegIIIŒ≥promotes the spatial segregation of microbiota and host in the intestine. Science 334(6053):255‚Äì58",NA,25
Perkey&Maillard_2017,10.1146/annurev-pathol-020117-043720,75,"Dudakov JA, Hanash AM, van den Brink MR. 2015. Interleukin-22: immunobiology and pathology.Annu. Rev. Immunol. 33:747‚Äì85",NA,25
Perkey&Maillard_2017,10.1146/annurev-pathol-020117-043720,81,"Bjorklund AK, Forkel M, Picelli S, Konya V, Theorell J, et al. 2016. The heterogeneity of human CD127+ innate lymphoid cells revealed by single-cell RNA sequencing. Nat. Immunol. 17(4):451‚Äì60",NA,25
Perkey&Maillard_2017,10.1146/annurev-pathol-020117-043720,82,Human Microbiome Project Consort. 2012. A framework for human microbiome research. Nature486(7402):215‚Äì21,NA,25
Perkey&Maillard_2017,10.1146/annurev-pathol-020117-043720,83,"van Bekkum DW, Roodenburg J, Heidt PJ, van der Waaij D. 1974. Mitigation of secondary disease of allogeneic mouse radiation chimeras by modification of the intestinal microflora. J. Natl. Cancer Inst.52(2):401‚Äì4",NA,25
Perkey&Maillard_2017,10.1146/annurev-pathol-020117-043720,93,"Willner DL, Hugenholtz P, Yerkovich ST, Tan ME, Daly JN, et al. 2013. Reestablishment of recipientassociated microbiota in the lung allograft is linked to reduced risk of bronchiolitis obliterans syndrome.Am. J. Respir. Crit. Care Med. 187(6):640‚Äì47",NA,25
Perkey&Maillard_2017,10.1146/annurev-pathol-020117-043720,95,"Fricke WF, Maddox C, Song Y, Bromberg JS. 2014. Human microbiota characterization in the course of renal transplantation. Am. J. Transplant. 14(2):416‚Äì27",NA,25
Perkey&Maillard_2017,10.1146/annurev-pathol-020117-043720,99,"Corbitt N, Kimura S, Isse K, Specht S, Chedwick L, et al. 2013. Gut bacteria drive Kupffer cell expansion via MAMP-mediated ICAM-1 induction on sinusoidal endothelium and influence preservationreperfusion injury after orthotopic liver transplantation. Am. J. Pathol. 182(1):180‚Äì91",NA,25
Perkey&Maillard_2017,10.1146/annurev-pathol-020117-043720,100,"Smith PM, Howitt MR, Panikov N, Michaud M, Gallini CA, et al. 2013. The microbial metabolites, short-chain fatty acids, regulate colonic Treg cell homeostasis. Science 341(6145):569‚Äì73",NA,25
Perkey&Maillard_2017,10.1146/annurev-pathol-020117-043720,103,"Mathewson ND, Jenq R, Mathew AV, Koenigsknecht M, Hanash A, et al. 2016. Gut microbiomederived metabolites modulate intestinal epithelial cell damage and mitigate graft-versus-host disease.Nat. Immunol. 17(5):505‚Äì13",NA,25
Perkey&Maillard_2017,10.1146/annurev-pathol-020117-043720,106,"Liew FY, Girard JP, Turnquist HR. 2016. Interleukin-33 in health and disease. Nat. Rev. Immunol.16(11):676‚Äì89",NA,25
Perkey&Maillard_2017,10.1146/annurev-pathol-020117-043720,122,"Charbonnier LM, Wang S, Georgiev P, Sefik E, Chatila TA. 2015. Control of peripheral tolerance by regulatory T cell-intrinsic Notch signaling. Nat. Immunol. 16:1162‚Äì73",NA,25
Perkey&Maillard_2017,10.1146/annurev-pathol-020117-043720,126,"Shin HM, Minter LM, Cho OH, Gottipati S, Fauq AH, et al. 2006. Notch1 augments NF-Œ∫B activity by facilitating its nuclear retention. EMBO J. 25(1):129‚Äì38",NA,25
Perkey&Maillard_2017,10.1146/annurev-pathol-020117-043720,127,"Wang H, Zang C, Taing L, Arnett KL, Wong YJ, et al. 2014. NOTCH1-RBPJ complexes drive target gene expression through dynamic interactions with superenhancers. PNAS 111(2):705‚Äì10",NA,25
Perkey&Maillard_2017,10.1146/annurev-pathol-020117-043720,134,"Backer RA, Helbig C, Gentek R, Kent A, Laidlaw BJ, et al. 2014. A central role for Notch in effector CD8+ T cell differentiation. Nat. Immunol. 15(12):1143‚Äì51",NA,25
Perkey&Maillard_2017,10.1146/annurev-pathol-020117-043720,147,"Calderon L, Boehm T. 2012. Synergistic, context-dependent, and hierarchical functions of epithelial components in thymic microenvironments. Cell 149(1):159‚Äì72",NA,25
Perkey&Maillard_2017,10.1146/annurev-pathol-020117-043720,150,"Karahan GE, Class FH, Heidt S. 2016. B cell immunity in solid organ transplantation. Front. Immunol.7:686",NA,25
Perkey&Maillard_2017,10.1146/annurev-pathol-020117-043720,151,"Stolp J, Turka LA, Wood KJ. 2014. B cells with immune-regulating function in transplantation. Nat. Rev. Nephrol. 10(7):389‚Äì97",NA,25
Perkey&Maillard_2017,10.1146/annurev-pathol-020117-043720,153,"Highfill SL, Rodriguez PC, Zhou Q, Goetz CA, Koehn BH, et al. 2010. Bone marrow myeloid-derived suppressor cells (MDSCs) inhibit graft-versus-host disease (GVHD) via an arginase-1-dependent mechanism that is upregulated by interleukin-13. Blood 116:5738‚Äì47",NA,25
Zeiser_2016,10.1111/bjh.14295,6,"Ayabe, T., Satchell, D., Wilson, C., Parks, W., Selsted, M. & Ouellette, A. (2000) Secretion of microbicidal alpha-defensins by intestinal Paneth cells in response to bacteria. Nature Immunology, 2, 113‚Äì118.",NA,23
Zeiser_2016,10.1111/bjh.14295,20,"Blazar, B.R., Carreno, B.M., Panoskaltsis-Mortari, A., Carter, L., Iwai, Y., Yagita, H., Nishimura, H. & Taylor, P.A. (2003b) Blockade of programmed death-1 engagement accelerates graft-versus-host disease lethality by an IFN-gamma-dependent mechanism. The Journal of Immunology, 171, 1272‚Äì1277.",NA,23
Zeiser_2016,10.1111/bjh.14295,24,"Brunet, J.F., Denizot, F., Luciani, M.F., Roux-Dosseto, M., Suzan, M., Mattei, M.G. & Golstein, P. (1987) A new member of the immunoglobulin superfamily‚ÄìCTLA-4. Nature, 328, 16‚Äì22.",NA,23
Zeiser_2016,10.1111/bjh.14295,26,"Brunstein, C.G., Miller, J.S., McKenna, D.H., Hippen, K.L., DeFor, T.E., Sumstad, D., Curtsinger, J., Verneris, M.R., MacMillan, M.L., Levine, B.L., Riley, J.L., June, C.H., Le, C., Weisdorf, D.J., McGlave, P.B., Blazar, B.R. & Wagner, J.E. (2016) Umbilical cord blood-derived T regulatory cells to prevent GVHD: kinetics, toxicity profile and clinical effect. Blood, 127, 1044‚Äì1051.",NA,23
Zeiser_2016,10.1111/bjh.14295,32,"Chen, S., Smith, B.A., Iype, J., Prestipino, A., Pfeifer, D., Grundmann, S., Schmitt-Graeff, A., Idzko, M., Beck, Y., Prinz, G., Finke, J., Duyster, J. & Zeiser, R. (2015) MicroRNA-155-deficient dendritic cells cause less severe GVHD through reduced migration and defective inflammasome activation. Blood, 126, 103‚Äì112.",NA,23
Zeiser_2016,10.1111/bjh.14295,34,"Cohen, J.L., Trenado, A., Vasey, D., Klatzmann, D. & Salomon, B.L. (2002) Immunoregulatory T cells: new therapeutics for graft-versus-host disease. Journal of Experimental Medicine, 196, 401‚Äì406.",NA,23
Zeiser_2016,10.1111/bjh.14295,36,"Davids, M.S., Kim, H.T., Bachireddy, P., Costello, C., Liguori, R., Savell, A., Lukez, A.P., Avigan, D., Chen, Y.B., McSweeney, P., LeBoeuf, N.R., Rooney, M.S., Bowden, M., Zhou, C.W., Granter, S.R., Hornick, J.L., Rodig, S.J., Hirakawa, M., Severgnini, M., Hodi, F.S., Wu, C.J., Ho, V.T., Cutler, C., Koreth, J., Alyea, E.P., Antin, J.H., Armand, P., Streicher, H., Ball, E.D., Ritz, J., Bashey, A. & Soiffer, R.J.; Leukemia and Lymphoma Society Blood Cancer Research Partnership. (2016) Ipilimumab for patients with relapse after allogeneic transplantation. New England Journal of Medicine, 375, 143‚Äì153.",NA,23
Zeiser_2016,10.1111/bjh.14295,39,"Dudakov, J.A., Hanash, A.M. & van den Brink, M.R. (2015) Interleukin-22: immunobiology and pathology. Annual Review of Immunology, 33, 747‚Äì785.",NA,23
Zeiser_2016,10.1111/bjh.14295,43,"Flies, D.B., Higuchi, T. & Chen, L. (2015) Mechanistic assessment of PD-1H coinhibitory receptor-induced T Cell tolerance to allogeneic antigens. The Journal of Immunology, 194, 5294‚Äì5304.",NA,23
Zeiser_2016,10.1111/bjh.14295,46,"Gabry≈°ov√°, L., Christensen, J.R., Wu, X., Kissenpfennig, A., Malissen, B. & O'Garra, A. (2011) Integrated T-cell receptor and costimulatory signals determine TGF-Œ≤-dependent differentiation and maintenance of Foxp3+ regulatory T cells. European Journal of Immunology, 41, 1242‚Äì1248.",NA,23
Zeiser_2016,10.1111/bjh.14295,67,"Horowitz, M.M., Gale, R.P., Sondel, P.M., Goldman, J.M., Kersey, J., Kolb, H.J., Rimm, A.A., Ringd√©n, O., Rozman, C. & Speck, B. (1990) Graft-versus-leukemia reactions after bone marrow transplantation. Blood, 75, 555‚Äì562.",NA,23
Zeiser_2016,10.1111/bjh.14295,71,"Jankovic, D., Ganesan, J., Bscheider, M., Stickel, N., Weber, F., Guarda, G., Follo, M., Pfeifer, D., Tardivel, A., Ludigs, K., Bouazzaoui, A., Kerl, K., Fischer, J., Haas, T., Schmitt-Gr√§ff, A., Manoharan, A., M√ºller, L., Finke, J., Martin, S., Gorka, O., Peschel, C., Ruland, J., Idzko, M., Duyster, J., Holler, E., French, L.E., Poeck, H., Contassot, E. & Zeiser, R. (2013) The Nlrp3-inflammasome regulates acute graft-versus-host disease. Journal of Experimental Medicine, 210, 1899‚Äì1910.",NA,23
Zeiser_2016,10.1111/bjh.14295,79,"Kl√§mbt, V., Wohlfeil, S.A., Schwab, L., H√ºlsd√ºnker, J., Ayata, K., Apostolova, P., Schmitt-Graeff, A., Dierbach, H., Prinz, G., Follo, K., Prinz, M., Idzko, M. & Zeiser, R. (2015) A novel function for P2Y2 in myeloid recipient-derived cells during GvHD. The Journal of Immunology, 195, 5795‚Äì5804.",NA,23
Zeiser_2016,10.1111/bjh.14295,97,"Mathewson, N.D., Jenq, R., Mathew, A.V., Koenigsknecht, M., Hanash, A., Toubai, T., Oravecz-Wilson, K., Wu, S.R., Sun, Y., Rossi, C., Fujiwara, H., Byun, J., Shono, Y., Lindemans, C., Calafiore, M., Schmidt, T.C., Honda, K., Young, V.B., Pennathur, S., van den Brink, M. & Reddy, P. (2016) Gut microbiome-derived metabolites modulate intestinal epithelial cell damage and mitigate graft-versus-host disease. Nature Immunology, 17, 505‚Äì513.",NA,23
Zeiser_2016,10.1111/bjh.14295,105,"Murugaiyan, G. (2011) Silencing microRNA-155 ameliorates experimental autoimmune encephalomyelitis. The Journal of Immunology, 187, 2213‚Äì2221.",NA,23
Zeiser_2016,10.1111/bjh.14295,112,"Ratanatharathorn, V., Nash, R.A., Przepiorka, D., Devine, S.M., Klein, J.L., Weisdorf, D., Fay, J.W., Nademanee, A., Antin, J.H., Christiansen, N.P., van der Jagt, R., Herzig, R.H., Litzow, M.R., Wolff, S.N., Longo, W.L., Petersen, F.B., Karanes, C., Avalos, B., Storb, R., Buell, D.N., Maher, R.M., Fitzsimmons, W.E. & Wingard, J.R. (1998) Phase III study comparing methotrexate and tacrolimus (prograf, FK506) with methotrexate and cyclosporine for graft-versus-host disease prophylaxis after HLA-identical sibling bone marrow transplantation. Blood, 92, 2303‚Äì2314.",NA,23
Zeiser_2016,10.1111/bjh.14295,123,"Schwab, L., Goroncy, L., Palaniyandi, S., Gautam, S., Triantafyllopoulou, A., Mocsai, A., Reichardt, W., Karlsson, F.J., Radhakrishnan, S.V., Hanke, K., Schmitt-Graeff, A., Freudenberg, M., von Loewenich, F.D., Wolf, P., Leonhardt, F., Baxan, N., Pfeifer, D., Schmah, O., Sch√∂nle, A., Martin, S.F., Mertelsmann, R., Duyster, J., Finke, J., Prinz, M., Henneke, P., H√§cker, H., Hildebrandt, G.C., H√§cker, G. & Zeiser, R. (2014) Neutrophil granulocytes recruited upon translocation of intestinal bacteria enhance GvHD via tissue damage. Nature Medicine, 20, 648‚Äì654.",NA,23
Zeiser_2016,10.1111/bjh.14295,135,"Sun, Y., Oravecz-Wilson, K., Mathewson, N., Wang, Y., McEachin, R., Liu, C., Toubai, T., Wu, J., Rossi, C., Braun, T., Saunders, T. & Reddy, P. (2015) Mature T cell responses are controlled by microRNA-142. The Journal of Clinical Investigation, 125, 2825‚Äì2840.",NA,23
Zeiser_2016,10.1111/bjh.14295,147,"Wall, A.J., Rosenberg, J.L. & Reilly, R.W. (1971) Small intestinal injury in the immunologically runted mouse. Morphologic and autoradiographic studies. The Journal of Laboratory and Clinical Medicine, 78, 833‚Äì834.",NA,23
Zeiser_2016,10.1111/bjh.14295,157,"Xie, L.N., Zhou, F., Liu, X.M., Fang, Y., Yu, Z., Song, N.X. & Kong, F.S. (2014) Serum microRNA155 is increased in patients with acute graft-versus-host disease. Clinical Transplantation, 28, 314‚Äì323.",NA,23
Zeiser_2016,10.1111/bjh.14295,159,"Yang, Q., Li, G., Zhu, Y., Liu, L., Chen, E., Turnquist, H., Zhang, X., Finn, O.J., Chen, X. & Lu, B. (2011) IL-33 synergizes with TCR and IL-12 signaling to promote the effector function of CD8+ T cells. European Journal of Immunology, 41, 3351‚Äì3360.",NA,23
Zeiser_2016,10.1111/bjh.14295,162,"Zeiser, R., Nguyen, V.H., Beilhack, A., Buess, M., Schulz, S., Baker, J., Contag, C.H. & Negrin, R.S. (2006) Inhibition of CD4+CD25+ regulatory T cell function by calcineurin dependent interleukin-2 production. Blood, 108, 390‚Äì399.",NA,23
Zeiser_2016,10.1111/bjh.14295,164,"Zeiser, R., Leveson-Gower, D.B., Zambricki, E.A., Kambham, N., Beilhack, A., Loh, J., Hou, J.Z. & Negrin, R.S. (2008a) Differential impact of mTOR inhibition on CD4+CD25+Foxp3+ regulatory T cells as compared to conventional CD4+ T cells. Blood, 111, 453‚Äì462.",NA,23
Teshima_2016,10.1016/j.bbmt.2015.10.001,4,"D. Couriel, R. Saliba, K. Hicks, et al. Tumor necrosis factor-alpha blockade for the treatment of acute GVHD Blood, 104 (2004), pp. 649-654",NA,13
Teshima_2016,10.1016/j.bbmt.2015.10.001,10,"A.J. Wall, J.L. Rosenberg, R.W. Reilly Small intestinal injury in the immunologically runted mouse. Morphologic and autoradiographic studies J Lab Clin Med, 78 (1971), pp. 833-834",NA,13
Teshima_2016,10.1016/j.bbmt.2015.10.001,13,"Y. Eriguchi, S. Takashima, H. Oka, et al. Graft-versus-host disease disrupts intestinal microbial ecology by inhibiting Paneth cell production of alpha-defensins Blood, 120 (2012), pp. 223-231",NA,13
Teshima_2016,10.1016/j.bbmt.2015.10.001,15,"T. Ayabe, D.P. Satchell, C.L. Wilson, et al. Secretion of microbicidal alpha-defensins by intestinal Paneth cells in response to bacteria Nat Immunol, 1 (2000), pp. 113-118",NA,13
Teshima_2016,10.1016/j.bbmt.2015.10.001,16,"Y. Eriguchi, K. Nakamura, D. Hashimoto, et al. Decreased secretion of Paneth cell alpha-defensin in graft-versus-host disease Transplant Infect Dis, 17 (2015), pp. 702-706",NA,13
Teshima_2016,10.1016/j.bbmt.2015.10.001,24,"J.E. Levine, E. Huber, S.T. Hammer, et al. Low Paneth cell numbers at onset of gastrointestinal GVHD identify patients at high risk for non-relapse mortality Blood, 122 (2013), pp. 1505-1509",NA,13
Teshima_2016,10.1016/j.bbmt.2015.10.001,33,"H. Uryu, D. Hashimoto, K. Kato, et al. alpha-Mannan induces Th17-mediated pulmonary graft-versus-host disease in mice Blood, 125 (2015), pp. 3014-3023",NA,13
Teshima_2016,10.1016/j.bbmt.2015.10.001,34,"A. Varelias, K.H. Gartlan, E. Kreijveld, et al. Lung parenchyma-derived IL-6 promotes IL-17A-dependent acute lung injury after allogeneic stem cell transplantation Blood, 125 (2015), pp. 2435-2444",NA,13
Teshima_2016,10.1016/j.bbmt.2015.10.001,36,"K.H. Gartlan, K.A. Markey, A. Varelias, et al. Tc17 cells are a pro-inflammatory, plastic lineage of pathogenic CD8+ T cells that induce GVHD without anti-leukemic effects Blood, 126 (2015), pp. 1609-1620",NA,13
Teshima_2016,10.1016/j.bbmt.2015.10.001,49,"P. Reddy, Y. Sun, T. Toubai, et al. Histone deacetylase inhibition modulates indoleamine 2,3-dioxygenase-dependent DC functions and regulates experimental graft-versus-host disease in mice J Clin Invest, 118 (2008), pp. 2562-2573",NA,13
Teshima_2016,10.1016/j.bbmt.2015.10.001,76,"M. Cetkovic-Cvrlje, F.M. Uckun Dual targeting of Bruton's tyrosine kinase and Janus kinase 3 with rationally designed inhibitors prevents graft-versus-host disease (GVHD) in a murine allogeneic bone marrow transplantation model Br J Haematol, 126 (2004), pp. 821-827",NA,13
Teshima_2016,10.1016/j.bbmt.2015.10.001,83,"L. Schwab, L. Goroncy, S. Palaniyandi, et al. Neutrophil granulocytes recruited upon translocation of intestinal bacteria enhance GvHD via tissue damage Nat Med, 20 (2014), pp. 648-654",NA,13
Teshima_2016,10.1016/j.bbmt.2015.10.001,86,"R. Zeiser, A. Burchert, C. Lengerke, et al. Ruxolitinib in corticosteroid-refractory graft-versus-host disease after allogeneic stem cell transplantation: a multi-center survey Leukemia, 29 (2015), pp. 2062-2068",NA,13
deKoning_2016,10.1182/blood-2016-06-724005,11,"Takanashi M, Atsuta Y, Fujiwara K, et al. The impact of anti-HLA antibodies on unrelated cord blood transplantations. Blood. 2010;116(15):2839-2846.",NA,12
deKoning_2016,10.1182/blood-2016-06-724005,17,"Lee HR, Shin S, Yoon JH, Roh EY, Kim BJ, Song EY. Aldehyde dehydrogenase-bright cells correlated with the colony-forming unit-granulocyte-macrophage assay of thawed cord blood units. Transfusion. 2014;54(7):1871-1875.",NA,12
deKoning_2016,10.1182/blood-2016-06-724005,41,"Venstrom JM, Pittari G, Gooley TA, et al. HLA-C-dependent prevention of leukemia relapse by donor activating KIR2DS1. N Engl J Med. 2012;367(9):805-816.",NA,12
deKoning_2016,10.1182/blood-2016-06-724005,51,"Chiesa R, Gilmour K, Qasim W, et al. Omission of in vivo T-cell depletion promotes rapid expansion of na√Øve CD4+ cord blood lymphocytes and restores adaptive immunity within 2 months after unrelated cord blood transplant. Br J Haematol. 2012;156(5):656-666.",NA,12
deKoning_2016,10.1182/blood-2016-06-724005,57,"Roberts S, Thompson J. Graft-vs-host disease: nutrition therapy in a challenging condition. Nutr Clin Pract. 2005;20(4):440-450.",NA,12
deKoning_2016,10.1182/blood-2016-06-724005,58,Sheean PM. Nutrition support of blood or marrow transplant recipients: how much do we really know?Pract Gastroenterol. 2005;26:84-97.,NA,12
deKoning_2016,10.1182/blood-2016-06-724005,61,"Imataki O, Nakatani S, Hasegawa T, et al. Nutritional support for patients suffering from intestinal graft-versus-host disease after allogeneic hematopoietic stem cell transplantation. Am J Hematol. 2006;81(10):747-752.",NA,12
deKoning_2016,10.1182/blood-2016-06-724005,63,"Worthington ML, Cresci G. Immune-modulating formulas: who wins the meta-analysis race?Nutr Clin Pract. 2011;26(6):650-655.",NA,12
deKoning_2016,10.1182/blood-2016-06-724005,65,"Prietl B, Pilz S, Wolf M, et al. Vitamin D supplementation and regulatory T cells in apparently healthy subjects: vitamin D treatment for autoimmune diseases?Isr Med Assoc J. 2010;12(3):136-139.",NA,12
deKoning_2016,10.1182/blood-2016-06-724005,66,"Cho HJ, Shin DY, Kim JH, et al. Impact of vitamin D receptor gene polymorphisms on clinical outcomes of HLA-matched sibling hematopoietic stem cell transplantation. Clin Transplant. 2012;26(3):476-483.",NA,12
deKoning_2016,10.1182/blood-2016-06-724005,75,Timmons BW. Paediatric exercise immunology: health and clinical applications. Exerc Immunol Rev. 2005;11:108-144.,NA,12
deKoning_2016,10.1182/blood-2016-06-724005,94,"Tuthill C, King RS. Thymosin apha 1-A peptide immune modulator with a broad range of clinical applications. Clin Exp Pharmacol. 2013;3(4):133.",NA,12
Sporrer_2015,10.1007/s40778-014-0006-9,1,"Ferrara JL, Levine JE, Reddy P, Holler E. Graft-versus-host disease. Lancet. 2009;373(9674):1550‚Äì61.",NA,11
Sporrer_2015,10.1007/s40778-014-0006-9,3,"van Bekkum DW, Roodenburg J, Heidt PJ, van der Waaij D. Mitigation of secondary disease of allogeneic mouse radiation chimeras by modification of the intestinal microflora. J Natl Cancer Inst. 1974;52(2):401‚Äì4.",NA,11
Sporrer_2015,10.1007/s40778-014-0006-9,5,"Heidt PJ, Vossen JM. Experimental and clinical gnotobiotics: influence of the microflora on graft-versus-host disease after allogeneic bone marrow transplantation. J Med. 1992;23(3‚Äì4):161‚Äì73.",NA,11
Sporrer_2015,10.1007/s40778-014-0006-9,24,"Granell M, Urbano-Ispizua A, Ar√≥stegui JI, Fern√°ndez-Avil√©s F, Mart√≠nez C, Rovira M, et al. Effect of NOD2/CARD15 variants in T-cell depleted allogeneic stem cell transplantation. Haematologica. 2006;91(10):1372‚Äì6.",NA,11
Sporrer_2015,10.1007/s40778-014-0006-9,27,"Bayston K, Baumgartner JD, Clark P, Cohen J. Anti-endotoxin antibody for prevention of acute GVHD. Bone Marrow Transplant. 1991;8(5):426‚Äì7.",NA,11
Sporrer_2015,10.1007/s40778-014-0006-9,34,"Bevins CL, Stange EF, Wehkamp J. Decreased Paneth cell defensin expression in ileal Crohn's disease is independent of inflammation, but linked to the NOD2 1007fs genotype. Gut. 2009;58(6):882‚Äì3.",NA,11
Sporrer_2015,10.1007/s40778-014-0006-9,35,"Strober W, Asano N, Fuss I, Kitani A, Watanabe T. Cellular and molecular mechanisms underlying NOD2 risk-associated polymorphisms in Crohn's disease. Immunol Rev. 2014;260(1):249‚Äì60. Excellent review describing the effect of NOD2 on production of defensins, Paneth cell function, and microbiome composition in health and diseases such as inflammatory bowel disease.",NA,11
Sporrer_2015,10.1007/s40778-014-0006-9,51,"Rezvani AR, Storb RF. Prevention of graft-vs.-host disease. Expert Opin Pharmacother. 2012;13(12):1737‚Äì50.",NA,11
Sporrer_2015,10.1007/s40778-014-0006-9,53,"Scott KP, Martin JC, Duncan SH, Flint HJ. Prebiotic stimulation of human colonic butyrate-producing bacteria and bifidobacteria, in vitro. FEMS Microbiol Ecol. 2014;87(1):30‚Äì40.",NA,11
Sporrer_2015,10.1007/s40778-014-0006-9,56,"Tawara I, Liu C, Tamaki H, Toubai T, Sun Y, Evers R, et al. Influence of donor microbiota on the severity of experimental graft-versus-host-disease. Biol Blood Marrow Transplant. 2013;19(1):164‚Äì8.",NA,11
Sporrer_2015,10.1007/s40778-014-0006-9,57,"Zhu L, Baker RD, Baker SS. Gut microbiome and non-alcoholic fatty liver diseases. Pediatr Res. 2014 Oct 13. [Epub ahead of print]",NA,11
Mathewson&Reddy_2015,10.1007/s40778-014-0002-0,2,"Jacobsohn DA, Vogelsang GB. Acute graft versus host disease. Orphanet J Rare Dis. 2007;2:35.",NA,22
Mathewson&Reddy_2015,10.1007/s40778-014-0002-0,3,"Ferrara JLM, Levine JE, Reddy P, Holler E. Graft-versus-host disease. Lancet. 2009;373:1550‚Äì61.",NA,22
Mathewson&Reddy_2015,10.1007/s40778-014-0002-0,6,"Ferrara JL, Abhyankar S, Gilliland DG. Cytokine storm of graft- versus-host disease: a critical effector role for interleukin-1. Transplant Proc. 1993;25:1216‚Äì7.",NA,22
Mathewson&Reddy_2015,10.1007/s40778-014-0002-0,7,"Tawara I, Koyama M, Liu C, Toubai T, Thomas D, Evers R, et al. Interleukin-6 modulates graft-versus-host responses after experi- mental allogeneic bone marrow transplantation. Clin Cancer Res. 2011;17:77‚Äì88.",NA,22
Mathewson&Reddy_2015,10.1007/s40778-014-0002-0,9,"B√§ckhed F, Ley RE, Sonnenburg JL, Peterson DA, Gordon JI. Host- bacterial mutualism in the human intestine. Science. 2005;307: 1915‚Äì20.",NA,22
Mathewson&Reddy_2015,10.1007/s40778-014-0002-0,11,"Nuding S, Antoni L, Stange EF. The host and the flora. Dig Dis. 2013;31:286‚Äì92.",NA,22
Mathewson&Reddy_2015,10.1007/s40778-014-0002-0,13,Blaser MJ. The microbiome revolution. J Clin Invest. 2014. This review provides a thorough overview of the microbiome and its effects at various stages of human development.,NA,22
Mathewson&Reddy_2015,10.1007/s40778-014-0002-0,20,"Pillai S, Netravali IA, Cariappa A, Mattoo H. Siglecs and immune regulation. Annu Rev Immunol. 2012;30:357‚Äì92.",NA,22
Mathewson&Reddy_2015,10.1007/s40778-014-0002-0,25,"Furusawa Y, Obata Y, Fukuda S, Endo TA, Nakato G, Takahashi D, et al. Commensal microbe-derived butyrate induces the differentia- tion of colonic regulatory T cells. Nature. 2013.",NA,22
Mathewson&Reddy_2015,10.1007/s40778-014-0002-0,28,"Geuking MB, Cahenzli J, Lawson MAE, Ng DCK, Slack E, Hapfelmeier S, et al. Intestinal bacterial colonization induces mu- tualistic regulatory T cell responses. Immunity. 2011;34:794‚Äì806.",NA,22
Mathewson&Reddy_2015,10.1007/s40778-014-0002-0,33,"Stecher B, Hardt W-D. Mechanisms controlling pathogen coloniza- tion of the gut. Curr Opin Microbiol. 2011;14:82‚Äì91.",NA,22
Mathewson&Reddy_2015,10.1007/s40778-014-0002-0,37,"Zhao L, Lu W. Defensins in innate immunity. Curr Opin Hematol. 2014;21:37‚Äì42.",NA,22
Mathewson&Reddy_2015,10.1007/s40778-014-0002-0,39,"Oppenheim JJ, Biragyn A, Kwak LW, Yang D. Roles of antimicro- bial peptides such as defensins in innate and adaptive immunity. Ann Rheum Dis. 2003;62 Suppl 2:ii17‚Äì21.",NA,22
Mathewson&Reddy_2015,10.1007/s40778-014-0002-0,45,"van Bekkum DW, De Vries MJ, van der Waay D. Lesions charac- teristic of secondary disease in germfree heterologous radiation chimeras. 1967.",NA,22
Mathewson&Reddy_2015,10.1007/s40778-014-0002-0,47,"van Bekkum DW, Roodenburg J, Heidt PJ, van der Waaij D. Mitigation of secondary disease of allogeneic mouse radiation chimeras by modification of the intestinal microflora. J Natl Cancer Inst. 1974;52:401‚Äì4.",NA,22
Mathewson&Reddy_2015,10.1007/s40778-014-0002-0,63,"Tawara I, Liu C, Tamaki H, Toubai T, Sun Y, Evers R, et al. Influence of donor microbiota on the severity of experimental graft-versus-host-disease. Biol Blood Marrow Transplant. 2013;19:164‚Äì8.",NA,22
Mathewson&Reddy_2015,10.1007/s40778-014-0002-0,64,"Heidegger S, van den Brink MRM, Haas T, Poeck H. The role of pattern-recognition receptors in graft-versus-host disease and graft- versus-leukemia after allogeneic stem cell transplantation. Front Immunol. 2014;5:337.",NA,22
Mathewson&Reddy_2015,10.1007/s40778-014-0002-0,65,"Bayston K, Baumgartner JD, Clark P, Cohen J. Anti-endotoxin antibody for prevention of acute GVHD. Bone Marrow Transplant. 1991;8:426‚Äì7.",NA,22
Mathewson&Reddy_2015,10.1007/s40778-014-0002-0,72,"Penack O, Holler E, van den Brink MRM. Graft-versus-host dis- ease: regulation by microbe-associated molecules and innate im- mune receptors. Blood. 2010;115:1865‚Äì72.",NA,22
Mathewson&Reddy_2015,10.1007/s40778-014-0002-0,74,"Penack O, Smith OM, Cunningham-Bussel A, Liu X, Rao U, Yim N, et al. NOD2 regulates hematopoietic cell function during graft- versus-host disease. J Exp Med. 2009;206:2101‚Äì10.",NA,22
Mathewson&Reddy_2015,10.1007/s40778-014-0002-0,80,"Toubai T, Guoqing H, Mathewson N, Liu C, Wang Y, Oravecz-Wilson K, et al. Siglec-G-CD24 axis controls the severity of graft-versus-host disease in mice. Blood. 2014;123:3512‚Äì23.",NA,22
Mathewson&Reddy_2015,10.1007/s40778-014-0002-0,87,"Wehkamp J, Salzman NH, Porter E. Reduced Paneth cell Œ±- defensins in ileal Crohn‚Äôs disease. 2005.",NA,22