Run,Assay Type,AvgSpotLen,Bases,BioProject,BioSample,BioSampleModel,Bytes,Center Name,Collection_Date,Consent,DATASTORE filetype,DATASTORE provider,DATASTORE region,Experiment,geo_loc_name_country,geo_loc_name_country_continent,geo_loc_name,HOST,Instrument,isolation_source,lat_lon,Library Name,LibraryLayout,LibrarySelection,LibrarySource,Organism,Platform,ReleaseDate,create_date,version,Sample Name,SRA Study
SRR28984038,AMPLICON,600,91495224,PRJNA1109929,SAMN41306823,Metagenome or environmental,49495937,"THE INSTITUTE OF MEDICAL SCIENCE, THE UNIVERSITY OF TOKYO",2023,public,"run.zq,fastq,sra","ncbi,gs,s3","gs.us-east1,s3.us-east-1,ncbi.public",SRX24513160,Japan,Asia,Japan,Mus musculus,Illumina MiSeq,feces 25,34.646870 N 135.5067002 E,Patient026_day15_09,PAIRED,PCR,METAGENOMIC,mouse metagenome,ILLUMINA,2024-05-09T00:00:00Z,2024-05-09T21:50:00Z,1,Patient026_day15_09,SRP506877
SRR28984039,AMPLICON,600,103179533,PRJNA1109929,SAMN41306822,Metagenome or environmental,56003328,"THE INSTITUTE OF MEDICAL SCIENCE, THE UNIVERSITY OF TOKYO",2023,public,"fastq,run.zq,sra","gs,s3,ncbi","gs.us-east1,ncbi.public,s3.us-east-1",SRX24513159,Japan,Asia,Japan,Mus musculus,Illumina MiSeq,feces 24,34.646870 N 135.5067002 E,Patient026_day15_08,PAIRED,PCR,METAGENOMIC,mouse metagenome,ILLUMINA,2024-05-09T00:00:00Z,2024-05-09T21:50:00Z,1,Patient026_day15_08,SRP506877
SRR28984040,AMPLICON,600,96946207,PRJNA1109929,SAMN41306821,Metagenome or environmental,52672131,"THE INSTITUTE OF MEDICAL SCIENCE, THE UNIVERSITY OF TOKYO",2023,public,"fastq,run.zq,sra","gs,ncbi,s3","s3.us-east-1,ncbi.public,gs.us-east1",SRX24513158,Japan,Asia,Japan,Mus musculus,Illumina MiSeq,feces 23,34.646870 N 135.5067002 E,Patient026_day15_07,PAIRED,PCR,METAGENOMIC,mouse metagenome,ILLUMINA,2024-05-09T00:00:00Z,2024-05-09T21:50:00Z,1,Patient026_day15_07,SRP506877
SRR28984041,AMPLICON,600,94666600,PRJNA1109929,SAMN41306820,Metagenome or environmental,50244024,"THE INSTITUTE OF MEDICAL SCIENCE, THE UNIVERSITY OF TOKYO",2023,public,"fastq,run.zq,sra","gs,s3,ncbi","gs.us-east1,ncbi.public,s3.us-east-1",SRX24513157,Japan,Asia,Japan,Mus musculus,Illumina MiSeq,feces 22,34.646870 N 135.5067002 E,Patient026_day15_06,PAIRED,PCR,METAGENOMIC,mouse metagenome,ILLUMINA,2024-05-09T00:00:00Z,2024-05-09T21:50:00Z,1,Patient026_day15_06,SRP506877
SRR28984042,AMPLICON,601,83365215,PRJNA1109929,SAMN41306818,Metagenome or environmental,45178314,"THE INSTITUTE OF MEDICAL SCIENCE, THE UNIVERSITY OF TOKYO",2023,public,"fastq,sra,run.zq","ncbi,gs,s3","ncbi.public,s3.us-east-1,gs.us-east1",SRX24513155,Japan,Asia,Japan,Mus musculus,Illumina MiSeq,feces 20,34.646870 N 135.5067002 E,Patient026_day15_04,PAIRED,PCR,METAGENOMIC,mouse metagenome,ILLUMINA,2024-05-09T00:00:00Z,2024-05-09T21:50:00Z,1,Patient026_day15_04,SRP506877
SRR28984043,AMPLICON,600,100249189,PRJNA1109929,SAMN41306817,Metagenome or environmental,54234249,"THE INSTITUTE OF MEDICAL SCIENCE, THE UNIVERSITY OF TOKYO",2023,public,"run.zq,sra,fastq","s3,ncbi,gs","gs.us-east1,s3.us-east-1,ncbi.public",SRX24513154,Japan,Asia,Japan,Mus musculus,Illumina MiSeq,feces 19,34.646870 N 135.5067002 E,Patient026_day15_03,PAIRED,PCR,METAGENOMIC,mouse metagenome,ILLUMINA,2024-05-09T00:00:00Z,2024-05-09T21:50:00Z,1,Patient026_day15_03,SRP506877
SRR28984044,AMPLICON,600,92146604,PRJNA1109929,SAMN41306816,Metagenome or environmental,49885210,"THE INSTITUTE OF MEDICAL SCIENCE, THE UNIVERSITY OF TOKYO",2023,public,"run.zq,fastq,sra","ncbi,s3,gs","gs.us-east1,ncbi.public,s3.us-east-1",SRX24513153,Japan,Asia,Japan,Mus musculus,Illumina MiSeq,feces 18,34.646870 N 135.5067002 E,Patient026_day15_02,PAIRED,PCR,METAGENOMIC,mouse metagenome,ILLUMINA,2024-05-09T00:00:00Z,2024-05-09T21:50:00Z,1,Patient026_day15_02,SRP506877
SRR28984045,AMPLICON,600,101609421,PRJNA1109929,SAMN41306819,Metagenome or environmental,54673604,"THE INSTITUTE OF MEDICAL SCIENCE, THE UNIVERSITY OF TOKYO",2023,public,"fastq,run.zq,sra","gs,s3,ncbi","ncbi.public,s3.us-east-1,gs.us-east1",SRX24513156,Japan,Asia,Japan,Mus musculus,Illumina MiSeq,feces 21,34.646870 N 135.5067002 E,Patient026_day15_05,PAIRED,PCR,METAGENOMIC,mouse metagenome,ILLUMINA,2024-05-09T00:00:00Z,2024-05-09T21:50:00Z,1,Patient026_day15_05,SRP506877
SRR28984046,AMPLICON,600,100853104,PRJNA1109929,SAMN41306815,Metagenome or environmental,54713500,"THE INSTITUTE OF MEDICAL SCIENCE, THE UNIVERSITY OF TOKYO",2023,public,"sra,fastq,run.zq","ncbi,s3,gs","s3.us-east-1,gs.us-east1,ncbi.public",SRX24513152,Japan,Asia,Japan,Mus musculus,Illumina MiSeq,feces 17,34.646870 N 135.5067002 E,Patient026_day15_01,PAIRED,PCR,METAGENOMIC,mouse metagenome,ILLUMINA,2024-05-09T00:00:00Z,2024-05-09T21:50:00Z,1,Patient026_day15_01,SRP506877
SRR28984047,AMPLICON,600,59775731,PRJNA1109929,SAMN41306814,Metagenome or environmental,31899830,"THE INSTITUTE OF MEDICAL SCIENCE, THE UNIVERSITY OF TOKYO",2023,public,"run.zq,sra,fastq","ncbi,s3,gs","s3.us-east-1,gs.us-east1,ncbi.public",SRX24513151,Japan,Asia,Japan,Mus musculus,Illumina MiSeq,feces 16,34.646870 N 135.5067002 E,Patient026_day0_16,PAIRED,PCR,METAGENOMIC,mouse metagenome,ILLUMINA,2024-05-09T00:00:00Z,2024-05-09T21:50:00Z,1,Patient026_day0_16,SRP506877
SRR28984048,AMPLICON,600,21119972,PRJNA1109929,SAMN41307216,Metagenome or environmental,10677796,"THE INSTITUTE OF MEDICAL SCIENCE, THE UNIVERSITY OF TOKYO",2021,public,"fastq,sra,run.zq","s3,ncbi,gs","s3.us-east-1,gs.us-east1,ncbi.public",SRX24513150,Japan,Asia,Japan,Homo sapiens,Illumina MiSeq,feces 34,34.646870 N 135.5067002 E,OCUBMT008_day14,PAIRED,PCR,METAGENOMIC,human metagenome,ILLUMINA,2024-05-09T00:00:00Z,2024-05-09T21:50:00Z,1,OCUBMT008_day14,SRP506877
SRR28984049,AMPLICON,600,70277104,PRJNA1109929,SAMN41306813,Metagenome or environmental,37467217,"THE INSTITUTE OF MEDICAL SCIENCE, THE UNIVERSITY OF TOKYO",2023,public,"fastq,run.zq,sra","gs,s3,ncbi","gs.us-east1,s3.us-east-1,ncbi.public",SRX24513149,Japan,Asia,Japan,Mus musculus,Illumina MiSeq,feces 15,34.646870 N 135.5067002 E,Patient026_day0_15,PAIRED,PCR,METAGENOMIC,mouse metagenome,ILLUMINA,2024-05-09T00:00:00Z,2024-05-09T21:50:00Z,1,Patient026_day0_15,SRP506877
SRR28984050,AMPLICON,601,61847275,PRJNA1109929,SAMN41306811,Metagenome or environmental,33146474,"THE INSTITUTE OF MEDICAL SCIENCE, THE UNIVERSITY OF TOKYO",2023,public,"fastq,sra,run.zq","s3,ncbi,gs","gs.us-east1,ncbi.public,s3.us-east-1",SRX24513147,Japan,Asia,Japan,Mus musculus,Illumina MiSeq,feces 13,34.646870 N 135.5067002 E,Patient026_day0_13,PAIRED,PCR,METAGENOMIC,mouse metagenome,ILLUMINA,2024-05-09T00:00:00Z,2024-05-09T21:50:00Z,1,Patient026_day0_13,SRP506877
SRR28984051,AMPLICON,601,60543264,PRJNA1109929,SAMN41306810,Metagenome or environmental,32317180,"THE INSTITUTE OF MEDICAL SCIENCE, THE UNIVERSITY OF TOKYO",2023,public,"fastq,sra,run.zq","ncbi,gs,s3","ncbi.public,gs.us-east1,s3.us-east-1",SRX24513146,Japan,Asia,Japan,Mus musculus,Illumina MiSeq,feces 12,34.646870 N 135.5067002 E,Patient026_day0_12,PAIRED,PCR,METAGENOMIC,mouse metagenome,ILLUMINA,2024-05-09T00:00:00Z,2024-05-09T21:50:00Z,1,Patient026_day0_12,SRP506877
SRR28984052,AMPLICON,602,61083736,PRJNA1109929,SAMN41307336,Metagenome or environmental,34963928,"THE INSTITUTE OF MEDICAL SCIENCE, THE UNIVERSITY OF TOKYO",2021,public,"sra,run.zq,fastq","s3,gs,ncbi","s3.us-east-1,gs.us-east1,ncbi.public",SRX24513144,Japan,Asia,Japan,Homo sapiens,Illumina MiSeq,feces 154,34.646870 N 135.5067002 E,OCUBMT025_day56,PAIRED,PCR,METAGENOMIC,human metagenome,ILLUMINA,2024-05-09T00:00:00Z,2024-05-09T21:50:00Z,1,OCUBMT025_day56,SRP506877
SRR28984053,AMPLICON,602,60924206,PRJNA1109929,SAMN41307335,Metagenome or environmental,35462560,"THE INSTITUTE OF MEDICAL SCIENCE, THE UNIVERSITY OF TOKYO",2021,public,"fastq,sra,run.zq","ncbi,gs,s3","ncbi.public,s3.us-east-1,gs.us-east1",SRX24513143,Japan,Asia,Japan,Homo sapiens,Illumina MiSeq,feces 153,34.646870 N 135.5067002 E,OCUBMT025_day49,PAIRED,PCR,METAGENOMIC,human metagenome,ILLUMINA,2024-05-09T00:00:00Z,2024-05-09T21:50:00Z,1,OCUBMT025_day49,SRP506877
SRR28984054,AMPLICON,602,95808902,PRJNA1109929,SAMN41307333,Metagenome or environmental,56727545,"THE INSTITUTE OF MEDICAL SCIENCE, THE UNIVERSITY OF TOKYO",2021,public,"run.zq,fastq,sra","ncbi,gs,s3","gs.us-east1,ncbi.public,s3.us-east-1",SRX24513141,Japan,Asia,Japan,Homo sapiens,Illumina MiSeq,feces 151,34.646870 N 135.5067002 E,OCUBMT025_day35,PAIRED,PCR,METAGENOMIC,human metagenome,ILLUMINA,2024-05-09T00:00:00Z,2024-05-09T21:50:00Z,1,OCUBMT025_day35,SRP506877
SRR28984055,AMPLICON,602,77859670,PRJNA1109929,SAMN41307198,Metagenome or environmental,41566563,"THE INSTITUTE OF MEDICAL SCIENCE, THE UNIVERSITY OF TOKYO",2021,public,"sra,fastq,run.zq","gs,s3,ncbi","ncbi.public,s3.us-east-1,gs.us-east1",SRX24513140,Japan,Asia,Japan,Homo sapiens,Illumina MiSeq,feces 16,34.646870 N 135.5067002 E,OCUBMT002_pre,PAIRED,PCR,METAGENOMIC,human metagenome,ILLUMINA,2024-05-09T00:00:00Z,2024-05-09T21:50:00Z,1,OCUBMT002_pre,SRP506877
SRR28984056,AMPLICON,602,71816794,PRJNA1109929,SAMN41307332,Metagenome or environmental,42834319,"THE INSTITUTE OF MEDICAL SCIENCE, THE UNIVERSITY OF TOKYO",2021,public,"sra,fastq,run.zq","s3,gs,ncbi","s3.us-east-1,gs.us-east1,ncbi.public",SRX24513139,Japan,Asia,Japan,Homo sapiens,Illumina MiSeq,feces 150,34.646870 N 135.5067002 E,OCUBMT025_day28,PAIRED,PCR,METAGENOMIC,human metagenome,ILLUMINA,2024-05-09T00:00:00Z,2024-05-09T21:50:00Z,1,OCUBMT025_day28,SRP506877
SRR28984057,AMPLICON,602,84795914,PRJNA1109929,SAMN41307334,Metagenome or environmental,47219475,"THE INSTITUTE OF MEDICAL SCIENCE, THE UNIVERSITY OF TOKYO",2021,public,"fastq,sra,run.zq","s3,gs,ncbi","s3.us-east-1,gs.us-east1,ncbi.public",SRX24513142,Japan,Asia,Japan,Homo sapiens,Illumina MiSeq,feces 152,34.646870 N 135.5067002 E,OCUBMT025_day42,PAIRED,PCR,METAGENOMIC,human metagenome,ILLUMINA,2024-05-09T00:00:00Z,2024-05-09T21:50:00Z,1,OCUBMT025_day42,SRP506877
SRR28984058,AMPLICON,602,62529740,PRJNA1109929,SAMN41307331,Metagenome or environmental,36127335,"THE INSTITUTE OF MEDICAL SCIENCE, THE UNIVERSITY OF TOKYO",2021,public,"fastq,run.zq,sra","gs,ncbi,s3","gs.us-east1,s3.us-east-1,ncbi.public",SRX24513138,Japan,Asia,Japan,Homo sapiens,Illumina MiSeq,feces 149,34.646870 N 135.5067002 E,OCUBMT025_day21,PAIRED,PCR,METAGENOMIC,human metagenome,ILLUMINA,2024-05-09T00:00:00Z,2024-05-09T21:50:00Z,1,OCUBMT025_day21,SRP506877
SRR28984059,AMPLICON,602,80282118,PRJNA1109929,SAMN41307330,Metagenome or environmental,46549651,"THE INSTITUTE OF MEDICAL SCIENCE, THE UNIVERSITY OF TOKYO",2021,public,"sra,fastq,run.zq","s3,gs,ncbi","s3.us-east-1,ncbi.public,gs.us-east1",SRX24513137,Japan,Asia,Japan,Homo sapiens,Illumina MiSeq,feces 148,34.646870 N 135.5067002 E,OCUBMT025_day14,PAIRED,PCR,METAGENOMIC,human metagenome,ILLUMINA,2024-05-09T00:00:00Z,2024-05-09T21:50:00Z,1,OCUBMT025_day14,SRP506877
SRR28984060,AMPLICON,602,65654120,PRJNA1109929,SAMN41307329,Metagenome or environmental,38566621,"THE INSTITUTE OF MEDICAL SCIENCE, THE UNIVERSITY OF TOKYO",2021,public,"run.zq,sra,fastq","ncbi,gs,s3","s3.us-east-1,gs.us-east1,ncbi.public",SRX24513136,Japan,Asia,Japan,Homo sapiens,Illumina MiSeq,feces 147,34.646870 N 135.5067002 E,OCUBMT025_day0,PAIRED,PCR,METAGENOMIC,human metagenome,ILLUMINA,2024-05-09T00:00:00Z,2024-05-09T21:50:00Z,1,OCUBMT025_day0,SRP506877
SRR28984061,AMPLICON,580,55251298,PRJNA1109929,SAMN41307328,Metagenome or environmental,29265092,"THE INSTITUTE OF MEDICAL SCIENCE, THE UNIVERSITY OF TOKYO",2021,public,"run.zq,fastq,sra","s3,ncbi,gs","ncbi.public,gs.us-east1,s3.us-east-1",SRX24513135,Japan,Asia,Japan,Homo sapiens,Illumina MiSeq,feces 146,34.646870 N 135.5067002 E,OCUBMT024_pre,PAIRED,PCR,METAGENOMIC,human metagenome,ILLUMINA,2024-05-09T00:00:00Z,2024-05-09T21:50:00Z,1,OCUBMT024_pre,SRP506877
SRR28984062,AMPLICON,593,38254390,PRJNA1109929,SAMN41307326,Metagenome or environmental,20610220,"THE INSTITUTE OF MEDICAL SCIENCE, THE UNIVERSITY OF TOKYO",2021,public,"fastq,run.zq,sra","s3,ncbi,gs","s3.us-east-1,gs.us-east1,ncbi.public",SRX24513133,Japan,Asia,Japan,Homo sapiens,Illumina MiSeq,feces 144,34.646870 N 135.5067002 E,OCUBMT023_pre,PAIRED,PCR,METAGENOMIC,human metagenome,ILLUMINA,2024-05-09T00:00:00Z,2024-05-09T21:50:00Z,1,OCUBMT023_pre,SRP506877
SRR28984063,AMPLICON,602,80274894,PRJNA1109929,SAMN41307325,Metagenome or environmental,43747726,"THE INSTITUTE OF MEDICAL SCIENCE, THE UNIVERSITY OF TOKYO",2021,public,"run.zq,fastq,sra","s3,ncbi,gs","ncbi.public,gs.us-east1,s3.us-east-1",SRX24513132,Japan,Asia,Japan,Homo sapiens,Illumina MiSeq,feces 143,34.646870 N 135.5067002 E,OCUBMT023_day49,PAIRED,PCR,METAGENOMIC,human metagenome,ILLUMINA,2024-05-09T00:00:00Z,2024-05-09T21:50:00Z,1,OCUBMT023_day49,SRP506877
SRR28984064,AMPLICON,602,61012700,PRJNA1109929,SAMN41307324,Metagenome or environmental,35974037,"THE INSTITUTE OF MEDICAL SCIENCE, THE UNIVERSITY OF TOKYO",2021,public,"sra,run.zq,fastq","gs,ncbi,s3","ncbi.public,gs.us-east1,s3.us-east-1",SRX24513131,Japan,Asia,Japan,Homo sapiens,Illumina MiSeq,feces 142,34.646870 N 135.5067002 E,OCUBMT023_day42,PAIRED,PCR,METAGENOMIC,human metagenome,ILLUMINA,2024-05-09T00:00:00Z,2024-05-09T21:50:00Z,1,OCUBMT023_day42,SRP506877
SRR28984065,AMPLICON,602,70522494,PRJNA1109929,SAMN41307327,Metagenome or environmental,41140702,"THE INSTITUTE OF MEDICAL SCIENCE, THE UNIVERSITY OF TOKYO",2021,public,"run.zq,fastq,sra","s3,gs,ncbi","gs.us-east1,s3.us-east-1,ncbi.public",SRX24513134,Japan,Asia,Japan,Homo sapiens,Illumina MiSeq,feces 145,34.646870 N 135.5067002 E,OCUBMT024_day14,PAIRED,PCR,METAGENOMIC,human metagenome,ILLUMINA,2024-05-09T00:00:00Z,2024-05-09T21:50:00Z,1,OCUBMT024_day14,SRP506877
SRR28984066,AMPLICON,602,61547276,PRJNA1109929,SAMN41307323,Metagenome or environmental,32849201,"THE INSTITUTE OF MEDICAL SCIENCE, THE UNIVERSITY OF TOKYO",2021,public,"fastq,run.zq,sra","s3,ncbi,gs","gs.us-east1,s3.us-east-1,ncbi.public",SRX24513130,Japan,Asia,Japan,Homo sapiens,Illumina MiSeq,feces 141,34.646870 N 135.5067002 E,OCUBMT023_day35,PAIRED,PCR,METAGENOMIC,human metagenome,ILLUMINA,2024-05-09T00:00:00Z,2024-05-09T21:50:00Z,1,OCUBMT023_day35,SRP506877
SRR28984067,AMPLICON,599,16156288,PRJNA1109929,SAMN41307197,Metagenome or environmental,8763383,"THE INSTITUTE OF MEDICAL SCIENCE, THE UNIVERSITY OF TOKYO",2021,public,"fastq,sra,run.zq","s3,gs,ncbi","s3.us-east-1,ncbi.public,gs.us-east1",SRX24513129,Japan,Asia,Japan,Homo sapiens,Illumina MiSeq,feces 15,34.646870 N 135.5067002 E,OCUBMT002_day7,PAIRED,PCR,METAGENOMIC,human metagenome,ILLUMINA,2024-05-09T00:00:00Z,2024-05-09T21:50:00Z,1,OCUBMT002_day7,SRP506877
SRR28984068,AMPLICON,602,56085330,PRJNA1109929,SAMN41307322,Metagenome or environmental,30263674,"THE INSTITUTE OF MEDICAL SCIENCE, THE UNIVERSITY OF TOKYO",2021,public,"sra,run.zq,fastq","ncbi,gs,s3","s3.us-east-1,ncbi.public,gs.us-east1",SRX24513128,Japan,Asia,Japan,Homo sapiens,Illumina MiSeq,feces 140,34.646870 N 135.5067002 E,OCUBMT021_pre,PAIRED,PCR,METAGENOMIC,human metagenome,ILLUMINA,2024-05-09T00:00:00Z,2024-05-09T21:50:00Z,1,OCUBMT021_pre,SRP506877
SRR28984069,AMPLICON,599,38760199,PRJNA1109929,SAMN41307321,Metagenome or environmental,20503929,"THE INSTITUTE OF MEDICAL SCIENCE, THE UNIVERSITY OF TOKYO",2021,public,"sra,run.zq,fastq","gs,ncbi,s3","gs.us-east1,s3.us-east-1,ncbi.public",SRX24513127,Japan,Asia,Japan,Homo sapiens,Illumina MiSeq,feces 139,34.646870 N 135.5067002 E,OCUBMT021_day7,PAIRED,PCR,METAGENOMIC,human metagenome,ILLUMINA,2024-05-09T00:00:00Z,2024-05-09T21:50:00Z,1,OCUBMT021_day7,SRP506877
SRR28984070,AMPLICON,602,67116980,PRJNA1109929,SAMN41307320,Metagenome or environmental,36421622,"THE INSTITUTE OF MEDICAL SCIENCE, THE UNIVERSITY OF TOKYO",2021,public,"fastq,sra,run.zq","ncbi,gs,s3","gs.us-east1,s3.us-east-1,ncbi.public",SRX24513126,Japan,Asia,Japan,Homo sapiens,Illumina MiSeq,feces 138,34.646870 N 135.5067002 E,OCUBMT021_day49,PAIRED,PCR,METAGENOMIC,human metagenome,ILLUMINA,2024-05-09T00:00:00Z,2024-05-09T21:50:00Z,1,OCUBMT021_day49,SRP506877
SRR28984071,AMPLICON,602,67478782,PRJNA1109929,SAMN41307319,Metagenome or environmental,38179228,"THE INSTITUTE OF MEDICAL SCIENCE, THE UNIVERSITY OF TOKYO",2021,public,"run.zq,sra,fastq","s3,ncbi,gs","gs.us-east1,ncbi.public,s3.us-east-1",SRX24513125,Japan,Asia,Japan,Homo sapiens,Illumina MiSeq,feces 137,34.646870 N 135.5067002 E,OCUBMT021_day42,PAIRED,PCR,METAGENOMIC,human metagenome,ILLUMINA,2024-05-09T00:00:00Z,2024-05-09T21:50:00Z,1,OCUBMT021_day42,SRP506877
SRR28984072,AMPLICON,602,73644466,PRJNA1109929,SAMN41307318,Metagenome or environmental,42660418,"THE INSTITUTE OF MEDICAL SCIENCE, THE UNIVERSITY OF TOKYO",2021,public,"run.zq,fastq,sra","ncbi,s3,gs","ncbi.public,gs.us-east1,s3.us-east-1",SRX24513124,Japan,Asia,Japan,Homo sapiens,Illumina MiSeq,feces 136,34.646870 N 135.5067002 E,OCUBMT021_day35,PAIRED,PCR,METAGENOMIC,human metagenome,ILLUMINA,2024-05-09T00:00:00Z,2024-05-09T21:50:00Z,1,OCUBMT021_day35,SRP506877
SRR28984073,AMPLICON,602,73264604,PRJNA1109929,SAMN41307317,Metagenome or environmental,42955565,"THE INSTITUTE OF MEDICAL SCIENCE, THE UNIVERSITY OF TOKYO",2021,public,"sra,run.zq,fastq","s3,gs,ncbi","gs.us-east1,ncbi.public,s3.us-east-1",SRX24513123,Japan,Asia,Japan,Homo sapiens,Illumina MiSeq,feces 135,34.646870 N 135.5067002 E,OCUBMT021_day28,PAIRED,PCR,METAGENOMIC,human metagenome,ILLUMINA,2024-05-09T00:00:00Z,2024-05-09T21:50:00Z,1,OCUBMT021_day28,SRP506877
SRR28984074,AMPLICON,602,69229398,PRJNA1109929,SAMN41307316,Metagenome or environmental,39982043,"THE INSTITUTE OF MEDICAL SCIENCE, THE UNIVERSITY OF TOKYO",2021,public,"sra,run.zq,fastq","gs,s3,ncbi","gs.us-east1,ncbi.public,s3.us-east-1",SRX24513122,Japan,Asia,Japan,Homo sapiens,Illumina MiSeq,feces 134,34.646870 N 135.5067002 E,OCUBMT021_day21,PAIRED,PCR,METAGENOMIC,human metagenome,ILLUMINA,2024-05-09T00:00:00Z,2024-05-09T21:50:00Z,1,OCUBMT021_day21,SRP506877
SRR28984075,AMPLICON,602,66000872,PRJNA1109929,SAMN41307315,Metagenome or environmental,39074038,"THE INSTITUTE OF MEDICAL SCIENCE, THE UNIVERSITY OF TOKYO",2021,public,"run.zq,sra,fastq","s3,ncbi,gs","gs.us-east1,s3.us-east-1,ncbi.public",SRX24513121,Japan,Asia,Japan,Homo sapiens,Illumina MiSeq,feces 133,34.646870 N 135.5067002 E,OCUBMT021_day0,PAIRED,PCR,METAGENOMIC,human metagenome,ILLUMINA,2024-05-09T00:00:00Z,2024-05-09T21:50:00Z,1,OCUBMT021_day0,SRP506877
SRR28984076,AMPLICON,602,51614878,PRJNA1109929,SAMN41307314,Metagenome or environmental,28276138,"THE INSTITUTE OF MEDICAL SCIENCE, THE UNIVERSITY OF TOKYO",2021,public,"run.zq,sra,fastq","gs,s3,ncbi","gs.us-east1,s3.us-east-1,ncbi.public",SRX24513120,Japan,Asia,Japan,Homo sapiens,Illumina MiSeq,feces 132,34.646870 N 135.5067002 E,OCUBMT020_pre,PAIRED,PCR,METAGENOMIC,human metagenome,ILLUMINA,2024-05-09T00:00:00Z,2024-05-09T21:50:00Z,1,OCUBMT020_pre,SRP506877
SRR28984077,AMPLICON,602,70831320,PRJNA1109929,SAMN41307313,Metagenome or environmental,38794057,"THE INSTITUTE OF MEDICAL SCIENCE, THE UNIVERSITY OF TOKYO",2021,public,"run.zq,fastq,sra","gs,s3,ncbi","gs.us-east1,ncbi.public,s3.us-east-1",SRX24513119,Japan,Asia,Japan,Homo sapiens,Illumina MiSeq,feces 131,34.646870 N 135.5067002 E,OCUBMT020_day98,PAIRED,PCR,METAGENOMIC,human metagenome,ILLUMINA,2024-05-09T00:00:00Z,2024-05-09T21:50:00Z,1,OCUBMT020_day98,SRP506877
SRR28984078,AMPLICON,601,26065471,PRJNA1109929,SAMN41307196,Metagenome or environmental,13660517,"THE INSTITUTE OF MEDICAL SCIENCE, THE UNIVERSITY OF TOKYO",2021,public,"sra,fastq,run.zq","ncbi,s3,gs","gs.us-east1,s3.us-east-1,ncbi.public",SRX24513118,Japan,Asia,Japan,Homo sapiens,Illumina MiSeq,feces 14,34.646870 N 135.5067002 E,OCUBMT002_day56,PAIRED,PCR,METAGENOMIC,human metagenome,ILLUMINA,2024-05-09T00:00:00Z,2024-05-09T21:50:00Z,1,OCUBMT002_day56,SRP506877
SRR28984079,AMPLICON,602,79589818,PRJNA1109929,SAMN41307312,Metagenome or environmental,43658729,"THE INSTITUTE OF MEDICAL SCIENCE, THE UNIVERSITY OF TOKYO",2021,public,"sra,run.zq,fastq","s3,ncbi,gs","gs.us-east1,s3.us-east-1,ncbi.public",SRX24513117,Japan,Asia,Japan,Homo sapiens,Illumina MiSeq,feces 130,34.646870 N 135.5067002 E,OCUBMT020_day91,PAIRED,PCR,METAGENOMIC,human metagenome,ILLUMINA,2024-05-09T00:00:00Z,2024-05-09T21:51:00Z,1,OCUBMT020_day91,SRP506877
SRR28984080,AMPLICON,602,77223958,PRJNA1109929,SAMN41307311,Metagenome or environmental,41937176,"THE INSTITUTE OF MEDICAL SCIENCE, THE UNIVERSITY OF TOKYO",2021,public,"sra,fastq,run.zq","s3,gs,ncbi","ncbi.public,gs.us-east1,s3.us-east-1",SRX24513116,Japan,Asia,Japan,Homo sapiens,Illumina MiSeq,feces 129,34.646870 N 135.5067002 E,OCUBMT020_day84,PAIRED,PCR,METAGENOMIC,human metagenome,ILLUMINA,2024-05-09T00:00:00Z,2024-05-09T21:50:00Z,1,OCUBMT020_day84,SRP506877
SRR28984081,AMPLICON,602,58548714,PRJNA1109929,SAMN41307310,Metagenome or environmental,31951821,"THE INSTITUTE OF MEDICAL SCIENCE, THE UNIVERSITY OF TOKYO",2021,public,"sra,run.zq,fastq","gs,ncbi,s3","ncbi.public,s3.us-east-1,gs.us-east1",SRX24513115,Japan,Asia,Japan,Homo sapiens,Illumina MiSeq,feces 128,34.646870 N 135.5067002 E,OCUBMT020_day77,PAIRED,PCR,METAGENOMIC,human metagenome,ILLUMINA,2024-05-09T00:00:00Z,2024-05-09T21:50:00Z,1,OCUBMT020_day77,SRP506877
SRR28984082,AMPLICON,602,49540988,PRJNA1109929,SAMN41307309,Metagenome or environmental,27252263,"THE INSTITUTE OF MEDICAL SCIENCE, THE UNIVERSITY OF TOKYO",2021,public,"sra,run.zq,fastq","ncbi,gs,s3","ncbi.public,s3.us-east-1,gs.us-east1",SRX24513114,Japan,Asia,Japan,Homo sapiens,Illumina MiSeq,feces 127,34.646870 N 135.5067002 E,OCUBMT020_day70,PAIRED,PCR,METAGENOMIC,human metagenome,ILLUMINA,2024-05-09T00:00:00Z,2024-05-09T21:50:00Z,1,OCUBMT020_day70,SRP506877
SRR28984083,AMPLICON,602,63677754,PRJNA1109929,SAMN41307308,Metagenome or environmental,34116615,"THE INSTITUTE OF MEDICAL SCIENCE, THE UNIVERSITY OF TOKYO",2021,public,"run.zq,sra,fastq","s3,ncbi,gs","ncbi.public,s3.us-east-1,gs.us-east1",SRX24513113,Japan,Asia,Japan,Homo sapiens,Illumina MiSeq,feces 126,34.646870 N 135.5067002 E,OCUBMT020_day7,PAIRED,PCR,METAGENOMIC,human metagenome,ILLUMINA,2024-05-09T00:00:00Z,2024-05-09T21:50:00Z,1,OCUBMT020_day7,SRP506877
SRR28984084,AMPLICON,602,54986680,PRJNA1109929,SAMN41307307,Metagenome or environmental,29996745,"THE INSTITUTE OF MEDICAL SCIENCE, THE UNIVERSITY OF TOKYO",2021,public,"fastq,sra,run.zq","s3,ncbi,gs","s3.us-east-1,gs.us-east1,ncbi.public",SRX24513112,Japan,Asia,Japan,Homo sapiens,Illumina MiSeq,feces 125,34.646870 N 135.5067002 E,OCUBMT020_day63,PAIRED,PCR,METAGENOMIC,human metagenome,ILLUMINA,2024-05-09T00:00:00Z,2024-05-09T21:50:00Z,1,OCUBMT020_day63,SRP506877
SRR28984085,AMPLICON,602,49447678,PRJNA1109929,SAMN41307306,Metagenome or environmental,26792033,"THE INSTITUTE OF MEDICAL SCIENCE, THE UNIVERSITY OF TOKYO",2021,public,"run.zq,fastq,sra","ncbi,s3,gs","gs.us-east1,ncbi.public,s3.us-east-1",SRX24513111,Japan,Asia,Japan,Homo sapiens,Illumina MiSeq,feces 124,34.646870 N 135.5067002 E,OCUBMT020_day49,PAIRED,PCR,METAGENOMIC,human metagenome,ILLUMINA,2024-05-09T00:00:00Z,2024-05-09T21:50:00Z,1,OCUBMT020_day49,SRP506877
SRR28984086,AMPLICON,602,60271638,PRJNA1109929,SAMN41307305,Metagenome or environmental,32173791,"THE INSTITUTE OF MEDICAL SCIENCE, THE UNIVERSITY OF TOKYO",2021,public,"run.zq,fastq,sra","s3,gs,ncbi","gs.us-east1,ncbi.public,s3.us-east-1",SRX24513110,Japan,Asia,Japan,Homo sapiens,Illumina MiSeq,feces 123,34.646870 N 135.5067002 E,OCUBMT020_day42,PAIRED,PCR,METAGENOMIC,human metagenome,ILLUMINA,2024-05-09T00:00:00Z,2024-05-09T21:50:00Z,1,OCUBMT020_day42,SRP506877
SRR28984087,AMPLICON,602,75226522,PRJNA1109929,SAMN41307304,Metagenome or environmental,41522469,"THE INSTITUTE OF MEDICAL SCIENCE, THE UNIVERSITY OF TOKYO",2021,public,"fastq,run.zq,sra","ncbi,gs,s3","ncbi.public,gs.us-east1,s3.us-east-1",SRX24513109,Japan,Asia,Japan,Homo sapiens,Illumina MiSeq,feces 122,34.646870 N 135.5067002 E,OCUBMT020_day35,PAIRED,PCR,METAGENOMIC,human metagenome,ILLUMINA,2024-05-09T00:00:00Z,2024-05-09T21:50:00Z,1,OCUBMT020_day35,SRP506877
SRR28984088,AMPLICON,602,67109154,PRJNA1109929,SAMN41307303,Metagenome or environmental,37458218,"THE INSTITUTE OF MEDICAL SCIENCE, THE UNIVERSITY OF TOKYO",2021,public,"sra,fastq,run.zq","s3,gs,ncbi","s3.us-east-1,gs.us-east1,ncbi.public",SRX24513108,Japan,Asia,Japan,Homo sapiens,Illumina MiSeq,feces 121,34.646870 N 135.5067002 E,OCUBMT020_day28,PAIRED,PCR,METAGENOMIC,human metagenome,ILLUMINA,2024-05-09T00:00:00Z,2024-05-09T21:50:00Z,1,OCUBMT020_day28,SRP506877
SRR28984089,AMPLICON,600,14377289,PRJNA1109929,SAMN41307195,Metagenome or environmental,7636825,"THE INSTITUTE OF MEDICAL SCIENCE, THE UNIVERSITY OF TOKYO",2021,public,"run.zq,fastq,sra","s3,gs,ncbi","s3.us-east-1,gs.us-east1,ncbi.public",SRX24513107,Japan,Asia,Japan,Homo sapiens,Illumina MiSeq,feces 13,34.646870 N 135.5067002 E,OCUBMT002_day49,PAIRED,PCR,METAGENOMIC,human metagenome,ILLUMINA,2024-05-09T00:00:00Z,2024-05-09T21:50:00Z,1,OCUBMT002_day49,SRP506877
SRR28984090,AMPLICON,602,61231226,PRJNA1109929,SAMN41307301,Metagenome or environmental,33695901,"THE INSTITUTE OF MEDICAL SCIENCE, THE UNIVERSITY OF TOKYO",2021,public,"sra,run.zq,fastq","ncbi,gs,s3","ncbi.public,gs.us-east1,s3.us-east-1",SRX24513105,Japan,Asia,Japan,Homo sapiens,Illumina MiSeq,feces 119,34.646870 N 135.5067002 E,OCUBMT020_day0,PAIRED,PCR,METAGENOMIC,human metagenome,ILLUMINA,2024-05-09T00:00:00Z,2024-05-09T21:50:00Z,1,OCUBMT020_day0,SRP506877
SRR28984091,AMPLICON,597,31998435,PRJNA1109929,SAMN41307300,Metagenome or environmental,17094912,"THE INSTITUTE OF MEDICAL SCIENCE, THE UNIVERSITY OF TOKYO",2021,public,"fastq,run.zq,sra","gs,ncbi,s3","gs.us-east1,ncbi.public,s3.us-east-1",SRX24513104,Japan,Asia,Japan,Homo sapiens,Illumina MiSeq,feces 118,34.646870 N 135.5067002 E,OCUBMT019_pre,PAIRED,PCR,METAGENOMIC,human metagenome,ILLUMINA,2024-05-09T00:00:00Z,2024-05-09T21:50:00Z,1,OCUBMT019_pre,SRP506877
SRR28984092,AMPLICON,602,74057438,PRJNA1109929,SAMN41307282,Metagenome or environmental,39746580,"THE INSTITUTE OF MEDICAL SCIENCE, THE UNIVERSITY OF TOKYO",2021,public,"run.zq,sra,fastq","s3,ncbi,gs","s3.us-east-1,gs.us-east1,ncbi.public",SRX24513103,Japan,Asia,Japan,Homo sapiens,Illumina MiSeq,feces 100,34.646870 N 135.5067002 E,OCUBMT018_day21,PAIRED,PCR,METAGENOMIC,human metagenome,ILLUMINA,2024-05-09T00:00:00Z,2024-05-09T21:50:00Z,1,OCUBMT018_day21,SRP506877
SRR28984093,AMPLICON,600,36878085,PRJNA1109929,SAMN41307281,Metagenome or environmental,19827189,"THE INSTITUTE OF MEDICAL SCIENCE, THE UNIVERSITY OF TOKYO",2021,public,"sra,fastq,run.zq","s3,gs,ncbi","gs.us-east1,ncbi.public,s3.us-east-1",SRX24513102,Japan,Asia,Japan,Homo sapiens,Illumina MiSeq,feces 99,34.646870 N 135.5067002 E,OCUBMT018_day0,PAIRED,PCR,METAGENOMIC,human metagenome,ILLUMINA,2024-05-09T00:00:00Z,2024-05-09T21:50:00Z,1,OCUBMT018_day0,SRP506877
SRR28984094,AMPLICON,600,18968706,PRJNA1109929,SAMN41307280,Metagenome or environmental,10065462,"THE INSTITUTE OF MEDICAL SCIENCE, THE UNIVERSITY OF TOKYO",2021,public,"sra,fastq,run.zq","s3,gs,ncbi","ncbi.public,s3.us-east-1,gs.us-east1",SRX24513101,Japan,Asia,Japan,Homo sapiens,Illumina MiSeq,feces 98,34.646870 N 135.5067002 E,OCUBMT016_pre,PAIRED,PCR,METAGENOMIC,human metagenome,ILLUMINA,2024-05-09T00:00:00Z,2024-05-09T21:50:00Z,1,OCUBMT016_pre,SRP506877
SRR28984095,AMPLICON,602,98170548,PRJNA1109929,SAMN41307278,Metagenome or environmental,54252886,"THE INSTITUTE OF MEDICAL SCIENCE, THE UNIVERSITY OF TOKYO",2021,public,"fastq,sra,run.zq","gs,ncbi,s3","s3.us-east-1,ncbi.public,gs.us-east1",SRX24513099,Japan,Asia,Japan,Homo sapiens,Illumina MiSeq,feces 96,34.646870 N 135.5067002 E,OCUBMT016_day63,PAIRED,PCR,METAGENOMIC,human metagenome,ILLUMINA,2024-05-09T00:00:00Z,2024-05-09T21:50:00Z,1,OCUBMT016_day63,SRP506877
SRR28984096,AMPLICON,602,50119510,PRJNA1109929,SAMN41307277,Metagenome or environmental,26924004,"THE INSTITUTE OF MEDICAL SCIENCE, THE UNIVERSITY OF TOKYO",2021,public,"fastq,run.zq,sra","s3,gs,ncbi","gs.us-east1,s3.us-east-1,ncbi.public",SRX24513098,Japan,Asia,Japan,Homo sapiens,Illumina MiSeq,feces 95,34.646870 N 135.5067002 E,OCUBMT016_day56,PAIRED,PCR,METAGENOMIC,human metagenome,ILLUMINA,2024-05-09T00:00:00Z,2024-05-09T21:50:00Z,1,OCUBMT016_day56,SRP506877
SRR28984097,AMPLICON,602,53417266,PRJNA1109929,SAMN41307276,Metagenome or environmental,29085764,"THE INSTITUTE OF MEDICAL SCIENCE, THE UNIVERSITY OF TOKYO",2021,public,"fastq,run.zq,sra","gs,s3,ncbi","s3.us-east-1,gs.us-east1,ncbi.public",SRX24513097,Japan,Asia,Japan,Homo sapiens,Illumina MiSeq,feces 94,34.646870 N 135.5067002 E,OCUBMT016_day49,PAIRED,PCR,METAGENOMIC,human metagenome,ILLUMINA,2024-05-09T00:00:00Z,2024-05-09T21:50:00Z,1,OCUBMT016_day49,SRP506877
SRR28984098,AMPLICON,600,23984875,PRJNA1109929,SAMN41307279,Metagenome or environmental,12202110,"THE INSTITUTE OF MEDICAL SCIENCE, THE UNIVERSITY OF TOKYO",2021,public,"sra,run.zq,fastq","gs,ncbi,s3","s3.us-east-1,ncbi.public,gs.us-east1",SRX24513100,Japan,Asia,Japan,Homo sapiens,Illumina MiSeq,feces 97,34.646870 N 135.5067002 E,OCUBMT016_day7,PAIRED,PCR,METAGENOMIC,human metagenome,ILLUMINA,2024-05-09T00:00:00Z,2024-05-09T21:50:00Z,1,OCUBMT016_day7,SRP506877
SRR28984099,AMPLICON,590,38906992,PRJNA1109929,SAMN41307275,Metagenome or environmental,19897955,"THE INSTITUTE OF MEDICAL SCIENCE, THE UNIVERSITY OF TOKYO",2021,public,"run.zq,fastq,sra","s3,gs,ncbi","s3.us-east-1,gs.us-east1,ncbi.public",SRX24513096,Japan,Asia,Japan,Homo sapiens,Illumina MiSeq,feces 93,34.646870 N 135.5067002 E,OCUBMT016_day28,PAIRED,PCR,METAGENOMIC,human metagenome,ILLUMINA,2024-05-09T00:00:00Z,2024-05-09T21:50:00Z,1,OCUBMT016_day28,SRP506877
SRR28984100,AMPLICON,586,12740348,PRJNA1109929,SAMN41307274,Metagenome or environmental,6540683,"THE INSTITUTE OF MEDICAL SCIENCE, THE UNIVERSITY OF TOKYO",2021,public,"fastq,run.zq,sra","s3,gs,ncbi","gs.us-east1,ncbi.public,s3.us-east-1",SRX24513095,Japan,Asia,Japan,Homo sapiens,Illumina MiSeq,feces 92,34.646870 N 135.5067002 E,OCUBMT016_day14,PAIRED,PCR,METAGENOMIC,human metagenome,ILLUMINA,2024-05-09T00:00:00Z,2024-05-09T21:50:00Z,1,OCUBMT016_day14,SRP506877
SRR28984101,AMPLICON,600,24118596,PRJNA1109929,SAMN41307273,Metagenome or environmental,12561357,"THE INSTITUTE OF MEDICAL SCIENCE, THE UNIVERSITY OF TOKYO",2021,public,"sra,fastq,run.zq","s3,ncbi,gs","gs.us-east1,ncbi.public,s3.us-east-1",SRX24513094,Japan,Asia,Japan,Homo sapiens,Illumina MiSeq,feces 91,34.646870 N 135.5067002 E,OCUBMT016_day0,PAIRED,PCR,METAGENOMIC,human metagenome,ILLUMINA,2024-05-09T00:00:00Z,2024-05-09T21:50:00Z,1,OCUBMT016_day0,SRP506877
SRR28984102,AMPLICON,600,17505414,PRJNA1109929,SAMN41307192,Metagenome or environmental,9345070,"THE INSTITUTE OF MEDICAL SCIENCE, THE UNIVERSITY OF TOKYO",2021,public,"fastq,run.zq,sra","ncbi,gs,s3","gs.us-east1,ncbi.public,s3.us-east-1",SRX24513093,Japan,Asia,Japan,Homo sapiens,Illumina MiSeq,feces 10,34.646870 N 135.5067002 E,OCUBMT002_day28,PAIRED,PCR,METAGENOMIC,human metagenome,ILLUMINA,2024-05-09T00:00:00Z,2024-05-09T21:50:00Z,1,OCUBMT002_day28,SRP506877
SRR28984103,AMPLICON,602,55716304,PRJNA1109929,SAMN41307271,Metagenome or environmental,30573958,"THE INSTITUTE OF MEDICAL SCIENCE, THE UNIVERSITY OF TOKYO",2021,public,"run.zq,fastq,sra","s3,gs,ncbi","gs.us-east1,s3.us-east-1,ncbi.public",SRX24513091,Japan,Asia,Japan,Homo sapiens,Illumina MiSeq,feces 89,34.646870 N 135.5067002 E,OCUBMT015_day98,PAIRED,PCR,METAGENOMIC,human metagenome,ILLUMINA,2024-05-09T00:00:00Z,2024-05-09T21:50:00Z,1,OCUBMT015_day98,SRP506877
SRR28984104,AMPLICON,602,50880438,PRJNA1109929,SAMN41307270,Metagenome or environmental,27735558,"THE INSTITUTE OF MEDICAL SCIENCE, THE UNIVERSITY OF TOKYO",2021,public,"run.zq,fastq,sra","s3,ncbi,gs","ncbi.public,s3.us-east-1,gs.us-east1",SRX24513090,Japan,Asia,Japan,Homo sapiens,Illumina MiSeq,feces 88,34.646870 N 135.5067002 E,OCUBMT015_day91,PAIRED,PCR,METAGENOMIC,human metagenome,ILLUMINA,2024-05-09T00:00:00Z,2024-05-09T21:51:00Z,1,OCUBMT015_day91,SRP506877
SRR28984105,AMPLICON,602,52315004,PRJNA1109929,SAMN41307269,Metagenome or environmental,28429450,"THE INSTITUTE OF MEDICAL SCIENCE, THE UNIVERSITY OF TOKYO",2021,public,"run.zq,sra,fastq","gs,ncbi,s3","ncbi.public,gs.us-east1,s3.us-east-1",SRX24513089,Japan,Asia,Japan,Homo sapiens,Illumina MiSeq,feces 87,34.646870 N 135.5067002 E,OCUBMT015_day84,PAIRED,PCR,METAGENOMIC,human metagenome,ILLUMINA,2024-05-09T00:00:00Z,2024-05-09T21:50:00Z,1,OCUBMT015_day84,SRP506877
SRR28984106,AMPLICON,600,45501890,PRJNA1109929,SAMN41307272,Metagenome or environmental,24822866,"THE INSTITUTE OF MEDICAL SCIENCE, THE UNIVERSITY OF TOKYO",2021,public,"fastq,sra,run.zq","gs,s3,ncbi","gs.us-east1,ncbi.public,s3.us-east-1",SRX24513092,Japan,Asia,Japan,Homo sapiens,Illumina MiSeq,feces 90,34.646870 N 135.5067002 E,OCUBMT015_pre,PAIRED,PCR,METAGENOMIC,human metagenome,ILLUMINA,2024-05-09T00:00:00Z,2024-05-09T21:50:00Z,1,OCUBMT015_pre,SRP506877
SRR28984107,AMPLICON,602,46924696,PRJNA1109929,SAMN41307268,Metagenome or environmental,25454716,"THE INSTITUTE OF MEDICAL SCIENCE, THE UNIVERSITY OF TOKYO",2021,public,"fastq,run.zq,sra","ncbi,gs,s3","s3.us-east-1,ncbi.public,gs.us-east1",SRX24513088,Japan,Asia,Japan,Homo sapiens,Illumina MiSeq,feces 86,34.646870 N 135.5067002 E,OCUBMT015_day77,PAIRED,PCR,METAGENOMIC,human metagenome,ILLUMINA,2024-05-09T00:00:00Z,2024-05-09T21:50:00Z,1,OCUBMT015_day77,SRP506877
SRR28984108,AMPLICON,602,36558256,PRJNA1109929,SAMN41307267,Metagenome or environmental,19903456,"THE INSTITUTE OF MEDICAL SCIENCE, THE UNIVERSITY OF TOKYO",2021,public,"fastq,run.zq,sra","gs,s3,ncbi","gs.us-east1,s3.us-east-1,ncbi.public",SRX24513087,Japan,Asia,Japan,Homo sapiens,Illumina MiSeq,feces 85,34.646870 N 135.5067002 E,OCUBMT015_day70,PAIRED,PCR,METAGENOMIC,human metagenome,ILLUMINA,2024-05-09T00:00:00Z,2024-05-09T21:50:00Z,1,OCUBMT015_day70,SRP506877
SRR28984109,AMPLICON,600,23358107,PRJNA1109929,SAMN41307266,Metagenome or environmental,12695849,"THE INSTITUTE OF MEDICAL SCIENCE, THE UNIVERSITY OF TOKYO",2021,public,"sra,fastq,run.zq","gs,s3,ncbi","ncbi.public,gs.us-east1,s3.us-east-1",SRX24513086,Japan,Asia,Japan,Homo sapiens,Illumina MiSeq,feces 84,34.646870 N 135.5067002 E,OCUBMT015_day7,PAIRED,PCR,METAGENOMIC,human metagenome,ILLUMINA,2024-05-09T00:00:00Z,2024-05-09T21:50:00Z,1,OCUBMT015_day7,SRP506877
SRR28984110,AMPLICON,602,111391070,PRJNA1109929,SAMN41307265,Metagenome or environmental,60036999,"THE INSTITUTE OF MEDICAL SCIENCE, THE UNIVERSITY OF TOKYO",2021,public,"fastq,sra,run.zq","gs,ncbi,s3","s3.us-east-1,gs.us-east1,ncbi.public",SRX24513085,Japan,Asia,Japan,Homo sapiens,Illumina MiSeq,feces 83,34.646870 N 135.5067002 E,OCUBMT015_day63,PAIRED,PCR,METAGENOMIC,human metagenome,ILLUMINA,2024-05-09T00:00:00Z,2024-05-09T21:50:00Z,1,OCUBMT015_day63,SRP506877
SRR28984111,AMPLICON,601,102988053,PRJNA1109929,SAMN41307135,Metagenome or environmental,61271500,"THE INSTITUTE OF MEDICAL SCIENCE, THE UNIVERSITY OF TOKYO",2023,public,"run.zq,sra,fastq","s3,gs,ncbi","s3.us-east-1,ncbi.public,gs.us-east1",SRX24513083,Japan,Asia,Japan,Mus musculus,Illumina MiSeq,feces 337,34.646870 N 135.5067002 E,Patient062_day15_02,PAIRED,PCR,METAGENOMIC,mouse metagenome,ILLUMINA,2024-05-09T00:00:00Z,2024-05-09T21:51:00Z,1,Patient062_day15_02,SRP506877
SRR28984112,AMPLICON,601,137122136,PRJNA1109929,SAMN41307134,Metagenome or environmental,81284948,"THE INSTITUTE OF MEDICAL SCIENCE, THE UNIVERSITY OF TOKYO",2023,public,"sra,run.zq,fastq","ncbi,s3,gs","ncbi.public,s3.us-east-1,gs.us-east1",SRX24513082,Japan,Asia,Japan,Mus musculus,Illumina MiSeq,feces 336,34.646870 N 135.5067002 E,Patient062_day15_01,PAIRED,PCR,METAGENOMIC,mouse metagenome,ILLUMINA,2024-05-09T00:00:00Z,2024-05-09T21:50:00Z,1,Patient062_day15_01,SRP506877
SRR28984113,AMPLICON,602,87190068,PRJNA1109929,SAMN41307248,Metagenome or environmental,46723266,"THE INSTITUTE OF MEDICAL SCIENCE, THE UNIVERSITY OF TOKYO",2021,public,"fastq,run.zq,sra","gs,ncbi,s3","s3.us-east-1,gs.us-east1,ncbi.public",SRX24513081,Japan,Asia,Japan,Homo sapiens,Illumina MiSeq,feces 66,34.646870 N 135.5067002 E,OCUBMT012_day35,PAIRED,PCR,METAGENOMIC,human metagenome,ILLUMINA,2024-05-09T00:00:00Z,2024-05-09T21:50:00Z,1,OCUBMT012_day35,SRP506877
SRR28984114,AMPLICON,601,96624665,PRJNA1109929,SAMN41307136,Metagenome or environmental,57561078,"THE INSTITUTE OF MEDICAL SCIENCE, THE UNIVERSITY OF TOKYO",2023,public,"run.zq,fastq,sra","ncbi,s3,gs","gs.us-east1,s3.us-east-1,ncbi.public",SRX24513084,Japan,Asia,Japan,Mus musculus,Illumina MiSeq,feces 338,34.646870 N 135.5067002 E,Patient062_day15_03,PAIRED,PCR,METAGENOMIC,mouse metagenome,ILLUMINA,2024-05-09T00:00:00Z,2024-05-09T21:50:00Z,1,Patient062_day15_03,SRP506877
SRR28984115,AMPLICON,600,75510914,PRJNA1109929,SAMN41307133,Metagenome or environmental,42828010,"THE INSTITUTE OF MEDICAL SCIENCE, THE UNIVERSITY OF TOKYO",2023,public,"run.zq,fastq,sra","s3,ncbi,gs","ncbi.public,s3.us-east-1,gs.us-east1",SRX24513080,Japan,Asia,Japan,Mus musculus,Illumina MiSeq,feces 335,34.646870 N 135.5067002 E,Patient062_day0_16,PAIRED,PCR,METAGENOMIC,mouse metagenome,ILLUMINA,2024-05-09T00:00:00Z,2024-05-09T21:50:00Z,1,Patient062_day0_16,SRP506877
SRR28984116,AMPLICON,600,69645123,PRJNA1109929,SAMN41307132,Metagenome or environmental,39704202,"THE INSTITUTE OF MEDICAL SCIENCE, THE UNIVERSITY OF TOKYO",2023,public,"sra,fastq,run.zq","s3,gs,ncbi","ncbi.public,s3.us-east-1,gs.us-east1",SRX24513079,Japan,Asia,Japan,Mus musculus,Illumina MiSeq,feces 334,34.646870 N 135.5067002 E,Patient062_day0_15,PAIRED,PCR,METAGENOMIC,mouse metagenome,ILLUMINA,2024-05-09T00:00:00Z,2024-05-09T21:50:00Z,1,Patient062_day0_15,SRP506877
SRR28984117,AMPLICON,600,68662846,PRJNA1109929,SAMN41307131,Metagenome or environmental,38717831,"THE INSTITUTE OF MEDICAL SCIENCE, THE UNIVERSITY OF TOKYO",2023,public,"sra,run.zq,fastq","s3,ncbi,gs","s3.us-east-1,gs.us-east1,ncbi.public",SRX24513078,Japan,Asia,Japan,Mus musculus,Illumina MiSeq,feces 333,34.646870 N 135.5067002 E,Patient062_day0_14,PAIRED,PCR,METAGENOMIC,mouse metagenome,ILLUMINA,2024-05-09T00:00:00Z,2024-05-09T21:50:00Z,1,Patient062_day0_14,SRP506877
SRR28984118,AMPLICON,600,63877681,PRJNA1109929,SAMN41307130,Metagenome or environmental,36406900,"THE INSTITUTE OF MEDICAL SCIENCE, THE UNIVERSITY OF TOKYO",2023,public,"fastq,run.zq,sra","s3,gs,ncbi","s3.us-east-1,ncbi.public,gs.us-east1",SRX24513077,Japan,Asia,Japan,Mus musculus,Illumina MiSeq,feces 332,34.646870 N 135.5067002 E,Patient062_day0_13,PAIRED,PCR,METAGENOMIC,mouse metagenome,ILLUMINA,2024-05-09T00:00:00Z,2024-05-09T21:50:00Z,1,Patient062_day0_13,SRP506877
SRR28984119,AMPLICON,599,67313167,PRJNA1109929,SAMN41307128,Metagenome or environmental,38205968,"THE INSTITUTE OF MEDICAL SCIENCE, THE UNIVERSITY OF TOKYO",2023,public,"sra,run.zq,fastq","s3,gs,ncbi","ncbi.public,s3.us-east-1,gs.us-east1",SRX24513075,Japan,Asia,Japan,Mus musculus,Illumina MiSeq,feces 330,34.646870 N 135.5067002 E,Patient062_day0_11,PAIRED,PCR,METAGENOMIC,mouse metagenome,ILLUMINA,2024-05-09T00:00:00Z,2024-05-09T21:50:00Z,1,Patient062_day0_11,SRP506877
SRR28984120,AMPLICON,600,80396264,PRJNA1109929,SAMN41307127,Metagenome or environmental,45916288,"THE INSTITUTE OF MEDICAL SCIENCE, THE UNIVERSITY OF TOKYO",2023,public,"fastq,sra,run.zq","s3,gs,ncbi","ncbi.public,s3.us-east-1,gs.us-east1",SRX24513074,Japan,Asia,Japan,Mus musculus,Illumina MiSeq,feces 329,34.646870 N 135.5067002 E,Patient062_day0_10,PAIRED,PCR,METAGENOMIC,mouse metagenome,ILLUMINA,2024-05-09T00:00:00Z,2024-05-09T21:50:00Z,1,Patient062_day0_10,SRP506877
SRR28984121,AMPLICON,600,74951237,PRJNA1109929,SAMN41307126,Metagenome or environmental,42646061,"THE INSTITUTE OF MEDICAL SCIENCE, THE UNIVERSITY OF TOKYO",2023,public,"sra,fastq,run.zq","gs,s3,ncbi","ncbi.public,s3.us-east-1,gs.us-east1",SRX24513073,Japan,Asia,Japan,Mus musculus,Illumina MiSeq,feces 328,34.646870 N 135.5067002 E,Patient062_day0_09,PAIRED,PCR,METAGENOMIC,mouse metagenome,ILLUMINA,2024-05-09T00:00:00Z,2024-05-09T21:50:00Z,1,Patient062_day0_09,SRP506877
SRR28984122,AMPLICON,599,66747498,PRJNA1109929,SAMN41307129,Metagenome or environmental,37984662,"THE INSTITUTE OF MEDICAL SCIENCE, THE UNIVERSITY OF TOKYO",2023,public,"run.zq,sra,fastq","ncbi,s3,gs","ncbi.public,gs.us-east1,s3.us-east-1",SRX24513076,Japan,Asia,Japan,Mus musculus,Illumina MiSeq,feces 331,34.646870 N 135.5067002 E,Patient062_day0_12,PAIRED,PCR,METAGENOMIC,mouse metagenome,ILLUMINA,2024-05-09T00:00:00Z,2024-05-09T21:50:00Z,1,Patient062_day0_12,SRP506877
SRR28984123,AMPLICON,600,67078657,PRJNA1109929,SAMN41307125,Metagenome or environmental,38222136,"THE INSTITUTE OF MEDICAL SCIENCE, THE UNIVERSITY OF TOKYO",2023,public,"sra,fastq,run.zq","gs,s3,ncbi","s3.us-east-1,ncbi.public,gs.us-east1",SRX24513072,Japan,Asia,Japan,Mus musculus,Illumina MiSeq,feces 327,34.646870 N 135.5067002 E,Patient062_day0_08,PAIRED,PCR,METAGENOMIC,mouse metagenome,ILLUMINA,2024-05-09T00:00:00Z,2024-05-09T21:50:00Z,1,Patient062_day0_08,SRP506877
SRR28984124,AMPLICON,600,75589624,PRJNA1109929,SAMN41307124,Metagenome or environmental,43237999,"THE INSTITUTE OF MEDICAL SCIENCE, THE UNIVERSITY OF TOKYO",2023,public,"fastq,sra,run.zq","gs,ncbi,s3","ncbi.public,s3.us-east-1,gs.us-east1",SRX24513071,Japan,Asia,Japan,Mus musculus,Illumina MiSeq,feces 326,34.646870 N 135.5067002 E,Patient062_day0_07,PAIRED,PCR,METAGENOMIC,mouse metagenome,ILLUMINA,2024-05-09T00:00:00Z,2024-05-09T21:50:00Z,1,Patient062_day0_07,SRP506877
SRR28984125,AMPLICON,602,59604020,PRJNA1109929,SAMN41307247,Metagenome or environmental,31756004,"THE INSTITUTE OF MEDICAL SCIENCE, THE UNIVERSITY OF TOKYO",2021,public,"sra,fastq,run.zq","ncbi,gs,s3","s3.us-east-1,gs.us-east1,ncbi.public",SRX24513070,Japan,Asia,Japan,Homo sapiens,Illumina MiSeq,feces 65,34.646870 N 135.5067002 E,OCUBMT012_day21,PAIRED,PCR,METAGENOMIC,human metagenome,ILLUMINA,2024-05-09T00:00:00Z,2024-05-09T21:50:00Z,1,OCUBMT012_day21,SRP506877
SRR28984126,AMPLICON,599,81647509,PRJNA1109929,SAMN41307123,Metagenome or environmental,45940590,"THE INSTITUTE OF MEDICAL SCIENCE, THE UNIVERSITY OF TOKYO",2023,public,"fastq,sra,run.zq","ncbi,gs,s3","s3.us-east-1,ncbi.public,gs.us-east1",SRX24513069,Japan,Asia,Japan,Mus musculus,Illumina MiSeq,feces 325,34.646870 N 135.5067002 E,Patient062_day0_06,PAIRED,PCR,METAGENOMIC,mouse metagenome,ILLUMINA,2024-05-09T00:00:00Z,2024-05-09T21:50:00Z,1,Patient062_day0_06,SRP506877
SRR28984127,AMPLICON,600,92056589,PRJNA1109929,SAMN41307121,Metagenome or environmental,52321005,"THE INSTITUTE OF MEDICAL SCIENCE, THE UNIVERSITY OF TOKYO",2023,public,"sra,run.zq,fastq","s3,gs,ncbi","gs.us-east1,ncbi.public,s3.us-east-1",SRX24513067,Japan,Asia,Japan,Mus musculus,Illumina MiSeq,feces 323,34.646870 N 135.5067002 E,Patient062_day0_04,PAIRED,PCR,METAGENOMIC,mouse metagenome,ILLUMINA,2024-05-09T00:00:00Z,2024-05-09T21:50:00Z,1,Patient062_day0_04,SRP506877
SRR28984128,AMPLICON,600,85652937,PRJNA1109929,SAMN41307120,Metagenome or environmental,48639202,"THE INSTITUTE OF MEDICAL SCIENCE, THE UNIVERSITY OF TOKYO",2023,public,"sra,fastq,run.zq","gs,s3,ncbi","s3.us-east-1,ncbi.public,gs.us-east1",SRX24513066,Japan,Asia,Japan,Mus musculus,Illumina MiSeq,feces 322,34.646870 N 135.5067002 E,Patient062_day0_03,PAIRED,PCR,METAGENOMIC,mouse metagenome,ILLUMINA,2024-05-09T00:00:00Z,2024-05-09T21:50:00Z,1,Patient062_day0_03,SRP506877
SRR28984129,AMPLICON,600,109023743,PRJNA1109929,SAMN41307119,Metagenome or environmental,62220518,"THE INSTITUTE OF MEDICAL SCIENCE, THE UNIVERSITY OF TOKYO",2023,public,"sra,fastq,run.zq","s3,ncbi,gs","ncbi.public,s3.us-east-1,gs.us-east1",SRX24513065,Japan,Asia,Japan,Mus musculus,Illumina MiSeq,feces 321,34.646870 N 135.5067002 E,Patient062_day0_02,PAIRED,PCR,METAGENOMIC,mouse metagenome,ILLUMINA,2024-05-09T00:00:00Z,2024-05-09T21:50:00Z,1,Patient062_day0_02,SRP506877
SRR28984130,AMPLICON,599,81445360,PRJNA1109929,SAMN41307122,Metagenome or environmental,46273330,"THE INSTITUTE OF MEDICAL SCIENCE, THE UNIVERSITY OF TOKYO",2023,public,"run.zq,fastq,sra","gs,ncbi,s3","s3.us-east-1,ncbi.public,gs.us-east1",SRX24513068,Japan,Asia,Japan,Mus musculus,Illumina MiSeq,feces 324,34.646870 N 135.5067002 E,Patient062_day0_05,PAIRED,PCR,METAGENOMIC,mouse metagenome,ILLUMINA,2024-05-09T00:00:00Z,2024-05-09T21:50:00Z,1,Patient062_day0_05,SRP506877
SRR28984131,AMPLICON,600,94208377,PRJNA1109929,SAMN41307118,Metagenome or environmental,53463824,"THE INSTITUTE OF MEDICAL SCIENCE, THE UNIVERSITY OF TOKYO",2023,public,"sra,fastq,run.zq","s3,gs,ncbi","gs.us-east1,s3.us-east-1,ncbi.public",SRX24513064,Japan,Asia,Japan,Mus musculus,Illumina MiSeq,feces 320,34.646870 N 135.5067002 E,Patient062_day0_01,PAIRED,PCR,METAGENOMIC,mouse metagenome,ILLUMINA,2024-05-09T00:00:00Z,2024-05-09T21:50:00Z,1,Patient062_day0_01,SRP506877
SRR28984132,AMPLICON,600,81870527,PRJNA1109929,SAMN41307117,Metagenome or environmental,45624971,"THE INSTITUTE OF MEDICAL SCIENCE, THE UNIVERSITY OF TOKYO",2023,public,"sra,run.zq,fastq","s3,ncbi,gs","gs.us-east1,s3.us-east-1,ncbi.public",SRX24513252,Japan,Asia,Japan,Mus musculus,Illumina MiSeq,feces 319,34.646870 N 135.5067002 E,Patient043_pre_99,PAIRED,PCR,METAGENOMIC,mouse metagenome,ILLUMINA,2024-05-09T00:00:00Z,2024-05-09T21:50:00Z,1,Patient043_pre_99,SRP506877
SRR28984133,AMPLICON,600,136166668,PRJNA1109929,SAMN41307059,Metagenome or environmental,74580462,"THE INSTITUTE OF MEDICAL SCIENCE, THE UNIVERSITY OF TOKYO",2023,public,"sra,fastq,run.zq","s3,ncbi,gs","s3.us-east-1,ncbi.public,gs.us-east1",SRX24513062,Japan,Asia,Japan,Mus musculus,Illumina MiSeq,feces 261,34.646870 N 135.5067002 E,Patient043_day8_71,PAIRED,PCR,METAGENOMIC,mouse metagenome,ILLUMINA,2024-05-09T00:00:00Z,2024-05-09T21:50:00Z,1,Patient043_day8_71,SRP506877
SRR28984134,AMPLICON,600,93103908,PRJNA1109929,SAMN41307058,Metagenome or environmental,51367781,"THE INSTITUTE OF MEDICAL SCIENCE, THE UNIVERSITY OF TOKYO",2023,public,"run.zq,fastq,sra","s3,gs,ncbi","gs.us-east1,s3.us-east-1,ncbi.public",SRX24513061,Japan,Asia,Japan,Mus musculus,Illumina MiSeq,feces 260,34.646870 N 135.5067002 E,Patient043_day15_99,PAIRED,PCR,METAGENOMIC,mouse metagenome,ILLUMINA,2024-05-09T00:00:00Z,2024-05-09T21:50:00Z,1,Patient043_day15_99,SRP506877
SRR28984135,AMPLICON,600,97878985,PRJNA1109929,SAMN41307056,Metagenome or environmental,53377895,"THE INSTITUTE OF MEDICAL SCIENCE, THE UNIVERSITY OF TOKYO",2023,public,"sra,fastq,run.zq","ncbi,s3,gs","ncbi.public,s3.us-east-1,gs.us-east1",SRX24513059,Japan,Asia,Japan,Mus musculus,Illumina MiSeq,feces 258,34.646870 N 135.5067002 E,Patient043_day15_97,PAIRED,PCR,METAGENOMIC,mouse metagenome,ILLUMINA,2024-05-09T00:00:00Z,2024-05-09T21:50:00Z,1,Patient043_day15_97,SRP506877
SRR28984136,AMPLICON,600,97696655,PRJNA1109929,SAMN41307055,Metagenome or environmental,54107314,"THE INSTITUTE OF MEDICAL SCIENCE, THE UNIVERSITY OF TOKYO",2023,public,"run.zq,fastq,sra","s3,gs,ncbi","ncbi.public,s3.us-east-1,gs.us-east1",SRX24513058,Japan,Asia,Japan,Mus musculus,Illumina MiSeq,feces 257,34.646870 N 135.5067002 E,Patient043_day15_96,PAIRED,PCR,METAGENOMIC,mouse metagenome,ILLUMINA,2024-05-09T00:00:00Z,2024-05-09T21:50:00Z,1,Patient043_day15_96,SRP506877
SRR28984137,AMPLICON,600,87995975,PRJNA1109929,SAMN41307054,Metagenome or environmental,48160876,"THE INSTITUTE OF MEDICAL SCIENCE, THE UNIVERSITY OF TOKYO",2023,public,"run.zq,fastq,sra","ncbi,s3,gs","gs.us-east1,ncbi.public,s3.us-east-1",SRX24513057,Japan,Asia,Japan,Mus musculus,Illumina MiSeq,feces 256,34.646870 N 135.5067002 E,Patient043_day15_95,PAIRED,PCR,METAGENOMIC,mouse metagenome,ILLUMINA,2024-05-09T00:00:00Z,2024-05-09T21:50:00Z,1,Patient043_day15_95,SRP506877
SRR28984138,AMPLICON,600,94381509,PRJNA1109929,SAMN41307057,Metagenome or environmental,51795499,"THE INSTITUTE OF MEDICAL SCIENCE, THE UNIVERSITY OF TOKYO",2023,public,"fastq,sra,run.zq","s3,gs,ncbi","gs.us-east1,ncbi.public,s3.us-east-1",SRX24513060,Japan,Asia,Japan,Mus musculus,Illumina MiSeq,feces 259,34.646870 N 135.5067002 E,Patient043_day15_98,PAIRED,PCR,METAGENOMIC,mouse metagenome,ILLUMINA,2024-05-09T00:00:00Z,2024-05-09T21:50:00Z,1,Patient043_day15_98,SRP506877
SRR28984139,AMPLICON,602,178701894,PRJNA1109929,SAMN41307240,Metagenome or environmental,97565197,"THE INSTITUTE OF MEDICAL SCIENCE, THE UNIVERSITY OF TOKYO",2021,public,"fastq,run.zq,sra","gs,s3,ncbi","ncbi.public,gs.us-east1,s3.us-east-1",SRX24513056,Japan,Asia,Japan,Homo sapiens,Illumina MiSeq,feces 58,34.646870 N 135.5067002 E,OCUBMT011_day21,PAIRED,PCR,METAGENOMIC,human metagenome,ILLUMINA,2024-05-09T00:00:00Z,2024-05-09T21:50:00Z,1,OCUBMT011_day21,SRP506877
SRR28984140,AMPLICON,600,99876167,PRJNA1109929,SAMN41307053,Metagenome or environmental,54762412,"THE INSTITUTE OF MEDICAL SCIENCE, THE UNIVERSITY OF TOKYO",2023,public,"fastq,run.zq,sra","gs,s3,ncbi","gs.us-east1,s3.us-east-1,ncbi.public",SRX24513055,Japan,Asia,Japan,Mus musculus,Illumina MiSeq,feces 255,34.646870 N 135.5067002 E,Patient043_day15_94,PAIRED,PCR,METAGENOMIC,mouse metagenome,ILLUMINA,2024-05-09T00:00:00Z,2024-05-09T21:50:00Z,1,Patient043_day15_94,SRP506877
SRR28984141,AMPLICON,600,111504527,PRJNA1109929,SAMN41307052,Metagenome or environmental,61122394,"THE INSTITUTE OF MEDICAL SCIENCE, THE UNIVERSITY OF TOKYO",2023,public,"fastq,run.zq,sra","gs,s3,ncbi","ncbi.public,gs.us-east1,s3.us-east-1",SRX24513054,Japan,Asia,Japan,Mus musculus,Illumina MiSeq,feces 254,34.646870 N 135.5067002 E,Patient043_day15_93,PAIRED,PCR,METAGENOMIC,mouse metagenome,ILLUMINA,2024-05-09T00:00:00Z,2024-05-09T21:50:00Z,1,Patient043_day15_93,SRP506877
SRR28984142,AMPLICON,600,91065351,PRJNA1109929,SAMN41307051,Metagenome or environmental,50259700,"THE INSTITUTE OF MEDICAL SCIENCE, THE UNIVERSITY OF TOKYO",2023,public,"sra,fastq,run.zq","ncbi,gs,s3","s3.us-east-1,gs.us-east1,ncbi.public",SRX24513053,Japan,Asia,Japan,Mus musculus,Illumina MiSeq,feces 253,34.646870 N 135.5067002 E,Patient043_day15_92,PAIRED,PCR,METAGENOMIC,mouse metagenome,ILLUMINA,2024-05-09T00:00:00Z,2024-05-09T21:50:00Z,1,Patient043_day15_92,SRP506877
SRR28984143,AMPLICON,600,93008301,PRJNA1109929,SAMN41307049,Metagenome or environmental,51508440,"THE INSTITUTE OF MEDICAL SCIENCE, THE UNIVERSITY OF TOKYO",2023,public,"run.zq,fastq,sra","ncbi,s3,gs","gs.us-east1,ncbi.public,s3.us-east-1",SRX24513051,Japan,Asia,Japan,Mus musculus,Illumina MiSeq,feces 251,34.646870 N 135.5067002 E,Patient043_day15_90,PAIRED,PCR,METAGENOMIC,mouse metagenome,ILLUMINA,2024-05-09T00:00:00Z,2024-05-09T21:51:00Z,1,Patient043_day15_90,SRP506877
SRR28984144,AMPLICON,600,104150122,PRJNA1109929,SAMN41307048,Metagenome or environmental,56596738,"THE INSTITUTE OF MEDICAL SCIENCE, THE UNIVERSITY OF TOKYO",2023,public,"fastq,sra,run.zq","ncbi,gs,s3","gs.us-east1,s3.us-east-1,ncbi.public",SRX24513050,Japan,Asia,Japan,Mus musculus,Illumina MiSeq,feces 250,34.646870 N 135.5067002 E,Patient043_day15_89,PAIRED,PCR,METAGENOMIC,mouse metagenome,ILLUMINA,2024-05-09T00:00:00Z,2024-05-09T21:50:00Z,1,Patient043_day15_89,SRP506877
SRR28984145,AMPLICON,600,87862932,PRJNA1109929,SAMN41307047,Metagenome or environmental,47857934,"THE INSTITUTE OF MEDICAL SCIENCE, THE UNIVERSITY OF TOKYO",2023,public,"run.zq,fastq,sra","s3,gs,ncbi","gs.us-east1,s3.us-east-1,ncbi.public",SRX24513049,Japan,Asia,Japan,Mus musculus,Illumina MiSeq,feces 249,34.646870 N 135.5067002 E,Patient043_day15_88,PAIRED,PCR,METAGENOMIC,mouse metagenome,ILLUMINA,2024-05-09T00:00:00Z,2024-05-09T21:50:00Z,1,Patient043_day15_88,SRP506877
SRR28984146,AMPLICON,600,103749292,PRJNA1109929,SAMN41307050,Metagenome or environmental,57315924,"THE INSTITUTE OF MEDICAL SCIENCE, THE UNIVERSITY OF TOKYO",2023,public,"run.zq,sra,fastq","ncbi,gs,s3","ncbi.public,s3.us-east-1,gs.us-east1",SRX24513052,Japan,Asia,Japan,Mus musculus,Illumina MiSeq,feces 252,34.646870 N 135.5067002 E,Patient043_day15_91,PAIRED,PCR,METAGENOMIC,mouse metagenome,ILLUMINA,2024-05-09T00:00:00Z,2024-05-09T21:50:00Z,1,Patient043_day15_91,SRP506877
SRR28984147,AMPLICON,600,96964667,PRJNA1109929,SAMN41307046,Metagenome or environmental,52874191,"THE INSTITUTE OF MEDICAL SCIENCE, THE UNIVERSITY OF TOKYO",2023,public,"run.zq,fastq,sra","gs,ncbi,s3","s3.us-east-1,ncbi.public,gs.us-east1",SRX24513048,Japan,Asia,Japan,Mus musculus,Illumina MiSeq,feces 248,34.646870 N 135.5067002 E,Patient043_day15_87,PAIRED,PCR,METAGENOMIC,mouse metagenome,ILLUMINA,2024-05-09T00:00:00Z,2024-05-09T21:50:00Z,1,Patient043_day15_87,SRP506877
SRR28984148,AMPLICON,600,110223034,PRJNA1109929,SAMN41307045,Metagenome or environmental,60244860,"THE INSTITUTE OF MEDICAL SCIENCE, THE UNIVERSITY OF TOKYO",2023,public,"fastq,sra,run.zq","gs,s3,ncbi","ncbi.public,s3.us-east-1,gs.us-east1",SRX24513047,Japan,Asia,Japan,Mus musculus,Illumina MiSeq,feces 247,34.646870 N 135.5067002 E,Patient043_day15_86,PAIRED,PCR,METAGENOMIC,mouse metagenome,ILLUMINA,2024-05-09T00:00:00Z,2024-05-09T21:50:00Z,1,Patient043_day15_86,SRP506877
SRR28984149,AMPLICON,600,88810650,PRJNA1109929,SAMN41307044,Metagenome or environmental,48580246,"THE INSTITUTE OF MEDICAL SCIENCE, THE UNIVERSITY OF TOKYO",2023,public,"sra,fastq,run.zq","ncbi,s3,gs","ncbi.public,s3.us-east-1,gs.us-east1",SRX24513046,Japan,Asia,Japan,Mus musculus,Illumina MiSeq,feces 246,34.646870 N 135.5067002 E,Patient043_day15_85,PAIRED,PCR,METAGENOMIC,mouse metagenome,ILLUMINA,2024-05-09T00:00:00Z,2024-05-09T21:50:00Z,1,Patient043_day15_85,SRP506877
SRR28984150,AMPLICON,599,35583580,PRJNA1109929,SAMN41307239,Metagenome or environmental,18765997,"THE INSTITUTE OF MEDICAL SCIENCE, THE UNIVERSITY OF TOKYO",2021,public,"sra,fastq,run.zq","s3,gs,ncbi","ncbi.public,s3.us-east-1,gs.us-east1",SRX24513045,Japan,Asia,Japan,Homo sapiens,Illumina MiSeq,feces 57,34.646870 N 135.5067002 E,OCUBMT011_day14,PAIRED,PCR,METAGENOMIC,human metagenome,ILLUMINA,2024-05-09T00:00:00Z,2024-05-09T21:50:00Z,1,OCUBMT011_day14,SRP506877
SRR28984151,AMPLICON,600,146219156,PRJNA1109929,SAMN41307042,Metagenome or environmental,82398052,"THE INSTITUTE OF MEDICAL SCIENCE, THE UNIVERSITY OF TOKYO",2023,public,"sra,fastq,run.zq","gs,ncbi,s3","ncbi.public,s3.us-east-1,gs.us-east1",SRX24513043,Japan,Asia,Japan,Mus musculus,Illumina MiSeq,feces 244,34.646870 N 135.5067002 E,Patient043_day15_83,PAIRED,PCR,METAGENOMIC,mouse metagenome,ILLUMINA,2024-05-09T00:00:00Z,2024-05-09T21:51:00Z,1,Patient043_day15_83,SRP506877
SRR28984152,AMPLICON,600,118044631,PRJNA1109929,SAMN41307041,Metagenome or environmental,65751480,"THE INSTITUTE OF MEDICAL SCIENCE, THE UNIVERSITY OF TOKYO",2023,public,"sra,fastq,run.zq","gs,ncbi,s3","gs.us-east1,ncbi.public,s3.us-east-1",SRX24513042,Japan,Asia,Japan,Mus musculus,Illumina MiSeq,feces 243,34.646870 N 135.5067002 E,Patient043_day15_81,PAIRED,PCR,METAGENOMIC,mouse metagenome,ILLUMINA,2024-05-09T00:00:00Z,2024-05-09T21:50:00Z,1,Patient043_day15_81,SRP506877
SRR28984153,AMPLICON,601,98903753,PRJNA1109929,SAMN41306983,Metagenome or environmental,57945917,"THE INSTITUTE OF MEDICAL SCIENCE, THE UNIVERSITY OF TOKYO",2023,public,"fastq,sra,run.zq","ncbi,gs,s3","ncbi.public,s3.us-east-1,gs.us-east1",SRX24513041,Japan,Asia,Japan,Mus musculus,Illumina MiSeq,feces 185,34.646870 N 135.5067002 E,Patient032_day8_11,PAIRED,PCR,METAGENOMIC,mouse metagenome,ILLUMINA,2024-05-09T00:00:00Z,2024-05-09T21:50:00Z,1,Patient032_day8_11,SRP506877
SRR28984154,AMPLICON,601,117850965,PRJNA1109929,SAMN41306984,Metagenome or environmental,69048654,"THE INSTITUTE OF MEDICAL SCIENCE, THE UNIVERSITY OF TOKYO",2023,public,"sra,run.zq,fastq","gs,ncbi,s3","gs.us-east1,s3.us-east-1,ncbi.public",SRX24513489,Japan,Asia,Japan,Mus musculus,Illumina MiSeq,feces 186,34.646870 N 135.5067002 E,Patient032_day8_12,PAIRED,PCR,METAGENOMIC,mouse metagenome,ILLUMINA,2024-05-09T00:00:00Z,2024-05-09T21:51:00Z,1,Patient032_day8_12,SRP506877
SRR28984155,AMPLICON,601,111168717,PRJNA1109929,SAMN41306982,Metagenome or environmental,65372825,"THE INSTITUTE OF MEDICAL SCIENCE, THE UNIVERSITY OF TOKYO",2023,public,"run.zq,sra,fastq","s3,ncbi,gs","gs.us-east1,s3.us-east-1,ncbi.public",SRX24513040,Japan,Asia,Japan,Mus musculus,Illumina MiSeq,feces 184,34.646870 N 135.5067002 E,Patient032_day8_10,PAIRED,PCR,METAGENOMIC,mouse metagenome,ILLUMINA,2024-05-09T00:00:00Z,2024-05-09T21:50:00Z,1,Patient032_day8_10,SRP506877
SRR28984156,AMPLICON,601,118888595,PRJNA1109929,SAMN41306981,Metagenome or environmental,69526233,"THE INSTITUTE OF MEDICAL SCIENCE, THE UNIVERSITY OF TOKYO",2023,public,"run.zq,sra,fastq","gs,s3,ncbi","ncbi.public,gs.us-east1,s3.us-east-1",SRX24513039,Japan,Asia,Japan,Mus musculus,Illumina MiSeq,feces 183,34.646870 N 135.5067002 E,Patient032_day8_09,PAIRED,PCR,METAGENOMIC,mouse metagenome,ILLUMINA,2024-05-09T00:00:00Z,2024-05-09T21:51:00Z,1,Patient032_day8_09,SRP506877
SRR28984157,AMPLICON,601,104436593,PRJNA1109929,SAMN41306980,Metagenome or environmental,60554637,"THE INSTITUTE OF MEDICAL SCIENCE, THE UNIVERSITY OF TOKYO",2023,public,"sra,run.zq,fastq","s3,ncbi,gs","gs.us-east1,s3.us-east-1,ncbi.public",SRX24513038,Japan,Asia,Japan,Mus musculus,Illumina MiSeq,feces 182,34.646870 N 135.5067002 E,Patient032_day8_08,PAIRED,PCR,METAGENOMIC,mouse metagenome,ILLUMINA,2024-05-09T00:00:00Z,2024-05-09T21:51:00Z,1,Patient032_day8_08,SRP506877
SRR28984158,AMPLICON,601,101478134,PRJNA1109929,SAMN41306979,Metagenome or environmental,59141685,"THE INSTITUTE OF MEDICAL SCIENCE, THE UNIVERSITY OF TOKYO",2023,public,"fastq,run.zq,sra","gs,s3,ncbi","gs.us-east1,s3.us-east-1,ncbi.public",SRX24513037,Japan,Asia,Japan,Mus musculus,Illumina MiSeq,feces 181,34.646870 N 135.5067002 E,Patient032_day8_07,PAIRED,PCR,METAGENOMIC,mouse metagenome,ILLUMINA,2024-05-09T00:00:00Z,2024-05-09T21:51:00Z,1,Patient032_day8_07,SRP506877
SRR28984159,AMPLICON,601,122811709,PRJNA1109929,SAMN41306977,Metagenome or environmental,71305920,"THE INSTITUTE OF MEDICAL SCIENCE, THE UNIVERSITY OF TOKYO",2023,public,"fastq,run.zq,sra","s3,gs,ncbi","gs.us-east1,s3.us-east-1,ncbi.public",SRX24513035,Japan,Asia,Japan,Mus musculus,Illumina MiSeq,feces 179,34.646870 N 135.5067002 E,Patient032_day8_05,PAIRED,PCR,METAGENOMIC,mouse metagenome,ILLUMINA,2024-05-09T00:00:00Z,2024-05-09T21:51:00Z,1,Patient032_day8_05,SRP506877
SRR28984160,AMPLICON,601,105110314,PRJNA1109929,SAMN41306976,Metagenome or environmental,61052951,"THE INSTITUTE OF MEDICAL SCIENCE, THE UNIVERSITY OF TOKYO",2023,public,"sra,fastq,run.zq","gs,s3,ncbi","s3.us-east-1,ncbi.public,gs.us-east1",SRX24513034,Japan,Asia,Japan,Mus musculus,Illumina MiSeq,feces 178,34.646870 N 135.5067002 E,Patient032_day8_04,PAIRED,PCR,METAGENOMIC,mouse metagenome,ILLUMINA,2024-05-09T00:00:00Z,2024-05-09T21:51:00Z,1,Patient032_day8_04,SRP506877
SRR28984161,AMPLICON,601,90590782,PRJNA1109929,SAMN41306975,Metagenome or environmental,52686278,"THE INSTITUTE OF MEDICAL SCIENCE, THE UNIVERSITY OF TOKYO",2023,public,"run.zq,sra,fastq","ncbi,s3,gs","ncbi.public,gs.us-east1,s3.us-east-1",SRX24513033,Japan,Asia,Japan,Mus musculus,Illumina MiSeq,feces 177,34.646870 N 135.5067002 E,Patient032_day8_03,PAIRED,PCR,METAGENOMIC,mouse metagenome,ILLUMINA,2024-05-09T00:00:00Z,2024-05-09T21:50:00Z,1,Patient032_day8_03,SRP506877
SRR28984162,AMPLICON,601,108747436,PRJNA1109929,SAMN41306978,Metagenome or environmental,62686507,"THE INSTITUTE OF MEDICAL SCIENCE, THE UNIVERSITY OF TOKYO",2023,public,"fastq,sra,run.zq","ncbi,gs,s3","gs.us-east1,ncbi.public,s3.us-east-1",SRX24513036,Japan,Asia,Japan,Mus musculus,Illumina MiSeq,feces 180,34.646870 N 135.5067002 E,Patient032_day8_06,PAIRED,PCR,METAGENOMIC,mouse metagenome,ILLUMINA,2024-05-09T00:00:00Z,2024-05-09T21:51:00Z,1,Patient032_day8_06,SRP506877
SRR28984163,AMPLICON,601,110291428,PRJNA1109929,SAMN41306974,Metagenome or environmental,64271597,"THE INSTITUTE OF MEDICAL SCIENCE, THE UNIVERSITY OF TOKYO",2023,public,"fastq,run.zq,sra","gs,ncbi,s3","gs.us-east1,ncbi.public,s3.us-east-1",SRX24513032,Japan,Asia,Japan,Mus musculus,Illumina MiSeq,feces 176,34.646870 N 135.5067002 E,Patient032_day8_02,PAIRED,PCR,METAGENOMIC,mouse metagenome,ILLUMINA,2024-05-09T00:00:00Z,2024-05-09T21:51:00Z,1,Patient032_day8_02,SRP506877
SRR28984164,AMPLICON,601,38042995,PRJNA1109929,SAMN41307232,Metagenome or environmental,19786120,"THE INSTITUTE OF MEDICAL SCIENCE, THE UNIVERSITY OF TOKYO",2021,public,"sra,run.zq,fastq","gs,s3,ncbi","s3.us-east-1,gs.us-east1,ncbi.public",SRX24513031,Japan,Asia,Japan,Homo sapiens,Illumina MiSeq,feces 50,34.646870 N 135.5067002 E,OCUBMT010_day21,PAIRED,PCR,METAGENOMIC,human metagenome,ILLUMINA,2024-05-09T00:00:00Z,2024-05-09T21:51:00Z,1,OCUBMT010_day21,SRP506877
SRR28984165,AMPLICON,601,120249031,PRJNA1109929,SAMN41306973,Metagenome or environmental,69870198,"THE INSTITUTE OF MEDICAL SCIENCE, THE UNIVERSITY OF TOKYO",2023,public,"sra,run.zq,fastq","gs,ncbi,s3","s3.us-east-1,gs.us-east1,ncbi.public",SRX24513030,Japan,Asia,Japan,Mus musculus,Illumina MiSeq,feces 175,34.646870 N 135.5067002 E,Patient032_day8_01,PAIRED,PCR,METAGENOMIC,mouse metagenome,ILLUMINA,2024-05-09T00:00:00Z,2024-05-09T21:51:00Z,1,Patient032_day8_01,SRP506877
SRR28984166,AMPLICON,601,104948978,PRJNA1109929,SAMN41306972,Metagenome or environmental,60786424,"THE INSTITUTE OF MEDICAL SCIENCE, THE UNIVERSITY OF TOKYO",2023,public,"sra,fastq,run.zq","gs,ncbi,s3","ncbi.public,gs.us-east1,s3.us-east-1",SRX24513029,Japan,Asia,Japan,Mus musculus,Illumina MiSeq,feces 174,34.646870 N 135.5067002 E,Patient032_day15_16,PAIRED,PCR,METAGENOMIC,mouse metagenome,ILLUMINA,2024-05-09T00:00:00Z,2024-05-09T21:51:00Z,1,Patient032_day15_16,SRP506877
SRR28984167,AMPLICON,601,103281016,PRJNA1109929,SAMN41306970,Metagenome or environmental,59447535,"THE INSTITUTE OF MEDICAL SCIENCE, THE UNIVERSITY OF TOKYO",2023,public,"sra,run.zq,fastq","gs,s3,ncbi","s3.us-east-1,gs.us-east1,ncbi.public",SRX24513027,Japan,Asia,Japan,Mus musculus,Illumina MiSeq,feces 172,34.646870 N 135.5067002 E,Patient032_day15_14,PAIRED,PCR,METAGENOMIC,mouse metagenome,ILLUMINA,2024-05-09T00:00:00Z,2024-05-09T21:51:00Z,1,Patient032_day15_14,SRP506877
SRR28984168,AMPLICON,601,119501515,PRJNA1109929,SAMN41306969,Metagenome or environmental,69233003,"THE INSTITUTE OF MEDICAL SCIENCE, THE UNIVERSITY OF TOKYO",2023,public,"run.zq,sra,fastq","ncbi,s3,gs","ncbi.public,s3.us-east-1,gs.us-east1",SRX24513026,Japan,Asia,Japan,Mus musculus,Illumina MiSeq,feces 171,34.646870 N 135.5067002 E,Patient032_day15_13,PAIRED,PCR,METAGENOMIC,mouse metagenome,ILLUMINA,2024-05-09T00:00:00Z,2024-05-09T21:51:00Z,1,Patient032_day15_13,SRP506877
SRR28984169,AMPLICON,601,123412400,PRJNA1109929,SAMN41306968,Metagenome or environmental,71541020,"THE INSTITUTE OF MEDICAL SCIENCE, THE UNIVERSITY OF TOKYO",2023,public,"fastq,sra,run.zq","gs,s3,ncbi","s3.us-east-1,ncbi.public,gs.us-east1",SRX24513025,Japan,Asia,Japan,Mus musculus,Illumina MiSeq,feces 170,34.646870 N 135.5067002 E,Patient032_day15_12,PAIRED,PCR,METAGENOMIC,mouse metagenome,ILLUMINA,2024-05-09T00:00:00Z,2024-05-09T21:51:00Z,1,Patient032_day15_12,SRP506877
SRR28984170,AMPLICON,601,117250803,PRJNA1109929,SAMN41306971,Metagenome or environmental,68290723,"THE INSTITUTE OF MEDICAL SCIENCE, THE UNIVERSITY OF TOKYO",2023,public,"run.zq,fastq,sra","gs,s3,ncbi","ncbi.public,s3.us-east-1,gs.us-east1",SRX24513028,Japan,Asia,Japan,Mus musculus,Illumina MiSeq,feces 173,34.646870 N 135.5067002 E,Patient032_day15_15,PAIRED,PCR,METAGENOMIC,mouse metagenome,ILLUMINA,2024-05-09T00:00:00Z,2024-05-09T21:51:00Z,1,Patient032_day15_15,SRP506877
SRR28984171,AMPLICON,601,103487133,PRJNA1109929,SAMN41306967,Metagenome or environmental,60091620,"THE INSTITUTE OF MEDICAL SCIENCE, THE UNIVERSITY OF TOKYO",2023,public,"sra,fastq,run.zq","s3,gs,ncbi","ncbi.public,s3.us-east-1,gs.us-east1",SRX24513024,Japan,Asia,Japan,Mus musculus,Illumina MiSeq,feces 169,34.646870 N 135.5067002 E,Patient032_day15_11,PAIRED,PCR,METAGENOMIC,mouse metagenome,ILLUMINA,2024-05-09T00:00:00Z,2024-05-09T21:51:00Z,1,Patient032_day15_11,SRP506877
SRR28984172,AMPLICON,601,108730183,PRJNA1109929,SAMN41306966,Metagenome or environmental,63255739,"THE INSTITUTE OF MEDICAL SCIENCE, THE UNIVERSITY OF TOKYO",2023,public,"run.zq,fastq,sra","s3,gs,ncbi","gs.us-east1,s3.us-east-1,ncbi.public",SRX24513023,Japan,Asia,Japan,Mus musculus,Illumina MiSeq,feces 168,34.646870 N 135.5067002 E,Patient032_day15_10,PAIRED,PCR,METAGENOMIC,mouse metagenome,ILLUMINA,2024-05-09T00:00:00Z,2024-05-09T21:51:00Z,1,Patient032_day15_10,SRP506877
SRR28984173,AMPLICON,601,113300312,PRJNA1109929,SAMN41306965,Metagenome or environmental,65738669,"THE INSTITUTE OF MEDICAL SCIENCE, THE UNIVERSITY OF TOKYO",2023,public,"fastq,sra,run.zq","ncbi,s3,gs","gs.us-east1,ncbi.public,s3.us-east-1",SRX24513022,Japan,Asia,Japan,Mus musculus,Illumina MiSeq,feces 167,34.646870 N 135.5067002 E,Patient032_day15_09,PAIRED,PCR,METAGENOMIC,mouse metagenome,ILLUMINA,2024-05-09T00:00:00Z,2024-05-09T21:51:00Z,1,Patient032_day15_09,SRP506877
SRR28984174,AMPLICON,601,93217679,PRJNA1109929,SAMN41306964,Metagenome or environmental,54993976,"THE INSTITUTE OF MEDICAL SCIENCE, THE UNIVERSITY OF TOKYO",2023,public,"run.zq,fastq,sra","s3,ncbi,gs","s3.us-east-1,gs.us-east1,ncbi.public",SRX24513021,Japan,Asia,Japan,Mus musculus,Illumina MiSeq,feces 166,34.646870 N 135.5067002 E,Patient032_day15_08,PAIRED,PCR,METAGENOMIC,mouse metagenome,ILLUMINA,2024-05-09T00:00:00Z,2024-05-09T21:51:00Z,1,Patient032_day15_08,SRP506877
SRR28984175,AMPLICON,602,73241728,PRJNA1109929,SAMN41307412,Metagenome or environmental,45310862,"THE INSTITUTE OF MEDICAL SCIENCE, THE UNIVERSITY OF TOKYO",2021,public,"run.zq,sra,fastq","ncbi,gs,s3","ncbi.public,s3.us-east-1,gs.us-east1",SRX24513019,Japan,Asia,Japan,Homo sapiens,Illumina MiSeq,feces 230,34.646870 N 135.5067002 E,OCUBMT038_day49,PAIRED,PCR,METAGENOMIC,human metagenome,ILLUMINA,2024-05-09T00:00:00Z,2024-05-09T21:51:00Z,1,OCUBMT038_day49,SRP506877
SRR28984176,AMPLICON,602,115981922,PRJNA1109929,SAMN41307411,Metagenome or environmental,69603390,"THE INSTITUTE OF MEDICAL SCIENCE, THE UNIVERSITY OF TOKYO",2021,public,"run.zq,fastq,sra","gs,s3,ncbi","s3.us-east-1,ncbi.public,gs.us-east1",SRX24513018,Japan,Asia,Japan,Homo sapiens,Illumina MiSeq,feces 229,34.646870 N 135.5067002 E,OCUBMT038_day42,PAIRED,PCR,METAGENOMIC,human metagenome,ILLUMINA,2024-05-09T00:00:00Z,2024-05-09T21:51:00Z,1,OCUBMT038_day42,SRP506877
SRR28984177,AMPLICON,602,73797976,PRJNA1109929,SAMN41307410,Metagenome or environmental,42971353,"THE INSTITUTE OF MEDICAL SCIENCE, THE UNIVERSITY OF TOKYO",2021,public,"fastq,sra,run.zq","gs,s3,ncbi","ncbi.public,gs.us-east1,s3.us-east-1",SRX24513017,Japan,Asia,Japan,Homo sapiens,Illumina MiSeq,feces 228,34.646870 N 135.5067002 E,OCUBMT038_day35,PAIRED,PCR,METAGENOMIC,human metagenome,ILLUMINA,2024-05-09T00:00:00Z,2024-05-09T21:51:00Z,1,OCUBMT038_day35,SRP506877
SRR28984178,AMPLICON,600,35899186,PRJNA1109929,SAMN41307206,Metagenome or environmental,18954797,"THE INSTITUTE OF MEDICAL SCIENCE, THE UNIVERSITY OF TOKYO",2021,public,"sra,run.zq,fastq","s3,gs,ncbi","ncbi.public,gs.us-east1,s3.us-east-1",SRX24513020,Japan,Asia,Japan,Homo sapiens,Illumina MiSeq,feces 24,34.646870 N 135.5067002 E,OCUBMT005_pre,PAIRED,PCR,METAGENOMIC,human metagenome,ILLUMINA,2024-05-09T00:00:00Z,2024-05-09T21:50:00Z,1,OCUBMT005_pre,SRP506877
SRR28984179,AMPLICON,602,76283032,PRJNA1109929,SAMN41307409,Metagenome or environmental,44113201,"THE INSTITUTE OF MEDICAL SCIENCE, THE UNIVERSITY OF TOKYO",2021,public,"sra,fastq,run.zq","ncbi,gs,s3","s3.us-east-1,gs.us-east1,ncbi.public",SRX24513016,Japan,Asia,Japan,Homo sapiens,Illumina MiSeq,feces 227,34.646870 N 135.5067002 E,OCUBMT038_day28,PAIRED,PCR,METAGENOMIC,human metagenome,ILLUMINA,2024-05-09T00:00:00Z,2024-05-09T21:51:00Z,1,OCUBMT038_day28,SRP506877
SRR28984180,AMPLICON,602,80968398,PRJNA1109929,SAMN41307408,Metagenome or environmental,46847140,"THE INSTITUTE OF MEDICAL SCIENCE, THE UNIVERSITY OF TOKYO",2021,public,"run.zq,fastq,sra","s3,ncbi,gs","ncbi.public,gs.us-east1,s3.us-east-1",SRX24513015,Japan,Asia,Japan,Homo sapiens,Illumina MiSeq,feces 226,34.646870 N 135.5067002 E,OCUBMT038_day21,PAIRED,PCR,METAGENOMIC,human metagenome,ILLUMINA,2024-05-09T00:00:00Z,2024-05-09T21:51:00Z,1,OCUBMT038_day21,SRP506877
SRR28984181,AMPLICON,602,91440790,PRJNA1109929,SAMN41307407,Metagenome or environmental,52890555,"THE INSTITUTE OF MEDICAL SCIENCE, THE UNIVERSITY OF TOKYO",2021,public,"fastq,sra,run.zq","s3,ncbi,gs","ncbi.public,gs.us-east1,s3.us-east-1",SRX24513014,Japan,Asia,Japan,Homo sapiens,Illumina MiSeq,feces 225,34.646870 N 135.5067002 E,OCUBMT038_day14,PAIRED,PCR,METAGENOMIC,human metagenome,ILLUMINA,2024-05-09T00:00:00Z,2024-05-09T21:52:00Z,1,OCUBMT038_day14,SRP506877
SRR28984182,AMPLICON,602,90693708,PRJNA1109929,SAMN41307406,Metagenome or environmental,53484225,"THE INSTITUTE OF MEDICAL SCIENCE, THE UNIVERSITY OF TOKYO",2021,public,"run.zq,fastq,sra","gs,s3,ncbi","s3.us-east-1,gs.us-east1,ncbi.public",SRX24513013,Japan,Asia,Japan,Homo sapiens,Illumina MiSeq,feces 224,34.646870 N 135.5067002 E,OCUBMT038_day0,PAIRED,PCR,METAGENOMIC,human metagenome,ILLUMINA,2024-05-09T00:00:00Z,2024-05-09T21:51:00Z,1,OCUBMT038_day0,SRP506877
SRR28984183,AMPLICON,602,56843850,PRJNA1109929,SAMN41307404,Metagenome or environmental,34271345,"THE INSTITUTE OF MEDICAL SCIENCE, THE UNIVERSITY OF TOKYO",2021,public,"run.zq,sra,fastq","s3,gs,ncbi","gs.us-east1,s3.us-east-1,ncbi.public",SRX24513011,Japan,Asia,Japan,Homo sapiens,Illumina MiSeq,feces 222,34.646870 N 135.5067002 E,OCUBMT037_day7,PAIRED,PCR,METAGENOMIC,human metagenome,ILLUMINA,2024-05-09T00:00:00Z,2024-05-09T21:51:00Z,1,OCUBMT037_day7,SRP506877
SRR28984184,AMPLICON,602,90696116,PRJNA1109929,SAMN41307403,Metagenome or environmental,54200855,"THE INSTITUTE OF MEDICAL SCIENCE, THE UNIVERSITY OF TOKYO",2021,public,"sra,fastq,run.zq","gs,s3,ncbi","gs.us-east1,ncbi.public,s3.us-east-1",SRX24513010,Japan,Asia,Japan,Homo sapiens,Illumina MiSeq,feces 221,34.646870 N 135.5067002 E,OCUBMT037_day42,PAIRED,PCR,METAGENOMIC,human metagenome,ILLUMINA,2024-05-09T00:00:00Z,2024-05-09T21:51:00Z,1,OCUBMT037_day42,SRP506877
SRR28984185,AMPLICON,602,80358572,PRJNA1109929,SAMN41307205,Metagenome or environmental,42266515,"THE INSTITUTE OF MEDICAL SCIENCE, THE UNIVERSITY OF TOKYO",2021,public,"run.zq,sra,fastq","ncbi,gs,s3","ncbi.public,s3.us-east-1,gs.us-east1",SRX24513009,Japan,Asia,Japan,Homo sapiens,Illumina MiSeq,feces 23,34.646870 N 135.5067002 E,OCUBMT005_day70,PAIRED,PCR,METAGENOMIC,human metagenome,ILLUMINA,2024-05-09T00:00:00Z,2024-05-09T21:51:00Z,1,OCUBMT005_day70,SRP506877
SRR28984186,AMPLICON,602,80793818,PRJNA1109929,SAMN41307405,Metagenome or environmental,47819912,"THE INSTITUTE OF MEDICAL SCIENCE, THE UNIVERSITY OF TOKYO",2021,public,"fastq,sra,run.zq","s3,ncbi,gs","s3.us-east-1,gs.us-east1,ncbi.public",SRX24513012,Japan,Asia,Japan,Homo sapiens,Illumina MiSeq,feces 223,34.646870 N 135.5067002 E,OCUBMT037_pre,PAIRED,PCR,METAGENOMIC,human metagenome,ILLUMINA,2024-05-09T00:00:00Z,2024-05-09T21:51:00Z,1,OCUBMT037_pre,SRP506877
SRR28984187,AMPLICON,602,64820350,PRJNA1109929,SAMN41307402,Metagenome or environmental,39102194,"THE INSTITUTE OF MEDICAL SCIENCE, THE UNIVERSITY OF TOKYO",2021,public,"run.zq,fastq,sra","gs,ncbi,s3","s3.us-east-1,gs.us-east1,ncbi.public",SRX24513008,Japan,Asia,Japan,Homo sapiens,Illumina MiSeq,feces 220,34.646870 N 135.5067002 E,OCUBMT037_day35,PAIRED,PCR,METAGENOMIC,human metagenome,ILLUMINA,2024-05-09T00:00:00Z,2024-05-09T21:52:00Z,1,OCUBMT037_day35,SRP506877
SRR28984188,AMPLICON,602,57132208,PRJNA1109929,SAMN41307401,Metagenome or environmental,35006150,"THE INSTITUTE OF MEDICAL SCIENCE, THE UNIVERSITY OF TOKYO",2021,public,"fastq,sra,run.zq","s3,ncbi,gs","gs.us-east1,ncbi.public,s3.us-east-1",SRX24513007,Japan,Asia,Japan,Homo sapiens,Illumina MiSeq,feces 219,34.646870 N 135.5067002 E,OCUBMT037_day28,PAIRED,PCR,METAGENOMIC,human metagenome,ILLUMINA,2024-05-09T00:00:00Z,2024-05-09T21:51:00Z,1,OCUBMT037_day28,SRP506877
SRR28984189,AMPLICON,602,49330890,PRJNA1109929,SAMN41307400,Metagenome or environmental,29533100,"THE INSTITUTE OF MEDICAL SCIENCE, THE UNIVERSITY OF TOKYO",2021,public,"fastq,run.zq,sra","ncbi,gs,s3","ncbi.public,gs.us-east1,s3.us-east-1",SRX24513006,Japan,Asia,Japan,Homo sapiens,Illumina MiSeq,feces 218,34.646870 N 135.5067002 E,OCUBMT037_day14,PAIRED,PCR,METAGENOMIC,human metagenome,ILLUMINA,2024-05-09T00:00:00Z,2024-05-09T21:51:00Z,1,OCUBMT037_day14,SRP506877
SRR28984190,AMPLICON,602,75973604,PRJNA1109929,SAMN41307399,Metagenome or environmental,45618292,"THE INSTITUTE OF MEDICAL SCIENCE, THE UNIVERSITY OF TOKYO",2021,public,"run.zq,sra,fastq","s3,ncbi,gs","ncbi.public,gs.us-east1,s3.us-east-1",SRX24513005,Japan,Asia,Japan,Homo sapiens,Illumina MiSeq,feces 217,34.646870 N 135.5067002 E,OCUBMT037_day0,PAIRED,PCR,METAGENOMIC,human metagenome,ILLUMINA,2024-05-09T00:00:00Z,2024-05-09T21:51:00Z,1,OCUBMT037_day0,SRP506877
SRR28984191,AMPLICON,602,85839180,PRJNA1109929,SAMN41307397,Metagenome or environmental,53211356,"THE INSTITUTE OF MEDICAL SCIENCE, THE UNIVERSITY OF TOKYO",2021,public,"fastq,sra,run.zq","gs,ncbi,s3","gs.us-east1,s3.us-east-1,ncbi.public",SRX24513003,Japan,Asia,Japan,Homo sapiens,Illumina MiSeq,feces 215,34.646870 N 135.5067002 E,OCUBMT036_day0,PAIRED,PCR,METAGENOMIC,human metagenome,ILLUMINA,2024-05-09T00:00:00Z,2024-05-09T21:51:00Z,1,OCUBMT036_day0,SRP506877
SRR28984192,AMPLICON,602,61602660,PRJNA1109929,SAMN41307396,Metagenome or environmental,38663035,"THE INSTITUTE OF MEDICAL SCIENCE, THE UNIVERSITY OF TOKYO",2021,public,"fastq,sra,run.zq","gs,ncbi,s3","gs.us-east1,s3.us-east-1,ncbi.public",SRX24513002,Japan,Asia,Japan,Homo sapiens,Illumina MiSeq,feces 214,34.646870 N 135.5067002 E,OCUBMT035_pre,PAIRED,PCR,METAGENOMIC,human metagenome,ILLUMINA,2024-05-09T00:00:00Z,2024-05-09T21:51:00Z,1,OCUBMT035_pre,SRP506877
SRR28984193,AMPLICON,602,45890460,PRJNA1109929,SAMN41307395,Metagenome or environmental,27247163,"THE INSTITUTE OF MEDICAL SCIENCE, THE UNIVERSITY OF TOKYO",2021,public,"fastq,sra,run.zq","s3,ncbi,gs","s3.us-east-1,ncbi.public,gs.us-east1",SRX24513001,Japan,Asia,Japan,Homo sapiens,Illumina MiSeq,feces 213,34.646870 N 135.5067002 E,OCUBMT035_day7,PAIRED,PCR,METAGENOMIC,human metagenome,ILLUMINA,2024-05-09T00:00:00Z,2024-05-09T21:51:00Z,1,OCUBMT035_day7,SRP506877
SRR28984194,AMPLICON,602,100666440,PRJNA1109929,SAMN41307398,Metagenome or environmental,62757297,"THE INSTITUTE OF MEDICAL SCIENCE, THE UNIVERSITY OF TOKYO",2021,public,"sra,fastq,run.zq","ncbi,gs,s3","gs.us-east1,ncbi.public,s3.us-east-1",SRX24513004,Japan,Asia,Japan,Homo sapiens,Illumina MiSeq,feces 216,34.646870 N 135.5067002 E,OCUBMT036_pre,PAIRED,PCR,METAGENOMIC,human metagenome,ILLUMINA,2024-05-09T00:00:00Z,2024-05-09T21:51:00Z,1,OCUBMT036_pre,SRP506877
SRR28984195,AMPLICON,602,97308484,PRJNA1109929,SAMN41307394,Metagenome or environmental,58991625,"THE INSTITUTE OF MEDICAL SCIENCE, THE UNIVERSITY OF TOKYO",2021,public,"run.zq,fastq,sra","ncbi,gs,s3","gs.us-east1,s3.us-east-1,ncbi.public",SRX24513000,Japan,Asia,Japan,Homo sapiens,Illumina MiSeq,feces 212,34.646870 N 135.5067002 E,OCUBMT035_day56,PAIRED,PCR,METAGENOMIC,human metagenome,ILLUMINA,2024-05-09T00:00:00Z,2024-05-09T21:51:00Z,1,OCUBMT035_day56,SRP506877
SRR28984196,AMPLICON,602,131481014,PRJNA1109929,SAMN41307393,Metagenome or environmental,80894884,"THE INSTITUTE OF MEDICAL SCIENCE, THE UNIVERSITY OF TOKYO",2021,public,"sra,run.zq,fastq","ncbi,s3,gs","gs.us-east1,ncbi.public,s3.us-east-1",SRX24513294,Japan,Asia,Japan,Homo sapiens,Illumina MiSeq,feces 211,34.646870 N 135.5067002 E,OCUBMT035_day49,PAIRED,PCR,METAGENOMIC,human metagenome,ILLUMINA,2024-05-09T00:00:00Z,2024-05-09T21:51:00Z,1,OCUBMT035_day49,SRP506877
SRR28984197,AMPLICON,602,65610776,PRJNA1109929,SAMN41307374,Metagenome or environmental,37411050,"THE INSTITUTE OF MEDICAL SCIENCE, THE UNIVERSITY OF TOKYO",2021,public,"fastq,sra,run.zq","gs,ncbi,s3","s3.us-east-1,ncbi.public,gs.us-east1",SRX24512998,Japan,Asia,Japan,Homo sapiens,Illumina MiSeq,feces 192,34.646870 N 135.5067002 E,OCUBMT032_day0,PAIRED,PCR,METAGENOMIC,human metagenome,ILLUMINA,2024-05-09T00:00:00Z,2024-05-09T21:51:00Z,1,OCUBMT032_day0,SRP506877
SRR28984198,AMPLICON,602,69517756,PRJNA1109929,SAMN41307373,Metagenome or environmental,38444632,"THE INSTITUTE OF MEDICAL SCIENCE, THE UNIVERSITY OF TOKYO",2021,public,"fastq,run.zq,sra","ncbi,gs,s3","gs.us-east1,ncbi.public,s3.us-east-1",SRX24512997,Japan,Asia,Japan,Homo sapiens,Illumina MiSeq,feces 191,34.646870 N 135.5067002 E,OCUBMT031_pre,PAIRED,PCR,METAGENOMIC,human metagenome,ILLUMINA,2024-05-09T00:00:00Z,2024-05-09T21:51:00Z,1,OCUBMT031_pre,SRP506877
SRR28984199,AMPLICON,601,15712980,PRJNA1109929,SAMN41307202,Metagenome or environmental,8383398,"THE INSTITUTE OF MEDICAL SCIENCE, THE UNIVERSITY OF TOKYO",2021,public,"sra,fastq,run.zq","gs,ncbi,s3","s3.us-east-1,ncbi.public,gs.us-east1",SRX24512996,Japan,Asia,Japan,Homo sapiens,Illumina MiSeq,feces 20,34.646870 N 135.5067002 E,OCUBMT005_day14,PAIRED,PCR,METAGENOMIC,human metagenome,ILLUMINA,2024-05-09T00:00:00Z,2024-05-09T21:51:00Z,1,OCUBMT005_day14,SRP506877
SRR28984200,AMPLICON,602,76422094,PRJNA1109929,SAMN41307372,Metagenome or environmental,42515281,"THE INSTITUTE OF MEDICAL SCIENCE, THE UNIVERSITY OF TOKYO",2021,public,"sra,run.zq,fastq","gs,s3,ncbi","ncbi.public,gs.us-east1,s3.us-east-1",SRX24512995,Japan,Asia,Japan,Homo sapiens,Illumina MiSeq,feces 190,34.646870 N 135.5067002 E,OCUBMT031_day7,PAIRED,PCR,METAGENOMIC,human metagenome,ILLUMINA,2024-05-09T00:00:00Z,2024-05-09T21:51:00Z,1,OCUBMT031_day7,SRP506877
SRR28984201,AMPLICON,602,54298594,PRJNA1109929,SAMN41307371,Metagenome or environmental,32036224,"THE INSTITUTE OF MEDICAL SCIENCE, THE UNIVERSITY OF TOKYO",2021,public,"run.zq,fastq,sra","ncbi,gs,s3","gs.us-east1,s3.us-east-1,ncbi.public",SRX24512994,Japan,Asia,Japan,Homo sapiens,Illumina MiSeq,feces 189,34.646870 N 135.5067002 E,OCUBMT031_day63,PAIRED,PCR,METAGENOMIC,human metagenome,ILLUMINA,2024-05-09T00:00:00Z,2024-05-09T21:51:00Z,1,OCUBMT031_day63,SRP506877
SRR28984202,AMPLICON,602,73655302,PRJNA1109929,SAMN41307370,Metagenome or environmental,42636004,"THE INSTITUTE OF MEDICAL SCIENCE, THE UNIVERSITY OF TOKYO",2021,public,"fastq,sra,run.zq","ncbi,s3,gs","gs.us-east1,ncbi.public,s3.us-east-1",SRX24512993,Japan,Asia,Japan,Homo sapiens,Illumina MiSeq,feces 188,34.646870 N 135.5067002 E,OCUBMT031_day49,PAIRED,PCR,METAGENOMIC,human metagenome,ILLUMINA,2024-05-09T00:00:00Z,2024-05-09T21:51:00Z,1,OCUBMT031_day49,SRP506877
SRR28984203,AMPLICON,602,62412952,PRJNA1109929,SAMN41307369,Metagenome or environmental,35881698,"THE INSTITUTE OF MEDICAL SCIENCE, THE UNIVERSITY OF TOKYO",2021,public,"sra,fastq,run.zq","s3,ncbi,gs","ncbi.public,s3.us-east-1,gs.us-east1",SRX24512992,Japan,Asia,Japan,Homo sapiens,Illumina MiSeq,feces 187,34.646870 N 135.5067002 E,OCUBMT031_day42,PAIRED,PCR,METAGENOMIC,human metagenome,ILLUMINA,2024-05-09T00:00:00Z,2024-05-09T21:51:00Z,1,OCUBMT031_day42,SRP506877
SRR28984204,AMPLICON,602,56755958,PRJNA1109929,SAMN41307367,Metagenome or environmental,31602361,"THE INSTITUTE OF MEDICAL SCIENCE, THE UNIVERSITY OF TOKYO",2021,public,"run.zq,sra,fastq","gs,s3,ncbi","ncbi.public,s3.us-east-1,gs.us-east1",SRX24512990,Japan,Asia,Japan,Homo sapiens,Illumina MiSeq,feces 185,34.646870 N 135.5067002 E,OCUBMT031_day28,PAIRED,PCR,METAGENOMIC,human metagenome,ILLUMINA,2024-05-09T00:00:00Z,2024-05-09T21:51:00Z,1,OCUBMT031_day28,SRP506877
SRR28984205,AMPLICON,602,63684376,PRJNA1109929,SAMN41307366,Metagenome or environmental,36056731,"THE INSTITUTE OF MEDICAL SCIENCE, THE UNIVERSITY OF TOKYO",2021,public,"fastq,sra,run.zq","gs,ncbi,s3","gs.us-east1,ncbi.public,s3.us-east-1",SRX24512989,Japan,Asia,Japan,Homo sapiens,Illumina MiSeq,feces 184,34.646870 N 135.5067002 E,OCUBMT031_day21,PAIRED,PCR,METAGENOMIC,human metagenome,ILLUMINA,2024-05-09T00:00:00Z,2024-05-09T21:51:00Z,1,OCUBMT031_day21,SRP506877
SRR28984206,AMPLICON,602,69365450,PRJNA1109929,SAMN41307365,Metagenome or environmental,38631206,"THE INSTITUTE OF MEDICAL SCIENCE, THE UNIVERSITY OF TOKYO",2021,public,"sra,fastq,run.zq","ncbi,s3,gs","s3.us-east-1,gs.us-east1,ncbi.public",SRX24512988,Japan,Asia,Japan,Homo sapiens,Illumina MiSeq,feces 183,34.646870 N 135.5067002 E,OCUBMT031_day14,PAIRED,PCR,METAGENOMIC,human metagenome,ILLUMINA,2024-05-09T00:00:00Z,2024-05-09T21:51:00Z,1,OCUBMT031_day14,SRP506877
SRR28984207,AMPLICON,602,61415438,PRJNA1109929,SAMN41307368,Metagenome or environmental,34962987,"THE INSTITUTE OF MEDICAL SCIENCE, THE UNIVERSITY OF TOKYO",2021,public,"fastq,run.zq,sra","s3,gs,ncbi","gs.us-east1,ncbi.public,s3.us-east-1",SRX24512991,Japan,Asia,Japan,Homo sapiens,Illumina MiSeq,feces 186,34.646870 N 135.5067002 E,OCUBMT031_day35,PAIRED,PCR,METAGENOMIC,human metagenome,ILLUMINA,2024-05-09T00:00:00Z,2024-05-09T21:50:00Z,1,OCUBMT031_day35,SRP506877
SRR28984208,AMPLICON,602,90878522,PRJNA1109929,SAMN41307364,Metagenome or environmental,52412035,"THE INSTITUTE OF MEDICAL SCIENCE, THE UNIVERSITY OF TOKYO",2021,public,"sra,fastq,run.zq","gs,ncbi,s3","gs.us-east1,s3.us-east-1,ncbi.public",SRX24512987,Japan,Asia,Japan,Homo sapiens,Illumina MiSeq,feces 182,34.646870 N 135.5067002 E,OCUBMT031_day0,PAIRED,PCR,METAGENOMIC,human metagenome,ILLUMINA,2024-05-09T00:00:00Z,2024-05-09T21:51:00Z,1,OCUBMT031_day0,SRP506877
SRR28984209,AMPLICON,602,73497578,PRJNA1109929,SAMN41307363,Metagenome or environmental,45035009,"THE INSTITUTE OF MEDICAL SCIENCE, THE UNIVERSITY OF TOKYO",2021,public,"sra,run.zq,fastq","s3,gs,ncbi","gs.us-east1,ncbi.public,s3.us-east-1",SRX24512986,Japan,Asia,Japan,Homo sapiens,Illumina MiSeq,feces 181,34.646870 N 135.5067002 E,OCUBMT030_pre,PAIRED,PCR,METAGENOMIC,human metagenome,ILLUMINA,2024-05-09T00:00:00Z,2024-05-09T21:51:00Z,1,OCUBMT030_pre,SRP506877
SRR28984210,AMPLICON,600,14166957,PRJNA1109929,SAMN41307201,Metagenome or environmental,7670602,"THE INSTITUTE OF MEDICAL SCIENCE, THE UNIVERSITY OF TOKYO",2021,public,"sra,run.zq,fastq","gs,ncbi,s3","s3.us-east-1,ncbi.public,gs.us-east1",SRX24512985,Japan,Asia,Japan,Homo sapiens,Illumina MiSeq,feces 19,34.646870 N 135.5067002 E,OCUBMT005_day0,PAIRED,PCR,METAGENOMIC,human metagenome,ILLUMINA,2024-05-09T00:00:00Z,2024-05-09T21:51:00Z,1,OCUBMT005_day0,SRP506877
SRR28984211,AMPLICON,602,66309096,PRJNA1109929,SAMN41307362,Metagenome or environmental,38934841,"THE INSTITUTE OF MEDICAL SCIENCE, THE UNIVERSITY OF TOKYO",2021,public,"run.zq,sra,fastq","gs,s3,ncbi","ncbi.public,s3.us-east-1,gs.us-east1",SRX24512984,Japan,Asia,Japan,Homo sapiens,Illumina MiSeq,feces 180,34.646870 N 135.5067002 E,OCUBMT030_day7,PAIRED,PCR,METAGENOMIC,human metagenome,ILLUMINA,2024-05-09T00:00:00Z,2024-05-09T21:51:00Z,1,OCUBMT030_day7,SRP506877
SRR28984212,AMPLICON,602,64273132,PRJNA1109929,SAMN41307360,Metagenome or environmental,38978254,"THE INSTITUTE OF MEDICAL SCIENCE, THE UNIVERSITY OF TOKYO",2021,public,"sra,fastq,run.zq","ncbi,s3,gs","gs.us-east1,s3.us-east-1,ncbi.public",SRX24512982,Japan,Asia,Japan,Homo sapiens,Illumina MiSeq,feces 178,34.646870 N 135.5067002 E,OCUBMT030_day28,PAIRED,PCR,METAGENOMIC,human metagenome,ILLUMINA,2024-05-09T00:00:00Z,2024-05-09T21:51:00Z,1,OCUBMT030_day28,SRP506877
SRR28984213,AMPLICON,602,66186288,PRJNA1109929,SAMN41307359,Metagenome or environmental,40733559,"THE INSTITUTE OF MEDICAL SCIENCE, THE UNIVERSITY OF TOKYO",2021,public,"run.zq,fastq,sra","gs,ncbi,s3","s3.us-east-1,gs.us-east1,ncbi.public",SRX24512981,Japan,Asia,Japan,Homo sapiens,Illumina MiSeq,feces 177,34.646870 N 135.5067002 E,OCUBMT030_day21,PAIRED,PCR,METAGENOMIC,human metagenome,ILLUMINA,2024-05-09T00:00:00Z,2024-05-09T21:51:00Z,1,OCUBMT030_day21,SRP506877
SRR28984214,AMPLICON,602,80338706,PRJNA1109929,SAMN41307358,Metagenome or environmental,51005663,"THE INSTITUTE OF MEDICAL SCIENCE, THE UNIVERSITY OF TOKYO",2021,public,"run.zq,sra,fastq","s3,ncbi,gs","ncbi.public,s3.us-east-1,gs.us-east1",SRX24512980,Japan,Asia,Japan,Homo sapiens,Illumina MiSeq,feces 176,34.646870 N 135.5067002 E,OCUBMT030_day14,PAIRED,PCR,METAGENOMIC,human metagenome,ILLUMINA,2024-05-09T00:00:00Z,2024-05-09T21:52:00Z,1,OCUBMT030_day14,SRP506877
SRR28984215,AMPLICON,602,60293310,PRJNA1109929,SAMN41307361,Metagenome or environmental,34132487,"THE INSTITUTE OF MEDICAL SCIENCE, THE UNIVERSITY OF TOKYO",2021,public,"sra,fastq,run.zq","gs,s3,ncbi","ncbi.public,s3.us-east-1,gs.us-east1",SRX24512983,Japan,Asia,Japan,Homo sapiens,Illumina MiSeq,feces 179,34.646870 N 135.5067002 E,OCUBMT030_day35,PAIRED,PCR,METAGENOMIC,human metagenome,ILLUMINA,2024-05-09T00:00:00Z,2024-05-09T21:52:00Z,1,OCUBMT030_day35,SRP506877
SRR28984216,AMPLICON,602,58819614,PRJNA1109929,SAMN41307357,Metagenome or environmental,35640459,"THE INSTITUTE OF MEDICAL SCIENCE, THE UNIVERSITY OF TOKYO",2021,public,"sra,fastq,run.zq","s3,gs,ncbi","s3.us-east-1,ncbi.public,gs.us-east1",SRX24512979,Japan,Asia,Japan,Homo sapiens,Illumina MiSeq,feces 175,34.646870 N 135.5067002 E,OCUBMT030_day0,PAIRED,PCR,METAGENOMIC,human metagenome,ILLUMINA,2024-05-09T00:00:00Z,2024-05-09T21:51:00Z,1,OCUBMT030_day0,SRP506877
SRR28984217,AMPLICON,602,68992210,PRJNA1109929,SAMN41307356,Metagenome or environmental,38473130,"THE INSTITUTE OF MEDICAL SCIENCE, THE UNIVERSITY OF TOKYO",2021,public,"run.zq,fastq,sra","gs,s3,ncbi","ncbi.public,gs.us-east1,s3.us-east-1",SRX24512978,Japan,Asia,Japan,Homo sapiens,Illumina MiSeq,feces 174,34.646870 N 135.5067002 E,OCUBMT029_pre,PAIRED,PCR,METAGENOMIC,human metagenome,ILLUMINA,2024-05-09T00:00:00Z,2024-05-09T21:51:00Z,1,OCUBMT029_pre,SRP506877
SRR28984218,AMPLICON,602,70678412,PRJNA1109929,SAMN41307355,Metagenome or environmental,41673564,"THE INSTITUTE OF MEDICAL SCIENCE, THE UNIVERSITY OF TOKYO",2021,public,"fastq,run.zq,sra","gs,s3,ncbi","ncbi.public,gs.us-east1,s3.us-east-1",SRX24512977,Japan,Asia,Japan,Homo sapiens,Illumina MiSeq,feces 173,34.646870 N 135.5067002 E,OCUBMT029_day7,PAIRED,PCR,METAGENOMIC,human metagenome,ILLUMINA,2024-05-09T00:00:00Z,2024-05-09T21:51:00Z,1,OCUBMT029_day7,SRP506877
SRR28984219,AMPLICON,602,60413108,PRJNA1109929,SAMN41307354,Metagenome or environmental,34988350,"THE INSTITUTE OF MEDICAL SCIENCE, THE UNIVERSITY OF TOKYO",2021,public,"run.zq,fastq,sra","gs,ncbi,s3","ncbi.public,s3.us-east-1,gs.us-east1",SRX24512976,Japan,Asia,Japan,Homo sapiens,Illumina MiSeq,feces 172,34.646870 N 135.5067002 E,OCUBMT029_day0,PAIRED,PCR,METAGENOMIC,human metagenome,ILLUMINA,2024-05-09T00:00:00Z,2024-05-09T21:51:00Z,1,OCUBMT029_day0,SRP506877
SRR28984220,AMPLICON,602,83272252,PRJNA1109929,SAMN41307200,Metagenome or environmental,44352214,"THE INSTITUTE OF MEDICAL SCIENCE, THE UNIVERSITY OF TOKYO",2021,public,"sra,run.zq,fastq","s3,gs,ncbi","ncbi.public,gs.us-east1,s3.us-east-1",SRX24512974,Japan,Asia,Japan,Homo sapiens,Illumina MiSeq,feces 18,34.646870 N 135.5067002 E,OCUBMT004_pre,PAIRED,PCR,METAGENOMIC,human metagenome,ILLUMINA,2024-05-09T00:00:00Z,2024-05-09T21:51:00Z,1,OCUBMT004_pre,SRP506877
SRR28984221,AMPLICON,602,65878064,PRJNA1109929,SAMN41307352,Metagenome or environmental,37908642,"THE INSTITUTE OF MEDICAL SCIENCE, THE UNIVERSITY OF TOKYO",2021,public,"run.zq,fastq,sra","s3,ncbi,gs","s3.us-east-1,gs.us-east1,ncbi.public",SRX24512973,Japan,Asia,Japan,Homo sapiens,Illumina MiSeq,feces 170,34.646870 N 135.5067002 E,OCUBMT027_day70,PAIRED,PCR,METAGENOMIC,human metagenome,ILLUMINA,2024-05-09T00:00:00Z,2024-05-09T21:51:00Z,1,OCUBMT027_day70,SRP506877
SRR28984222,AMPLICON,602,54761532,PRJNA1109929,SAMN41307351,Metagenome or environmental,31254469,"THE INSTITUTE OF MEDICAL SCIENCE, THE UNIVERSITY OF TOKYO",2021,public,"sra,run.zq,fastq","s3,ncbi,gs","ncbi.public,s3.us-east-1,gs.us-east1",SRX24512972,Japan,Asia,Japan,Homo sapiens,Illumina MiSeq,feces 169,34.646870 N 135.5067002 E,OCUBMT027_day7,PAIRED,PCR,METAGENOMIC,human metagenome,ILLUMINA,2024-05-09T00:00:00Z,2024-05-09T21:51:00Z,1,OCUBMT027_day7,SRP506877
SRR28984223,AMPLICON,602,100074072,PRJNA1109929,SAMN41307353,Metagenome or environmental,58931018,"THE INSTITUTE OF MEDICAL SCIENCE, THE UNIVERSITY OF TOKYO",2021,public,"sra,fastq,run.zq","ncbi,s3,gs","ncbi.public,s3.us-east-1,gs.us-east1",SRX24512975,Japan,Asia,Japan,Homo sapiens,Illumina MiSeq,feces 171,34.646870 N 135.5067002 E,OCUBMT027_pre,PAIRED,PCR,METAGENOMIC,human metagenome,ILLUMINA,2024-05-09T00:00:00Z,2024-05-09T21:51:00Z,1,OCUBMT027_pre,SRP506877
SRR28984224,AMPLICON,602,77146300,PRJNA1109929,SAMN41307350,Metagenome or environmental,45408444,"THE INSTITUTE OF MEDICAL SCIENCE, THE UNIVERSITY OF TOKYO",2021,public,"fastq,sra,run.zq","gs,s3,ncbi","ncbi.public,gs.us-east1,s3.us-east-1",SRX24512971,Japan,Asia,Japan,Homo sapiens,Illumina MiSeq,feces 168,34.646870 N 135.5067002 E,OCUBMT027_day63,PAIRED,PCR,METAGENOMIC,human metagenome,ILLUMINA,2024-05-09T00:00:00Z,2024-05-09T21:51:00Z,1,OCUBMT027_day63,SRP506877
SRR28984225,AMPLICON,602,58180290,PRJNA1109929,SAMN41307349,Metagenome or environmental,32868900,"THE INSTITUTE OF MEDICAL SCIENCE, THE UNIVERSITY OF TOKYO",2021,public,"fastq,run.zq,sra","ncbi,s3,gs","s3.us-east-1,gs.us-east1,ncbi.public",SRX24512970,Japan,Asia,Japan,Homo sapiens,Illumina MiSeq,feces 167,34.646870 N 135.5067002 E,OCUBMT027_day56,PAIRED,PCR,METAGENOMIC,human metagenome,ILLUMINA,2024-05-09T00:00:00Z,2024-05-09T21:51:00Z,1,OCUBMT027_day56,SRP506877
SRR28984226,AMPLICON,602,59656394,PRJNA1109929,SAMN41307348,Metagenome or environmental,32475130,"THE INSTITUTE OF MEDICAL SCIENCE, THE UNIVERSITY OF TOKYO",2021,public,"fastq,sra,run.zq","gs,s3,ncbi","gs.us-east1,s3.us-east-1,ncbi.public",SRX24512969,Japan,Asia,Japan,Homo sapiens,Illumina MiSeq,feces 166,34.646870 N 135.5067002 E,OCUBMT027_day42,PAIRED,PCR,METAGENOMIC,human metagenome,ILLUMINA,2024-05-09T00:00:00Z,2024-05-09T21:51:00Z,1,OCUBMT027_day42,SRP506877
SRR28984227,AMPLICON,602,51109198,PRJNA1109929,SAMN41307347,Metagenome or environmental,28033612,"THE INSTITUTE OF MEDICAL SCIENCE, THE UNIVERSITY OF TOKYO",2021,public,"fastq,run.zq,sra","gs,s3,ncbi","ncbi.public,s3.us-east-1,gs.us-east1",SRX24512968,Japan,Asia,Japan,Homo sapiens,Illumina MiSeq,feces 165,34.646870 N 135.5067002 E,OCUBMT027_day35,PAIRED,PCR,METAGENOMIC,human metagenome,ILLUMINA,2024-05-09T00:00:00Z,2024-05-09T21:51:00Z,1,OCUBMT027_day35,SRP506877
SRR28984228,AMPLICON,602,81139366,PRJNA1109929,SAMN41307346,Metagenome or environmental,46896131,"THE INSTITUTE OF MEDICAL SCIENCE, THE UNIVERSITY OF TOKYO",2021,public,"fastq,sra,run.zq","s3,gs,ncbi","gs.us-east1,s3.us-east-1,ncbi.public",SRX24512967,Japan,Asia,Japan,Homo sapiens,Illumina MiSeq,feces 164,34.646870 N 135.5067002 E,OCUBMT027_day28,PAIRED,PCR,METAGENOMIC,human metagenome,ILLUMINA,2024-05-09T00:00:00Z,2024-05-09T21:51:00Z,1,OCUBMT027_day28,SRP506877
SRR28984229,AMPLICON,602,53432316,PRJNA1109929,SAMN41307345,Metagenome or environmental,29263352,"THE INSTITUTE OF MEDICAL SCIENCE, THE UNIVERSITY OF TOKYO",2021,public,"fastq,sra,run.zq","gs,s3,ncbi","s3.us-east-1,ncbi.public,gs.us-east1",SRX24512966,Japan,Asia,Japan,Homo sapiens,Illumina MiSeq,feces 163,34.646870 N 135.5067002 E,OCUBMT027_day21,PAIRED,PCR,METAGENOMIC,human metagenome,ILLUMINA,2024-05-09T00:00:00Z,2024-05-09T21:51:00Z,1,OCUBMT027_day21,SRP506877
SRR28984230,AMPLICON,602,57385048,PRJNA1109929,SAMN41307344,Metagenome or environmental,33450102,"THE INSTITUTE OF MEDICAL SCIENCE, THE UNIVERSITY OF TOKYO",2021,public,"run.zq,sra,fastq","gs,ncbi,s3","s3.us-east-1,gs.us-east1,ncbi.public",SRX24512965,Japan,Asia,Japan,Homo sapiens,Illumina MiSeq,feces 162,34.646870 N 135.5067002 E,OCUBMT026_pre,PAIRED,PCR,METAGENOMIC,human metagenome,ILLUMINA,2024-05-09T00:00:00Z,2024-05-09T21:51:00Z,1,OCUBMT026_pre,SRP506877
SRR28984231,AMPLICON,602,95916660,PRJNA1109929,SAMN41307343,Metagenome or environmental,55301360,"THE INSTITUTE OF MEDICAL SCIENCE, THE UNIVERSITY OF TOKYO",2021,public,"run.zq,fastq,sra","gs,s3,ncbi","ncbi.public,s3.us-east-1,gs.us-east1",SRX24512964,Japan,Asia,Japan,Homo sapiens,Illumina MiSeq,feces 161,34.646870 N 135.5067002 E,OCUBMT026_day7,PAIRED,PCR,METAGENOMIC,human metagenome,ILLUMINA,2024-05-09T00:00:00Z,2024-05-09T21:51:00Z,1,OCUBMT026_day7,SRP506877
SRR28984232,AMPLICON,600,18075845,PRJNA1109929,SAMN41307199,Metagenome or environmental,9167255,"THE INSTITUTE OF MEDICAL SCIENCE, THE UNIVERSITY OF TOKYO",2021,public,"sra,run.zq,fastq","s3,ncbi,gs","s3.us-east-1,ncbi.public,gs.us-east1",SRX24512963,Japan,Asia,Japan,Homo sapiens,Illumina MiSeq,feces 17,34.646870 N 135.5067002 E,OCUBMT004_day35,PAIRED,PCR,METAGENOMIC,human metagenome,ILLUMINA,2024-05-09T00:00:00Z,2024-05-09T21:51:00Z,1,OCUBMT004_day35,SRP506877
SRR28984233,AMPLICON,602,62012020,PRJNA1109929,SAMN41307341,Metagenome or environmental,34096042,"THE INSTITUTE OF MEDICAL SCIENCE, THE UNIVERSITY OF TOKYO",2021,public,"run.zq,sra,fastq","s3,ncbi,gs","s3.us-east-1,gs.us-east1,ncbi.public",SRX24512961,Japan,Asia,Japan,Homo sapiens,Illumina MiSeq,feces 159,34.646870 N 135.5067002 E,OCUBMT026_day14,PAIRED,PCR,METAGENOMIC,human metagenome,ILLUMINA,2024-05-09T00:00:00Z,2024-05-09T21:51:00Z,1,OCUBMT026_day14,SRP506877
SRR28984234,AMPLICON,602,102379732,PRJNA1109929,SAMN41307340,Metagenome or environmental,55263292,"THE INSTITUTE OF MEDICAL SCIENCE, THE UNIVERSITY OF TOKYO",2021,public,"fastq,run.zq,sra","s3,ncbi,gs","gs.us-east1,s3.us-east-1,ncbi.public",SRX24512960,Japan,Asia,Japan,Homo sapiens,Illumina MiSeq,feces 158,34.646870 N 135.5067002 E,OCUBMT025_pre,PAIRED,PCR,METAGENOMIC,human metagenome,ILLUMINA,2024-05-09T00:00:00Z,2024-05-09T21:51:00Z,1,OCUBMT025_pre,SRP506877
SRR28984235,AMPLICON,602,75404714,PRJNA1109929,SAMN41307339,Metagenome or environmental,42829863,"THE INSTITUTE OF MEDICAL SCIENCE, THE UNIVERSITY OF TOKYO",2021,public,"sra,run.zq,fastq","ncbi,s3,gs","ncbi.public,gs.us-east1,s3.us-east-1",SRX24512959,Japan,Asia,Japan,Homo sapiens,Illumina MiSeq,feces 157,34.646870 N 135.5067002 E,OCUBMT025_day70,PAIRED,PCR,METAGENOMIC,human metagenome,ILLUMINA,2024-05-09T00:00:00Z,2024-05-09T21:51:00Z,1,OCUBMT025_day70,SRP506877
SRR28984236,AMPLICON,602,67879112,PRJNA1109929,SAMN41307342,Metagenome or environmental,39091178,"THE INSTITUTE OF MEDICAL SCIENCE, THE UNIVERSITY OF TOKYO",2021,public,"sra,fastq,run.zq","gs,ncbi,s3","gs.us-east1,ncbi.public,s3.us-east-1",SRX24512962,Japan,Asia,Japan,Homo sapiens,Illumina MiSeq,feces 160,34.646870 N 135.5067002 E,OCUBMT026_day21,PAIRED,PCR,METAGENOMIC,human metagenome,ILLUMINA,2024-05-09T00:00:00Z,2024-05-09T21:51:00Z,1,OCUBMT026_day21,SRP506877
SRR28984237,AMPLICON,602,65340478,PRJNA1109929,SAMN41307338,Metagenome or environmental,38483998,"THE INSTITUTE OF MEDICAL SCIENCE, THE UNIVERSITY OF TOKYO",2021,public,"run.zq,fastq,sra","gs,ncbi,s3","gs.us-east1,ncbi.public,s3.us-east-1",SRX24512958,Japan,Asia,Japan,Homo sapiens,Illumina MiSeq,feces 156,34.646870 N 135.5067002 E,OCUBMT025_day7,PAIRED,PCR,METAGENOMIC,human metagenome,ILLUMINA,2024-05-09T00:00:00Z,2024-05-09T21:51:00Z,1,OCUBMT025_day7,SRP506877
SRR28984238,AMPLICON,602,72433844,PRJNA1109929,SAMN41307299,Metagenome or environmental,39032079,"THE INSTITUTE OF MEDICAL SCIENCE, THE UNIVERSITY OF TOKYO",2021,public,"fastq,run.zq,sra","gs,ncbi,s3","ncbi.public,gs.us-east1,s3.us-east-1",SRX24512957,Japan,Asia,Japan,Homo sapiens,Illumina MiSeq,feces 117,34.646870 N 135.5067002 E,OCUBMT019_day7,PAIRED,PCR,METAGENOMIC,human metagenome,ILLUMINA,2024-05-09T00:00:00Z,2024-05-09T21:51:00Z,1,OCUBMT019_day7,SRP506877
SRR28984239,AMPLICON,600,47378194,PRJNA1109929,SAMN41307302,Metagenome or environmental,25402297,"THE INSTITUTE OF MEDICAL SCIENCE, THE UNIVERSITY OF TOKYO",2021,public,"fastq,run.zq,sra","s3,ncbi,gs","s3.us-east-1,ncbi.public,gs.us-east1",SRX24513106,Japan,Asia,Japan,Homo sapiens,Illumina MiSeq,feces 120,34.646870 N 135.5067002 E,OCUBMT020_day21,PAIRED,PCR,METAGENOMIC,human metagenome,ILLUMINA,2024-05-09T00:00:00Z,2024-05-09T21:51:00Z,1,OCUBMT020_day21,SRP506877
SRR28984240,AMPLICON,602,77249242,PRJNA1109929,SAMN41307337,Metagenome or environmental,44172904,"THE INSTITUTE OF MEDICAL SCIENCE, THE UNIVERSITY OF TOKYO",2021,public,"sra,fastq,run.zq","gs,ncbi,s3","s3.us-east-1,gs.us-east1,ncbi.public",SRX24513145,Japan,Asia,Japan,Homo sapiens,Illumina MiSeq,feces 155,34.646870 N 135.5067002 E,OCUBMT025_day63,PAIRED,PCR,METAGENOMIC,human metagenome,ILLUMINA,2024-05-09T00:00:00Z,2024-05-09T21:51:00Z,1,OCUBMT025_day63,SRP506877
SRR28984241,AMPLICON,602,66319932,PRJNA1109929,SAMN41307298,Metagenome or environmental,36449172,"THE INSTITUTE OF MEDICAL SCIENCE, THE UNIVERSITY OF TOKYO",2021,public,"sra,run.zq,fastq","ncbi,gs,s3","s3.us-east-1,ncbi.public,gs.us-east1",SRX24512956,Japan,Asia,Japan,Homo sapiens,Illumina MiSeq,feces 116,34.646870 N 135.5067002 E,OCUBMT019_day42,PAIRED,PCR,METAGENOMIC,human metagenome,ILLUMINA,2024-05-09T00:00:00Z,2024-05-09T21:51:00Z,1,OCUBMT019_day42,SRP506877
SRR28984242,AMPLICON,602,76373934,PRJNA1109929,SAMN41307297,Metagenome or environmental,42211523,"THE INSTITUTE OF MEDICAL SCIENCE, THE UNIVERSITY OF TOKYO",2021,public,"sra,run.zq,fastq","gs,s3,ncbi","gs.us-east1,s3.us-east-1,ncbi.public",SRX24512955,Japan,Asia,Japan,Homo sapiens,Illumina MiSeq,feces 115,34.646870 N 135.5067002 E,OCUBMT019_day35,PAIRED,PCR,METAGENOMIC,human metagenome,ILLUMINA,2024-05-09T00:00:00Z,2024-05-09T21:51:00Z,1,OCUBMT019_day35,SRP506877
SRR28984243,AMPLICON,596,49068837,PRJNA1109929,SAMN41307296,Metagenome or environmental,26378299,"THE INSTITUTE OF MEDICAL SCIENCE, THE UNIVERSITY OF TOKYO",2021,public,"fastq,sra,run.zq","gs,ncbi,s3","gs.us-east1,s3.us-east-1,ncbi.public",SRX24512954,Japan,Asia,Japan,Homo sapiens,Illumina MiSeq,feces 114,34.646870 N 135.5067002 E,OCUBMT019_day28,PAIRED,PCR,METAGENOMIC,human metagenome,ILLUMINA,2024-05-09T00:00:00Z,2024-05-09T21:51:00Z,1,OCUBMT019_day28,SRP506877
SRR28984244,AMPLICON,570,34187482,PRJNA1109929,SAMN41307295,Metagenome or environmental,17768229,"THE INSTITUTE OF MEDICAL SCIENCE, THE UNIVERSITY OF TOKYO",2021,public,"run.zq,fastq,sra","s3,gs,ncbi","s3.us-east-1,gs.us-east1,ncbi.public",SRX24512953,Japan,Asia,Japan,Homo sapiens,Illumina MiSeq,feces 113,34.646870 N 135.5067002 E,OCUBMT019_day21,PAIRED,PCR,METAGENOMIC,human metagenome,ILLUMINA,2024-05-09T00:00:00Z,2024-05-09T21:51:00Z,1,OCUBMT019_day21,SRP506877
SRR28984245,AMPLICON,596,25246942,PRJNA1109929,SAMN41307293,Metagenome or environmental,13546393,"THE INSTITUTE OF MEDICAL SCIENCE, THE UNIVERSITY OF TOKYO",2021,public,"sra,fastq,run.zq","ncbi,gs,s3","gs.us-east1,s3.us-east-1,ncbi.public",SRX24512951,Japan,Asia,Japan,Homo sapiens,Illumina MiSeq,feces 111,34.646870 N 135.5067002 E,OCUBMT019_day0,PAIRED,PCR,METAGENOMIC,human metagenome,ILLUMINA,2024-05-09T00:00:00Z,2024-05-09T21:51:00Z,1,OCUBMT019_day0,SRP506877
SRR28984246,AMPLICON,600,23751292,PRJNA1109929,SAMN41307194,Metagenome or environmental,12795044,"THE INSTITUTE OF MEDICAL SCIENCE, THE UNIVERSITY OF TOKYO",2021,public,"fastq,run.zq,sra","ncbi,s3,gs","gs.us-east1,ncbi.public,s3.us-east-1",SRX24512950,Japan,Asia,Japan,Homo sapiens,Illumina MiSeq,feces 12,34.646870 N 135.5067002 E,OCUBMT002_day42,PAIRED,PCR,METAGENOMIC,human metagenome,ILLUMINA,2024-05-09T00:00:00Z,2024-05-09T21:51:00Z,1,OCUBMT002_day42,SRP506877
SRR28984247,AMPLICON,600,29042241,PRJNA1109929,SAMN41307292,Metagenome or environmental,15827876,"THE INSTITUTE OF MEDICAL SCIENCE, THE UNIVERSITY OF TOKYO",2021,public,"fastq,run.zq,sra","s3,ncbi,gs","gs.us-east1,s3.us-east-1,ncbi.public",SRX24512949,Japan,Asia,Japan,Homo sapiens,Illumina MiSeq,feces 110,34.646870 N 135.5067002 E,OCUBMT018_pre,PAIRED,PCR,METAGENOMIC,human metagenome,ILLUMINA,2024-05-09T00:00:00Z,2024-05-09T21:51:00Z,1,OCUBMT018_pre,SRP506877
SRR28984248,AMPLICON,598,35363307,PRJNA1109929,SAMN41307294,Metagenome or environmental,18680828,"THE INSTITUTE OF MEDICAL SCIENCE, THE UNIVERSITY OF TOKYO",2021,public,"fastq,run.zq,sra","ncbi,s3,gs","gs.us-east1,s3.us-east-1,ncbi.public",SRX24512952,Japan,Asia,Japan,Homo sapiens,Illumina MiSeq,feces 112,34.646870 N 135.5067002 E,OCUBMT019_day14,PAIRED,PCR,METAGENOMIC,human metagenome,ILLUMINA,2024-05-09T00:00:00Z,2024-05-09T21:51:00Z,1,OCUBMT019_day14,SRP506877
SRR28984249,AMPLICON,602,73539718,PRJNA1109929,SAMN41307291,Metagenome or environmental,40541718,"THE INSTITUTE OF MEDICAL SCIENCE, THE UNIVERSITY OF TOKYO",2021,public,"sra,fastq,run.zq","gs,ncbi,s3","gs.us-east1,ncbi.public,s3.us-east-1",SRX24512948,Japan,Asia,Japan,Homo sapiens,Illumina MiSeq,feces 109,34.646870 N 135.5067002 E,OCUBMT018_day77,PAIRED,PCR,METAGENOMIC,human metagenome,ILLUMINA,2024-05-09T00:00:00Z,2024-05-09T21:51:00Z,1,OCUBMT018_day77,SRP506877
SRR28984250,AMPLICON,602,57733004,PRJNA1109929,SAMN41307290,Metagenome or environmental,32114207,"THE INSTITUTE OF MEDICAL SCIENCE, THE UNIVERSITY OF TOKYO",2021,public,"fastq,sra,run.zq","s3,ncbi,gs","ncbi.public,gs.us-east1,s3.us-east-1",SRX24512947,Japan,Asia,Japan,Homo sapiens,Illumina MiSeq,feces 108,34.646870 N 135.5067002 E,OCUBMT018_day70,PAIRED,PCR,METAGENOMIC,human metagenome,ILLUMINA,2024-05-09T00:00:00Z,2024-05-09T21:51:00Z,1,OCUBMT018_day70,SRP506877
SRR28984251,AMPLICON,600,30635556,PRJNA1109929,SAMN41307289,Metagenome or environmental,16541629,"THE INSTITUTE OF MEDICAL SCIENCE, THE UNIVERSITY OF TOKYO",2021,public,"sra,run.zq,fastq","ncbi,s3,gs","gs.us-east1,s3.us-east-1,ncbi.public",SRX24512946,Japan,Asia,Japan,Homo sapiens,Illumina MiSeq,feces 107,34.646870 N 135.5067002 E,OCUBMT018_day7,PAIRED,PCR,METAGENOMIC,human metagenome,ILLUMINA,2024-05-09T00:00:00Z,2024-05-09T21:51:00Z,1,OCUBMT018_day7,SRP506877
SRR28984252,AMPLICON,602,68656896,PRJNA1109929,SAMN41307288,Metagenome or environmental,36776864,"THE INSTITUTE OF MEDICAL SCIENCE, THE UNIVERSITY OF TOKYO",2021,public,"fastq,run.zq,sra","s3,gs,ncbi","ncbi.public,s3.us-east-1,gs.us-east1",SRX24512945,Japan,Asia,Japan,Homo sapiens,Illumina MiSeq,feces 106,34.646870 N 135.5067002 E,OCUBMT018_day63,PAIRED,PCR,METAGENOMIC,human metagenome,ILLUMINA,2024-05-09T00:00:00Z,2024-05-09T21:51:00Z,1,OCUBMT018_day63,SRP506877
SRR28984253,AMPLICON,602,68552148,PRJNA1109929,SAMN41307286,Metagenome or environmental,36863475,"THE INSTITUTE OF MEDICAL SCIENCE, THE UNIVERSITY OF TOKYO",2021,public,"run.zq,fastq,sra","gs,ncbi,s3","s3.us-east-1,gs.us-east1,ncbi.public",SRX24512943,Japan,Asia,Japan,Homo sapiens,Illumina MiSeq,feces 104,34.646870 N 135.5067002 E,OCUBMT018_day49,PAIRED,PCR,METAGENOMIC,human metagenome,ILLUMINA,2024-05-09T00:00:00Z,2024-05-09T21:51:00Z,1,OCUBMT018_day49,SRP506877
SRR28984254,AMPLICON,602,81165252,PRJNA1109929,SAMN41307285,Metagenome or environmental,43958655,"THE INSTITUTE OF MEDICAL SCIENCE, THE UNIVERSITY OF TOKYO",2021,public,"run.zq,fastq,sra","ncbi,s3,gs","ncbi.public,gs.us-east1,s3.us-east-1",SRX24512942,Japan,Asia,Japan,Homo sapiens,Illumina MiSeq,feces 103,34.646870 N 135.5067002 E,OCUBMT018_day42,PAIRED,PCR,METAGENOMIC,human metagenome,ILLUMINA,2024-05-09T00:00:00Z,2024-05-09T21:51:00Z,1,OCUBMT018_day42,SRP506877
SRR28984255,AMPLICON,592,32247105,PRJNA1109929,SAMN41307284,Metagenome or environmental,16492088,"THE INSTITUTE OF MEDICAL SCIENCE, THE UNIVERSITY OF TOKYO",2021,public,"run.zq,fastq,sra","ncbi,s3,gs","s3.us-east-1,ncbi.public,gs.us-east1",SRX24512941,Japan,Asia,Japan,Homo sapiens,Illumina MiSeq,feces 102,34.646870 N 135.5067002 E,OCUBMT018_day35,PAIRED,PCR,METAGENOMIC,human metagenome,ILLUMINA,2024-05-09T00:00:00Z,2024-05-09T21:51:00Z,1,OCUBMT018_day35,SRP506877
SRR28984256,AMPLICON,602,53665290,PRJNA1109929,SAMN41307287,Metagenome or environmental,28887643,"THE INSTITUTE OF MEDICAL SCIENCE, THE UNIVERSITY OF TOKYO",2021,public,"run.zq,fastq,sra","s3,ncbi,gs","ncbi.public,gs.us-east1,s3.us-east-1",SRX24512944,Japan,Asia,Japan,Homo sapiens,Illumina MiSeq,feces 105,34.646870 N 135.5067002 E,OCUBMT018_day56,PAIRED,PCR,METAGENOMIC,human metagenome,ILLUMINA,2024-05-09T00:00:00Z,2024-05-09T21:51:00Z,1,OCUBMT018_day56,SRP506877
SRR28984257,AMPLICON,600,29847076,PRJNA1109929,SAMN41307283,Metagenome or environmental,15615687,"THE INSTITUTE OF MEDICAL SCIENCE, THE UNIVERSITY OF TOKYO",2021,public,"run.zq,fastq,sra","ncbi,gs,s3","ncbi.public,gs.us-east1,s3.us-east-1",SRX24512940,Japan,Asia,Japan,Homo sapiens,Illumina MiSeq,feces 101,34.646870 N 135.5067002 E,OCUBMT018_day28,PAIRED,PCR,METAGENOMIC,human metagenome,ILLUMINA,2024-05-09T00:00:00Z,2024-05-09T21:51:00Z,1,OCUBMT018_day28,SRP506877
SRR28984258,AMPLICON,599,15426193,PRJNA1109929,SAMN41307193,Metagenome or environmental,8166604,"THE INSTITUTE OF MEDICAL SCIENCE, THE UNIVERSITY OF TOKYO",2021,public,"sra,fastq,run.zq","s3,gs,ncbi","ncbi.public,gs.us-east1,s3.us-east-1",SRX24512939,Japan,Asia,Japan,Homo sapiens,Illumina MiSeq,feces 11,34.646870 N 135.5067002 E,OCUBMT002_day35,PAIRED,PCR,METAGENOMIC,human metagenome,ILLUMINA,2024-05-09T00:00:00Z,2024-05-09T21:50:00Z,1,OCUBMT002_day35,SRP506877
SRR28984259,AMPLICON,602,62521312,PRJNA1109929,SAMN41307184,Metagenome or environmental,33273194,"THE INSTITUTE OF MEDICAL SCIENCE, THE UNIVERSITY OF TOKYO",2021,public,"sra,fastq,run.zq","gs,s3,ncbi","ncbi.public,s3.us-east-1,gs.us-east1",SRX24512938,Japan,Asia,Japan,Homo sapiens,Illumina MiSeq,feces 2,34.646870 N 135.5067002 E,OCUBMT001_day14,PAIRED,PCR,METAGENOMIC,human metagenome,ILLUMINA,2024-05-09T00:00:00Z,2024-05-09T21:51:00Z,1,OCUBMT001_day14,SRP506877
SRR28984260,AMPLICON,602,83348706,PRJNA1109929,SAMN41307183,Metagenome or environmental,44932836,"THE INSTITUTE OF MEDICAL SCIENCE, THE UNIVERSITY OF TOKYO",2021,public,"fastq,run.zq,sra","gs,s3,ncbi","ncbi.public,gs.us-east1,s3.us-east-1",SRX24512937,Japan,Asia,Japan,Homo sapiens,Illumina MiSeq,feces 1,34.646870 N 135.5067002 E,OCUBMT001_day0,PAIRED,PCR,METAGENOMIC,human metagenome,ILLUMINA,2024-05-09T00:00:00Z,2024-05-09T21:51:00Z,1,OCUBMT001_day0,SRP506877
SRR28984261,AMPLICON,602,95923884,PRJNA1109929,SAMN41307495,Metagenome or environmental,59758500,"THE INSTITUTE OF MEDICAL SCIENCE, THE UNIVERSITY OF TOKYO",2021,public,"run.zq,sra,fastq","s3,gs,ncbi","ncbi.public,gs.us-east1,s3.us-east-1",SRX24513386,Japan,Asia,Japan,Homo sapiens,Illumina MiSeq,feces 313,34.646870 N 135.5067002 E,OCUBMT058_pre,PAIRED,PCR,METAGENOMIC,human metagenome,ILLUMINA,2024-05-09T00:00:00Z,2024-05-09T21:51:00Z,1,OCUBMT058_pre,SRP506877
SRR28984262,AMPLICON,600,66378230,PRJNA1109929,SAMN41307494,Metagenome or environmental,36452462,"THE INSTITUTE OF MEDICAL SCIENCE, THE UNIVERSITY OF TOKYO",2021,public,"run.zq,sra,fastq","gs,s3,ncbi","s3.us-east-1,ncbi.public,gs.us-east1",SRX24513385,Japan,Asia,Japan,Homo sapiens,Illumina MiSeq,feces 312,34.646870 N 135.5067002 E,OCUBMT058_day70,PAIRED,PCR,METAGENOMIC,human metagenome,ILLUMINA,2024-05-09T00:00:00Z,2024-05-09T21:51:00Z,1,OCUBMT058_day70,SRP506877
SRR28984263,AMPLICON,600,84580429,PRJNA1109929,SAMN41307493,Metagenome or environmental,45787986,"THE INSTITUTE OF MEDICAL SCIENCE, THE UNIVERSITY OF TOKYO",2021,public,"sra,run.zq,fastq","ncbi,gs,s3","s3.us-east-1,ncbi.public,gs.us-east1",SRX24513384,Japan,Asia,Japan,Homo sapiens,Illumina MiSeq,feces 311,34.646870 N 135.5067002 E,OCUBMT058_day63,PAIRED,PCR,METAGENOMIC,human metagenome,ILLUMINA,2024-05-09T00:00:00Z,2024-05-09T21:51:00Z,1,OCUBMT058_day63,SRP506877
SRR28984264,AMPLICON,601,74465079,PRJNA1109929,SAMN41307496,Metagenome or environmental,40264876,"THE INSTITUTE OF MEDICAL SCIENCE, THE UNIVERSITY OF TOKYO",2021,public,"fastq,run.zq,sra","ncbi,s3,gs","s3.us-east-1,ncbi.public,gs.us-east1",SRX24513387,Japan,Asia,Japan,Homo sapiens,Illumina MiSeq,feces 314,34.646870 N 135.5067002 E,OCUBMT062_day0,PAIRED,PCR,METAGENOMIC,human metagenome,ILLUMINA,2024-05-09T00:00:00Z,2024-05-09T21:52:00Z,1,OCUBMT062_day0,SRP506877
SRR28984265,AMPLICON,600,34777708,PRJNA1109929,SAMN41307214,Metagenome or environmental,18447196,"THE INSTITUTE OF MEDICAL SCIENCE, THE UNIVERSITY OF TOKYO",2021,public,"run.zq,sra,fastq","ncbi,s3,gs","ncbi.public,gs.us-east1,s3.us-east-1",SRX24513383,Japan,Asia,Japan,Homo sapiens,Illumina MiSeq,feces 32,34.646870 N 135.5067002 E,OCUBMT007_pre,PAIRED,PCR,METAGENOMIC,human metagenome,ILLUMINA,2024-05-09T00:00:00Z,2024-05-09T21:51:00Z,1,OCUBMT007_pre,SRP506877
SRR28984266,AMPLICON,600,59727564,PRJNA1109929,SAMN41307492,Metagenome or environmental,32589681,"THE INSTITUTE OF MEDICAL SCIENCE, THE UNIVERSITY OF TOKYO",2021,public,"run.zq,sra,fastq","gs,s3,ncbi","ncbi.public,gs.us-east1,s3.us-east-1",SRX24513382,Japan,Asia,Japan,Homo sapiens,Illumina MiSeq,feces 310,34.646870 N 135.5067002 E,OCUBMT058_day56,PAIRED,PCR,METAGENOMIC,human metagenome,ILLUMINA,2024-05-09T00:00:00Z,2024-05-09T21:51:00Z,1,OCUBMT058_day56,SRP506877
SRR28984267,AMPLICON,600,77152705,PRJNA1109929,SAMN41307491,Metagenome or environmental,41479175,"THE INSTITUTE OF MEDICAL SCIENCE, THE UNIVERSITY OF TOKYO",2021,public,"fastq,run.zq,sra","gs,ncbi,s3","ncbi.public,s3.us-east-1,gs.us-east1",SRX24513381,Japan,Asia,Japan,Homo sapiens,Illumina MiSeq,feces 309,34.646870 N 135.5067002 E,OCUBMT058_day49,PAIRED,PCR,METAGENOMIC,human metagenome,ILLUMINA,2024-05-09T00:00:00Z,2024-05-09T21:51:00Z,1,OCUBMT058_day49,SRP506877
SRR28984268,AMPLICON,600,67957255,PRJNA1109929,SAMN41307490,Metagenome or environmental,36564799,"THE INSTITUTE OF MEDICAL SCIENCE, THE UNIVERSITY OF TOKYO",2021,public,"sra,run.zq,fastq","ncbi,gs,s3","ncbi.public,s3.us-east-1,gs.us-east1",SRX24513380,Japan,Asia,Japan,Homo sapiens,Illumina MiSeq,feces 308,34.646870 N 135.5067002 E,OCUBMT058_day42,PAIRED,PCR,METAGENOMIC,human metagenome,ILLUMINA,2024-05-09T00:00:00Z,2024-05-09T21:52:00Z,1,OCUBMT058_day42,SRP506877
SRR28984269,AMPLICON,600,98021032,PRJNA1109929,SAMN41307488,Metagenome or environmental,54989702,"THE INSTITUTE OF MEDICAL SCIENCE, THE UNIVERSITY OF TOKYO",2021,public,"fastq,sra,run.zq","gs,ncbi,s3","s3.us-east-1,gs.us-east1,ncbi.public",SRX24513378,Japan,Asia,Japan,Homo sapiens,Illumina MiSeq,feces 306,34.646870 N 135.5067002 E,OCUBMT058_day14,PAIRED,PCR,METAGENOMIC,human metagenome,ILLUMINA,2024-05-09T00:00:00Z,2024-05-09T21:51:00Z,1,OCUBMT058_day14,SRP506877
SRR28984270,AMPLICON,601,80600363,PRJNA1109929,SAMN41307487,Metagenome or environmental,42350750,"THE INSTITUTE OF MEDICAL SCIENCE, THE UNIVERSITY OF TOKYO",2021,public,"fastq,run.zq,sra","gs,ncbi,s3","ncbi.public,gs.us-east1,s3.us-east-1",SRX24513377,Japan,Asia,Japan,Homo sapiens,Illumina MiSeq,feces 305,34.646870 N 135.5067002 E,OCUBMT058_day0,PAIRED,PCR,METAGENOMIC,human metagenome,ILLUMINA,2024-05-09T00:00:00Z,2024-05-09T21:51:00Z,1,OCUBMT058_day0,SRP506877
SRR28984271,AMPLICON,602,89676930,PRJNA1109929,SAMN41307486,Metagenome or environmental,55646166,"THE INSTITUTE OF MEDICAL SCIENCE, THE UNIVERSITY OF TOKYO",2021,public,"fastq,run.zq,sra","ncbi,s3,gs","gs.us-east1,s3.us-east-1,ncbi.public",SRX24513376,Japan,Asia,Japan,Homo sapiens,Illumina MiSeq,feces 304,34.646870 N 135.5067002 E,OCUBMT052_pre,PAIRED,PCR,METAGENOMIC,human metagenome,ILLUMINA,2024-05-09T00:00:00Z,2024-05-09T21:51:00Z,1,OCUBMT052_pre,SRP506877
SRR28984272,AMPLICON,600,102927774,PRJNA1109929,SAMN41307489,Metagenome or environmental,55635050,"THE INSTITUTE OF MEDICAL SCIENCE, THE UNIVERSITY OF TOKYO",2021,public,"fastq,sra,run.zq","s3,ncbi,gs","s3.us-east-1,gs.us-east1,ncbi.public",SRX24513379,Japan,Asia,Japan,Homo sapiens,Illumina MiSeq,feces 307,34.646870 N 135.5067002 E,OCUBMT058_day35,PAIRED,PCR,METAGENOMIC,human metagenome,ILLUMINA,2024-05-09T00:00:00Z,2024-05-09T21:51:00Z,1,OCUBMT058_day35,SRP506877
SRR28984273,AMPLICON,600,99720802,PRJNA1109929,SAMN41307485,Metagenome or environmental,53044081,"THE INSTITUTE OF MEDICAL SCIENCE, THE UNIVERSITY OF TOKYO",2021,public,"run.zq,fastq,sra","s3,gs,ncbi","ncbi.public,gs.us-east1,s3.us-east-1",SRX24513375,Japan,Asia,Japan,Homo sapiens,Illumina MiSeq,feces 303,34.646870 N 135.5067002 E,OCUBMT052_day63,PAIRED,PCR,METAGENOMIC,human metagenome,ILLUMINA,2024-05-09T00:00:00Z,2024-05-09T21:51:00Z,1,OCUBMT052_day63,SRP506877
SRR28984274,AMPLICON,602,68245128,PRJNA1109929,SAMN41307484,Metagenome or environmental,40854336,"THE INSTITUTE OF MEDICAL SCIENCE, THE UNIVERSITY OF TOKYO",2021,public,"run.zq,fastq,sra","ncbi,gs,s3","gs.us-east1,s3.us-east-1,ncbi.public",SRX24513374,Japan,Asia,Japan,Homo sapiens,Illumina MiSeq,feces 302,34.646870 N 135.5067002 E,OCUBMT052_day28,PAIRED,PCR,METAGENOMIC,human metagenome,ILLUMINA,2024-05-09T00:00:00Z,2024-05-09T21:51:00Z,1,OCUBMT052_day28,SRP506877
SRR28984275,AMPLICON,602,84784476,PRJNA1109929,SAMN41307483,Metagenome or environmental,49502719,"THE INSTITUTE OF MEDICAL SCIENCE, THE UNIVERSITY OF TOKYO",2021,public,"run.zq,fastq,sra","ncbi,gs,s3","s3.us-east-1,gs.us-east1,ncbi.public",SRX24513373,Japan,Asia,Japan,Homo sapiens,Illumina MiSeq,feces 301,34.646870 N 135.5067002 E,OCUBMT052_day21,PAIRED,PCR,METAGENOMIC,human metagenome,ILLUMINA,2024-05-09T00:00:00Z,2024-05-09T21:51:00Z,1,OCUBMT052_day21,SRP506877
SRR28984276,AMPLICON,599,20888114,PRJNA1109929,SAMN41307213,Metagenome or environmental,11264201,"THE INSTITUTE OF MEDICAL SCIENCE, THE UNIVERSITY OF TOKYO",2021,public,"sra,run.zq,fastq","gs,ncbi,s3","gs.us-east1,ncbi.public,s3.us-east-1",SRX24513372,Japan,Asia,Japan,Homo sapiens,Illumina MiSeq,feces 31,34.646870 N 135.5067002 E,OCUBMT007_day7,PAIRED,PCR,METAGENOMIC,human metagenome,ILLUMINA,2024-05-09T00:00:00Z,2024-05-09T21:51:00Z,1,OCUBMT007_day7,SRP506877
SRR28984277,AMPLICON,602,73471090,PRJNA1109929,SAMN41307482,Metagenome or environmental,45460495,"THE INSTITUTE OF MEDICAL SCIENCE, THE UNIVERSITY OF TOKYO",2021,public,"fastq,sra,run.zq","ncbi,s3,gs","ncbi.public,gs.us-east1,s3.us-east-1",SRX24513370,Japan,Asia,Japan,Homo sapiens,Illumina MiSeq,feces 300,34.646870 N 135.5067002 E,OCUBMT052_day0,PAIRED,PCR,METAGENOMIC,human metagenome,ILLUMINA,2024-05-09T00:00:00Z,2024-05-09T21:51:00Z,1,OCUBMT052_day0,SRP506877
SRR28984278,AMPLICON,602,84106624,PRJNA1109929,SAMN41307481,Metagenome or environmental,52848119,"THE INSTITUTE OF MEDICAL SCIENCE, THE UNIVERSITY OF TOKYO",2021,public,"sra,run.zq,fastq","s3,ncbi,gs","gs.us-east1,ncbi.public,s3.us-east-1",SRX24513369,Japan,Asia,Japan,Homo sapiens,Illumina MiSeq,feces 299,34.646870 N 135.5067002 E,OCUBMT051_pre,PAIRED,PCR,METAGENOMIC,human metagenome,ILLUMINA,2024-05-09T00:00:00Z,2024-05-09T21:51:00Z,1,OCUBMT051_pre,SRP506877
SRR28984279,AMPLICON,602,87813138,PRJNA1109929,SAMN41307480,Metagenome or environmental,52797918,"THE INSTITUTE OF MEDICAL SCIENCE, THE UNIVERSITY OF TOKYO",2021,public,"run.zq,fastq,sra","s3,ncbi,gs","gs.us-east1,s3.us-east-1,ncbi.public",SRX24513368,Japan,Asia,Japan,Homo sapiens,Illumina MiSeq,feces 298,34.646870 N 135.5067002 E,OCUBMT051_day7,PAIRED,PCR,METAGENOMIC,human metagenome,ILLUMINA,2024-05-09T00:00:00Z,2024-05-09T21:51:00Z,1,OCUBMT051_day7,SRP506877
SRR28984280,AMPLICON,600,23632767,PRJNA1109929,SAMN41307186,Metagenome or environmental,12617617,"THE INSTITUTE OF MEDICAL SCIENCE, THE UNIVERSITY OF TOKYO",2021,public,"sra,run.zq,fastq","ncbi,s3,gs","ncbi.public,gs.us-east1,s3.us-east-1",SRX24513371,Japan,Asia,Japan,Homo sapiens,Illumina MiSeq,feces 4,34.646870 N 135.5067002 E,OCUBMT001_day28,PAIRED,PCR,METAGENOMIC,human metagenome,ILLUMINA,2024-05-09T00:00:00Z,2024-05-09T21:51:00Z,1,OCUBMT001_day28,SRP506877
SRR28984281,AMPLICON,602,79430890,PRJNA1109929,SAMN41307479,Metagenome or environmental,49107639,"THE INSTITUTE OF MEDICAL SCIENCE, THE UNIVERSITY OF TOKYO",2021,public,"sra,run.zq,fastq","gs,ncbi,s3","gs.us-east1,ncbi.public,s3.us-east-1",SRX24513367,Japan,Asia,Japan,Homo sapiens,Illumina MiSeq,feces 297,34.646870 N 135.5067002 E,OCUBMT051_day42,PAIRED,PCR,METAGENOMIC,human metagenome,ILLUMINA,2024-05-09T00:00:00Z,2024-05-09T21:51:00Z,1,OCUBMT051_day42,SRP506877
SRR28984282,AMPLICON,602,74743116,PRJNA1109929,SAMN41307478,Metagenome or environmental,46718911,"THE INSTITUTE OF MEDICAL SCIENCE, THE UNIVERSITY OF TOKYO",2021,public,"fastq,sra,run.zq","gs,s3,ncbi","s3.us-east-1,gs.us-east1,ncbi.public",SRX24513366,Japan,Asia,Japan,Homo sapiens,Illumina MiSeq,feces 296,34.646870 N 135.5067002 E,OCUBMT051_day35,PAIRED,PCR,METAGENOMIC,human metagenome,ILLUMINA,2024-05-09T00:00:00Z,2024-05-09T21:51:00Z,1,OCUBMT051_day35,SRP506877
SRR28984283,AMPLICON,602,82078486,PRJNA1109929,SAMN41307477,Metagenome or environmental,52277931,"THE INSTITUTE OF MEDICAL SCIENCE, THE UNIVERSITY OF TOKYO",2021,public,"fastq,sra,run.zq","s3,ncbi,gs","s3.us-east-1,ncbi.public,gs.us-east1",SRX24513365,Japan,Asia,Japan,Homo sapiens,Illumina MiSeq,feces 295,34.646870 N 135.5067002 E,OCUBMT051_day28,PAIRED,PCR,METAGENOMIC,human metagenome,ILLUMINA,2024-05-09T00:00:00Z,2024-05-09T21:51:00Z,1,OCUBMT051_day28,SRP506877
SRR28984284,AMPLICON,602,80578302,PRJNA1109929,SAMN41307476,Metagenome or environmental,50804851,"THE INSTITUTE OF MEDICAL SCIENCE, THE UNIVERSITY OF TOKYO",2021,public,"sra,fastq,run.zq","ncbi,s3,gs","s3.us-east-1,gs.us-east1,ncbi.public",SRX24513364,Japan,Asia,Japan,Homo sapiens,Illumina MiSeq,feces 294,34.646870 N 135.5067002 E,OCUBMT051_day21,PAIRED,PCR,METAGENOMIC,human metagenome,ILLUMINA,2024-05-09T00:00:00Z,2024-05-09T21:51:00Z,1,OCUBMT051_day21,SRP506877
SRR28984285,AMPLICON,602,76773060,PRJNA1109929,SAMN41307474,Metagenome or environmental,48054614,"THE INSTITUTE OF MEDICAL SCIENCE, THE UNIVERSITY OF TOKYO",2021,public,"run.zq,sra,fastq","gs,ncbi,s3","gs.us-east1,s3.us-east-1,ncbi.public",SRX24513362,Japan,Asia,Japan,Homo sapiens,Illumina MiSeq,feces 292,34.646870 N 135.5067002 E,OCUBMT051_day0,PAIRED,PCR,METAGENOMIC,human metagenome,ILLUMINA,2024-05-09T00:00:00Z,2024-05-09T21:51:00Z,1,OCUBMT051_day0,SRP506877
SRR28984286,AMPLICON,602,71382150,PRJNA1109929,SAMN41307473,Metagenome or environmental,44821859,"THE INSTITUTE OF MEDICAL SCIENCE, THE UNIVERSITY OF TOKYO",2021,public,"fastq,sra,run.zq","s3,ncbi,gs","s3.us-east-1,gs.us-east1,ncbi.public",SRX24513361,Japan,Asia,Japan,Homo sapiens,Illumina MiSeq,feces 291,34.646870 N 135.5067002 E,OCUBMT050_pre,PAIRED,PCR,METAGENOMIC,human metagenome,ILLUMINA,2024-05-09T00:00:00Z,2024-05-09T21:51:00Z,1,OCUBMT050_pre,SRP506877
SRR28984287,AMPLICON,602,78596518,PRJNA1109929,SAMN41307212,Metagenome or environmental,42189396,"THE INSTITUTE OF MEDICAL SCIENCE, THE UNIVERSITY OF TOKYO",2021,public,"sra,run.zq,fastq","ncbi,gs,s3","gs.us-east1,ncbi.public,s3.us-east-1",SRX24513360,Japan,Asia,Japan,Homo sapiens,Illumina MiSeq,feces 30,34.646870 N 135.5067002 E,OCUBMT007_day28,PAIRED,PCR,METAGENOMIC,human metagenome,ILLUMINA,2024-05-09T00:00:00Z,2024-05-09T21:51:00Z,1,OCUBMT007_day28,SRP506877
SRR28984288,AMPLICON,602,81049668,PRJNA1109929,SAMN41307475,Metagenome or environmental,48994830,"THE INSTITUTE OF MEDICAL SCIENCE, THE UNIVERSITY OF TOKYO",2021,public,"sra,run.zq,fastq","s3,gs,ncbi","ncbi.public,s3.us-east-1,gs.us-east1",SRX24513363,Japan,Asia,Japan,Homo sapiens,Illumina MiSeq,feces 293,34.646870 N 135.5067002 E,OCUBMT051_day14,PAIRED,PCR,METAGENOMIC,human metagenome,ILLUMINA,2024-05-09T00:00:00Z,2024-05-09T21:51:00Z,1,OCUBMT051_day14,SRP506877
SRR28984289,AMPLICON,602,92094562,PRJNA1109929,SAMN41307472,Metagenome or environmental,53308450,"THE INSTITUTE OF MEDICAL SCIENCE, THE UNIVERSITY OF TOKYO",2021,public,"run.zq,sra,fastq","gs,ncbi,s3","gs.us-east1,ncbi.public,s3.us-east-1",SRX24513359,Japan,Asia,Japan,Homo sapiens,Illumina MiSeq,feces 290,34.646870 N 135.5067002 E,OCUBMT050_day7,PAIRED,PCR,METAGENOMIC,human metagenome,ILLUMINA,2024-05-09T00:00:00Z,2024-05-09T21:51:00Z,1,OCUBMT050_day7,SRP506877
SRR28984290,AMPLICON,602,79479652,PRJNA1109929,SAMN41307471,Metagenome or environmental,45639744,"THE INSTITUTE OF MEDICAL SCIENCE, THE UNIVERSITY OF TOKYO",2021,public,"sra,fastq,run.zq","s3,ncbi,gs","s3.us-east-1,ncbi.public,gs.us-east1",SRX24513358,Japan,Asia,Japan,Homo sapiens,Illumina MiSeq,feces 289,34.646870 N 135.5067002 E,OCUBMT050_day14,PAIRED,PCR,METAGENOMIC,human metagenome,ILLUMINA,2024-05-09T00:00:00Z,2024-05-09T21:51:00Z,1,OCUBMT050_day14,SRP506877
SRR28984291,AMPLICON,602,74905054,PRJNA1109929,SAMN41307470,Metagenome or environmental,43395022,"THE INSTITUTE OF MEDICAL SCIENCE, THE UNIVERSITY OF TOKYO",2021,public,"fastq,run.zq,sra","ncbi,s3,gs","ncbi.public,s3.us-east-1,gs.us-east1",SRX24513357,Japan,Asia,Japan,Homo sapiens,Illumina MiSeq,feces 288,34.646870 N 135.5067002 E,OCUBMT050_day0,PAIRED,PCR,METAGENOMIC,human metagenome,ILLUMINA,2024-05-09T00:00:00Z,2024-05-09T21:51:00Z,1,OCUBMT050_day0,SRP506877
SRR28984292,AMPLICON,602,62707932,PRJNA1109929,SAMN41307469,Metagenome or environmental,38773748,"THE INSTITUTE OF MEDICAL SCIENCE, THE UNIVERSITY OF TOKYO",2021,public,"fastq,run.zq,sra","ncbi,gs,s3","gs.us-east1,ncbi.public,s3.us-east-1",SRX24513356,Japan,Asia,Japan,Homo sapiens,Illumina MiSeq,feces 287,34.646870 N 135.5067002 E,OCUBMT048_pre,PAIRED,PCR,METAGENOMIC,human metagenome,ILLUMINA,2024-05-09T00:00:00Z,2024-05-09T21:51:00Z,1,OCUBMT048_pre,SRP506877
SRR28984293,AMPLICON,602,69626116,PRJNA1109929,SAMN41307467,Metagenome or environmental,43123103,"THE INSTITUTE OF MEDICAL SCIENCE, THE UNIVERSITY OF TOKYO",2021,public,"run.zq,sra,fastq","s3,ncbi,gs","ncbi.public,gs.us-east1,s3.us-east-1",SRX24513354,Japan,Asia,Japan,Homo sapiens,Illumina MiSeq,feces 285,34.646870 N 135.5067002 E,OCUBMT047_pre,PAIRED,PCR,METAGENOMIC,human metagenome,ILLUMINA,2024-05-09T00:00:00Z,2024-05-09T21:51:00Z,1,OCUBMT047_pre,SRP506877
SRR28984294,AMPLICON,602,86564590,PRJNA1109929,SAMN41307466,Metagenome or environmental,53362297,"THE INSTITUTE OF MEDICAL SCIENCE, THE UNIVERSITY OF TOKYO",2021,public,"run.zq,sra,fastq","gs,ncbi,s3","gs.us-east1,s3.us-east-1,ncbi.public",SRX24513353,Japan,Asia,Japan,Homo sapiens,Illumina MiSeq,feces 284,34.646870 N 135.5067002 E,OCUBMT047_day7,PAIRED,PCR,METAGENOMIC,human metagenome,ILLUMINA,2024-05-09T00:00:00Z,2024-05-09T21:51:00Z,1,OCUBMT047_day7,SRP506877
SRR28984295,AMPLICON,602,84269164,PRJNA1109929,SAMN41307465,Metagenome or environmental,50929524,"THE INSTITUTE OF MEDICAL SCIENCE, THE UNIVERSITY OF TOKYO",2021,public,"run.zq,fastq,sra","ncbi,gs,s3","gs.us-east1,s3.us-east-1,ncbi.public",SRX24513352,Japan,Asia,Japan,Homo sapiens,Illumina MiSeq,feces 283,34.646870 N 135.5067002 E,OCUBMT047_day42,PAIRED,PCR,METAGENOMIC,human metagenome,ILLUMINA,2024-05-09T00:00:00Z,2024-05-09T21:51:00Z,1,OCUBMT047_day42,SRP506877
SRR28984296,AMPLICON,602,65832312,PRJNA1109929,SAMN41307468,Metagenome or environmental,41370487,"THE INSTITUTE OF MEDICAL SCIENCE, THE UNIVERSITY OF TOKYO",2021,public,"fastq,sra,run.zq","gs,ncbi,s3","s3.us-east-1,ncbi.public,gs.us-east1",SRX24513355,Japan,Asia,Japan,Homo sapiens,Illumina MiSeq,feces 286,34.646870 N 135.5067002 E,OCUBMT048_day7,PAIRED,PCR,METAGENOMIC,human metagenome,ILLUMINA,2024-05-09T00:00:00Z,2024-05-09T21:51:00Z,1,OCUBMT048_day7,SRP506877
SRR28984297,AMPLICON,602,71533252,PRJNA1109929,SAMN41307464,Metagenome or environmental,43437959,"THE INSTITUTE OF MEDICAL SCIENCE, THE UNIVERSITY OF TOKYO",2021,public,"fastq,sra,run.zq","gs,ncbi,s3","ncbi.public,s3.us-east-1,gs.us-east1",SRX24513351,Japan,Asia,Japan,Homo sapiens,Illumina MiSeq,feces 282,34.646870 N 135.5067002 E,OCUBMT047_day35,PAIRED,PCR,METAGENOMIC,human metagenome,ILLUMINA,2024-05-09T00:00:00Z,2024-05-09T21:51:00Z,1,OCUBMT047_day35,SRP506877
SRR28984298,AMPLICON,602,77667632,PRJNA1109929,SAMN41307463,Metagenome or environmental,47945107,"THE INSTITUTE OF MEDICAL SCIENCE, THE UNIVERSITY OF TOKYO",2021,public,"sra,fastq,run.zq","gs,ncbi,s3","ncbi.public,s3.us-east-1,gs.us-east1",SRX24513350,Japan,Asia,Japan,Homo sapiens,Illumina MiSeq,feces 281,34.646870 N 135.5067002 E,OCUBMT047_day28,PAIRED,PCR,METAGENOMIC,human metagenome,ILLUMINA,2024-05-09T00:00:00Z,2024-05-09T21:51:00Z,1,OCUBMT047_day28,SRP506877
SRR28984299,AMPLICON,601,14782967,PRJNA1109929,SAMN41307211,Metagenome or environmental,7951140,"THE INSTITUTE OF MEDICAL SCIENCE, THE UNIVERSITY OF TOKYO",2021,public,"run.zq,fastq,sra","s3,gs,ncbi","s3.us-east-1,ncbi.public,gs.us-east1",SRX24513349,Japan,Asia,Japan,Homo sapiens,Illumina MiSeq,feces 29,34.646870 N 135.5067002 E,OCUBMT007_day21,PAIRED,PCR,METAGENOMIC,human metagenome,ILLUMINA,2024-05-09T00:00:00Z,2024-05-09T21:50:00Z,1,OCUBMT007_day21,SRP506877
SRR28984300,AMPLICON,602,70801220,PRJNA1109929,SAMN41307462,Metagenome or environmental,43559605,"THE INSTITUTE OF MEDICAL SCIENCE, THE UNIVERSITY OF TOKYO",2021,public,"fastq,sra,run.zq","gs,ncbi,s3","ncbi.public,gs.us-east1,s3.us-east-1",SRX24513348,Japan,Asia,Japan,Homo sapiens,Illumina MiSeq,feces 280,34.646870 N 135.5067002 E,OCUBMT047_day21,PAIRED,PCR,METAGENOMIC,human metagenome,ILLUMINA,2024-05-09T00:00:00Z,2024-05-09T21:51:00Z,1,OCUBMT047_day21,SRP506877
SRR28984301,AMPLICON,602,62950538,PRJNA1109929,SAMN41307460,Metagenome or environmental,38523455,"THE INSTITUTE OF MEDICAL SCIENCE, THE UNIVERSITY OF TOKYO",2021,public,"run.zq,fastq,sra","s3,gs,ncbi","ncbi.public,gs.us-east1,s3.us-east-1",SRX24513346,Japan,Asia,Japan,Homo sapiens,Illumina MiSeq,feces 278,34.646870 N 135.5067002 E,OCUBMT046_pre,PAIRED,PCR,METAGENOMIC,human metagenome,ILLUMINA,2024-05-09T00:00:00Z,2024-05-09T21:51:00Z,1,OCUBMT046_pre,SRP506877
SRR28984302,AMPLICON,602,88969580,PRJNA1109929,SAMN41307459,Metagenome or environmental,52298375,"THE INSTITUTE OF MEDICAL SCIENCE, THE UNIVERSITY OF TOKYO",2021,public,"run.zq,sra,fastq","gs,ncbi,s3","ncbi.public,gs.us-east1,s3.us-east-1",SRX24513345,Japan,Asia,Japan,Homo sapiens,Illumina MiSeq,feces 277,34.646870 N 135.5067002 E,OCUBMT046_day28,PAIRED,PCR,METAGENOMIC,human metagenome,ILLUMINA,2024-05-09T00:00:00Z,2024-05-09T21:51:00Z,1,OCUBMT046_day28,SRP506877
SRR28984303,AMPLICON,602,100420824,PRJNA1109929,SAMN41307458,Metagenome or environmental,57950075,"THE INSTITUTE OF MEDICAL SCIENCE, THE UNIVERSITY OF TOKYO",2021,public,"sra,fastq,run.zq","ncbi,s3,gs","ncbi.public,gs.us-east1,s3.us-east-1",SRX24513344,Japan,Asia,Japan,Homo sapiens,Illumina MiSeq,feces 276,34.646870 N 135.5067002 E,OCUBMT046_day21,PAIRED,PCR,METAGENOMIC,human metagenome,ILLUMINA,2024-05-09T00:00:00Z,2024-05-09T21:51:00Z,1,OCUBMT046_day21,SRP506877
SRR28984304,AMPLICON,602,65454858,PRJNA1109929,SAMN41307461,Metagenome or environmental,41053510,"THE INSTITUTE OF MEDICAL SCIENCE, THE UNIVERSITY OF TOKYO",2021,public,"fastq,sra,run.zq","ncbi,s3,gs","ncbi.public,gs.us-east1,s3.us-east-1",SRX24513347,Japan,Asia,Japan,Homo sapiens,Illumina MiSeq,feces 279,34.646870 N 135.5067002 E,OCUBMT047_day0,PAIRED,PCR,METAGENOMIC,human metagenome,ILLUMINA,2024-05-09T00:00:00Z,2024-05-09T21:51:00Z,1,OCUBMT047_day0,SRP506877
SRR28984305,AMPLICON,602,81270000,PRJNA1109929,SAMN41307457,Metagenome or environmental,46666276,"THE INSTITUTE OF MEDICAL SCIENCE, THE UNIVERSITY OF TOKYO",2021,public,"fastq,run.zq,sra","gs,s3,ncbi","gs.us-east1,ncbi.public,s3.us-east-1",SRX24513343,Japan,Asia,Japan,Homo sapiens,Illumina MiSeq,feces 275,34.646870 N 135.5067002 E,OCUBMT046_day14,PAIRED,PCR,METAGENOMIC,human metagenome,ILLUMINA,2024-05-09T00:00:00Z,2024-05-09T21:51:00Z,1,OCUBMT046_day14,SRP506877
SRR28984306,AMPLICON,602,74613686,PRJNA1109929,SAMN41307456,Metagenome or environmental,45482675,"THE INSTITUTE OF MEDICAL SCIENCE, THE UNIVERSITY OF TOKYO",2021,public,"run.zq,fastq,sra","gs,ncbi,s3","s3.us-east-1,ncbi.public,gs.us-east1",SRX24513342,Japan,Asia,Japan,Homo sapiens,Illumina MiSeq,feces 274,34.646870 N 135.5067002 E,OCUBMT046_day0,PAIRED,PCR,METAGENOMIC,human metagenome,ILLUMINA,2024-05-09T00:00:00Z,2024-05-09T21:51:00Z,1,OCUBMT046_day0,SRP506877
SRR28984307,AMPLICON,602,83114528,PRJNA1109929,SAMN41307455,Metagenome or environmental,49413316,"THE INSTITUTE OF MEDICAL SCIENCE, THE UNIVERSITY OF TOKYO",2021,public,"run.zq,sra,fastq","s3,gs,ncbi","s3.us-east-1,gs.us-east1,ncbi.public",SRX24513341,Japan,Asia,Japan,Homo sapiens,Illumina MiSeq,feces 273,34.646870 N 135.5067002 E,OCUBMT045_pre,PAIRED,PCR,METAGENOMIC,human metagenome,ILLUMINA,2024-05-09T00:00:00Z,2024-05-09T21:51:00Z,1,OCUBMT045_pre,SRP506877
SRR28984308,AMPLICON,602,64257480,PRJNA1109929,SAMN41307454,Metagenome or environmental,35639120,"THE INSTITUTE OF MEDICAL SCIENCE, THE UNIVERSITY OF TOKYO",2021,public,"fastq,run.zq,sra","gs,s3,ncbi","gs.us-east1,ncbi.public,s3.us-east-1",SRX24513340,Japan,Asia,Japan,Homo sapiens,Illumina MiSeq,feces 272,34.646870 N 135.5067002 E,OCUBMT045_day7,PAIRED,PCR,METAGENOMIC,human metagenome,ILLUMINA,2024-05-09T00:00:00Z,2024-05-09T21:51:00Z,1,OCUBMT045_day7,SRP506877
SRR28984309,AMPLICON,601,26523612,PRJNA1109929,SAMN41307210,Metagenome or environmental,14113536,"THE INSTITUTE OF MEDICAL SCIENCE, THE UNIVERSITY OF TOKYO",2021,public,"fastq,sra,run.zq","ncbi,gs,s3","s3.us-east-1,ncbi.public,gs.us-east1",SRX24513338,Japan,Asia,Japan,Homo sapiens,Illumina MiSeq,feces 28,34.646870 N 135.5067002 E,OCUBMT007_day14,PAIRED,PCR,METAGENOMIC,human metagenome,ILLUMINA,2024-05-09T00:00:00Z,2024-05-09T21:51:00Z,1,OCUBMT007_day14,SRP506877
SRR28984310,AMPLICON,602,100893394,PRJNA1109929,SAMN41307452,Metagenome or environmental,63172804,"THE INSTITUTE OF MEDICAL SCIENCE, THE UNIVERSITY OF TOKYO",2021,public,"fastq,sra,run.zq","s3,ncbi,gs","ncbi.public,gs.us-east1,s3.us-east-1",SRX24513337,Japan,Asia,Japan,Homo sapiens,Illumina MiSeq,feces 270,34.646870 N 135.5067002 E,OCUBMT045_day56,PAIRED,PCR,METAGENOMIC,human metagenome,ILLUMINA,2024-05-09T00:00:00Z,2024-05-09T21:51:00Z,1,OCUBMT045_day56,SRP506877
SRR28984311,AMPLICON,602,88493398,PRJNA1109929,SAMN41307451,Metagenome or environmental,51025848,"THE INSTITUTE OF MEDICAL SCIENCE, THE UNIVERSITY OF TOKYO",2021,public,"sra,run.zq,fastq","s3,gs,ncbi","s3.us-east-1,ncbi.public,gs.us-east1",SRX24513336,Japan,Asia,Japan,Homo sapiens,Illumina MiSeq,feces 269,34.646870 N 135.5067002 E,OCUBMT045_day49,PAIRED,PCR,METAGENOMIC,human metagenome,ILLUMINA,2024-05-09T00:00:00Z,2024-05-09T21:51:00Z,1,OCUBMT045_day49,SRP506877
SRR28984312,AMPLICON,602,79099188,PRJNA1109929,SAMN41307453,Metagenome or environmental,49106660,"THE INSTITUTE OF MEDICAL SCIENCE, THE UNIVERSITY OF TOKYO",2021,public,"run.zq,sra,fastq","s3,ncbi,gs","gs.us-east1,s3.us-east-1,ncbi.public",SRX24513339,Japan,Asia,Japan,Homo sapiens,Illumina MiSeq,feces 271,34.646870 N 135.5067002 E,OCUBMT045_day63,PAIRED,PCR,METAGENOMIC,human metagenome,ILLUMINA,2024-05-09T00:00:00Z,2024-05-09T21:51:00Z,1,OCUBMT045_day63,SRP506877
SRR28984313,AMPLICON,602,85949346,PRJNA1109929,SAMN41307450,Metagenome or environmental,54335895,"THE INSTITUTE OF MEDICAL SCIENCE, THE UNIVERSITY OF TOKYO",2021,public,"sra,run.zq,fastq","gs,ncbi,s3","gs.us-east1,ncbi.public,s3.us-east-1",SRX24513335,Japan,Asia,Japan,Homo sapiens,Illumina MiSeq,feces 268,34.646870 N 135.5067002 E,OCUBMT045_day42,PAIRED,PCR,METAGENOMIC,human metagenome,ILLUMINA,2024-05-09T00:00:00Z,2024-05-09T21:51:00Z,1,OCUBMT045_day42,SRP506877
SRR28984314,AMPLICON,602,92989134,PRJNA1109929,SAMN41307449,Metagenome or environmental,55071967,"THE INSTITUTE OF MEDICAL SCIENCE, THE UNIVERSITY OF TOKYO",2021,public,"run.zq,sra,fastq","ncbi,s3,gs","ncbi.public,s3.us-east-1,gs.us-east1",SRX24513334,Japan,Asia,Japan,Homo sapiens,Illumina MiSeq,feces 267,34.646870 N 135.5067002 E,OCUBMT045_day28,PAIRED,PCR,METAGENOMIC,human metagenome,ILLUMINA,2024-05-09T00:00:00Z,2024-05-09T21:51:00Z,1,OCUBMT045_day28,SRP506877
SRR28984315,AMPLICON,602,109607946,PRJNA1109929,SAMN41307448,Metagenome or environmental,64674208,"THE INSTITUTE OF MEDICAL SCIENCE, THE UNIVERSITY OF TOKYO",2021,public,"fastq,run.zq,sra","ncbi,gs,s3","ncbi.public,s3.us-east-1,gs.us-east1",SRX24513333,Japan,Asia,Japan,Homo sapiens,Illumina MiSeq,feces 266,34.646870 N 135.5067002 E,OCUBMT045_day21,PAIRED,PCR,METAGENOMIC,human metagenome,ILLUMINA,2024-05-09T00:00:00Z,2024-05-09T21:51:00Z,1,OCUBMT045_day21,SRP506877
SRR28984316,AMPLICON,602,123891600,PRJNA1109929,SAMN41307447,Metagenome or environmental,74825708,"THE INSTITUTE OF MEDICAL SCIENCE, THE UNIVERSITY OF TOKYO",2021,public,"fastq,sra,run.zq","gs,ncbi,s3","s3.us-east-1,gs.us-east1,ncbi.public",SRX24513332,Japan,Asia,Japan,Homo sapiens,Illumina MiSeq,feces 265,34.646870 N 135.5067002 E,OCUBMT045_day14,PAIRED,PCR,METAGENOMIC,human metagenome,ILLUMINA,2024-05-09T00:00:00Z,2024-05-09T21:52:00Z,1,OCUBMT045_day14,SRP506877
SRR28984317,AMPLICON,602,75864642,PRJNA1109929,SAMN41307445,Metagenome or environmental,47100163,"THE INSTITUTE OF MEDICAL SCIENCE, THE UNIVERSITY OF TOKYO",2021,public,"fastq,sra,run.zq","gs,s3,ncbi","ncbi.public,s3.us-east-1,gs.us-east1",SRX24513330,Japan,Asia,Japan,Homo sapiens,Illumina MiSeq,feces 263,34.646870 N 135.5067002 E,OCUBMT043_day7,PAIRED,PCR,METAGENOMIC,human metagenome,ILLUMINA,2024-05-09T00:00:00Z,2024-05-09T21:51:00Z,1,OCUBMT043_day7,SRP506877
SRR28984318,AMPLICON,602,72453108,PRJNA1109929,SAMN41307444,Metagenome or environmental,41932700,"THE INSTITUTE OF MEDICAL SCIENCE, THE UNIVERSITY OF TOKYO",2021,public,"fastq,sra,run.zq","ncbi,s3,gs","s3.us-east-1,ncbi.public,gs.us-east1",SRX24513329,Japan,Asia,Japan,Homo sapiens,Illumina MiSeq,feces 262,34.646870 N 135.5067002 E,OCUBMT043_day49,PAIRED,PCR,METAGENOMIC,human metagenome,ILLUMINA,2024-05-09T00:00:00Z,2024-05-09T21:52:00Z,1,OCUBMT043_day49,SRP506877
SRR28984319,AMPLICON,602,90531770,PRJNA1109929,SAMN41307443,Metagenome or environmental,53804171,"THE INSTITUTE OF MEDICAL SCIENCE, THE UNIVERSITY OF TOKYO",2021,public,"fastq,sra,run.zq","gs,ncbi,s3","ncbi.public,s3.us-east-1,gs.us-east1",SRX24513328,Japan,Asia,Japan,Homo sapiens,Illumina MiSeq,feces 261,34.646870 N 135.5067002 E,OCUBMT043_day42,PAIRED,PCR,METAGENOMIC,human metagenome,ILLUMINA,2024-05-09T00:00:00Z,2024-05-09T21:52:00Z,1,OCUBMT043_day42,SRP506877
SRR28984320,AMPLICON,602,105373478,PRJNA1109929,SAMN41307446,Metagenome or environmental,65408365,"THE INSTITUTE OF MEDICAL SCIENCE, THE UNIVERSITY OF TOKYO",2021,public,"fastq,run.zq,sra","s3,ncbi,gs","gs.us-east1,ncbi.public,s3.us-east-1",SRX24513331,Japan,Asia,Japan,Homo sapiens,Illumina MiSeq,feces 264,34.646870 N 135.5067002 E,OCUBMT043_pre,PAIRED,PCR,METAGENOMIC,human metagenome,ILLUMINA,2024-05-09T00:00:00Z,2024-05-09T21:51:00Z,1,OCUBMT043_pre,SRP506877
SRR28984321,AMPLICON,601,25239571,PRJNA1109929,SAMN41307209,Metagenome or environmental,12963127,"THE INSTITUTE OF MEDICAL SCIENCE, THE UNIVERSITY OF TOKYO",2021,public,"run.zq,fastq,sra","ncbi,gs,s3","gs.us-east1,ncbi.public,s3.us-east-1",SRX24513327,Japan,Asia,Japan,Homo sapiens,Illumina MiSeq,feces 27,34.646870 N 135.5067002 E,OCUBMT007_day0,PAIRED,PCR,METAGENOMIC,human metagenome,ILLUMINA,2024-05-09T00:00:00Z,2024-05-09T21:51:00Z,1,OCUBMT007_day0,SRP506877
SRR28984322,AMPLICON,602,70528514,PRJNA1109929,SAMN41307442,Metagenome or environmental,42349511,"THE INSTITUTE OF MEDICAL SCIENCE, THE UNIVERSITY OF TOKYO",2021,public,"sra,fastq,run.zq","gs,s3,ncbi","s3.us-east-1,gs.us-east1,ncbi.public",SRX24513326,Japan,Asia,Japan,Homo sapiens,Illumina MiSeq,feces 260,34.646870 N 135.5067002 E,OCUBMT043_day28,PAIRED,PCR,METAGENOMIC,human metagenome,ILLUMINA,2024-05-09T00:00:00Z,2024-05-09T21:51:00Z,1,OCUBMT043_day28,SRP506877
SRR28984323,AMPLICON,602,73512026,PRJNA1109929,SAMN41307441,Metagenome or environmental,43540242,"THE INSTITUTE OF MEDICAL SCIENCE, THE UNIVERSITY OF TOKYO",2021,public,"fastq,run.zq,sra","ncbi,s3,gs","ncbi.public,s3.us-east-1,gs.us-east1",SRX24513325,Japan,Asia,Japan,Homo sapiens,Illumina MiSeq,feces 259,34.646870 N 135.5067002 E,OCUBMT043_day21,PAIRED,PCR,METAGENOMIC,human metagenome,ILLUMINA,2024-05-09T00:00:00Z,2024-05-09T21:51:00Z,1,OCUBMT043_day21,SRP506877
SRR28984324,AMPLICON,602,69802502,PRJNA1109929,SAMN41307440,Metagenome or environmental,41548703,"THE INSTITUTE OF MEDICAL SCIENCE, THE UNIVERSITY OF TOKYO",2021,public,"run.zq,fastq,sra","s3,gs,ncbi","s3.us-east-1,ncbi.public,gs.us-east1",SRX24513324,Japan,Asia,Japan,Homo sapiens,Illumina MiSeq,feces 258,34.646870 N 135.5067002 E,OCUBMT043_day14,PAIRED,PCR,METAGENOMIC,human metagenome,ILLUMINA,2024-05-09T00:00:00Z,2024-05-09T21:51:00Z,1,OCUBMT043_day14,SRP506877
SRR28984325,AMPLICON,602,76316142,PRJNA1109929,SAMN41307438,Metagenome or environmental,44333621,"THE INSTITUTE OF MEDICAL SCIENCE, THE UNIVERSITY OF TOKYO",2021,public,"run.zq,sra,fastq","s3,ncbi,gs","ncbi.public,s3.us-east-1,gs.us-east1",SRX24513322,Japan,Asia,Japan,Homo sapiens,Illumina MiSeq,feces 256,34.646870 N 135.5067002 E,OCUBMT042_pre,PAIRED,PCR,METAGENOMIC,human metagenome,ILLUMINA,2024-05-09T00:00:00Z,2024-05-09T21:52:00Z,1,OCUBMT042_pre,SRP506877
SRR28984326,AMPLICON,602,68113290,PRJNA1109929,SAMN41307437,Metagenome or environmental,40924844,"THE INSTITUTE OF MEDICAL SCIENCE, THE UNIVERSITY OF TOKYO",2021,public,"fastq,sra,run.zq","ncbi,gs,s3","ncbi.public,s3.us-east-1,gs.us-east1",SRX24513321,Japan,Asia,Japan,Homo sapiens,Illumina MiSeq,feces 255,34.646870 N 135.5067002 E,OCUBMT042_day7,PAIRED,PCR,METAGENOMIC,human metagenome,ILLUMINA,2024-05-09T00:00:00Z,2024-05-09T21:52:00Z,1,OCUBMT042_day7,SRP506877
SRR28984327,AMPLICON,602,79412830,PRJNA1109929,SAMN41307436,Metagenome or environmental,47513639,"THE INSTITUTE OF MEDICAL SCIENCE, THE UNIVERSITY OF TOKYO",2021,public,"run.zq,sra,fastq","s3,gs,ncbi","gs.us-east1,ncbi.public,s3.us-east-1",SRX24513320,Japan,Asia,Japan,Homo sapiens,Illumina MiSeq,feces 254,34.646870 N 135.5067002 E,OCUBMT042_day14,PAIRED,PCR,METAGENOMIC,human metagenome,ILLUMINA,2024-05-09T00:00:00Z,2024-05-09T21:52:00Z,1,OCUBMT042_day14,SRP506877
SRR28984328,AMPLICON,602,113989904,PRJNA1109929,SAMN41307439,Metagenome or environmental,69870253,"THE INSTITUTE OF MEDICAL SCIENCE, THE UNIVERSITY OF TOKYO",2021,public,"fastq,run.zq,sra","ncbi,s3,gs","s3.us-east-1,ncbi.public,gs.us-east1",SRX24513323,Japan,Asia,Japan,Homo sapiens,Illumina MiSeq,feces 257,34.646870 N 135.5067002 E,OCUBMT043_day0,PAIRED,PCR,METAGENOMIC,human metagenome,ILLUMINA,2024-05-09T00:00:00Z,2024-05-09T21:51:00Z,1,OCUBMT043_day0,SRP506877
SRR28984329,AMPLICON,602,106743630,PRJNA1109929,SAMN41307435,Metagenome or environmental,62686522,"THE INSTITUTE OF MEDICAL SCIENCE, THE UNIVERSITY OF TOKYO",2021,public,"sra,fastq,run.zq","s3,ncbi,gs","gs.us-east1,s3.us-east-1,ncbi.public",SRX24513319,Japan,Asia,Japan,Homo sapiens,Illumina MiSeq,feces 253,34.646870 N 135.5067002 E,OCUBMT042_day0,PAIRED,PCR,METAGENOMIC,human metagenome,ILLUMINA,2024-05-09T00:00:00Z,2024-05-09T21:51:00Z,1,OCUBMT042_day0,SRP506877
SRR28984330,AMPLICON,602,65794386,PRJNA1109929,SAMN41307434,Metagenome or environmental,40856104,"THE INSTITUTE OF MEDICAL SCIENCE, THE UNIVERSITY OF TOKYO",2021,public,"fastq,run.zq,sra","ncbi,s3,gs","s3.us-east-1,gs.us-east1,ncbi.public",SRX24513318,Japan,Asia,Japan,Homo sapiens,Illumina MiSeq,feces 252,34.646870 N 135.5067002 E,OCUBMT041_pre,PAIRED,PCR,METAGENOMIC,human metagenome,ILLUMINA,2024-05-09T00:00:00Z,2024-05-09T21:51:00Z,1,OCUBMT041_pre,SRP506877
SRR28984331,AMPLICON,602,79601858,PRJNA1109929,SAMN41307433,Metagenome or environmental,47093524,"THE INSTITUTE OF MEDICAL SCIENCE, THE UNIVERSITY OF TOKYO",2021,public,"run.zq,sra,fastq","ncbi,gs,s3","gs.us-east1,ncbi.public,s3.us-east-1",SRX24513317,Japan,Asia,Japan,Homo sapiens,Illumina MiSeq,feces 251,34.646870 N 135.5067002 E,OCUBMT041_day14,PAIRED,PCR,METAGENOMIC,human metagenome,ILLUMINA,2024-05-09T00:00:00Z,2024-05-09T21:52:00Z,1,OCUBMT041_day14,SRP506877
SRR28984332,AMPLICON,602,80394090,PRJNA1109929,SAMN41307208,Metagenome or environmental,49639577,"THE INSTITUTE OF MEDICAL SCIENCE, THE UNIVERSITY OF TOKYO",2021,public,"sra,run.zq,fastq","gs,s3,ncbi","gs.us-east1,s3.us-east-1,ncbi.public",SRX24513316,Japan,Asia,Japan,Homo sapiens,Illumina MiSeq,feces 26,34.646870 N 135.5067002 E,OCUBMT006_pre,PAIRED,PCR,METAGENOMIC,human metagenome,ILLUMINA,2024-05-09T00:00:00Z,2024-05-09T21:51:00Z,1,OCUBMT006_pre,SRP506877
SRR28984333,AMPLICON,602,72814308,PRJNA1109929,SAMN41307431,Metagenome or environmental,45857699,"THE INSTITUTE OF MEDICAL SCIENCE, THE UNIVERSITY OF TOKYO",2021,public,"sra,run.zq,fastq","gs,s3,ncbi","gs.us-east1,s3.us-east-1,ncbi.public",SRX24513314,Japan,Asia,Japan,Homo sapiens,Illumina MiSeq,feces 249,34.646870 N 135.5067002 E,OCUBMT040_pre,PAIRED,PCR,METAGENOMIC,human metagenome,ILLUMINA,2024-05-09T00:00:00Z,2024-05-09T21:51:00Z,1,OCUBMT040_pre,SRP506877
SRR28984334,AMPLICON,602,57422974,PRJNA1109929,SAMN41307430,Metagenome or environmental,32979531,"THE INSTITUTE OF MEDICAL SCIENCE, THE UNIVERSITY OF TOKYO",2021,public,"sra,fastq,run.zq","gs,ncbi,s3","s3.us-east-1,ncbi.public,gs.us-east1",SRX24513313,Japan,Asia,Japan,Homo sapiens,Illumina MiSeq,feces 248,34.646870 N 135.5067002 E,OCUBMT040_day7,PAIRED,PCR,METAGENOMIC,human metagenome,ILLUMINA,2024-05-09T00:00:00Z,2024-05-09T22:23:00Z,1,OCUBMT040_day7,SRP506877
SRR28984335,AMPLICON,602,92510544,PRJNA1109929,SAMN41307429,Metagenome or environmental,53666089,"THE INSTITUTE OF MEDICAL SCIENCE, THE UNIVERSITY OF TOKYO",2021,public,"fastq,sra,run.zq","s3,gs,ncbi","gs.us-east1,s3.us-east-1,ncbi.public",SRX24513312,Japan,Asia,Japan,Homo sapiens,Illumina MiSeq,feces 247,34.646870 N 135.5067002 E,OCUBMT040_day56,PAIRED,PCR,METAGENOMIC,human metagenome,ILLUMINA,2024-05-09T00:00:00Z,2024-05-09T22:23:00Z,1,OCUBMT040_day56,SRP506877
SRR28984336,AMPLICON,602,77462350,PRJNA1109929,SAMN41307432,Metagenome or environmental,46510966,"THE INSTITUTE OF MEDICAL SCIENCE, THE UNIVERSITY OF TOKYO",2021,public,"fastq,run.zq,sra","ncbi,s3,gs","s3.us-east-1,ncbi.public,gs.us-east1",SRX24513315,Japan,Asia,Japan,Homo sapiens,Illumina MiSeq,feces 250,34.646870 N 135.5067002 E,OCUBMT041_day0,PAIRED,PCR,METAGENOMIC,human metagenome,ILLUMINA,2024-05-09T00:00:00Z,2024-05-09T21:51:00Z,1,OCUBMT041_day0,SRP506877
SRR28984337,AMPLICON,602,74000850,PRJNA1109929,SAMN41307428,Metagenome or environmental,43277509,"THE INSTITUTE OF MEDICAL SCIENCE, THE UNIVERSITY OF TOKYO",2021,public,"fastq,run.zq,sra","s3,gs,ncbi","ncbi.public,s3.us-east-1,gs.us-east1",SRX24513311,Japan,Asia,Japan,Homo sapiens,Illumina MiSeq,feces 246,34.646870 N 135.5067002 E,OCUBMT040_day49,PAIRED,PCR,METAGENOMIC,human metagenome,ILLUMINA,2024-05-09T00:00:00Z,2024-05-09T21:52:00Z,1,OCUBMT040_day49,SRP506877
SRR28984338,AMPLICON,602,65101484,PRJNA1109929,SAMN41307427,Metagenome or environmental,37092314,"THE INSTITUTE OF MEDICAL SCIENCE, THE UNIVERSITY OF TOKYO",2021,public,"run.zq,sra,fastq","gs,ncbi,s3","s3.us-east-1,gs.us-east1,ncbi.public",SRX24513310,Japan,Asia,Japan,Homo sapiens,Illumina MiSeq,feces 245,34.646870 N 135.5067002 E,OCUBMT040_day42,PAIRED,PCR,METAGENOMIC,human metagenome,ILLUMINA,2024-05-09T00:00:00Z,2024-05-09T21:51:00Z,1,OCUBMT040_day42,SRP506877
SRR28984339,AMPLICON,602,74439106,PRJNA1109929,SAMN41307426,Metagenome or environmental,42346519,"THE INSTITUTE OF MEDICAL SCIENCE, THE UNIVERSITY OF TOKYO",2021,public,"sra,run.zq,fastq","s3,ncbi,gs","s3.us-east-1,gs.us-east1,ncbi.public",SRX24513309,Japan,Asia,Japan,Homo sapiens,Illumina MiSeq,feces 244,34.646870 N 135.5067002 E,OCUBMT040_day35,PAIRED,PCR,METAGENOMIC,human metagenome,ILLUMINA,2024-05-09T00:00:00Z,2024-05-09T22:23:00Z,1,OCUBMT040_day35,SRP506877
SRR28984340,AMPLICON,602,65464490,PRJNA1109929,SAMN41307425,Metagenome or environmental,38416923,"THE INSTITUTE OF MEDICAL SCIENCE, THE UNIVERSITY OF TOKYO",2021,public,"sra,run.zq,fastq","gs,s3,ncbi","gs.us-east1,s3.us-east-1,ncbi.public",SRX24513308,Japan,Asia,Japan,Homo sapiens,Illumina MiSeq,feces 243,34.646870 N 135.5067002 E,OCUBMT040_day28,PAIRED,PCR,METAGENOMIC,human metagenome,ILLUMINA,2024-05-09T00:00:00Z,2024-05-09T22:24:00Z,1,OCUBMT040_day28,SRP506877
SRR28984341,AMPLICON,602,99773072,PRJNA1109929,SAMN41307423,Metagenome or environmental,57053261,"THE INSTITUTE OF MEDICAL SCIENCE, THE UNIVERSITY OF TOKYO",2021,public,"run.zq,fastq,sra","ncbi,s3,gs","ncbi.public,s3.us-east-1,gs.us-east1",SRX24513306,Japan,Asia,Japan,Homo sapiens,Illumina MiSeq,feces 241,34.646870 N 135.5067002 E,OCUBMT040_day14,PAIRED,PCR,METAGENOMIC,human metagenome,ILLUMINA,2024-05-09T00:00:00Z,2024-05-09T21:52:00Z,1,OCUBMT040_day14,SRP506877
SRR28984342,AMPLICON,602,81583040,PRJNA1109929,SAMN41307207,Metagenome or environmental,49974644,"THE INSTITUTE OF MEDICAL SCIENCE, THE UNIVERSITY OF TOKYO",2021,public,"sra,run.zq,fastq","ncbi,gs,s3","gs.us-east1,s3.us-east-1,ncbi.public",SRX24513305,Japan,Asia,Japan,Homo sapiens,Illumina MiSeq,feces 25,34.646870 N 135.5067002 E,OCUBMT006_day0,PAIRED,PCR,METAGENOMIC,human metagenome,ILLUMINA,2024-05-09T00:00:00Z,2024-05-09T22:23:00Z,1,OCUBMT006_day0,SRP506877
SRR28984343,AMPLICON,602,74139310,PRJNA1109929,SAMN41307422,Metagenome or environmental,45175987,"THE INSTITUTE OF MEDICAL SCIENCE, THE UNIVERSITY OF TOKYO",2021,public,"run.zq,fastq,sra","s3,ncbi,gs","ncbi.public,gs.us-east1,s3.us-east-1",SRX24513304,Japan,Asia,Japan,Homo sapiens,Illumina MiSeq,feces 240,34.646870 N 135.5067002 E,OCUBMT040_day0,PAIRED,PCR,METAGENOMIC,human metagenome,ILLUMINA,2024-05-09T00:00:00Z,2024-05-09T21:51:00Z,1,OCUBMT040_day0,SRP506877
SRR28984344,AMPLICON,602,78191372,PRJNA1109929,SAMN41307424,Metagenome or environmental,44539164,"THE INSTITUTE OF MEDICAL SCIENCE, THE UNIVERSITY OF TOKYO",2021,public,"fastq,run.zq,sra","s3,gs,ncbi","s3.us-east-1,gs.us-east1,ncbi.public",SRX24513307,Japan,Asia,Japan,Homo sapiens,Illumina MiSeq,feces 242,34.646870 N 135.5067002 E,OCUBMT040_day21,PAIRED,PCR,METAGENOMIC,human metagenome,ILLUMINA,2024-05-09T00:00:00Z,2024-05-09T21:51:00Z,1,OCUBMT040_day21,SRP506877
SRR28984345,AMPLICON,602,76180090,PRJNA1109929,SAMN41307421,Metagenome or environmental,47689589,"THE INSTITUTE OF MEDICAL SCIENCE, THE UNIVERSITY OF TOKYO",2021,public,"fastq,run.zq,sra","ncbi,s3,gs","ncbi.public,gs.us-east1,s3.us-east-1",SRX24513303,Japan,Asia,Japan,Homo sapiens,Illumina MiSeq,feces 239,34.646870 N 135.5067002 E,OCUBMT039_pre,PAIRED,PCR,METAGENOMIC,human metagenome,ILLUMINA,2024-05-09T00:00:00Z,2024-05-09T21:51:00Z,1,OCUBMT039_pre,SRP506877
SRR28984346,AMPLICON,602,99228262,PRJNA1109929,SAMN41307420,Metagenome or environmental,62243798,"THE INSTITUTE OF MEDICAL SCIENCE, THE UNIVERSITY OF TOKYO",2021,public,"run.zq,sra,fastq","ncbi,gs,s3","gs.us-east1,ncbi.public,s3.us-east-1",SRX24513302,Japan,Asia,Japan,Homo sapiens,Illumina MiSeq,feces 238,34.646870 N 135.5067002 E,OCUBMT039_day7,PAIRED,PCR,METAGENOMIC,human metagenome,ILLUMINA,2024-05-09T00:00:00Z,2024-05-09T22:22:00Z,1,OCUBMT039_day7,SRP506877
SRR28984347,AMPLICON,602,85131830,PRJNA1109929,SAMN41307419,Metagenome or environmental,52275015,"THE INSTITUTE OF MEDICAL SCIENCE, THE UNIVERSITY OF TOKYO",2021,public,"run.zq,fastq,sra","gs,ncbi,s3","gs.us-east1,s3.us-east-1,ncbi.public",SRX24513301,Japan,Asia,Japan,Homo sapiens,Illumina MiSeq,feces 237,34.646870 N 135.5067002 E,OCUBMT039_day42,PAIRED,PCR,METAGENOMIC,human metagenome,ILLUMINA,2024-05-09T00:00:00Z,2024-05-09T21:51:00Z,1,OCUBMT039_day42,SRP506877
SRR28984348,AMPLICON,602,84093982,PRJNA1109929,SAMN41307418,Metagenome or environmental,51331355,"THE INSTITUTE OF MEDICAL SCIENCE, THE UNIVERSITY OF TOKYO",2021,public,"run.zq,fastq,sra","gs,s3,ncbi","s3.us-east-1,gs.us-east1,ncbi.public",SRX24513300,Japan,Asia,Japan,Homo sapiens,Illumina MiSeq,feces 236,34.646870 N 135.5067002 E,OCUBMT039_day35,PAIRED,PCR,METAGENOMIC,human metagenome,ILLUMINA,2024-05-09T00:00:00Z,2024-05-09T22:23:00Z,1,OCUBMT039_day35,SRP506877
SRR28984349,AMPLICON,602,81820830,PRJNA1109929,SAMN41307417,Metagenome or environmental,48005674,"THE INSTITUTE OF MEDICAL SCIENCE, THE UNIVERSITY OF TOKYO",2021,public,"run.zq,sra,fastq","ncbi,gs,s3","gs.us-east1,ncbi.public,s3.us-east-1",SRX24513299,Japan,Asia,Japan,Homo sapiens,Illumina MiSeq,feces 235,34.646870 N 135.5067002 E,OCUBMT039_day28,PAIRED,PCR,METAGENOMIC,human metagenome,ILLUMINA,2024-05-09T00:00:00Z,2024-05-09T22:23:00Z,1,OCUBMT039_day28,SRP506877
SRR28984350,AMPLICON,602,98001386,PRJNA1109929,SAMN41307416,Metagenome or environmental,56737406,"THE INSTITUTE OF MEDICAL SCIENCE, THE UNIVERSITY OF TOKYO",2021,public,"sra,run.zq,fastq","gs,ncbi,s3","gs.us-east1,ncbi.public,s3.us-east-1",SRX24513298,Japan,Asia,Japan,Homo sapiens,Illumina MiSeq,feces 234,34.646870 N 135.5067002 E,OCUBMT039_day21,PAIRED,PCR,METAGENOMIC,human metagenome,ILLUMINA,2024-05-09T00:00:00Z,2024-05-09T21:51:00Z,1,OCUBMT039_day21,SRP506877
SRR28984351,AMPLICON,602,80025064,PRJNA1109929,SAMN41307415,Metagenome or environmental,49978094,"THE INSTITUTE OF MEDICAL SCIENCE, THE UNIVERSITY OF TOKYO",2021,public,"sra,run.zq,fastq","gs,ncbi,s3","gs.us-east1,ncbi.public,s3.us-east-1",SRX24513297,Japan,Asia,Japan,Homo sapiens,Illumina MiSeq,feces 233,34.646870 N 135.5067002 E,OCUBMT039_day14,PAIRED,PCR,METAGENOMIC,human metagenome,ILLUMINA,2024-05-09T00:00:00Z,2024-05-09T21:51:00Z,1,OCUBMT039_day14,SRP506877
SRR28984352,AMPLICON,602,77392518,PRJNA1109929,SAMN41307414,Metagenome or environmental,48433734,"THE INSTITUTE OF MEDICAL SCIENCE, THE UNIVERSITY OF TOKYO",2021,public,"run.zq,fastq,sra","gs,s3,ncbi","ncbi.public,s3.us-east-1,gs.us-east1",SRX24513296,Japan,Asia,Japan,Homo sapiens,Illumina MiSeq,feces 232,34.646870 N 135.5067002 E,OCUBMT039_day0,PAIRED,PCR,METAGENOMIC,human metagenome,ILLUMINA,2024-05-09T00:00:00Z,2024-05-09T21:51:00Z,1,OCUBMT039_day0,SRP506877
SRR28984353,AMPLICON,602,90396320,PRJNA1109929,SAMN41307413,Metagenome or environmental,55244688,"THE INSTITUTE OF MEDICAL SCIENCE, THE UNIVERSITY OF TOKYO",2021,public,"run.zq,fastq,sra","ncbi,gs,s3","s3.us-east-1,gs.us-east1,ncbi.public",SRX24513295,Japan,Asia,Japan,Homo sapiens,Illumina MiSeq,feces 231,34.646870 N 135.5067002 E,OCUBMT038_pre,PAIRED,PCR,METAGENOMIC,human metagenome,ILLUMINA,2024-05-09T00:00:00Z,2024-05-09T21:52:00Z,1,OCUBMT038_pre,SRP506877
SRR28984354,AMPLICON,599,36127271,PRJNA1109929,SAMN41307204,Metagenome or environmental,18541414,"THE INSTITUTE OF MEDICAL SCIENCE, THE UNIVERSITY OF TOKYO",2021,public,"fastq,run.zq,sra","ncbi,gs,s3","gs.us-east1,ncbi.public,s3.us-east-1",SRX24513293,Japan,Asia,Japan,Homo sapiens,Illumina MiSeq,feces 22,34.646870 N 135.5067002 E,OCUBMT005_day7,PAIRED,PCR,METAGENOMIC,human metagenome,ILLUMINA,2024-05-09T00:00:00Z,2024-05-09T21:52:00Z,1,OCUBMT005_day7,SRP506877
SRR28984355,AMPLICON,602,110430278,PRJNA1109929,SAMN41307392,Metagenome or environmental,66059890,"THE INSTITUTE OF MEDICAL SCIENCE, THE UNIVERSITY OF TOKYO",2021,public,"sra,fastq,run.zq","ncbi,s3,gs","ncbi.public,gs.us-east1,s3.us-east-1",SRX24513292,Japan,Asia,Japan,Homo sapiens,Illumina MiSeq,feces 210,34.646870 N 135.5067002 E,OCUBMT035_day42,PAIRED,PCR,METAGENOMIC,human metagenome,ILLUMINA,2024-05-09T00:00:00Z,2024-05-09T21:52:00Z,1,OCUBMT035_day42,SRP506877
SRR28984356,AMPLICON,602,89398204,PRJNA1109929,SAMN41307391,Metagenome or environmental,54423645,"THE INSTITUTE OF MEDICAL SCIENCE, THE UNIVERSITY OF TOKYO",2021,public,"sra,fastq,run.zq","s3,gs,ncbi","s3.us-east-1,ncbi.public,gs.us-east1",SRX24513291,Japan,Asia,Japan,Homo sapiens,Illumina MiSeq,feces 209,34.646870 N 135.5067002 E,OCUBMT035_day35,PAIRED,PCR,METAGENOMIC,human metagenome,ILLUMINA,2024-05-09T00:00:00Z,2024-05-09T21:51:00Z,1,OCUBMT035_day35,SRP506877
SRR28984357,AMPLICON,602,50689002,PRJNA1109929,SAMN41307390,Metagenome or environmental,30887317,"THE INSTITUTE OF MEDICAL SCIENCE, THE UNIVERSITY OF TOKYO",2021,public,"run.zq,fastq,sra","gs,s3,ncbi","gs.us-east1,s3.us-east-1,ncbi.public",SRX24513290,Japan,Asia,Japan,Homo sapiens,Illumina MiSeq,feces 208,34.646870 N 135.5067002 E,OCUBMT035_day0,PAIRED,PCR,METAGENOMIC,human metagenome,ILLUMINA,2024-05-09T00:00:00Z,2024-05-09T21:51:00Z,1,OCUBMT035_day0,SRP506877
SRR28984358,AMPLICON,602,77176400,PRJNA1109929,SAMN41307389,Metagenome or environmental,44355149,"THE INSTITUTE OF MEDICAL SCIENCE, THE UNIVERSITY OF TOKYO",2021,public,"run.zq,sra,fastq","gs,ncbi,s3","s3.us-east-1,gs.us-east1,ncbi.public",SRX24513289,Japan,Asia,Japan,Homo sapiens,Illumina MiSeq,feces 207,34.646870 N 135.5067002 E,OCUBMT034_pre,PAIRED,PCR,METAGENOMIC,human metagenome,ILLUMINA,2024-05-09T00:00:00Z,2024-05-09T21:51:00Z,1,OCUBMT034_pre,SRP506877
SRR28984359,AMPLICON,602,59575124,PRJNA1109929,SAMN41307388,Metagenome or environmental,35929729,"THE INSTITUTE OF MEDICAL SCIENCE, THE UNIVERSITY OF TOKYO",2021,public,"sra,run.zq,fastq","s3,ncbi,gs","gs.us-east1,s3.us-east-1,ncbi.public",SRX24513288,Japan,Asia,Japan,Homo sapiens,Illumina MiSeq,feces 206,34.646870 N 135.5067002 E,OCUBMT034_day63,PAIRED,PCR,METAGENOMIC,human metagenome,ILLUMINA,2024-05-09T00:00:00Z,2024-05-09T21:51:00Z,1,OCUBMT034_day63,SRP506877
SRR28984360,AMPLICON,602,50190546,PRJNA1109929,SAMN41307387,Metagenome or environmental,29960618,"THE INSTITUTE OF MEDICAL SCIENCE, THE UNIVERSITY OF TOKYO",2021,public,"sra,fastq,run.zq","s3,gs,ncbi","s3.us-east-1,ncbi.public,gs.us-east1",SRX24513287,Japan,Asia,Japan,Homo sapiens,Illumina MiSeq,feces 205,34.646870 N 135.5067002 E,OCUBMT034_day56,PAIRED,PCR,METAGENOMIC,human metagenome,ILLUMINA,2024-05-09T00:00:00Z,2024-05-09T21:51:00Z,1,OCUBMT034_day56,SRP506877
SRR28984361,AMPLICON,602,82983292,PRJNA1109929,SAMN41307385,Metagenome or environmental,47027837,"THE INSTITUTE OF MEDICAL SCIENCE, THE UNIVERSITY OF TOKYO",2021,public,"run.zq,fastq,sra","ncbi,gs,s3","gs.us-east1,s3.us-east-1,ncbi.public",SRX24513285,Japan,Asia,Japan,Homo sapiens,Illumina MiSeq,feces 203,34.646870 N 135.5067002 E,OCUBMT034_day42,PAIRED,PCR,METAGENOMIC,human metagenome,ILLUMINA,2024-05-09T00:00:00Z,2024-05-09T21:51:00Z,1,OCUBMT034_day42,SRP506877
SRR28984362,AMPLICON,602,83951308,PRJNA1109929,SAMN41307384,Metagenome or environmental,46810831,"THE INSTITUTE OF MEDICAL SCIENCE, THE UNIVERSITY OF TOKYO",2021,public,"run.zq,sra,fastq","s3,ncbi,gs","ncbi.public,gs.us-east1,s3.us-east-1",SRX24513284,Japan,Asia,Japan,Homo sapiens,Illumina MiSeq,feces 202,34.646870 N 135.5067002 E,OCUBMT034_day35,PAIRED,PCR,METAGENOMIC,human metagenome,ILLUMINA,2024-05-09T00:00:00Z,2024-05-09T21:51:00Z,1,OCUBMT034_day35,SRP506877
SRR28984363,AMPLICON,602,54208294,PRJNA1109929,SAMN41307383,Metagenome or environmental,29878926,"THE INSTITUTE OF MEDICAL SCIENCE, THE UNIVERSITY OF TOKYO",2021,public,"fastq,sra,run.zq","gs,s3,ncbi","ncbi.public,s3.us-east-1,gs.us-east1",SRX24513283,Japan,Asia,Japan,Homo sapiens,Illumina MiSeq,feces 201,34.646870 N 135.5067002 E,OCUBMT034_day28,PAIRED,PCR,METAGENOMIC,human metagenome,ILLUMINA,2024-05-09T00:00:00Z,2024-05-09T21:51:00Z,1,OCUBMT034_day28,SRP506877
SRR28984364,AMPLICON,602,85756104,PRJNA1109929,SAMN41307386,Metagenome or environmental,48377228,"THE INSTITUTE OF MEDICAL SCIENCE, THE UNIVERSITY OF TOKYO",2021,public,"sra,run.zq,fastq","gs,ncbi,s3","ncbi.public,s3.us-east-1,gs.us-east1",SRX24513286,Japan,Asia,Japan,Homo sapiens,Illumina MiSeq,feces 204,34.646870 N 135.5067002 E,OCUBMT034_day49,PAIRED,PCR,METAGENOMIC,human metagenome,ILLUMINA,2024-05-09T00:00:00Z,2024-05-09T21:52:00Z,1,OCUBMT034_day49,SRP506877
SRR28984365,AMPLICON,602,78972768,PRJNA1109929,SAMN41307203,Metagenome or environmental,43748159,"THE INSTITUTE OF MEDICAL SCIENCE, THE UNIVERSITY OF TOKYO",2021,public,"run.zq,sra,fastq","s3,gs,ncbi","gs.us-east1,s3.us-east-1,ncbi.public",SRX24513282,Japan,Asia,Japan,Homo sapiens,Illumina MiSeq,feces 21,34.646870 N 135.5067002 E,OCUBMT005_day56,PAIRED,PCR,METAGENOMIC,human metagenome,ILLUMINA,2024-05-09T00:00:00Z,2024-05-09T21:51:00Z,1,OCUBMT005_day56,SRP506877
SRR28984366,AMPLICON,600,25251874,PRJNA1109929,SAMN41307185,Metagenome or environmental,13276265,"THE INSTITUTE OF MEDICAL SCIENCE, THE UNIVERSITY OF TOKYO",2021,public,"fastq,run.zq,sra","ncbi,gs,s3","gs.us-east1,s3.us-east-1,ncbi.public",SRX24513281,Japan,Asia,Japan,Homo sapiens,Illumina MiSeq,feces 3,34.646870 N 135.5067002 E,OCUBMT001_day21,PAIRED,PCR,METAGENOMIC,human metagenome,ILLUMINA,2024-05-09T00:00:00Z,2024-05-09T21:51:00Z,1,OCUBMT001_day21,SRP506877
SRR28984367,AMPLICON,602,102361070,PRJNA1109929,SAMN41307382,Metagenome or environmental,60535349,"THE INSTITUTE OF MEDICAL SCIENCE, THE UNIVERSITY OF TOKYO",2021,public,"sra,run.zq,fastq","gs,s3,ncbi","gs.us-east1,s3.us-east-1,ncbi.public",SRX24513280,Japan,Asia,Japan,Homo sapiens,Illumina MiSeq,feces 200,34.646870 N 135.5067002 E,OCUBMT034_day21,PAIRED,PCR,METAGENOMIC,human metagenome,ILLUMINA,2024-05-09T00:00:00Z,2024-05-09T21:51:00Z,1,OCUBMT034_day21,SRP506877
SRR28984368,AMPLICON,602,69240234,PRJNA1109929,SAMN41307381,Metagenome or environmental,40658801,"THE INSTITUTE OF MEDICAL SCIENCE, THE UNIVERSITY OF TOKYO",2021,public,"fastq,sra,run.zq","ncbi,s3,gs","gs.us-east1,ncbi.public,s3.us-east-1",SRX24513279,Japan,Asia,Japan,Homo sapiens,Illumina MiSeq,feces 199,34.646870 N 135.5067002 E,OCUBMT034_day0,PAIRED,PCR,METAGENOMIC,human metagenome,ILLUMINA,2024-05-09T00:00:00Z,2024-05-09T21:52:00Z,1,OCUBMT034_day0,SRP506877
SRR28984369,AMPLICON,602,70713930,PRJNA1109929,SAMN41307379,Metagenome or environmental,41811548,"THE INSTITUTE OF MEDICAL SCIENCE, THE UNIVERSITY OF TOKYO",2021,public,"fastq,sra,run.zq","ncbi,s3,gs","s3.us-east-1,ncbi.public,gs.us-east1",SRX24513277,Japan,Asia,Japan,Homo sapiens,Illumina MiSeq,feces 197,34.646870 N 135.5067002 E,OCUBMT032_day7,PAIRED,PCR,METAGENOMIC,human metagenome,ILLUMINA,2024-05-09T00:00:00Z,2024-05-09T21:51:00Z,1,OCUBMT032_day7,SRP506877
SRR28984370,AMPLICON,602,56868532,PRJNA1109929,SAMN41307378,Metagenome or environmental,31671209,"THE INSTITUTE OF MEDICAL SCIENCE, THE UNIVERSITY OF TOKYO",2021,public,"fastq,sra,run.zq","gs,s3,ncbi","gs.us-east1,s3.us-east-1,ncbi.public",SRX24513276,Japan,Asia,Japan,Homo sapiens,Illumina MiSeq,feces 196,34.646870 N 135.5067002 E,OCUBMT032_day35,PAIRED,PCR,METAGENOMIC,human metagenome,ILLUMINA,2024-05-09T00:00:00Z,2024-05-09T21:52:00Z,1,OCUBMT032_day35,SRP506877
SRR28984371,AMPLICON,602,82211528,PRJNA1109929,SAMN41307377,Metagenome or environmental,46259582,"THE INSTITUTE OF MEDICAL SCIENCE, THE UNIVERSITY OF TOKYO",2021,public,"fastq,sra,run.zq","ncbi,s3,gs","s3.us-east-1,gs.us-east1,ncbi.public",SRX24513275,Japan,Asia,Japan,Homo sapiens,Illumina MiSeq,feces 195,34.646870 N 135.5067002 E,OCUBMT032_day28,PAIRED,PCR,METAGENOMIC,human metagenome,ILLUMINA,2024-05-09T00:00:00Z,2024-05-09T21:51:00Z,1,OCUBMT032_day28,SRP506877
SRR28984372,AMPLICON,602,75301170,PRJNA1109929,SAMN41307380,Metagenome or environmental,45369061,"THE INSTITUTE OF MEDICAL SCIENCE, THE UNIVERSITY OF TOKYO",2021,public,"fastq,sra,run.zq","s3,ncbi,gs","ncbi.public,s3.us-east-1,gs.us-east1",SRX24513278,Japan,Asia,Japan,Homo sapiens,Illumina MiSeq,feces 198,34.646870 N 135.5067002 E,OCUBMT032_pre,PAIRED,PCR,METAGENOMIC,human metagenome,ILLUMINA,2024-05-09T00:00:00Z,2024-05-09T21:51:00Z,1,OCUBMT032_pre,SRP506877
SRR28984373,AMPLICON,602,68282452,PRJNA1109929,SAMN41307376,Metagenome or environmental,37247110,"THE INSTITUTE OF MEDICAL SCIENCE, THE UNIVERSITY OF TOKYO",2021,public,"fastq,sra,run.zq","s3,ncbi,gs","s3.us-east-1,ncbi.public,gs.us-east1",SRX24513274,Japan,Asia,Japan,Homo sapiens,Illumina MiSeq,feces 194,34.646870 N 135.5067002 E,OCUBMT032_day21,PAIRED,PCR,METAGENOMIC,human metagenome,ILLUMINA,2024-05-09T00:00:00Z,2024-05-09T21:51:00Z,1,OCUBMT032_day21,SRP506877
SRR28984374,AMPLICON,602,71315328,PRJNA1109929,SAMN41307375,Metagenome or environmental,38563570,"THE INSTITUTE OF MEDICAL SCIENCE, THE UNIVERSITY OF TOKYO",2021,public,"sra,run.zq,fastq","s3,gs,ncbi","ncbi.public,gs.us-east1,s3.us-east-1",SRX24512999,Japan,Asia,Japan,Homo sapiens,Illumina MiSeq,feces 193,34.646870 N 135.5067002 E,OCUBMT032_day14,PAIRED,PCR,METAGENOMIC,human metagenome,ILLUMINA,2024-05-09T00:00:00Z,2024-05-09T21:51:00Z,1,OCUBMT032_day14,SRP506877
SRR28984375,AMPLICON,602,81064116,PRJNA1109929,SAMN41307263,Metagenome or environmental,44591073,"THE INSTITUTE OF MEDICAL SCIENCE, THE UNIVERSITY OF TOKYO",2021,public,"run.zq,fastq,sra","gs,s3,ncbi","s3.us-east-1,gs.us-east1,ncbi.public",SRX24513272,Japan,Asia,Japan,Homo sapiens,Illumina MiSeq,feces 81,34.646870 N 135.5067002 E,OCUBMT015_day49,PAIRED,PCR,METAGENOMIC,human metagenome,ILLUMINA,2024-05-09T00:00:00Z,2024-05-09T21:51:00Z,1,OCUBMT015_day49,SRP506877
SRR28984376,AMPLICON,600,18656650,PRJNA1109929,SAMN41307191,Metagenome or environmental,10272584,"THE INSTITUTE OF MEDICAL SCIENCE, THE UNIVERSITY OF TOKYO",2021,public,"fastq,run.zq,sra","ncbi,s3,gs","s3.us-east-1,gs.us-east1,ncbi.public",SRX24513271,Japan,Asia,Japan,Homo sapiens,Illumina MiSeq,feces 9,34.646870 N 135.5067002 E,OCUBMT002_day21,PAIRED,PCR,METAGENOMIC,human metagenome,ILLUMINA,2024-05-09T00:00:00Z,2024-05-09T21:51:00Z,1,OCUBMT002_day21,SRP506877
SRR28984377,AMPLICON,583,44371297,PRJNA1109929,SAMN41307262,Metagenome or environmental,24034308,"THE INSTITUTE OF MEDICAL SCIENCE, THE UNIVERSITY OF TOKYO",2021,public,"sra,run.zq,fastq","gs,ncbi,s3","s3.us-east-1,ncbi.public,gs.us-east1",SRX24513270,Japan,Asia,Japan,Homo sapiens,Illumina MiSeq,feces 80,34.646870 N 135.5067002 E,OCUBMT015_day42,PAIRED,PCR,METAGENOMIC,human metagenome,ILLUMINA,2024-05-09T00:00:00Z,2024-05-09T21:51:00Z,1,OCUBMT015_day42,SRP506877
SRR28984378,AMPLICON,602,55234102,PRJNA1109929,SAMN41307264,Metagenome or environmental,29977445,"THE INSTITUTE OF MEDICAL SCIENCE, THE UNIVERSITY OF TOKYO",2021,public,"sra,fastq,run.zq","s3,gs,ncbi","ncbi.public,s3.us-east-1,gs.us-east1",SRX24513273,Japan,Asia,Japan,Homo sapiens,Illumina MiSeq,feces 82,34.646870 N 135.5067002 E,OCUBMT015_day56,PAIRED,PCR,METAGENOMIC,human metagenome,ILLUMINA,2024-05-09T00:00:00Z,2024-05-09T21:51:00Z,1,OCUBMT015_day56,SRP506877
SRR28984379,AMPLICON,595,22753781,PRJNA1109929,SAMN41307261,Metagenome or environmental,12309633,"THE INSTITUTE OF MEDICAL SCIENCE, THE UNIVERSITY OF TOKYO",2021,public,"fastq,run.zq,sra","gs,s3,ncbi","gs.us-east1,ncbi.public,s3.us-east-1",SRX24513269,Japan,Asia,Japan,Homo sapiens,Illumina MiSeq,feces 79,34.646870 N 135.5067002 E,OCUBMT015_day35,PAIRED,PCR,METAGENOMIC,human metagenome,ILLUMINA,2024-05-09T00:00:00Z,2024-05-09T21:51:00Z,1,OCUBMT015_day35,SRP506877
SRR28984380,AMPLICON,600,26054003,PRJNA1109929,SAMN41307260,Metagenome or environmental,14003324,"THE INSTITUTE OF MEDICAL SCIENCE, THE UNIVERSITY OF TOKYO",2021,public,"sra,fastq,run.zq","s3,gs,ncbi","s3.us-east-1,ncbi.public,gs.us-east1",SRX24513268,Japan,Asia,Japan,Homo sapiens,Illumina MiSeq,feces 78,34.646870 N 135.5067002 E,OCUBMT015_day14,PAIRED,PCR,METAGENOMIC,human metagenome,ILLUMINA,2024-05-09T00:00:00Z,2024-05-09T22:22:00Z,1,OCUBMT015_day14,SRP506877
SRR28984381,AMPLICON,602,62083056,PRJNA1109929,SAMN41307259,Metagenome or environmental,36677082,"THE INSTITUTE OF MEDICAL SCIENCE, THE UNIVERSITY OF TOKYO",2021,public,"run.zq,fastq,sra","s3,gs,ncbi","ncbi.public,s3.us-east-1,gs.us-east1",SRX24513267,Japan,Asia,Japan,Homo sapiens,Illumina MiSeq,feces 77,34.646870 N 135.5067002 E,OCUBMT015_day0,PAIRED,PCR,METAGENOMIC,human metagenome,ILLUMINA,2024-05-09T00:00:00Z,2024-05-09T21:51:00Z,1,OCUBMT015_day0,SRP506877
SRR28984382,AMPLICON,600,17829570,PRJNA1109929,SAMN41307258,Metagenome or environmental,9528011,"THE INSTITUTE OF MEDICAL SCIENCE, THE UNIVERSITY OF TOKYO",2021,public,"sra,run.zq,fastq","s3,ncbi,gs","s3.us-east-1,ncbi.public,gs.us-east1",SRX24513266,Japan,Asia,Japan,Homo sapiens,Illumina MiSeq,feces 76,34.646870 N 135.5067002 E,OCUBMT013_pre,PAIRED,PCR,METAGENOMIC,human metagenome,ILLUMINA,2024-05-09T00:00:00Z,2024-05-09T21:51:00Z,1,OCUBMT013_pre,SRP506877
SRR28984383,AMPLICON,578,14687970,PRJNA1109929,SAMN41307256,Metagenome or environmental,7789440,"THE INSTITUTE OF MEDICAL SCIENCE, THE UNIVERSITY OF TOKYO",2021,public,"fastq,run.zq,sra","s3,gs,ncbi","s3.us-east-1,gs.us-east1,ncbi.public",SRX24513264,Japan,Asia,Japan,Homo sapiens,Illumina MiSeq,feces 74,34.646870 N 135.5067002 E,OCUBMT013_day35,PAIRED,PCR,METAGENOMIC,human metagenome,ILLUMINA,2024-05-09T00:00:00Z,2024-05-09T21:51:00Z,1,OCUBMT013_day35,SRP506877
SRR28984384,AMPLICON,600,17510760,PRJNA1109929,SAMN41307255,Metagenome or environmental,9323396,"THE INSTITUTE OF MEDICAL SCIENCE, THE UNIVERSITY OF TOKYO",2021,public,"sra,fastq,run.zq","gs,ncbi,s3","gs.us-east1,s3.us-east-1,ncbi.public",SRX24513263,Japan,Asia,Japan,Homo sapiens,Illumina MiSeq,feces 73,34.646870 N 135.5067002 E,OCUBMT013_day28,PAIRED,PCR,METAGENOMIC,human metagenome,ILLUMINA,2024-05-09T00:00:00Z,2024-05-09T21:51:00Z,1,OCUBMT013_day28,SRP506877
SRR28984385,AMPLICON,600,22409852,PRJNA1109929,SAMN41307254,Metagenome or environmental,12146536,"THE INSTITUTE OF MEDICAL SCIENCE, THE UNIVERSITY OF TOKYO",2021,public,"fastq,sra,run.zq","gs,s3,ncbi","ncbi.public,gs.us-east1,s3.us-east-1",SRX24513262,Japan,Asia,Japan,Homo sapiens,Illumina MiSeq,feces 72,34.646870 N 135.5067002 E,OCUBMT013_day21,PAIRED,PCR,METAGENOMIC,human metagenome,ILLUMINA,2024-05-09T00:00:00Z,2024-05-09T21:51:00Z,1,OCUBMT013_day21,SRP506877
SRR28984386,AMPLICON,600,19660656,PRJNA1109929,SAMN41307257,Metagenome or environmental,10528139,"THE INSTITUTE OF MEDICAL SCIENCE, THE UNIVERSITY OF TOKYO",2021,public,"run.zq,fastq,sra","gs,s3,ncbi","ncbi.public,gs.us-east1,s3.us-east-1",SRX24513265,Japan,Asia,Japan,Homo sapiens,Illumina MiSeq,feces 75,34.646870 N 135.5067002 E,OCUBMT013_day7,PAIRED,PCR,METAGENOMIC,human metagenome,ILLUMINA,2024-05-09T00:00:00Z,2024-05-09T21:51:00Z,1,OCUBMT013_day7,SRP506877
SRR28984387,AMPLICON,599,19096474,PRJNA1109929,SAMN41307253,Metagenome or environmental,10190800,"THE INSTITUTE OF MEDICAL SCIENCE, THE UNIVERSITY OF TOKYO",2021,public,"run.zq,fastq,sra","s3,gs,ncbi","ncbi.public,s3.us-east-1,gs.us-east1",SRX24513261,Japan,Asia,Japan,Homo sapiens,Illumina MiSeq,feces 71,34.646870 N 135.5067002 E,OCUBMT013_day14,PAIRED,PCR,METAGENOMIC,human metagenome,ILLUMINA,2024-05-09T00:00:00Z,2024-05-09T21:51:00Z,1,OCUBMT013_day14,SRP506877
SRR28984388,AMPLICON,600,27534612,PRJNA1109929,SAMN41307190,Metagenome or environmental,14921731,"THE INSTITUTE OF MEDICAL SCIENCE, THE UNIVERSITY OF TOKYO",2021,public,"sra,run.zq,fastq","s3,ncbi,gs","gs.us-east1,s3.us-east-1,ncbi.public",SRX24513260,Japan,Asia,Japan,Homo sapiens,Illumina MiSeq,feces 8,34.646870 N 135.5067002 E,OCUBMT002_day14,PAIRED,PCR,METAGENOMIC,human metagenome,ILLUMINA,2024-05-09T00:00:00Z,2024-05-09T21:51:00Z,1,OCUBMT002_day14,SRP506877
SRR28984389,AMPLICON,600,72110474,PRJNA1109929,SAMN41307182,Metagenome or environmental,40379976,"THE INSTITUTE OF MEDICAL SCIENCE, THE UNIVERSITY OF TOKYO",2023,public,"run.zq,fastq,sra","s3,ncbi,gs","ncbi.public,s3.us-east-1,gs.us-east1",SRX24513259,Japan,Asia,Japan,Mus musculus,Illumina MiSeq,feces 384,34.646870 N 135.5067002 E,Patient062_pre_16,PAIRED,PCR,METAGENOMIC,mouse metagenome,ILLUMINA,2024-05-09T00:00:00Z,2024-05-09T21:51:00Z,1,Patient062_pre_16,SRP506877
SRR28984390,AMPLICON,600,69773554,PRJNA1109929,SAMN41307181,Metagenome or environmental,39177918,"THE INSTITUTE OF MEDICAL SCIENCE, THE UNIVERSITY OF TOKYO",2023,public,"sra,run.zq,fastq","ncbi,s3,gs","s3.us-east-1,ncbi.public,gs.us-east1",SRX24513258,Japan,Asia,Japan,Mus musculus,Illumina MiSeq,feces 383,34.646870 N 135.5067002 E,Patient062_pre_15,PAIRED,PCR,METAGENOMIC,mouse metagenome,ILLUMINA,2024-05-09T00:00:00Z,2024-05-09T21:52:00Z,1,Patient062_pre_15,SRP506877
SRR28984391,AMPLICON,599,75689993,PRJNA1109929,SAMN41307179,Metagenome or environmental,42492040,"THE INSTITUTE OF MEDICAL SCIENCE, THE UNIVERSITY OF TOKYO",2023,public,"sra,fastq,run.zq","s3,ncbi,gs","ncbi.public,gs.us-east1,s3.us-east-1",SRX24513256,Japan,Asia,Japan,Mus musculus,Illumina MiSeq,feces 381,34.646870 N 135.5067002 E,Patient062_pre_13,PAIRED,PCR,METAGENOMIC,mouse metagenome,ILLUMINA,2024-05-09T00:00:00Z,2024-05-09T21:51:00Z,1,Patient062_pre_13,SRP506877
SRR28984392,AMPLICON,600,80661379,PRJNA1109929,SAMN41307178,Metagenome or environmental,45213048,"THE INSTITUTE OF MEDICAL SCIENCE, THE UNIVERSITY OF TOKYO",2023,public,"fastq,run.zq,sra","gs,ncbi,s3","ncbi.public,gs.us-east1,s3.us-east-1",SRX24513255,Japan,Asia,Japan,Mus musculus,Illumina MiSeq,feces 380,34.646870 N 135.5067002 E,Patient062_pre_12,PAIRED,PCR,METAGENOMIC,mouse metagenome,ILLUMINA,2024-05-09T00:00:00Z,2024-05-09T21:51:00Z,1,Patient062_pre_12,SRP506877
SRR28984393,AMPLICON,600,57611825,PRJNA1109929,SAMN41307177,Metagenome or environmental,32330294,"THE INSTITUTE OF MEDICAL SCIENCE, THE UNIVERSITY OF TOKYO",2023,public,"sra,fastq,run.zq","ncbi,s3,gs","s3.us-east-1,gs.us-east1,ncbi.public",SRX24513254,Japan,Asia,Japan,Mus musculus,Illumina MiSeq,feces 379,34.646870 N 135.5067002 E,Patient062_pre_11,PAIRED,PCR,METAGENOMIC,mouse metagenome,ILLUMINA,2024-05-09T00:00:00Z,2024-05-09T21:51:00Z,1,Patient062_pre_11,SRP506877
SRR28984394,AMPLICON,600,76372135,PRJNA1109929,SAMN41307180,Metagenome or environmental,42476587,"THE INSTITUTE OF MEDICAL SCIENCE, THE UNIVERSITY OF TOKYO",2023,public,"run.zq,sra,fastq","ncbi,s3,gs","s3.us-east-1,gs.us-east1,ncbi.public",SRX24513257,Japan,Asia,Japan,Mus musculus,Illumina MiSeq,feces 382,34.646870 N 135.5067002 E,Patient062_pre_14,PAIRED,PCR,METAGENOMIC,mouse metagenome,ILLUMINA,2024-05-09T00:00:00Z,2024-05-09T21:52:00Z,1,Patient062_pre_14,SRP506877
SRR28984395,AMPLICON,600,64291144,PRJNA1109929,SAMN41307176,Metagenome or environmental,36208466,"THE INSTITUTE OF MEDICAL SCIENCE, THE UNIVERSITY OF TOKYO",2023,public,"run.zq,fastq,sra","gs,ncbi,s3","gs.us-east1,ncbi.public,s3.us-east-1",SRX24513253,Japan,Asia,Japan,Mus musculus,Illumina MiSeq,feces 378,34.646870 N 135.5067002 E,Patient062_pre_10,PAIRED,PCR,METAGENOMIC,mouse metagenome,ILLUMINA,2024-05-09T00:00:00Z,2024-05-09T21:52:00Z,1,Patient062_pre_10,SRP506877
SRR28984396,AMPLICON,600,60823396,PRJNA1109929,SAMN41307175,Metagenome or environmental,34268064,"THE INSTITUTE OF MEDICAL SCIENCE, THE UNIVERSITY OF TOKYO",2023,public,"fastq,run.zq,sra","ncbi,gs,s3","s3.us-east-1,ncbi.public,gs.us-east1",SRX24513635,Japan,Asia,Japan,Mus musculus,Illumina MiSeq,feces 377,34.646870 N 135.5067002 E,Patient062_pre_09,PAIRED,PCR,METAGENOMIC,mouse metagenome,ILLUMINA,2024-05-09T00:00:00Z,2024-05-09T21:51:00Z,1,Patient062_pre_09,SRP506877
SRR28984397,AMPLICON,600,69611613,PRJNA1109929,SAMN41307116,Metagenome or environmental,38828974,"THE INSTITUTE OF MEDICAL SCIENCE, THE UNIVERSITY OF TOKYO",2023,public,"sra,run.zq,fastq","ncbi,gs,s3","gs.us-east1,s3.us-east-1,ncbi.public",SRX24513251,Japan,Asia,Japan,Mus musculus,Illumina MiSeq,feces 318,34.646870 N 135.5067002 E,Patient043_pre_98,PAIRED,PCR,METAGENOMIC,mouse metagenome,ILLUMINA,2024-05-09T00:00:00Z,2024-05-09T21:51:00Z,1,Patient043_pre_98,SRP506877
SRR28984398,AMPLICON,600,74444165,PRJNA1109929,SAMN41307115,Metagenome or environmental,41252567,"THE INSTITUTE OF MEDICAL SCIENCE, THE UNIVERSITY OF TOKYO",2023,public,"sra,run.zq,fastq","s3,ncbi,gs","gs.us-east1,ncbi.public,s3.us-east-1",SRX24513250,Japan,Asia,Japan,Mus musculus,Illumina MiSeq,feces 317,34.646870 N 135.5067002 E,Patient043_pre_97,PAIRED,PCR,METAGENOMIC,mouse metagenome,ILLUMINA,2024-05-09T00:00:00Z,2024-05-09T21:51:00Z,1,Patient043_pre_97,SRP506877
SRR28984399,AMPLICON,602,67795434,PRJNA1109929,SAMN41307246,Metagenome or environmental,36962370,"THE INSTITUTE OF MEDICAL SCIENCE, THE UNIVERSITY OF TOKYO",2021,public,"fastq,sra,run.zq","ncbi,s3,gs","ncbi.public,gs.us-east1,s3.us-east-1",SRX24513248,Japan,Asia,Japan,Homo sapiens,Illumina MiSeq,feces 64,34.646870 N 135.5067002 E,OCUBMT012_day0,PAIRED,PCR,METAGENOMIC,human metagenome,ILLUMINA,2024-05-09T00:00:00Z,2024-05-09T21:51:00Z,1,OCUBMT012_day0,SRP506877
SRR28984400,AMPLICON,600,78175168,PRJNA1109929,SAMN41307113,Metagenome or environmental,43441795,"THE INSTITUTE OF MEDICAL SCIENCE, THE UNIVERSITY OF TOKYO",2023,public,"sra,run.zq,fastq","ncbi,s3,gs","gs.us-east1,s3.us-east-1,ncbi.public",SRX24513247,Japan,Asia,Japan,Mus musculus,Illumina MiSeq,feces 315,34.646870 N 135.5067002 E,Patient043_pre_95,PAIRED,PCR,METAGENOMIC,mouse metagenome,ILLUMINA,2024-05-09T00:00:00Z,2024-05-09T21:51:00Z,1,Patient043_pre_95,SRP506877
SRR28984401,AMPLICON,600,99794575,PRJNA1109929,SAMN41307112,Metagenome or environmental,55814632,"THE INSTITUTE OF MEDICAL SCIENCE, THE UNIVERSITY OF TOKYO",2023,public,"run.zq,fastq,sra","s3,gs,ncbi","gs.us-east1,s3.us-east-1,ncbi.public",SRX24513246,Japan,Asia,Japan,Mus musculus,Illumina MiSeq,feces 314,34.646870 N 135.5067002 E,Patient043_pre_94,PAIRED,PCR,METAGENOMIC,mouse metagenome,ILLUMINA,2024-05-09T00:00:00Z,2024-05-09T21:51:00Z,1,Patient043_pre_94,SRP506877
SRR28984402,AMPLICON,600,89350099,PRJNA1109929,SAMN41307114,Metagenome or environmental,49835751,"THE INSTITUTE OF MEDICAL SCIENCE, THE UNIVERSITY OF TOKYO",2023,public,"run.zq,sra,fastq","ncbi,gs,s3","s3.us-east-1,gs.us-east1,ncbi.public",SRX24513249,Japan,Asia,Japan,Mus musculus,Illumina MiSeq,feces 316,34.646870 N 135.5067002 E,Patient043_pre_96,PAIRED,PCR,METAGENOMIC,mouse metagenome,ILLUMINA,2024-05-09T00:00:00Z,2024-05-09T21:52:00Z,1,Patient043_pre_96,SRP506877
SRR28984403,AMPLICON,600,93053384,PRJNA1109929,SAMN41307111,Metagenome or environmental,52184433,"THE INSTITUTE OF MEDICAL SCIENCE, THE UNIVERSITY OF TOKYO",2023,public,"run.zq,sra,fastq","s3,ncbi,gs","gs.us-east1,ncbi.public,s3.us-east-1",SRX24513245,Japan,Asia,Japan,Mus musculus,Illumina MiSeq,feces 313,34.646870 N 135.5067002 E,Patient043_pre_93,PAIRED,PCR,METAGENOMIC,mouse metagenome,ILLUMINA,2024-05-09T00:00:00Z,2024-05-09T21:52:00Z,1,Patient043_pre_93,SRP506877
SRR28984404,AMPLICON,600,68144902,PRJNA1109929,SAMN41307110,Metagenome or environmental,37876922,"THE INSTITUTE OF MEDICAL SCIENCE, THE UNIVERSITY OF TOKYO",2023,public,"run.zq,fastq,sra","gs,ncbi,s3","ncbi.public,gs.us-east1,s3.us-east-1",SRX24513244,Japan,Asia,Japan,Mus musculus,Illumina MiSeq,feces 312,34.646870 N 135.5067002 E,Patient043_pre_92,PAIRED,PCR,METAGENOMIC,mouse metagenome,ILLUMINA,2024-05-09T00:00:00Z,2024-05-09T21:51:00Z,1,Patient043_pre_92,SRP506877
SRR28984405,AMPLICON,600,83335878,PRJNA1109929,SAMN41307109,Metagenome or environmental,46482163,"THE INSTITUTE OF MEDICAL SCIENCE, THE UNIVERSITY OF TOKYO",2023,public,"sra,run.zq,fastq","s3,ncbi,gs","s3.us-east-1,gs.us-east1,ncbi.public",SRX24513243,Japan,Asia,Japan,Mus musculus,Illumina MiSeq,feces 311,34.646870 N 135.5067002 E,Patient043_pre_91,PAIRED,PCR,METAGENOMIC,mouse metagenome,ILLUMINA,2024-05-09T00:00:00Z,2024-05-09T21:51:00Z,1,Patient043_pre_91,SRP506877
SRR28984406,AMPLICON,600,76063656,PRJNA1109929,SAMN41307108,Metagenome or environmental,42371483,"THE INSTITUTE OF MEDICAL SCIENCE, THE UNIVERSITY OF TOKYO",2023,public,"fastq,run.zq,sra","s3,ncbi,gs","gs.us-east1,s3.us-east-1,ncbi.public",SRX24513242,Japan,Asia,Japan,Mus musculus,Illumina MiSeq,feces 310,34.646870 N 135.5067002 E,Patient043_pre_90,PAIRED,PCR,METAGENOMIC,mouse metagenome,ILLUMINA,2024-05-09T00:00:00Z,2024-05-09T21:51:00Z,1,Patient043_pre_90,SRP506877
SRR28984407,AMPLICON,600,108243302,PRJNA1109929,SAMN41307106,Metagenome or environmental,60325526,"THE INSTITUTE OF MEDICAL SCIENCE, THE UNIVERSITY OF TOKYO",2023,public,"fastq,sra,run.zq","gs,s3,ncbi","gs.us-east1,s3.us-east-1,ncbi.public",SRX24513240,Japan,Asia,Japan,Mus musculus,Illumina MiSeq,feces 308,34.646870 N 135.5067002 E,Patient043_pre_88,PAIRED,PCR,METAGENOMIC,mouse metagenome,ILLUMINA,2024-05-09T00:00:00Z,2024-05-09T21:51:00Z,1,Patient043_pre_88,SRP506877
SRR28984408,AMPLICON,600,61574986,PRJNA1109929,SAMN41307105,Metagenome or environmental,34522998,"THE INSTITUTE OF MEDICAL SCIENCE, THE UNIVERSITY OF TOKYO",2023,public,"run.zq,sra,fastq","s3,ncbi,gs","gs.us-east1,s3.us-east-1,ncbi.public",SRX24513239,Japan,Asia,Japan,Mus musculus,Illumina MiSeq,feces 307,34.646870 N 135.5067002 E,Patient043_pre_87,PAIRED,PCR,METAGENOMIC,mouse metagenome,ILLUMINA,2024-05-09T00:00:00Z,2024-05-09T21:51:00Z,1,Patient043_pre_87,SRP506877
SRR28984409,AMPLICON,600,79563534,PRJNA1109929,SAMN41307104,Metagenome or environmental,44407161,"THE INSTITUTE OF MEDICAL SCIENCE, THE UNIVERSITY OF TOKYO",2023,public,"run.zq,fastq,sra","gs,s3,ncbi","gs.us-east1,ncbi.public,s3.us-east-1",SRX24513238,Japan,Asia,Japan,Mus musculus,Illumina MiSeq,feces 306,34.646870 N 135.5067002 E,Patient043_pre_86,PAIRED,PCR,METAGENOMIC,mouse metagenome,ILLUMINA,2024-05-09T00:00:00Z,2024-05-09T21:51:00Z,1,Patient043_pre_86,SRP506877
SRR28984410,AMPLICON,600,69499940,PRJNA1109929,SAMN41307107,Metagenome or environmental,38927515,"THE INSTITUTE OF MEDICAL SCIENCE, THE UNIVERSITY OF TOKYO",2023,public,"fastq,sra,run.zq","s3,gs,ncbi","ncbi.public,s3.us-east-1,gs.us-east1",SRX24513241,Japan,Asia,Japan,Mus musculus,Illumina MiSeq,feces 309,34.646870 N 135.5067002 E,Patient043_pre_89,PAIRED,PCR,METAGENOMIC,mouse metagenome,ILLUMINA,2024-05-09T00:00:00Z,2024-05-09T21:51:00Z,1,Patient043_pre_89,SRP506877
SRR28984411,AMPLICON,601,30591403,PRJNA1109929,SAMN41307245,Metagenome or environmental,16582914,"THE INSTITUTE OF MEDICAL SCIENCE, THE UNIVERSITY OF TOKYO",2021,public,"fastq,run.zq,sra","ncbi,s3,gs","gs.us-east1,ncbi.public,s3.us-east-1",SRX24513237,Japan,Asia,Japan,Homo sapiens,Illumina MiSeq,feces 63,34.646870 N 135.5067002 E,OCUBMT011_pre,PAIRED,PCR,METAGENOMIC,human metagenome,ILLUMINA,2024-05-09T00:00:00Z,2024-05-09T21:51:00Z,1,OCUBMT011_pre,SRP506877
SRR28984412,AMPLICON,600,98685110,PRJNA1109929,SAMN41307103,Metagenome or environmental,55712501,"THE INSTITUTE OF MEDICAL SCIENCE, THE UNIVERSITY OF TOKYO",2023,public,"sra,fastq,run.zq","s3,gs,ncbi","ncbi.public,gs.us-east1,s3.us-east-1",SRX24513236,Japan,Asia,Japan,Mus musculus,Illumina MiSeq,feces 305,34.646870 N 135.5067002 E,Patient043_pre_85,PAIRED,PCR,METAGENOMIC,mouse metagenome,ILLUMINA,2024-05-09T00:00:00Z,2024-05-09T21:51:00Z,1,Patient043_pre_85,SRP506877
SRR28984413,AMPLICON,600,80803433,PRJNA1109929,SAMN41307102,Metagenome or environmental,45297280,"THE INSTITUTE OF MEDICAL SCIENCE, THE UNIVERSITY OF TOKYO",2023,public,"sra,run.zq,fastq","ncbi,gs,s3","ncbi.public,gs.us-east1,s3.us-east-1",SRX24513235,Japan,Asia,Japan,Mus musculus,Illumina MiSeq,feces 304,34.646870 N 135.5067002 E,Patient043_pre_84,PAIRED,PCR,METAGENOMIC,mouse metagenome,ILLUMINA,2024-05-09T00:00:00Z,2024-05-09T21:51:00Z,1,Patient043_pre_84,SRP506877
SRR28984414,AMPLICON,600,96550087,PRJNA1109929,SAMN41307101,Metagenome or environmental,54176492,"THE INSTITUTE OF MEDICAL SCIENCE, THE UNIVERSITY OF TOKYO",2023,public,"fastq,run.zq,sra","gs,s3,ncbi","gs.us-east1,s3.us-east-1,ncbi.public",SRX24513234,Japan,Asia,Japan,Mus musculus,Illumina MiSeq,feces 303,34.646870 N 135.5067002 E,Patient043_pre_83,PAIRED,PCR,METAGENOMIC,mouse metagenome,ILLUMINA,2024-05-09T00:00:00Z,2024-05-09T21:51:00Z,1,Patient043_pre_83,SRP506877
SRR28984415,AMPLICON,600,83858393,PRJNA1109929,SAMN41307099,Metagenome or environmental,47227999,"THE INSTITUTE OF MEDICAL SCIENCE, THE UNIVERSITY OF TOKYO",2023,public,"fastq,sra,run.zq","s3,ncbi,gs","ncbi.public,s3.us-east-1,gs.us-east1",SRX24513232,Japan,Asia,Japan,Mus musculus,Illumina MiSeq,feces 301,34.646870 N 135.5067002 E,Patient043_pre_81,PAIRED,PCR,METAGENOMIC,mouse metagenome,ILLUMINA,2024-05-09T00:00:00Z,2024-05-09T21:51:00Z,1,Patient043_pre_81,SRP506877
SRR28984416,AMPLICON,600,111251964,PRJNA1109929,SAMN41307098,Metagenome or environmental,62927776,"THE INSTITUTE OF MEDICAL SCIENCE, THE UNIVERSITY OF TOKYO",2023,public,"fastq,sra,run.zq","gs,s3,ncbi","gs.us-east1,ncbi.public,s3.us-east-1",SRX24513231,Japan,Asia,Japan,Mus musculus,Illumina MiSeq,feces 300,34.646870 N 135.5067002 E,Patient043_pre_80,PAIRED,PCR,METAGENOMIC,mouse metagenome,ILLUMINA,2024-05-09T00:00:00Z,2024-05-09T21:51:00Z,1,Patient043_pre_80,SRP506877
SRR28984417,AMPLICON,600,105886728,PRJNA1109929,SAMN41307040,Metagenome or environmental,58642134,"THE INSTITUTE OF MEDICAL SCIENCE, THE UNIVERSITY OF TOKYO",2023,public,"sra,run.zq,fastq","ncbi,s3,gs","ncbi.public,s3.us-east-1,gs.us-east1",SRX24513230,Japan,Asia,Japan,Mus musculus,Illumina MiSeq,feces 242,34.646870 N 135.5067002 E,Patient043_day15_79,PAIRED,PCR,METAGENOMIC,mouse metagenome,ILLUMINA,2024-05-09T00:00:00Z,2024-05-09T21:51:00Z,1,Patient043_day15_79,SRP506877
SRR28984418,AMPLICON,600,90348754,PRJNA1109929,SAMN41307043,Metagenome or environmental,50086961,"THE INSTITUTE OF MEDICAL SCIENCE, THE UNIVERSITY OF TOKYO",2023,public,"run.zq,sra,fastq","ncbi,gs,s3","s3.us-east-1,gs.us-east1,ncbi.public",SRX24513044,Japan,Asia,Japan,Mus musculus,Illumina MiSeq,feces 245,34.646870 N 135.5067002 E,Patient043_day15_84,PAIRED,PCR,METAGENOMIC,mouse metagenome,ILLUMINA,2024-05-09T00:00:00Z,2024-05-09T21:52:00Z,1,Patient043_day15_84,SRP506877
SRR28984419,AMPLICON,600,107737668,PRJNA1109929,SAMN41307039,Metagenome or environmental,61129253,"THE INSTITUTE OF MEDICAL SCIENCE, THE UNIVERSITY OF TOKYO",2023,public,"sra,run.zq,fastq","ncbi,s3,gs","s3.us-east-1,gs.us-east1,ncbi.public",SRX24513229,Japan,Asia,Japan,Mus musculus,Illumina MiSeq,feces 241,34.646870 N 135.5067002 E,Patient043_day15_77,PAIRED,PCR,METAGENOMIC,mouse metagenome,ILLUMINA,2024-05-09T00:00:00Z,2024-05-09T21:52:00Z,1,Patient043_day15_77,SRP506877
SRR28984420,AMPLICON,600,97189232,PRJNA1109929,SAMN41307038,Metagenome or environmental,54301966,"THE INSTITUTE OF MEDICAL SCIENCE, THE UNIVERSITY OF TOKYO",2023,public,"run.zq,sra,fastq","ncbi,gs,s3","s3.us-east-1,gs.us-east1,ncbi.public",SRX24513228,Japan,Asia,Japan,Mus musculus,Illumina MiSeq,feces 240,34.646870 N 135.5067002 E,Patient043_day15_76,PAIRED,PCR,METAGENOMIC,mouse metagenome,ILLUMINA,2024-05-09T00:00:00Z,2024-05-09T21:51:00Z,1,Patient043_day15_76,SRP506877
SRR28984421,AMPLICON,600,114925009,PRJNA1109929,SAMN41307037,Metagenome or environmental,64456516,"THE INSTITUTE OF MEDICAL SCIENCE, THE UNIVERSITY OF TOKYO",2023,public,"fastq,sra,run.zq","ncbi,s3,gs","gs.us-east1,ncbi.public,s3.us-east-1",SRX24513227,Japan,Asia,Japan,Mus musculus,Illumina MiSeq,feces 239,34.646870 N 135.5067002 E,Patient043_day15_75,PAIRED,PCR,METAGENOMIC,mouse metagenome,ILLUMINA,2024-05-09T00:00:00Z,2024-05-09T21:51:00Z,1,Patient043_day15_75,SRP506877
SRR28984422,AMPLICON,600,85591248,PRJNA1109929,SAMN41307036,Metagenome or environmental,48461995,"THE INSTITUTE OF MEDICAL SCIENCE, THE UNIVERSITY OF TOKYO",2023,public,"run.zq,fastq,sra","s3,gs,ncbi","s3.us-east-1,gs.us-east1,ncbi.public",SRX24513226,Japan,Asia,Japan,Mus musculus,Illumina MiSeq,feces 238,34.646870 N 135.5067002 E,Patient043_day15_74,PAIRED,PCR,METAGENOMIC,mouse metagenome,ILLUMINA,2024-05-09T00:00:00Z,2024-05-09T21:51:00Z,1,Patient043_day15_74,SRP506877
SRR28984423,AMPLICON,600,111908528,PRJNA1109929,SAMN41307034,Metagenome or environmental,62698325,"THE INSTITUTE OF MEDICAL SCIENCE, THE UNIVERSITY OF TOKYO",2023,public,"fastq,run.zq,sra","ncbi,s3,gs","s3.us-east-1,ncbi.public,gs.us-east1",SRX24513224,Japan,Asia,Japan,Mus musculus,Illumina MiSeq,feces 236,34.646870 N 135.5067002 E,Patient043_day0_99,PAIRED,PCR,METAGENOMIC,mouse metagenome,ILLUMINA,2024-05-09T00:00:00Z,2024-05-09T21:52:00Z,1,Patient043_day0_99,SRP506877
SRR28984424,AMPLICON,601,19533626,PRJNA1109929,SAMN41307238,Metagenome or environmental,10639963,"THE INSTITUTE OF MEDICAL SCIENCE, THE UNIVERSITY OF TOKYO",2021,public,"fastq,sra,run.zq","gs,s3,ncbi","ncbi.public,s3.us-east-1,gs.us-east1",SRX24513223,Japan,Asia,Japan,Homo sapiens,Illumina MiSeq,feces 56,34.646870 N 135.5067002 E,OCUBMT011_day0,PAIRED,PCR,METAGENOMIC,human metagenome,ILLUMINA,2024-05-09T00:00:00Z,2024-05-09T21:51:00Z,1,OCUBMT011_day0,SRP506877
SRR28984425,AMPLICON,600,128673660,PRJNA1109929,SAMN41307033,Metagenome or environmental,72075672,"THE INSTITUTE OF MEDICAL SCIENCE, THE UNIVERSITY OF TOKYO",2023,public,"run.zq,fastq,sra","s3,gs,ncbi","s3.us-east-1,gs.us-east1,ncbi.public",SRX24513222,Japan,Asia,Japan,Mus musculus,Illumina MiSeq,feces 235,34.646870 N 135.5067002 E,Patient043_day0_98,PAIRED,PCR,METAGENOMIC,mouse metagenome,ILLUMINA,2024-05-09T00:00:00Z,2024-05-09T21:52:00Z,1,Patient043_day0_98,SRP506877
SRR28984426,AMPLICON,600,93110777,PRJNA1109929,SAMN41307035,Metagenome or environmental,51479559,"THE INSTITUTE OF MEDICAL SCIENCE, THE UNIVERSITY OF TOKYO",2023,public,"fastq,sra,run.zq","ncbi,s3,gs","ncbi.public,gs.us-east1,s3.us-east-1",SRX24513225,Japan,Asia,Japan,Mus musculus,Illumina MiSeq,feces 237,34.646870 N 135.5067002 E,Patient043_day15_72,PAIRED,PCR,METAGENOMIC,mouse metagenome,ILLUMINA,2024-05-09T00:00:00Z,2024-05-09T21:51:00Z,1,Patient043_day15_72,SRP506877
SRR28984427,AMPLICON,600,130210391,PRJNA1109929,SAMN41307032,Metagenome or environmental,73094949,"THE INSTITUTE OF MEDICAL SCIENCE, THE UNIVERSITY OF TOKYO",2023,public,"sra,run.zq,fastq","gs,s3,ncbi","gs.us-east1,s3.us-east-1,ncbi.public",SRX24513221,Japan,Asia,Japan,Mus musculus,Illumina MiSeq,feces 234,34.646870 N 135.5067002 E,Patient043_day0_97,PAIRED,PCR,METAGENOMIC,mouse metagenome,ILLUMINA,2024-05-09T00:00:00Z,2024-05-09T21:51:00Z,1,Patient043_day0_97,SRP506877
SRR28984428,AMPLICON,600,131384605,PRJNA1109929,SAMN41307031,Metagenome or environmental,73997973,"THE INSTITUTE OF MEDICAL SCIENCE, THE UNIVERSITY OF TOKYO",2023,public,"run.zq,sra,fastq","s3,gs,ncbi","s3.us-east-1,gs.us-east1,ncbi.public",SRX24513220,Japan,Asia,Japan,Mus musculus,Illumina MiSeq,feces 233,34.646870 N 135.5067002 E,Patient043_day0_96,PAIRED,PCR,METAGENOMIC,mouse metagenome,ILLUMINA,2024-05-09T00:00:00Z,2024-05-09T21:51:00Z,1,Patient043_day0_96,SRP506877
SRR28984429,AMPLICON,600,94662128,PRJNA1109929,SAMN41307030,Metagenome or environmental,53207586,"THE INSTITUTE OF MEDICAL SCIENCE, THE UNIVERSITY OF TOKYO",2023,public,"sra,fastq,run.zq","s3,gs,ncbi","s3.us-east-1,ncbi.public,gs.us-east1",SRX24513219,Japan,Asia,Japan,Mus musculus,Illumina MiSeq,feces 232,34.646870 N 135.5067002 E,Patient043_day0_95,PAIRED,PCR,METAGENOMIC,mouse metagenome,ILLUMINA,2024-05-09T00:00:00Z,2024-05-09T21:51:00Z,1,Patient043_day0_95,SRP506877
SRR28984430,AMPLICON,600,106058250,PRJNA1109929,SAMN41307029,Metagenome or environmental,58834659,"THE INSTITUTE OF MEDICAL SCIENCE, THE UNIVERSITY OF TOKYO",2023,public,"sra,fastq,run.zq","ncbi,s3,gs","s3.us-east-1,gs.us-east1,ncbi.public",SRX24513218,Japan,Asia,Japan,Mus musculus,Illumina MiSeq,feces 231,34.646870 N 135.5067002 E,Patient043_day0_94,PAIRED,PCR,METAGENOMIC,mouse metagenome,ILLUMINA,2024-05-09T00:00:00Z,2024-05-09T21:52:00Z,1,Patient043_day0_94,SRP506877
SRR28984431,AMPLICON,600,126483752,PRJNA1109929,SAMN41307027,Metagenome or environmental,70281390,"THE INSTITUTE OF MEDICAL SCIENCE, THE UNIVERSITY OF TOKYO",2023,public,"fastq,sra,run.zq","gs,ncbi,s3","ncbi.public,s3.us-east-1,gs.us-east1",SRX24513216,Japan,Asia,Japan,Mus musculus,Illumina MiSeq,feces 229,34.646870 N 135.5067002 E,Patient043_day0_92,PAIRED,PCR,METAGENOMIC,mouse metagenome,ILLUMINA,2024-05-09T00:00:00Z,2024-05-09T21:51:00Z,1,Patient043_day0_92,SRP506877
SRR28984432,AMPLICON,600,113964653,PRJNA1109929,SAMN41307026,Metagenome or environmental,63580514,"THE INSTITUTE OF MEDICAL SCIENCE, THE UNIVERSITY OF TOKYO",2023,public,"run.zq,fastq,sra","gs,s3,ncbi","ncbi.public,s3.us-east-1,gs.us-east1",SRX24513215,Japan,Asia,Japan,Mus musculus,Illumina MiSeq,feces 228,34.646870 N 135.5067002 E,Patient043_day0_91,PAIRED,PCR,METAGENOMIC,mouse metagenome,ILLUMINA,2024-05-09T00:00:00Z,2024-05-09T21:51:00Z,1,Patient043_day0_91,SRP506877
SRR28984433,AMPLICON,600,85314136,PRJNA1109929,SAMN41307025,Metagenome or environmental,47725160,"THE INSTITUTE OF MEDICAL SCIENCE, THE UNIVERSITY OF TOKYO",2023,public,"run.zq,sra,fastq","gs,s3,ncbi","s3.us-east-1,ncbi.public,gs.us-east1",SRX24513214,Japan,Asia,Japan,Mus musculus,Illumina MiSeq,feces 227,34.646870 N 135.5067002 E,Patient043_day0_90,PAIRED,PCR,METAGENOMIC,mouse metagenome,ILLUMINA,2024-05-09T00:00:00Z,2024-05-09T21:52:00Z,1,Patient043_day0_90,SRP506877
SRR28984434,AMPLICON,599,107990140,PRJNA1109929,SAMN41307028,Metagenome or environmental,60692622,"THE INSTITUTE OF MEDICAL SCIENCE, THE UNIVERSITY OF TOKYO",2023,public,"sra,fastq,run.zq","s3,gs,ncbi","gs.us-east1,s3.us-east-1,ncbi.public",SRX24513217,Japan,Asia,Japan,Mus musculus,Illumina MiSeq,feces 230,34.646870 N 135.5067002 E,Patient043_day0_93,PAIRED,PCR,METAGENOMIC,mouse metagenome,ILLUMINA,2024-05-09T00:00:00Z,2024-05-09T21:51:00Z,1,Patient043_day0_93,SRP506877
SRR28984435,AMPLICON,600,102942064,PRJNA1109929,SAMN41307024,Metagenome or environmental,57713736,"THE INSTITUTE OF MEDICAL SCIENCE, THE UNIVERSITY OF TOKYO",2023,public,"fastq,sra,run.zq","s3,ncbi,gs","s3.us-east-1,gs.us-east1,ncbi.public",SRX24513213,Japan,Asia,Japan,Mus musculus,Illumina MiSeq,feces 226,34.646870 N 135.5067002 E,Patient043_day0_89,PAIRED,PCR,METAGENOMIC,mouse metagenome,ILLUMINA,2024-05-09T00:00:00Z,2024-05-09T21:51:00Z,1,Patient043_day0_89,SRP506877
SRR28984436,AMPLICON,601,21500873,PRJNA1109929,SAMN41307237,Metagenome or environmental,11424650,"THE INSTITUTE OF MEDICAL SCIENCE, THE UNIVERSITY OF TOKYO",2021,public,"run.zq,sra,fastq","s3,ncbi,gs","ncbi.public,s3.us-east-1,gs.us-east1",SRX24513212,Japan,Asia,Japan,Homo sapiens,Illumina MiSeq,feces 55,34.646870 N 135.5067002 E,OCUBMT010_pre,PAIRED,PCR,METAGENOMIC,human metagenome,ILLUMINA,2024-05-09T00:00:00Z,2024-05-09T21:51:00Z,1,OCUBMT010_pre,SRP506877
SRR28984437,AMPLICON,600,106855025,PRJNA1109929,SAMN41307023,Metagenome or environmental,59899148,"THE INSTITUTE OF MEDICAL SCIENCE, THE UNIVERSITY OF TOKYO",2023,public,"sra,fastq,run.zq","gs,ncbi,s3","s3.us-east-1,gs.us-east1,ncbi.public",SRX24513211,Japan,Asia,Japan,Mus musculus,Illumina MiSeq,feces 225,34.646870 N 135.5067002 E,Patient043_day0_88,PAIRED,PCR,METAGENOMIC,mouse metagenome,ILLUMINA,2024-05-09T00:00:00Z,2024-05-09T21:51:00Z,1,Patient043_day0_88,SRP506877
SRR28984438,AMPLICON,600,118967511,PRJNA1109929,SAMN41307022,Metagenome or environmental,66442458,"THE INSTITUTE OF MEDICAL SCIENCE, THE UNIVERSITY OF TOKYO",2023,public,"run.zq,sra,fastq","gs,ncbi,s3","ncbi.public,s3.us-east-1,gs.us-east1",SRX24513210,Japan,Asia,Japan,Mus musculus,Illumina MiSeq,feces 224,34.646870 N 135.5067002 E,Patient043_day0_87,PAIRED,PCR,METAGENOMIC,mouse metagenome,ILLUMINA,2024-05-09T00:00:00Z,2024-05-09T21:51:00Z,1,Patient043_day0_87,SRP506877
SRR28984439,AMPLICON,601,86799693,PRJNA1109929,SAMN41306904,Metagenome or environmental,55261557,"THE INSTITUTE OF MEDICAL SCIENCE, THE UNIVERSITY OF TOKYO",2021,public,"sra,run.zq,fastq","gs,ncbi,s3","s3.us-east-1,ncbi.public,gs.us-east1",SRX24513208,Japan,Asia,Japan,Mus musculus,Illumina MiSeq,feces 106,34.646870 N 135.5067002 E,Patient031_day8_03,PAIRED,PCR,METAGENOMIC,mouse metagenome,ILLUMINA,2024-05-09T00:00:00Z,2024-05-09T21:51:00Z,1,Patient031_day8_03,SRP506877
SRR28984440,AMPLICON,602,72047962,PRJNA1109929,SAMN41307225,Metagenome or environmental,41376825,"THE INSTITUTE OF MEDICAL SCIENCE, THE UNIVERSITY OF TOKYO",2021,public,"sra,fastq,run.zq","s3,ncbi,gs","gs.us-east1,ncbi.public,s3.us-east-1",SRX24513207,Japan,Asia,Japan,Homo sapiens,Illumina MiSeq,feces 43,34.646870 N 135.5067002 E,OCUBMT009_day0,PAIRED,PCR,METAGENOMIC,human metagenome,ILLUMINA,2024-05-09T00:00:00Z,2024-05-09T21:51:00Z,1,OCUBMT009_day0,SRP506877
SRR28984441,AMPLICON,601,151241457,PRJNA1109929,SAMN41306903,Metagenome or environmental,95756405,"THE INSTITUTE OF MEDICAL SCIENCE, THE UNIVERSITY OF TOKYO",2021,public,"fastq,sra,run.zq","s3,ncbi,gs","ncbi.public,gs.us-east1,s3.us-east-1",SRX24513206,Japan,Asia,Japan,Mus musculus,Illumina MiSeq,feces 105,34.646870 N 135.5067002 E,Patient031_day8_02,PAIRED,PCR,METAGENOMIC,mouse metagenome,ILLUMINA,2024-05-09T00:00:00Z,2024-05-09T21:51:00Z,1,Patient031_day8_02,SRP506877
SRR28984442,AMPLICON,601,97169276,PRJNA1109929,SAMN41306905,Metagenome or environmental,61912275,"THE INSTITUTE OF MEDICAL SCIENCE, THE UNIVERSITY OF TOKYO",2021,public,"sra,fastq,run.zq","gs,ncbi,s3","gs.us-east1,ncbi.public,s3.us-east-1",SRX24513209,Japan,Asia,Japan,Mus musculus,Illumina MiSeq,feces 107,34.646870 N 135.5067002 E,Patient031_day8_05,PAIRED,PCR,METAGENOMIC,mouse metagenome,ILLUMINA,2024-05-09T00:00:00Z,2024-05-09T21:51:00Z,1,Patient031_day8_05,SRP506877
SRR28984443,AMPLICON,601,89471988,PRJNA1109929,SAMN41306902,Metagenome or environmental,59357943,"THE INSTITUTE OF MEDICAL SCIENCE, THE UNIVERSITY OF TOKYO",2021,public,"fastq,run.zq,sra","gs,ncbi,s3","gs.us-east1,ncbi.public,s3.us-east-1",SRX24513205,Japan,Asia,Japan,Mus musculus,Illumina MiSeq,feces 104,34.646870 N 135.5067002 E,Patient031_day8_01,PAIRED,PCR,METAGENOMIC,mouse metagenome,ILLUMINA,2024-05-09T00:00:00Z,2024-05-09T21:51:00Z,1,Patient031_day8_01,SRP506877
SRR28984444,AMPLICON,601,83270922,PRJNA1109929,SAMN41306901,Metagenome or environmental,56222254,"THE INSTITUTE OF MEDICAL SCIENCE, THE UNIVERSITY OF TOKYO",2021,public,"run.zq,fastq,sra","gs,ncbi,s3","s3.us-east-1,ncbi.public,gs.us-east1",SRX24513204,Japan,Asia,Japan,Mus musculus,Illumina MiSeq,feces 103,34.646870 N 135.5067002 E,Patient031_day15_20,PAIRED,PCR,METAGENOMIC,mouse metagenome,ILLUMINA,2024-05-09T00:00:00Z,2024-05-09T21:52:00Z,1,Patient031_day15_20,SRP506877
SRR28984445,AMPLICON,601,83464003,PRJNA1109929,SAMN41306900,Metagenome or environmental,56091819,"THE INSTITUTE OF MEDICAL SCIENCE, THE UNIVERSITY OF TOKYO",2021,public,"sra,fastq,run.zq","ncbi,s3,gs","gs.us-east1,s3.us-east-1,ncbi.public",SRX24513203,Japan,Asia,Japan,Mus musculus,Illumina MiSeq,feces 102,34.646870 N 135.5067002 E,Patient031_day15_19,PAIRED,PCR,METAGENOMIC,mouse metagenome,ILLUMINA,2024-05-09T00:00:00Z,2024-05-09T21:51:00Z,1,Patient031_day15_19,SRP506877
SRR28984446,AMPLICON,601,94889618,PRJNA1109929,SAMN41306899,Metagenome or environmental,64221762,"THE INSTITUTE OF MEDICAL SCIENCE, THE UNIVERSITY OF TOKYO",2021,public,"sra,fastq,run.zq","gs,s3,ncbi","s3.us-east-1,gs.us-east1,ncbi.public",SRX24513202,Japan,Asia,Japan,Mus musculus,Illumina MiSeq,feces 101,34.646870 N 135.5067002 E,Patient031_day15_18,PAIRED,PCR,METAGENOMIC,mouse metagenome,ILLUMINA,2024-05-09T00:00:00Z,2024-05-09T21:52:00Z,1,Patient031_day15_18,SRP506877
SRR28984447,AMPLICON,601,86508290,PRJNA1109929,SAMN41306897,Metagenome or environmental,58185627,"THE INSTITUTE OF MEDICAL SCIENCE, THE UNIVERSITY OF TOKYO",2021,public,"run.zq,sra,fastq","s3,ncbi,gs","gs.us-east1,s3.us-east-1,ncbi.public",SRX24513200,Japan,Asia,Japan,Mus musculus,Illumina MiSeq,feces 99,34.646870 N 135.5067002 E,Patient031_day15_16,PAIRED,PCR,METAGENOMIC,mouse metagenome,ILLUMINA,2024-05-09T00:00:00Z,2024-05-09T21:52:00Z,1,Patient031_day15_16,SRP506877
SRR28984448,AMPLICON,601,74230474,PRJNA1109929,SAMN41306896,Metagenome or environmental,47362070,"THE INSTITUTE OF MEDICAL SCIENCE, THE UNIVERSITY OF TOKYO",2021,public,"sra,fastq,run.zq","gs,s3,ncbi","gs.us-east1,ncbi.public,s3.us-east-1",SRX24513199,Japan,Asia,Japan,Mus musculus,Illumina MiSeq,feces 98,34.646870 N 135.5067002 E,Patient031_day15_15,PAIRED,PCR,METAGENOMIC,mouse metagenome,ILLUMINA,2024-05-09T00:00:00Z,2024-05-09T21:51:00Z,1,Patient031_day15_15,SRP506877
SRR28984449,AMPLICON,601,72994205,PRJNA1109929,SAMN41306895,Metagenome or environmental,46798853,"THE INSTITUTE OF MEDICAL SCIENCE, THE UNIVERSITY OF TOKYO",2021,public,"run.zq,sra,fastq","gs,s3,ncbi","ncbi.public,s3.us-east-1,gs.us-east1",SRX24513198,Japan,Asia,Japan,Mus musculus,Illumina MiSeq,feces 97,34.646870 N 135.5067002 E,Patient031_day15_14,PAIRED,PCR,METAGENOMIC,mouse metagenome,ILLUMINA,2024-05-09T00:00:00Z,2024-05-09T21:51:00Z,1,Patient031_day15_14,SRP506877
SRR28984450,AMPLICON,601,99054908,PRJNA1109929,SAMN41306898,Metagenome or environmental,66964461,"THE INSTITUTE OF MEDICAL SCIENCE, THE UNIVERSITY OF TOKYO",2021,public,"fastq,run.zq,sra","ncbi,s3,gs","ncbi.public,gs.us-east1,s3.us-east-1",SRX24513201,Japan,Asia,Japan,Mus musculus,Illumina MiSeq,feces 100,34.646870 N 135.5067002 E,Patient031_day15_17,PAIRED,PCR,METAGENOMIC,mouse metagenome,ILLUMINA,2024-05-09T00:00:00Z,2024-05-09T21:51:00Z,1,Patient031_day15_17,SRP506877
SRR28984451,AMPLICON,601,78094149,PRJNA1109929,SAMN41306894,Metagenome or environmental,49699283,"THE INSTITUTE OF MEDICAL SCIENCE, THE UNIVERSITY OF TOKYO",2021,public,"run.zq,sra,fastq","s3,ncbi,gs","ncbi.public,s3.us-east-1,gs.us-east1",SRX24513197,Japan,Asia,Japan,Mus musculus,Illumina MiSeq,feces 96,34.646870 N 135.5067002 E,Patient031_day15_13,PAIRED,PCR,METAGENOMIC,mouse metagenome,ILLUMINA,2024-05-09T00:00:00Z,2024-05-09T21:51:00Z,1,Patient031_day15_13,SRP506877
SRR28984452,AMPLICON,600,40583006,PRJNA1109929,SAMN41307224,Metagenome or environmental,21858229,"THE INSTITUTE OF MEDICAL SCIENCE, THE UNIVERSITY OF TOKYO",2021,public,"sra,fastq,run.zq","ncbi,gs,s3","ncbi.public,gs.us-east1,s3.us-east-1",SRX24513196,Japan,Asia,Japan,Homo sapiens,Illumina MiSeq,feces 42,34.646870 N 135.5067002 E,OCUBMT008_pre,PAIRED,PCR,METAGENOMIC,human metagenome,ILLUMINA,2024-05-09T00:00:00Z,2024-05-09T21:51:00Z,1,OCUBMT008_pre,SRP506877
SRR28984453,AMPLICON,601,83246084,PRJNA1109929,SAMN41306893,Metagenome or environmental,52935993,"THE INSTITUTE OF MEDICAL SCIENCE, THE UNIVERSITY OF TOKYO",2021,public,"sra,fastq,run.zq","s3,gs,ncbi","ncbi.public,s3.us-east-1,gs.us-east1",SRX24513195,Japan,Asia,Japan,Mus musculus,Illumina MiSeq,feces 95,34.646870 N 135.5067002 E,Patient031_day15_12,PAIRED,PCR,METAGENOMIC,mouse metagenome,ILLUMINA,2024-05-09T00:00:00Z,2024-05-09T21:51:00Z,1,Patient031_day15_12,SRP506877
SRR28984454,AMPLICON,601,96723114,PRJNA1109929,SAMN41306892,Metagenome or environmental,61929002,"THE INSTITUTE OF MEDICAL SCIENCE, THE UNIVERSITY OF TOKYO",2021,public,"sra,run.zq,fastq","ncbi,gs,s3","s3.us-east-1,ncbi.public,gs.us-east1",SRX24513194,Japan,Asia,Japan,Mus musculus,Illumina MiSeq,feces 94,34.646870 N 135.5067002 E,Patient031_day15_11,PAIRED,PCR,METAGENOMIC,mouse metagenome,ILLUMINA,2024-05-09T00:00:00Z,2024-05-09T21:51:00Z,1,Patient031_day15_11,SRP506877
SRR28984455,AMPLICON,601,95986526,PRJNA1109929,SAMN41306890,Metagenome or environmental,61797715,"THE INSTITUTE OF MEDICAL SCIENCE, THE UNIVERSITY OF TOKYO",2021,public,"run.zq,sra,fastq","gs,s3,ncbi","s3.us-east-1,gs.us-east1,ncbi.public",SRX24513192,Japan,Asia,Japan,Mus musculus,Illumina MiSeq,feces 92,34.646870 N 135.5067002 E,Patient031_day15_09,PAIRED,PCR,METAGENOMIC,mouse metagenome,ILLUMINA,2024-05-09T00:00:00Z,2024-05-09T21:51:00Z,1,Patient031_day15_09,SRP506877
SRR28984456,AMPLICON,601,125049076,PRJNA1109929,SAMN41306889,Metagenome or environmental,79755527,"THE INSTITUTE OF MEDICAL SCIENCE, THE UNIVERSITY OF TOKYO",2021,public,"fastq,sra,run.zq","gs,ncbi,s3","gs.us-east1,s3.us-east-1,ncbi.public",SRX24513191,Japan,Asia,Japan,Mus musculus,Illumina MiSeq,feces 91,34.646870 N 135.5067002 E,Patient031_day15_08,PAIRED,PCR,METAGENOMIC,mouse metagenome,ILLUMINA,2024-05-09T00:00:00Z,2024-05-09T21:51:00Z,1,Patient031_day15_08,SRP506877
SRR28984457,AMPLICON,601,78402045,PRJNA1109929,SAMN41306888,Metagenome or environmental,49771632,"THE INSTITUTE OF MEDICAL SCIENCE, THE UNIVERSITY OF TOKYO",2021,public,"sra,run.zq,fastq","s3,ncbi,gs","s3.us-east-1,ncbi.public,gs.us-east1",SRX24513190,Japan,Asia,Japan,Mus musculus,Illumina MiSeq,feces 90,34.646870 N 135.5067002 E,Patient031_day15_07,PAIRED,PCR,METAGENOMIC,mouse metagenome,ILLUMINA,2024-05-09T00:00:00Z,2024-05-09T21:51:00Z,1,Patient031_day15_07,SRP506877
SRR28984458,AMPLICON,601,63189232,PRJNA1109929,SAMN41306891,Metagenome or environmental,40616823,"THE INSTITUTE OF MEDICAL SCIENCE, THE UNIVERSITY OF TOKYO",2021,public,"sra,run.zq,fastq","s3,ncbi,gs","ncbi.public,s3.us-east-1,gs.us-east1",SRX24513193,Japan,Asia,Japan,Mus musculus,Illumina MiSeq,feces 93,34.646870 N 135.5067002 E,Patient031_day15_10,PAIRED,PCR,METAGENOMIC,mouse metagenome,ILLUMINA,2024-05-09T00:00:00Z,2024-05-09T21:51:00Z,1,Patient031_day15_10,SRP506877
SRR28984459,AMPLICON,601,78963991,PRJNA1109929,SAMN41306887,Metagenome or environmental,49957175,"THE INSTITUTE OF MEDICAL SCIENCE, THE UNIVERSITY OF TOKYO",2021,public,"run.zq,fastq,sra","gs,ncbi,s3","gs.us-east1,s3.us-east-1,ncbi.public",SRX24513189,Japan,Asia,Japan,Mus musculus,Illumina MiSeq,feces 89,34.646870 N 135.5067002 E,Patient031_day15_06,PAIRED,PCR,METAGENOMIC,mouse metagenome,ILLUMINA,2024-05-09T00:00:00Z,2024-05-09T21:52:00Z,1,Patient031_day15_06,SRP506877
SRR28984460,AMPLICON,601,116421679,PRJNA1109929,SAMN41306866,Metagenome or environmental,73496829,"THE INSTITUTE OF MEDICAL SCIENCE, THE UNIVERSITY OF TOKYO",2021,public,"run.zq,fastq,sra","gs,s3,ncbi","ncbi.public,s3.us-east-1,gs.us-east1",SRX24513188,Japan,Asia,Japan,Mus musculus,Illumina MiSeq,feces 68,34.646870 N 135.5067002 E,Patient031_day0_03,PAIRED,PCR,METAGENOMIC,mouse metagenome,ILLUMINA,2024-05-09T00:00:00Z,2024-05-09T21:52:00Z,1,Patient031_day0_03,SRP506877
SRR28984461,AMPLICON,601,90291602,PRJNA1109929,SAMN41306867,Metagenome or environmental,57075746,"THE INSTITUTE OF MEDICAL SCIENCE, THE UNIVERSITY OF TOKYO",2021,public,"run.zq,sra,fastq","gs,s3,ncbi","s3.us-east-1,ncbi.public,gs.us-east1",SRX24513187,Japan,Asia,Japan,Mus musculus,Illumina MiSeq,feces 69,34.646870 N 135.5067002 E,Patient031_day0_05,PAIRED,PCR,METAGENOMIC,mouse metagenome,ILLUMINA,2024-05-09T00:00:00Z,2024-05-09T21:51:00Z,1,Patient031_day0_05,SRP506877
SRR28984462,AMPLICON,601,83505273,PRJNA1109929,SAMN41306870,Metagenome or environmental,52102382,"THE INSTITUTE OF MEDICAL SCIENCE, THE UNIVERSITY OF TOKYO",2021,public,"fastq,run.zq,sra","ncbi,gs,s3","ncbi.public,s3.us-east-1,gs.us-east1",SRX24513424,Japan,Asia,Japan,Mus musculus,Illumina MiSeq,feces 72,34.646870 N 135.5067002 E,Patient031_day0_08,PAIRED,PCR,METAGENOMIC,mouse metagenome,ILLUMINA,2024-05-09T00:00:00Z,2024-05-09T21:51:00Z,1,Patient031_day0_08,SRP506877
SRR28984463,AMPLICON,601,83903497,PRJNA1109929,SAMN41306886,Metagenome or environmental,53286508,"THE INSTITUTE OF MEDICAL SCIENCE, THE UNIVERSITY OF TOKYO",2021,public,"run.zq,fastq,sra","ncbi,s3,gs","gs.us-east1,ncbi.public,s3.us-east-1",SRX24513443,Japan,Asia,Japan,Mus musculus,Illumina MiSeq,feces 88,34.646870 N 135.5067002 E,Patient031_day15_05,PAIRED,PCR,METAGENOMIC,mouse metagenome,ILLUMINA,2024-05-09T00:00:00Z,2024-05-09T21:52:00Z,1,Patient031_day15_05,SRP506877
SRR28984464,AMPLICON,601,99563527,PRJNA1109929,SAMN41306865,Metagenome or environmental,62572252,"THE INSTITUTE OF MEDICAL SCIENCE, THE UNIVERSITY OF TOKYO",2021,public,"fastq,sra,run.zq","s3,ncbi,gs","gs.us-east1,ncbi.public,s3.us-east-1",SRX24513186,Japan,Asia,Japan,Mus musculus,Illumina MiSeq,feces 67,34.646870 N 135.5067002 E,Patient031_day0_02,PAIRED,PCR,METAGENOMIC,mouse metagenome,ILLUMINA,2024-05-09T00:00:00Z,2024-05-09T21:52:00Z,1,Patient031_day0_02,SRP506877
SRR28984465,AMPLICON,601,91307342,PRJNA1109929,SAMN41306864,Metagenome or environmental,57459065,"THE INSTITUTE OF MEDICAL SCIENCE, THE UNIVERSITY OF TOKYO",2021,public,"run.zq,sra,fastq","gs,ncbi,s3","gs.us-east1,ncbi.public,s3.us-east-1",SRX24513185,Japan,Asia,Japan,Mus musculus,Illumina MiSeq,feces 66,34.646870 N 135.5067002 E,Patient031_day0_01,PAIRED,PCR,METAGENOMIC,mouse metagenome,ILLUMINA,2024-05-09T00:00:00Z,2024-05-09T21:52:00Z,1,Patient031_day0_01,SRP506877
SRR28984466,AMPLICON,597,25428334,PRJNA1109929,SAMN41307221,Metagenome or environmental,13530240,"THE INSTITUTE OF MEDICAL SCIENCE, THE UNIVERSITY OF TOKYO",2021,public,"run.zq,sra,fastq","s3,gs,ncbi","s3.us-east-1,gs.us-east1,ncbi.public",SRX24513184,Japan,Asia,Japan,Homo sapiens,Illumina MiSeq,feces 39,34.646870 N 135.5067002 E,OCUBMT008_day49,PAIRED,PCR,METAGENOMIC,human metagenome,ILLUMINA,2024-05-09T00:00:00Z,2024-05-09T21:51:00Z,1,OCUBMT008_day49,SRP506877
SRR28984467,AMPLICON,600,97190154,PRJNA1109929,SAMN41306862,Metagenome or environmental,54168485,"THE INSTITUTE OF MEDICAL SCIENCE, THE UNIVERSITY OF TOKYO",2023,public,"fastq,sra,run.zq","gs,s3,ncbi","gs.us-east1,ncbi.public,s3.us-east-1",SRX24513182,Japan,Asia,Japan,Mus musculus,Illumina MiSeq,feces 64,34.646870 N 135.5067002 E,Patient026_pre_15,PAIRED,PCR,METAGENOMIC,mouse metagenome,ILLUMINA,2024-05-09T00:00:00Z,2024-05-09T21:51:00Z,1,Patient026_pre_15,SRP506877
SRR28984468,AMPLICON,600,102476955,PRJNA1109929,SAMN41306861,Metagenome or environmental,56412001,"THE INSTITUTE OF MEDICAL SCIENCE, THE UNIVERSITY OF TOKYO",2023,public,"fastq,run.zq,sra","gs,ncbi,s3","gs.us-east1,ncbi.public,s3.us-east-1",SRX24513181,Japan,Asia,Japan,Mus musculus,Illumina MiSeq,feces 63,34.646870 N 135.5067002 E,Patient026_pre_14,PAIRED,PCR,METAGENOMIC,mouse metagenome,ILLUMINA,2024-05-09T00:00:00Z,2024-05-09T21:51:00Z,1,Patient026_pre_14,SRP506877
SRR28984469,AMPLICON,601,107516676,PRJNA1109929,SAMN41306860,Metagenome or environmental,59977045,"THE INSTITUTE OF MEDICAL SCIENCE, THE UNIVERSITY OF TOKYO",2023,public,"fastq,run.zq,sra","gs,s3,ncbi","ncbi.public,gs.us-east1,s3.us-east-1",SRX24513180,Japan,Asia,Japan,Mus musculus,Illumina MiSeq,feces 62,34.646870 N 135.5067002 E,Patient026_pre_13,PAIRED,PCR,METAGENOMIC,mouse metagenome,ILLUMINA,2024-05-09T00:00:00Z,2024-05-09T21:51:00Z,1,Patient026_pre_13,SRP506877
SRR28984470,AMPLICON,600,92169528,PRJNA1109929,SAMN41306863,Metagenome or environmental,50748752,"THE INSTITUTE OF MEDICAL SCIENCE, THE UNIVERSITY OF TOKYO",2023,public,"sra,fastq,run.zq","s3,gs,ncbi","ncbi.public,gs.us-east1,s3.us-east-1",SRX24513183,Japan,Asia,Japan,Mus musculus,Illumina MiSeq,feces 65,34.646870 N 135.5067002 E,Patient026_pre_16,PAIRED,PCR,METAGENOMIC,mouse metagenome,ILLUMINA,2024-05-09T00:00:00Z,2024-05-09T21:52:00Z,1,Patient026_pre_16,SRP506877
SRR28984471,AMPLICON,601,83768925,PRJNA1109929,SAMN41306859,Metagenome or environmental,46515093,"THE INSTITUTE OF MEDICAL SCIENCE, THE UNIVERSITY OF TOKYO",2023,public,"run.zq,fastq,sra","gs,s3,ncbi","s3.us-east-1,ncbi.public,gs.us-east1",SRX24513179,Japan,Asia,Japan,Mus musculus,Illumina MiSeq,feces 61,34.646870 N 135.5067002 E,Patient026_pre_12,PAIRED,PCR,METAGENOMIC,mouse metagenome,ILLUMINA,2024-05-09T00:00:00Z,2024-05-09T21:52:00Z,1,Patient026_pre_12,SRP506877
SRR28984472,AMPLICON,601,82156017,PRJNA1109929,SAMN41306858,Metagenome or environmental,45645915,"THE INSTITUTE OF MEDICAL SCIENCE, THE UNIVERSITY OF TOKYO",2023,public,"fastq,sra,run.zq","s3,gs,ncbi","ncbi.public,gs.us-east1,s3.us-east-1",SRX24513178,Japan,Asia,Japan,Mus musculus,Illumina MiSeq,feces 60,34.646870 N 135.5067002 E,Patient026_pre_11,PAIRED,PCR,METAGENOMIC,mouse metagenome,ILLUMINA,2024-05-09T00:00:00Z,2024-05-09T21:51:00Z,1,Patient026_pre_11,SRP506877
SRR28984473,AMPLICON,600,89022510,PRJNA1109929,SAMN41306857,Metagenome or environmental,49579710,"THE INSTITUTE OF MEDICAL SCIENCE, THE UNIVERSITY OF TOKYO",2023,public,"fastq,sra,run.zq","s3,ncbi,gs","ncbi.public,s3.us-east-1,gs.us-east1",SRX24513177,Japan,Asia,Japan,Mus musculus,Illumina MiSeq,feces 59,34.646870 N 135.5067002 E,Patient026_pre_10,PAIRED,PCR,METAGENOMIC,mouse metagenome,ILLUMINA,2024-05-09T00:00:00Z,2024-05-09T21:52:00Z,1,Patient026_pre_10,SRP506877
SRR28984474,AMPLICON,601,97378832,PRJNA1109929,SAMN41306856,Metagenome or environmental,53685465,"THE INSTITUTE OF MEDICAL SCIENCE, THE UNIVERSITY OF TOKYO",2023,public,"sra,fastq,run.zq","gs,ncbi,s3","ncbi.public,gs.us-east1,s3.us-east-1",SRX24513176,Japan,Asia,Japan,Mus musculus,Illumina MiSeq,feces 58,34.646870 N 135.5067002 E,Patient026_pre_09,PAIRED,PCR,METAGENOMIC,mouse metagenome,ILLUMINA,2024-05-09T00:00:00Z,2024-05-09T21:52:00Z,1,Patient026_pre_09,SRP506877
SRR28984475,AMPLICON,601,115822810,PRJNA1109929,SAMN41306854,Metagenome or environmental,63331684,"THE INSTITUTE OF MEDICAL SCIENCE, THE UNIVERSITY OF TOKYO",2023,public,"sra,fastq,run.zq","ncbi,s3,gs","s3.us-east-1,ncbi.public,gs.us-east1",SRX24513174,Japan,Asia,Japan,Mus musculus,Illumina MiSeq,feces 56,34.646870 N 135.5067002 E,Patient026_pre_07,PAIRED,PCR,METAGENOMIC,mouse metagenome,ILLUMINA,2024-05-09T00:00:00Z,2024-05-09T21:51:00Z,1,Patient026_pre_07,SRP506877
SRR28984476,AMPLICON,600,58901839,PRJNA1109929,SAMN41307220,Metagenome or environmental,31599496,"THE INSTITUTE OF MEDICAL SCIENCE, THE UNIVERSITY OF TOKYO",2021,public,"run.zq,sra,fastq","gs,s3,ncbi","s3.us-east-1,gs.us-east1,ncbi.public",SRX24513173,Japan,Asia,Japan,Homo sapiens,Illumina MiSeq,feces 38,34.646870 N 135.5067002 E,OCUBMT008_day42,PAIRED,PCR,METAGENOMIC,human metagenome,ILLUMINA,2024-05-09T00:00:00Z,2024-05-09T21:51:00Z,1,OCUBMT008_day42,SRP506877
SRR28984477,AMPLICON,601,93468963,PRJNA1109929,SAMN41306853,Metagenome or environmental,50134785,"THE INSTITUTE OF MEDICAL SCIENCE, THE UNIVERSITY OF TOKYO",2023,public,"run.zq,sra,fastq","gs,ncbi,s3","s3.us-east-1,gs.us-east1,ncbi.public",SRX24513172,Japan,Asia,Japan,Mus musculus,Illumina MiSeq,feces 55,34.646870 N 135.5067002 E,Patient026_pre_06,PAIRED,PCR,METAGENOMIC,mouse metagenome,ILLUMINA,2024-05-09T00:00:00Z,2024-05-09T21:52:00Z,1,Patient026_pre_06,SRP506877
SRR28984478,AMPLICON,600,107669411,PRJNA1109929,SAMN41306855,Metagenome or environmental,58618474,"THE INSTITUTE OF MEDICAL SCIENCE, THE UNIVERSITY OF TOKYO",2023,public,"fastq,sra,run.zq","s3,ncbi,gs","ncbi.public,s3.us-east-1,gs.us-east1",SRX24513175,Japan,Asia,Japan,Mus musculus,Illumina MiSeq,feces 57,34.646870 N 135.5067002 E,Patient026_pre_08,PAIRED,PCR,METAGENOMIC,mouse metagenome,ILLUMINA,2024-05-09T00:00:00Z,2024-05-09T21:52:00Z,1,Patient026_pre_08,SRP506877
SRR28984479,AMPLICON,601,84239045,PRJNA1109929,SAMN41306852,Metagenome or environmental,45651999,"THE INSTITUTE OF MEDICAL SCIENCE, THE UNIVERSITY OF TOKYO",2023,public,"run.zq,sra,fastq","s3,gs,ncbi","ncbi.public,s3.us-east-1,gs.us-east1",SRX24513171,Japan,Asia,Japan,Mus musculus,Illumina MiSeq,feces 54,34.646870 N 135.5067002 E,Patient026_pre_05,PAIRED,PCR,METAGENOMIC,mouse metagenome,ILLUMINA,2024-05-09T00:00:00Z,2024-05-09T21:52:00Z,1,Patient026_pre_05,SRP506877
SRR28984480,AMPLICON,601,94224144,PRJNA1109929,SAMN41306851,Metagenome or environmental,51106662,"THE INSTITUTE OF MEDICAL SCIENCE, THE UNIVERSITY OF TOKYO",2023,public,"fastq,run.zq,sra","gs,ncbi,s3","ncbi.public,gs.us-east1,s3.us-east-1",SRX24513170,Japan,Asia,Japan,Mus musculus,Illumina MiSeq,feces 53,34.646870 N 135.5067002 E,Patient026_pre_04,PAIRED,PCR,METAGENOMIC,mouse metagenome,ILLUMINA,2024-05-09T00:00:00Z,2024-05-09T21:51:00Z,1,Patient026_pre_04,SRP506877
SRR28984481,AMPLICON,601,101492508,PRJNA1109929,SAMN41306850,Metagenome or environmental,55128417,"THE INSTITUTE OF MEDICAL SCIENCE, THE UNIVERSITY OF TOKYO",2023,public,"sra,fastq,run.zq","s3,gs,ncbi","s3.us-east-1,gs.us-east1,ncbi.public",SRX24513169,Japan,Asia,Japan,Mus musculus,Illumina MiSeq,feces 52,34.646870 N 135.5067002 E,Patient026_pre_03,PAIRED,PCR,METAGENOMIC,mouse metagenome,ILLUMINA,2024-05-09T00:00:00Z,2024-05-09T21:52:00Z,1,Patient026_pre_03,SRP506877
SRR28984482,AMPLICON,601,94881579,PRJNA1109929,SAMN41306849,Metagenome or environmental,51801211,"THE INSTITUTE OF MEDICAL SCIENCE, THE UNIVERSITY OF TOKYO",2023,public,"run.zq,fastq,sra","gs,ncbi,s3","gs.us-east1,ncbi.public,s3.us-east-1",SRX24513168,Japan,Asia,Japan,Mus musculus,Illumina MiSeq,feces 51,34.646870 N 135.5067002 E,Patient026_pre_02,PAIRED,PCR,METAGENOMIC,mouse metagenome,ILLUMINA,2024-05-09T00:00:00Z,2024-05-09T21:51:00Z,1,Patient026_pre_02,SRP506877
SRR28984483,AMPLICON,600,87262187,PRJNA1109929,SAMN41306828,Metagenome or environmental,47083010,"THE INSTITUTE OF MEDICAL SCIENCE, THE UNIVERSITY OF TOKYO",2023,public,"sra,fastq,run.zq","s3,ncbi,gs","s3.us-east-1,ncbi.public,gs.us-east1",SRX24513166,Japan,Asia,Japan,Mus musculus,Illumina MiSeq,feces 30,34.646870 N 135.5067002 E,Patient026_day15_14,PAIRED,PCR,METAGENOMIC,mouse metagenome,ILLUMINA,2024-05-09T00:00:00Z,2024-05-09T21:52:00Z,1,Patient026_day15_14,SRP506877
SRR28984484,AMPLICON,600,87073256,PRJNA1109929,SAMN41306827,Metagenome or environmental,47417614,"THE INSTITUTE OF MEDICAL SCIENCE, THE UNIVERSITY OF TOKYO",2023,public,"fastq,run.zq,sra","gs,ncbi,s3","gs.us-east1,s3.us-east-1,ncbi.public",SRX24513165,Japan,Asia,Japan,Mus musculus,Illumina MiSeq,feces 29,34.646870 N 135.5067002 E,Patient026_day15_13,PAIRED,PCR,METAGENOMIC,mouse metagenome,ILLUMINA,2024-05-09T00:00:00Z,2024-05-09T21:52:00Z,1,Patient026_day15_13,SRP506877
SRR28984485,AMPLICON,600,76609106,PRJNA1109929,SAMN41306825,Metagenome or environmental,41555712,"THE INSTITUTE OF MEDICAL SCIENCE, THE UNIVERSITY OF TOKYO",2023,public,"fastq,sra,run.zq","gs,ncbi,s3","gs.us-east1,s3.us-east-1,ncbi.public",SRX24513163,Japan,Asia,Japan,Mus musculus,Illumina MiSeq,feces 27,34.646870 N 135.5067002 E,Patient026_day15_11,PAIRED,PCR,METAGENOMIC,mouse metagenome,ILLUMINA,2024-05-09T00:00:00Z,2024-05-09T21:52:00Z,1,Patient026_day15_11,SRP506877
SRR28984486,AMPLICON,601,91872818,PRJNA1109929,SAMN41306824,Metagenome or environmental,49761864,"THE INSTITUTE OF MEDICAL SCIENCE, THE UNIVERSITY OF TOKYO",2023,public,"fastq,run.zq,sra","s3,ncbi,gs","gs.us-east1,ncbi.public,s3.us-east-1",SRX24513162,Japan,Asia,Japan,Mus musculus,Illumina MiSeq,feces 26,34.646870 N 135.5067002 E,Patient026_day15_10,PAIRED,PCR,METAGENOMIC,mouse metagenome,ILLUMINA,2024-05-09T00:00:00Z,2024-05-09T21:52:00Z,1,Patient026_day15_10,SRP506877
SRR28984487,AMPLICON,600,28587318,PRJNA1109929,SAMN41307217,Metagenome or environmental,14790225,"THE INSTITUTE OF MEDICAL SCIENCE, THE UNIVERSITY OF TOKYO",2021,public,"fastq,run.zq,sra","ncbi,gs,s3","ncbi.public,s3.us-east-1,gs.us-east1",SRX24513161,Japan,Asia,Japan,Homo sapiens,Illumina MiSeq,feces 35,34.646870 N 135.5067002 E,OCUBMT008_day21,PAIRED,PCR,METAGENOMIC,human metagenome,ILLUMINA,2024-05-09T00:00:00Z,2024-05-09T21:51:00Z,1,OCUBMT008_day21,SRP506877
SRR28984488,AMPLICON,600,87397758,PRJNA1109929,SAMN41306826,Metagenome or environmental,47423571,"THE INSTITUTE OF MEDICAL SCIENCE, THE UNIVERSITY OF TOKYO",2023,public,"run.zq,fastq,sra","gs,s3,ncbi","s3.us-east-1,ncbi.public,gs.us-east1",SRX24513164,Japan,Asia,Japan,Mus musculus,Illumina MiSeq,feces 28,34.646870 N 135.5067002 E,Patient026_day15_12,PAIRED,PCR,METAGENOMIC,mouse metagenome,ILLUMINA,2024-05-09T00:00:00Z,2024-05-09T21:51:00Z,1,Patient026_day15_12,SRP506877
SRR28984489,AMPLICON,600,115093323,PRJNA1109929,SAMN41307096,Metagenome or environmental,64388941,"THE INSTITUTE OF MEDICAL SCIENCE, THE UNIVERSITY OF TOKYO",2023,public,"fastq,sra,run.zq","ncbi,gs,s3","gs.us-east1,s3.us-east-1,ncbi.public",SRX24513612,Japan,Asia,Japan,Mus musculus,Illumina MiSeq,feces 298,34.646870 N 135.5067002 E,Patient043_pre_78,PAIRED,PCR,METAGENOMIC,mouse metagenome,ILLUMINA,2024-05-09T00:00:00Z,2024-05-09T21:51:00Z,1,Patient043_pre_78,SRP506877
SRR28984490,AMPLICON,600,99920542,PRJNA1109929,SAMN41307095,Metagenome or environmental,56008495,"THE INSTITUTE OF MEDICAL SCIENCE, THE UNIVERSITY OF TOKYO",2023,public,"run.zq,fastq,sra","ncbi,gs,s3","s3.us-east-1,ncbi.public,gs.us-east1",SRX24513611,Japan,Asia,Japan,Mus musculus,Illumina MiSeq,feces 297,34.646870 N 135.5067002 E,Patient043_pre_77,PAIRED,PCR,METAGENOMIC,mouse metagenome,ILLUMINA,2024-05-09T00:00:00Z,2024-05-09T21:52:00Z,1,Patient043_pre_77,SRP506877
SRR28984491,AMPLICON,600,99398270,PRJNA1109929,SAMN41307094,Metagenome or environmental,55473764,"THE INSTITUTE OF MEDICAL SCIENCE, THE UNIVERSITY OF TOKYO",2023,public,"sra,run.zq,fastq","gs,s3,ncbi","s3.us-east-1,ncbi.public,gs.us-east1",SRX24513610,Japan,Asia,Japan,Mus musculus,Illumina MiSeq,feces 296,34.646870 N 135.5067002 E,Patient043_pre_76,PAIRED,PCR,METAGENOMIC,mouse metagenome,ILLUMINA,2024-05-09T00:00:00Z,2024-05-09T21:51:00Z,1,Patient043_pre_76,SRP506877
SRR28984492,AMPLICON,600,30880054,PRJNA1109929,SAMN41307244,Metagenome or environmental,16302433,"THE INSTITUTE OF MEDICAL SCIENCE, THE UNIVERSITY OF TOKYO",2021,public,"sra,run.zq,fastq","s3,gs,ncbi","ncbi.public,gs.us-east1,s3.us-east-1",SRX24513609,Japan,Asia,Japan,Homo sapiens,Illumina MiSeq,feces 62,34.646870 N 135.5067002 E,OCUBMT011_day7,PAIRED,PCR,METAGENOMIC,human metagenome,ILLUMINA,2024-05-09T00:00:00Z,2024-05-09T21:51:00Z,1,OCUBMT011_day7,SRP506877
SRR28984493,AMPLICON,600,108615072,PRJNA1109929,SAMN41307092,Metagenome or environmental,60982364,"THE INSTITUTE OF MEDICAL SCIENCE, THE UNIVERSITY OF TOKYO",2023,public,"sra,run.zq,fastq","s3,gs,ncbi","ncbi.public,s3.us-east-1,gs.us-east1",SRX24513607,Japan,Asia,Japan,Mus musculus,Illumina MiSeq,feces 294,34.646870 N 135.5067002 E,Patient043_pre_74,PAIRED,PCR,METAGENOMIC,mouse metagenome,ILLUMINA,2024-05-09T00:00:00Z,2024-05-09T21:52:00Z,1,Patient043_pre_74,SRP506877
SRR28984494,AMPLICON,600,114302436,PRJNA1109929,SAMN41307091,Metagenome or environmental,64116631,"THE INSTITUTE OF MEDICAL SCIENCE, THE UNIVERSITY OF TOKYO",2023,public,"sra,fastq,run.zq","gs,ncbi,s3","ncbi.public,gs.us-east1,s3.us-east-1",SRX24513606,Japan,Asia,Japan,Mus musculus,Illumina MiSeq,feces 293,34.646870 N 135.5067002 E,Patient043_pre_73,PAIRED,PCR,METAGENOMIC,mouse metagenome,ILLUMINA,2024-05-09T00:00:00Z,2024-05-09T21:51:00Z,1,Patient043_pre_73,SRP506877
SRR28984495,AMPLICON,600,101325802,PRJNA1109929,SAMN41307090,Metagenome or environmental,56757803,"THE INSTITUTE OF MEDICAL SCIENCE, THE UNIVERSITY OF TOKYO",2023,public,"fastq,sra,run.zq","s3,gs,ncbi","gs.us-east1,s3.us-east-1,ncbi.public",SRX24513605,Japan,Asia,Japan,Mus musculus,Illumina MiSeq,feces 292,34.646870 N 135.5067002 E,Patient043_pre_72,PAIRED,PCR,METAGENOMIC,mouse metagenome,ILLUMINA,2024-05-09T00:00:00Z,2024-05-09T21:52:00Z,1,Patient043_pre_72,SRP506877
SRR28984496,AMPLICON,600,104002722,PRJNA1109929,SAMN41307093,Metagenome or environmental,57718814,"THE INSTITUTE OF MEDICAL SCIENCE, THE UNIVERSITY OF TOKYO",2023,public,"sra,run.zq,fastq","s3,gs,ncbi","s3.us-east-1,ncbi.public,gs.us-east1",SRX24513608,Japan,Asia,Japan,Mus musculus,Illumina MiSeq,feces 295,34.646870 N 135.5067002 E,Patient043_pre_75,PAIRED,PCR,METAGENOMIC,mouse metagenome,ILLUMINA,2024-05-09T00:00:00Z,2024-05-09T21:52:00Z,1,Patient043_pre_75,SRP506877
SRR28984497,AMPLICON,600,112398667,PRJNA1109929,SAMN41307089,Metagenome or environmental,63037188,"THE INSTITUTE OF MEDICAL SCIENCE, THE UNIVERSITY OF TOKYO",2023,public,"fastq,run.zq,sra","ncbi,s3,gs","ncbi.public,s3.us-east-1,gs.us-east1",SRX24513604,Japan,Asia,Japan,Mus musculus,Illumina MiSeq,feces 291,34.646870 N 135.5067002 E,Patient043_pre_71,PAIRED,PCR,METAGENOMIC,mouse metagenome,ILLUMINA,2024-05-09T00:00:00Z,2024-05-09T21:52:00Z,1,Patient043_pre_71,SRP506877
SRR28984498,AMPLICON,600,78620140,PRJNA1109929,SAMN41307088,Metagenome or environmental,43707621,"THE INSTITUTE OF MEDICAL SCIENCE, THE UNIVERSITY OF TOKYO",2023,public,"run.zq,sra,fastq","s3,gs,ncbi","s3.us-east-1,gs.us-east1,ncbi.public",SRX24513603,Japan,Asia,Japan,Mus musculus,Illumina MiSeq,feces 290,34.646870 N 135.5067002 E,Patient043_donor,PAIRED,PCR,METAGENOMIC,mouse metagenome,ILLUMINA,2024-05-09T00:00:00Z,2024-05-09T21:52:00Z,1,Patient043_donor,SRP506877
SRR28984499,AMPLICON,599,69302512,PRJNA1109929,SAMN41307087,Metagenome or environmental,37757884,"THE INSTITUTE OF MEDICAL SCIENCE, THE UNIVERSITY OF TOKYO",2023,public,"fastq,run.zq,sra","s3,ncbi,gs","s3.us-east-1,ncbi.public,gs.us-east1",SRX24513602,Japan,Asia,Japan,Mus musculus,Illumina MiSeq,feces 289,34.646870 N 135.5067002 E,Patient043_day8_99,PAIRED,PCR,METAGENOMIC,mouse metagenome,ILLUMINA,2024-05-09T00:00:00Z,2024-05-09T21:52:00Z,1,Patient043_day8_99,SRP506877
SRR28984500,AMPLICON,599,81147410,PRJNA1109929,SAMN41307086,Metagenome or environmental,44155431,"THE INSTITUTE OF MEDICAL SCIENCE, THE UNIVERSITY OF TOKYO",2023,public,"run.zq,sra,fastq","gs,s3,ncbi","s3.us-east-1,gs.us-east1,ncbi.public",SRX24513601,Japan,Asia,Japan,Mus musculus,Illumina MiSeq,feces 288,34.646870 N 135.5067002 E,Patient043_day8_98,PAIRED,PCR,METAGENOMIC,mouse metagenome,ILLUMINA,2024-05-09T00:00:00Z,2024-05-09T21:51:00Z,1,Patient043_day8_98,SRP506877
SRR28984501,AMPLICON,599,66130798,PRJNA1109929,SAMN41307084,Metagenome or environmental,36286541,"THE INSTITUTE OF MEDICAL SCIENCE, THE UNIVERSITY OF TOKYO",2023,public,"sra,fastq,run.zq","s3,gs,ncbi","ncbi.public,s3.us-east-1,gs.us-east1",SRX24513599,Japan,Asia,Japan,Mus musculus,Illumina MiSeq,feces 286,34.646870 N 135.5067002 E,Patient043_day8_96,PAIRED,PCR,METAGENOMIC,mouse metagenome,ILLUMINA,2024-05-09T00:00:00Z,2024-05-09T21:52:00Z,1,Patient043_day8_96,SRP506877
SRR28984502,AMPLICON,595,46476276,PRJNA1109929,SAMN41307243,Metagenome or environmental,24984844,"THE INSTITUTE OF MEDICAL SCIENCE, THE UNIVERSITY OF TOKYO",2021,public,"sra,fastq,run.zq","ncbi,s3,gs","s3.us-east-1,ncbi.public,gs.us-east1",SRX24513598,Japan,Asia,Japan,Homo sapiens,Illumina MiSeq,feces 61,34.646870 N 135.5067002 E,OCUBMT011_day42,PAIRED,PCR,METAGENOMIC,human metagenome,ILLUMINA,2024-05-09T00:00:00Z,2024-05-09T21:52:00Z,1,OCUBMT011_day42,SRP506877
SRR28984503,AMPLICON,602,75745446,PRJNA1109929,SAMN41307189,Metagenome or environmental,41030710,"THE INSTITUTE OF MEDICAL SCIENCE, THE UNIVERSITY OF TOKYO",2021,public,"fastq,sra,run.zq","ncbi,s3,gs","gs.us-east1,s3.us-east-1,ncbi.public",SRX24513597,Japan,Asia,Japan,Homo sapiens,Illumina MiSeq,feces 7,34.646870 N 135.5067002 E,OCUBMT001_pre,PAIRED,PCR,METAGENOMIC,human metagenome,ILLUMINA,2024-05-09T00:00:00Z,2024-05-09T21:52:00Z,1,OCUBMT001_pre,SRP506877
SRR28984504,AMPLICON,600,85678637,PRJNA1109929,SAMN41307085,Metagenome or environmental,46707652,"THE INSTITUTE OF MEDICAL SCIENCE, THE UNIVERSITY OF TOKYO",2023,public,"run.zq,fastq,sra","gs,s3,ncbi","ncbi.public,gs.us-east1,s3.us-east-1",SRX24513600,Japan,Asia,Japan,Mus musculus,Illumina MiSeq,feces 287,34.646870 N 135.5067002 E,Patient043_day8_97,PAIRED,PCR,METAGENOMIC,mouse metagenome,ILLUMINA,2024-05-09T00:00:00Z,2024-05-09T21:52:00Z,1,Patient043_day8_97,SRP506877
SRR28984505,AMPLICON,599,77608981,PRJNA1109929,SAMN41307083,Metagenome or environmental,42254378,"THE INSTITUTE OF MEDICAL SCIENCE, THE UNIVERSITY OF TOKYO",2023,public,"run.zq,sra,fastq","ncbi,gs,s3","gs.us-east1,ncbi.public,s3.us-east-1",SRX24513596,Japan,Asia,Japan,Mus musculus,Illumina MiSeq,feces 285,34.646870 N 135.5067002 E,Patient043_day8_95,PAIRED,PCR,METAGENOMIC,mouse metagenome,ILLUMINA,2024-05-09T00:00:00Z,2024-05-09T21:52:00Z,1,Patient043_day8_95,SRP506877
SRR28984506,AMPLICON,599,84013274,PRJNA1109929,SAMN41307082,Metagenome or environmental,46145077,"THE INSTITUTE OF MEDICAL SCIENCE, THE UNIVERSITY OF TOKYO",2023,public,"run.zq,sra,fastq","ncbi,gs,s3","gs.us-east1,s3.us-east-1,ncbi.public",SRX24513595,Japan,Asia,Japan,Mus musculus,Illumina MiSeq,feces 284,34.646870 N 135.5067002 E,Patient043_day8_94,PAIRED,PCR,METAGENOMIC,mouse metagenome,ILLUMINA,2024-05-09T00:00:00Z,2024-05-09T21:51:00Z,1,Patient043_day8_94,SRP506877
SRR28984507,AMPLICON,599,75633399,PRJNA1109929,SAMN41307081,Metagenome or environmental,41659119,"THE INSTITUTE OF MEDICAL SCIENCE, THE UNIVERSITY OF TOKYO",2023,public,"sra,run.zq,fastq","gs,ncbi,s3","s3.us-east-1,ncbi.public,gs.us-east1",SRX24513594,Japan,Asia,Japan,Mus musculus,Illumina MiSeq,feces 283,34.646870 N 135.5067002 E,Patient043_day8_93,PAIRED,PCR,METAGENOMIC,mouse metagenome,ILLUMINA,2024-05-09T00:00:00Z,2024-05-09T21:52:00Z,1,Patient043_day8_93,SRP506877
SRR28984508,AMPLICON,600,88466953,PRJNA1109929,SAMN41307080,Metagenome or environmental,48613297,"THE INSTITUTE OF MEDICAL SCIENCE, THE UNIVERSITY OF TOKYO",2023,public,"run.zq,sra,fastq","ncbi,gs,s3","s3.us-east-1,ncbi.public,gs.us-east1",SRX24513593,Japan,Asia,Japan,Mus musculus,Illumina MiSeq,feces 282,34.646870 N 135.5067002 E,Patient043_day8_92,PAIRED,PCR,METAGENOMIC,mouse metagenome,ILLUMINA,2024-05-09T00:00:00Z,2024-05-09T21:52:00Z,1,Patient043_day8_92,SRP506877
SRR28984509,AMPLICON,600,111837542,PRJNA1109929,SAMN41307020,Metagenome or environmental,62593679,"THE INSTITUTE OF MEDICAL SCIENCE, THE UNIVERSITY OF TOKYO",2023,public,"sra,run.zq,fastq","gs,s3,ncbi","gs.us-east1,s3.us-east-1,ncbi.public",SRX24513591,Japan,Asia,Japan,Mus musculus,Illumina MiSeq,feces 222,34.646870 N 135.5067002 E,Patient043_day0_85,PAIRED,PCR,METAGENOMIC,mouse metagenome,ILLUMINA,2024-05-09T00:00:00Z,2024-05-09T21:52:00Z,1,Patient043_day0_85,SRP506877
SRR28984510,AMPLICON,600,102595442,PRJNA1109929,SAMN41307019,Metagenome or environmental,57088141,"THE INSTITUTE OF MEDICAL SCIENCE, THE UNIVERSITY OF TOKYO",2023,public,"fastq,run.zq,sra","gs,s3,ncbi","ncbi.public,s3.us-east-1,gs.us-east1",SRX24513590,Japan,Asia,Japan,Mus musculus,Illumina MiSeq,feces 221,34.646870 N 135.5067002 E,Patient043_day0_84,PAIRED,PCR,METAGENOMIC,mouse metagenome,ILLUMINA,2024-05-09T00:00:00Z,2024-05-09T21:52:00Z,1,Patient043_day0_84,SRP506877
SRR28984511,AMPLICON,600,106404123,PRJNA1109929,SAMN41307018,Metagenome or environmental,59518832,"THE INSTITUTE OF MEDICAL SCIENCE, THE UNIVERSITY OF TOKYO",2023,public,"run.zq,fastq,sra","ncbi,s3,gs","s3.us-east-1,gs.us-east1,ncbi.public",SRX24513589,Japan,Asia,Japan,Mus musculus,Illumina MiSeq,feces 220,34.646870 N 135.5067002 E,Patient043_day0_83,PAIRED,PCR,METAGENOMIC,mouse metagenome,ILLUMINA,2024-05-09T00:00:00Z,2024-05-09T21:52:00Z,1,Patient043_day0_83,SRP506877
SRR28984512,AMPLICON,600,110063303,PRJNA1109929,SAMN41307021,Metagenome or environmental,61395026,"THE INSTITUTE OF MEDICAL SCIENCE, THE UNIVERSITY OF TOKYO",2023,public,"fastq,run.zq,sra","gs,s3,ncbi","s3.us-east-1,ncbi.public,gs.us-east1",SRX24513592,Japan,Asia,Japan,Mus musculus,Illumina MiSeq,feces 223,34.646870 N 135.5067002 E,Patient043_day0_86,PAIRED,PCR,METAGENOMIC,mouse metagenome,ILLUMINA,2024-05-09T00:00:00Z,2024-05-09T21:52:00Z,1,Patient043_day0_86,SRP506877
SRR28984513,AMPLICON,600,112019761,PRJNA1109929,SAMN41307017,Metagenome or environmental,62538890,"THE INSTITUTE OF MEDICAL SCIENCE, THE UNIVERSITY OF TOKYO",2023,public,"fastq,run.zq,sra","s3,ncbi,gs","gs.us-east1,s3.us-east-1,ncbi.public",SRX24513588,Japan,Asia,Japan,Mus musculus,Illumina MiSeq,feces 219,34.646870 N 135.5067002 E,Patient043_day0_82,PAIRED,PCR,METAGENOMIC,mouse metagenome,ILLUMINA,2024-05-09T00:00:00Z,2024-05-09T21:52:00Z,1,Patient043_day0_82,SRP506877
SRR28984514,AMPLICON,600,108229733,PRJNA1109929,SAMN41307016,Metagenome or environmental,60514814,"THE INSTITUTE OF MEDICAL SCIENCE, THE UNIVERSITY OF TOKYO",2023,public,"fastq,run.zq,sra","gs,ncbi,s3","ncbi.public,gs.us-east1,s3.us-east-1",SRX24513587,Japan,Asia,Japan,Mus musculus,Illumina MiSeq,feces 218,34.646870 N 135.5067002 E,Patient043_day0_81,PAIRED,PCR,METAGENOMIC,mouse metagenome,ILLUMINA,2024-05-09T00:00:00Z,2024-05-09T21:52:00Z,1,Patient043_day0_81,SRP506877
SRR28984515,AMPLICON,600,97882812,PRJNA1109929,SAMN41307015,Metagenome or environmental,54946342,"THE INSTITUTE OF MEDICAL SCIENCE, THE UNIVERSITY OF TOKYO",2023,public,"fastq,run.zq,sra","ncbi,gs,s3","gs.us-east1,ncbi.public,s3.us-east-1",SRX24513586,Japan,Asia,Japan,Mus musculus,Illumina MiSeq,feces 217,34.646870 N 135.5067002 E,Patient043_day0_80,PAIRED,PCR,METAGENOMIC,mouse metagenome,ILLUMINA,2024-05-09T00:00:00Z,2024-05-09T21:52:00Z,1,Patient043_day0_80,SRP506877
SRR28984516,AMPLICON,600,105706882,PRJNA1109929,SAMN41307014,Metagenome or environmental,59055183,"THE INSTITUTE OF MEDICAL SCIENCE, THE UNIVERSITY OF TOKYO",2023,public,"run.zq,fastq,sra","s3,ncbi,gs","gs.us-east1,s3.us-east-1,ncbi.public",SRX24513585,Japan,Asia,Japan,Mus musculus,Illumina MiSeq,feces 216,34.646870 N 135.5067002 E,Patient043_day0_79,PAIRED,PCR,METAGENOMIC,mouse metagenome,ILLUMINA,2024-05-09T00:00:00Z,2024-05-09T21:52:00Z,1,Patient043_day0_79,SRP506877
SRR28984517,AMPLICON,600,117746486,PRJNA1109929,SAMN41307013,Metagenome or environmental,66445396,"THE INSTITUTE OF MEDICAL SCIENCE, THE UNIVERSITY OF TOKYO",2023,public,"fastq,sra,run.zq","gs,ncbi,s3","gs.us-east1,ncbi.public,s3.us-east-1",SRX24513583,Japan,Asia,Japan,Mus musculus,Illumina MiSeq,feces 215,34.646870 N 135.5067002 E,Patient043_day0_78,PAIRED,PCR,METAGENOMIC,mouse metagenome,ILLUMINA,2024-05-09T00:00:00Z,2024-05-09T21:52:00Z,1,Patient043_day0_78,SRP506877
SRR28984518,AMPLICON,600,117220929,PRJNA1109929,SAMN41307012,Metagenome or environmental,66340093,"THE INSTITUTE OF MEDICAL SCIENCE, THE UNIVERSITY OF TOKYO",2023,public,"sra,fastq,run.zq","gs,s3,ncbi","s3.us-east-1,ncbi.public,gs.us-east1",SRX24513582,Japan,Asia,Japan,Mus musculus,Illumina MiSeq,feces 214,34.646870 N 135.5067002 E,Patient043_day0_77,PAIRED,PCR,METAGENOMIC,mouse metagenome,ILLUMINA,2024-05-09T00:00:00Z,2024-05-09T21:52:00Z,1,Patient043_day0_77,SRP506877
SRR28984519,AMPLICON,600,111593422,PRJNA1109929,SAMN41307011,Metagenome or environmental,62768821,"THE INSTITUTE OF MEDICAL SCIENCE, THE UNIVERSITY OF TOKYO",2023,public,"fastq,sra,run.zq","gs,s3,ncbi","gs.us-east1,ncbi.public,s3.us-east-1",SRX24513581,Japan,Asia,Japan,Mus musculus,Illumina MiSeq,feces 213,34.646870 N 135.5067002 E,Patient043_day0_76,PAIRED,PCR,METAGENOMIC,mouse metagenome,ILLUMINA,2024-05-09T00:00:00Z,2024-05-09T21:52:00Z,1,Patient043_day0_76,SRP506877
SRR28984520,AMPLICON,601,36079416,PRJNA1109929,SAMN41307236,Metagenome or environmental,18946795,"THE INSTITUTE OF MEDICAL SCIENCE, THE UNIVERSITY OF TOKYO",2021,public,"sra,run.zq,fastq","s3,ncbi,gs","s3.us-east-1,ncbi.public,gs.us-east1",SRX24513584,Japan,Asia,Japan,Homo sapiens,Illumina MiSeq,feces 54,34.646870 N 135.5067002 E,OCUBMT010_day7-1,PAIRED,PCR,METAGENOMIC,human metagenome,ILLUMINA,2024-05-09T00:00:00Z,2024-05-09T21:52:00Z,1,OCUBMT010_day7-1,SRP506877
SRR28984521,AMPLICON,600,108404665,PRJNA1109929,SAMN41307010,Metagenome or environmental,61352383,"THE INSTITUTE OF MEDICAL SCIENCE, THE UNIVERSITY OF TOKYO",2023,public,"sra,fastq,run.zq","ncbi,s3,gs","ncbi.public,gs.us-east1,s3.us-east-1",SRX24513580,Japan,Asia,Japan,Mus musculus,Illumina MiSeq,feces 212,34.646870 N 135.5067002 E,Patient043_day0_75,PAIRED,PCR,METAGENOMIC,mouse metagenome,ILLUMINA,2024-05-09T00:00:00Z,2024-05-09T21:52:00Z,1,Patient043_day0_75,SRP506877
SRR28984522,AMPLICON,600,99489105,PRJNA1109929,SAMN41307009,Metagenome or environmental,56265892,"THE INSTITUTE OF MEDICAL SCIENCE, THE UNIVERSITY OF TOKYO",2023,public,"sra,fastq,run.zq","s3,gs,ncbi","s3.us-east-1,ncbi.public,gs.us-east1",SRX24513579,Japan,Asia,Japan,Mus musculus,Illumina MiSeq,feces 211,34.646870 N 135.5067002 E,Patient043_day0_74,PAIRED,PCR,METAGENOMIC,mouse metagenome,ILLUMINA,2024-05-09T00:00:00Z,2024-05-09T21:52:00Z,1,Patient043_day0_74,SRP506877
SRR28984523,AMPLICON,600,108090749,PRJNA1109929,SAMN41307008,Metagenome or environmental,61040942,"THE INSTITUTE OF MEDICAL SCIENCE, THE UNIVERSITY OF TOKYO",2023,public,"run.zq,sra,fastq","ncbi,s3,gs","s3.us-east-1,ncbi.public,gs.us-east1",SRX24513578,Japan,Asia,Japan,Mus musculus,Illumina MiSeq,feces 210,34.646870 N 135.5067002 E,Patient043_day0_73,PAIRED,PCR,METAGENOMIC,mouse metagenome,ILLUMINA,2024-05-09T00:00:00Z,2024-05-09T21:51:00Z,1,Patient043_day0_73,SRP506877
SRR28984524,AMPLICON,600,110838240,PRJNA1109929,SAMN41307007,Metagenome or environmental,62774831,"THE INSTITUTE OF MEDICAL SCIENCE, THE UNIVERSITY OF TOKYO",2023,public,"run.zq,fastq,sra","s3,ncbi,gs","ncbi.public,s3.us-east-1,gs.us-east1",SRX24513577,Japan,Asia,Japan,Mus musculus,Illumina MiSeq,feces 209,34.646870 N 135.5067002 E,Patient043_day0_72,PAIRED,PCR,METAGENOMIC,mouse metagenome,ILLUMINA,2024-05-09T00:00:00Z,2024-05-09T21:52:00Z,1,Patient043_day0_72,SRP506877
SRR28984525,AMPLICON,600,84028340,PRJNA1109929,SAMN41307005,Metagenome or environmental,47102911,"THE INSTITUTE OF MEDICAL SCIENCE, THE UNIVERSITY OF TOKYO",2023,public,"fastq,run.zq,sra","s3,gs,ncbi","ncbi.public,gs.us-east1,s3.us-east-1",SRX24513575,Japan,Asia,Japan,Mus musculus,Illumina MiSeq,feces 207,34.646870 N 135.5067002 E,Patient032_pre_16,PAIRED,PCR,METAGENOMIC,mouse metagenome,ILLUMINA,2024-05-09T00:00:00Z,2024-05-09T21:52:00Z,1,Patient032_pre_16,SRP506877
SRR28984526,AMPLICON,600,97986097,PRJNA1109929,SAMN41307004,Metagenome or environmental,55273252,"THE INSTITUTE OF MEDICAL SCIENCE, THE UNIVERSITY OF TOKYO",2023,public,"run.zq,fastq,sra","gs,s3,ncbi","gs.us-east1,s3.us-east-1,ncbi.public",SRX24513574,Japan,Asia,Japan,Mus musculus,Illumina MiSeq,feces 206,34.646870 N 135.5067002 E,Patient032_pre_15,PAIRED,PCR,METAGENOMIC,mouse metagenome,ILLUMINA,2024-05-09T00:00:00Z,2024-05-09T21:52:00Z,1,Patient032_pre_15,SRP506877
SRR28984527,AMPLICON,597,37290208,PRJNA1109929,SAMN41307235,Metagenome or environmental,19462716,"THE INSTITUTE OF MEDICAL SCIENCE, THE UNIVERSITY OF TOKYO",2021,public,"run.zq,fastq,sra","gs,ncbi,s3","gs.us-east1,s3.us-east-1,ncbi.public",SRX24513573,Japan,Asia,Japan,Homo sapiens,Illumina MiSeq,feces 53,34.646870 N 135.5067002 E,OCUBMT010_day42,PAIRED,PCR,METAGENOMIC,human metagenome,ILLUMINA,2024-05-09T00:00:00Z,2024-05-09T21:52:00Z,1,OCUBMT010_day42,SRP506877
SRR28984528,AMPLICON,600,121412899,PRJNA1109929,SAMN41307006,Metagenome or environmental,68547628,"THE INSTITUTE OF MEDICAL SCIENCE, THE UNIVERSITY OF TOKYO",2023,public,"sra,run.zq,fastq","s3,gs,ncbi","gs.us-east1,s3.us-east-1,ncbi.public",SRX24513576,Japan,Asia,Japan,Mus musculus,Illumina MiSeq,feces 208,34.646870 N 135.5067002 E,Patient043_day0_71,PAIRED,PCR,METAGENOMIC,mouse metagenome,ILLUMINA,2024-05-09T00:00:00Z,2024-05-09T21:52:00Z,1,Patient043_day0_71,SRP506877
SRR28984529,AMPLICON,600,74364888,PRJNA1109929,SAMN41307003,Metagenome or environmental,41362133,"THE INSTITUTE OF MEDICAL SCIENCE, THE UNIVERSITY OF TOKYO",2023,public,"sra,run.zq,fastq","s3,gs,ncbi","s3.us-east-1,ncbi.public,gs.us-east1",SRX24513572,Japan,Asia,Japan,Mus musculus,Illumina MiSeq,feces 205,34.646870 N 135.5067002 E,Patient032_pre_14,PAIRED,PCR,METAGENOMIC,mouse metagenome,ILLUMINA,2024-05-09T00:00:00Z,2024-05-09T21:52:00Z,1,Patient032_pre_14,SRP506877
SRR28984530,AMPLICON,600,89856144,PRJNA1109929,SAMN41307002,Metagenome or environmental,50515917,"THE INSTITUTE OF MEDICAL SCIENCE, THE UNIVERSITY OF TOKYO",2023,public,"fastq,sra,run.zq","gs,s3,ncbi","ncbi.public,gs.us-east1,s3.us-east-1",SRX24513508,Japan,Asia,Japan,Mus musculus,Illumina MiSeq,feces 204,34.646870 N 135.5067002 E,Patient032_pre_13,PAIRED,PCR,METAGENOMIC,mouse metagenome,ILLUMINA,2024-05-09T00:00:00Z,2024-05-09T21:52:00Z,1,Patient032_pre_13,SRP506877
SRR28984531,AMPLICON,601,103749363,PRJNA1109929,SAMN41306963,Metagenome or environmental,61382942,"THE INSTITUTE OF MEDICAL SCIENCE, THE UNIVERSITY OF TOKYO",2023,public,"sra,run.zq,fastq","ncbi,gs,s3","gs.us-east1,s3.us-east-1,ncbi.public",SRX24513570,Japan,Asia,Japan,Mus musculus,Illumina MiSeq,feces 165,34.646870 N 135.5067002 E,Patient032_day15_07,PAIRED,PCR,METAGENOMIC,mouse metagenome,ILLUMINA,2024-05-09T00:00:00Z,2024-05-09T21:52:00Z,1,Patient032_day15_07,SRP506877
SRR28984532,AMPLICON,601,97089497,PRJNA1109929,SAMN41306962,Metagenome or environmental,56827466,"THE INSTITUTE OF MEDICAL SCIENCE, THE UNIVERSITY OF TOKYO",2023,public,"run.zq,fastq,sra","gs,ncbi,s3","s3.us-east-1,ncbi.public,gs.us-east1",SRX24513569,Japan,Asia,Japan,Mus musculus,Illumina MiSeq,feces 164,34.646870 N 135.5067002 E,Patient032_day15_06,PAIRED,PCR,METAGENOMIC,mouse metagenome,ILLUMINA,2024-05-09T00:00:00Z,2024-05-09T21:52:00Z,1,Patient032_day15_06,SRP506877
SRR28984533,AMPLICON,601,113161487,PRJNA1109929,SAMN41306961,Metagenome or environmental,66783215,"THE INSTITUTE OF MEDICAL SCIENCE, THE UNIVERSITY OF TOKYO",2023,public,"fastq,sra,run.zq","gs,ncbi,s3","gs.us-east1,ncbi.public,s3.us-east-1",SRX24513568,Japan,Asia,Japan,Mus musculus,Illumina MiSeq,feces 163,34.646870 N 135.5067002 E,Patient032_day15_05,PAIRED,PCR,METAGENOMIC,mouse metagenome,ILLUMINA,2024-05-09T00:00:00Z,2024-05-09T21:52:00Z,1,Patient032_day15_05,SRP506877
SRR28984534,AMPLICON,601,47256838,PRJNA1109929,SAMN41307231,Metagenome or environmental,24937288,"THE INSTITUTE OF MEDICAL SCIENCE, THE UNIVERSITY OF TOKYO",2021,public,"sra,fastq,run.zq","gs,ncbi,s3","ncbi.public,gs.us-east1,s3.us-east-1",SRX24513571,Japan,Asia,Japan,Homo sapiens,Illumina MiSeq,feces 49,34.646870 N 135.5067002 E,OCUBMT010_day14,PAIRED,PCR,METAGENOMIC,human metagenome,ILLUMINA,2024-05-09T00:00:00Z,2024-05-09T21:52:00Z,1,OCUBMT010_day14,SRP506877
SRR28984535,AMPLICON,601,108832251,PRJNA1109929,SAMN41306960,Metagenome or environmental,64145264,"THE INSTITUTE OF MEDICAL SCIENCE, THE UNIVERSITY OF TOKYO",2023,public,"fastq,sra,run.zq","ncbi,s3,gs","ncbi.public,s3.us-east-1,gs.us-east1",SRX24513567,Japan,Asia,Japan,Mus musculus,Illumina MiSeq,feces 162,34.646870 N 135.5067002 E,Patient032_day15_04,PAIRED,PCR,METAGENOMIC,mouse metagenome,ILLUMINA,2024-05-09T00:00:00Z,2024-05-09T21:52:00Z,1,Patient032_day15_04,SRP506877
SRR28984536,AMPLICON,601,106386306,PRJNA1109929,SAMN41306959,Metagenome or environmental,62828706,"THE INSTITUTE OF MEDICAL SCIENCE, THE UNIVERSITY OF TOKYO",2023,public,"run.zq,sra,fastq","gs,s3,ncbi","ncbi.public,s3.us-east-1,gs.us-east1",SRX24513566,Japan,Asia,Japan,Mus musculus,Illumina MiSeq,feces 161,34.646870 N 135.5067002 E,Patient032_day15_03,PAIRED,PCR,METAGENOMIC,mouse metagenome,ILLUMINA,2024-05-09T00:00:00Z,2024-05-09T21:52:00Z,1,Patient032_day15_03,SRP506877
SRR28984537,AMPLICON,601,118969920,PRJNA1109929,SAMN41306958,Metagenome or environmental,70503083,"THE INSTITUTE OF MEDICAL SCIENCE, THE UNIVERSITY OF TOKYO",2023,public,"run.zq,fastq,sra","ncbi,s3,gs","gs.us-east1,ncbi.public,s3.us-east-1",SRX24513565,Japan,Asia,Japan,Mus musculus,Illumina MiSeq,feces 160,34.646870 N 135.5067002 E,Patient032_day15_02,PAIRED,PCR,METAGENOMIC,mouse metagenome,ILLUMINA,2024-05-09T00:00:00Z,2024-05-09T21:52:00Z,1,Patient032_day15_02,SRP506877
SRR28984538,AMPLICON,601,123283705,PRJNA1109929,SAMN41306957,Metagenome or environmental,72601793,"THE INSTITUTE OF MEDICAL SCIENCE, THE UNIVERSITY OF TOKYO",2023,public,"fastq,run.zq,sra","ncbi,gs,s3","s3.us-east-1,ncbi.public,gs.us-east1",SRX24513564,Japan,Asia,Japan,Mus musculus,Illumina MiSeq,feces 159,34.646870 N 135.5067002 E,Patient032_day15_01,PAIRED,PCR,METAGENOMIC,mouse metagenome,ILLUMINA,2024-05-09T00:00:00Z,2024-05-09T21:51:00Z,1,Patient032_day15_01,SRP506877
SRR28984539,AMPLICON,601,86379527,PRJNA1109929,SAMN41306955,Metagenome or environmental,48075290,"THE INSTITUTE OF MEDICAL SCIENCE, THE UNIVERSITY OF TOKYO",2023,public,"run.zq,fastq,sra","s3,ncbi,gs","s3.us-east-1,ncbi.public,gs.us-east1",SRX24513562,Japan,Asia,Japan,Mus musculus,Illumina MiSeq,feces 157,34.646870 N 135.5067002 E,Patient032_day0_15,PAIRED,PCR,METAGENOMIC,mouse metagenome,ILLUMINA,2024-05-09T00:00:00Z,2024-05-09T21:52:00Z,1,Patient032_day0_15,SRP506877
SRR28984540,AMPLICON,601,101500447,PRJNA1109929,SAMN41306954,Metagenome or environmental,55511998,"THE INSTITUTE OF MEDICAL SCIENCE, THE UNIVERSITY OF TOKYO",2023,public,"fastq,run.zq,sra","s3,ncbi,gs","ncbi.public,s3.us-east-1,gs.us-east1",SRX24513561,Japan,Asia,Japan,Mus musculus,Illumina MiSeq,feces 156,34.646870 N 135.5067002 E,Patient032_day0_14,PAIRED,PCR,METAGENOMIC,mouse metagenome,ILLUMINA,2024-05-09T00:00:00Z,2024-05-09T21:51:00Z,1,Patient032_day0_14,SRP506877
SRR28984541,AMPLICON,601,19750787,PRJNA1109929,SAMN41307230,Metagenome or environmental,10502988,"THE INSTITUTE OF MEDICAL SCIENCE, THE UNIVERSITY OF TOKYO",2021,public,"fastq,run.zq,sra","gs,s3,ncbi","ncbi.public,s3.us-east-1,gs.us-east1",SRX24513560,Japan,Asia,Japan,Homo sapiens,Illumina MiSeq,feces 48,34.646870 N 135.5067002 E,OCUBMT010_day0,PAIRED,PCR,METAGENOMIC,human metagenome,ILLUMINA,2024-05-09T00:00:00Z,2024-05-09T21:52:00Z,1,OCUBMT010_day0,SRP506877
SRR28984542,AMPLICON,601,86308869,PRJNA1109929,SAMN41306956,Metagenome or environmental,47668223,"THE INSTITUTE OF MEDICAL SCIENCE, THE UNIVERSITY OF TOKYO",2023,public,"run.zq,sra,fastq","s3,gs,ncbi","ncbi.public,gs.us-east1,s3.us-east-1",SRX24513563,Japan,Asia,Japan,Mus musculus,Illumina MiSeq,feces 158,34.646870 N 135.5067002 E,Patient032_day0_16,PAIRED,PCR,METAGENOMIC,mouse metagenome,ILLUMINA,2024-05-09T00:00:00Z,2024-05-09T21:52:00Z,1,Patient032_day0_16,SRP506877
SRR28984543,AMPLICON,601,181097875,PRJNA1109929,SAMN41306953,Metagenome or environmental,99902820,"THE INSTITUTE OF MEDICAL SCIENCE, THE UNIVERSITY OF TOKYO",2023,public,"run.zq,sra,fastq","gs,s3,ncbi","gs.us-east1,ncbi.public,s3.us-east-1",SRX24513559,Japan,Asia,Japan,Mus musculus,Illumina MiSeq,feces 155,34.646870 N 135.5067002 E,Patient032_day0_13,PAIRED,PCR,METAGENOMIC,mouse metagenome,ILLUMINA,2024-05-09T00:00:00Z,2024-05-09T21:52:00Z,1,Patient032_day0_13,SRP506877
SRR28984544,AMPLICON,601,94610367,PRJNA1109929,SAMN41306952,Metagenome or environmental,52461411,"THE INSTITUTE OF MEDICAL SCIENCE, THE UNIVERSITY OF TOKYO",2023,public,"sra,fastq,run.zq","s3,gs,ncbi","ncbi.public,s3.us-east-1,gs.us-east1",SRX24513558,Japan,Asia,Japan,Mus musculus,Illumina MiSeq,feces 154,34.646870 N 135.5067002 E,Patient032_day0_12,PAIRED,PCR,METAGENOMIC,mouse metagenome,ILLUMINA,2024-05-09T00:00:00Z,2024-05-09T21:52:00Z,1,Patient032_day0_12,SRP506877
SRR28984545,AMPLICON,601,85080319,PRJNA1109929,SAMN41306951,Metagenome or environmental,47134463,"THE INSTITUTE OF MEDICAL SCIENCE, THE UNIVERSITY OF TOKYO",2023,public,"sra,run.zq,fastq","s3,ncbi,gs","gs.us-east1,ncbi.public,s3.us-east-1",SRX24513557,Japan,Asia,Japan,Mus musculus,Illumina MiSeq,feces 153,34.646870 N 135.5067002 E,Patient032_day0_11,PAIRED,PCR,METAGENOMIC,mouse metagenome,ILLUMINA,2024-05-09T00:00:00Z,2024-05-09T21:52:00Z,1,Patient032_day0_11,SRP506877
SRR28984546,AMPLICON,601,118735896,PRJNA1109929,SAMN41306950,Metagenome or environmental,66076912,"THE INSTITUTE OF MEDICAL SCIENCE, THE UNIVERSITY OF TOKYO",2023,public,"fastq,run.zq,sra","s3,gs,ncbi","gs.us-east1,ncbi.public,s3.us-east-1",SRX24513556,Japan,Asia,Japan,Mus musculus,Illumina MiSeq,feces 152,34.646870 N 135.5067002 E,Patient032_day0_10,PAIRED,PCR,METAGENOMIC,mouse metagenome,ILLUMINA,2024-05-09T00:00:00Z,2024-05-09T21:51:00Z,1,Patient032_day0_10,SRP506877
SRR28984547,AMPLICON,601,77430666,PRJNA1109929,SAMN41306948,Metagenome or environmental,42825545,"THE INSTITUTE OF MEDICAL SCIENCE, THE UNIVERSITY OF TOKYO",2023,public,"run.zq,fastq,sra","ncbi,gs,s3","ncbi.public,s3.us-east-1,gs.us-east1",SRX24513554,Japan,Asia,Japan,Mus musculus,Illumina MiSeq,feces 150,34.646870 N 135.5067002 E,Patient032_day0_08,PAIRED,PCR,METAGENOMIC,mouse metagenome,ILLUMINA,2024-05-09T00:00:00Z,2024-05-09T21:52:00Z,1,Patient032_day0_08,SRP506877
SRR28984548,AMPLICON,601,94857236,PRJNA1109929,SAMN41306947,Metagenome or environmental,52589766,"THE INSTITUTE OF MEDICAL SCIENCE, THE UNIVERSITY OF TOKYO",2023,public,"sra,fastq,run.zq","gs,ncbi,s3","s3.us-east-1,ncbi.public,gs.us-east1",SRX24513553,Japan,Asia,Japan,Mus musculus,Illumina MiSeq,feces 149,34.646870 N 135.5067002 E,Patient032_day0_07,PAIRED,PCR,METAGENOMIC,mouse metagenome,ILLUMINA,2024-05-09T00:00:00Z,2024-05-09T21:52:00Z,1,Patient032_day0_07,SRP506877
SRR28984549,AMPLICON,601,77466837,PRJNA1109929,SAMN41306946,Metagenome or environmental,42487510,"THE INSTITUTE OF MEDICAL SCIENCE, THE UNIVERSITY OF TOKYO",2023,public,"run.zq,sra,fastq","ncbi,s3,gs","ncbi.public,gs.us-east1,s3.us-east-1",SRX24513552,Japan,Asia,Japan,Mus musculus,Illumina MiSeq,feces 148,34.646870 N 135.5067002 E,Patient032_day0_06,PAIRED,PCR,METAGENOMIC,mouse metagenome,ILLUMINA,2024-05-09T00:00:00Z,2024-05-09T21:51:00Z,1,Patient032_day0_06,SRP506877
SRR28984550,AMPLICON,601,131126957,PRJNA1109929,SAMN41306949,Metagenome or environmental,72465890,"THE INSTITUTE OF MEDICAL SCIENCE, THE UNIVERSITY OF TOKYO",2023,public,"sra,fastq,run.zq","s3,gs,ncbi","ncbi.public,s3.us-east-1,gs.us-east1",SRX24513555,Japan,Asia,Japan,Mus musculus,Illumina MiSeq,feces 151,34.646870 N 135.5067002 E,Patient032_day0_09,PAIRED,PCR,METAGENOMIC,mouse metagenome,ILLUMINA,2024-05-09T00:00:00Z,2024-05-09T21:52:00Z,1,Patient032_day0_09,SRP506877
SRR28984551,AMPLICON,601,92714057,PRJNA1109929,SAMN41306945,Metagenome or environmental,51312898,"THE INSTITUTE OF MEDICAL SCIENCE, THE UNIVERSITY OF TOKYO",2023,public,"fastq,sra,run.zq","ncbi,s3,gs","s3.us-east-1,ncbi.public,gs.us-east1",SRX24513551,Japan,Asia,Japan,Mus musculus,Illumina MiSeq,feces 147,34.646870 N 135.5067002 E,Patient032_day0_05,PAIRED,PCR,METAGENOMIC,mouse metagenome,ILLUMINA,2024-05-09T00:00:00Z,2024-05-09T21:52:00Z,1,Patient032_day0_05,SRP506877
SRR28984552,AMPLICON,601,75181207,PRJNA1109929,SAMN41307154,Metagenome or environmental,44710972,"THE INSTITUTE OF MEDICAL SCIENCE, THE UNIVERSITY OF TOKYO",2023,public,"fastq,sra,run.zq","s3,gs,ncbi","ncbi.public,gs.us-east1,s3.us-east-1",SRX24513550,Japan,Asia,Japan,Mus musculus,Illumina MiSeq,feces 356,34.646870 N 135.5067002 E,Patient062_day8_05,PAIRED,PCR,METAGENOMIC,mouse metagenome,ILLUMINA,2024-05-09T00:00:00Z,2024-05-09T21:52:00Z,1,Patient062_day8_05,SRP506877
SRR28984553,AMPLICON,601,78492411,PRJNA1109929,SAMN41307155,Metagenome or environmental,46202162,"THE INSTITUTE OF MEDICAL SCIENCE, THE UNIVERSITY OF TOKYO",2023,public,"run.zq,fastq,sra","ncbi,s3,gs","ncbi.public,s3.us-east-1,gs.us-east1",SRX24513549,Japan,Asia,Japan,Mus musculus,Illumina MiSeq,feces 357,34.646870 N 135.5067002 E,Patient062_day8_06,PAIRED,PCR,METAGENOMIC,mouse metagenome,ILLUMINA,2024-05-09T00:00:00Z,2024-05-09T21:51:00Z,1,Patient062_day8_06,SRP506877
SRR28984554,AMPLICON,601,82028643,PRJNA1109929,SAMN41307158,Metagenome or environmental,48198267,"THE INSTITUTE OF MEDICAL SCIENCE, THE UNIVERSITY OF TOKYO",2023,public,"run.zq,fastq,sra","gs,s3,ncbi","ncbi.public,s3.us-east-1,gs.us-east1",SRX24513616,Japan,Asia,Japan,Mus musculus,Illumina MiSeq,feces 360,34.646870 N 135.5067002 E,Patient062_day8_09,PAIRED,PCR,METAGENOMIC,mouse metagenome,ILLUMINA,2024-05-09T00:00:00Z,2024-05-09T21:51:00Z,1,Patient062_day8_09,SRP506877
SRR28984555,AMPLICON,601,87640889,PRJNA1109929,SAMN41306944,Metagenome or environmental,48409267,"THE INSTITUTE OF MEDICAL SCIENCE, THE UNIVERSITY OF TOKYO",2023,public,"run.zq,fastq,sra","ncbi,s3,gs","ncbi.public,s3.us-east-1,gs.us-east1",SRX24513486,Japan,Asia,Japan,Mus musculus,Illumina MiSeq,feces 146,34.646870 N 135.5067002 E,Patient032_day0_04,PAIRED,PCR,METAGENOMIC,mouse metagenome,ILLUMINA,2024-05-09T00:00:00Z,2024-05-09T21:52:00Z,1,Patient032_day0_04,SRP506877
SRR28984556,AMPLICON,599,33709374,PRJNA1109929,SAMN41307250,Metagenome or environmental,17244823,"THE INSTITUTE OF MEDICAL SCIENCE, THE UNIVERSITY OF TOKYO",2021,public,"run.zq,sra,fastq","s3,ncbi,gs","ncbi.public,gs.us-east1,s3.us-east-1",SRX24513548,Japan,Asia,Japan,Homo sapiens,Illumina MiSeq,feces 68,34.646870 N 135.5067002 E,OCUBMT012_day7,PAIRED,PCR,METAGENOMIC,human metagenome,ILLUMINA,2024-05-09T00:00:00Z,2024-05-09T21:52:00Z,1,OCUBMT012_day7,SRP506877
SRR28984557,AMPLICON,601,72183242,PRJNA1109929,SAMN41307153,Metagenome or environmental,42846478,"THE INSTITUTE OF MEDICAL SCIENCE, THE UNIVERSITY OF TOKYO",2023,public,"fastq,sra,run.zq","gs,ncbi,s3","s3.us-east-1,ncbi.public,gs.us-east1",SRX24513547,Japan,Asia,Japan,Mus musculus,Illumina MiSeq,feces 355,34.646870 N 135.5067002 E,Patient062_day8_04,PAIRED,PCR,METAGENOMIC,mouse metagenome,ILLUMINA,2024-05-09T00:00:00Z,2024-05-09T21:52:00Z,1,Patient062_day8_04,SRP506877
SRR28984558,AMPLICON,601,77094758,PRJNA1109929,SAMN41307152,Metagenome or environmental,45762936,"THE INSTITUTE OF MEDICAL SCIENCE, THE UNIVERSITY OF TOKYO",2023,public,"sra,fastq,run.zq","gs,s3,ncbi","gs.us-east1,ncbi.public,s3.us-east-1",SRX24513546,Japan,Asia,Japan,Mus musculus,Illumina MiSeq,feces 354,34.646870 N 135.5067002 E,Patient062_day8_03,PAIRED,PCR,METAGENOMIC,mouse metagenome,ILLUMINA,2024-05-09T00:00:00Z,2024-05-09T21:51:00Z,1,Patient062_day8_03,SRP506877
SRR28984559,AMPLICON,601,90928295,PRJNA1109929,SAMN41307150,Metagenome or environmental,54111194,"THE INSTITUTE OF MEDICAL SCIENCE, THE UNIVERSITY OF TOKYO",2023,public,"sra,fastq,run.zq","s3,gs,ncbi","ncbi.public,gs.us-east1,s3.us-east-1",SRX24513544,Japan,Asia,Japan,Mus musculus,Illumina MiSeq,feces 352,34.646870 N 135.5067002 E,Patient062_day8_01,PAIRED,PCR,METAGENOMIC,mouse metagenome,ILLUMINA,2024-05-09T00:00:00Z,2024-05-09T21:52:00Z,1,Patient062_day8_01,SRP506877
SRR28984560,AMPLICON,600,107439613,PRJNA1109929,SAMN41307149,Metagenome or environmental,64012762,"THE INSTITUTE OF MEDICAL SCIENCE, THE UNIVERSITY OF TOKYO",2023,public,"fastq,sra,run.zq","s3,gs,ncbi","gs.us-east1,s3.us-east-1,ncbi.public",SRX24513543,Japan,Asia,Japan,Mus musculus,Illumina MiSeq,feces 351,34.646870 N 135.5067002 E,Patient062_day15_16,PAIRED,PCR,METAGENOMIC,mouse metagenome,ILLUMINA,2024-05-09T00:00:00Z,2024-05-09T21:52:00Z,1,Patient062_day15_16,SRP506877
SRR28984561,AMPLICON,601,94011049,PRJNA1109929,SAMN41307148,Metagenome or environmental,56230651,"THE INSTITUTE OF MEDICAL SCIENCE, THE UNIVERSITY OF TOKYO",2023,public,"fastq,sra,run.zq","s3,ncbi,gs","s3.us-east-1,ncbi.public,gs.us-east1",SRX24513542,Japan,Asia,Japan,Mus musculus,Illumina MiSeq,feces 350,34.646870 N 135.5067002 E,Patient062_day15_15,PAIRED,PCR,METAGENOMIC,mouse metagenome,ILLUMINA,2024-05-09T00:00:00Z,2024-05-09T21:52:00Z,1,Patient062_day15_15,SRP506877
SRR28984562,AMPLICON,601,83459183,PRJNA1109929,SAMN41307151,Metagenome or environmental,49750183,"THE INSTITUTE OF MEDICAL SCIENCE, THE UNIVERSITY OF TOKYO",2023,public,"fastq,run.zq,sra","gs,s3,ncbi","gs.us-east1,s3.us-east-1,ncbi.public",SRX24513545,Japan,Asia,Japan,Mus musculus,Illumina MiSeq,feces 353,34.646870 N 135.5067002 E,Patient062_day8_02,PAIRED,PCR,METAGENOMIC,mouse metagenome,ILLUMINA,2024-05-09T00:00:00Z,2024-05-09T21:52:00Z,1,Patient062_day8_02,SRP506877
SRR28984563,AMPLICON,601,105551033,PRJNA1109929,SAMN41307147,Metagenome or environmental,62259635,"THE INSTITUTE OF MEDICAL SCIENCE, THE UNIVERSITY OF TOKYO",2023,public,"sra,run.zq,fastq","ncbi,s3,gs","s3.us-east-1,gs.us-east1,ncbi.public",SRX24513541,Japan,Asia,Japan,Mus musculus,Illumina MiSeq,feces 349,34.646870 N 135.5067002 E,Patient062_day15_14,PAIRED,PCR,METAGENOMIC,mouse metagenome,ILLUMINA,2024-05-09T00:00:00Z,2024-05-09T21:51:00Z,1,Patient062_day15_14,SRP506877
SRR28984564,AMPLICON,600,104977034,PRJNA1109929,SAMN41307146,Metagenome or environmental,62464558,"THE INSTITUTE OF MEDICAL SCIENCE, THE UNIVERSITY OF TOKYO",2023,public,"fastq,run.zq,sra","gs,s3,ncbi","ncbi.public,gs.us-east1,s3.us-east-1",SRX24513540,Japan,Asia,Japan,Mus musculus,Illumina MiSeq,feces 348,34.646870 N 135.5067002 E,Patient062_day15_13,PAIRED,PCR,METAGENOMIC,mouse metagenome,ILLUMINA,2024-05-09T00:00:00Z,2024-05-09T21:51:00Z,1,Patient062_day15_13,SRP506877
SRR28984565,AMPLICON,601,114228896,PRJNA1109929,SAMN41307145,Metagenome or environmental,67854569,"THE INSTITUTE OF MEDICAL SCIENCE, THE UNIVERSITY OF TOKYO",2023,public,"fastq,run.zq,sra","ncbi,gs,s3","s3.us-east-1,gs.us-east1,ncbi.public",SRX24513539,Japan,Asia,Japan,Mus musculus,Illumina MiSeq,feces 347,34.646870 N 135.5067002 E,Patient062_day15_12,PAIRED,PCR,METAGENOMIC,mouse metagenome,ILLUMINA,2024-05-09T00:00:00Z,2024-05-09T21:52:00Z,1,Patient062_day15_12,SRP506877
SRR28984566,AMPLICON,601,99560666,PRJNA1109929,SAMN41307144,Metagenome or environmental,59208594,"THE INSTITUTE OF MEDICAL SCIENCE, THE UNIVERSITY OF TOKYO",2023,public,"run.zq,sra,fastq","ncbi,gs,s3","ncbi.public,s3.us-east-1,gs.us-east1",SRX24513538,Japan,Asia,Japan,Mus musculus,Illumina MiSeq,feces 346,34.646870 N 135.5067002 E,Patient062_day15_11,PAIRED,PCR,METAGENOMIC,mouse metagenome,ILLUMINA,2024-05-09T00:00:00Z,2024-05-09T21:51:00Z,1,Patient062_day15_11,SRP506877
SRR28984567,AMPLICON,601,105914910,PRJNA1109929,SAMN41307143,Metagenome or environmental,63240203,"THE INSTITUTE OF MEDICAL SCIENCE, THE UNIVERSITY OF TOKYO",2023,public,"run.zq,fastq,sra","gs,s3,ncbi","ncbi.public,s3.us-east-1,gs.us-east1",SRX24513536,Japan,Asia,Japan,Mus musculus,Illumina MiSeq,feces 345,34.646870 N 135.5067002 E,Patient062_day15_10,PAIRED,PCR,METAGENOMIC,mouse metagenome,ILLUMINA,2024-05-09T00:00:00Z,2024-05-09T21:52:00Z,1,Patient062_day15_10,SRP506877
SRR28984568,AMPLICON,601,106076216,PRJNA1109929,SAMN41307142,Metagenome or environmental,63201046,"THE INSTITUTE OF MEDICAL SCIENCE, THE UNIVERSITY OF TOKYO",2023,public,"sra,fastq,run.zq","s3,ncbi,gs","gs.us-east1,s3.us-east-1,ncbi.public",SRX24513535,Japan,Asia,Japan,Mus musculus,Illumina MiSeq,feces 344,34.646870 N 135.5067002 E,Patient062_day15_09,PAIRED,PCR,METAGENOMIC,mouse metagenome,ILLUMINA,2024-05-09T00:00:00Z,2024-05-09T21:51:00Z,1,Patient062_day15_09,SRP506877
SRR28984569,AMPLICON,601,104994742,PRJNA1109929,SAMN41307141,Metagenome or environmental,62357924,"THE INSTITUTE OF MEDICAL SCIENCE, THE UNIVERSITY OF TOKYO",2023,public,"sra,fastq,run.zq","gs,ncbi,s3","ncbi.public,gs.us-east1,s3.us-east-1",SRX24513534,Japan,Asia,Japan,Mus musculus,Illumina MiSeq,feces 343,34.646870 N 135.5067002 E,Patient062_day15_08,PAIRED,PCR,METAGENOMIC,mouse metagenome,ILLUMINA,2024-05-09T00:00:00Z,2024-05-09T21:51:00Z,1,Patient062_day15_08,SRP506877
SRR28984570,AMPLICON,600,97770643,PRJNA1109929,SAMN41307249,Metagenome or environmental,54656284,"THE INSTITUTE OF MEDICAL SCIENCE, THE UNIVERSITY OF TOKYO",2021,public,"sra,run.zq,fastq","gs,s3,ncbi","s3.us-east-1,gs.us-east1,ncbi.public",SRX24513537,Japan,Asia,Japan,Homo sapiens,Illumina MiSeq,feces 67,34.646870 N 135.5067002 E,OCUBMT012_day42,PAIRED,PCR,METAGENOMIC,human metagenome,ILLUMINA,2024-05-09T00:00:00Z,2024-05-09T21:52:00Z,1,OCUBMT012_day42,SRP506877
SRR28984571,AMPLICON,601,121675441,PRJNA1109929,SAMN41307140,Metagenome or environmental,72445424,"THE INSTITUTE OF MEDICAL SCIENCE, THE UNIVERSITY OF TOKYO",2023,public,"run.zq,fastq,sra","gs,ncbi,s3","ncbi.public,gs.us-east1,s3.us-east-1",SRX24513533,Japan,Asia,Japan,Mus musculus,Illumina MiSeq,feces 342,34.646870 N 135.5067002 E,Patient062_day15_07,PAIRED,PCR,METAGENOMIC,mouse metagenome,ILLUMINA,2024-05-09T00:00:00Z,2024-05-09T21:51:00Z,1,Patient062_day15_07,SRP506877
SRR28984572,AMPLICON,601,99882205,PRJNA1109929,SAMN41307139,Metagenome or environmental,58764358,"THE INSTITUTE OF MEDICAL SCIENCE, THE UNIVERSITY OF TOKYO",2023,public,"run.zq,sra,fastq","gs,s3,ncbi","gs.us-east1,s3.us-east-1,ncbi.public",SRX24513532,Japan,Asia,Japan,Mus musculus,Illumina MiSeq,feces 341,34.646870 N 135.5067002 E,Patient062_day15_06,PAIRED,PCR,METAGENOMIC,mouse metagenome,ILLUMINA,2024-05-09T00:00:00Z,2024-05-09T21:51:00Z,1,Patient062_day15_06,SRP506877
SRR28984573,AMPLICON,601,114595678,PRJNA1109929,SAMN41307138,Metagenome or environmental,67937456,"THE INSTITUTE OF MEDICAL SCIENCE, THE UNIVERSITY OF TOKYO",2023,public,"run.zq,sra,fastq","s3,ncbi,gs","gs.us-east1,ncbi.public,s3.us-east-1",SRX24513531,Japan,Asia,Japan,Mus musculus,Illumina MiSeq,feces 340,34.646870 N 135.5067002 E,Patient062_day15_05,PAIRED,PCR,METAGENOMIC,mouse metagenome,ILLUMINA,2024-05-09T00:00:00Z,2024-05-09T21:52:00Z,1,Patient062_day15_05,SRP506877
SRR28984574,AMPLICON,601,101868247,PRJNA1109929,SAMN41307137,Metagenome or environmental,60285986,"THE INSTITUTE OF MEDICAL SCIENCE, THE UNIVERSITY OF TOKYO",2023,public,"fastq,run.zq,sra","s3,gs,ncbi","s3.us-east-1,ncbi.public,gs.us-east1",SRX24513530,Japan,Asia,Japan,Mus musculus,Illumina MiSeq,feces 339,34.646870 N 135.5067002 E,Patient062_day15_04,PAIRED,PCR,METAGENOMIC,mouse metagenome,ILLUMINA,2024-05-09T00:00:00Z,2024-05-09T21:51:00Z,1,Patient062_day15_04,SRP506877
SRR28984575,AMPLICON,600,82892005,PRJNA1109929,SAMN41307078,Metagenome or environmental,45616774,"THE INSTITUTE OF MEDICAL SCIENCE, THE UNIVERSITY OF TOKYO",2023,public,"fastq,sra,run.zq","gs,ncbi,s3","ncbi.public,gs.us-east1,s3.us-east-1",SRX24513528,Japan,Asia,Japan,Mus musculus,Illumina MiSeq,feces 280,34.646870 N 135.5067002 E,Patient043_day8_90,PAIRED,PCR,METAGENOMIC,mouse metagenome,ILLUMINA,2024-05-09T00:00:00Z,2024-05-09T21:52:00Z,1,Patient043_day8_90,SRP506877
SRR28984576,AMPLICON,599,84125939,PRJNA1109929,SAMN41307077,Metagenome or environmental,46331187,"THE INSTITUTE OF MEDICAL SCIENCE, THE UNIVERSITY OF TOKYO",2023,public,"fastq,sra,run.zq","s3,ncbi,gs","s3.us-east-1,ncbi.public,gs.us-east1",SRX24513527,Japan,Asia,Japan,Mus musculus,Illumina MiSeq,feces 279,34.646870 N 135.5067002 E,Patient043_day8_89,PAIRED,PCR,METAGENOMIC,mouse metagenome,ILLUMINA,2024-05-09T00:00:00Z,2024-05-09T21:52:00Z,1,Patient043_day8_89,SRP506877
SRR28984577,AMPLICON,600,77987148,PRJNA1109929,SAMN41307076,Metagenome or environmental,42885232,"THE INSTITUTE OF MEDICAL SCIENCE, THE UNIVERSITY OF TOKYO",2023,public,"run.zq,sra,fastq","ncbi,gs,s3","s3.us-east-1,gs.us-east1,ncbi.public",SRX24513526,Japan,Asia,Japan,Mus musculus,Illumina MiSeq,feces 278,34.646870 N 135.5067002 E,Patient043_day8_88,PAIRED,PCR,METAGENOMIC,mouse metagenome,ILLUMINA,2024-05-09T00:00:00Z,2024-05-09T21:51:00Z,1,Patient043_day8_88,SRP506877
SRR28984578,AMPLICON,600,84605442,PRJNA1109929,SAMN41307079,Metagenome or environmental,46266594,"THE INSTITUTE OF MEDICAL SCIENCE, THE UNIVERSITY OF TOKYO",2023,public,"sra,run.zq,fastq","gs,s3,ncbi","s3.us-east-1,ncbi.public,gs.us-east1",SRX24513529,Japan,Asia,Japan,Mus musculus,Illumina MiSeq,feces 281,34.646870 N 135.5067002 E,Patient043_day8_91,PAIRED,PCR,METAGENOMIC,mouse metagenome,ILLUMINA,2024-05-09T00:00:00Z,2024-05-09T21:52:00Z,1,Patient043_day8_91,SRP506877
SRR28984579,AMPLICON,600,82030162,PRJNA1109929,SAMN41307075,Metagenome or environmental,44932441,"THE INSTITUTE OF MEDICAL SCIENCE, THE UNIVERSITY OF TOKYO",2023,public,"run.zq,sra,fastq","gs,ncbi,s3","s3.us-east-1,gs.us-east1,ncbi.public",SRX24513525,Japan,Asia,Japan,Mus musculus,Illumina MiSeq,feces 277,34.646870 N 135.5067002 E,Patient043_day8_87,PAIRED,PCR,METAGENOMIC,mouse metagenome,ILLUMINA,2024-05-09T00:00:00Z,2024-05-09T21:51:00Z,1,Patient043_day8_87,SRP506877
SRR28984580,AMPLICON,600,130865320,PRJNA1109929,SAMN41307074,Metagenome or environmental,72190516,"THE INSTITUTE OF MEDICAL SCIENCE, THE UNIVERSITY OF TOKYO",2023,public,"run.zq,fastq,sra","gs,ncbi,s3","gs.us-east1,s3.us-east-1,ncbi.public",SRX24513524,Japan,Asia,Japan,Mus musculus,Illumina MiSeq,feces 276,34.646870 N 135.5067002 E,Patient043_day8_86,PAIRED,PCR,METAGENOMIC,mouse metagenome,ILLUMINA,2024-05-09T00:00:00Z,2024-05-09T21:52:00Z,1,Patient043_day8_86,SRP506877
SRR28984581,AMPLICON,597,47938630,PRJNA1109929,SAMN41307242,Metagenome or environmental,26243610,"THE INSTITUTE OF MEDICAL SCIENCE, THE UNIVERSITY OF TOKYO",2021,public,"sra,run.zq,fastq","ncbi,s3,gs","s3.us-east-1,gs.us-east1,ncbi.public",SRX24513523,Japan,Asia,Japan,Homo sapiens,Illumina MiSeq,feces 60,34.646870 N 135.5067002 E,OCUBMT011_day35,PAIRED,PCR,METAGENOMIC,human metagenome,ILLUMINA,2024-05-09T00:00:00Z,2024-05-09T21:51:00Z,1,OCUBMT011_day35,SRP506877
SRR28984582,AMPLICON,599,114890663,PRJNA1109929,SAMN41307073,Metagenome or environmental,63551767,"THE INSTITUTE OF MEDICAL SCIENCE, THE UNIVERSITY OF TOKYO",2023,public,"fastq,sra,run.zq","gs,ncbi,s3","s3.us-east-1,gs.us-east1,ncbi.public",SRX24513522,Japan,Asia,Japan,Mus musculus,Illumina MiSeq,feces 275,34.646870 N 135.5067002 E,Patient043_day8_85,PAIRED,PCR,METAGENOMIC,mouse metagenome,ILLUMINA,2024-05-09T00:00:00Z,2024-05-09T21:51:00Z,1,Patient043_day8_85,SRP506877
SRR28984583,AMPLICON,600,119521688,PRJNA1109929,SAMN41307071,Metagenome or environmental,66952088,"THE INSTITUTE OF MEDICAL SCIENCE, THE UNIVERSITY OF TOKYO",2023,public,"sra,fastq,run.zq","gs,s3,ncbi","s3.us-east-1,gs.us-east1,ncbi.public",SRX24513520,Japan,Asia,Japan,Mus musculus,Illumina MiSeq,feces 273,34.646870 N 135.5067002 E,Patient043_day8_83,PAIRED,PCR,METAGENOMIC,mouse metagenome,ILLUMINA,2024-05-09T00:00:00Z,2024-05-09T21:51:00Z,1,Patient043_day8_83,SRP506877
SRR28984584,AMPLICON,599,116743871,PRJNA1109929,SAMN41307070,Metagenome or environmental,64574508,"THE INSTITUTE OF MEDICAL SCIENCE, THE UNIVERSITY OF TOKYO",2023,public,"sra,fastq,run.zq","gs,ncbi,s3","ncbi.public,s3.us-east-1,gs.us-east1",SRX24513519,Japan,Asia,Japan,Mus musculus,Illumina MiSeq,feces 272,34.646870 N 135.5067002 E,Patient043_day8_82,PAIRED,PCR,METAGENOMIC,mouse metagenome,ILLUMINA,2024-05-09T00:00:00Z,2024-05-09T21:51:00Z,1,Patient043_day8_82,SRP506877
SRR28984585,AMPLICON,600,122717090,PRJNA1109929,SAMN41307069,Metagenome or environmental,67999432,"THE INSTITUTE OF MEDICAL SCIENCE, THE UNIVERSITY OF TOKYO",2023,public,"sra,fastq,run.zq","ncbi,s3,gs","gs.us-east1,ncbi.public,s3.us-east-1",SRX24513518,Japan,Asia,Japan,Mus musculus,Illumina MiSeq,feces 271,34.646870 N 135.5067002 E,Patient043_day8_81,PAIRED,PCR,METAGENOMIC,mouse metagenome,ILLUMINA,2024-05-09T00:00:00Z,2024-05-09T21:51:00Z,1,Patient043_day8_81,SRP506877
SRR28984586,AMPLICON,599,115983363,PRJNA1109929,SAMN41307072,Metagenome or environmental,63876633,"THE INSTITUTE OF MEDICAL SCIENCE, THE UNIVERSITY OF TOKYO",2023,public,"sra,run.zq,fastq","s3,gs,ncbi","s3.us-east-1,ncbi.public,gs.us-east1",SRX24513521,Japan,Asia,Japan,Mus musculus,Illumina MiSeq,feces 274,34.646870 N 135.5067002 E,Patient043_day8_84,PAIRED,PCR,METAGENOMIC,mouse metagenome,ILLUMINA,2024-05-09T00:00:00Z,2024-05-09T21:51:00Z,1,Patient043_day8_84,SRP506877
SRR28984587,AMPLICON,599,122650727,PRJNA1109929,SAMN41307068,Metagenome or environmental,68142336,"THE INSTITUTE OF MEDICAL SCIENCE, THE UNIVERSITY OF TOKYO",2023,public,"run.zq,sra,fastq","ncbi,gs,s3","gs.us-east1,ncbi.public,s3.us-east-1",SRX24513517,Japan,Asia,Japan,Mus musculus,Illumina MiSeq,feces 270,34.646870 N 135.5067002 E,Patient043_day8_80,PAIRED,PCR,METAGENOMIC,mouse metagenome,ILLUMINA,2024-05-09T00:00:00Z,2024-05-09T21:52:00Z,1,Patient043_day8_80,SRP506877
SRR28984588,AMPLICON,600,104915376,PRJNA1109929,SAMN41307067,Metagenome or environmental,57829277,"THE INSTITUTE OF MEDICAL SCIENCE, THE UNIVERSITY OF TOKYO",2023,public,"fastq,run.zq,sra","gs,s3,ncbi","s3.us-east-1,gs.us-east1,ncbi.public",SRX24513516,Japan,Asia,Japan,Mus musculus,Illumina MiSeq,feces 269,34.646870 N 135.5067002 E,Patient043_day8_79,PAIRED,PCR,METAGENOMIC,mouse metagenome,ILLUMINA,2024-05-09T00:00:00Z,2024-05-09T21:52:00Z,1,Patient043_day8_79,SRP506877
SRR28984589,AMPLICON,600,146770195,PRJNA1109929,SAMN41307066,Metagenome or environmental,80995776,"THE INSTITUTE OF MEDICAL SCIENCE, THE UNIVERSITY OF TOKYO",2023,public,"fastq,sra,run.zq","gs,ncbi,s3","s3.us-east-1,ncbi.public,gs.us-east1",SRX24513515,Japan,Asia,Japan,Mus musculus,Illumina MiSeq,feces 268,34.646870 N 135.5067002 E,Patient043_day8_78,PAIRED,PCR,METAGENOMIC,mouse metagenome,ILLUMINA,2024-05-09T00:00:00Z,2024-05-09T21:52:00Z,1,Patient043_day8_78,SRP506877
SRR28984590,AMPLICON,600,141404330,PRJNA1109929,SAMN41307065,Metagenome or environmental,79514847,"THE INSTITUTE OF MEDICAL SCIENCE, THE UNIVERSITY OF TOKYO",2023,public,"fastq,run.zq,sra","gs,ncbi,s3","s3.us-east-1,ncbi.public,gs.us-east1",SRX24513514,Japan,Asia,Japan,Mus musculus,Illumina MiSeq,feces 267,34.646870 N 135.5067002 E,Patient043_day8_77,PAIRED,PCR,METAGENOMIC,mouse metagenome,ILLUMINA,2024-05-09T00:00:00Z,2024-05-09T21:51:00Z,1,Patient043_day8_77,SRP506877
SRR28984591,AMPLICON,593,26637115,PRJNA1109929,SAMN41307241,Metagenome or environmental,14271678,"THE INSTITUTE OF MEDICAL SCIENCE, THE UNIVERSITY OF TOKYO",2021,public,"run.zq,sra,fastq","gs,s3,ncbi","gs.us-east1,s3.us-east-1,ncbi.public",SRX24513512,Japan,Asia,Japan,Homo sapiens,Illumina MiSeq,feces 59,34.646870 N 135.5067002 E,OCUBMT011_day28,PAIRED,PCR,METAGENOMIC,human metagenome,ILLUMINA,2024-05-09T00:00:00Z,2024-05-09T21:51:00Z,1,OCUBMT011_day28,SRP506877
SRR28984592,AMPLICON,600,114220831,PRJNA1109929,SAMN41307063,Metagenome or environmental,62607645,"THE INSTITUTE OF MEDICAL SCIENCE, THE UNIVERSITY OF TOKYO",2023,public,"fastq,sra,run.zq","gs,s3,ncbi","ncbi.public,gs.us-east1,s3.us-east-1",SRX24513511,Japan,Asia,Japan,Mus musculus,Illumina MiSeq,feces 265,34.646870 N 135.5067002 E,Patient043_day8_75,PAIRED,PCR,METAGENOMIC,mouse metagenome,ILLUMINA,2024-05-09T00:00:00Z,2024-05-09T21:52:00Z,1,Patient043_day8_75,SRP506877
SRR28984593,AMPLICON,600,123672290,PRJNA1109929,SAMN41307062,Metagenome or environmental,67860478,"THE INSTITUTE OF MEDICAL SCIENCE, THE UNIVERSITY OF TOKYO",2023,public,"run.zq,fastq,sra","gs,ncbi,s3","s3.us-east-1,gs.us-east1,ncbi.public",SRX24513510,Japan,Asia,Japan,Mus musculus,Illumina MiSeq,feces 264,34.646870 N 135.5067002 E,Patient043_day8_74,PAIRED,PCR,METAGENOMIC,mouse metagenome,ILLUMINA,2024-05-09T00:00:00Z,2024-05-09T21:52:00Z,1,Patient043_day8_74,SRP506877
SRR28984594,AMPLICON,600,133721175,PRJNA1109929,SAMN41307064,Metagenome or environmental,73444590,"THE INSTITUTE OF MEDICAL SCIENCE, THE UNIVERSITY OF TOKYO",2023,public,"run.zq,sra,fastq","s3,gs,ncbi","ncbi.public,s3.us-east-1,gs.us-east1",SRX24513513,Japan,Asia,Japan,Mus musculus,Illumina MiSeq,feces 266,34.646870 N 135.5067002 E,Patient043_day8_76,PAIRED,PCR,METAGENOMIC,mouse metagenome,ILLUMINA,2024-05-09T00:00:00Z,2024-05-09T21:51:00Z,1,Patient043_day8_76,SRP506877
SRR28984595,AMPLICON,600,122644024,PRJNA1109929,SAMN41307061,Metagenome or environmental,67406958,"THE INSTITUTE OF MEDICAL SCIENCE, THE UNIVERSITY OF TOKYO",2023,public,"fastq,sra,run.zq","gs,ncbi,s3","ncbi.public,gs.us-east1,s3.us-east-1",SRX24513509,Japan,Asia,Japan,Mus musculus,Illumina MiSeq,feces 263,34.646870 N 135.5067002 E,Patient043_day8_73,PAIRED,PCR,METAGENOMIC,mouse metagenome,ILLUMINA,2024-05-09T00:00:00Z,2024-05-09T21:52:00Z,1,Patient043_day8_73,SRP506877
SRR28984596,AMPLICON,600,112160186,PRJNA1109929,SAMN41307060,Metagenome or environmental,61682799,"THE INSTITUTE OF MEDICAL SCIENCE, THE UNIVERSITY OF TOKYO",2023,public,"run.zq,sra,fastq","gs,s3,ncbi","gs.us-east1,ncbi.public,s3.us-east-1",SRX24513063,Japan,Asia,Japan,Mus musculus,Illumina MiSeq,feces 262,34.646870 N 135.5067002 E,Patient043_day8_72,PAIRED,PCR,METAGENOMIC,mouse metagenome,ILLUMINA,2024-05-09T00:00:00Z,2024-05-09T21:53:00Z,1,Patient043_day8_72,SRP506877
SRR28984597,AMPLICON,600,78182029,PRJNA1109929,SAMN41307001,Metagenome or environmental,43931823,"THE INSTITUTE OF MEDICAL SCIENCE, THE UNIVERSITY OF TOKYO",2023,public,"run.zq,fastq,sra","ncbi,s3,gs","s3.us-east-1,ncbi.public,gs.us-east1",SRX24513507,Japan,Asia,Japan,Mus musculus,Illumina MiSeq,feces 203,34.646870 N 135.5067002 E,Patient032_pre_12,PAIRED,PCR,METAGENOMIC,mouse metagenome,ILLUMINA,2024-05-09T00:00:00Z,2024-05-09T21:52:00Z,1,Patient032_pre_12,SRP506877
SRR28984598,AMPLICON,601,76261348,PRJNA1109929,SAMN41307000,Metagenome or environmental,42792077,"THE INSTITUTE OF MEDICAL SCIENCE, THE UNIVERSITY OF TOKYO",2023,public,"run.zq,sra,fastq","ncbi,gs,s3","ncbi.public,s3.us-east-1,gs.us-east1",SRX24513506,Japan,Asia,Japan,Mus musculus,Illumina MiSeq,feces 202,34.646870 N 135.5067002 E,Patient032_pre_11,PAIRED,PCR,METAGENOMIC,mouse metagenome,ILLUMINA,2024-05-09T00:00:00Z,2024-05-09T21:52:00Z,1,Patient032_pre_11,SRP506877
SRR28984599,AMPLICON,600,95890885,PRJNA1109929,SAMN41306998,Metagenome or environmental,53719159,"THE INSTITUTE OF MEDICAL SCIENCE, THE UNIVERSITY OF TOKYO",2023,public,"sra,run.zq,fastq","ncbi,s3,gs","ncbi.public,gs.us-east1,s3.us-east-1",SRX24513504,Japan,Asia,Japan,Mus musculus,Illumina MiSeq,feces 200,34.646870 N 135.5067002 E,Patient032_pre_09,PAIRED,PCR,METAGENOMIC,mouse metagenome,ILLUMINA,2024-05-09T00:00:00Z,2024-05-09T21:52:00Z,1,Patient032_pre_09,SRP506877
SRR28984600,AMPLICON,601,99795284,PRJNA1109929,SAMN41306997,Metagenome or environmental,55446458,"THE INSTITUTE OF MEDICAL SCIENCE, THE UNIVERSITY OF TOKYO",2023,public,"fastq,run.zq,sra","s3,ncbi,gs","ncbi.public,s3.us-east-1,gs.us-east1",SRX24513503,Japan,Asia,Japan,Mus musculus,Illumina MiSeq,feces 199,34.646870 N 135.5067002 E,Patient032_pre_08,PAIRED,PCR,METAGENOMIC,mouse metagenome,ILLUMINA,2024-05-09T00:00:00Z,2024-05-09T21:52:00Z,1,Patient032_pre_08,SRP506877
SRR28984601,AMPLICON,601,107267534,PRJNA1109929,SAMN41306996,Metagenome or environmental,59789130,"THE INSTITUTE OF MEDICAL SCIENCE, THE UNIVERSITY OF TOKYO",2023,public,"run.zq,fastq,sra","gs,s3,ncbi","ncbi.public,s3.us-east-1,gs.us-east1",SRX24513502,Japan,Asia,Japan,Mus musculus,Illumina MiSeq,feces 198,34.646870 N 135.5067002 E,Patient032_pre_07,PAIRED,PCR,METAGENOMIC,mouse metagenome,ILLUMINA,2024-05-09T00:00:00Z,2024-05-09T21:51:00Z,1,Patient032_pre_07,SRP506877
SRR28984602,AMPLICON,600,90372608,PRJNA1109929,SAMN41306999,Metagenome or environmental,51118866,"THE INSTITUTE OF MEDICAL SCIENCE, THE UNIVERSITY OF TOKYO",2023,public,"fastq,run.zq,sra","s3,gs,ncbi","s3.us-east-1,ncbi.public,gs.us-east1",SRX24513505,Japan,Asia,Japan,Mus musculus,Illumina MiSeq,feces 201,34.646870 N 135.5067002 E,Patient032_pre_10,PAIRED,PCR,METAGENOMIC,mouse metagenome,ILLUMINA,2024-05-09T00:00:00Z,2024-05-09T21:51:00Z,1,Patient032_pre_10,SRP506877
SRR28984603,AMPLICON,601,87392740,PRJNA1109929,SAMN41306995,Metagenome or environmental,48154551,"THE INSTITUTE OF MEDICAL SCIENCE, THE UNIVERSITY OF TOKYO",2023,public,"fastq,sra,run.zq","gs,ncbi,s3","gs.us-east1,ncbi.public,s3.us-east-1",SRX24513501,Japan,Asia,Japan,Mus musculus,Illumina MiSeq,feces 197,34.646870 N 135.5067002 E,Patient032_pre_06,PAIRED,PCR,METAGENOMIC,mouse metagenome,ILLUMINA,2024-05-09T00:00:00Z,2024-05-09T21:51:00Z,1,Patient032_pre_06,SRP506877
SRR28984604,AMPLICON,600,97670707,PRJNA1109929,SAMN41306994,Metagenome or environmental,54317672,"THE INSTITUTE OF MEDICAL SCIENCE, THE UNIVERSITY OF TOKYO",2023,public,"sra,run.zq,fastq","gs,s3,ncbi","gs.us-east1,ncbi.public,s3.us-east-1",SRX24513500,Japan,Asia,Japan,Mus musculus,Illumina MiSeq,feces 196,34.646870 N 135.5067002 E,Patient032_pre_05,PAIRED,PCR,METAGENOMIC,mouse metagenome,ILLUMINA,2024-05-09T00:00:00Z,2024-05-09T21:52:00Z,1,Patient032_pre_05,SRP506877
SRR28984605,AMPLICON,596,59802056,PRJNA1109929,SAMN41307234,Metagenome or environmental,31085044,"THE INSTITUTE OF MEDICAL SCIENCE, THE UNIVERSITY OF TOKYO",2021,public,"fastq,run.zq,sra","gs,ncbi,s3","gs.us-east1,ncbi.public,s3.us-east-1",SRX24513499,Japan,Asia,Japan,Homo sapiens,Illumina MiSeq,feces 52,34.646870 N 135.5067002 E,OCUBMT010_day35,PAIRED,PCR,METAGENOMIC,human metagenome,ILLUMINA,2024-05-09T00:00:00Z,2024-05-09T21:51:00Z,1,OCUBMT010_day35,SRP506877
SRR28984606,AMPLICON,600,89229882,PRJNA1109929,SAMN41306993,Metagenome or environmental,49526617,"THE INSTITUTE OF MEDICAL SCIENCE, THE UNIVERSITY OF TOKYO",2023,public,"fastq,sra,run.zq","s3,gs,ncbi","gs.us-east1,ncbi.public,s3.us-east-1",SRX24513498,Japan,Asia,Japan,Mus musculus,Illumina MiSeq,feces 195,34.646870 N 135.5067002 E,Patient032_pre_04,PAIRED,PCR,METAGENOMIC,mouse metagenome,ILLUMINA,2024-05-09T00:00:00Z,2024-05-09T21:51:00Z,1,Patient032_pre_04,SRP506877
SRR28984607,AMPLICON,601,92097485,PRJNA1109929,SAMN41306991,Metagenome or environmental,51452468,"THE INSTITUTE OF MEDICAL SCIENCE, THE UNIVERSITY OF TOKYO",2023,public,"run.zq,fastq,sra","ncbi,gs,s3","gs.us-east1,ncbi.public,s3.us-east-1",SRX24513496,Japan,Asia,Japan,Mus musculus,Illumina MiSeq,feces 193,34.646870 N 135.5067002 E,Patient032_pre_02,PAIRED,PCR,METAGENOMIC,mouse metagenome,ILLUMINA,2024-05-09T00:00:00Z,2024-05-09T21:52:00Z,1,Patient032_pre_02,SRP506877
SRR28984608,AMPLICON,600,100943593,PRJNA1109929,SAMN41306990,Metagenome or environmental,56123617,"THE INSTITUTE OF MEDICAL SCIENCE, THE UNIVERSITY OF TOKYO",2023,public,"run.zq,fastq,sra","s3,ncbi,gs","s3.us-east-1,ncbi.public,gs.us-east1",SRX24513495,Japan,Asia,Japan,Mus musculus,Illumina MiSeq,feces 192,34.646870 N 135.5067002 E,Patient032_pre_01,PAIRED,PCR,METAGENOMIC,mouse metagenome,ILLUMINA,2024-05-09T00:00:00Z,2024-05-09T21:52:00Z,1,Patient032_pre_01,SRP506877
SRR28984609,AMPLICON,601,88325828,PRJNA1109929,SAMN41306989,Metagenome or environmental,49418353,"THE INSTITUTE OF MEDICAL SCIENCE, THE UNIVERSITY OF TOKYO",2023,public,"run.zq,sra,fastq","gs,ncbi,s3","s3.us-east-1,ncbi.public,gs.us-east1",SRX24513494,Japan,Asia,Japan,Mus musculus,Illumina MiSeq,feces 191,34.646870 N 135.5067002 E,Patient032_donor,PAIRED,PCR,METAGENOMIC,mouse metagenome,ILLUMINA,2024-05-09T00:00:00Z,2024-05-09T21:52:00Z,1,Patient032_donor,SRP506877
SRR28984610,AMPLICON,600,87105757,PRJNA1109929,SAMN41306992,Metagenome or environmental,48339494,"THE INSTITUTE OF MEDICAL SCIENCE, THE UNIVERSITY OF TOKYO",2023,public,"fastq,sra,run.zq","gs,ncbi,s3","gs.us-east1,ncbi.public,s3.us-east-1",SRX24513497,Japan,Asia,Japan,Mus musculus,Illumina MiSeq,feces 194,34.646870 N 135.5067002 E,Patient032_pre_03,PAIRED,PCR,METAGENOMIC,mouse metagenome,ILLUMINA,2024-05-09T00:00:00Z,2024-05-09T21:52:00Z,1,Patient032_pre_03,SRP506877
SRR28984611,AMPLICON,601,111057641,PRJNA1109929,SAMN41306988,Metagenome or environmental,64971525,"THE INSTITUTE OF MEDICAL SCIENCE, THE UNIVERSITY OF TOKYO",2023,public,"sra,run.zq,fastq","s3,gs,ncbi","ncbi.public,s3.us-east-1,gs.us-east1",SRX24513493,Japan,Asia,Japan,Mus musculus,Illumina MiSeq,feces 190,34.646870 N 135.5067002 E,Patient032_day8_16,PAIRED,PCR,METAGENOMIC,mouse metagenome,ILLUMINA,2024-05-09T00:00:00Z,2024-05-09T21:52:00Z,1,Patient032_day8_16,SRP506877
SRR28984612,AMPLICON,601,108438699,PRJNA1109929,SAMN41306987,Metagenome or environmental,63803874,"THE INSTITUTE OF MEDICAL SCIENCE, THE UNIVERSITY OF TOKYO",2023,public,"sra,run.zq,fastq","s3,gs,ncbi","gs.us-east1,s3.us-east-1,ncbi.public",SRX24513492,Japan,Asia,Japan,Mus musculus,Illumina MiSeq,feces 189,34.646870 N 135.5067002 E,Patient032_day8_15,PAIRED,PCR,METAGENOMIC,mouse metagenome,ILLUMINA,2024-05-09T00:00:00Z,2024-05-09T21:51:00Z,1,Patient032_day8_15,SRP506877
SRR28984613,AMPLICON,601,98431530,PRJNA1109929,SAMN41306986,Metagenome or environmental,57236292,"THE INSTITUTE OF MEDICAL SCIENCE, THE UNIVERSITY OF TOKYO",2023,public,"run.zq,sra,fastq","ncbi,s3,gs","gs.us-east1,s3.us-east-1,ncbi.public",SRX24513491,Japan,Asia,Japan,Mus musculus,Illumina MiSeq,feces 188,34.646870 N 135.5067002 E,Patient032_day8_14,PAIRED,PCR,METAGENOMIC,mouse metagenome,ILLUMINA,2024-05-09T00:00:00Z,2024-05-09T21:51:00Z,1,Patient032_day8_14,SRP506877
SRR28984614,AMPLICON,601,128920049,PRJNA1109929,SAMN41306985,Metagenome or environmental,75467976,"THE INSTITUTE OF MEDICAL SCIENCE, THE UNIVERSITY OF TOKYO",2023,public,"fastq,sra,run.zq","ncbi,gs,s3","ncbi.public,gs.us-east1,s3.us-east-1",SRX24513490,Japan,Asia,Japan,Mus musculus,Illumina MiSeq,feces 187,34.646870 N 135.5067002 E,Patient032_day8_13,PAIRED,PCR,METAGENOMIC,mouse metagenome,ILLUMINA,2024-05-09T00:00:00Z,2024-05-09T21:52:00Z,1,Patient032_day8_13,SRP506877
SRR28984615,AMPLICON,602,64666840,PRJNA1109929,SAMN41307233,Metagenome or environmental,34341323,"THE INSTITUTE OF MEDICAL SCIENCE, THE UNIVERSITY OF TOKYO",2021,public,"fastq,run.zq,sra","ncbi,gs,s3","s3.us-east-1,ncbi.public,gs.us-east1",SRX24513488,Japan,Asia,Japan,Homo sapiens,Illumina MiSeq,feces 51,34.646870 N 135.5067002 E,OCUBMT010_day28,PAIRED,PCR,METAGENOMIC,human metagenome,ILLUMINA,2024-05-09T00:00:00Z,2024-05-09T21:52:00Z,1,OCUBMT010_day28,SRP506877
SRR28984616,AMPLICON,602,84379330,PRJNA1109929,SAMN41307188,Metagenome or environmental,45051484,"THE INSTITUTE OF MEDICAL SCIENCE, THE UNIVERSITY OF TOKYO",2021,public,"fastq,sra,run.zq","ncbi,gs,s3","ncbi.public,gs.us-east1,s3.us-east-1",SRX24513487,Japan,Asia,Japan,Homo sapiens,Illumina MiSeq,feces 6,34.646870 N 135.5067002 E,OCUBMT001_day7,PAIRED,PCR,METAGENOMIC,human metagenome,ILLUMINA,2024-05-09T00:00:00Z,2024-05-09T21:52:00Z,1,OCUBMT001_day7,SRP506877
SRR28984617,AMPLICON,602,61903660,PRJNA1109929,SAMN41307229,Metagenome or environmental,36833444,"THE INSTITUTE OF MEDICAL SCIENCE, THE UNIVERSITY OF TOKYO",2021,public,"sra,run.zq,fastq","s3,gs,ncbi","ncbi.public,gs.us-east1,s3.us-east-1",SRX24513485,Japan,Asia,Japan,Homo sapiens,Illumina MiSeq,feces 47,34.646870 N 135.5067002 E,OCUBMT009_pre,PAIRED,PCR,METAGENOMIC,human metagenome,ILLUMINA,2024-05-09T00:00:00Z,2024-05-09T21:51:00Z,1,OCUBMT009_pre,SRP506877
SRR28984618,AMPLICON,601,87128958,PRJNA1109929,SAMN41306943,Metagenome or environmental,48201761,"THE INSTITUTE OF MEDICAL SCIENCE, THE UNIVERSITY OF TOKYO",2023,public,"fastq,sra,run.zq","s3,gs,ncbi","gs.us-east1,s3.us-east-1,ncbi.public",SRX24513484,Japan,Asia,Japan,Mus musculus,Illumina MiSeq,feces 145,34.646870 N 135.5067002 E,Patient032_day0_03,PAIRED,PCR,METAGENOMIC,mouse metagenome,ILLUMINA,2024-05-09T00:00:00Z,2024-05-09T21:52:00Z,1,Patient032_day0_03,SRP506877
SRR28984619,AMPLICON,601,110197304,PRJNA1109929,SAMN41306941,Metagenome or environmental,60821446,"THE INSTITUTE OF MEDICAL SCIENCE, THE UNIVERSITY OF TOKYO",2023,public,"fastq,run.zq,sra","ncbi,s3,gs","s3.us-east-1,ncbi.public,gs.us-east1",SRX24513482,Japan,Asia,Japan,Mus musculus,Illumina MiSeq,feces 143,34.646870 N 135.5067002 E,Patient032_day0_01,PAIRED,PCR,METAGENOMIC,mouse metagenome,ILLUMINA,2024-05-09T00:00:00Z,2024-05-09T21:52:00Z,1,Patient032_day0_01,SRP506877
SRR28984620,AMPLICON,601,82451901,PRJNA1109929,SAMN41306940,Metagenome or environmental,52011369,"THE INSTITUTE OF MEDICAL SCIENCE, THE UNIVERSITY OF TOKYO",2021,public,"fastq,sra,run.zq","ncbi,gs,s3","s3.us-east-1,gs.us-east1,ncbi.public",SRX24513481,Japan,Asia,Japan,Mus musculus,Illumina MiSeq,feces 142,34.646870 N 135.5067002 E,Patient031_pre_20,PAIRED,PCR,METAGENOMIC,mouse metagenome,ILLUMINA,2024-05-09T00:00:00Z,2024-05-09T21:52:00Z,1,Patient031_pre_20,SRP506877
SRR28984621,AMPLICON,601,115566873,PRJNA1109929,SAMN41306939,Metagenome or environmental,73229289,"THE INSTITUTE OF MEDICAL SCIENCE, THE UNIVERSITY OF TOKYO",2021,public,"sra,run.zq,fastq","ncbi,s3,gs","ncbi.public,gs.us-east1,s3.us-east-1",SRX24513480,Japan,Asia,Japan,Mus musculus,Illumina MiSeq,feces 141,34.646870 N 135.5067002 E,Patient031_pre_19,PAIRED,PCR,METAGENOMIC,mouse metagenome,ILLUMINA,2024-05-09T00:00:00Z,2024-05-09T21:52:00Z,1,Patient031_pre_19,SRP506877
SRR28984622,AMPLICON,601,114626983,PRJNA1109929,SAMN41306942,Metagenome or environmental,63532691,"THE INSTITUTE OF MEDICAL SCIENCE, THE UNIVERSITY OF TOKYO",2023,public,"fastq,sra,run.zq","s3,gs,ncbi","gs.us-east1,s3.us-east-1,ncbi.public",SRX24513483,Japan,Asia,Japan,Mus musculus,Illumina MiSeq,feces 144,34.646870 N 135.5067002 E,Patient032_day0_02,PAIRED,PCR,METAGENOMIC,mouse metagenome,ILLUMINA,2024-05-09T00:00:00Z,2024-05-09T21:52:00Z,1,Patient032_day0_02,SRP506877
SRR28984623,AMPLICON,601,87500522,PRJNA1109929,SAMN41306938,Metagenome or environmental,55599776,"THE INSTITUTE OF MEDICAL SCIENCE, THE UNIVERSITY OF TOKYO",2021,public,"fastq,run.zq,sra","s3,ncbi,gs","s3.us-east-1,ncbi.public,gs.us-east1",SRX24513479,Japan,Asia,Japan,Mus musculus,Illumina MiSeq,feces 140,34.646870 N 135.5067002 E,Patient031_pre_18,PAIRED,PCR,METAGENOMIC,mouse metagenome,ILLUMINA,2024-05-09T00:00:00Z,2024-05-09T21:52:00Z,1,Patient031_pre_18,SRP506877
SRR28984624,AMPLICON,601,137177864,PRJNA1109929,SAMN41306937,Metagenome or environmental,86057642,"THE INSTITUTE OF MEDICAL SCIENCE, THE UNIVERSITY OF TOKYO",2021,public,"sra,fastq,run.zq","s3,ncbi,gs","gs.us-east1,s3.us-east-1,ncbi.public",SRX24513478,Japan,Asia,Japan,Mus musculus,Illumina MiSeq,feces 139,34.646870 N 135.5067002 E,Patient031_pre_17,PAIRED,PCR,METAGENOMIC,mouse metagenome,ILLUMINA,2024-05-09T00:00:00Z,2024-05-09T21:52:00Z,1,Patient031_pre_17,SRP506877
SRR28984625,AMPLICON,601,98227451,PRJNA1109929,SAMN41306936,Metagenome or environmental,64747838,"THE INSTITUTE OF MEDICAL SCIENCE, THE UNIVERSITY OF TOKYO",2021,public,"run.zq,fastq,sra","s3,ncbi,gs","ncbi.public,gs.us-east1,s3.us-east-1",SRX24513477,Japan,Asia,Japan,Mus musculus,Illumina MiSeq,feces 138,34.646870 N 135.5067002 E,Patient031_pre_16,PAIRED,PCR,METAGENOMIC,mouse metagenome,ILLUMINA,2024-05-09T00:00:00Z,2024-05-09T21:52:00Z,1,Patient031_pre_16,SRP506877
SRR28984626,AMPLICON,601,125576451,PRJNA1109929,SAMN41306935,Metagenome or environmental,82932294,"THE INSTITUTE OF MEDICAL SCIENCE, THE UNIVERSITY OF TOKYO",2021,public,"sra,fastq,run.zq","gs,ncbi,s3","s3.us-east-1,ncbi.public,gs.us-east1",SRX24513476,Japan,Asia,Japan,Mus musculus,Illumina MiSeq,feces 137,34.646870 N 135.5067002 E,Patient031_pre_15,PAIRED,PCR,METAGENOMIC,mouse metagenome,ILLUMINA,2024-05-09T00:00:00Z,2024-05-09T21:52:00Z,1,Patient031_pre_15,SRP506877
SRR28984627,AMPLICON,600,27367551,PRJNA1109929,SAMN41307228,Metagenome or environmental,14294520,"THE INSTITUTE OF MEDICAL SCIENCE, THE UNIVERSITY OF TOKYO",2021,public,"sra,fastq,run.zq","gs,ncbi,s3","ncbi.public,gs.us-east1,s3.us-east-1",SRX24513474,Japan,Asia,Japan,Homo sapiens,Illumina MiSeq,feces 46,34.646870 N 135.5067002 E,OCUBMT009_day7,PAIRED,PCR,METAGENOMIC,human metagenome,ILLUMINA,2024-05-09T00:00:00Z,2024-05-09T21:52:00Z,1,OCUBMT009_day7,SRP506877
SRR28984628,AMPLICON,601,104531402,PRJNA1109929,SAMN41306933,Metagenome or environmental,69381013,"THE INSTITUTE OF MEDICAL SCIENCE, THE UNIVERSITY OF TOKYO",2021,public,"run.zq,fastq,sra","gs,ncbi,s3","ncbi.public,gs.us-east1,s3.us-east-1",SRX24513473,Japan,Asia,Japan,Mus musculus,Illumina MiSeq,feces 135,34.646870 N 135.5067002 E,Patient031_pre_13,PAIRED,PCR,METAGENOMIC,mouse metagenome,ILLUMINA,2024-05-09T00:00:00Z,2024-05-09T21:52:00Z,1,Patient031_pre_13,SRP506877
SRR28984629,AMPLICON,601,95493235,PRJNA1109929,SAMN41306932,Metagenome or environmental,63279068,"THE INSTITUTE OF MEDICAL SCIENCE, THE UNIVERSITY OF TOKYO",2021,public,"fastq,run.zq,sra","s3,gs,ncbi","s3.us-east-1,ncbi.public,gs.us-east1",SRX24513472,Japan,Asia,Japan,Mus musculus,Illumina MiSeq,feces 134,34.646870 N 135.5067002 E,Patient031_pre_12,PAIRED,PCR,METAGENOMIC,mouse metagenome,ILLUMINA,2024-05-09T00:00:00Z,2024-05-09T21:53:00Z,1,Patient031_pre_12,SRP506877
SRR28984630,AMPLICON,601,121847561,PRJNA1109929,SAMN41306934,Metagenome or environmental,80072365,"THE INSTITUTE OF MEDICAL SCIENCE, THE UNIVERSITY OF TOKYO",2021,public,"sra,fastq,run.zq","s3,ncbi,gs","s3.us-east-1,gs.us-east1,ncbi.public",SRX24513475,Japan,Asia,Japan,Mus musculus,Illumina MiSeq,feces 136,34.646870 N 135.5067002 E,Patient031_pre_14,PAIRED,PCR,METAGENOMIC,mouse metagenome,ILLUMINA,2024-05-09T00:00:00Z,2024-05-09T21:52:00Z,1,Patient031_pre_14,SRP506877
SRR28984631,AMPLICON,601,111816885,PRJNA1109929,SAMN41306931,Metagenome or environmental,73469097,"THE INSTITUTE OF MEDICAL SCIENCE, THE UNIVERSITY OF TOKYO",2021,public,"run.zq,sra,fastq","gs,s3,ncbi","ncbi.public,s3.us-east-1,gs.us-east1",SRX24513471,Japan,Asia,Japan,Mus musculus,Illumina MiSeq,feces 133,34.646870 N 135.5067002 E,Patient031_pre_11,PAIRED,PCR,METAGENOMIC,mouse metagenome,ILLUMINA,2024-05-09T00:00:00Z,2024-05-09T21:52:00Z,1,Patient031_pre_11,SRP506877
SRR28984632,AMPLICON,601,114953758,PRJNA1109929,SAMN41306930,Metagenome or environmental,75451848,"THE INSTITUTE OF MEDICAL SCIENCE, THE UNIVERSITY OF TOKYO",2021,public,"fastq,run.zq,sra","gs,ncbi,s3","ncbi.public,s3.us-east-1,gs.us-east1",SRX24513470,Japan,Asia,Japan,Mus musculus,Illumina MiSeq,feces 132,34.646870 N 135.5067002 E,Patient031_pre_10,PAIRED,PCR,METAGENOMIC,mouse metagenome,ILLUMINA,2024-05-09T00:00:00Z,2024-05-09T21:52:00Z,1,Patient031_pre_10,SRP506877
SRR28984633,AMPLICON,601,102773788,PRJNA1109929,SAMN41306929,Metagenome or environmental,68025210,"THE INSTITUTE OF MEDICAL SCIENCE, THE UNIVERSITY OF TOKYO",2021,public,"run.zq,fastq,sra","gs,s3,ncbi","gs.us-east1,ncbi.public,s3.us-east-1",SRX24513469,Japan,Asia,Japan,Mus musculus,Illumina MiSeq,feces 131,34.646870 N 135.5067002 E,Patient031_pre_09,PAIRED,PCR,METAGENOMIC,mouse metagenome,ILLUMINA,2024-05-09T00:00:00Z,2024-05-09T21:52:00Z,1,Patient031_pre_09,SRP506877
SRR28984634,AMPLICON,601,109614080,PRJNA1109929,SAMN41306928,Metagenome or environmental,70139935,"THE INSTITUTE OF MEDICAL SCIENCE, THE UNIVERSITY OF TOKYO",2021,public,"fastq,sra,run.zq","ncbi,s3,gs","ncbi.public,gs.us-east1,s3.us-east-1",SRX24513468,Japan,Asia,Japan,Mus musculus,Illumina MiSeq,feces 130,34.646870 N 135.5067002 E,Patient031_pre_08,PAIRED,PCR,METAGENOMIC,mouse metagenome,ILLUMINA,2024-05-09T00:00:00Z,2024-05-09T21:52:00Z,1,Patient031_pre_08,SRP506877
SRR28984635,AMPLICON,601,112603845,PRJNA1109929,SAMN41306926,Metagenome or environmental,71977349,"THE INSTITUTE OF MEDICAL SCIENCE, THE UNIVERSITY OF TOKYO",2021,public,"sra,fastq,run.zq","gs,s3,ncbi","ncbi.public,s3.us-east-1,gs.us-east1",SRX24513466,Japan,Asia,Japan,Mus musculus,Illumina MiSeq,feces 128,34.646870 N 135.5067002 E,Patient031_pre_06,PAIRED,PCR,METAGENOMIC,mouse metagenome,ILLUMINA,2024-05-09T00:00:00Z,2024-05-09T21:52:00Z,1,Patient031_pre_06,SRP506877
SRR28984636,AMPLICON,601,95066420,PRJNA1109929,SAMN41306925,Metagenome or environmental,60814878,"THE INSTITUTE OF MEDICAL SCIENCE, THE UNIVERSITY OF TOKYO",2021,public,"run.zq,fastq,sra","ncbi,s3,gs","s3.us-east-1,ncbi.public,gs.us-east1",SRX24513465,Japan,Asia,Japan,Mus musculus,Illumina MiSeq,feces 127,34.646870 N 135.5067002 E,Patient031_pre_05,PAIRED,PCR,METAGENOMIC,mouse metagenome,ILLUMINA,2024-05-09T00:00:00Z,2024-05-09T21:52:00Z,1,Patient031_pre_05,SRP506877
SRR28984637,AMPLICON,601,89920811,PRJNA1109929,SAMN41306924,Metagenome or environmental,57512608,"THE INSTITUTE OF MEDICAL SCIENCE, THE UNIVERSITY OF TOKYO",2021,public,"fastq,run.zq,sra","ncbi,s3,gs","ncbi.public,s3.us-east-1,gs.us-east1",SRX24513464,Japan,Asia,Japan,Mus musculus,Illumina MiSeq,feces 126,34.646870 N 135.5067002 E,Patient031_pre_03,PAIRED,PCR,METAGENOMIC,mouse metagenome,ILLUMINA,2024-05-09T00:00:00Z,2024-05-09T21:52:00Z,1,Patient031_pre_03,SRP506877
SRR28984638,AMPLICON,601,119281369,PRJNA1109929,SAMN41306927,Metagenome or environmental,76329741,"THE INSTITUTE OF MEDICAL SCIENCE, THE UNIVERSITY OF TOKYO",2021,public,"run.zq,fastq,sra","s3,gs,ncbi","ncbi.public,gs.us-east1,s3.us-east-1",SRX24513467,Japan,Asia,Japan,Mus musculus,Illumina MiSeq,feces 129,34.646870 N 135.5067002 E,Patient031_pre_07,PAIRED,PCR,METAGENOMIC,mouse metagenome,ILLUMINA,2024-05-09T00:00:00Z,2024-05-09T21:52:00Z,1,Patient031_pre_07,SRP506877
SRR28984639,AMPLICON,597,37889702,PRJNA1109929,SAMN41307227,Metagenome or environmental,19636465,"THE INSTITUTE OF MEDICAL SCIENCE, THE UNIVERSITY OF TOKYO",2021,public,"run.zq,fastq,sra","gs,s3,ncbi","ncbi.public,gs.us-east1,s3.us-east-1",SRX24513463,Japan,Asia,Japan,Homo sapiens,Illumina MiSeq,feces 45,34.646870 N 135.5067002 E,OCUBMT009_day35,PAIRED,PCR,METAGENOMIC,human metagenome,ILLUMINA,2024-05-09T00:00:00Z,2024-05-09T21:52:00Z,1,OCUBMT009_day35,SRP506877
SRR28984640,AMPLICON,601,98692533,PRJNA1109929,SAMN41306923,Metagenome or environmental,63555760,"THE INSTITUTE OF MEDICAL SCIENCE, THE UNIVERSITY OF TOKYO",2021,public,"fastq,run.zq,sra","gs,ncbi,s3","gs.us-east1,s3.us-east-1,ncbi.public",SRX24513462,Japan,Asia,Japan,Mus musculus,Illumina MiSeq,feces 125,34.646870 N 135.5067002 E,Patient031_pre_02,PAIRED,PCR,METAGENOMIC,mouse metagenome,ILLUMINA,2024-05-09T00:00:00Z,2024-05-09T21:51:00Z,1,Patient031_pre_02,SRP506877
SRR28984641,AMPLICON,601,116144372,PRJNA1109929,SAMN41306922,Metagenome or environmental,74883532,"THE INSTITUTE OF MEDICAL SCIENCE, THE UNIVERSITY OF TOKYO",2021,public,"run.zq,fastq,sra","ncbi,gs,s3","gs.us-east1,ncbi.public,s3.us-east-1",SRX24513461,Japan,Asia,Japan,Mus musculus,Illumina MiSeq,feces 124,34.646870 N 135.5067002 E,Patient031_pre_01,PAIRED,PCR,METAGENOMIC,mouse metagenome,ILLUMINA,2024-05-09T00:00:00Z,2024-05-09T21:52:00Z,1,Patient031_pre_01,SRP506877
SRR28984642,AMPLICON,601,97404639,PRJNA1109929,SAMN41306921,Metagenome or environmental,61464656,"THE INSTITUTE OF MEDICAL SCIENCE, THE UNIVERSITY OF TOKYO",2021,public,"sra,fastq,run.zq","ncbi,gs,s3","ncbi.public,s3.us-east-1,gs.us-east1",SRX24513460,Japan,Asia,Japan,Mus musculus,Illumina MiSeq,feces 123,34.646870 N 135.5067002 E,Patient031_donor,PAIRED,PCR,METAGENOMIC,mouse metagenome,ILLUMINA,2024-05-09T00:00:00Z,2024-05-09T21:52:00Z,1,Patient031_donor,SRP506877
SRR28984643,AMPLICON,601,86050768,PRJNA1109929,SAMN41306919,Metagenome or environmental,54575166,"THE INSTITUTE OF MEDICAL SCIENCE, THE UNIVERSITY OF TOKYO",2021,public,"sra,fastq,run.zq","s3,ncbi,gs","gs.us-east1,s3.us-east-1,ncbi.public",SRX24513458,Japan,Asia,Japan,Mus musculus,Illumina MiSeq,feces 121,34.646870 N 135.5067002 E,Patient031_day8_19,PAIRED,PCR,METAGENOMIC,mouse metagenome,ILLUMINA,2024-05-09T00:00:00Z,2024-05-09T21:52:00Z,1,Patient031_day8_19,SRP506877
SRR28984644,AMPLICON,601,77624711,PRJNA1109929,SAMN41306918,Metagenome or environmental,49014910,"THE INSTITUTE OF MEDICAL SCIENCE, THE UNIVERSITY OF TOKYO",2021,public,"run.zq,fastq,sra","ncbi,s3,gs","gs.us-east1,ncbi.public,s3.us-east-1",SRX24513457,Japan,Asia,Japan,Mus musculus,Illumina MiSeq,feces 120,34.646870 N 135.5067002 E,Patient031_day8_18,PAIRED,PCR,METAGENOMIC,mouse metagenome,ILLUMINA,2024-05-09T00:00:00Z,2024-05-09T21:52:00Z,1,Patient031_day8_18,SRP506877
SRR28984645,AMPLICON,601,86060171,PRJNA1109929,SAMN41306917,Metagenome or environmental,54326801,"THE INSTITUTE OF MEDICAL SCIENCE, THE UNIVERSITY OF TOKYO",2021,public,"run.zq,sra,fastq","gs,s3,ncbi","s3.us-east-1,ncbi.public,gs.us-east1",SRX24513456,Japan,Asia,Japan,Mus musculus,Illumina MiSeq,feces 119,34.646870 N 135.5067002 E,Patient031_day8_17,PAIRED,PCR,METAGENOMIC,mouse metagenome,ILLUMINA,2024-05-09T00:00:00Z,2024-05-09T21:52:00Z,1,Patient031_day8_17,SRP506877
SRR28984646,AMPLICON,601,78852954,PRJNA1109929,SAMN41306920,Metagenome or environmental,49953117,"THE INSTITUTE OF MEDICAL SCIENCE, THE UNIVERSITY OF TOKYO",2021,public,"fastq,run.zq,sra","ncbi,s3,gs","gs.us-east1,s3.us-east-1,ncbi.public",SRX24513459,Japan,Asia,Japan,Mus musculus,Illumina MiSeq,feces 122,34.646870 N 135.5067002 E,Patient031_day8_20,PAIRED,PCR,METAGENOMIC,mouse metagenome,ILLUMINA,2024-05-09T00:00:00Z,2024-05-09T21:52:00Z,1,Patient031_day8_20,SRP506877
SRR28984647,AMPLICON,601,85025765,PRJNA1109929,SAMN41306916,Metagenome or environmental,53266579,"THE INSTITUTE OF MEDICAL SCIENCE, THE UNIVERSITY OF TOKYO",2021,public,"fastq,sra,run.zq","ncbi,s3,gs","gs.us-east1,ncbi.public,s3.us-east-1",SRX24513455,Japan,Asia,Japan,Mus musculus,Illumina MiSeq,feces 118,34.646870 N 135.5067002 E,Patient031_day8_16,PAIRED,PCR,METAGENOMIC,mouse metagenome,ILLUMINA,2024-05-09T00:00:00Z,2024-05-09T21:52:00Z,1,Patient031_day8_16,SRP506877
SRR28984648,AMPLICON,601,83826261,PRJNA1109929,SAMN41306915,Metagenome or environmental,52702865,"THE INSTITUTE OF MEDICAL SCIENCE, THE UNIVERSITY OF TOKYO",2021,public,"sra,run.zq,fastq","ncbi,gs,s3","gs.us-east1,ncbi.public,s3.us-east-1",SRX24513454,Japan,Asia,Japan,Mus musculus,Illumina MiSeq,feces 117,34.646870 N 135.5067002 E,Patient031_day8_15,PAIRED,PCR,METAGENOMIC,mouse metagenome,ILLUMINA,2024-05-09T00:00:00Z,2024-05-09T21:52:00Z,1,Patient031_day8_15,SRP506877
SRR28984649,AMPLICON,601,65967161,PRJNA1109929,SAMN41306914,Metagenome or environmental,41521442,"THE INSTITUTE OF MEDICAL SCIENCE, THE UNIVERSITY OF TOKYO",2021,public,"sra,run.zq,fastq","s3,ncbi,gs","ncbi.public,s3.us-east-1,gs.us-east1",SRX24513453,Japan,Asia,Japan,Mus musculus,Illumina MiSeq,feces 116,34.646870 N 135.5067002 E,Patient031_day8_14,PAIRED,PCR,METAGENOMIC,mouse metagenome,ILLUMINA,2024-05-09T00:00:00Z,2024-05-09T21:51:00Z,1,Patient031_day8_14,SRP506877
SRR28984650,AMPLICON,601,40951914,PRJNA1109929,SAMN41307226,Metagenome or environmental,21834468,"THE INSTITUTE OF MEDICAL SCIENCE, THE UNIVERSITY OF TOKYO",2021,public,"run.zq,fastq,sra","gs,s3,ncbi","ncbi.public,s3.us-east-1,gs.us-east1",SRX24513452,Japan,Asia,Japan,Homo sapiens,Illumina MiSeq,feces 44,34.646870 N 135.5067002 E,OCUBMT009_day14-2,PAIRED,PCR,METAGENOMIC,human metagenome,ILLUMINA,2024-05-09T00:00:00Z,2024-05-09T21:52:00Z,1,OCUBMT009_day14-2,SRP506877
SRR28984651,AMPLICON,601,103807409,PRJNA1109929,SAMN41306912,Metagenome or environmental,65349280,"THE INSTITUTE OF MEDICAL SCIENCE, THE UNIVERSITY OF TOKYO",2021,public,"fastq,sra,run.zq","s3,ncbi,gs","gs.us-east1,ncbi.public,s3.us-east-1",SRX24513450,Japan,Asia,Japan,Mus musculus,Illumina MiSeq,feces 114,34.646870 N 135.5067002 E,Patient031_day8_12,PAIRED,PCR,METAGENOMIC,mouse metagenome,ILLUMINA,2024-05-09T00:00:00Z,2024-05-09T21:52:00Z,1,Patient031_day8_12,SRP506877
SRR28984652,AMPLICON,601,93384125,PRJNA1109929,SAMN41306911,Metagenome or environmental,58961416,"THE INSTITUTE OF MEDICAL SCIENCE, THE UNIVERSITY OF TOKYO",2021,public,"run.zq,fastq,sra","ncbi,s3,gs","gs.us-east1,s3.us-east-1,ncbi.public",SRX24513449,Japan,Asia,Japan,Mus musculus,Illumina MiSeq,feces 113,34.646870 N 135.5067002 E,Patient031_day8_11,PAIRED,PCR,METAGENOMIC,mouse metagenome,ILLUMINA,2024-05-09T00:00:00Z,2024-05-09T21:52:00Z,1,Patient031_day8_11,SRP506877
SRR28984653,AMPLICON,601,76547728,PRJNA1109929,SAMN41306910,Metagenome or environmental,48575520,"THE INSTITUTE OF MEDICAL SCIENCE, THE UNIVERSITY OF TOKYO",2021,public,"sra,run.zq,fastq","gs,s3,ncbi","gs.us-east1,ncbi.public,s3.us-east-1",SRX24513448,Japan,Asia,Japan,Mus musculus,Illumina MiSeq,feces 112,34.646870 N 135.5067002 E,Patient031_day8_10,PAIRED,PCR,METAGENOMIC,mouse metagenome,ILLUMINA,2024-05-09T00:00:00Z,2024-05-09T21:52:00Z,1,Patient031_day8_10,SRP506877
SRR28984654,AMPLICON,601,83241497,PRJNA1109929,SAMN41306913,Metagenome or environmental,52856492,"THE INSTITUTE OF MEDICAL SCIENCE, THE UNIVERSITY OF TOKYO",2021,public,"sra,run.zq,fastq","ncbi,gs,s3","s3.us-east-1,gs.us-east1,ncbi.public",SRX24513451,Japan,Asia,Japan,Mus musculus,Illumina MiSeq,feces 115,34.646870 N 135.5067002 E,Patient031_day8_13,PAIRED,PCR,METAGENOMIC,mouse metagenome,ILLUMINA,2024-05-09T00:00:00Z,2024-05-09T21:52:00Z,1,Patient031_day8_13,SRP506877
SRR28984655,AMPLICON,601,98105694,PRJNA1109929,SAMN41306909,Metagenome or environmental,62068523,"THE INSTITUTE OF MEDICAL SCIENCE, THE UNIVERSITY OF TOKYO",2021,public,"run.zq,sra,fastq","gs,s3,ncbi","gs.us-east1,ncbi.public,s3.us-east-1",SRX24513447,Japan,Asia,Japan,Mus musculus,Illumina MiSeq,feces 111,34.646870 N 135.5067002 E,Patient031_day8_09,PAIRED,PCR,METAGENOMIC,mouse metagenome,ILLUMINA,2024-05-09T00:00:00Z,2024-05-09T21:52:00Z,1,Patient031_day8_09,SRP506877
SRR28984656,AMPLICON,601,100324429,PRJNA1109929,SAMN41306908,Metagenome or environmental,62765516,"THE INSTITUTE OF MEDICAL SCIENCE, THE UNIVERSITY OF TOKYO",2021,public,"fastq,sra,run.zq","ncbi,s3,gs","gs.us-east1,s3.us-east-1,ncbi.public",SRX24513446,Japan,Asia,Japan,Mus musculus,Illumina MiSeq,feces 110,34.646870 N 135.5067002 E,Patient031_day8_08,PAIRED,PCR,METAGENOMIC,mouse metagenome,ILLUMINA,2024-05-09T00:00:00Z,2024-05-09T21:52:00Z,1,Patient031_day8_08,SRP506877
SRR28984657,AMPLICON,601,94391088,PRJNA1109929,SAMN41306907,Metagenome or environmental,59302090,"THE INSTITUTE OF MEDICAL SCIENCE, THE UNIVERSITY OF TOKYO",2021,public,"run.zq,sra,fastq","ncbi,gs,s3","s3.us-east-1,ncbi.public,gs.us-east1",SRX24513445,Japan,Asia,Japan,Mus musculus,Illumina MiSeq,feces 109,34.646870 N 135.5067002 E,Patient031_day8_07,PAIRED,PCR,METAGENOMIC,mouse metagenome,ILLUMINA,2024-05-09T00:00:00Z,2024-05-09T21:52:00Z,1,Patient031_day8_07,SRP506877
SRR28984658,AMPLICON,601,83024384,PRJNA1109929,SAMN41306906,Metagenome or environmental,52404092,"THE INSTITUTE OF MEDICAL SCIENCE, THE UNIVERSITY OF TOKYO",2021,public,"run.zq,fastq,sra","s3,ncbi,gs","gs.us-east1,ncbi.public,s3.us-east-1",SRX24513444,Japan,Asia,Japan,Mus musculus,Illumina MiSeq,feces 108,34.646870 N 135.5067002 E,Patient031_day8_06,PAIRED,PCR,METAGENOMIC,mouse metagenome,ILLUMINA,2024-05-09T00:00:00Z,2024-05-09T21:52:00Z,1,Patient031_day8_06,SRP506877
SRR28984659,AMPLICON,601,75335478,PRJNA1109929,SAMN41306885,Metagenome or environmental,47489830,"THE INSTITUTE OF MEDICAL SCIENCE, THE UNIVERSITY OF TOKYO",2021,public,"sra,fastq,run.zq","s3,gs,ncbi","s3.us-east-1,gs.us-east1,ncbi.public",SRX24513442,Japan,Asia,Japan,Mus musculus,Illumina MiSeq,feces 87,34.646870 N 135.5067002 E,Patient031_day15_03,PAIRED,PCR,METAGENOMIC,mouse metagenome,ILLUMINA,2024-05-09T00:00:00Z,2024-05-09T21:52:00Z,1,Patient031_day15_03,SRP506877
SRR28984660,AMPLICON,601,62686304,PRJNA1109929,SAMN41306884,Metagenome or environmental,39697436,"THE INSTITUTE OF MEDICAL SCIENCE, THE UNIVERSITY OF TOKYO",2021,public,"sra,fastq,run.zq","gs,s3,ncbi","ncbi.public,s3.us-east-1,gs.us-east1",SRX24513441,Japan,Asia,Japan,Mus musculus,Illumina MiSeq,feces 86,34.646870 N 135.5067002 E,Patient031_day15_02,PAIRED,PCR,METAGENOMIC,mouse metagenome,ILLUMINA,2024-05-09T00:00:00Z,2024-05-09T21:52:00Z,1,Patient031_day15_02,SRP506877
SRR28984661,AMPLICON,600,11777300,PRJNA1109929,SAMN41307187,Metagenome or environmental,6300857,"THE INSTITUTE OF MEDICAL SCIENCE, THE UNIVERSITY OF TOKYO",2021,public,"sra,fastq,run.zq","gs,s3,ncbi","gs.us-east1,ncbi.public,s3.us-east-1",SRX24513439,Japan,Asia,Japan,Homo sapiens,Illumina MiSeq,feces 5,34.646870 N 135.5067002 E,OCUBMT001_day35,PAIRED,PCR,METAGENOMIC,human metagenome,ILLUMINA,2024-05-09T00:00:00Z,2024-05-09T21:52:00Z,1,OCUBMT001_day35,SRP506877
SRR28984662,AMPLICON,601,71533461,PRJNA1109929,SAMN41306883,Metagenome or environmental,45634790,"THE INSTITUTE OF MEDICAL SCIENCE, THE UNIVERSITY OF TOKYO",2021,public,"sra,run.zq,fastq","s3,ncbi,gs","gs.us-east1,s3.us-east-1,ncbi.public",SRX24513438,Japan,Asia,Japan,Mus musculus,Illumina MiSeq,feces 85,34.646870 N 135.5067002 E,Patient031_day15_01,PAIRED,PCR,METAGENOMIC,mouse metagenome,ILLUMINA,2024-05-09T00:00:00Z,2024-05-09T21:52:00Z,1,Patient031_day15_01,SRP506877
SRR28984663,AMPLICON,601,106944028,PRJNA1109929,SAMN41306882,Metagenome or environmental,69963790,"THE INSTITUTE OF MEDICAL SCIENCE, THE UNIVERSITY OF TOKYO",2021,public,"run.zq,fastq,sra","gs,s3,ncbi","gs.us-east1,s3.us-east-1,ncbi.public",SRX24513437,Japan,Asia,Japan,Mus musculus,Illumina MiSeq,feces 84,34.646870 N 135.5067002 E,Patient031_day0_20,PAIRED,PCR,METAGENOMIC,mouse metagenome,ILLUMINA,2024-05-09T00:00:00Z,2024-05-09T21:52:00Z,1,Patient031_day0_20,SRP506877
SRR28984664,AMPLICON,601,22041113,PRJNA1109929,SAMN41307223,Metagenome or environmental,11369163,"THE INSTITUTE OF MEDICAL SCIENCE, THE UNIVERSITY OF TOKYO",2021,public,"run.zq,fastq,sra","gs,ncbi,s3","ncbi.public,s3.us-east-1,gs.us-east1",SRX24513440,Japan,Asia,Japan,Homo sapiens,Illumina MiSeq,feces 41,34.646870 N 135.5067002 E,OCUBMT008_day70,PAIRED,PCR,METAGENOMIC,human metagenome,ILLUMINA,2024-05-09T00:00:00Z,2024-05-09T21:52:00Z,1,OCUBMT008_day70,SRP506877
SRR28984665,AMPLICON,601,91336528,PRJNA1109929,SAMN41306881,Metagenome or environmental,60553065,"THE INSTITUTE OF MEDICAL SCIENCE, THE UNIVERSITY OF TOKYO",2021,public,"sra,fastq,run.zq","s3,gs,ncbi","gs.us-east1,ncbi.public,s3.us-east-1",SRX24513436,Japan,Asia,Japan,Mus musculus,Illumina MiSeq,feces 83,34.646870 N 135.5067002 E,Patient031_day0_19,PAIRED,PCR,METAGENOMIC,mouse metagenome,ILLUMINA,2024-05-09T00:00:00Z,2024-05-09T21:52:00Z,1,Patient031_day0_19,SRP506877
SRR28984666,AMPLICON,601,100017797,PRJNA1109929,SAMN41306880,Metagenome or environmental,66185345,"THE INSTITUTE OF MEDICAL SCIENCE, THE UNIVERSITY OF TOKYO",2021,public,"fastq,run.zq,sra","gs,ncbi,s3","ncbi.public,s3.us-east-1,gs.us-east1",SRX24513435,Japan,Asia,Japan,Mus musculus,Illumina MiSeq,feces 82,34.646870 N 135.5067002 E,Patient031_day0_18,PAIRED,PCR,METAGENOMIC,mouse metagenome,ILLUMINA,2024-05-09T00:00:00Z,2024-05-09T21:52:00Z,1,Patient031_day0_18,SRP506877
SRR28984667,AMPLICON,601,85526307,PRJNA1109929,SAMN41306879,Metagenome or environmental,56121286,"THE INSTITUTE OF MEDICAL SCIENCE, THE UNIVERSITY OF TOKYO",2021,public,"sra,fastq,run.zq","ncbi,s3,gs","s3.us-east-1,ncbi.public,gs.us-east1",SRX24513434,Japan,Asia,Japan,Mus musculus,Illumina MiSeq,feces 81,34.646870 N 135.5067002 E,Patient031_day0_17,PAIRED,PCR,METAGENOMIC,mouse metagenome,ILLUMINA,2024-05-09T00:00:00Z,2024-05-09T21:52:00Z,1,Patient031_day0_17,SRP506877
SRR28984668,AMPLICON,601,90041167,PRJNA1109929,SAMN41306878,Metagenome or environmental,60052359,"THE INSTITUTE OF MEDICAL SCIENCE, THE UNIVERSITY OF TOKYO",2021,public,"fastq,run.zq,sra","gs,ncbi,s3","gs.us-east1,s3.us-east-1,ncbi.public",SRX24513433,Japan,Asia,Japan,Mus musculus,Illumina MiSeq,feces 80,34.646870 N 135.5067002 E,Patient031_day0_16,PAIRED,PCR,METAGENOMIC,mouse metagenome,ILLUMINA,2024-05-09T00:00:00Z,2024-05-09T21:52:00Z,1,Patient031_day0_16,SRP506877
SRR28984669,AMPLICON,601,86505254,PRJNA1109929,SAMN41306876,Metagenome or environmental,57594613,"THE INSTITUTE OF MEDICAL SCIENCE, THE UNIVERSITY OF TOKYO",2021,public,"sra,fastq,run.zq","ncbi,s3,gs","ncbi.public,gs.us-east1,s3.us-east-1",SRX24513431,Japan,Asia,Japan,Mus musculus,Illumina MiSeq,feces 78,34.646870 N 135.5067002 E,Patient031_day0_14,PAIRED,PCR,METAGENOMIC,mouse metagenome,ILLUMINA,2024-05-09T00:00:00Z,2024-05-09T21:52:00Z,1,Patient031_day0_14,SRP506877
SRR28984670,AMPLICON,601,75526037,PRJNA1109929,SAMN41306875,Metagenome or environmental,47190613,"THE INSTITUTE OF MEDICAL SCIENCE, THE UNIVERSITY OF TOKYO",2021,public,"fastq,sra,run.zq","s3,ncbi,gs","ncbi.public,gs.us-east1,s3.us-east-1",SRX24513430,Japan,Asia,Japan,Mus musculus,Illumina MiSeq,feces 77,34.646870 N 135.5067002 E,Patient031_day0_13,PAIRED,PCR,METAGENOMIC,mouse metagenome,ILLUMINA,2024-05-09T00:00:00Z,2024-05-09T21:52:00Z,1,Patient031_day0_13,SRP506877
SRR28984671,AMPLICON,601,86233855,PRJNA1109929,SAMN41306874,Metagenome or environmental,53808324,"THE INSTITUTE OF MEDICAL SCIENCE, THE UNIVERSITY OF TOKYO",2021,public,"sra,run.zq,fastq","s3,gs,ncbi","ncbi.public,gs.us-east1,s3.us-east-1",SRX24513429,Japan,Asia,Japan,Mus musculus,Illumina MiSeq,feces 76,34.646870 N 135.5067002 E,Patient031_day0_12,PAIRED,PCR,METAGENOMIC,mouse metagenome,ILLUMINA,2024-05-09T00:00:00Z,2024-05-09T21:53:00Z,1,Patient031_day0_12,SRP506877
SRR28984672,AMPLICON,601,100819982,PRJNA1109929,SAMN41306877,Metagenome or environmental,67594963,"THE INSTITUTE OF MEDICAL SCIENCE, THE UNIVERSITY OF TOKYO",2021,public,"run.zq,sra,fastq","gs,s3,ncbi","gs.us-east1,ncbi.public,s3.us-east-1",SRX24513432,Japan,Asia,Japan,Mus musculus,Illumina MiSeq,feces 79,34.646870 N 135.5067002 E,Patient031_day0_15,PAIRED,PCR,METAGENOMIC,mouse metagenome,ILLUMINA,2024-05-09T00:00:00Z,2024-05-09T21:52:00Z,1,Patient031_day0_15,SRP506877
SRR28984673,AMPLICON,599,24818185,PRJNA1109929,SAMN41307222,Metagenome or environmental,12697866,"THE INSTITUTE OF MEDICAL SCIENCE, THE UNIVERSITY OF TOKYO",2021,public,"sra,fastq,run.zq","gs,ncbi,s3","gs.us-east1,s3.us-east-1,ncbi.public",SRX24513428,Japan,Asia,Japan,Homo sapiens,Illumina MiSeq,feces 40,34.646870 N 135.5067002 E,OCUBMT008_day7,PAIRED,PCR,METAGENOMIC,human metagenome,ILLUMINA,2024-05-09T00:00:00Z,2024-05-09T21:52:00Z,1,OCUBMT008_day7,SRP506877
SRR28984674,AMPLICON,601,81058575,PRJNA1109929,SAMN41306873,Metagenome or environmental,50460193,"THE INSTITUTE OF MEDICAL SCIENCE, THE UNIVERSITY OF TOKYO",2021,public,"fastq,sra,run.zq","gs,ncbi,s3","gs.us-east1,ncbi.public,s3.us-east-1",SRX24513427,Japan,Asia,Japan,Mus musculus,Illumina MiSeq,feces 75,34.646870 N 135.5067002 E,Patient031_day0_11,PAIRED,PCR,METAGENOMIC,mouse metagenome,ILLUMINA,2024-05-09T00:00:00Z,2024-05-09T21:52:00Z,1,Patient031_day0_11,SRP506877
SRR28984675,AMPLICON,601,76444747,PRJNA1109929,SAMN41306872,Metagenome or environmental,47690230,"THE INSTITUTE OF MEDICAL SCIENCE, THE UNIVERSITY OF TOKYO",2021,public,"run.zq,fastq,sra","gs,s3,ncbi","s3.us-east-1,ncbi.public,gs.us-east1",SRX24513426,Japan,Asia,Japan,Mus musculus,Illumina MiSeq,feces 74,34.646870 N 135.5067002 E,Patient031_day0_10,PAIRED,PCR,METAGENOMIC,mouse metagenome,ILLUMINA,2024-05-09T00:00:00Z,2024-05-09T21:52:00Z,1,Patient031_day0_10,SRP506877
SRR28984676,AMPLICON,601,76014457,PRJNA1109929,SAMN41306871,Metagenome or environmental,47152007,"THE INSTITUTE OF MEDICAL SCIENCE, THE UNIVERSITY OF TOKYO",2021,public,"sra,run.zq,fastq","ncbi,s3,gs","gs.us-east1,s3.us-east-1,ncbi.public",SRX24513425,Japan,Asia,Japan,Mus musculus,Illumina MiSeq,feces 73,34.646870 N 135.5067002 E,Patient031_day0_09,PAIRED,PCR,METAGENOMIC,mouse metagenome,ILLUMINA,2024-05-09T00:00:00Z,2024-05-09T21:52:00Z,1,Patient031_day0_09,SRP506877
SRR28984677,AMPLICON,601,77210311,PRJNA1109929,SAMN41306869,Metagenome or environmental,48230356,"THE INSTITUTE OF MEDICAL SCIENCE, THE UNIVERSITY OF TOKYO",2021,public,"fastq,run.zq,sra","gs,ncbi,s3","ncbi.public,s3.us-east-1,gs.us-east1",SRX24513423,Japan,Asia,Japan,Mus musculus,Illumina MiSeq,feces 71,34.646870 N 135.5067002 E,Patient031_day0_07,PAIRED,PCR,METAGENOMIC,mouse metagenome,ILLUMINA,2024-05-09T00:00:00Z,2024-05-09T21:52:00Z,1,Patient031_day0_07,SRP506877
SRR28984678,AMPLICON,601,78786252,PRJNA1109929,SAMN41306868,Metagenome or environmental,49420146,"THE INSTITUTE OF MEDICAL SCIENCE, THE UNIVERSITY OF TOKYO",2021,public,"sra,run.zq,fastq","s3,ncbi,gs","ncbi.public,s3.us-east-1,gs.us-east1",SRX24513422,Japan,Asia,Japan,Mus musculus,Illumina MiSeq,feces 70,34.646870 N 135.5067002 E,Patient031_day0_06,PAIRED,PCR,METAGENOMIC,mouse metagenome,ILLUMINA,2024-05-09T00:00:00Z,2024-05-09T21:52:00Z,1,Patient031_day0_06,SRP506877
SRR28984679,AMPLICON,601,89129499,PRJNA1109929,SAMN41306847,Metagenome or environmental,49800896,"THE INSTITUTE OF MEDICAL SCIENCE, THE UNIVERSITY OF TOKYO",2023,public,"run.zq,fastq,sra","gs,ncbi,s3","ncbi.public,gs.us-east1,s3.us-east-1",SRX24513420,Japan,Asia,Japan,Mus musculus,Illumina MiSeq,feces 49,34.646870 N 135.5067002 E,Patient026_donor,PAIRED,PCR,METAGENOMIC,mouse metagenome,ILLUMINA,2024-05-09T00:00:00Z,2024-05-09T21:52:00Z,1,Patient026_donor,SRP506877
SRR28984680,AMPLICON,601,113437825,PRJNA1109929,SAMN41306846,Metagenome or environmental,61295952,"THE INSTITUTE OF MEDICAL SCIENCE, THE UNIVERSITY OF TOKYO",2023,public,"run.zq,fastq,sra","gs,s3,ncbi","ncbi.public,s3.us-east-1,gs.us-east1",SRX24513419,Japan,Asia,Japan,Mus musculus,Illumina MiSeq,feces 48,34.646870 N 135.5067002 E,Patient026_day8_16,PAIRED,PCR,METAGENOMIC,mouse metagenome,ILLUMINA,2024-05-09T00:00:00Z,2024-05-09T21:52:00Z,1,Patient026_day8_16,SRP506877
SRR28984681,AMPLICON,601,116226780,PRJNA1109929,SAMN41306845,Metagenome or environmental,62755569,"THE INSTITUTE OF MEDICAL SCIENCE, THE UNIVERSITY OF TOKYO",2023,public,"sra,run.zq,fastq","gs,ncbi,s3","gs.us-east1,ncbi.public,s3.us-east-1",SRX24513418,Japan,Asia,Japan,Mus musculus,Illumina MiSeq,feces 47,34.646870 N 135.5067002 E,Patient026_day8_15,PAIRED,PCR,METAGENOMIC,mouse metagenome,ILLUMINA,2024-05-09T00:00:00Z,2024-05-09T21:52:00Z,1,Patient026_day8_15,SRP506877
SRR28984682,AMPLICON,601,119366563,PRJNA1109929,SAMN41306848,Metagenome or environmental,65085208,"THE INSTITUTE OF MEDICAL SCIENCE, THE UNIVERSITY OF TOKYO",2023,public,"run.zq,fastq,sra","gs,s3,ncbi","ncbi.public,gs.us-east1,s3.us-east-1",SRX24513421,Japan,Asia,Japan,Mus musculus,Illumina MiSeq,feces 50,34.646870 N 135.5067002 E,Patient026_pre_01,PAIRED,PCR,METAGENOMIC,mouse metagenome,ILLUMINA,2024-05-09T00:00:00Z,2024-05-09T21:52:00Z,1,Patient026_pre_01,SRP506877
SRR28984683,AMPLICON,601,111871429,PRJNA1109929,SAMN41306844,Metagenome or environmental,59988668,"THE INSTITUTE OF MEDICAL SCIENCE, THE UNIVERSITY OF TOKYO",2023,public,"sra,fastq,run.zq","gs,ncbi,s3","ncbi.public,gs.us-east1,s3.us-east-1",SRX24513417,Japan,Asia,Japan,Mus musculus,Illumina MiSeq,feces 46,34.646870 N 135.5067002 E,Patient026_day8_14,PAIRED,PCR,METAGENOMIC,mouse metagenome,ILLUMINA,2024-05-09T00:00:00Z,2024-05-09T21:52:00Z,1,Patient026_day8_14,SRP506877
SRR28984684,AMPLICON,600,62340635,PRJNA1109929,SAMN41307219,Metagenome or environmental,33009060,"THE INSTITUTE OF MEDICAL SCIENCE, THE UNIVERSITY OF TOKYO",2021,public,"fastq,sra,run.zq","s3,gs,ncbi","s3.us-east-1,gs.us-east1,ncbi.public",SRX24513416,Japan,Asia,Japan,Homo sapiens,Illumina MiSeq,feces 37,34.646870 N 135.5067002 E,OCUBMT008_day35,PAIRED,PCR,METAGENOMIC,human metagenome,ILLUMINA,2024-05-09T00:00:00Z,2024-05-09T21:52:00Z,1,OCUBMT008_day35,SRP506877
SRR28984685,AMPLICON,601,115358136,PRJNA1109929,SAMN41306843,Metagenome or environmental,62408628,"THE INSTITUTE OF MEDICAL SCIENCE, THE UNIVERSITY OF TOKYO",2023,public,"fastq,run.zq,sra","s3,gs,ncbi","gs.us-east1,s3.us-east-1,ncbi.public",SRX24513415,Japan,Asia,Japan,Mus musculus,Illumina MiSeq,feces 45,34.646870 N 135.5067002 E,Patient026_day8_13,PAIRED,PCR,METAGENOMIC,mouse metagenome,ILLUMINA,2024-05-09T00:00:00Z,2024-05-09T21:53:00Z,1,Patient026_day8_13,SRP506877
SRR28984686,AMPLICON,601,103442556,PRJNA1109929,SAMN41306842,Metagenome or environmental,55476974,"THE INSTITUTE OF MEDICAL SCIENCE, THE UNIVERSITY OF TOKYO",2023,public,"sra,fastq,run.zq","ncbi,gs,s3","ncbi.public,s3.us-east-1,gs.us-east1",SRX24513414,Japan,Asia,Japan,Mus musculus,Illumina MiSeq,feces 44,34.646870 N 135.5067002 E,Patient026_day8_12,PAIRED,PCR,METAGENOMIC,mouse metagenome,ILLUMINA,2024-05-09T00:00:00Z,2024-05-09T21:52:00Z,1,Patient026_day8_12,SRP506877
SRR28984687,AMPLICON,601,106100956,PRJNA1109929,SAMN41306840,Metagenome or environmental,57285144,"THE INSTITUTE OF MEDICAL SCIENCE, THE UNIVERSITY OF TOKYO",2023,public,"sra,fastq,run.zq","ncbi,s3,gs","s3.us-east-1,gs.us-east1,ncbi.public",SRX24513412,Japan,Asia,Japan,Mus musculus,Illumina MiSeq,feces 42,34.646870 N 135.5067002 E,Patient026_day8_10,PAIRED,PCR,METAGENOMIC,mouse metagenome,ILLUMINA,2024-05-09T00:00:00Z,2024-05-09T21:52:00Z,1,Patient026_day8_10,SRP506877
SRR28984688,AMPLICON,601,119866787,PRJNA1109929,SAMN41306839,Metagenome or environmental,64586158,"THE INSTITUTE OF MEDICAL SCIENCE, THE UNIVERSITY OF TOKYO",2023,public,"run.zq,sra,fastq","gs,ncbi,s3","gs.us-east1,s3.us-east-1,ncbi.public",SRX24513411,Japan,Asia,Japan,Mus musculus,Illumina MiSeq,feces 41,34.646870 N 135.5067002 E,Patient026_day8_09,PAIRED,PCR,METAGENOMIC,mouse metagenome,ILLUMINA,2024-05-09T00:00:00Z,2024-05-09T21:52:00Z,1,Patient026_day8_09,SRP506877
SRR28984689,AMPLICON,601,91284959,PRJNA1109929,SAMN41306838,Metagenome or environmental,50766543,"THE INSTITUTE OF MEDICAL SCIENCE, THE UNIVERSITY OF TOKYO",2023,public,"sra,run.zq,fastq","ncbi,s3,gs","gs.us-east1,s3.us-east-1,ncbi.public",SRX24513410,Japan,Asia,Japan,Mus musculus,Illumina MiSeq,feces 40,34.646870 N 135.5067002 E,Patient026_day8_08,PAIRED,PCR,METAGENOMIC,mouse metagenome,ILLUMINA,2024-05-09T00:00:00Z,2024-05-09T21:52:00Z,1,Patient026_day8_08,SRP506877
SRR28984690,AMPLICON,601,89741329,PRJNA1109929,SAMN41306841,Metagenome or environmental,48249426,"THE INSTITUTE OF MEDICAL SCIENCE, THE UNIVERSITY OF TOKYO",2023,public,"sra,fastq,run.zq","ncbi,s3,gs","ncbi.public,s3.us-east-1,gs.us-east1",SRX24513413,Japan,Asia,Japan,Mus musculus,Illumina MiSeq,feces 43,34.646870 N 135.5067002 E,Patient026_day8_11,PAIRED,PCR,METAGENOMIC,mouse metagenome,ILLUMINA,2024-05-09T00:00:00Z,2024-05-09T21:52:00Z,1,Patient026_day8_11,SRP506877
SRR28984691,AMPLICON,601,111229417,PRJNA1109929,SAMN41306837,Metagenome or environmental,61828614,"THE INSTITUTE OF MEDICAL SCIENCE, THE UNIVERSITY OF TOKYO",2023,public,"sra,run.zq,fastq","s3,ncbi,gs","s3.us-east-1,gs.us-east1,ncbi.public",SRX24513409,Japan,Asia,Japan,Mus musculus,Illumina MiSeq,feces 39,34.646870 N 135.5067002 E,Patient026_day8_07,PAIRED,PCR,METAGENOMIC,mouse metagenome,ILLUMINA,2024-05-09T00:00:00Z,2024-05-09T21:52:00Z,1,Patient026_day8_07,SRP506877
SRR28984692,AMPLICON,601,103996285,PRJNA1109929,SAMN41306836,Metagenome or environmental,56727201,"THE INSTITUTE OF MEDICAL SCIENCE, THE UNIVERSITY OF TOKYO",2023,public,"fastq,run.zq,sra","s3,gs,ncbi","ncbi.public,s3.us-east-1,gs.us-east1",SRX24513408,Japan,Asia,Japan,Mus musculus,Illumina MiSeq,feces 38,34.646870 N 135.5067002 E,Patient026_day8_06,PAIRED,PCR,METAGENOMIC,mouse metagenome,ILLUMINA,2024-05-09T00:00:00Z,2024-05-09T21:52:00Z,1,Patient026_day8_06,SRP506877
SRR28984693,AMPLICON,601,114305995,PRJNA1109929,SAMN41306835,Metagenome or environmental,63036950,"THE INSTITUTE OF MEDICAL SCIENCE, THE UNIVERSITY OF TOKYO",2023,public,"fastq,sra,run.zq","ncbi,s3,gs","s3.us-east-1,ncbi.public,gs.us-east1",SRX24513407,Japan,Asia,Japan,Mus musculus,Illumina MiSeq,feces 37,34.646870 N 135.5067002 E,Patient026_day8_05,PAIRED,PCR,METAGENOMIC,mouse metagenome,ILLUMINA,2024-05-09T00:00:00Z,2024-05-09T21:52:00Z,1,Patient026_day8_05,SRP506877
SRR28984694,AMPLICON,601,112083064,PRJNA1109929,SAMN41306834,Metagenome or environmental,62177399,"THE INSTITUTE OF MEDICAL SCIENCE, THE UNIVERSITY OF TOKYO",2023,public,"sra,fastq,run.zq","s3,ncbi,gs","s3.us-east-1,ncbi.public,gs.us-east1",SRX24513406,Japan,Asia,Japan,Mus musculus,Illumina MiSeq,feces 36,34.646870 N 135.5067002 E,Patient026_day8_04,PAIRED,PCR,METAGENOMIC,mouse metagenome,ILLUMINA,2024-05-09T00:00:00Z,2024-05-09T21:53:00Z,1,Patient026_day8_04,SRP506877
SRR28984695,AMPLICON,601,101279113,PRJNA1109929,SAMN41306833,Metagenome or environmental,56406304,"THE INSTITUTE OF MEDICAL SCIENCE, THE UNIVERSITY OF TOKYO",2023,public,"fastq,sra,run.zq","ncbi,s3,gs","ncbi.public,s3.us-east-1,gs.us-east1",SRX24513404,Japan,Asia,Japan,Mus musculus,Illumina MiSeq,feces 35,34.646870 N 135.5067002 E,Patient026_day8_03,PAIRED,PCR,METAGENOMIC,mouse metagenome,ILLUMINA,2024-05-09T00:00:00Z,2024-05-09T21:52:00Z,1,Patient026_day8_03,SRP506877
SRR28984696,AMPLICON,601,119794448,PRJNA1109929,SAMN41306832,Metagenome or environmental,66515517,"THE INSTITUTE OF MEDICAL SCIENCE, THE UNIVERSITY OF TOKYO",2023,public,"sra,fastq,run.zq","ncbi,gs,s3","s3.us-east-1,gs.us-east1,ncbi.public",SRX24513403,Japan,Asia,Japan,Mus musculus,Illumina MiSeq,feces 34,34.646870 N 135.5067002 E,Patient026_day8_02,PAIRED,PCR,METAGENOMIC,mouse metagenome,ILLUMINA,2024-05-09T00:00:00Z,2024-05-09T21:52:00Z,1,Patient026_day8_02,SRP506877
SRR28984697,AMPLICON,601,111744187,PRJNA1109929,SAMN41306831,Metagenome or environmental,61859945,"THE INSTITUTE OF MEDICAL SCIENCE, THE UNIVERSITY OF TOKYO",2023,public,"sra,run.zq,fastq","ncbi,gs,s3","gs.us-east1,s3.us-east-1,ncbi.public",SRX24513402,Japan,Asia,Japan,Mus musculus,Illumina MiSeq,feces 33,34.646870 N 135.5067002 E,Patient026_day8_01,PAIRED,PCR,METAGENOMIC,mouse metagenome,ILLUMINA,2024-05-09T00:00:00Z,2024-05-09T21:53:00Z,1,Patient026_day8_01,SRP506877
SRR28984698,AMPLICON,599,38477239,PRJNA1109929,SAMN41307218,Metagenome or environmental,20245015,"THE INSTITUTE OF MEDICAL SCIENCE, THE UNIVERSITY OF TOKYO",2021,public,"fastq,run.zq,sra","gs,s3,ncbi","s3.us-east-1,gs.us-east1,ncbi.public",SRX24513405,Japan,Asia,Japan,Homo sapiens,Illumina MiSeq,feces 36,34.646870 N 135.5067002 E,OCUBMT008_day28,PAIRED,PCR,METAGENOMIC,human metagenome,ILLUMINA,2024-05-09T00:00:00Z,2024-05-09T21:52:00Z,1,OCUBMT008_day28,SRP506877
SRR28984699,AMPLICON,600,82452360,PRJNA1109929,SAMN41306830,Metagenome or environmental,44795075,"THE INSTITUTE OF MEDICAL SCIENCE, THE UNIVERSITY OF TOKYO",2023,public,"sra,fastq,run.zq","ncbi,s3,gs","s3.us-east-1,gs.us-east1,ncbi.public",SRX24513401,Japan,Asia,Japan,Mus musculus,Illumina MiSeq,feces 32,34.646870 N 135.5067002 E,Patient026_day15_16,PAIRED,PCR,METAGENOMIC,mouse metagenome,ILLUMINA,2024-05-09T00:00:00Z,2024-05-09T21:52:00Z,1,Patient026_day15_16,SRP506877
SRR28984700,AMPLICON,601,68548575,PRJNA1109929,SAMN41306808,Metagenome or environmental,36654380,"THE INSTITUTE OF MEDICAL SCIENCE, THE UNIVERSITY OF TOKYO",2023,public,"run.zq,fastq,sra","s3,ncbi,gs","gs.us-east1,ncbi.public,s3.us-east-1",SRX24513400,Japan,Asia,Japan,Mus musculus,Illumina MiSeq,feces 10,34.646870 N 135.5067002 E,Patient026_day0_10,PAIRED,PCR,METAGENOMIC,mouse metagenome,ILLUMINA,2024-05-09T00:00:00Z,2024-05-09T21:52:00Z,1,Patient026_day0_10,SRP506877
SRR28984701,AMPLICON,600,54412864,PRJNA1109929,SAMN41306809,Metagenome or environmental,29232070,"THE INSTITUTE OF MEDICAL SCIENCE, THE UNIVERSITY OF TOKYO",2023,public,"fastq,sra,run.zq","s3,gs,ncbi","gs.us-east1,ncbi.public,s3.us-east-1",SRX24513399,Japan,Asia,Japan,Mus musculus,Illumina MiSeq,feces 11,34.646870 N 135.5067002 E,Patient026_day0_11,PAIRED,PCR,METAGENOMIC,mouse metagenome,ILLUMINA,2024-05-09T00:00:00Z,2024-05-09T21:53:00Z,1,Patient026_day0_11,SRP506877
SRR28984702,AMPLICON,600,67414558,PRJNA1109929,SAMN41306812,Metagenome or environmental,35860838,"THE INSTITUTE OF MEDICAL SCIENCE, THE UNIVERSITY OF TOKYO",2023,public,"run.zq,fastq,sra","ncbi,s3,gs","gs.us-east1,ncbi.public,s3.us-east-1",SRX24513148,Japan,Asia,Japan,Mus musculus,Illumina MiSeq,feces 14,34.646870 N 135.5067002 E,Patient026_day0_14,PAIRED,PCR,METAGENOMIC,mouse metagenome,ILLUMINA,2024-05-09T00:00:00Z,2024-05-09T21:52:00Z,1,Patient026_day0_14,SRP506877
SRR28984703,AMPLICON,600,77860613,PRJNA1109929,SAMN41306829,Metagenome or environmental,42590979,"THE INSTITUTE OF MEDICAL SCIENCE, THE UNIVERSITY OF TOKYO",2023,public,"sra,run.zq,fastq","ncbi,gs,s3","gs.us-east1,ncbi.public,s3.us-east-1",SRX24513167,Japan,Asia,Japan,Mus musculus,Illumina MiSeq,feces 31,34.646870 N 135.5067002 E,Patient026_day15_15,PAIRED,PCR,METAGENOMIC,mouse metagenome,ILLUMINA,2024-05-09T00:00:00Z,2024-05-09T21:52:00Z,1,Patient026_day15_15,SRP506877
SRR28984704,AMPLICON,601,77081303,PRJNA1109929,SAMN41306807,Metagenome or environmental,41095623,"THE INSTITUTE OF MEDICAL SCIENCE, THE UNIVERSITY OF TOKYO",2023,public,"sra,run.zq,fastq","ncbi,gs,s3","s3.us-east-1,gs.us-east1,ncbi.public",SRX24513398,Japan,Asia,Japan,Mus musculus,Illumina MiSeq,feces 9,34.646870 N 135.5067002 E,Patient026_day0_09,PAIRED,PCR,METAGENOMIC,mouse metagenome,ILLUMINA,2024-05-09T00:00:00Z,2024-05-09T21:52:00Z,1,Patient026_day0_09,SRP506877
SRR28984705,AMPLICON,601,72069527,PRJNA1109929,SAMN41306806,Metagenome or environmental,38938829,"THE INSTITUTE OF MEDICAL SCIENCE, THE UNIVERSITY OF TOKYO",2023,public,"sra,run.zq,fastq","s3,gs,ncbi","s3.us-east-1,gs.us-east1,ncbi.public",SRX24513397,Japan,Asia,Japan,Mus musculus,Illumina MiSeq,feces 8,34.646870 N 135.5067002 E,Patient026_day0_08,PAIRED,PCR,METAGENOMIC,mouse metagenome,ILLUMINA,2024-05-09T00:00:00Z,2024-05-09T21:52:00Z,1,Patient026_day0_08,SRP506877
SRR28984706,AMPLICON,601,63953967,PRJNA1109929,SAMN41306805,Metagenome or environmental,34923445,"THE INSTITUTE OF MEDICAL SCIENCE, THE UNIVERSITY OF TOKYO",2023,public,"fastq,run.zq,sra","ncbi,gs,s3","gs.us-east1,s3.us-east-1,ncbi.public",SRX24513396,Japan,Asia,Japan,Mus musculus,Illumina MiSeq,feces 7,34.646870 N 135.5067002 E,Patient026_day0_07,PAIRED,PCR,METAGENOMIC,mouse metagenome,ILLUMINA,2024-05-09T00:00:00Z,2024-05-09T21:52:00Z,1,Patient026_day0_07,SRP506877
SRR28984707,AMPLICON,600,22377940,PRJNA1109929,SAMN41307215,Metagenome or environmental,11359318,"THE INSTITUTE OF MEDICAL SCIENCE, THE UNIVERSITY OF TOKYO",2021,public,"run.zq,sra,fastq","gs,s3,ncbi","gs.us-east1,s3.us-east-1,ncbi.public",SRX24513394,Japan,Asia,Japan,Homo sapiens,Illumina MiSeq,feces 33,34.646870 N 135.5067002 E,OCUBMT008_day0,PAIRED,PCR,METAGENOMIC,human metagenome,ILLUMINA,2024-05-09T00:00:00Z,2024-05-09T21:52:00Z,1,OCUBMT008_day0,SRP506877
SRR28984708,AMPLICON,601,79998621,PRJNA1109929,SAMN41306803,Metagenome or environmental,43043351,"THE INSTITUTE OF MEDICAL SCIENCE, THE UNIVERSITY OF TOKYO",2023,public,"fastq,run.zq,sra","ncbi,gs,s3","ncbi.public,gs.us-east1,s3.us-east-1",SRX24513393,Japan,Asia,Japan,Mus musculus,Illumina MiSeq,feces 5,34.646870 N 135.5067002 E,Patient026_day0_05,PAIRED,PCR,METAGENOMIC,mouse metagenome,ILLUMINA,2024-05-09T00:00:00Z,2024-05-09T21:52:00Z,1,Patient026_day0_05,SRP506877
SRR28984709,AMPLICON,601,69146769,PRJNA1109929,SAMN41306802,Metagenome or environmental,37446795,"THE INSTITUTE OF MEDICAL SCIENCE, THE UNIVERSITY OF TOKYO",2023,public,"fastq,sra,run.zq","gs,ncbi,s3","gs.us-east1,s3.us-east-1,ncbi.public",SRX24513392,Japan,Asia,Japan,Mus musculus,Illumina MiSeq,feces 4,34.646870 N 135.5067002 E,Patient026_day0_04,PAIRED,PCR,METAGENOMIC,mouse metagenome,ILLUMINA,2024-05-09T00:00:00Z,2024-05-09T21:52:00Z,1,Patient026_day0_04,SRP506877
SRR28984710,AMPLICON,601,68058254,PRJNA1109929,SAMN41306804,Metagenome or environmental,36245183,"THE INSTITUTE OF MEDICAL SCIENCE, THE UNIVERSITY OF TOKYO",2023,public,"sra,fastq,run.zq","gs,ncbi,s3","s3.us-east-1,ncbi.public,gs.us-east1",SRX24513395,Japan,Asia,Japan,Mus musculus,Illumina MiSeq,feces 6,34.646870 N 135.5067002 E,Patient026_day0_06,PAIRED,PCR,METAGENOMIC,mouse metagenome,ILLUMINA,2024-05-09T00:00:00Z,2024-05-09T21:52:00Z,1,Patient026_day0_06,SRP506877
SRR28984711,AMPLICON,601,65302360,PRJNA1109929,SAMN41306801,Metagenome or environmental,35620113,"THE INSTITUTE OF MEDICAL SCIENCE, THE UNIVERSITY OF TOKYO",2023,public,"sra,run.zq,fastq","gs,s3,ncbi","ncbi.public,s3.us-east-1,gs.us-east1",SRX24513391,Japan,Asia,Japan,Mus musculus,Illumina MiSeq,feces 3,34.646870 N 135.5067002 E,Patient026_day0_03,PAIRED,PCR,METAGENOMIC,mouse metagenome,ILLUMINA,2024-05-09T00:00:00Z,2024-05-09T21:52:00Z,1,Patient026_day0_03,SRP506877
SRR28984712,AMPLICON,601,76717225,PRJNA1109929,SAMN41306800,Metagenome or environmental,41577986,"THE INSTITUTE OF MEDICAL SCIENCE, THE UNIVERSITY OF TOKYO",2023,public,"fastq,run.zq,sra","s3,gs,ncbi","ncbi.public,gs.us-east1,s3.us-east-1",SRX24513390,Japan,Asia,Japan,Mus musculus,Illumina MiSeq,feces 2,34.646870 N 135.5067002 E,Patient026_day0_02,PAIRED,PCR,METAGENOMIC,mouse metagenome,ILLUMINA,2024-05-09T00:00:00Z,2024-05-09T21:52:00Z,1,Patient026_day0_02,SRP506877
SRR28984713,AMPLICON,601,83587289,PRJNA1109929,SAMN41306799,Metagenome or environmental,45206810,"THE INSTITUTE OF MEDICAL SCIENCE, THE UNIVERSITY OF TOKYO",2023,public,"fastq,sra,run.zq","gs,s3,ncbi","ncbi.public,s3.us-east-1,gs.us-east1",SRX24513389,Japan,Asia,Japan,Mus musculus,Illumina MiSeq,feces 1,34.646870 N 135.5067002 E,Patient026_day0_01,PAIRED,PCR,METAGENOMIC,mouse metagenome,ILLUMINA,2024-05-09T00:00:00Z,2024-05-09T21:52:00Z,1,Patient026_day0_01,SRP506877
SRR28984714,AMPLICON,601,71760919,PRJNA1109929,SAMN41307497,Metagenome or environmental,38185433,"THE INSTITUTE OF MEDICAL SCIENCE, THE UNIVERSITY OF TOKYO",2021,public,"sra,run.zq,fastq","s3,ncbi,gs","gs.us-east1,s3.us-east-1,ncbi.public",SRX24513388,Japan,Asia,Japan,Homo sapiens,Illumina MiSeq,feces 315,34.646870 N 135.5067002 E,OCUBMT062_pre,PAIRED,PCR,METAGENOMIC,human metagenome,ILLUMINA,2024-05-09T00:00:00Z,2024-05-09T21:52:00Z,1,OCUBMT062_pre,SRP506877
SRR28984715,AMPLICON,600,66521447,PRJNA1109929,SAMN41307174,Metagenome or environmental,37809329,"THE INSTITUTE OF MEDICAL SCIENCE, THE UNIVERSITY OF TOKYO",2023,public,"run.zq,sra,fastq","ncbi,s3,gs","gs.us-east1,s3.us-east-1,ncbi.public",SRX24513634,Japan,Asia,Japan,Mus musculus,Illumina MiSeq,feces 376,34.646870 N 135.5067002 E,Patient062_pre_08,PAIRED,PCR,METAGENOMIC,mouse metagenome,ILLUMINA,2024-05-09T00:00:00Z,2024-05-09T21:52:00Z,1,Patient062_pre_08,SRP506877
SRR28984716,AMPLICON,599,19555573,PRJNA1109929,SAMN41307252,Metagenome or environmental,10586009,"THE INSTITUTE OF MEDICAL SCIENCE, THE UNIVERSITY OF TOKYO",2021,public,"sra,fastq,run.zq","s3,gs,ncbi","ncbi.public,s3.us-east-1,gs.us-east1",SRX24513633,Japan,Asia,Japan,Homo sapiens,Illumina MiSeq,feces 70,34.646870 N 135.5067002 E,OCUBMT013_day0,PAIRED,PCR,METAGENOMIC,human metagenome,ILLUMINA,2024-05-09T00:00:00Z,2024-05-09T21:52:00Z,1,OCUBMT013_day0,SRP506877
SRR28984717,AMPLICON,600,69379989,PRJNA1109929,SAMN41307172,Metagenome or environmental,38914058,"THE INSTITUTE OF MEDICAL SCIENCE, THE UNIVERSITY OF TOKYO",2023,public,"run.zq,fastq,sra","ncbi,gs,s3","s3.us-east-1,gs.us-east1,ncbi.public",SRX24513631,Japan,Asia,Japan,Mus musculus,Illumina MiSeq,feces 374,34.646870 N 135.5067002 E,Patient062_pre_06,PAIRED,PCR,METAGENOMIC,mouse metagenome,ILLUMINA,2024-05-09T00:00:00Z,2024-05-09T21:52:00Z,1,Patient062_pre_06,SRP506877
SRR28984718,AMPLICON,600,62596247,PRJNA1109929,SAMN41307171,Metagenome or environmental,35474424,"THE INSTITUTE OF MEDICAL SCIENCE, THE UNIVERSITY OF TOKYO",2023,public,"run.zq,sra,fastq","s3,gs,ncbi","s3.us-east-1,ncbi.public,gs.us-east1",SRX24513630,Japan,Asia,Japan,Mus musculus,Illumina MiSeq,feces 373,34.646870 N 135.5067002 E,Patient062_pre_05,PAIRED,PCR,METAGENOMIC,mouse metagenome,ILLUMINA,2024-05-09T00:00:00Z,2024-05-09T21:52:00Z,1,Patient062_pre_05,SRP506877
SRR28984719,AMPLICON,600,66005776,PRJNA1109929,SAMN41307170,Metagenome or environmental,37472389,"THE INSTITUTE OF MEDICAL SCIENCE, THE UNIVERSITY OF TOKYO",2023,public,"fastq,sra,run.zq","s3,ncbi,gs","s3.us-east-1,ncbi.public,gs.us-east1",SRX24513629,Japan,Asia,Japan,Mus musculus,Illumina MiSeq,feces 372,34.646870 N 135.5067002 E,Patient062_pre_04,PAIRED,PCR,METAGENOMIC,mouse metagenome,ILLUMINA,2024-05-09T00:00:00Z,2024-05-09T21:52:00Z,1,Patient062_pre_04,SRP506877
SRR28984720,AMPLICON,600,69070280,PRJNA1109929,SAMN41307173,Metagenome or environmental,39238356,"THE INSTITUTE OF MEDICAL SCIENCE, THE UNIVERSITY OF TOKYO",2023,public,"sra,fastq,run.zq","gs,ncbi,s3","s3.us-east-1,ncbi.public,gs.us-east1",SRX24513632,Japan,Asia,Japan,Mus musculus,Illumina MiSeq,feces 375,34.646870 N 135.5067002 E,Patient062_pre_07,PAIRED,PCR,METAGENOMIC,mouse metagenome,ILLUMINA,2024-05-09T00:00:00Z,2024-05-09T21:52:00Z,1,Patient062_pre_07,SRP506877
SRR28984721,AMPLICON,600,62386888,PRJNA1109929,SAMN41307169,Metagenome or environmental,35424639,"THE INSTITUTE OF MEDICAL SCIENCE, THE UNIVERSITY OF TOKYO",2023,public,"fastq,sra,run.zq","ncbi,gs,s3","ncbi.public,gs.us-east1,s3.us-east-1",SRX24513628,Japan,Asia,Japan,Mus musculus,Illumina MiSeq,feces 371,34.646870 N 135.5067002 E,Patient062_pre_03,PAIRED,PCR,METAGENOMIC,mouse metagenome,ILLUMINA,2024-05-09T00:00:00Z,2024-05-09T21:52:00Z,1,Patient062_pre_03,SRP506877
SRR28984722,AMPLICON,600,83537176,PRJNA1109929,SAMN41307168,Metagenome or environmental,47505762,"THE INSTITUTE OF MEDICAL SCIENCE, THE UNIVERSITY OF TOKYO",2023,public,"fastq,run.zq,sra","s3,ncbi,gs","s3.us-east-1,ncbi.public,gs.us-east1",SRX24513627,Japan,Asia,Japan,Mus musculus,Illumina MiSeq,feces 370,34.646870 N 135.5067002 E,Patient062_pre_02,PAIRED,PCR,METAGENOMIC,mouse metagenome,ILLUMINA,2024-05-09T00:00:00Z,2024-05-09T21:52:00Z,1,Patient062_pre_02,SRP506877
SRR28984723,AMPLICON,600,69662280,PRJNA1109929,SAMN41307167,Metagenome or environmental,39509084,"THE INSTITUTE OF MEDICAL SCIENCE, THE UNIVERSITY OF TOKYO",2023,public,"run.zq,fastq,sra","ncbi,gs,s3","gs.us-east1,ncbi.public,s3.us-east-1",SRX24513626,Japan,Asia,Japan,Mus musculus,Illumina MiSeq,feces 369,34.646870 N 135.5067002 E,Patient062_pre_01,PAIRED,PCR,METAGENOMIC,mouse metagenome,ILLUMINA,2024-05-09T00:00:00Z,2024-05-09T21:52:00Z,1,Patient062_pre_01,SRP506877
SRR28984724,AMPLICON,601,94685677,PRJNA1109929,SAMN41307166,Metagenome or environmental,55154519,"THE INSTITUTE OF MEDICAL SCIENCE, THE UNIVERSITY OF TOKYO",2023,public,"sra,run.zq,fastq","ncbi,s3,gs","ncbi.public,s3.us-east-1,gs.us-east1",SRX24513625,Japan,Asia,Japan,Mus musculus,Illumina MiSeq,feces 368,34.646870 N 135.5067002 E,Patient062_donor,PAIRED,PCR,METAGENOMIC,mouse metagenome,ILLUMINA,2024-05-09T00:00:00Z,2024-05-09T21:52:00Z,1,Patient062_donor,SRP506877
SRR28984725,AMPLICON,601,73384613,PRJNA1109929,SAMN41307164,Metagenome or environmental,43039013,"THE INSTITUTE OF MEDICAL SCIENCE, THE UNIVERSITY OF TOKYO",2023,public,"sra,run.zq,fastq","ncbi,s3,gs","gs.us-east1,ncbi.public,s3.us-east-1",SRX24513623,Japan,Asia,Japan,Mus musculus,Illumina MiSeq,feces 366,34.646870 N 135.5067002 E,Patient062_day8_15,PAIRED,PCR,METAGENOMIC,mouse metagenome,ILLUMINA,2024-05-09T00:00:00Z,2024-05-09T21:52:00Z,1,Patient062_day8_15,SRP506877
SRR28984726,AMPLICON,602,88703496,PRJNA1109929,SAMN41307251,Metagenome or environmental,54704533,"THE INSTITUTE OF MEDICAL SCIENCE, THE UNIVERSITY OF TOKYO",2021,public,"run.zq,fastq,sra","s3,gs,ncbi","ncbi.public,gs.us-east1,s3.us-east-1",SRX24513622,Japan,Asia,Japan,Homo sapiens,Illumina MiSeq,feces 69,34.646870 N 135.5067002 E,OCUBMT012_pre,PAIRED,PCR,METAGENOMIC,human metagenome,ILLUMINA,2024-05-09T00:00:00Z,2024-05-09T21:52:00Z,1,OCUBMT012_pre,SRP506877
SRR28984727,AMPLICON,601,72763881,PRJNA1109929,SAMN41307163,Metagenome or environmental,42312616,"THE INSTITUTE OF MEDICAL SCIENCE, THE UNIVERSITY OF TOKYO",2023,public,"run.zq,sra,fastq","gs,ncbi,s3","gs.us-east1,s3.us-east-1,ncbi.public",SRX24513621,Japan,Asia,Japan,Mus musculus,Illumina MiSeq,feces 365,34.646870 N 135.5067002 E,Patient062_day8_14,PAIRED,PCR,METAGENOMIC,mouse metagenome,ILLUMINA,2024-05-09T00:00:00Z,2024-05-09T21:52:00Z,1,Patient062_day8_14,SRP506877
SRR28984728,AMPLICON,601,66365285,PRJNA1109929,SAMN41307165,Metagenome or environmental,38928987,"THE INSTITUTE OF MEDICAL SCIENCE, THE UNIVERSITY OF TOKYO",2023,public,"run.zq,fastq,sra","gs,ncbi,s3","s3.us-east-1,gs.us-east1,ncbi.public",SRX24513624,Japan,Asia,Japan,Mus musculus,Illumina MiSeq,feces 367,34.646870 N 135.5067002 E,Patient062_day8_16,PAIRED,PCR,METAGENOMIC,mouse metagenome,ILLUMINA,2024-05-09T00:00:00Z,2024-05-09T22:23:00Z,1,Patient062_day8_16,SRP506877
SRR28984729,AMPLICON,601,70488747,PRJNA1109929,SAMN41307162,Metagenome or environmental,41371897,"THE INSTITUTE OF MEDICAL SCIENCE, THE UNIVERSITY OF TOKYO",2023,public,"sra,run.zq,fastq","s3,ncbi,gs","ncbi.public,s3.us-east-1,gs.us-east1",SRX24513620,Japan,Asia,Japan,Mus musculus,Illumina MiSeq,feces 364,34.646870 N 135.5067002 E,Patient062_day8_13,PAIRED,PCR,METAGENOMIC,mouse metagenome,ILLUMINA,2024-05-09T00:00:00Z,2024-05-09T21:53:00Z,1,Patient062_day8_13,SRP506877
SRR28984730,AMPLICON,600,73499239,PRJNA1109929,SAMN41307161,Metagenome or environmental,43190087,"THE INSTITUTE OF MEDICAL SCIENCE, THE UNIVERSITY OF TOKYO",2023,public,"fastq,sra,run.zq","s3,gs,ncbi","gs.us-east1,ncbi.public,s3.us-east-1",SRX24513619,Japan,Asia,Japan,Mus musculus,Illumina MiSeq,feces 363,34.646870 N 135.5067002 E,Patient062_day8_12,PAIRED,PCR,METAGENOMIC,mouse metagenome,ILLUMINA,2024-05-09T00:00:00Z,2024-05-09T21:52:00Z,1,Patient062_day8_12,SRP506877
SRR28984731,AMPLICON,601,72826119,PRJNA1109929,SAMN41307160,Metagenome or environmental,42790839,"THE INSTITUTE OF MEDICAL SCIENCE, THE UNIVERSITY OF TOKYO",2023,public,"run.zq,fastq,sra","ncbi,gs,s3","ncbi.public,gs.us-east1,s3.us-east-1",SRX24513618,Japan,Asia,Japan,Mus musculus,Illumina MiSeq,feces 362,34.646870 N 135.5067002 E,Patient062_day8_11,PAIRED,PCR,METAGENOMIC,mouse metagenome,ILLUMINA,2024-05-09T00:00:00Z,2024-05-09T21:52:00Z,1,Patient062_day8_11,SRP506877
SRR28984732,AMPLICON,601,84829193,PRJNA1109929,SAMN41307159,Metagenome or environmental,49871860,"THE INSTITUTE OF MEDICAL SCIENCE, THE UNIVERSITY OF TOKYO",2023,public,"fastq,run.zq,sra","s3,gs,ncbi","ncbi.public,s3.us-east-1,gs.us-east1",SRX24513617,Japan,Asia,Japan,Mus musculus,Illumina MiSeq,feces 361,34.646870 N 135.5067002 E,Patient062_day8_10,PAIRED,PCR,METAGENOMIC,mouse metagenome,ILLUMINA,2024-05-09T00:00:00Z,2024-05-09T21:52:00Z,1,Patient062_day8_10,SRP506877
SRR28984733,AMPLICON,601,70496797,PRJNA1109929,SAMN41307157,Metagenome or environmental,41831990,"THE INSTITUTE OF MEDICAL SCIENCE, THE UNIVERSITY OF TOKYO",2023,public,"run.zq,sra,fastq","gs,s3,ncbi","s3.us-east-1,gs.us-east1,ncbi.public",SRX24513615,Japan,Asia,Japan,Mus musculus,Illumina MiSeq,feces 359,34.646870 N 135.5067002 E,Patient062_day8_08,PAIRED,PCR,METAGENOMIC,mouse metagenome,ILLUMINA,2024-05-09T00:00:00Z,2024-05-09T21:52:00Z,1,Patient062_day8_08,SRP506877
SRR28984734,AMPLICON,601,66926076,PRJNA1109929,SAMN41307156,Metagenome or environmental,40096572,"THE INSTITUTE OF MEDICAL SCIENCE, THE UNIVERSITY OF TOKYO",2023,public,"run.zq,fastq,sra","gs,s3,ncbi","ncbi.public,s3.us-east-1,gs.us-east1",SRX24513614,Japan,Asia,Japan,Mus musculus,Illumina MiSeq,feces 358,34.646870 N 135.5067002 E,Patient062_day8_07,PAIRED,PCR,METAGENOMIC,mouse metagenome,ILLUMINA,2024-05-09T00:00:00Z,2024-05-09T22:23:00Z,1,Patient062_day8_07,SRP506877
SRR28984735,AMPLICON,600,98211825,PRJNA1109929,SAMN41307097,Metagenome or environmental,55142795,"THE INSTITUTE OF MEDICAL SCIENCE, THE UNIVERSITY OF TOKYO",2023,public,"fastq,run.zq,sra","gs,s3,ncbi","s3.us-east-1,gs.us-east1,ncbi.public",SRX24513613,Japan,Asia,Japan,Mus musculus,Illumina MiSeq,feces 299,34.646870 N 135.5067002 E,Patient043_pre_79,PAIRED,PCR,METAGENOMIC,mouse metagenome,ILLUMINA,2024-05-09T00:00:00Z,2024-05-09T21:52:00Z,1,Patient043_pre_79,SRP506877
SRR28984736,AMPLICON,600,114230528,PRJNA1109929,SAMN41307100,Metagenome or environmental,64224998,"THE INSTITUTE OF MEDICAL SCIENCE, THE UNIVERSITY OF TOKYO",2023,public,"sra,run.zq,fastq","ncbi,gs,s3","gs.us-east1,s3.us-east-1,ncbi.public",SRX24513233,Japan,Asia,Japan,Mus musculus,Illumina MiSeq,feces 302,34.646870 N 135.5067002 E,Patient043_pre_82,PAIRED,PCR,METAGENOMIC,mouse metagenome,ILLUMINA,2024-05-09T00:00:00Z,2024-05-09T21:52:00Z,1,Patient043_pre_82,SRP506877
